,h00,h01,h02,h03,h04,h05,h06,h07,h08,h09,h10,h11,h12,h13,h14,h15,h16,h17,h18,h19,h20,h21,h22,h23
2024-08-01,84.46630927344536,83.9277278882418,79.35926187276017,75.68614165493261,75.43516016077871,70.28203880341752,64.84881636123251,59.63415809985694,83.35677317930922,82.96614754458069,71.61018358772928,69.52829854878551,67.6792705038928,71.86737045321573,79.00625570167026,87.90917510895669,86.39760369182517,90.33521447556615,90.52847486263991,91.30178733560655,91.44430265593301,91.04912074616732,89.96229485467543,85.56049493897902
2024-08-02,85.76519102170342,84.01805366010514,74.38065896168146,75.19686495309605,72.9998112134886,70.73506595575104,68.52736895568918,65.93690210802018,83.67296694088623,88.77263738411268,79.94009788344437,74.29153645385644,71.41206067034035,73.99243761577998,87.6569688219148,88.001139725326,88.64179873583657,89.53635138015846,90.21162074149181,90.6406136853789,91.14827099032065,90.36187070757097,89.61944289179593,87.99124119912717
2024-08-03,88.49600694814762,87.3477427594802,83.50244162152205,80.143416903215,77.8944468069098,74.83767102928198,73.37405792801063,62.54662811189794,85.3100957525828,86.60531349740137,71.79255279094346,71.84459995363436,61.71741923907302,65.98762894296947,76.7514918634622,79.0045698714969,79.8616191680977,82.88937763854094,89.3101207126273,90.3761689533292,90.34545052959821,90.26210846890494,90.2765216935707,86.70994620706914
2024-08-04,90.77096288188471,88.08928016011794,86.72051628153316,83.5274967437492,82.36129653881979,81.40223332552586,75.57828918015164,59.828430348026245,69.0140170442063,66.62236283880769,57.6024450545047,49.846288205097714,48.43086884804898,55.067700011549185,56.61799273270165,55.32569753290874,52.71009736200725,77.4067486599904,89.98087709094402,90.02750541384243,89.94941490385004,89.79610136506015,85.56737982968873,87.75177554332855
2024-08-05,88.94203329357717,86.49999598727811,86.01842272542254,85.93406191518832,83.7624196273759,83.12568647041039,81.03093061101548,74.31620299422707,81.71465587507693,83.85568931741174,81.22121689423582,75.50088486302705,65.11680274320472,71.20281962543746,77.17490714958107,74.07608113990756,73.70995717005962,86.67293659540515,90.72876396325798,91.06174641407898,91.003231073247,90.987425712232,90.58540150664504,88.6534821566211
2024-08-06,87.72104792873472,86.18333739599309,77.95778712770884,76.02217328930683,76.16797124788475,74.6546124979168,70.00456266619922,67.20167311861434,88.21015094245247,89.58039747212264,83.12146236020108,78.66327180901219,64.6951307051904,73.9326095945702,79.78613378893306,87.39961312099479,87.35213382557004,89.56326921134314,91.00831858327948,90.95309270810745,90.81117989534783,90.79017237121927,88.45859332677317,84.68173238434328
2024-08-07,87.10522692766465,86.78657848978104,80.72618236200141,75.87023235918572,75.34489955752434,73.71005742437318,65.59066516321,64.21739204476846,85.91523265777582,85.35967127569592,76.21620011470138,72.82521788392057,61.67434063183335,74.652281022907,85.04000027127249,90.6068441082827,88.53456060661077,90.67606119539526,90.49745835730779,90.49818595093221,90.5970293793382,90.59124634012105,89.18623116758538,87.84684396736637
2024-08-08,87.2113218500088,85.81283132817646,80.14619879960051,73.25625964025545,71.65342091321294,71.21753867173773,63.300046185786314,58.842602019863925,81.80534233969288,81.75775828962858,75.11595772213222,73.98064039221151,62.07595317922248,73.71615822771784,88.06483990628902,88.0151252881051,81.59604221858903,83.25932442601506,86.2386352999103,86.62813997178756,86.96118197692866,86.21345466549305,84.90116130261836,85.74535059206755
2024-08-09,87.39567480986936,85.83859244125532,82.16962524670168,76.22837559894982,73.7669539648224,68.74819577657523,59.64577429171542,58.95115577376165,85.98926791058449,85.69512115875844,80.80272699588456,77.86442571221697,61.44606781300654,71.86737024810091,85.81735230087398,85.76260363055634,86.57706247802606,88.6793652236818,88.37770800437977,89.78866919952762,89.68897529073196,89.93379154776385,87.7992518106283,85.92779097697242
2024-08-10,88.47315234669321,87.56609032857159,83.0836928217782,77.6584630149453,75.3408209774251,75.52769134434664,68.77204459661966,60.89794457882402,83.08518838123598,79.72533378531355,66.92829727160478,64.39513944926688,50.9473080175147,56.67621646812967,72.87022644365919,71.75174458816392,67.34911280536961,86.11328468921435,87.60547563436013,88.01098311523725,89.39122209952791,87.72782122288042,86.74705185673125,81.42202659979962
2024-08-11,81.33757345630553,79.24963848223778,78.5362745937199,76.12089188133527,73.7724141856217,77.59999885360835,69.7068743595005,58.014100946827675,62.68852901215147,53.817316729036335,49.35863494668763,42.18680210714094,32.45030044831287,42.51755900947251,66.72235632536086,69.50114780676545,69.89506664319207,78.74092778509194,83.8616437630366,85.39739973781414,86.60501856336371,86.29321373938713,78.5351876696632,75.59512345387664
2024-08-12,78.34877244442076,74.12310340978289,64.76719203550445,68.19522726447337,68.55503789476,70.21516161830142,59.38733305874358,57.36093488259773,73.77142197592504,76.46063678220152,72.96362695302332,70.35369274047389,55.471667145697076,66.55522308130622,72.39100119673324,72.2926794848434,73.42386520589835,74.62668526228767,85.91906021917781,88.60318923829873,89.16504135714173,89.0553515737039,84.89963364689696,77.11608518852182
2024-08-13,81.10568431546383,76.73853873489112,76.68135043755608,73.82295552816939,72.49186472487439,73.11538714581523,61.71883020665224,60.67909894882165,85.31286189907338,83.58277947283001,81.7052202172084,77.3035664608079,63.25177964613651,74.18010861642736,84.5898797289134,88.34867224310838,85.84372789861365,88.31289219759333,88.71391834580753,88.9737768225023,90.0548343368209,88.71190715734856,86.72735207187823,81.63751907085432
2024-08-14,83.34794945903445,80.64540160291325,76.97349194010297,75.03092225161973,74.53018630610764,71.73311533613392,66.1462135769407,64.59974036055215,87.26067838352932,86.40633750677262,79.38929485647054,79.52005254000977,62.48359682150175,70.78311060974647,85.80474123697466,86.15621073537234,84.58555176396901,88.47579459027354,89.4190004115954,89.36475660892269,89.42929223289995,89.48940526293005,87.01227857874979,86.69657356899869
2024-08-15,86.11573759188295,84.48013274087774,78.66550233282301,74.89418504299543,69.60757220280132,68.78894640095805,61.63616851350464,61.17184109306287,85.81933559171927,86.16756413650886,82.44754617765574,82.72909062835075,60.72240627947615,67.21897190776643,83.28549991637054,84.52042370204379,85.5961762921167,85.90546476538397,89.44279146957142,89.6265077457372,89.17810143942997,89.57483249385113,87.16092644542196,83.43134260845399
2024-08-16,84.84644140096549,81.8549422159642,72.65717541052197,69.98749845527222,69.29131844793807,69.27019227630774,61.83655685720709,58.34396981529477,84.56414704428363,83.44578675435723,74.41484501363728,69.56882476130791,52.34450545874933,56.379230275935164,76.32270943250931,82.5920762335568,84.24023881328839,86.55037112460178,86.76220854551798,89.77626550780231,89.7480578347459,87.30552503425984,86.29708643210738,81.4886773329856
2024-08-17,83.63198595113886,79.15608767678405,71.59933761343974,71.48520575745492,70.3749357460749,70.88104905744575,64.44255780904871,56.74329801829566,74.7399421738468,64.95437228248564,60.09800325189485,53.57408989104662,38.14425906681556,43.45614417053392,58.113717429541616,63.476071353367765,65.72527597141448,77.27848819644268,86.38099433322066,89.84324818055782,89.70403258464555,86.98559921832498,82.96796823515676,71.88824895602586
2024-08-18,79.90964983506902,71.41327790644672,66.25784006643919,70.08664335913998,69.33215812404607,71.93282999987271,63.55369128894185,44.021251566488395,68.45616233103928,49.72296374470675,51.1742074618589,45.74788608963095,37.47088828947583,44.58025936341397,56.2619695751634,57.138095135184386,55.36986262917541,76.39219042119761,86.61315389833904,89.94087382873157,90.09940040184698,90.02167848073933,86.98613599867495,78.79492645400946
2024-08-19,82.56214898711436,77.57853145707347,74.14291351143078,75.9849772002414,74.58263053470718,73.06094361079114,77.0195134401915,73.42746417417695,82.23760294655332,83.59135868716588,77.96905117330247,78.34376895411432,67.71607449925216,73.16754991289947,80.62186162470775,82.97908925907979,81.9031005909193,82.9038400931311,90.0318237856999,89.92535173741722,89.92049336436156,89.7434497967964,89.80848005479335,86.43274515880765
2024-08-20,87.94709920432084,83.69903656113262,81.32765020513854,73.4420479309913,76.29240014107768,74.21721237926084,67.93978727831158,66.58084000468062,84.36444889992988,87.15272709176851,85.39494479380224,85.48869332499123,70.30193103898858,79.72676736851746,87.36882672556759,88.48698526920505,87.30301520424027,89.32622151868709,89.13144397198288,89.23547935475612,89.19453052939993,88.74162821747517,89.04089471212419,87.75036220801061
2024-08-21,89.78889383216011,87.61728766204779,84.37791685810058,80.66612462371923,80.44674653412058,79.32338697166323,65.94166641319441,65.4406897188871,85.10845029050118,87.10685622478579,83.81210660291245,79.87521110700813,66.3125000074708,77.87986397174701,85.95676088070906,86.67913192515964,88.81473472970988,89.41376736108565,89.20689322332626,89.19284134485166,89.23488016687492,89.19515158928432,89.34791161341589,87.65960781199576
2024-08-22,87.28845367838106,87.23700115607895,83.50287239433811,79.15187123434848,77.99240793798957,77.69260891864184,67.15597364579243,63.89328434076942,86.56176284980499,87.40647285117223,81.04928717012724,75.22254031648173,72.0169499458076,73.38219759431625,86.0370285058727,86.38027376529692,85.33369601734368,87.5442992622863,88.32060540634394,89.06065356105412,89.15693102504918,88.55488625273631,88.21752609174975,86.17357225626384
2024-08-23,86.27677188213798,84.16572629569588,77.3458796698133,72.66987160841018,70.13257941642482,70.25076685853587,61.391472481073066,59.55898172828286,81.83726452538328,84.39494558643817,71.90594325126126,72.10380047220436,54.08121737730958,60.82391349148325,71.88242353738524,74.04916698901359,76.82593765782941,83.44558186701803,87.25400959538108,87.46479486374287,87.74998132223124,87.45022339810642,84.81728148375613,80.04396533136382
2024-08-24,86.16026277997159,78.62930196357254,74.74572176571186,68.3153220337132,69.84790358023429,69.64914746369064,71.48359275037,60.79609875778107,76.65696838225536,77.56708802989209,72.19785477968958,69.85199865037475,54.2314171741847,60.09783670956646,67.24921667418596,69.70196445248405,73.58690626003158,81.93599423461345,86.42257445203494,86.94377395797135,87.03198177828752,84.8699809208667,84.03531636349926,73.92599220985126
2024-08-25,80.50207330762633,78.01041476485477,73.76966638792439,71.31303103946354,71.96981959573955,70.03491110711046,65.41240674856938,53.693262992605426,65.56780430503505,63.322550902300016,57.773712903659714,51.64520711161657,44.31363421674166,55.408742105662746,62.514818650318105,65.31397452862066,62.68724687395056,70.60119297573432,83.99417505810571,86.99695789517978,87.0422784809532,86.77836795110251,77.37222898375413,76.47043361989518
2024-08-26,82.88984371660794,73.9912444478327,72.79586588543135,68.44647689787274,69.8988368932698,70.32260843864348,64.81375291300687,63.547092303147295,78.66576303179477,80.05860093796421,78.35549930806624,74.45735515727694,65.66498235941359,72.77746983716587,81.67265398863553,83.60150511795709,83.34201600139896,86.74483589669218,86.71145989486926,89.0376360487189,89.06933863148068,88.2251375890855,83.82833096813887,82.17844857780916
2024-08-27,87.08458771506209,79.41824134816235,78.07747885251929,75.0765481752217,74.6161997364219,75.17133301774935,63.51115818229317,63.10956226702692,79.62752638293881,82.0919912044939,81.39001109673754,80.14173631790895,66.23791875322016,76.99829852950468,86.20082390885058,87.55208892303366,87.28648435668607,86.60384418490065,88.01652815770358,87.92888019833846,87.90042011248588,86.39151054865701,86.02239528423033,80.18491663656776
2024-08-28,85.7928032182685,85.41857668806122,78.64827782952332,72.92003044359834,71.61610241699397,72.3079313448335,65.24632052000256,62.94973929906245,82.66840842807443,83.14586655104101,79.35492800121843,76.4034190680671,73.41562110247334,76.58214215094122,82.73213538578933,85.37530377789739,85.40934147340042,87.00935641904766,86.72685040810583,87.42033093410076,87.44256173723169,87.20442748531947,86.73172023485274,82.94848633445118
2024-08-29,85.82326679601621,81.84396412627055,73.87169344674365,69.53176100833845,68.71871819537881,66.94834690361898,60.982644560819836,59.680219565018916,76.07933954092198,82.86375753305515,79.02128494860636,77.21305538466814,62.977076385119645,76.13591606131938,84.28680693834941,85.7881255833295,87.27396716127711,87.8627561739345,88.05429047867158,88.42011419325168,88.27083487490759,88.18762586380642,87.5664507043617,82.28230084211978
2024-08-30,83.77614012409207,81.62750766987001,75.78816100048346,65.02008334249568,62.19672169573308,65.3509374125452,56.40833448331961,55.685048886517436,77.45331444949237,71.79621156409843,65.14315557611593,62.3724335673779,54.01221172844627,65.01637324151856,76.54411660600927,79.49425739035091,79.3441539858131,84.52310918339425,86.72501742036519,87.76828537884509,87.55593220557708,86.66678086873885,84.07381855516438,78.02685317364276
2024-08-31,86.96037794001823,79.44734633679072,75.67276578826876,70.63884090026616,71.86214406690901,71.83792859245116,69.86274281618543,61.88345188542909,80.69693874052267,78.7134400970968,69.41912281869489,66.39936388354604,53.07329616266172,60.8602733238403,68.95071494824991,77.24308251491908,71.21243318533513,81.83353598007719,87.78705878708499,88.23311362510525,88.01730118539855,88.06325754751339,85.77048851018564,80.94933556444805
2024-09-01,78.53609669484771,75.35802758930119,72.68750032018747,69.32857980054827,70.23217839813262,69.880296601624,68.58722515031741,65.0751863535333,61.085722388750874,55.495217008523376,47.975534855243374,40.385026557170995,40.180697857477334,54.821210634230205,64.73588939733959,71.13232069726402,74.03254173824142,83.48067600343518,88.27283500046327,88.30402978679905,87.93323414681933,85.59677267298406,79.34691537663944,75.65640090074305
2024-09-02,80.37915448977162,75.52803996900708,73.6493089470512,71.88401815574372,68.79187125880034,73.15589620285667,75.73300345599914,65.56995930131441,74.19375481936639,76.96617120928835,74.35323861679318,74.79576491848294,67.07871054232912,76.42394076593524,82.2706070289842,83.68752373731425,83.80242436618433,86.78580635725093,88.91666355780792,89.14817390534111,89.16398654074683,88.2284716613849,87.52665986204916,83.48098036604524
2024-09-03,83.82006750722142,80.66085844124933,76.52083167047375,73.41130165239356,72.6180797174505,71.35748230575375,68.97458718995509,71.2060071509633,85.64012032087925,80.89326673261287,80.12586197591939,79.61334736105256,64.6330009158471,79.42115345948484,84.33173580935696,85.78943522275286,86.0072947063805,88.21235620341845,88.60458297762511,88.73463596633462,88.49920714904351,88.2105303939451,85.10488699431544,81.44311019002267
2024-09-04,86.43851642160769,82.87369654611848,78.25297557141297,70.5491422214791,69.57468540593084,71.66978821913922,66.31296544599431,62.81877376848469,76.69664939871863,78.99089835372456,78.68602706983881,74.45966969996712,58.74213227309779,71.98778837164194,81.1959727798818,85.22342859008543,86.09258545662422,87.08416225159459,87.1380386172705,87.57208498153463,87.37761083990077,85.61102455188679,79.40562340665223,77.92530788597823
2024-09-05,81.94262950556673,73.37590554592838,70.85869986025077,69.65702999706288,70.4602581760249,69.95086114303055,66.06485106085258,59.459576667027456,73.12694083010177,74.63912056681538,70.60861218217644,67.57745122676295,57.60234679820049,69.87037062437746,75.33328893319045,77.64699600112192,77.52527655164326,84.24224421282912,85.10271739016859,86.11186606227737,87.17879914107655,84.45122602166167,75.70195475430384,74.8254999922946
2024-09-06,77.0549479541376,73.11714827598655,71.73607670414079,69.88771390897104,70.37670060981044,70.03438147917068,68.63592447203058,62.030461513976924,76.19431005848953,77.19829384633744,71.6377824259235,71.02752108476778,59.08237080314295,68.74608631679702,76.78978065493044,80.12300793491104,76.7303937034698,85.8565661208095,87.21827009925374,87.49473308995773,87.43091579334711,85.59112757670529,76.65381587214512,72.9065501023548
2024-09-07,76.59756728378919,74.72724752001285,72.91322155277457,68.50307444139408,68.18129988829067,71.28805399459877,68.1083424071115,61.13616313984778,80.45329443651794,72.65392881849134,71.86078863681361,70.6274918523116,51.921583720278306,66.33958435845398,76.50667853176206,79.84751800950029,80.32094712516408,85.24915851424034,86.78365387655302,87.27233670656311,87.07111816950159,84.97668045250067,77.31426927845075,74.37337553913973
2024-09-08,81.79072646082334,74.27389538108194,72.4559476296697,69.86819935754559,70.73525213249553,71.78623863291952,68.53598974695903,57.91241319559016,53.54969786483453,53.560058387304636,41.832691933188194,37.431971127464884,31.109973151498373,41.80639171155966,62.00861349502493,59.41154414582845,70.40844707607515,78.39492937193896,86.93290370720115,86.94776230726458,87.54525099527258,85.87921190955616,80.0419602445709,76.83645098552138
2024-09-09,73.42257954306552,71.23381771721417,66.39625394741228,67.5592070742084,65.88622746511285,66.09820338776139,59.83404366660055,59.179723491881475,72.90976919544923,70.60023711245839,67.70644661870962,66.83691760200968,55.93065789203303,67.09347268912529,75.80530173403677,75.81578566260698,75.6374441312536,77.13047017521498,76.76834725803887,76.853815161343,83.73219007580346,80.3668160212496,78.76533844156353,79.65172684945857
2024-09-10,82.27624670136653,81.09240366543062,76.12097826237911,70.04214491439892,69.492422641629,74.27933711461348,67.30029666517721,64.46097543178905,84.22758270885625,78.28517679318759,76.67186570215314,72.26898685626534,58.84374033958591,71.57401584955039,84.35249164433532,83.6738487105962,83.17776851481301,86.1569722141301,86.26876928594224,86.40097621109082,86.12959711470675,85.85979075578008,81.0283911555199,77.53969179411843
2024-09-11,79.92841055888012,77.42497658064414,72.8780987719516,66.89084280884501,66.79719497579211,68.23609580243762,67.36935203574896,59.83623982814705,74.86534448642482,73.98296841555927,72.7043775786621,70.7334033100702,56.499023911008,63.22563234227271,77.17399951828776,74.51517171935079,77.79417170697167,86.4067226759432,86.70721336692428,87.50653862672193,87.31897471109595,86.4128366590829,80.61183104420152,75.46289619115132
2024-09-12,78.59514581622592,75.59149260372487,67.9157095711654,66.28053180080664,66.1912954022056,70.04030405270319,66.58553362177737,62.96345582558737,78.9663404497075,78.85953567525998,72.45977169476615,70.4196927226439,58.68069290093935,65.84343630974212,80.96185813856675,82.29160906337107,82.21015339277311,86.97800946577773,87.46441474060043,87.41118687880359,87.26111245231344,86.84398638055126,82.82495876271118,79.07370101849448
2024-09-13,79.02971948413312,74.7593424402929,71.25945603618807,66.20718719771187,66.50800802867543,69.43872281824821,67.84173706437608,66.56463613963763,78.26836968102214,77.71807946363377,71.11768251630674,68.97283606809955,55.25977005894946,64.99155169962249,76.4219313460942,77.8642284674704,78.425085043717,85.336298304276,87.09169697710554,87.8662379073028,88.364837925248,86.94869826471837,76.88068492126736,76.12912733000114
2024-09-14,81.30717148674229,75.450911908844,69.99426168172104,68.9594653827059,69.50121972004474,69.69051045080299,66.6014207455659,64.00353177630537,72.67610601826563,72.2940361515582,64.43433488438608,57.68373815521251,40.096819295252416,53.006715402402705,64.69182932284653,67.21928272826686,70.83892136343373,83.76659518216019,88.19443783665258,88.3323232815746,88.36833209082401,88.55820570924756,76.45185439734327,74.75222804914304
2024-09-15,79.58596949714455,76.78448174872435,74.63478910515387,73.69088131052742,72.96209976854355,73.51513462528568,70.15661285706773,62.05765953420656,48.19840206476205,35.78575028497145,32.23781430890869,32.816316790891584,29.078574698539327,31.61211677134286,47.06387664555663,46.14049163928239,53.84857270583287,77.94991409524613,78.66564136684119,81.8311803669721,86.91802855770538,81.2018887522968,78.45094760340942,77.28210480086825
2024-09-16,83.25793691597151,78.23305644065444,69.32716670466162,69.03892603649248,68.04124674030227,72.76282333512653,73.00409194132233,67.22956648880819,79.51240509227023,75.00066571492026,70.67831752916828,68.54624513472477,60.70616888243956,72.8930228507497,83.37964304271769,84.42769824678227,85.1374596554112,82.9398507982414,87.00291086489078,88.34274430172975,88.50967623747285,88.13114515968262,81.71750682808357,78.36031814616327
2024-09-17,79.63860227555207,74.88453832803624,66.56831597064175,64.93773987997857,66.80462062089103,73.29421699800992,68.25724098832478,66.31430447247303,83.99331389651803,76.53884766978781,69.64225394151013,69.20837260151443,58.1999976052289,61.667197552238264,75.19215985733946,75.08183500081293,76.72013508456118,86.77738984976618,87.25308030474098,88.33524139649498,88.34283555636983,85.40859347791981,77.18083721221043,74.60814506043178
2024-09-18,76.35846230895876,72.16975352806907,71.9625769101935,67.08753643038142,65.50264766229739,66.82340100022724,66.8176594636062,67.00404731799908,81.3722588086702,76.21850961999942,63.78394651449331,64.22061166956553,55.16731992585924,60.212537884594845,71.84189407924096,72.79780954414592,77.64286835068124,87.14799097345724,86.1702588386855,88.34562722888572,88.19765047133289,77.49890132134409,74.65821701363524,72.54879770258333
2024-09-19,75.79060602844513,67.86389303889106,64.85648694958888,64.0553609134287,65.92190075973477,69.3470326206387,69.82037030222513,60.03400695369522,74.00747113068297,70.5659520945332,61.327013526703595,60.948350263921135,51.29610885599022,58.85066157957533,73.39624311007324,73.68685663793485,73.1133802196234,83.58320278779959,75.07160157894123,82.40669548363108,82.54810027327485,72.07703064759588,71.29435369387679,70.65536287477903
2024-09-20,73.97484743763772,72.05398605335463,70.33551734862287,68.24995145453734,67.43095304340999,69.38362976304921,66.67928579832231,62.28600318128722,78.39726574911876,75.23399772634811,68.78735404735524,69.60403123620094,51.45546317470295,58.7126630955469,73.59391223799128,71.81893856631118,71.8354521323223,71.93671718116808,72.84603940957165,73.288244470543,73.05591077579584,72.76922649166083,73.68061765512091,68.44450829875403
2024-09-21,74.43826000145502,71.99208345426139,69.72813160442045,68.8976240511525,66.92583004264482,69.4529634240174,66.79851147858102,59.96499955553652,69.38479105294043,61.16719794062593,46.550082491634726,52.42741403282917,42.144007176760674,47.156630582521856,60.370426345289864,63.075144710663196,66.26954082671035,75.27096453050747,77.22970931595823,80.24556002753833,80.16021505053324,74.18444068592606,71.2621008302461,70.10554986593647
2024-09-22,70.62817674035549,70.49774369908862,65.0626645467122,60.521504968310595,59.017763397971635,66.13142393307018,66.67399460633051,51.344888055827695,48.69048066717794,31.419398091748995,22.286741749604165,29.161753463176687,23.43645012944292,29.40021689493217,44.74362581005503,49.62677316940286,59.344789244451825,65.81028911375276,77.10079203392888,79.61358741253896,77.38683801352015,73.33828015395093,69.30267470787078,67.65885273353933
2024-09-23,71.91353117450036,66.1918209664892,63.693553396626996,57.927211284813104,59.819660276763194,60.600236820802174,64.48353457557556,63.31715186824518,78.40525581825644,75.80456630790032,64.41733202269299,65.04223729985432,53.273751005059815,64.58881895082959,72.12456995366595,73.85041900682849,72.81243589404781,82.0797362779999,81.8376379487845,82.885154458122,83.10013015798489,77.44100903677038,73.49150031811988,71.23692344678433
2024-09-24,74.15312367537047,69.31328538894572,69.46273346018975,65.03312443419141,64.71195727577317,68.11028499928378,68.35976184106299,66.66049460815476,84.62265138609403,78.50668419412477,71.08896575551411,68.01052984285799,55.72599339570384,60.834409976737305,73.28522423475836,76.23214936256383,75.77191527229552,84.06068805226462,84.02948222704826,86.98546733928427,85.70445337705006,76.67689841415171,73.4776904104883,66.61710077433843
2024-09-25,79.55851859911328,71.18546002421763,68.93945789466198,60.80894161204734,65.36383842155534,71.73406291186357,73.12234735948256,67.10886759380001,79.98954000473152,79.10637583259559,63.89108272703124,54.79195161119584,49.245306496729846,58.32893079844981,73.27943827345587,77.3439402776958,80.08390729449359,88.22261520071031,85.37324790076906,88.11322396495918,87.77507510289392,82.43740502971028,68.61345252801677,62.109617624896444
2024-09-26,82.50817076347991,76.14520939792035,69.22574460082713,68.03462013746692,65.79349887121805,66.7407637264802,75.4875442700531,75.69451624645507,85.86569980372977,78.91927933427513,61.997200721723146,68.91831311488097,52.04661381844897,64.32086848374557,72.79771977181815,73.70815034006297,73.39916262285871,84.16904033008322,84.82288529039036,84.44128462641778,84.24296132985262,83.6296425585325,74.03066853886466,72.44030529488583
2024-09-27,75.66719072468074,74.56438054806479,68.39968914139097,66.82132433315041,67.2578384226513,69.90897336174939,71.23834564629753,67.4970043005965,81.7238334406573,74.09970686897744,62.613761088113435,59.54300633990362,47.2500146175385,55.19929058244002,73.83468796479318,72.96544560773128,74.28839293129876,84.49863617419724,88.33421422297725,88.00595889428347,85.5327406819624,76.17530302982739,70.56248157149267,67.20572901628586
2024-09-28,76.99148429943988,73.55250770271768,73.078265187277,67.95059407551159,66.86477438496199,71.66577329542032,71.54729624244457,65.84152142820922,69.80568523178783,61.05952575234063,59.64783268938186,60.57187641461518,38.88051357936725,44.75937826539699,73.75559562462378,68.99530465708486,74.2115654811302,86.48174763180363,87.35273253594937,88.09182196572583,86.39070650130404,81.74300834127808,75.0879683192156,73.68646321053549
2024-09-29,75.51367220193606,75.5224643006766,74.37154987149034,73.86335208601366,71.38380183649939,71.98472337944412,73.55278773187692,72.40254819264649,52.578051996151075,50.424432167238834,36.92276771228985,36.43119437590074,33.606544831812315,37.94448629136858,52.686235442899495,51.3303257346865,68.09843851035846,84.32932215038706,87.5895793552973,84.97239361856899,87.08270414986242,85.11109662706542,79.57065168789939,73.37893174605625
2024-09-30,79.2123556052004,73.61879795517105,71.63040709451657,64.77810312107283,58.93969150051275,68.20088704598355,70.5104224141461,69.15279264791492,73.25011732290464,70.35726625220579,60.44076808914043,58.528237292501494,24.563628184445253,37.9574649145932,46.79390225046549,49.23823808315999,55.072570677814475,71.09003744569993,75.28438748713002,85.94229748283816,86.26010410992043,86.91420227848458,71.442221783416,72.10195883958146
2024-10-01,73.44045404524338,72.67641271970831,64.375523810333,56.18258665944306,58.88946211103324,63.00909412351518,70.44727362682632,61.97971741388618,81.35591833306636,74.24417362174843,60.31437269306097,54.76077132131924,42.927875240278865,53.791299311270095,72.71644416200881,70.90687643075414,72.02612916451535,79.49610473134004,79.27141530137912,78.7203401877836,79.49895146139542,74.75229638242195,65.45445513429554,64.13525066094047
2024-10-02,75.44964114813773,70.6951283244009,67.24812096798738,66.39424463012145,63.30431787704492,67.04772116421779,73.46036261329822,72.18350759398385,85.73349173237071,64.9270450167925,53.374262511019225,54.845577589528894,38.36723549928484,58.653406087323916,72.06859232569082,72.81396761692308,72.6620111334702,82.52428891136718,86.5819466974105,86.13315986524348,85.94895037284147,81.01666422313046,72.86890250209329,70.8463590119871
2024-10-03,76.31775966875558,75.62915499053462,69.60310827088374,64.66064067194446,63.912196670972925,65.70127018921706,70.25967761054082,73.52376529503216,83.46282378240721,73.95419885070396,64.0920510761918,61.03635710130042,44.17968685527704,55.64825370511088,74.50559774130068,74.44489606194276,75.61777007189222,85.04288456258608,87.92227840232508,86.95125753707907,86.96173942385356,82.94097271461109,76.7527495936735,73.10605735633355
2024-10-04,77.85460076398195,75.55455397870256,71.52012603138309,68.90808999198708,68.52858328059327,71.74754689310281,73.1967436993961,72.05591657398809,82.02906091174277,75.0934324631989,72.14489537676815,71.27490314143253,42.38081205357374,57.878039971998156,71.89681746467207,70.87891082640036,76.77269584044132,88.47388741034123,88.0957915590686,87.85313997471704,87.79837358698306,87.55010968152547,81.1154281626652,75.81880233278386
2024-10-05,78.41615502642244,75.42878503427973,71.19921335908951,70.83485852893912,68.88434871143951,71.69114789614949,76.26451247142332,72.8939644272463,75.9346050794063,57.00148764766475,44.795300932942204,42.77508993459828,31.732287730236706,43.028629436295994,64.6206182229385,68.86107628150702,74.68667315204443,86.93534217157264,88.4052439049448,86.47641408788813,87.21128693342732,85.43669791273616,83.33997966393247,75.31346022041804
2024-10-06,76.87091107780327,75.92091564442121,71.32017989909012,68.07447609501024,64.89150460969323,69.27630749839838,78.00631817546116,69.93764588777844,46.71625968429421,32.08150832669092,31.77289980842663,27.505975704441425,16.87263610597278,24.996456028027502,25.272553796880583,30.083923890156182,57.36471257177622,82.87910824108485,86.38845200197109,86.43494808489888,86.17934446100784,84.4852637934676,76.64269201824503,73.20933572800942
2024-10-07,75.29944329413524,73.3130352071185,68.5039265778591,67.19223148713472,61.31296078729747,65.04049812991092,71.17713075923406,61.33556771001014,77.2511204016348,73.35045641410217,67.98996178490317,61.298021888132176,48.22833044061136,59.900702409197095,68.86130514711594,70.51312527265661,69.21336824376988,86.81069207106664,87.63336221280403,87.59998504641506,87.01590042316204,80.32135805817069,67.64065126001792,67.5216129233194
2024-10-08,76.32179055055994,72.57478345482623,66.82734667073294,61.60998556793521,58.82477571248015,71.49561719630744,76.14177377861765,72.99779695476181,85.57725093047671,74.5448269146233,62.14561910040492,66.53420253623096,42.751081501553664,64.99265192173765,69.00257630420022,72.27878236048458,76.82174205886149,86.0508478070241,86.83152000213784,86.7535343707685,86.53084425979337,82.97209259137118,79.59893318393826,78.37443656252066
2024-10-09,81.02808361021894,76.0285250278491,72.54238739376663,71.0869235939883,68.71918177530063,70.61477269505319,74.63149925521479,74.1757731821654,82.7805411478137,70.76042931880946,65.50439505187892,61.03052053064874,44.188613744832985,59.13777534465887,70.28025712789635,77.64608732154358,82.8335308088758,88.23269613412741,87.94195014097757,88.0876316479177,88.20450003114148,86.89589930978397,83.80209622869545,76.71150778855541
2024-10-10,75.20796137073046,74.12197550917023,70.57411789536852,66.63085323495386,66.78676321735294,70.83161108871914,74.39420616527511,73.62290502351368,86.04184548354029,76.18002766588364,71.51696391654536,68.95556747117672,42.25561987978804,56.952838627813065,60.459755508402786,67.65435716769962,75.47020554423374,87.22858480225405,87.81037198324334,87.56893560651363,87.67128947101006,85.59349918656844,75.6444349235614,72.80233147183817
2024-10-11,75.1309814265357,72.25479411384745,64.62710035830685,63.11195075490125,64.41906849818707,68.62734790400101,74.09912204220821,73.01518401695283,83.58402788680138,71.97136918286071,65.19659907812503,63.69707313282342,38.105500035006905,49.980974385789956,71.9364109872673,75.09973684094028,81.30763568569257,87.42456169987801,87.580703621906,87.41820136569864,87.37240606947958,85.4373085606471,78.87763384618572,73.58041243519939
2024-10-12,75.53501498968959,74.58311655517562,72.49571897547214,70.2515762355739,71.96811008635315,73.69476567419454,75.8198537453886,71.38777757546345,70.8761613906895,58.73500273223968,52.87090566685463,56.81231750117445,25.595815564570437,46.74439731100911,66.2309527903439,63.62942035056517,73.83474898405365,86.08064323770279,87.68931776144817,86.32907788789977,85.6393477897424,85.43011188951019,82.7423233079084,73.48350041373322
2024-10-13,79.97247906514627,76.59817848324782,71.35356106343113,66.58894417808592,62.65525123411631,68.25154229430726,80.69322774000638,65.04517980585284,61.58652334946801,40.540428317039435,30.577863666739663,16.06688420847169,11.525177048816897,19.04722670058992,35.00810975947957,42.00228931313622,66.66690325607611,81.46483307957571,83.24036954556874,83.76678418697155,82.55854747182626,76.87390487619129,70.62922055081894,67.46843004917038
2024-10-14,75.72050644835663,72.84078781439747,71.92579511507735,65.71749448243024,68.68567115562267,72.09665603128173,82.89212857482964,71.91878777442935,79.46522387054382,73.67153972335674,64.35356335087236,67.99239991395747,48.42827886141079,67.88395564455547,77.67455554555596,80.54254244317111,85.98005231681803,89.55796921440614,89.31597041096231,89.09451280019911,88.55635450341522,86.86116987887088,85.25571304144432,80.00156282744213
2024-10-15,76.32810388745331,75.3460935661602,71.78690105109203,64.7433364683789,64.84365678103372,65.7396627367727,70.90681241497812,73.14138561315235,84.9750401514436,78.00944512771231,76.16047948131846,72.39141458797715,37.79116006625365,60.253203891349784,73.91587523504182,75.61719516976108,85.42878373180457,88.05985653103514,88.1441755665432,87.99491784812399,86.68080556788853,78.19719277253607,77.19581548369229,75.35188669077976
2024-10-16,74.94169217016278,71.81774958857638,62.530280842031196,58.80968032907152,58.00532001220551,63.09588753850017,70.9407233164644,69.29253101092765,77.61600061124133,74.03676571674467,68.82892455861551,67.98771044979527,38.447017432511956,55.30222973563809,65.4614177811707,66.9782958895573,75.47360483650957,83.39258139107825,83.83400796399461,82.68741013977854,77.02105805673774,81.75064991187011,66.22939566974628,62.03005971214243
2024-10-17,69.99534220855196,65.67354640342168,61.60462515529986,54.64591377277443,51.40447821392126,55.702269875392176,64.36199987712985,60.815057538986785,79.00178217153014,59.044693511390555,54.62346440316943,55.9574050818288,31.216415865298195,48.52581785530195,60.81247706500973,64.94519817384432,74.225496240761,83.87125828003049,85.5098852265232,78.5115874949023,79.3700367472762,75.7028529413841,70.71399621780157,63.07993107660044
2024-10-18,61.152646596333696,58.548402846442094,50.9446465741758,47.78444284866834,49.76812751338012,47.79709453870469,60.94368418597228,62.35290488792782,84.06045254296444,70.00881864100852,56.892351350496234,51.476881017008665,28.070802807280646,34.3238393480169,52.95821172858218,58.352008347149656,71.85983843154303,81.8053999130308,86.42985104553733,81.71542176347536,78.6711827055085,71.44672143388688,64.29916289831077,63.90390611085136
2024-10-19,73.0777589800838,67.68623788085593,64.69087976041254,57.907347309304434,63.21684369459268,65.50318743554715,69.90954590268011,65.51503526110217,83.4529624500228,71.2473248637606,59.75427543616261,48.706332532209885,25.775810210580534,37.998736757296584,49.99506977360299,54.798418697714006,73.27428416888937,85.37152021217916,86.27005822019682,84.02073004557434,81.79279188670002,72.90452599057548,68.62643657985814,62.94060164020496
2024-10-20,72.20160250580979,69.38960929547201,64.49538882838569,53.94619457135017,62.657044891798705,62.91064349668973,67.28662971303373,52.16990102254169,52.50329805987595,25.933300606852956,23.30567001203925,15.027720561141088,12.535632637489948,17.38461504944758,22.140689794656698,33.96500430166946,70.10502639846884,76.90984429111667,80.97335914856471,78.33184340734657,75.06953446770794,72.64730049516558,65.83406174963727,57.455563924780286
2024-10-21,63.96990580322967,61.420922530153916,52.682286782001285,48.49707433644678,48.93820139154952,55.10289018606594,65.45344781227182,69.57675173341828,69.85376473003909,70.61371243443867,67.23768936137503,60.78482437875113,43.28685054911234,50.09057531075579,56.42564381731351,59.366051432334835,79.12839609597461,83.26688093182598,84.50599119101264,83.55829881599932,82.10267565317794,76.20215462831756,69.30485115629378,59.58238398187353
2024-10-22,60.680885875580984,53.853285024749155,48.06543404487629,47.37109781613462,46.04783323936054,50.70062645856036,52.838643513738425,51.40311172810791,72.46536599003035,53.42640002106603,47.023501147475024,49.48554452195205,28.536827058241702,41.33120188561128,51.2939348359171,61.7502835363898,77.72185307863924,85.9578931947315,85.14930382556747,81.97978721824164,75.95259634022791,73.60009207232794,68.32582012919517,64.57546499546228
2024-10-23,71.50949956300519,70.0378720340693,65.3032431166556,59.30010682580662,55.45632714161524,58.22440035601147,69.33681829611267,71.6204295774368,84.87381865649293,81.86087594155522,67.82877468538382,65.73647294116068,43.46117145077556,53.701375723556396,61.58238417208629,63.30698634620174,76.40615214606582,86.26967524363066,87.01300612863984,84.09214145580853,81.46177867353512,73.88123959946829,68.56451169469734,66.45766335643478
2024-10-24,67.93766819064851,68.06508877223298,60.19090695532668,55.927079364350305,56.1050313931661,64.62293786894104,67.91052720386563,63.89885016028332,82.2026091342381,68.99130250970717,55.62070775920489,60.856421091988025,36.598646487246086,47.37818439126566,53.185200486485556,60.53647259204315,68.56659140167756,86.13546859617628,87.02229479602907,85.56312212455482,81.49386217892898,79.46419499992287,68.00544601740197,64.78437387197334
2024-10-25,74.52279027963385,70.12447788053869,59.93255694005811,54.02628171281192,59.029020545216525,59.64303377793599,69.59431415596714,69.21514648898929,85.93880709246729,72.12664543313497,62.9822655115982,51.06300409806416,27.72593184863397,43.59123647141312,57.18063202479453,66.910874405533,70.94629980691653,82.8372385414206,84.49978335970621,83.62771706662791,81.67277251213252,79.61351755189811,72.73723367889619,67.68817441524743
2024-10-26,72.75406383410059,67.23748292438707,61.64155371035582,49.61239261381386,54.188658794714954,63.86237524278963,72.04487656904648,71.98474801387269,71.19869299990545,56.08794701652644,46.320977929097296,43.6339548936748,34.58880947338251,43.073974199119384,54.052703969739426,68.12714074793116,69.47222681364444,82.67975166366804,85.05249946200959,83.24943556114579,84.95598106008369,80.60342591139461,69.65986829810505,63.17591706174197
2024-10-27,77.1637955935521,75.59229978819417,69.63136793850437,66.62764618750721,66.82555830707322,70.73407767224421,73.47944232462582,62.57862644844814,68.23529277320411,43.36781464621811,38.70911452471679,15.439904069144019,6.305595055114858,12.60393125769117,18.6411556444132,40.557175483717074,71.28116065359319,84.28971322383265,85.4549507608579,85.46734477515707,85.21701366445718,83.19893776466782,74.52553231359641,69.62431191809634
2024-10-28,73.18087771755955,73.44575080976229,68.61421559032038,66.8534569379617,64.92625453125089,66.59006232078382,69.23887784739371,72.3273851457467,78.9966940614848,70.87484205451781,60.32349365999641,63.77728607309905,44.6716360836724,55.99600369214164,69.17113450866485,69.64425760659891,85.37156276657669,88.13031958710727,88.4571713774931,86.49862771128804,86.42853308717443,86.01367322671514,80.76832066657842,79.07514937893805
2024-10-29,74.46570253950422,70.29898887184996,74.03651065330988,68.89785432976284,68.32569854230906,71.86612794314183,75.19149674955331,75.38816617784991,86.17220785752266,76.94813204062028,56.182030664625735,61.10273670647069,33.72684159367034,41.735682236021646,48.73850012712695,65.77787236673511,73.90123423690457,83.85298034725228,85.38407310768942,84.65142094793883,84.66329171776415,80.21616981838928,72.27621931646733,70.21161161364599
2024-10-30,72.71151356029203,69.61730859563718,60.70512685493544,54.55002427199277,56.84370954562207,63.370706392235135,69.19067152544551,64.47189332545055,72.89454599902805,64.79701286507674,55.89945911010991,58.10505874442662,26.480499358882486,39.87445780805976,51.6185323701434,62.68374433131611,69.74295001541724,81.53749785623683,83.75352714949138,83.52519059005539,81.35967542687412,73.6032852943929,68.5108825829027,63.95265444754626
2024-10-31,73.79918931421716,70.20951506011775,60.55976090475151,53.994723220513514,56.802022398296614,58.80824291117881,70.4212929553149,71.2070065397306,83.799879941226,74.94988151765565,64.93931022846691,61.750041575604826,33.27526660388115,46.298433112406634,59.72695713862973,69.29470140501977,71.36810538202883,84.95361162199771,87.02891797315031,86.44713945490362,81.56415340924659,72.87019700290014,68.24013370278561,66.24577875653995
2024-11-01,76.45641541436333,69.723309542138,60.42252233258261,54.90749701869153,56.61963463138208,62.41545369398814,70.20811365871312,73.85828344835207,86.03329087056352,78.93956062626586,60.88155455910718,60.86109101498527,37.45624896409464,46.292255271649125,69.0425277588809,73.98421331613626,78.93218684408409,88.02781011253074,88.65065556662229,88.16882291739219,87.66454452898078,85.68001781136901,75.53346883022316,71.57828452712069
2024-11-02,77.03397951340546,75.53098128737143,67.34616990583429,65.69776769079802,65.53986034439889,72.02354934803486,75.95275901502299,78.40798070258758,85.20294874388935,73.57364474404228,61.68376640454853,51.82425214225151,33.0404654360166,44.22762351399159,65.28992930244806,72.03597416083885,83.3443451151286,87.59061799062594,87.76703366451018,87.43187225377287,86.72301773545618,85.65174869572284,77.51363579328068,73.35285850005391
2024-11-03,78.07687710390071,73.43863887350197,73.93540954498121,68.91343497631793,65.78554099137183,70.63240788969696,75.7365714594434,71.71527960550186,64.54968471161528,39.423526695388766,31.743273627871677,28.499985245833415,27.840050426315187,29.585854936048097,37.551284798340845,52.811803560030356,72.29661451700767,85.21520560172246,85.2130650834325,84.91105393467426,83.77784219046268,81.73374318004585,78.02406294804156,68.90832256926602
2024-11-04,68.52256381744243,61.073897116725796,58.536843157744784,52.273323998651684,55.8550343657738,57.49786252433141,62.818809092796606,69.15152899195407,77.03875129640606,71.32639060985109,69.47537394820034,65.94294642681093,49.73494456428145,58.40541542817541,64.24482534022192,74.689756194763,79.62009273631078,86.69726756675058,86.17533975560593,84.40752259092348,84.2595027350454,75.44372688477004,69.60868748442536,67.11225080764238
2024-11-05,76.4649471239281,71.41852911714001,60.10454525661718,55.14862480535016,54.30334847170977,53.565520551276244,65.14012662536744,70.04006452342428,72.06987678666258,68.35212527950884,59.33654020392296,51.444655688053864,41.182514449509945,46.98730589953536,62.74363361442246,67.97139667953903,71.1015155436148,84.93852527843887,80.817499958801,77.32148202565756,80.6449384611276,77.14522001444378,66.61635111895943,64.4913424532861
2024-11-06,70.95534662508443,67.01185318012095,56.72761089145501,55.34409434166874,55.045278417880944,59.11453039208595,71.06501220545704,77.26843187926454,83.4505918082854,81.90453346139685,65.06789035981001,62.60120053733305,38.06769043851143,53.282847891734825,60.89495389584615,76.49241395569469,79.40924218820021,87.30557210076195,86.95830973908954,86.38182005770845,85.78061510356257,84.67124078516187,67.13087023727034,62.64439669620107
2024-11-07,75.02112726266319,66.89067215187283,57.602406135452654,56.59674853369737,56.74469524889128,61.1123594881293,74.51108983774813,78.9164719958598,87.59940858321949,83.11427698394843,63.147372267565075,62.93412175159164,46.13972324851855,54.14791166078504,64.89025821225721,76.40143808954639,76.75362745635421,88.16776092770102,87.16647447889746,85.40510341183008,84.27783972617377,82.39494558791641,69.00963591796943,65.42347179442116
2024-11-08,75.00610013476809,65.66651653132898,58.99091152835638,57.14698524330206,58.77840769335399,62.84601666113968,74.85642031343428,82.16748049179685,86.99612307889119,83.24325975436962,64.52570902180814,64.2210865222921,46.28151082057549,50.75719277725271,67.81979528571884,73.21666271921512,82.46781671424834,87.43864693460307,87.61156411688977,85.38813541373595,83.74060522189048,82.62564591211945,71.9956628096514,67.73341248078411
2024-11-09,75.7519950958104,63.025729796419625,65.8816359224125,65.29188962510354,64.70736621173435,64.57862298616432,75.37563673422292,77.16155731235145,81.73614345508832,61.67370954474267,52.806463312340476,43.030673305149165,26.458941437159822,40.19750555667568,49.88238257639921,69.8580212622031,76.99646630731331,86.46118843353942,86.23083363738789,83.25715863992636,81.21859936269854,73.00846627393138,73.11987597445375,69.31697336490957
2024-11-10,73.11316665470358,65.42098526770194,54.05593174943255,48.40994670426017,53.019269959858185,51.91049164954857,55.53291753711663,54.510961694481686,59.62218969178837,35.9007609643533,32.73270018254458,29.979486001145933,23.233591857436437,32.14635440019176,39.40834965804229,45.03437025783018,72.95572094596973,87.23820381757044,87.29587495031363,86.71878476763447,85.32145962959605,83.07728816540205,69.48085482885988,64.55319136004096
2024-11-11,70.31345873195211,66.31721366107075,63.40647777944171,61.27757840525653,62.90030088507799,62.457221845985394,67.29086714907015,76.81811310802061,83.86258153021798,83.2401879479676,73.91196149678359,67.18769295011654,56.3349890921558,61.718659091531734,70.15526311933031,82.1053823689617,83.17880192287976,86.1761353361183,86.9079253377067,86.76882137948695,85.53393428793996,81.27509178133324,76.65379574791638,73.8490144934198
2024-11-12,76.91372535808054,75.19997491699607,65.87675630719926,63.29613457517561,63.85257305675368,68.98250915153885,67.92095808962486,69.13831500962662,87.63807118112454,82.4490200025857,75.73940787161544,76.66931487500034,62.04934215933991,69.96439232638637,76.80345494700605,80.8632998828995,79.20358428516938,87.43429117025975,87.94047746048514,87.8765263235046,87.73697719752006,86.26892908945433,80.89757536757736,76.08471939839029
2024-11-13,75.8780117391603,70.65791086427437,68.15926905335277,64.71122885143033,62.92522624021755,66.47018510244251,78.71424964759565,81.62365651141165,88.45130432970014,87.43787126597849,74.1338537080305,74.14908261043696,58.37959776654599,64.36841007752489,73.17213581596438,81.79337741500461,85.7873397492206,87.66057017158367,87.6135763962667,87.56471265051806,87.63442760784108,86.54407461111532,76.60710407399948,72.6678795561183
2024-11-14,74.76967594475362,68.67437070184455,66.12394683608944,64.95910393363927,67.17863270112106,67.192515044878,72.90075919384614,80.6600543886162,88.17225902412285,87.51641620884897,76.57323342970987,73.67296469806645,57.39962744925366,66.88892380991912,79.27480993763754,85.35674721722373,85.85920934951895,87.6292170271554,87.12092622041035,86.87317360712909,86.98752536393116,86.57111189069616,76.12128647835581,71.24326478033616
2024-11-15,72.77742967298991,68.64314329504539,66.30073811459754,64.91470482664519,63.9610827134257,68.58585543809795,73.15569372846224,73.91860325501649,87.36949017190175,87.32041324993766,76.16566492299889,74.86525587992942,58.55237507977449,69.65403327194561,77.69988964139155,82.73745255126774,86.69347753140929,87.49003230811718,87.83782490534848,87.3833590781929,86.1785080464641,83.64587953247927,72.90993372092669,65.7395238127399
2024-11-16,71.00285020190411,66.32286362518464,57.73120433282905,50.23263173610493,50.66961606532191,51.76439273461598,65.35070962144493,62.36355055171103,75.03632384093594,62.90108741313631,60.36861416260935,56.492260021083766,43.922503640011726,53.75645052254827,61.06947828286022,66.83404515041214,77.80676974387899,83.87475753116466,83.05248042858531,78.97958849279183,76.66894651284872,74.4490629404254,64.44053804527344,63.236062053508036
2024-11-17,64.40471281646907,60.842136800978494,58.16956995677235,56.910048665449835,56.05982421958714,54.54524284235004,62.81129549095454,60.114766346102776,63.90240357949376,62.85366580148223,60.724440738519625,58.35815478491573,43.15493909839615,56.05174959300046,70.05595791631328,67.86094125377247,74.37838466016917,80.57215843916194,84.15109003255364,81.06863771912114,79.85891032681019,76.61417814941827,72.23476879203152,69.0339411863657
2024-11-18,74.75760263133232,72.6935419770406,63.706985419032755,62.58892349916385,61.526738511887956,66.54588871044174,72.64035626122927,70.4627522481028,83.35214660856983,83.21693358971613,78.37657676878344,76.3389574809521,64.10311710547928,80.65259314790414,84.18701268841457,86.00975135998017,83.99695485244672,87.06460296180175,86.97844867601025,86.5586479676783,86.09067132510027,83.09940604838673,79.18429780267576,75.14545971971202
2024-11-19,74.04783620485601,69.97103578332626,68.27009670267037,67.08312283747071,65.288063011045,68.15938989417921,75.83792062642388,78.42944920098205,85.1679993381236,87.51859470256079,84.76075026071481,84.07076062651119,75.50902175496175,79.78939795603084,79.28810800297502,87.6954497500584,87.67426571604867,87.38648812563358,87.0874945011699,87.1706731115744,87.19929090532627,83.47407445129295,82.23382110023547,76.83201312235641
2024-11-20,81.4218865193896,76.17337644836864,68.7755109129595,62.40202876209153,65.97632531282578,68.90494162579056,72.74782406737216,80.62627259012366,84.76452906135808,86.04539565379811,82.99734699427094,74.63368120262612,59.69073524224563,66.81121101875534,81.92333895291574,82.19534762113011,81.35137157475246,86.28692203770991,86.43682933670242,85.45081074042393,84.50801681274964,83.2494611639262,70.81602479059599,61.66929381764768
2024-11-21,67.43825993925012,58.74925714291848,56.36341785366554,53.15892795237654,51.620802564537904,54.990855436536734,59.74920463183278,62.21435601467077,76.99145597798075,77.42125862680176,72.88160677752761,68.69995752403416,50.69061330507821,61.852823377868646,76.7961486741384,81.31302713132617,84.68876993204735,87.18368045532446,86.8542126546928,84.71101271548116,81.91479752147461,79.68934471834552,75.19687521135172,66.57715892162808
2024-11-22,71.49759293473853,71.6503848498897,63.932509035064584,60.731437441550014,60.6969724277263,61.62700067189228,74.24311804134709,75.40557582671035,86.32810490947871,85.73618019522613,83.0274974870666,76.15293194211053,55.65596411035714,60.90947381556471,73.64046816169187,82.5807593434971,84.13810681893155,87.05997823203892,86.39147310413838,85.61190923151831,81.01380852400808,75.31882313314007,61.329157850309514,57.95177895797104
2024-11-23,60.486019257887946,53.08766122585746,48.26611361048207,50.62360799090319,48.95379567532619,52.2132203729024,54.00892509497521,57.71633650615587,80.79799113381793,74.46884414820352,71.05267844523355,74.29442939466303,47.93365350525952,58.23952251608601,67.44832877700426,72.11470212495898,75.08864996646759,84.57737901658551,85.55871557840402,83.70929949809869,78.67251628869164,72.54980051739052,65.46229884984972,62.893480003923095
2024-11-24,56.409946672553566,53.178795934575966,48.680518836884424,48.74436575926898,49.867870167942925,49.916545537424916,60.00493906720462,52.37611815306204,52.20690727963751,57.96240628874652,68.95822449016336,56.12892389791166,55.34956955859727,72.85741985896685,74.86298623546769,75.1993671172983,69.65903278050708,84.22450039907642,83.4187896228039,83.25258849285126,76.82435324463827,72.87395551851687,66.43500883463162,65.17186956864265
2024-11-25,63.98924007942305,64.52910078621936,61.374007507370884,60.71686831076814,60.565212640033415,63.419100635417905,71.17760161305905,70.2257643677974,83.08897145750291,84.61564380689504,85.15537137378398,82.10306175978491,75.60195714789857,76.65321493936484,81.96404447353625,82.4841250836845,84.75105108289726,86.6384435677339,87.70878194568185,86.71523615297255,86.79188970220378,84.41979378679962,83.13979706486319,74.5057065044516
2024-11-26,73.53552284492557,73.20198548593666,64.5289727040252,66.61589039538286,64.1786853282833,69.51523099701987,78.76924165015468,79.00980614744402,88.08796084800517,88.05884477385246,87.01106829240159,81.80167304233899,63.65538719104821,74.94775410956464,83.15104583750701,86.91601249891457,86.78396593463779,87.54087685751722,87.39453275488476,87.44916393898104,87.61452158970401,87.19571177765727,82.35672671685555,76.36852740082628
2024-11-27,84.22632928956176,77.00631790425494,76.22274878929056,73.63845479113947,71.16936053029963,73.86656458142782,77.29431637173778,79.90992596966532,87.00566332816736,86.9464203947514,87.11601968474258,80.37836600124304,72.3651282011912,74.34096317125507,82.0578764177652,82.1273158474022,87.40162178054327,87.51141203708956,87.59590150931716,87.29909099042789,85.07152750693132,84.75977049262235,79.66759077425452,75.87815519280794
2024-11-28,78.9325698647208,73.20836326918123,63.52692135530999,65.35857300933515,65.70504240823348,65.74533147657468,68.57316590005225,79.45819769748425,86.27081927523908,86.60217000531968,79.09214454129543,76.44051375067548,68.07645461793875,77.87246862144657,78.99108956479384,84.16047908715086,85.29176519686855,85.5394261652621,86.26456850130667,86.03238339979242,86.09254557065518,85.59292447144412,82.97523846101394,80.13041748045369
2024-11-29,82.70268134652895,75.17333863811406,70.87961128533927,69.96815342672043,69.76193451368239,71.14171696346062,82.94607155515253,82.38425652753362,86.4175406814707,86.5367392761087,85.93241900927588,86.08825978500391,72.40016100288882,78.21378699121388,79.81191229841353,83.24330519399616,85.91866226154293,85.45478381688062,86.08205888792001,85.33733637459157,83.39564970466013,83.60910470712399,81.85286864283857,80.96048141602617
2024-11-30,82.10634923523027,75.55368765409327,72.29497479862682,71.40427816969874,70.89588574494165,71.07360265728282,73.8976169819835,75.41310807975945,79.87265953716418,78.79428314308278,77.525864462829,73.56422297358507,63.766037742310864,67.1376565766879,80.06055515270083,84.50511558879434,85.00835887528811,86.63091652254904,86.92244446770985,86.39954697248156,82.79042533793502,80.74463209371412,71.39330462833126,68.47783905101365
2024-12-01,68.48756782403252,60.85235638433591,59.85518459687032,55.7505164008614,55.11139376119022,55.40619256368662,60.743038517349966,62.68740889998736,61.91685747219451,62.911300135053445,60.155870572839646,58.46254309572236,47.85711015336925,54.963313093179046,58.17314987047476,66.15236597361526,68.90443879243185,84.79869788827226,85.01205622485944,85.25895710863651,83.72407020885952,82.63785179876196,73.78946676795543,68.06269378143067
2024-12-02,74.85978355340855,72.62944194112177,68.06136912484614,66.64993660295828,59.80730927957089,63.52446928191484,73.3604119444223,72.70012897688062,80.94532404033791,84.77554457344951,83.190310212313,76.10708268677931,59.71871401361164,64.6148581522675,74.4766370598172,81.70426055858744,85.21674506309091,87.19115336850442,87.42739692674176,87.1295462769825,87.29844050000588,87.24706061655472,73.7861008537439,70.13714390228738
2024-12-03,72.41265165539674,69.07218324054455,62.866427038982565,60.83098306953681,64.08264590861411,66.93456925920057,70.65289610377651,72.71716144312187,86.46525038775914,85.56389069301537,82.98428304045402,78.16214844754467,73.33226291285662,74.90149971320393,83.9098442505039,86.29864349380502,86.79019565550692,86.93082993487657,86.85019542777812,86.73065782595347,86.79751101975968,86.41661492752996,80.12190306419512,79.689905161405
2024-12-04,77.5018098179053,73.29253101613962,66.01598366050095,64.33061107981756,63.52010051264785,64.36995180236705,71.19369715018168,77.64256325093517,84.20187404957389,86.4996884954717,83.00391738665407,82.34602456681269,65.5883371503678,76.2137578764867,82.70803104358936,87.03699124461804,87.33333349979374,86.90434463181091,86.77386548212492,84.61756508657902,83.9680681832813,79.75669556579459,76.97858595956014,76.47237101544358
2024-12-05,72.86916832329797,71.19411465179392,64.40050990794958,65.26628172986527,66.6664120888221,68.6311694603702,76.92339485068076,78.92400335484695,86.03230021399497,86.81029290962002,85.4703032893465,85.77064537927001,77.36916347077275,85.02301005630441,81.43814899641916,85.88170379172135,85.45154956082374,85.44471233199529,85.11590002259753,85.02225401974965,85.06919778803376,84.29553352326087,76.35425896907347,76.01368381844384
2024-12-06,75.72476459642547,73.54665079127655,69.36770124504044,66.4749587752906,67.19079188818583,72.53330741850036,76.1644303727076,80.05373699860003,86.64479592823541,87.28959367950834,85.98266840349068,84.66738508930752,75.71688116018251,78.50446758119969,84.52136443988982,85.25951596987753,86.92730297520204,87.01063439101561,87.09534459695669,87.18361881627277,85.9403498988611,84.68145094838694,76.61439374962195,75.6176008838167
2024-12-07,72.45940008823891,68.66299276551088,64.49771768125558,60.52322585304979,59.44990866909994,61.58313709767619,69.98418027342238,76.15033538206912,82.57404403224486,85.88881880643278,77.03737980266922,69.45065575201943,53.4782842422131,57.53850113415065,58.547935109696084,78.68227921320049,86.27703554185503,86.39822636348022,85.94750323308718,85.15498623152571,83.15184068776765,79.2063157500759,66.49794500740731,62.03825696284799
2024-12-08,58.51513697685538,57.33331595738549,55.34334089119471,46.57870755733375,44.664518776370095,45.142169931484126,65.03697537902256,67.74910125689104,60.18322760766748,62.534234700274645,61.69152547737858,61.794996157558174,48.312572685017756,54.59207043741251,62.83329101387926,65.5336806974405,74.0262244295712,83.49891606013855,83.20796721532064,79.18294822301242,78.18495283453393,72.93555385544975,62.86414341522322,57.39233393636176
2024-12-09,52.930482313302434,49.72377064064056,39.37296706147335,38.890256663819784,39.75011335063143,40.50781356332065,44.89248034877026,47.03983480855387,68.1766858036392,74.21341612302504,67.56951125984564,76.60466516567466,57.217105199036325,57.421848158822804,73.79486116315704,78.30787100775649,78.57701642362717,84.6996476079387,84.64199011492123,84.46999345551161,83.84599918209392,85.01150231651768,71.7590086883432,61.434357480438074
2024-12-10,62.97000762782478,55.61849708859054,49.72040297600509,40.25689472269905,41.30975948558856,39.654370286180644,46.4880592134101,53.839156326059545,78.90174311473842,82.58741630383479,75.10486317150361,70.02932060316935,54.443761461458806,63.97039487720609,75.59217706012419,80.53723279190059,84.47760503612278,86.06417956599111,84.16923266541289,81.94287414444874,82.74234399966399,78.03009009752661,72.08915213749283,71.30558196869569
2024-12-11,71.3874898952002,65.35281261092108,58.91600655403062,58.51719634692693,57.55636700856143,58.127292416153225,66.21064545532714,72.1918180195611,85.84869041535387,85.83296094887277,80.29844930061904,78.85128038438549,75.67678647189072,78.32252662280095,80.4950424545349,81.42835612866465,83.32372548684245,85.96181404546286,86.06463944119777,82.62066136877372,82.79632919342441,81.45567502674804,73.94338321793428,72.60443140679997
2024-12-12,76.41611032545107,70.57263347668592,66.82250717760745,64.28216324361469,66.2331351560863,71.0688660038301,74.54488536221027,75.87880775386165,86.01710474919064,86.64983933323454,85.84770108460641,82.87411866662042,67.48464614517962,75.83570820470817,81.82992642329383,83.66963039098326,85.78563460414095,85.28134499458781,84.89056021442465,83.92161969581915,84.0073760920009,83.04565619497097,74.022461883161,69.05198253195859
2024-12-13,71.50505118640618,64.97999715868389,59.107283253984434,56.55402893228606,56.82794132918089,61.94257100766033,71.629252459767,75.4840953534836,85.67830677185891,85.50092790606388,85.03308427742064,81.00057559095677,65.23392009996728,68.88678702503202,78.452048630842,83.34642240637349,83.82573497548691,85.3971917023936,79.92390129976971,77.2961026408866,76.63350904416758,74.27459928470549,68.34896820271092,62.27306495040835
2024-12-14,70.25041157209611,61.69468715993219,59.17178021526004,58.44192721340748,60.18573976858687,61.17229354503263,64.76474071312279,72.93956957602695,81.99171657574799,81.66224505352321,78.01119039259952,76.71842742913287,59.155803822977404,61.6988733096823,73.58950670816614,78.68139225825655,81.9746351849339,82.19557024842281,78.69873058876664,75.44774594110825,75.22552175130654,75.79402184802704,68.40342715694507,64.635943710962
2024-12-15,67.08128588940072,61.211224049697016,60.21538289294665,57.07214973679592,58.24897163298671,63.83091829209233,64.40614997239867,61.57811145791146,60.06984437819597,59.968651428541214,59.19444266518776,54.7750167104467,48.42462561162325,54.29973853417487,56.51701050183093,64.4697655805858,72.71897450440386,83.50931877291417,83.94188705279983,82.92797413962987,84.20385305853978,80.69729780312088,67.30209841013368,64.34818248235312
2024-12-16,72.46682558956968,64.07618870216562,57.888767350293755,54.30333295668606,52.750240334466774,56.11485653249177,60.77604344639323,61.67883341858382,80.00443956783378,79.50127588354043,70.54745885658646,63.91891322643501,51.90221355212139,59.20215339274371,73.11582723214221,79.87118917495407,81.65491125897161,85.87804987094931,86.27942461271076,85.23083165794395,85.96490943743711,74.80235946409722,68.59033001268028,70.2241204877284
2024-12-17,77.03307456874718,71.95085264200938,64.5346896074929,63.49388443281862,63.3695467496505,66.31698299637337,70.3191839372427,77.03454006862157,86.91561170428686,86.45629814569297,82.4806721148411,80.91925434309445,75.63690768661999,78.4096553544867,82.50405199596574,83.47891520423799,85.69621383741378,86.1708422732349,85.49588633993307,85.18134024583189,85.26804247141037,80.15945417946715,74.12063239209229,71.98409442502948
2024-12-18,82.11371381344217,66.8521350992195,63.21443797220109,61.73299610720584,62.60371611719955,68.34579376707318,73.54616587542088,76.6187657412098,84.98974923550668,84.23293446151199,81.60988235616229,75.72139400577942,67.18575801611819,73.00539841678966,80.7182573178827,85.7707895180286,85.92287691888298,86.00437269153967,86.07659533079826,85.41844762050202,85.40307158563233,85.29240401792978,76.94264971811342,76.35321486551754
2024-12-19,77.66616880030841,70.02660613135005,67.24303582905074,64.10960363046077,63.341749736198,66.68577911882605,77.08595299702388,82.94290104644276,85.59057121395917,85.32102400362922,82.44968477921698,74.51530367740533,64.08856469320177,70.42726752076388,75.88407672893862,85.01042568920867,85.33964355209305,85.06408376379848,84.95279762199952,85.69383268082105,85.8887164565108,85.65186401390133,75.972773014002,73.95843728794402
2024-12-20,73.73562557538304,70.54256269964765,61.77561173686841,59.988638484031114,60.61079857641822,62.98616235518577,67.13214187720835,75.59209874271049,84.13528483185361,84.35154979277854,82.99162683279486,69.9869564861449,53.83725032892241,58.164859904403954,65.43694110645896,76.58578284291205,83.32804714364386,84.79255697264817,83.79775256117345,83.75290266641362,83.37160273035245,81.27344583076878,64.50284289604802,60.53890786311936
2024-12-21,65.57692205816063,63.97303880087847,58.18720213577267,55.838732667513966,61.11479735440607,63.822114127963054,67.40382952110555,62.55694053180518,81.32873215206277,82.59201831360758,72.16818177362816,57.95063479265386,47.786272114331425,54.52302194314425,64.99316484800221,76.88381323684821,84.31058496345837,86.26174808534141,86.49858824419614,80.74631604097411,81.1631647186743,79.20230822692959,70.97640733795551,62.96257925359005
2024-12-22,71.35454484846029,69.12842145691178,67.75870999302799,58.719131395876204,58.82461897878756,61.95650942934055,60.33660265190246,62.9052457208623,64.77458098088074,61.630655121575835,58.94932854974919,63.35117110294038,45.205243201329786,57.99460578982456,69.36924893992939,73.33331277865238,74.74493774308127,85.64781346562074,85.62265650696864,84.3092825272195,84.2831016911081,79.35197095266862,66.87660335883952,62.91311803664319
2024-12-23,75.10856608719091,69.44745386889674,62.2124633648764,60.587386667465495,60.665478977924195,66.22969714069541,68.74099315106308,67.08367245681579,79.96408710315332,80.4503474235816,76.20296616108617,70.69684134555996,68.22257910642547,73.37277604407355,73.14874991977986,75.8093641696593,84.05383609449817,85.7251346810794,84.76658692185396,84.58562867289456,80.98087417520853,77.9913919230484,62.44232419426271,58.929825715489514
2024-12-24,66.11056000379787,55.10428948962407,55.75806927244582,48.83373394714424,48.15067474631046,49.33810725991117,53.45486673154851,63.745477227601405,83.86638855743016,84.7871490675005,82.83295420522681,69.22932738545335,59.77405960087668,62.87248335583193,74.9744107851516,84.61970502419668,84.81639741283699,85.76215433342071,82.47737480104786,80.6569010212099,80.13303225062684,77.01857623702259,69.0248118283179,67.0643467191043
2024-12-25,72.40999915498155,68.60040853419304,62.831251264812344,61.522240592205115,60.25996525604343,63.70182669184818,67.22926026199174,74.6412725660739,84.57845630009336,85.47114556454464,79.00166349783488,72.97991826376962,57.984562986149506,68.12417460162914,77.49320731647725,86.33693362483781,86.10674035089721,86.36756384438488,86.27590385550057,85.28275712321661,85.11861055745348,83.44311800135496,70.2327431631655,68.03866575913761
2024-12-26,69.32875333561167,66.00234152694695,61.613815190000274,59.35731337565722,59.765033274591495,60.29154924046429,62.22387833430921,69.64251429955091,84.887062540483,85.1569691144355,81.32742362743039,72.61603721107974,56.554119350068184,64.25308224179696,72.49551933779937,79.18100296407067,84.29937660419645,83.92705630953472,79.82003801967704,74.26448937906918,73.14942491811895,70.8010116700979,57.04494160624333,54.77242904959609
2024-12-27,61.823746206112354,57.19264938566427,46.42883264815455,44.383460357236636,43.868964488068535,42.66967561775729,47.85421417740826,61.821344005433964,82.86804544491751,84.08924949487024,78.26761708453523,63.7024458763832,52.543005489972465,57.891812185141454,67.55187583777538,69.32827945664435,84.83754902617007,85.35792608396427,75.46555974144798,70.50907844164973,71.39684917039604,70.67580695885549,56.76827799791049,52.50377318981046
2024-12-28,66.74087119019151,57.72547204634473,51.12787172320534,52.326213572678114,51.33737819057012,52.968805087815376,55.22149029157885,57.50167623625565,74.49551179686034,75.65808426073842,70.04715923218211,64.15934994841565,53.664951996905124,59.714877637053455,73.47456018132829,76.50836081129596,83.83999185807238,86.36866222986448,80.33208807867102,76.41691360490363,74.86374553267964,72.66166477897697,60.71292608644286,55.49554979902328
2024-12-29,62.04713836339554,55.92797985908652,48.93297444277841,47.204178252206724,46.51153592713246,49.03703213310919,47.02377041855004,46.719538530689114,54.09850876381882,57.9612500132614,56.276290523960135,56.87097857939404,54.20314537421482,61.10958858047962,59.17350850795523,59.88697030648943,72.82638707224284,83.25751402153095,71.97273249442773,69.9530629481998,69.23029850403091,67.2131460121811,59.079378540090765,56.95868727873429
2024-12-30,67.74253556787932,60.708923278454826,52.66413536453208,46.08027379437593,48.22964222337646,51.74659195416894,61.218072095471065,69.42877426882544,78.5348945519273,81.29451151686048,78.29805512525895,74.16800483760798,66.37908352289128,71.64643540484151,77.13149719066551,77.69065795954116,78.66896102259764,79.96089721060746,77.46523547950069,74.44474036815718,74.66498142301617,77.34672719387224,71.00189979996404,69.86395181017477
2024-12-31,69.05131920409275,65.16236450198599,60.93302460302921,58.95850937603852,59.53041270858583,65.29296849538115,67.18837791935229,69.49158137492735,78.97084620403172,83.79311976008238,80.78871060109861,76.86415631559706,70.1553465594854,75.99208468056132,82.09468897805371,84.50728912129459,84.56203235106412,85.67140042630152,85.57387567323343,79.90378699943878,79.11360199445808,73.93902384867356,69.55091253759177,67.83973407694876
2025-01-01,76.45199925717199,69.69916481930885,61.87094875899026,61.784946064589185,63.09569701354973,63.64599552209001,66.61208230679404,73.4665130057031,84.34730538727098,84.05753396674326,74.62798103884565,67.53220427730996,60.253027522058126,64.65047933712144,68.61057480520317,73.32499021159961,83.01092476649752,84.5730754333302,84.71650514030736,72.65470984136336,72.55663144747183,77.06420896896472,67.85256835114357,66.32704865298288
2025-01-02,73.42881603133932,69.0718909011879,62.766425452436906,65.39450630610273,67.13762925137377,70.53640370577031,76.42397115106377,75.91242497324777,74.88498143006323,81.00005693922307,77.36208251703026,68.83942745826,58.75104921089667,66.69396592000986,76.07943034694819,81.50796004507534,85.0775231802671,85.65437417754862,83.92984110111004,82.51298470171474,82.24445977112005,82.04687451731898,67.61528366190674,63.95154514066697
2025-01-03,74.49025016870652,67.95593519873758,58.66026671572848,60.86676897403335,57.49111452012847,62.27385845811119,67.72132849045835,72.6644933723244,80.04912176040376,80.26780118739723,72.25581624174633,67.4265430728016,54.07586169992887,56.936351403966384,71.09895324489634,74.8232318054838,83.41073459974164,84.0945632231938,83.54764413863056,77.6891812762551,76.26799744215678,76.18117292907297,64.75022879212047,62.363122116690384
2025-01-04,71.1360480085769,69.39645656213482,62.814720545852595,57.33048528195429,56.075445186219326,59.55314162230511,65.44192613003067,68.8489382521986,78.17660171328006,80.06221353179399,70.06219904593667,67.67258008048626,56.05273414918692,61.15443198422839,69.606765758726,72.66363441064432,76.5335126852756,85.46567976345462,83.02299144063413,77.2318113467275,74.68013807567228,71.9379333514486,63.89364313554589,61.3895505583681
2025-01-05,74.25262519723509,71.77870420795276,63.23276253418867,56.421672466274224,53.267337928134644,63.02773832386622,66.77561564242072,67.27700348943696,65.70993941910946,68.79453629637169,66.29632024904235,63.88747658611314,64.2910238290726,68.44071252646633,74.34638352300486,74.36077308877518,81.8972920367175,84.17049748681745,84.85506346183575,83.53547549273709,77.80278963379503,78.10169721796531,69.23310953033484,68.27388459461939
2025-01-06,78.51519786806412,75.72147578200904,69.85082811263511,65.93569811535933,69.22034883866812,69.16587079558882,71.35023578491317,74.2864416745306,73.96897919389147,80.1797448235034,80.03717572663902,77.84557232497684,74.136526766114,75.77392611779958,78.74767142843567,77.87625887405835,79.31649002060988,85.80512149160376,85.36595674313772,82.53683878173398,81.4196704094773,80.1671941971338,74.77440818627537,72.01327237279736
2025-01-07,73.95254688983664,70.47061347519552,62.959549448021086,60.621752146572575,60.353862630753504,61.8418043073479,65.39739124701383,71.33549226595464,85.01508094996346,84.68506408146281,84.26621693684335,69.87087047663515,59.574279551901014,61.99422169169397,69.65225708178419,73.34741791590925,84.00496648682966,85.1201197456449,83.77668435859117,80.39449602601192,75.15480510910997,75.4392793855399,66.62852664605411,64.32733145498118
2025-01-08,72.33476273823494,67.34966967625782,60.70261923907006,58.426880437025986,61.69905279248998,63.44223316013217,70.60122421035784,72.92682829528349,83.42787344581035,80.19290681922776,63.98254400715711,61.35863313238488,49.941909771642635,50.59069007468587,66.02709819093839,66.72849666597912,74.86836465808845,84.16987641621732,84.81525181942553,75.30423510107829,73.55305568001293,73.88720584294703,67.15541300457987,64.80325426847774
2025-01-09,73.51116448162968,70.81412270674703,64.40074633893607,61.26201492632102,61.858322093865,64.56011953852054,68.65860637045179,75.96187268814711,85.63726366706267,85.64038134558503,75.6570837598676,70.72637875419757,55.91619296831647,60.263457076566,73.2574685552613,75.2503539944748,81.08126540680361,85.88044312598836,85.46003019882278,85.0908898999193,79.53010547281828,81.72762950254422,71.94236145810592,70.3429540587199
2025-01-10,74.54018132752105,69.76271609544645,64.53049959015691,61.506193829371625,61.38326237945307,63.9441958093139,70.39198130163511,75.72044787834704,85.49102438011965,85.39338322311755,78.08119784876189,73.21432825812076,53.5571178085929,58.259970358817355,71.4409111032056,70.28333296869191,84.50868809408162,85.23894709134743,84.81287237241669,84.55651329926691,82.78938235361802,78.53470654616294,70.845111382905,67.77779994165164
2025-01-11,72.51943953194716,68.39336379024418,63.110883185320155,62.306102260833754,62.59860119568049,62.775634922732145,70.49584390654957,72.05293049954341,84.96622187851627,84.44476532415558,75.65152899555343,70.25796540817053,54.46904264814968,59.76230779751427,72.35295922136751,70.23172954921182,84.44115108697609,84.84040499866255,84.77924319738567,82.81045020655641,76.56060281812252,76.14219650839135,65.4703697047792,65.02815261986002
2025-01-12,72.42935721810103,68.8917648191502,64.44539088626452,63.67597101465166,62.96903992272467,66.5358005937539,70.86087932154766,68.9470424300379,64.28670888899164,66.24586018191097,68.54630193839951,66.33102963760383,62.15362308527427,62.95254587771185,64.58092869429662,64.49216876171329,73.91714971723722,84.81209868240819,81.63649536071601,80.66936836349697,78.21935266047002,77.08796681587921,65.41734701935127,62.58796579290386
2025-01-13,68.38084349919056,61.74432538895183,56.0369493096303,57.24265619028167,52.81031021203358,55.585731460219826,68.8156501029054,72.20593478008134,82.36580133887708,83.8887859685395,79.88108413682563,71.43021091181271,56.82277115388799,61.02797932289251,70.76347416679914,71.17548623497495,80.88201744371095,84.88685710490608,82.2284988322672,81.91707648088867,75.58329501598105,80.06124660518623,68.76813820852608,63.90984966083034
2025-01-14,73.09622610918946,65.94628933109914,60.67233315841626,56.87283970384829,56.225864086846315,60.41008497201096,67.65807056229366,69.0163141422252,84.09716833104298,84.41328030618018,75.43741502880879,66.39905031236688,54.250313323933646,61.69284698669275,71.55637346130199,73.88879535255833,83.34450424324882,84.84008083050414,82.85388227084343,77.92412591527848,73.46302525391104,75.33259778471488,64.47416653329212,63.32221552423723
2025-01-15,65.91048279254356,64.40868769927712,64.57804043762198,59.10973487383762,59.0636302693519,61.95288633148459,62.62224883581376,68.79622666403824,81.13156756424485,84.52785959668765,76.96046719772568,68.39266080393148,55.31628508736405,62.64886533320736,71.60793293158571,74.91493075674884,85.07875790176124,84.90871851313013,81.96968739062073,77.92566876245822,76.96525713161735,75.88754670321036,66.57598840898616,67.83447922672224
2025-01-16,71.88644357460286,70.3891398929589,66.58302451244826,60.623177251209185,59.978992770416816,60.52187045443599,63.9261158093565,74.55559995031898,82.7135541036472,84.64840218878771,82.44279338851553,74.06068667979024,65.53206574681252,70.33690060318995,74.80562083338191,77.08594827182725,83.53488042887322,84.53814818943044,84.34930373512547,84.14186263689194,79.27000799806909,79.30595808304962,69.00034052476215,65.69228497775018
2025-01-17,70.01508304554773,66.42003322112083,61.870615445328774,59.25821467960539,61.441140848592426,61.95755186261034,65.80470805724289,72.36779767149568,83.8408165965062,84.35910448887188,79.94276526424908,76.16758112762433,62.87652754580022,67.0861437856483,77.96116148318748,77.96732398452923,84.50485570146697,85.0487407653982,81.65650599149684,78.2253782819912,75.09127796485326,77.54475569287449,70.83593715328696,67.71481886605676
2025-01-18,72.02255038434187,70.64670313285967,65.95894696654452,62.63744780661625,62.282333891746205,67.99099529427843,69.87309210186179,73.67587008843658,83.02529181936661,84.9471449812124,75.97773091610247,72.85402162256212,63.08421564971421,62.70283042144462,70.9032328749276,74.5344149234953,79.1418666087669,85.39957345803779,85.43593225751404,84.41458909162608,81.51100698594217,80.9061972597141,70.45763929007033,68.56104005347402
2025-01-19,69.58885088175242,65.5184003863608,64.62050503480434,59.05443622714091,56.95733899254247,60.109058604723195,66.391113276286,71.44470260619615,72.20884329709541,73.73191601390646,64.6828344863922,58.04918158860611,55.73085124501172,58.42871432979598,61.862429396849585,67.34180933982509,71.52414533908554,79.79140422912239,83.89060380280233,79.6874052127092,75.66195605656964,75.99241131420365,66.31541154337638,66.41807989191466
2025-01-20,73.0094572439943,66.01117749398882,57.5146008407578,51.16270453628281,50.95786983498534,53.850430914381086,61.92221225203425,61.773852588558036,72.69676717211016,75.66675000336689,67.07805408092912,62.37424040427837,50.01430724822769,53.271277473844115,61.54035860028441,67.8214280693038,76.10624325912535,80.24421245308673,81.42334827468788,81.7314981735786,76.70578816975527,75.90090396585376,66.42809509631834,61.50444340399211
2025-01-21,67.84383238274579,65.16932572625988,55.51216846082257,49.26668806581035,48.53765210397728,56.12604208155045,61.55008316482813,65.99944607450003,83.46003696877344,82.39194005234236,75.15232075322008,59.990984036296304,50.32696289264216,51.242221088727725,59.15182009972844,66.64246421297214,79.85945166600736,84.32638799229422,84.25391712607737,82.92003085759022,77.10312852656291,78.65768806781912,64.60863007822063,61.6473628671648
2025-01-22,70.41417743989821,66.32847103579319,62.54385151262423,60.85040567389379,59.18696521761127,58.76284928165501,68.99025244292346,72.93387068078496,84.73015261961638,84.20403498479537,76.487558949131,73.30570974753749,59.2690024325759,67.77794894280385,76.5661564567964,76.19296193669379,84.19232671381465,84.14850829052975,83.97732474197407,84.30682067626503,76.37736883161898,77.26841135638118,73.14291100840427,69.49639841951651
2025-01-23,70.78266561338378,69.71507354745138,67.21056362737846,64.45277274369005,63.922013427576026,63.93838688121573,70.01168940314281,76.5828215960009,81.08536636313015,82.96536484744814,82.70422136599143,81.8975519754894,68.32624984104393,69.82536722092456,78.92616360112935,83.06119452230246,84.91834116883525,84.45378622980233,84.3101842480265,83.69863046592235,81.20326641263723,79.87526436245376,70.51958064389231,68.28791814892253
2025-01-24,71.50893810179932,68.63182166252084,62.84617586689026,62.48583999737938,58.697068525496064,64.87571175757172,69.92336875737753,76.4592854745605,84.19787866114487,83.64815145236729,83.89073264734799,77.13579703234825,64.01414973006436,65.18458635799739,69.85198092349964,72.34536587049598,83.5782258110154,83.79784229219644,84.02134834613527,83.64612309534431,78.6794433535523,80.93631941425416,70.69936625219161,67.55124458029314
2025-01-25,70.15638457687606,68.92111342705208,62.99559319570573,60.78867910713128,57.190434867554885,61.22098730152331,71.61136650881724,75.41020763545828,83.46704782466894,79.37927551257856,65.82006684218048,64.08611377624838,47.23623860256809,50.93951700749994,61.408581703214026,61.788795545703856,71.73520971663388,84.12700443841786,84.1770773395428,83.753092442525,79.35110724361216,77.95676584768124,72.44885735672055,65.72554445585209
2025-01-26,69.37326776117902,66.7726809063028,62.249953964447954,63.17584772117503,63.13976578000165,65.22626339029053,69.78335212492004,73.26290547187237,73.38929019858746,70.23740764025652,67.52390449384956,63.685836067704756,56.89823453110671,61.19824425223146,65.76162935001825,71.3467817170179,77.48957518641491,83.47926485663426,84.55005345224981,84.9504553134833,82.45495516399629,81.50948602028888,72.84292631929472,68.52032720734897
2025-01-27,74.5940112380444,70.3571490637492,65.44515382368904,61.25014948397888,59.98189090619932,64.63330329274902,70.27057397112662,80.41885298882804,81.69697059963578,81.29690898290863,73.77815091246858,68.86886280156598,59.862552323384534,62.92452277005339,69.63584587393709,71.44156064731779,80.45838490362341,85.41867698281182,84.93664126612477,84.7030623729032,84.23748931971033,85.13769254250893,79.56592114638406,74.25807274002007
2025-01-28,80.35182538880571,75.74282008843382,71.72425729548523,66.74498208455465,64.39926276804886,64.87459232387425,72.3312013418097,81.21860217301648,85.6393249347368,86.19442754660855,78.1374610030947,71.8922031549263,52.37357825610162,59.634788989118874,72.92717260550266,75.07948765606334,83.68530453739375,84.88843388747962,84.74625342570191,84.68814460835459,82.29644960305187,81.40916037710448,74.52050987983921,70.72111836454043
2025-01-29,68.21286398094246,65.51072061917617,61.42781653495914,61.784017762176894,59.21676042126007,60.75747650712383,66.91383826726448,68.9028532115655,82.4135611175657,82.2186464247157,76.47678894584516,69.0905229626657,55.58976280857391,63.96084808600667,70.03590047021513,74.92469247117239,82.22292328789875,82.95574809406463,83.47501202068156,83.9164289188943,81.01629543919482,77.30183048336143,68.64307453115468,66.30412777709513
2025-01-30,71.80711290136352,68.24469321576986,62.726881515458565,61.94126380187495,61.132882448612044,63.065729820699026,67.79950830928985,74.02601385766233,84.22682928165086,82.29559886675156,69.34532249865732,66.13666647878446,50.02318652911658,57.10642627794728,64.21050673582292,67.29696704122638,82.85594554459836,84.30234285161757,84.42082592455301,84.45370003115427,83.35287463406137,79.58321971686776,72.41485076210397,68.61230706822194
2025-01-31,75.58641511694172,74.77837265875395,71.64020736057317,65.58475813330986,65.32382458742617,70.94752131248829,72.57875227766243,79.905427499627,84.38396707680508,84.43444469526322,79.83422963034982,68.21382102832337,49.91055133629364,56.20618241710897,68.84566259693091,72.43568399890592,83.74900420584007,84.45707291301622,84.51719180890146,84.52841254821531,84.68091341937344,83.93002579227374,82.73436699514637,76.10100533490012
2025-02-01,78.46679724625197,76.43454557490384,74.6719257512424,72.62266438955155,70.74028636014609,73.92842638338261,79.14730658646849,84.1401901756309,84.63920511188475,84.05560791721248,76.16166969264702,65.16575622600985,50.636634569777904,60.43557731486311,63.14132560430683,72.65987196137957,80.99909371769084,84.0052427360138,83.99129458483466,84.04433671121049,84.32376464023848,83.99335652873769,77.04924373765877,76.86037057287835
2025-02-02,77.97742444051035,75.62552471624979,70.49641305886173,68.8025923150062,67.96810429569435,67.73130956180579,70.92213469198686,74.29905699091616,73.79434223508416,66.75351782588952,55.1441546799964,40.77896807640522,18.121493730260347,21.760520524877766,36.03249572170089,51.214517135457086,70.1794779881704,82.59616896882822,83.83879912436394,83.72366163340398,83.16190390266493,79.88836448787777,74.64091727596453,76.752949667068
2025-02-03,76.47654701499432,75.0924747180208,69.14747608064742,70.6195289377984,65.13968149311845,66.93864208250287,73.69098923030006,77.6627266433588,82.58007694579351,82.23907739360885,77.34100991122594,74.41560081257448,49.016898457843695,52.76223793754022,67.79804409796859,70.14515708492114,78.93897617297974,81.86632079801974,83.16851196754001,83.34717738887778,82.93966131485605,81.30810213546343,74.73079276600743,71.43284059967164
2025-02-04,71.01734570025717,68.56610434003927,64.09798614082327,62.81262558456262,58.570459263956295,62.129916012758436,68.09731824515643,71.9741901730792,81.8484797328737,78.91648301888549,63.19393536268888,54.10234683108523,38.19035228380067,39.57516529909989,52.75431829161727,56.008147094873124,73.95489552201929,79.34718015183313,77.95164955051683,77.12668338450374,75.08984438803388,74.14224936560034,62.212861762757896,58.086078845794965
2025-02-05,61.14587259500546,63.363820018842915,56.56088429700787,50.79650666422713,55.009188899307816,56.263299076858075,63.11690256026726,66.78262527868397,83.11451997944056,82.5586110434878,71.56359580966455,66.50509118475242,50.004342176911855,58.66996744004849,65.01635806270735,67.02311332204921,71.33670526963172,81.4655335961045,78.95630638351442,79.07079839698656,76.07858908610459,73.04237044641837,67.80867584561804,63.96430914372782
2025-02-06,69.94948049645382,66.43215447070598,62.89190682206811,61.33814765598116,60.65696536221824,64.83592430438821,66.18594261382094,71.28380410912588,79.62976227210088,81.63070498982754,75.36287045420296,69.86593049859486,60.28150468817749,65.7615478632471,70.20695079486302,71.75180714308745,77.9877947987783,80.29369530512176,79.16633488189024,74.74529836593484,73.8601550650339,72.47856425830233,70.13069358508366,68.21278359301472
2025-02-07,70.27816915493212,67.335681027892,61.457423600094906,58.370007039212084,58.12515855643394,60.21208735811855,65.99119063121886,73.50064867281435,82.30730423032985,82.51131715836965,77.88852682637553,69.44149170159645,61.00880759234556,62.078864025100614,68.40921807733487,73.18730081132898,77.16043589947944,78.7269264516849,80.44161316901695,77.91425674495508,76.13946486638491,75.18111439729037,67.97378772887464,66.35593255546301
2025-02-08,73.98521968772613,69.84722306869367,69.12021565257112,67.06164137256248,60.11867154170072,65.5718336496912,69.12379188198508,70.56543654667729,82.10524991199944,82.30598741381992,74.34995390710031,71.26406800097818,60.228923655241175,60.12042699265673,67.68819942757868,70.91238017290426,72.67932069876855,79.66881428505238,80.48802044984586,76.83307312864171,76.09095026985285,73.32433436714673,65.71793470817943,61.41669393573282
2025-02-09,69.4123394064418,58.96767851587866,56.23533521985961,57.838235051008354,54.87272827137194,57.96317093788825,59.67186908067126,60.56306636044084,60.25098490946228,62.23058631848605,58.646132954447374,50.60317109749642,45.00691598742428,47.336017045530426,53.14285656038729,56.22893413551398,60.7469993857485,68.5162700902679,74.30467636638795,77.02195004291875,72.76973560520386,69.04896313677779,61.81679490847254,61.362323865574496
2025-02-10,69.85822879227625,66.57547409153379,60.292657533129415,56.873044453335986,55.59974705697134,59.27841611449358,67.52698716364888,73.81890921328551,81.01175642291027,80.31405586617966,75.6400007517595,69.86925277471009,61.02762686081802,63.351613982220904,70.1987319028192,72.03276548545998,77.15026967108126,82.00984305571932,82.28543852596928,81.78162705928591,79.00543282754226,75.122499805164,66.59171480112038,67.0255604485799
2025-02-11,73.50937859507003,70.2242751024616,63.357421958669825,60.51445597523886,57.212641313068055,58.09193054279976,66.0187237763652,69.69760068087042,82.41750027011464,82.50075306207904,78.31265834191812,73.40782555033645,63.35882919233096,72.64166630491067,73.66422706452536,76.65503069263902,82.19166355092108,82.71707408557278,81.81905931618029,80.36364704213207,77.49074221505414,76.87231295556116,72.20320281748907,70.07024123881135
2025-02-12,74.4745669597648,70.59561092733679,62.97179737472876,56.673568037296185,58.40488722402302,61.17747063633893,69.18099950103297,76.13304037824501,80.29939658984785,82.23836483188335,80.90301850706632,78.38574459447297,72.11771734982898,76.18989796286299,78.1227390702318,79.37969514681494,79.18112886739691,82.73655268971896,82.53057151692181,82.37285025931861,80.60401091391036,80.14465533520735,76.74227555617445,72.49710080742395
2025-02-13,70.69608160001854,68.13811897913142,62.34887893248939,59.951724255407846,59.08976450447057,60.68614402822795,67.5841819333954,71.60137534643883,79.29821353916081,81.91504299052545,76.47025565723693,70.23757341041875,62.47792779195903,64.82660764533067,71.95388890733823,72.9251282471263,76.34870417996103,82.1978686513686,82.29049115235681,80.57631935801643,74.68608669777194,73.70623759454972,72.33763349805275,68.95865587889922
2025-02-14,71.20299651599467,68.90303750468354,62.21018646893285,59.17876131316061,58.70443302195101,62.28400846880027,74.31613854283415,71.68504332452433,81.44450911855058,82.81149470047563,81.97892586440784,77.15069565814295,67.5064198554952,69.44241974743994,71.71147761111393,72.33824324682524,79.53683226083103,82.93101872763181,82.24022091688335,82.33325258083816,79.74848021797152,75.14610641945106,69.59786508335783,68.03572286117232
2025-02-15,68.90063046356151,67.19279724725055,61.57809748332828,58.353968791956746,57.114386030397526,56.28279967417413,65.64290214499351,66.39064888955112,76.44049158995232,72.71182021541983,71.0596229839015,68.26818263326261,44.77350901983478,49.05483919890608,55.139595538643796,60.85136938902642,68.85338958707264,76.5249854011251,77.96219099266642,77.43014083102311,74.72278451294933,73.22992962770307,68.9858624987365,66.48033884210692
2025-02-16,73.51440291755992,69.10670476595922,62.434139350962944,60.53228832489635,59.364426809261886,60.985931335834444,72.05921047351225,73.76255674002431,70.07737797340958,61.34334129296475,54.03220899055188,51.22165836995058,34.73717753461963,36.79404419578266,52.59930027168556,58.722566170486225,71.43816875026197,80.54603713689337,81.99098687698456,81.31930504136814,81.18045695221625,78.72202699346919,69.76960209725145,70.2786165952624
2025-02-17,73.4968654970052,70.3338257173001,68.40685486377238,67.23845326317122,65.35204464042171,67.21068083001548,72.90481883992624,80.92771251777536,82.93777502217557,82.09423778638192,72.8858279309899,68.9138988434443,54.443811200604515,63.20874987971512,71.4647421895415,71.57200428508197,78.38359803044963,83.62884614504046,83.45343017545,82.94405089075337,82.49714410178758,81.80330384072607,73.42258852475821,72.82385039421484
2025-02-18,70.32266838071702,68.21943257144788,63.80221930211417,60.71402264688402,60.52992146538123,61.89474940553686,69.12779801820365,77.82709013701849,83.0692784739842,81.83924004945301,78.22636872089116,70.73300738864552,61.01315983896823,62.00192609772045,67.12015641230654,68.7299376757252,78.79163783885681,82.61158733236286,82.49725786106413,81.22153420575876,79.947133979065,79.86173507207835,68.91255617620466,69.1569551761525
2025-02-19,70.34860085428703,65.6166257791534,62.30784656537557,57.96791479526231,57.766222769008365,60.490211681632246,67.57582326062428,69.82263028618465,79.77514402808609,82.79255590118905,79.1299876220359,72.41714314902424,68.50664152202737,70.20341227563486,74.21203230782773,74.45186918886482,74.7810304831932,80.78640831391802,79.37678055505414,76.625314567858,72.06599510835952,70.10727935071218,63.48922823491267,61.47176017682677
2025-02-20,70.27732846916152,66.00353786491388,60.450785342720316,56.224099832785356,56.87708837456897,59.178546630124345,66.8764935173059,68.75864858194427,80.12085556286839,81.52750138082985,80.18810488955405,76.13269326693799,65.44519294574954,66.2476144836133,69.26175372575752,70.60898137631594,71.87269936183884,80.27037130813909,78.4325959571614,74.40912859025836,75.73280625059914,71.97350526453765,64.0540885405844,61.068381215218274
2025-02-21,69.57335252533787,67.77502182755535,60.207688040383,57.58154433345764,57.37925163417458,59.55468660998993,66.35884101306301,69.68558572405547,82.39350604964584,82.39298791193983,74.86561524725829,70.84836583327349,59.19384203222113,55.290369670423566,69.40145222289034,72.22338638734773,73.93283674323716,79.76954454193768,80.18579784556147,79.8434042881792,73.71647189644145,70.34241414653648,67.910565109258,64.9502216219295
2025-02-22,69.7346725901439,64.6294994583733,61.26372142859552,58.17426161332433,55.920210738475774,57.46863890145529,62.277532767717915,68.83472130596974,78.74218388616305,72.64721531621684,65.86884835029285,63.35915270482284,47.566574205269575,55.269312093702695,65.76988876527416,64.64552331807417,72.37544571589358,80.7842545551316,81.35421397592323,80.29006325705063,79.07410083067798,73.70152802966773,68.49538041677054,66.19386436669572
2025-02-23,71.37969236531967,67.04347630062668,60.691653285050535,62.494090343199815,61.94670899443615,63.41401826725397,70.75762501711029,73.6142402530982,74.92375023445008,66.23004129815047,60.64022472924741,50.49916380771752,38.29959248969289,45.55300355124444,56.52404242740184,59.865129969687246,66.89163166391386,78.92751800564794,80.65893337240077,81.87573025701326,81.48999161198273,79.51914986924668,69.46769099986565,66.61919663160567
2025-02-24,69.89327247093402,69.13298653644716,64.29384746827878,59.50063587896153,59.307129701289966,61.10430585108772,72.0372113535092,76.76015400309797,81.2727118992415,78.56298462017135,69.03455694137743,63.505722732649716,51.78621119355174,53.42152432122477,63.63725518813331,69.70613005089814,70.26374507570763,73.88605264272736,76.74055166379897,78.85146570142545,77.5187826140546,75.42221574192219,70.30613472298127,68.27711240101476
2025-02-25,75.86572768588948,70.00677093317549,64.43640369242824,59.90106813121573,62.772441176825104,67.11041002446063,75.0729121893327,81.19190150066413,83.548483244322,80.74258677668799,74.89227856405418,73.74945142593967,67.92702370900989,73.19958738913043,71.71619083461107,71.00187557466052,79.49148100343527,81.72002533535868,82.3352677988175,82.60914775754631,81.6310056508879,81.81942937565988,77.81916427819782,76.34209316741693
2025-02-26,79.30090174792078,75.0357954999554,69.97398131651282,62.30581586634531,61.25757664641345,63.76386800161687,74.19966764847577,79.33664454447374,82.37302509455384,80.09020734667116,72.6702999800177,65.25652906630062,54.56487157501208,57.72681739717511,66.15452178943289,68.65320885489471,77.44130965246858,82.15995090761854,82.09177475726453,81.76785106868506,81.3528997062994,81.8249560535048,79.12993727697385,77.1778697824978
2025-02-27,76.55101893319208,67.71183239370531,64.18522665955231,58.54534477736755,56.5030552888674,60.39388252470146,68.9208033907393,73.67879971105143,80.90531906970578,78.17976950934275,67.4363027624647,60.82388048735007,46.38042248888723,51.46927936598705,61.025623799917945,63.443001454115816,69.07159476236406,82.04187297851394,82.19839221391437,82.34060314926974,80.36491812569696,81.21556465192543,72.06339431353953,68.74930402708193
2025-02-28,74.57668976172974,71.43438593891462,64.4139667033794,63.09710797436958,58.45373384148538,61.8239569563906,67.6354512113509,77.27122262664126,83.04581777897805,71.57055952241168,61.12911849869831,60.30238435710294,46.39340346656737,47.07216273053188,58.92922305388527,62.27420029189514,67.50576496829687,81.89293367715499,82.28013161224875,81.43499845817074,78.0781481831636,76.60183082347257,69.60810945633614,68.43999715144274
2025-03-01,71.46772205648416,67.81919525533026,64.72018416184952,61.938508965356796,61.10186536385707,64.53719300391126,72.23538785463074,77.3946076670772,82.17218032337142,75.9545034104767,69.92193505374725,68.42107180731331,46.95348889951648,54.699505145347636,64.09156186791837,69.09412123197293,72.6150056231662,80.96831178016488,80.08279864176829,80.02217840166772,78.42150452408954,78.14263616137946,67.13110917072535,71.16078375424797
2025-03-02,73.72003035148934,69.94373478474881,68.15210777972314,69.63013475652137,70.90308959969832,71.35978260644357,75.67180691376625,73.36464988756227,69.14778318509856,54.53887466765883,45.83460710884686,29.25900151217643,24.33501424324881,32.08498818063358,43.01504464111355,43.751018343520855,56.993031571093134,77.2603931410067,79.84675675212584,80.85889178098437,80.19602400458093,79.73891105401661,67.60588969759347,66.33153404559215
2025-03-03,71.3399815475122,68.090213600661,62.8790788010068,62.47643793942472,65.51164874139619,68.54261161446604,69.4836817184343,68.00479919604233,79.87762000135287,72.63416636598019,66.07444375792444,62.34328094157223,54.81705822142002,55.88241617541779,65.23960930291463,66.72031461002504,72.7216557878639,81.11702445881781,81.2086730942041,80.35243368654537,78.86085713303694,77.3103410528096,70.63102529995084,69.25175168171062
2025-03-04,71.36156717716258,68.43776711845052,62.078374577669365,55.16914702413633,55.348028268884676,59.0425823953469,65.12367778631834,67.70807510710443,78.44828810220511,79.91746780640514,73.96321514499876,68.17349776257974,61.125396623869804,60.69080154058158,69.02001661413966,69.31455883328474,79.11986008775155,80.26245069734821,78.80299459608975,72.41135145313342,72.7521844686994,73.62910663648604,67.2422325742276,66.72915415400745
2025-03-05,67.31267265587495,61.79273606898344,56.967738922222146,53.81147419457787,57.2597925379791,60.24181656152508,67.07711227684143,67.73574888554246,80.27044360671789,79.48312167554495,68.43865822811678,64.37031069096695,53.151891095739956,56.667317611456845,66.29627461741107,65.29398880516892,66.07036099926282,77.6193459036527,79.36309123746304,78.07736146303378,77.86653257641224,75.44730463090349,66.56686985032832,63.86274891121528
2025-03-06,68.94515008718277,66.16344096234393,61.05142140322019,62.97896688581417,65.16693830744593,68.87622135155382,70.87933918968979,74.09973931843398,81.12037919833716,72.50800356429245,67.82709444446954,69.29662153050695,55.523864726826204,57.78947158037447,62.5649453351395,62.573075241337776,63.452412116331196,78.74543504589046,79.60613921285447,77.33770711853983,78.17618902665426,77.36134613240435,63.28113643581381,65.34231373406209
2025-03-07,62.93300204922028,60.487311329480065,60.18249122063838,60.22540688120149,65.14589212406541,66.5403387655358,72.55656324510666,70.73033426356848,77.77063535542571,71.8132025361266,62.841389563904286,61.47184640805928,44.61981316311641,45.23215023736883,58.849714890895854,59.54928112834372,69.52057572663946,76.15393286107528,78.21514260502342,75.28842810456857,75.72152401027049,74.9743813902446,60.87744791564661,62.867259304077265
2025-03-08,63.817447984596214,62.642455266857716,61.89595913981109,62.65877977189385,68.1100181426759,69.84970757555286,71.94065966272709,71.14293585444727,74.05228204356457,62.14553949128056,57.16576473339089,48.09322345451537,40.49958847355149,41.18721658140117,45.846594723515885,48.74040597448539,52.93116987768931,73.22366938282586,77.28525756934967,76.8195852942055,76.74071856697634,76.53725406078468,61.83841363991182,64.05359491271543
2025-03-09,68.41823250497904,66.73734222504429,66.68498416899665,67.26155173755649,72.54293647005272,72.51730265216952,72.75924299472001,72.87218375864408,65.98969715473021,45.060021996680355,37.392011425240085,30.228782481233637,27.687033280964933,31.207208616672396,35.47993653810745,40.729426490995145,53.52355111654202,72.48483164733692,80.54159596945256,77.83629669357146,80.98813613939018,78.0405518203,67.9518266827341,68.26739279638365
2025-03-10,70.87143781348469,68.53190697136725,63.46795521515461,61.981825710163285,66.63844014217143,69.43844681308461,74.55233610256295,70.88269772624577,75.88169229722722,70.41461574366068,50.22787601158445,41.27281667858055,36.508210916304265,40.6794071979098,51.31735417470914,51.9135337052018,59.11564290110366,71.98433842099384,79.72346367857496,78.78655072904,79.23431371288888,80.00649764535711,66.823094352463,66.65183412763022
2025-03-11,66.60958641929668,64.89063966419279,60.75122290526262,57.290248254530056,62.318642646070636,65.20587071658005,68.46563814144028,69.42817563095122,77.53123718175031,65.85487289601289,55.95494944712828,47.3485716819151,36.438659678482274,39.70164820311907,49.8164475929237,47.08748537426755,59.905149412308134,74.03186274795868,78.76074346882828,76.69099861012921,77.03143415030213,74.75192985308954,61.63221594090243,62.524544143645926
2025-03-12,61.31522395618125,52.79187420598632,48.54181388676202,46.89402669313299,52.10045210266289,53.77272338043335,60.52234300763714,59.04845508125387,60.02674447076214,42.21083766568549,35.435050603910874,25.303849265240434,11.030691369846007,16.426325176167598,25.081220530029242,28.70650749195843,44.56445563706908,62.43789160848537,73.68886287765488,71.19509571253798,73.98892476329465,72.05222427081274,53.32631672040915,53.23037665654621
2025-03-13,64.5347985171239,60.39675963703625,54.58344262739862,52.480722319572294,56.373287652193845,63.157912854181866,67.97874464740613,67.71023404744376,70.60951924678179,58.732811604839476,38.42002130130906,29.231998508149154,23.75820496365008,24.77265720297001,37.455173907678734,38.2836724781583,42.71361500790871,64.53199554593873,72.4410907275283,69.9825147509532,71.53262554995682,72.60216827598275,52.96827501667922,54.14032375820006
2025-03-14,59.84477602989821,57.287537063187344,53.0736270496194,51.573651430625524,62.882445865586476,67.00287562255532,68.894563026036,64.4516384098724,60.56815848613062,32.87347980342074,40.48040216525466,27.845297423128105,4.920486480654357,6.1170560118798125,17.4595830658567,25.78385768045218,40.95280971739183,63.363269901025596,74.98001776887702,75.71178635620474,77.28825294105594,75.65215966065989,56.931764401858985,54.86289097284685
2025-03-15,66.44711552261889,59.2639603543924,56.718325831352466,59.369407205586114,67.77594144137149,70.21493575447049,72.35431521035636,60.971986447059656,50.43301207716223,49.87890885834796,31.608442003529756,20.98656647757705,15.65427707448858,8.124506279606202,17.517638591682616,21.394468395370286,35.61092419195945,64.18033645352783,75.8844150394641,78.21067653796807,77.83426242055582,78.04081354932013,60.83204034848235,60.16131588884583
2025-03-16,60.8421476222256,54.473224940420366,53.45553318803357,49.98720697429188,56.48538475210128,62.0472243648013,65.84554907248038,51.97454857604965,43.389736800528105,29.44511543202698,23.26238649390186,21.80112238458033,17.838266291542165,10.85073060802257,19.780757625044952,19.902359987072444,38.11514911371487,70.32728733930279,75.71705950889131,77.040157939198,78.58235545863879,75.55409433109037,59.87002704174298,57.623460046591035
2025-03-17,69.48349889076376,61.5869384644635,55.463483118305945,52.89619584228082,63.930661400856835,65.88383385098957,72.38653416472752,62.56363057551996,63.32436524858463,44.95032908892253,38.28010172070692,34.84137733176744,19.933353796059336,15.545248034200268,22.281819372374667,26.81607315078674,53.01396954115576,71.02173474312269,80.30292381868189,81.00308035357669,78.7568706649644,76.73663789488599,67.79875449727109,68.77442955487153
2025-03-18,71.6585849221784,64.76925858205463,61.947296647489445,58.33111295027847,65.89688141067803,68.77164533502058,73.04736085169294,67.21405930011382,61.758929166699616,56.983121162016964,44.09519262281784,29.07934566182222,24.956145693080156,24.389910524320843,29.936526622597206,38.127163352342826,48.44288732947382,69.3914964244784,76.41240183228717,70.66552450854088,74.50306325804402,74.33047001557095,61.253670367766695,57.66805303044813
2025-03-19,63.39590856866688,57.50182158675174,51.61749303805236,49.64508382732439,54.90659843368278,57.96047217480188,63.8120539494583,59.645717764517535,69.2612961003725,55.615675641657425,48.005109358568035,45.35936656837455,31.677482574103937,32.58084291013905,38.233776344857816,45.74641645122805,63.53398769311968,75.39295097135724,74.18611069554952,75.10112634874055,74.38121943054604,73.76605926759619,58.57331768315875,57.23021336007984
2025-03-20,62.423613178479094,61.43645080090418,59.09931620131035,57.7217081742715,65.1727475794959,65.66012714510279,69.30531884798805,65.38987615569593,73.07007825988147,71.01099462017947,72.19459356248662,61.0308923252999,40.4844895293995,42.5894668072567,48.05195607693493,57.14098025097646,58.897745076086856,66.3715555530419,76.67581541261463,77.83556472774633,78.29757641693155,77.96590659032779,63.96374175285788,61.93433170151779
2025-03-21,64.76834435368458,64.72294305488813,59.247998224422055,59.65627041209177,59.54313280299942,62.219352265119745,69.09444345100964,67.50951131284513,78.74017066831577,76.56851647540103,55.33121505326858,49.27425240070355,37.05467364160174,38.225073668266305,46.35348020001954,53.55494064440696,58.35717186093122,70.86582990467629,77.01704329639801,78.53596905185935,79.41051093143982,78.73103953077685,65.86349627377454,66.5778544397689
2025-03-22,74.64647212312445,68.32610810544027,64.08518163537899,60.664365413890806,61.837509129613906,65.81279321932736,72.92173885806443,67.68954797677965,68.65922381726615,70.1247752433023,65.39640144409712,54.764079566125325,40.09537962632246,37.06526066774393,49.350213733703065,47.71360507027382,63.334121619495114,77.69281657895958,79.6494172599451,79.68930556926773,79.90548813527954,79.96054548808627,71.94394374203803,73.62798923404883
2025-03-23,76.95234064476598,72.24274998271393,68.89129076965706,67.46723957317998,76.55980982357208,77.46281643447959,78.28874082111777,57.52769312982938,47.62463777730878,33.64806427764855,36.11923538881894,30.019537414206813,20.41400361580383,18.753272383005246,21.170761569722785,30.63277998092031,41.506458320525205,67.16519315348593,76.13932863192584,78.55564722964296,77.57280828929504,75.23792762492484,67.41477691643665,65.0942476511983
2025-03-24,67.16678891338981,66.30786223283478,63.821756839627774,60.625191242289105,67.55432305341647,71.02788558611797,67.84109327396025,56.41798368668754,57.024134670320876,57.50197052804846,41.966961835798614,34.88324508528175,21.672850479089604,26.387665354491904,34.71903788265301,46.27665702457482,74.98397589096385,77.14622813017473,78.95898886783891,78.91834102799288,78.90304887067242,78.43305783693353,65.43786846756382,64.68742760483593
2025-03-25,74.0898770771891,67.57314805777052,64.2661688814233,61.57254649741569,60.10084129143195,60.37116334003361,66.7741009431476,64.73587050008206,66.96593686499884,64.88253098869525,50.77593553558127,46.329019731987685,34.2345401135578,32.215175593423524,40.30767065531453,44.472842860855344,65.16020684715501,77.5105157909125,78.4576002213614,76.91382474434188,77.17114495899656,76.18197605751627,61.34423729936221,59.622893344482975
2025-03-26,73.04776022448591,68.59793380529295,63.754631511006465,61.2166970464107,62.78195578091448,67.50126354247736,71.76862822986553,70.05024896399345,79.45319970348145,78.76572441389546,69.35520264771624,60.422455248682425,41.34455601267312,44.092929867342136,63.39891934152101,62.46244296957929,64.27381907587572,76.61148023282743,78.69680771990086,79.87502984858202,79.4853505894633,79.75324629373928,70.38778424939869,70.48601015323196
2025-03-27,75.19578307419293,72.94782540687993,62.46970417799018,61.22236428868142,61.90369013554174,67.78124539717524,74.1777079856396,62.36830431606241,77.98444713097366,76.34840253066612,64.51401704705232,66.14336196175503,54.26009823798251,60.247231051036145,68.05893965775213,69.8019736063499,72.808540151564,77.72906659518664,79.96539292174783,79.54661022408017,78.81127730530864,78.16089835694771,71.7524215296449,71.78816079063881
2025-03-28,71.50828151103094,66.51007785834666,63.043758945709286,60.79613281525453,62.54587867520764,61.959731337548746,69.97927183966324,62.546973228290035,73.12265603150904,70.44245622907204,64.75203187467214,62.69699862697092,51.97408068581429,51.09713685755478,64.51839671906464,63.0921095554262,63.87554017549525,78.70662154401184,79.91419065112427,79.74914276127397,80.387475771768,80.04249300240105,67.72301998771619,67.45241544358069
2025-03-29,69.5089816634055,63.72329204067463,62.5445156521818,58.82817679365539,62.00884258483804,66.44558727034439,70.4378842534506,61.98059515440455,59.728680794078564,61.3212894521225,57.83786955383832,53.5781472475914,42.56463198330627,41.98453952516607,48.66766122690927,56.32500981998024,65.78752112812676,74.17872637476778,77.11432785209949,77.23914404232565,77.53206349334634,76.95747033528133,68.51361616779481,67.63673490102563
2025-03-30,70.02407012396465,68.47190191774682,66.30469216342631,63.33789624169601,64.03472678249156,61.836089064346574,60.19840681495571,47.74156715612967,17.547090483422256,13.61435992891426,3.693642442048647,1.1983616068844656,0.47724238547395215,-1.6150389254726094,1.5469998389930084,3.337741991359942,32.87080579053308,53.486423705578865,71.27713488099836,73.02563334509462,73.24928511778678,74.97504164726745,62.00463396639396,62.357575575976284
2025-03-31,69.62211632719949,62.6449014064422,58.30424099315698,57.43990173293314,57.46045090257868,61.77988673962293,66.55022650427217,56.17584957957103,70.78365361765795,51.24124658564437,42.064471943338084,39.27337130199315,30.954741563481,31.316871959116078,39.658258077037374,40.03069136815498,59.322403310602326,70.34791095868357,76.43420984585481,76.88737471405342,76.87203104688889,76.31469718930028,53.003164792695465,51.99117947543369
2025-04-01,60.028631468554444,55.3320176742095,47.26553872148207,47.86638080607296,51.32223652914021,60.062937132362585,62.09796936536674,46.0453039388146,51.14450585869284,44.13484904527173,34.3812317752398,13.092639033239381,7.432144221787569,10.116637517268328,19.785519972800504,26.60950614006669,41.46335903438636,66.56475301828644,75.65621530759134,76.75797082645721,78.68350064762902,78.48373238955578,60.42244950004015,55.267839190340894
2025-04-02,69.21882295889115,56.10655291238127,47.065212437767336,49.18901187819423,46.840612114318155,54.015871573261734,58.57910803459041,41.897609602295006,45.68000866974354,42.34008286714531,30.52940835545321,30.371468738961326,35.868229140103544,39.261440127594604,51.04577425573274,57.531359243904845,63.78006231204529,67.07596164960265,74.71906263408647,74.7361940984038,74.90937298158963,74.67834982269936,66.70871001766386,63.944213609755806
2025-04-03,70.71820073133493,66.70004182788638,63.62757025616649,59.94590501214953,58.113229216325855,58.625597080899894,68.3108503345077,61.82627984821219,67.52006865024654,66.3795479609755,64.43039933767734,60.12146367466156,52.98925493355884,54.03153353256584,58.38430383145835,57.939709728121386,62.63689055006514,69.16584132570941,73.53197609533767,77.21718499972772,77.87071226475199,77.49873518031431,68.39014729118762,65.93887700691401
2025-04-04,65.53109610167019,62.88346388186892,56.20619699680136,55.061065285589116,54.170200814612386,56.01814178389831,66.26483472491316,62.390249754973155,68.09345663087248,66.9487848596934,58.14084239362686,55.9234912828507,47.91153140792165,42.104275400118944,57.05147186290219,58.98325348828727,64.24572551359964,72.4063781252148,77.75832617648378,77.93294630504559,77.88158914909779,76.83239600316013,66.36219732073575,64.84821446600061
2025-04-05,69.479598321103,66.87071738109228,64.86951987253681,64.54410041541564,65.1123461449048,68.1910736688114,68.22801288541969,52.826178657131514,56.9711816532773,50.73257536633486,41.95803021888195,39.33417977230528,30.143037862213713,31.167054223516036,36.02721857797313,44.45799823841909,55.14484072800255,69.03394588970824,75.64691276712864,77.40795729234485,78.44727397138706,78.19651271661054,67.60549697867408,67.70436075682694
2025-04-06,66.55149625416423,63.79898087099157,60.74289214740743,57.952428821935484,58.38739599901621,60.977827382248684,64.99659283526813,55.72462342710443,63.373865438410654,59.0754605787409,36.17952553255411,29.535440194498033,21.713464914761133,20.53511936051085,15.394134065274473,43.97319854100038,48.03278229036502,67.83311178001723,76.73830197984353,77.08509765520265,74.17607084906435,76.16610337845083,61.79249631426264,54.93117302020448
2025-04-07,68.75104057330059,62.715331923987634,56.50746666591602,54.00877600287504,56.001443999171286,60.64054281798969,65.77884137074982,48.56347578523521,50.33298509842875,44.59534485976402,42.531110715186436,33.75504914753278,37.659448551135064,39.63098035181408,41.30704278173995,44.46466132139951,53.872313625136265,71.04514658094452,75.65892294605071,84.79111433321629,84.25187877946632,84.07064272300676,69.99305545428354,64.66609250545787
2025-04-08,78.85829268044526,72.93016657995884,67.62453931169922,63.26460794815215,63.280372080563204,64.41911692954842,70.60496508187705,67.13745417494917,76.96477163232075,70.54981212327556,63.63809709115784,61.05314008531984,49.112762103612184,54.87302684308387,66.96292382389281,68.65609985022404,74.76673184957549,79.31601166047899,81.78047642765908,86.74798264892448,86.27007699230825,85.72158018536264,79.03701140075786,78.25216945445636
2025-04-09,79.50783321589381,75.07560282900025,70.54188399955561,65.89531254588418,65.17166108161531,70.13545918820346,74.07334254592233,66.49248709297238,85.29740521703852,80.49489398046737,67.01450517540044,62.720770984199035,54.272999571460474,60.24240281439351,66.17717785169636,69.93867426397425,84.2619182460171,88.43650735110876,88.87378601249188,89.17722266875079,89.09775236678281,88.93864105557343,80.08639306831887,79.5872462811242
2025-04-10,84.32178072500703,75.4251745108916,70.59165364978948,66.12264838073848,66.61229412739905,73.48843987106312,77.27565918712051,72.50065179756436,86.79866543778898,83.57827271511329,75.03050028205857,70.32613031462266,54.96052680295535,59.428187602766094,65.85870194537512,65.03178350500066,68.64458917829053,81.18597747013371,86.98267753202263,89.3378999141708,87.90998830066124,88.98834933577925,78.59609302921021,75.44975064865689
2025-04-11,78.02138065197528,71.50085891175686,63.661127906705026,62.35054000499825,59.25348640081816,67.20535228427389,69.46328365522072,65.30966951771546,80.90724642556765,79.53233646655876,72.68303300937731,68.1174007410372,56.35944784691525,59.68160401750297,71.17359576551843,68.97810471132873,76.67076749661844,88.30526463373408,88.81914875843756,89.24071099413794,89.16250861774458,88.79254640826885,82.05236319656356,80.18288783710217
2025-04-12,79.78999913454557,74.0932720392925,67.63610409174673,64.88322908323516,63.833752667716745,69.20382314192383,71.7843421825685,66.17503617660635,78.64337549045813,75.3615633774629,65.71538679997562,66.04659953301575,62.25614270069864,64.18279273840521,68.36725615581933,69.55830455365361,73.90844022557489,87.67616841111585,89.1038359800577,89.37042960618574,88.42869138441183,88.39161169244379,77.21397287781804,74.62974334041121
2025-04-13,74.89736116975448,72.90459302113806,75.2718929097785,66.17046332265653,68.51525254067259,73.81022908882474,72.35513565384697,52.73032209018889,43.34899023409949,47.838863995750124,45.74433739732087,38.327833370302265,30.594910563970462,33.09406942985386,32.07601360858089,42.89595285353437,51.23211328108241,68.07555674252725,80.10959964604898,88.59717434177746,89.50468273513434,88.27436509219679,78.37165281072687,72.17305572206752
2025-04-14,82.98621355220266,81.76566696850638,76.90264688893318,70.34262127333274,69.39970425797753,78.51840475952224,76.02104147890891,69.70977119723244,74.65047547806682,75.63202463301332,73.02709614242241,69.52735099643839,55.74479719708962,59.90531659451143,69.37391164815313,72.92747907855627,74.6454478214338,77.49643959768899,87.2744889232674,87.09534879016407,87.04853551589778,87.16832186067784,86.14119090031984,86.32634740915954
2025-04-15,79.44668807653446,77.25238390113883,73.92241398622619,62.36529888287872,67.00436917842855,75.6222002225366,74.91264455718563,73.70032761122548,86.88532828414773,86.74268746248973,74.50674596771256,72.2479714766783,56.61952711064242,62.35214639616888,69.1643209678605,69.0799313210785,77.88406693306813,87.25243064892149,87.94704766072398,88.02105144971105,88.04539406094673,87.62166028404046,79.3001461841514,76.62754066473177
2025-04-16,85.05184664747455,79.22797443409922,70.85005255135495,67.55582595187902,69.05391134892004,75.98557379249873,75.91247304888117,74.22393981334422,88.88070046281338,87.73593594711556,71.41186154946672,72.04674943607439,59.089833474170334,63.12053780725134,63.096590869085695,67.16727158782699,76.73932395526855,89.49375978448549,89.82765799248992,89.83862542830329,89.78855556816704,89.89567443831656,88.5187898241664,87.69509011742733
2025-04-17,87.56342070715647,86.5182074556569,77.37134373301343,78.36629473024722,76.87871716108135,80.12876012785343,74.05694410573352,69.86108137968043,85.79266784556722,84.85832935369577,77.2094492611282,76.52205558887253,56.080607482557525,58.82384695017662,63.86241372419014,67.04973549667721,76.64108455971729,88.93259106148234,89.17363553594669,88.86390062650895,89.89235179354505,89.60239521049489,89.59938420317862,89.24270574491406
2025-04-18,88.41258078666425,83.71122429651955,79.75516255685895,79.32334729566026,79.85826525163203,84.88190082384128,78.00730229758713,65.1254757215214,75.04357742006721,77.35522185623884,46.94851149375654,60.66437884241585,40.19057758603494,40.29557698783003,51.27238778961123,51.355025642625435,66.04812518006979,82.2720282883856,87.90078686119645,88.69571982960767,88.34265820815158,88.5806417370771,87.60372794940837,86.12324903510759
2025-04-19,85.15125739302115,76.94546413972417,75.4252171990121,69.20097824919128,70.6248605194448,76.44980876917141,77.27228826299792,61.9372189972136,70.54849964403708,56.863350086860635,41.927221758743265,30.544150771721718,26.05800624384311,29.815068559850832,30.293995536178322,39.965714053391,56.77554297946027,79.54939853962415,88.78107172739858,89.06354259265746,88.94351483266936,89.02147782685458,87.95636214673183,86.23341436701722
2025-04-20,83.23714737889485,77.00546096248246,74.42399117870207,68.31672012123708,68.96872906776187,76.74947455462673,73.62336012179045,60.922113113960194,45.546988138594834,13.19018815958258,2.738512268018884,2.368709969813611,4.333042558711454,4.462401222299881,2.590104539021929,3.95743735882709,30.971951250393396,50.94800668956153,78.67424529795055,87.51173624371621,87.72048777424874,88.19871529912639,87.27134773024511,80.54016196039021
2025-04-21,82.54344728861226,79.55723089324471,73.60030296894087,71.16834925247512,74.51020405103657,82.97388221169457,81.71695223037605,71.60953850746738,78.05892026127054,65.13742900557465,48.52350950358523,49.148058178429146,34.88225511122875,47.249417432736806,43.76781651797254,44.14983176040384,60.20976746923957,73.49848772457464,82.61922865284576,89.42787164997172,89.55315430211823,89.44508507302703,82.30912168125992,79.0345025211671
2025-04-22,82.31943571081527,78.16494017637717,72.09690850606489,67.52080072991507,72.3987985072142,78.00593784210295,73.49163438558666,63.099062203972224,79.14897765162605,71.48256415304199,53.43682202293355,49.14249017969657,31.419286807347916,37.722202697215934,40.971648124457275,47.11126565778772,67.3308254066647,82.17928464367581,86.5430557788896,88.86739946895881,89.13342018782392,89.19362569821065,88.5850930494845,85.89515398956028
2025-04-23,84.62605540064621,78.29539724727948,75.75743471794229,73.31666955335845,73.98297276717057,78.22226274455043,72.62276277826706,56.96280768906319,78.53284404756987,65.65290405034735,46.64673616488971,39.380977060301156,31.744488487939833,31.954704900889784,33.396641012994046,37.35903833576524,59.977973887112576,73.19514991931351,83.72530402613636,89.19408857538134,89.16880959836631,88.915563153783,88.65930130879673,80.58728827130835
2025-04-24,76.22218706880314,75.861843887014,72.72729772712556,74.43579097175969,74.31258134166693,74.96121297672006,72.05347138638764,65.86336956608658,72.54712172558715,53.4610435849574,28.235950432892867,29.594282402389275,25.617034097318687,21.824061884766532,28.83359530861444,43.13860456468605,58.401329881453606,74.08228327615315,84.9146986577395,88.17352324795345,88.64726220859723,88.52865479411682,76.81548331831365,74.45767375764044
2025-04-25,81.71636785560318,79.81381954384021,75.26529405088769,72.62273190220999,71.6851014489727,73.39857550879185,69.86626246870401,60.783452205817895,77.29838218826322,70.8781061312257,53.589415618931035,52.52791380159911,37.77005781202325,45.50019698750208,58.607781204025144,66.8950247193898,74.97954591773116,85.79250928147111,87.34906743480613,89.19583651796002,89.29172528652954,89.65042812161039,82.92782749196175,79.48559926074002
2025-04-26,78.64379804191805,76.2241277868726,72.1459639340966,69.08905113617845,68.33604720368811,73.03127041456135,72.23815952648663,56.94871226561068,74.58339429620484,69.76213430967864,61.632930383567405,52.69878383807869,30.9452151937581,32.86717169448567,39.57505377704151,46.889134674982465,59.254298226089254,78.29699283915517,87.90319333592991,89.16600241180076,89.24696378997282,89.2867388930328,84.77508529428196,83.14118354338397
2025-04-27,74.382060281425,73.8003145022842,71.03613128333636,69.25055397902396,65.33470912809217,68.60174533809193,64.36945253224712,47.23084912970035,35.62022989498127,24.36888553897579,7.392924844590179,20.517625034679828,6.791005546038019,7.635743418027085,18.117317699547947,20.72665971264612,27.335543238887357,54.28403741028614,75.35097835673733,78.95254208242184,78.69891838528692,79.26360526222591,74.24676137375047,69.43097634994147
2025-04-28,61.54678007332047,61.03580308911198,57.290994336337874,57.79588441993727,54.02043934158247,56.44537142471468,55.11472087609603,35.669880584196875,70.49768974044115,50.1861948230545,51.697866977465516,46.87716963911289,39.06710713807674,40.800305347683995,50.903189120768474,53.4143772415558,69.14188129636759,74.12694927132003,81.38912248439571,84.44039372600092,86.00245449208899,82.48151870113587,74.65995699851399,74.35985957340259
2025-04-29,57.655777894435474,48.63963049139014,45.44147688854043,45.361966052077136,43.32708812427288,44.992513958579664,34.26706619834257,34.08313850537728,54.390983038553244,47.92569741201299,38.10203017304568,33.67268174718441,22.48232945688134,23.082222457103907,28.31437053186651,32.77336559138198,36.41431398869047,56.03766969055514,70.47841614067569,85.48559405754251,88.73668165459137,83.41437662578963,69.91846435622311,54.712449166638045
2025-04-30,52.17105409758981,44.05038741666611,39.80325590079515,40.254182529659985,33.13507797588622,35.07667650579902,35.67669467695994,31.220655079172037,45.80905116125151,41.334623863961944,24.511747706672434,20.322295856782805,13.400406399177443,14.379074987204337,25.93383204402438,23.605660333148172,39.40870153271894,60.67560819285097,83.26788380872706,88.38811567881783,88.69696072474476,87.90567774981545,69.89132779262398,60.64610188094457
2025-05-01,69.94353189965278,64.94900082964092,57.498520710936276,56.46226437851215,50.50066890384677,57.14669400348544,50.514647363277696,37.380056702410286,65.55394445537475,59.938798524695635,46.27140032811978,42.945613895962,30.410409635994696,34.0141392803644,47.768407023944974,55.79916701138459,65.16979875099494,83.84048489565609,87.81188251430781,87.93100454776403,88.86885337644952,88.77154767082251,80.65826673459097,74.08433354596256
2025-05-02,64.95150846241627,57.347261442622894,44.05319884706217,40.993851223058904,41.536428458741284,40.380838067303124,44.07737282517788,33.89549703527656,50.00179451201185,44.557492238673134,43.31211152486396,43.587098522291875,28.26726233663307,24.69177935337785,34.405932781038054,33.921199663292384,42.116912078463315,64.24395014484773,72.76602529201777,87.45547887622558,88.12259176845208,86.25781077268263,68.87827289092802,67.96646971335703
2025-05-03,73.00691117882859,73.61374127949193,71.08646072814786,71.38808436072974,71.37658571568315,71.42575366801336,66.83859782027312,57.16266901298409,69.65667344066621,63.444792561462165,57.45973025945818,55.42984425056386,29.966210470967646,39.35753249295208,31.61851198966449,35.56926742187243,54.29234205671525,69.25832341980528,77.61531117095437,87.09918970264881,88.41257625621994,85.65610352201116,73.88753139255373,77.83912634895982
2025-05-04,77.1315075551377,76.96078895906165,71.66699796030741,67.94688226131437,69.83055203353784,71.21358310894755,70.51485103994574,56.16775677211625,38.37500521106244,24.267374898994138,18.497677180726072,19.81302157306893,13.366715727894103,10.912760438291372,13.144927757721664,16.237161489986388,25.97625197581768,56.41753267589271,75.87974727746311,87.34388300939321,87.90605098432533,88.16923298584118,78.59331492696356,75.2293479878233
2025-05-05,76.77681925023893,62.217107062354884,57.522209777307644,54.265928586361305,53.68015930326983,56.38346124118521,51.14888225125174,48.15519006810694,53.780667442586335,40.65212777639737,36.98738152096416,33.792724764899425,25.532745748423398,36.30183513335914,37.27588950228638,37.47819435871719,41.262308580903806,61.27010244011885,80.44340908246699,88.79697105190402,89.22623812009319,89.89958988880208,84.11709455119203,78.01029639293107
2025-05-06,78.3883312952626,72.21525966606747,69.87930595611776,67.62472426683617,64.70062053515214,68.20937403154895,63.000392623742385,47.003703722090556,62.35583989062325,55.70737845593133,30.49346733460649,27.62861312330916,18.957374054173897,20.96146525998252,32.26940893047572,34.50644874244425,50.16158966374729,76.33216158143537,87.78101784180838,88.96417208036738,89.53125748049224,89.0452720579961,81.73954964313663,79.061445862168
2025-05-07,79.28605436470298,70.22286550387732,61.97685627062117,68.13091335849873,69.27734718120169,69.51090316958474,58.10769749475719,32.9060977486341,58.979678147063446,40.025782374792065,27.491713242383128,29.630734710827593,14.615465505411974,8.351808543835329,13.49407605514806,24.54244236488961,32.08853482275568,67.4069272677766,75.68898265607045,87.79780958500554,88.39002697990593,88.00157622871966,74.28770089200187,65.12581160723215
2025-05-08,69.13916096536904,65.77435414458371,59.57978018823713,58.69526607707725,58.57116738065352,58.999529201283984,48.7796719549182,33.44356345242304,42.601193883446896,41.05885577501396,26.155104137947763,27.244586704910198,20.657320475240756,17.900206023315643,28.26505065309957,25.229382225993586,23.569456696409816,61.13974368201999,76.81171904328663,87.19169885181996,88.78161367056258,88.59787475869307,78.90204486791687,77.61516902274457
2025-05-09,77.20031899070437,75.27318430020374,68.2982906662563,70.72837654519998,71.87139569434932,70.05599316862359,66.51324561207984,60.806205602271746,81.31565398248416,67.61341188198908,60.61609626991544,61.41746610304081,34.590626864961784,31.506116576787342,42.97099116794411,43.4304640969244,62.842977070096715,79.3715078048291,81.82094405260185,87.21584117928148,87.14007982507505,87.2971594159666,75.10353492634084,72.13702870317019
2025-05-10,78.91802344177,75.21075513154241,71.671216468817,72.82364069757959,73.89187029545819,66.66835854229721,60.60591952684355,47.480466471801996,54.176335334135224,49.90242010924844,42.34897841542731,34.795186949294646,20.805566072820056,30.9702359605547,46.430043980263754,47.23674178122756,48.16626212340149,73.68077598559275,82.59252957684278,86.95468872902993,88.72149014019222,87.22498580589716,87.27256265049468,86.36631473379595
2025-05-11,72.5779626104603,68.11237225175613,67.61794694593021,67.80464293369275,70.81001071219634,68.21924459189468,58.4380983276981,18.162893446952822,-0.2351208079254233,0.553169647363759,0.10787298323553356,3.2628287665850673,5.107005682317155,6.191381933269978,3.479584644288977,5.279191040039384,14.924235328783535,50.15502380808964,69.24627633544429,87.97910144248237,88.94647957202535,88.76279764921827,83.95512932479414,78.28483960865584
2025-05-12,80.04633811162896,79.07311596779005,73.40147505057642,69.06988368192512,74.41106178593206,68.83435940668069,66.93843178676589,50.93578205461915,69.387451898602,67.48471731287843,63.48199962591669,61.38742147451046,30.461305676379414,38.42980887068032,50.063014500608936,68.45833520188856,65.70435714673606,78.38803665851836,84.07383245573446,88.96792120295657,88.87629457812866,88.66976576042227,85.30097125483225,83.59814518013623
2025-05-13,80.69468081114692,78.85008357572447,73.45154448866606,72.82751407562716,71.7011305702521,70.0042148726578,63.273867252324905,48.1940113925565,71.96802601630822,53.21109110760514,41.876184761494464,47.8780128832411,19.159587257589525,30.727759142127933,39.94755559801324,39.81116278793473,61.04583608687898,69.27352182948009,70.42443235599559,85.89247459726992,85.64183627505273,85.84825762158141,75.70547353699963,74.86505722221325
2025-05-14,75.93363778925809,70.32705247475086,66.1555033686941,61.18461461384933,61.89403045633823,61.02190577311266,53.261659133275295,34.80847610472796,67.81314050974098,68.78343788305715,49.709630283454956,54.68846002356029,39.17966905749455,43.321797320128915,52.09192770814509,57.509743345656595,67.83242068227811,71.36697320369618,75.66698666742994,87.12616280245413,87.86920383854638,87.66982421615151,80.6607651719301,79.46757585775708
2025-05-15,76.14852442666846,75.20159026441704,68.15076430805637,64.46934208257048,63.97708094195525,61.082359175132694,58.18306718349979,52.73249011917796,78.072492361294,73.72229823608015,56.782830941756096,52.677310373300536,41.888103713747014,46.33307530452447,55.62246353980902,55.84167119026945,66.07107429610869,78.72237537050503,76.00871758481708,85.0300976106483,86.55117130941044,86.61245213859337,78.31091908921275,77.17997738111644
2025-05-16,80.1982584694812,78.82059386588656,73.72891873606923,73.72206579825789,73.38802064994935,68.54958602970353,60.95938394906237,62.69936449935815,77.07114622269597,69.45845403031481,52.895659299411406,40.971123437034684,19.519000100191036,35.424429108138554,53.07809495356051,59.386573273102,56.44474193266486,75.5136456005031,81.377804414433,85.82723341874436,87.56861204818662,87.44417366566312,83.38856341930898,79.6596318514822
2025-05-17,66.2129375521099,52.26201814719145,47.64778466320747,49.02803432273276,46.92505965900144,50.667206015292244,30.731497621709007,17.159057319937542,42.24833665817088,42.194512282772756,18.884319218464057,15.523114470834974,-0.4932944287554525,6.588263695239021,19.721334621471534,25.082117202230986,26.946542594970424,66.26878402928833,78.57468779216043,86.57583128169676,87.51327388741862,87.78350277426584,78.83903679589255,74.32292981236439
2025-05-18,78.93233918157887,71.54235502160235,60.39046703721162,58.83636502331297,61.37602181714238,56.375485388884165,42.73820191048415,16.915118798632562,4.726688435901502,4.029489051828741,0.798199455983891,0.6905187106923785,1.5750904888151265,1.7011055425314319,3.888086296180967,4.093405682161937,9.630649331362484,33.48460697310366,70.69563759192808,87.85099062707901,87.68247544401683,86.97261654900139,82.82718881183719,78.77390198333188
2025-05-19,74.7900645829757,76.39848251710245,71.05022073341858,68.86903845904432,69.06283282491809,66.58943981877813,58.95529477904497,41.32099499696597,64.01857980521727,58.73722657967336,49.406327325456964,49.68518830013626,33.757863007356605,40.24471781281646,50.9260590983445,52.5996510916057,67.63055766433156,76.63844210407655,81.39078378670077,87.79086560611901,87.5137946750952,87.49077021010328,82.65250621064718,76.43697205878182
2025-05-20,78.34781685378061,77.30493408551928,72.13345399505647,69.5083417344899,71.17680772894589,68.42183215147712,64.62463964342169,46.3945981546904,54.55771856356949,50.172703329807135,29.37794934450144,25.57180446879361,22.660889196840856,25.51852301185265,28.904606060624754,33.74787185274878,48.29849567811978,69.44230134982472,81.92861613698686,88.24342840608186,87.86885827810522,87.72790064187451,82.81373945982094,77.2092865225612
2025-05-21,80.07644039479261,77.63612573735517,76.15855458084614,75.34863825643919,75.48426971704762,73.13831318223546,68.40773984459452,60.21087029748066,63.05430752245063,56.474431107557166,42.936613705243126,41.27776454583914,26.203834933847862,28.025554585453296,39.509027001354326,45.852182275353165,59.08728690537097,81.22376098706074,83.08760214933824,88.04642063290957,88.12114940293279,87.96885236645306,77.19409645940095,76.72818562921597
2025-05-22,80.7383238699812,78.24621131096661,77.87620530064645,76.01110441252993,75.45579846315756,74.61886602439004,72.43311634325842,59.622197016694194,81.76191106701121,66.55928667508921,51.89035119423204,47.71778029513725,30.15897776919969,32.72134761362101,45.26161222042059,39.11224228230435,61.61816936149416,80.61458858229511,86.96088120732439,87.67765917806018,87.41927995781091,87.25958354565125,83.99868001544166,82.9767515498382
2025-05-23,85.85265717626962,82.92907808956699,81.76374603905846,78.7674010215664,76.4738860759449,71.48789084777823,69.20110100055962,48.73601082958061,76.94178030777539,66.03782015519583,56.331851208856385,59.7554970812785,33.527736673846036,45.76706902297193,42.605874778926605,50.60709481418038,62.13485173158196,82.29966852286046,87.40477395100338,87.45283210311378,87.44292657069224,86.84950033457972,84.0741770532717,82.83559216160951
2025-05-24,85.40945186995434,82.3285914273531,74.7536686276743,72.87636589922175,72.62673291891969,65.4971216481963,59.771538903935344,51.18907327187019,54.0437835314175,52.40533842445893,50.915536006511616,49.81883963343137,31.022259089677313,30.67597141745577,56.04356486522692,57.09420734590672,61.87664769792443,70.86278629386364,78.70736743479023,86.92668163770439,87.45059353205862,87.32702690964777,83.43334136718619,84.17113593059692
2025-05-25,84.51176527021383,82.21741760441496,77.69411260104445,74.87049789787262,71.9553824534772,70.86094356885137,53.81745557248562,26.18823821002933,8.773618475498012,36.735151928926044,2.1029966178762947,2.1276614321908363,2.325057977905038,2.9889990650726914,4.22523996563234,4.831796265218993,25.253980591612038,56.67761728012018,69.41551611102102,85.52490161340613,88.19008103475032,88.15090711574874,84.83429145743072,81.00309395583936
2025-05-26,73.31050692406748,77.74407974119522,76.35107472582214,70.49548325382933,77.1070585596164,74.96988391746751,53.716973502329516,36.25404747863349,60.35872569399096,55.69392547337819,42.78529412778727,43.751230814986094,34.16611615609567,33.66539263674155,41.82178145867705,47.85375470293691,60.87437217124395,78.18827425716685,87.02601298059817,88.87221280187765,87.97150340932214,87.93921598422074,84.84418024173154,81.41617581995897
2025-05-27,79.91781917202944,78.93982845348184,75.18187567282494,74.25027932538434,73.75693520898521,73.17204069973995,74.3991893814033,71.4584878237111,87.26046832598709,84.61004680750304,65.03366690546338,64.29871303314071,61.3975801256565,67.23407167927236,70.30449681219504,69.64040512251921,79.03897182710446,85.95706549338722,86.82827348781306,87.9510261922741,88.03602505359595,87.77157787148072,87.78862164220865,86.66209632156821
2025-05-28,87.65672264412275,83.26782738479388,76.33404934206828,77.08466186681827,78.76014393419291,76.53730718696687,67.26293575749547,59.711887349590974,82.18467008488385,71.8579185056863,62.661962879981466,71.32589826628413,59.92397737754166,59.73381390762356,69.4167577749637,64.02656008469963,71.64198254177556,87.13318982925621,88.60377141320622,87.57272204500144,87.6201463422973,87.57027549807401,86.81010143062102,86.60616553300768
2025-05-29,85.77282002384634,81.56322556732886,78.37218676896937,77.78936955008119,78.30128145981243,78.15762053010239,73.91727698422359,69.80452699021248,83.26248624045415,77.89566103924408,72.61433779427762,68.83987054936905,57.31584618344246,61.274435396746824,74.08883710323188,72.66662343726622,74.37073070307335,85.76355563138799,87.32709466602692,87.36408396549092,87.33353947602897,87.44035440691081,87.40153903240132,87.93743314429393
2025-05-30,84.23348273296874,82.20413682598031,80.84264235864643,80.19598101427879,79.9924840085145,77.17859447291038,73.00072210937705,66.35869979130958,84.50726635444775,79.10146383960439,62.49985852629846,63.04180693319283,48.36267522783466,54.77863077107006,72.8085268510267,75.80921212847602,74.78159520612363,81.03147172547412,79.96580839574385,86.35549813727182,86.17749594100871,86.20158553077637,82.0124859276863,80.21919364631513
2025-05-31,76.98849693313272,76.05746188758442,73.89548280852289,71.54558768985765,72.28032142211038,67.916373383155,60.04414460052706,41.73048663232085,46.276884845141915,63.989451586849974,40.8380367640113,39.44980182390488,20.22271874048693,23.229446155719724,39.302490195653434,46.812214443478446,53.92044462761996,66.21697558669156,71.63001190761597,77.78124184234616,85.13005900542798,85.17106281694888,77.00074643809506,73.77475882891835
2025-06-01,78.19337778966036,70.51925864155366,57.07350296691365,60.02296757873775,62.7918421335655,63.230167722864046,60.558915175258015,19.022864619530946,4.808936641434391,5.804373882398326,6.5751031488806335,5.494660066757284,4.527511568706986,6.861090018750948,4.941884874680363,13.04005848170649,32.084527625777625,58.48904106868771,73.63988230177124,84.08442248316867,87.76305187991377,87.42985011045529,79.45849308781106,76.00634017965388
2025-06-02,76.46789264037149,73.43273568648323,70.07830538417407,67.75501430829148,71.73347906506397,66.54066741568174,58.81524578820664,45.36544550405958,79.53174892143693,80.47590186708669,69.30858112036447,65.74923727184314,58.206170660207675,63.35070337094117,67.02091876866594,64.54167741878621,70.15010140540817,74.62890200620532,77.31106754707933,80.51342866710188,83.80450997297697,86.032759480914,80.89567794359537,79.52607043371546
2025-06-03,80.71794892219567,76.80435051123655,73.25206954627689,72.66518023750479,72.81297524824234,71.39625553027288,64.41404006926192,51.454232420406,77.02614715058847,70.7096839128729,52.8427836240982,50.1254320180265,51.06263025283343,53.071300037787786,53.97221765197731,57.86523067887052,67.41519240807982,72.52194160100831,71.61761760835141,83.27709454337348,85.03111778838364,85.70662897574968,81.68957501436918,76.64154903599652
2025-06-04,78.66245364663676,77.56737708854276,75.47898355201899,73.9353543743106,74.16794591420393,71.86132322600602,64.78469961875757,58.42490254104309,74.10321770070853,74.07299911407988,55.920028560793305,52.38555366603663,43.458816539175096,50.49677033644711,53.50717596806283,56.09010390152785,61.0391180636273,79.37975929576086,79.2688490999436,85.50787265193358,86.33159332146934,86.25722996346754,76.57628222817343,74.29025575367439
2025-06-05,64.05933222819979,64.31324781462678,65.80906905432782,69.9631008042651,73.9353670622918,70.16538130134192,52.83230215682221,41.45984148934479,49.89949798006886,46.78043747016725,42.793986732340635,46.32773223159194,27.259728274266678,36.34335828109694,36.77543579990184,34.11041915336723,35.489043315014484,61.972772240007416,62.4102095244154,82.59173140396804,83.75562887180543,79.78258849271796,61.77850756838609,59.12713789164071
2025-06-06,40.516018113039515,38.509737745539034,34.01880369058316,42.65926181267276,49.796642934952175,49.29867733131408,18.617622483259098,8.64528951696321,22.032471922030407,18.60889165269221,13.463019904638523,5.458405295682396,-11.338268515651547,-9.96853723063477,8.916544221285015,1.6420410609251395,7.10950772422078,36.305227659872095,37.18227170779685,70.70108323578891,76.62759498208352,72.72416327561217,35.711794923256036,33.68246391123734
2025-06-07,36.46346916941406,28.144942119595818,27.176328966640487,16.578864181939405,8.48347154780657,9.173052110128603,7.426437217282595,-3.9277558715746945,-2.705825769641627,0.12891576232709392,-0.2477697583377973,0.6944412962045259,0.541045433165977,1.3804798868708443,-0.3162628105576848,0.9795594698957146,-0.6445472275643536,-7.836767921535475,4.935341283296556,18.30586100457117,35.756043186209865,37.32380054192535,26.47777168365331,27.626476313902334
2025-06-08,45.194345060515595,41.265907902995366,35.83128324681846,42.56962884693116,46.611123088858875,31.894194097915534,21.048507616587983,6.928653096856253,0.505598882460147,0.13445095146354968,0.2510252916462978,0.6507262818872829,0.7422034107546059,1.1104916586909812,0.15843962746546997,0.6858471725035264,1.3130380226834968,13.036477294136695,36.48974650928441,65.06013803604782,75.57735684755524,73.45668704486421,49.35910782576955,42.560670320401705
2025-06-09,52.90132303874208,51.20617447955156,40.17350228355931,48.35485797309194,51.07647891224023,55.23606600428127,43.24599127380561,17.38800794752337,31.5842511147751,12.645737067574546,-0.418022153508334,9.416167986995442,5.384935605793088,3.330954685831749,3.3631127554204094,0.47608301823262167,7.407021785498849,30.05566351658895,54.28353114763385,77.82057959314959,83.55098361464479,77.36193561329934,57.280889863052224,56.76528140543525
2025-06-10,73.8264012169411,72.60834383921083,61.644043588673675,61.02408720156489,57.75642372771234,57.51201871958743,32.78936202027385,7.553136694882696,14.76083165186628,8.55338850784225,7.712024945247045,6.731861052218834,5.712671910150567,5.3979045577974265,8.832812429085116,6.480002756657865,14.38918330741056,60.21022976679536,70.4986161402012,83.35899288948883,80.5951281024091,80.14741694441142,64.59142749986775,47.50205812103134
2025-06-11,65.78230952539319,61.47749952361203,58.5367217562581,50.090051936794296,53.53437380941603,51.7045964092378,40.750006889439796,24.913326382668977,43.05259136053913,44.27376515203192,25.958129362158672,25.251880822763155,11.129801054622826,17.562771838142506,29.610063580394005,29.9513698271617,48.52617364834568,63.696258400688855,70.38137843087816,72.84079925616297,84.61923876257032,84.35362380224741,72.38747848479503,62.96647627567856
2025-06-12,77.04112440829965,73.01082622817981,69.71631476215586,69.38681024515907,70.03481004661168,61.979236757345525,46.665911762871026,34.64117576025646,57.27776668349283,54.71772506162564,49.4919690173143,53.010964854486225,39.55719458392772,43.98441816571279,57.31621033160143,54.893101091565256,68.00109579029048,71.51477066197285,75.97626856796577,84.05728702139388,84.28843170807292,85.80224492941576,77.62698871507396,70.84996644073436
2025-06-13,80.15026175328286,69.6088029930743,67.98482840853592,65.21278212439273,69.28494753611717,57.550933513078256,51.77936661924786,38.947656522875064,65.59243134266832,64.33523615388722,59.81239151939499,60.80764046110069,34.11654641898878,47.09923180415234,62.6195788129651,64.83563827175952,69.4358118403446,73.78519812239955,74.05363439101595,82.36631671117071,82.75882022195725,81.78152880146668,69.20347233523854,63.774197528054536
2025-06-14,74.7137782681446,71.26831435025302,69.67258721294031,65.6414195186099,69.81922295010351,66.38474732084933,46.17942029803868,30.669777757879878,37.58988248971891,20.62359552432681,14.063471036475853,13.373787477763805,6.209027291736665,10.458942967338718,37.10076531603452,45.08249214445013,58.82117663634244,69.49643562653795,71.62280247212237,84.12597119052317,85.57901591474106,85.83289373946786,67.08041946675215,62.882948632411626
2025-06-15,71.40446527083377,67.22079614607824,50.56107288931809,59.549311921634434,61.918932926520064,54.85735514520675,37.54080682961872,18.78317294914667,8.072941796514879,7.440854008012728,5.8804410096834525,7.271141633673035,6.473849137051451,6.733518188668449,7.4426871028684545,6.991830685458744,4.597196877198014,34.709612758336654,48.89899123381463,72.15737495733985,76.96102460686977,76.7959408397437,71.4826297090946,68.07149553702604
2025-06-16,73.87650784933167,73.90516519809087,63.85846599622349,61.77430032164303,69.55474647835628,67.307647192845,53.40316192538787,25.849167557074356,73.37991135747112,71.41723004960375,56.82440965944747,60.939206721404425,18.682196340307705,32.662319157369225,57.564945977974865,60.843308611807984,66.27780050685371,63.6328876376672,66.57079557224857,79.0617858992359,87.64898598081538,87.56763324967105,72.64724169117689,69.31782372273484
2025-06-17,78.5789755938953,73.32126020727254,71.90491174049745,68.80123630442479,71.76939763937182,70.12020167999489,63.79115181805547,54.04374503496626,64.17226581957557,58.38496935562588,50.276098498487,52.01753033622892,31.242127929799167,36.44946357831222,47.115274367981996,46.48532997263319,60.046428332935186,71.28489436427745,70.4420237492582,85.49308465789606,86.63940784823797,86.65708654790495,81.45871800586457,75.42828698093955
2025-06-18,75.1634773176791,73.85103558647303,65.26176260030651,72.70563908062701,73.04762415535119,65.52694011879879,61.46491663133494,33.96929864166534,66.7970951557356,56.28026141703313,40.189532366434705,37.51859702415874,23.72690629674403,33.41837299129431,40.66534878761509,47.49916962411773,58.13740735596093,60.515289799007014,71.98377270469021,83.93977178189134,85.75960790046064,86.30690459283537,74.326168604408,71.7168066875786
2025-06-19,75.0261529411425,73.96180748658794,71.32200341625595,69.30080784502951,71.31494224038016,63.23980938659691,54.24438607755948,30.924899928161913,64.72276020733287,73.15691385562407,57.480045386197865,43.782228314718324,33.43364887544862,41.04175276291863,57.53500789639773,60.93522976003439,65.50235134624745,70.59730565926064,76.03255663691291,80.80337402691319,86.46028200363175,86.45338784222392,77.07574688719957,75.44384409833017
2025-06-20,74.74857514956564,75.88615054461764,68.27786026828495,70.17077169596493,77.26082694136585,73.14246628103136,69.77446667356585,55.4439827747171,78.68147595149144,74.28143590158564,62.97949773280242,68.58892505041064,35.62302651265828,51.54661205012493,68.37043743300448,61.68671424234473,74.20960371425188,75.55993751399471,75.76988266258239,85.60979314876133,86.10641559911794,86.1821276123808,79.45677905716032,76.5511857364121
2025-06-21,82.79631517779153,76.67650565717963,76.60563733964743,74.98687691841324,75.04301483007873,73.25487649390237,66.30673982701302,44.137480568265794,51.69834545838039,48.96568846815139,42.01845333874398,46.70587737684602,22.865930955018058,33.44491882718194,47.34502260656752,40.41764558490236,50.12502375999416,60.29126559274502,72.2583231958548,84.57907811212641,85.5815366141033,85.5105995969502,73.07122795309567,70.63613129227649
2025-06-22,69.85531691761473,58.46279256136893,55.77265065235375,52.52399405458169,49.621782328413424,51.57330888319855,26.85788221850536,4.27522509791668,3.9498075932514007,4.051374398075665,2.3563788623323965,1.9850844765384252,2.4079912141204716,2.155735634633345,2.6444691465418595,2.543890126029516,2.351478590230136,32.42784730056897,62.6926133200441,77.85688099807383,82.63218266042173,82.45354065485586,71.59414068737179,70.96447155953865
2025-06-23,75.83586381641801,71.50238799079631,69.13412225823183,70.95558685953934,72.74086705225787,69.6746023851995,55.32153251971993,44.47527720851175,71.64881409753349,73.75863563597572,49.11180707373957,47.97389283924158,22.459841354767974,38.325380679962336,49.96139411034717,58.57630910396666,69.40392543530902,69.82371317683604,75.98250427864754,81.47475594799577,86.6487956822979,86.64264147941162,76.91076717876153,75.03386028132356
2025-06-24,72.30394560505748,69.04847818837152,69.08906179976222,68.42710764310112,74.09952853468806,69.5629091856658,61.24639557108295,48.590577969684844,74.80947870336647,72.52455437439671,51.14645618670801,52.59089008028939,39.37129957031367,46.80807778595409,61.22566420780572,55.496060472325745,69.72842259910858,76.74280187623606,72.14992682057989,82.93276853945164,86.04747935596782,86.84644775915497,72.49942537549526,67.71668884549004
2025-06-25,77.56214320560564,77.12787055635282,73.39156101997769,73.67561770249482,75.08288371633236,74.16670989822714,69.42192390192874,60.02022962206705,81.43319454169539,79.67679891892082,70.11281263546198,64.73751088336934,43.6640136931674,59.49018406538263,72.97706182072325,72.57154732055639,75.41340320122897,79.01348143655468,80.09788781430375,85.81450366371094,86.10728310260876,86.08030478330863,80.60725643891517,74.82523568896103
2025-06-26,76.48514274150997,74.69012719511139,73.86004428474627,73.90781604683644,74.29734740458005,72.04997131096316,67.31118766118112,53.6161357532535,76.20360944879052,73.84118711510301,61.89843328349767,59.93947184392434,45.999547129739504,51.76569910990869,71.20675228319644,72.80922965491433,74.23731955617652,77.45869455002041,78.74045211773341,85.50025091701187,85.88756264201032,85.76016781356758,79.73283311147291,73.96555484047695
2025-06-27,75.4485036217494,74.83141401299046,72.9256194408394,73.61968689052775,73.33585876192413,70.4687811451862,69.39341997593887,52.645986361922255,79.36496174179952,78.13552183991654,76.05430271806134,75.19203801893381,58.78039008450552,60.77888579616211,73.20937279930985,71.38846687874799,73.45858830069906,77.47745079807373,82.08964508983928,85.80913897796201,86.4503845356303,86.40269788655146,77.21362595752493,75.2730732073875
2025-06-28,76.16746275497687,75.12142849863555,73.86335227665818,72.8913192191173,72.16001534054301,68.45521892101112,60.27843209513018,32.933221661780394,51.54497310459266,43.78790223381428,36.40256865594985,40.04161888404524,18.951595724139644,25.129221656563672,37.891649112446416,39.78297107581844,55.24632502961991,70.81306735626085,78.38560232582356,85.64061288326144,85.844835039942,85.81524633694477,79.86010355286793,75.23509660524131
2025-06-29,75.30919341443693,72.93068168426356,69.19352175457855,66.86054942102159,68.03855806327768,46.07854798999982,36.825514862078975,3.7031230021479895,30.578148564179518,3.5210417269139684,3.349100066550347,1.7653703977547703,1.6931369777003271,1.8198293320137324,1.2950929478299495,2.384777321922818,14.898153349530311,38.048472485314214,66.51401271201307,83.14034964040444,86.39261705571366,86.34521344172146,74.4688967053011,73.59975701587814
2025-06-30,75.12889401154025,71.32410038169469,68.27815463670508,67.02113554464054,69.73330785040754,68.02780199097938,52.701825202785784,39.91172558080042,76.9540603113611,73.74177376185477,58.40941060093289,51.68203776727859,40.73208615641082,51.88834802170175,71.05915061381799,66.69780568843669,72.17311125475754,73.18013136441387,73.24548842648416,84.95093555828325,85.07816896019753,85.10882012989285,78.04983109343848,74.77190629287914
2025-07-01,75.99138117141649,76.93968795489796,73.85413482755821,73.37853414548238,75.1289716887457,70.6671845366889,67.04213165369924,51.6206552394076,80.10351048265782,78.76027683223384,68.18420432615004,61.636119327120845,52.79556122665882,57.74244490263496,73.92771292211629,74.1438526162956,76.90886732869043,74.9854316478309,77.46741785567791,85.49220500014623,85.71969075210265,85.88941844663927,81.28028758207108,76.73525557437641
2025-07-02,76.28638927291584,74.9182741815053,73.47675836178387,73.07008883772451,73.85703749623825,70.16590215771066,63.60026751799073,43.78652303072621,77.471645618246,72.23862949854507,66.76780320405935,66.19294684634681,39.157724232855806,50.35008015869531,69.99142035597905,72.72156344655038,75.52535351195905,75.42871662420696,76.97491111454933,82.10393674863236,84.54375826939139,85.31689238446535,79.32896295290206,74.99736735426723
2025-07-03,74.14628497538942,74.23961660562408,70.22601841890112,70.6887974595025,73.90652264771688,73.22967813257308,73.68554526220186,53.994649393282806,80.57422257049751,77.71302368195889,66.15586389869404,63.151656293905376,35.46065617794311,51.26285552819852,65.20731788125535,69.60108406932343,74.93425488624126,72.30929762795654,76.37211618203955,82.72515810747568,84.91637207832255,85.57910302799353,79.77806192490567,75.62820560800934
2025-07-04,75.56457576346814,76.50541104731352,73.94280867593126,74.83982480903845,73.88396715117955,73.44064615359291,69.32633612462854,48.25272990742385,74.0282209378305,67.66256067522025,53.816839099294654,54.55017142930323,37.712054561629365,45.337255966686584,62.69669307949982,63.16837581481401,73.49368648087903,74.96807165077047,73.82283991604385,78.79969668366019,82.82145675091829,85.5631285237587,78.35175082833995,76.00978971283462
2025-07-05,77.080248654719,76.5046760628993,72.99151311639594,73.50144805339887,73.72690111410206,73.95517888063176,70.21368903950363,49.59354165750527,74.20216228945871,66.9286117373417,52.99396586535763,54.59612113047289,35.81111533075733,43.26100482701279,62.146207342714675,64.21206216396804,70.58980024954828,72.79378453928821,74.91751796667081,82.11429746327657,82.98144090717014,85.81551774079355,76.65114356543076,74.86474601618657
2025-07-06,75.4598947655688,72.70263689205612,69.89181978396566,68.11322923981379,60.31934537869916,59.20248902549775,64.58495734275692,22.8268501688685,27.925373120629654,27.907222749572767,13.114288475734515,-3.6256767479006577,0.6102756996092051,1.8650490327391567,7.346782053595555,8.668195719961007,29.384276059324403,50.346683526590255,72.41179718775703,80.53761924440678,82.00800476562796,83.09500621894632,72.40543460391288,72.66395921374178
2025-07-07,78.48711182447985,77.59070652208675,74.77834901531156,73.90815122662094,73.57115255792876,73.20788920658393,72.61346422122723,45.31977478986901,76.88115662790257,74.07906601917537,64.79677667264988,57.971824216835245,49.061232044118384,54.96139539651587,60.99388223083909,61.33095306130298,75.4959233467747,74.55615096419099,81.09833470008755,84.88790677985702,85.65736489609144,85.45155816057371,82.37648725685985,78.95674891360949
2025-07-08,83.28741655495108,80.831835150249,76.79256719667978,76.24878784498945,77.47735781369056,76.15227241693916,75.88467605595193,62.66913499115948,76.98442306295891,77.90471504070396,71.86335455696984,70.4387850245377,51.04788376427086,59.48659857489862,72.14126957669106,73.28540633499654,79.23506277225947,83.56900210804008,84.59859696684292,86.56354955132737,86.1815238868991,86.16713205356126,85.52609685338601,83.20261903005486
2025-07-09,82.60295625185485,80.19263933405907,75.71224015234618,77.93611094835144,77.76198398605547,77.99687905759687,76.28018947178956,65.4024240633297,78.96157203450532,77.40796881797029,69.23015470637955,65.92446437204607,50.88053828336809,60.301599065777886,73.9011887420197,74.94216308503749,78.86238772108014,82.22465640686033,85.44985304918498,86.8307846398349,86.58509215407895,86.50589315348125,83.85325859262892,84.59548025088746
2025-07-10,84.57195553494653,84.35090391821198,81.77224780138923,79.3231314790941,78.9419515921082,75.79486840142651,73.195468679052,65.73436939062648,73.86636221094365,74.57688168699771,67.38175517225069,70.26889742011798,62.06165317893531,73.27399016341421,74.51877890039611,72.30358245801057,78.75533789191105,82.0266215888897,82.92374464388291,85.4365482764825,85.00132892286086,84.73597028895591,84.97390928788492,84.68330191303278
2025-07-11,82.6346345627957,81.91312737508528,77.08548393847201,75.31730964062496,73.71122599408223,73.40479893984302,73.2373996107777,65.44783016966241,78.8319096109837,76.42697462074312,71.57152864590273,65.68548766976302,54.45237850108534,58.66410535210063,72.96798917246926,74.71628140542106,75.2564782133381,71.82817426730998,78.34181550402279,82.49460944816086,83.8337688911242,84.5454381936154,82.42458372396392,72.3840248380027
2025-07-12,81.42245048114013,77.0499069914739,72.72470417518363,73.97808181747223,73.57071360835282,73.94430595882139,70.45972890153098,54.32152249285776,73.64227448246405,62.07295350754366,40.34032451741234,39.452184665379576,30.66038798105676,39.28356220711007,48.23885977741504,47.497234121434516,65.6627292566543,70.93124973434219,69.78116736479024,80.52035628933463,83.30713960257962,83.11391518915734,78.65657460252716,75.80860329666392
2025-07-13,80.79833014784697,79.69979891548067,74.74519150874934,73.85405167542396,74.12416969668519,70.2343735513133,66.61156274068847,38.05201854273999,37.568036424057276,8.995165550490679,9.768546417486114,9.709042309627142,9.317563762221729,7.88981567363763,9.840946737444881,11.300347688865052,20.889849407003247,42.37699355638304,73.33093967559682,81.09172453696493,84.1010265518604,84.12149929844335,75.50231326171726,73.95859238428923
2025-07-14,78.31895559915522,77.9776727143575,71.85421130485305,72.67026878746712,73.58518560775441,69.11571455812819,63.91427555249483,44.84152473333532,68.2147701461298,70.67738194645068,59.21175809351033,58.33527579562591,35.63707945750721,45.89936413444118,64.41970179036723,67.95109064694911,74.53096325563541,75.26607346920184,80.66196547714462,81.70301875696819,83.24929537635539,83.22220612752974,78.40115766615165,80.19503554766223
2025-07-15,65.81632915032216,59.90892169935018,53.72314500436559,56.73454028935434,64.3254670504218,62.52038069285993,55.75723865951928,41.74779659579143,55.49043848118624,54.307225809804486,42.947749214867066,41.81839468474265,32.37166021683263,41.267335576042065,53.329975571035504,39.984954918078564,64.31734642806335,70.31196073157885,79.46501775690105,82.00616638223259,82.2615383718972,82.49363934958225,68.03268355554475,55.73920450907718
2025-07-16,75.94595186774255,73.77522482449696,75.06968152941478,74.55492374112715,73.77130324823376,75.61167355244953,71.55728175827211,59.55314439599151,74.93827105294064,76.45980294254328,71.95995205008204,66.71616759323506,46.67951412515421,61.75993685323102,69.36554340724668,69.21751516336501,75.90473772603536,77.03503081647145,73.69783184333693,83.66492524601803,84.82367021909086,84.8517782386527,77.35901931149802,76.13437387125535
2025-07-17,82.11921015692192,81.87248495729555,79.1610648122036,78.00557200899979,77.28437476432804,76.20088143777237,75.62035951355722,60.25133215357892,78.26857419576552,80.89144616197565,74.31458361589499,65.33322241482388,50.40889342182244,71.37648203447183,76.98268879438778,77.2492333672728,81.1764141814001,81.26391627171657,81.88069320691064,85.55611347455083,86.02650643311995,86.00140789687035,84.01089404106729,82.2182647295331
2025-07-18,85.17869992386042,85.26245501044345,82.80585819467858,82.89038254788682,82.62296062325711,82.63775456647829,79.57788339521622,72.17521941999397,84.07376059208563,82.23505306621361,77.31310014336624,76.52799897323908,68.16003954868279,74.7577300697009,78.75274721826305,79.23606289430353,79.74993933531647,80.12501275940555,82.21992625767932,85.75838660153647,85.17530213214646,85.39216715251646,85.21614017467596,83.91736637345792
2025-07-19,84.88687246482482,83.14386731896732,80.8345207615948,78.38395092818352,81.57269868983406,81.6630083188018,78.74890778362445,74.77899962675963,77.90165246308551,77.00591999327995,65.82028472535698,63.83593348751915,51.367042434012475,59.30187610934025,67.13450721193358,68.59276982525472,77.54069971969274,82.95197502308109,85.12552322874096,85.5233021737612,85.42785770639072,85.53249764537004,84.27009027458806,82.87730056843857
2025-07-20,83.464589973671,81.28470102516447,78.64363138359843,78.73806657684561,77.73819775229198,77.34701750278684,74.15705593084905,45.33758940431881,54.555106673020816,40.93349887171,33.203146731899935,9.928445529775862,19.425487789995813,25.471115453176694,26.340976730067453,35.64433121729916,51.25757050945651,70.33378712419471,80.47873222160256,86.00064741873528,86.00873943391254,86.82523606782618,85.57483779167538,81.57227556739076
2025-07-21,83.18722676146459,79.75924993972875,78.39156464878064,76.85182968877656,78.63078697136204,78.32116968629322,74.44915748672288,72.66014183636314,79.53443012551456,79.76411280822697,75.36331647315217,70.43261611478587,63.56968370015394,69.69119633230432,73.273735776937,75.98502481219514,80.59043742626308,80.59309325799518,84.35252628516092,86.25122654217579,84.59081337832335,85.3384758793982,86.0635575903906,84.21884614085721
2025-07-22,82.71092793875172,82.35594536168206,79.53415882179084,78.05825165187547,77.60753755729257,76.47080273807545,76.00277152492197,67.66808858697686,78.33491693991279,77.97369695354237,75.37447619151017,75.16549085357408,67.17453439079763,74.34312613144483,75.69320801918802,76.42256264315796,82.56631607814147,83.42315347327545,84.8390055315753,85.19201895397342,84.45653831824728,83.70348781486877,83.29672851470794,82.60023543939833
2025-07-23,84.85507406544833,84.54535712504195,81.95057250526342,81.56222772534194,81.31863374021344,81.16446188868647,78.4145303485382,74.63961241311966,82.67013868072421,83.09881118016438,78.67434279561458,76.0250372751224,70.99134900885892,75.70155049517751,75.85508170088043,77.96865204473328,81.13324168765583,82.99817794850084,82.73037187166237,84.64100718856173,84.31966874408258,84.26450880472728,83.2574260212402,82.5674905218355
2025-07-24,84.18880430359107,82.398158817616,79.90507976515647,79.89235793541957,80.24075763402507,80.23260441644875,77.12805623138375,74.3032841298452,82.80669607251414,82.34738771120914,79.60166802480907,77.32850329478363,72.771237713932,72.71970894272143,72.43197600914493,74.71116381611026,77.56188009427709,78.78712774929554,82.53751438021925,83.7869532861461,83.94440299513921,83.8006320237244,82.89250928057481,77.99403680348593
2025-07-25,82.64606946024293,79.24122814448953,75.68754566824906,77.38571394763973,75.97345081475878,76.78913965522104,74.80492548739718,72.45470912227027,81.86145416440876,81.19282876596533,78.35043481935669,75.85319798528442,68.94924520450898,72.70340911810489,75.2336783768534,76.03328815932493,80.26476334598672,81.82357295750792,82.71596556589806,84.16655655932061,83.84427096333349,83.28699822263847,82.66819237939414,80.49420637861904
2025-07-26,80.8446087803475,77.33568841788109,75.7503318059551,77.44465256845885,73.98750804247454,74.63021805206499,69.62780659108965,63.340591410383844,76.0625898346489,77.01946274514619,68.12418584127724,46.8761466057592,43.29686871918714,45.94329948797121,64.37951355544944,60.972728069932714,74.1322063098464,78.37472149733807,76.46808234348369,80.88636083917504,83.17915030098644,83.18631746776407,80.82702217935775,78.33727493239412
2025-07-27,82.83229024395632,81.41896262203268,78.87658639854796,78.63000235364495,78.71307272281763,79.16832210794315,76.29260629310559,65.61089950138143,69.68873417711488,47.38729374527219,43.99649464811061,46.34543808476264,49.53240421269063,61.057267355167006,68.87364913500001,64.02778291612005,72.9576678541992,79.16419542290699,83.80761434162852,84.59135098013122,84.82453948888163,84.87279663475681,84.59432229147292,84.2204741870988
2025-07-28,85.0487329220142,84.10303417171652,80.47438679973506,81.36320406267707,79.82065090852042,78.52392156110851,78.31085567349744,73.77228448833135,78.44690357973731,80.83641723504975,77.23789371303441,76.36802346684776,75.01122411131455,79.6905446880326,80.16378401944867,79.36839838521654,82.20859235889544,83.95325761035029,83.6766005819198,84.45108157023968,84.1368916211601,84.04702759488501,83.90611962268086,83.65347206739847
2025-07-29,84.35725150675785,84.07016919809567,81.67034654771125,82.28960248412133,81.02592751942183,81.5926233225314,81.89565902826976,81.02255919336699,84.84051699802095,84.64122078045531,80.79377820789242,80.46748253073379,78.97125839892702,81.85483710882048,81.77551262565693,82.07749164028682,83.58552534340667,83.29609538638253,82.7927008173286,83.80368939802058,83.76190722864898,83.64658051875959,83.44985436734382,82.87336370830931
2025-07-30,84.13840050743507,83.7422899066841,82.5644467719149,82.82969260404161,82.62068130146037,82.35239303582894,82.48905799142305,82.91294900939099,84.76838630490133,84.36427873491265,82.97418607783212,82.18991245870006,78.54358751926455,83.39028364676466,82.73586093369093,83.30230789980268,83.05949373242379,82.35417887688058,82.63908158747225,84.18623029730955,84.20762242869091,84.16721155395078,83.41425819174061,82.94671130501257
2025-07-31,82.4153316009848,82.07543636458055,81.46038149657474,81.13806660504277,79.07554936916252,77.0109282445289,74.25065875936434,73.95309031244109,80.62306374146868,81.28484963608575,78.21815354384165,78.78101014256237,71.80012781386128,76.0255409522754,78.97870266095839,79.9242282388795,81.85890338353714,81.76968600105437,82.05419538301,83.68551874174848,83.39881643963066,83.44831508269544,82.60613813896748,82.20500428053714
2025-08-01,83.86287531402871,82.7486318166458,81.35377122225276,78.48390777038064,71.56363040237768,74.91696589124318,71.8468472127945,68.06450915366156,78.78222833518527,79.03329456462667,74.24093090960054,72.568729804378,64.70349646060791,72.23121697642539,79.07019441018721,79.3360105565049,82.4292519124256,82.59459684272998,80.89749591479443,84.0412591004749,83.96611276381135,83.95373472314583,82.64132252603855,82.39833543434169
2025-08-02,83.33178930700062,82.3568344907681,78.38731249200218,78.00761121328668,77.35193658039604,74.80951322910646,73.55634046371586,60.76067045827813,74.64108621317459,74.83402486603097,71.32954896803712,70.82986423887705,56.63651883454657,67.07487096814262,74.12631059940422,72.14680651366325,75.47738426536259,81.42094724414893,82.69792001101027,84.07119865408708,83.85512184932381,83.94539113205768,83.14412579284122,81.906321988922
2025-08-03,83.61197905885415,80.381278539478,76.36938872301911,78.0736191921348,76.12202563355555,75.88751083001728,76.40352220787462,65.07300135908609,65.47177847356578,63.40045094360345,54.60437927573257,63.08600420834526,51.902681318448096,61.914378857627135,73.77589762338602,74.0556884692717,75.46763077950254,76.88672391367078,80.97955903479023,83.70950030334048,83.72137718890983,83.72115684469212,83.19275546721549,81.90043497223473
2025-08-04,82.90770846615389,82.53925995036471,82.13024875613317,82.42426689986263,81.819449054565,80.24653266362232,80.46901843165479,76.34840207441798,79.41021594512299,81.0292043125711,76.39188974606076,74.56019587498588,65.97119751959711,74.60690056820455,74.26693695335337,74.55626829610658,79.35844854585635,80.14210312443636,79.17264551997116,84.28905876858069,84.09575635303783,84.2259702680915,83.69243405849363,82.93438277361115
2025-08-05,83.29463504075542,83.27402705744987,82.52140462415484,80.66430653366577,80.05943689550527,79.77200114695002,77.88979815539356,74.68211100191512,83.95522469637301,81.17797863535863,77.60395961766365,74.24852079252268,61.533502301164205,70.74043838611574,77.95599988852574,76.41156636771638,80.71565761755227,82.50585263973164,82.59581278090434,84.07600243189678,83.8355824492966,83.78923309662856,83.58654599796522,83.21728425791974
2025-08-06,83.44864585994665,81.53680672253928,80.42707817906881,80.97617254267371,80.58872592840913,78.51189297487117,75.9649626138188,70.82722890864599,80.10331571094498,79.9909577763794,74.56757644891275,72.81812354532282,58.745844964838234,72.23498581603488,73.12905367587264,75.41419313513335,77.60621945238061,81.37706666602526,81.77631886411683,83.97992717379249,83.94727429297852,83.92316545939869,82.74652408989942,80.8042860508563
2025-08-07,83.75156880820454,82.41949494238249,77.20474281058695,75.80058587762274,70.12125213554589,71.63148043122143,69.61996619620949,61.58726972603232,77.64064509781608,78.63676441256983,75.64868750759061,71.37139315680113,58.62570824893616,67.64582256169108,73.68217622370074,75.07492297057361,76.30975911679155,81.16667558519532,81.02320291255413,83.59230598881246,83.57956753699776,82.61771499798498,78.90971137741407,77.69479159836037
2025-08-08,82.21113485668779,79.8591328274481,77.0580397742978,77.1897905605955,76.31343951301687,72.0788730555605,70.25288585999054,62.23497448667758,75.06634935260443,74.16703542337888,70.01918851448539,66.84529589168528,53.07381489785182,65.32666809182966,73.15775410209551,72.59460429293246,74.04048700010027,76.080393475394,76.97560059684163,82.51860290224037,83.36894916402208,81.72190395771223,78.38469639485344,76.9679980498621
2025-08-09,81.48758556603651,78.90451996709406,74.5491033238211,72.9572544262145,73.04343416299216,71.29370728806715,67.31793776901695,56.78443462007179,71.33699773298922,68.90332919801651,56.82783192415583,58.03188789082708,43.74634402756578,59.32940043628046,70.9799351816316,70.80267354900131,72.92693036049585,76.73665317695983,77.85238898133395,83.82285152083155,84.2480958241876,83.45302168374192,79.949915751965,76.14721608920293
2025-08-10,82.38165206207019,81.340258924525,78.45048532452296,76.5572392180319,75.11085687860313,74.48978494530363,69.73467610694024,52.661809151655326,57.913692443013296,42.64928142505289,35.782079587028875,35.81834064426339,27.93142921638083,37.780703936538515,46.79841989479677,57.70471731429742,65.24881112015504,74.22832817898036,79.53752343275941,83.96877898859596,83.9418610746029,84.12400209917949,82.65028999193052,77.9318822631937
2025-08-11,82.9779637589179,79.43645891821778,77.48266595343011,78.87619888147894,73.50845829921721,72.34841173667724,71.84042240720532,57.6170011478074,79.30399159735177,78.06838254056318,67.33843621088447,60.05038239359361,43.47842056025416,54.37053551791095,66.1088633057518,64.96607656603997,70.41573519555016,73.21844204212879,79.73095683206107,84.32834788756743,84.14764327202224,84.06482199603785,83.07547702084132,80.17226698288538
2025-08-12,83.70737164504071,80.86042348372933,79.28971314685953,79.87341029089025,76.30236707724366,75.7790342299721,74.54673283743564,64.6900736298462,78.5434278971811,77.42936227662834,70.97546779061787,72.34893319414336,54.46527792932936,69.1299373902537,74.27638528093574,76.91265002607275,76.79695934350148,78.55268522080176,82.58505160138071,83.93312802444544,83.80509518798193,83.87771585146967,83.52850796173023,81.68154966135612
2025-08-13,82.12671495317912,80.6978911795955,78.63151833786519,79.12053417472953,76.70135155785584,73.75239487299373,71.25314197558231,64.60675089459238,76.48625967183636,76.64855516302998,69.85884775412751,70.47582826052029,63.81970838704749,68.09363315915138,74.53237377881717,75.98596992529275,75.63949640752917,77.10945156011955,81.57979260387057,83.63306175495246,83.58997598128819,83.74300579198189,82.81670497254937,81.66930213426821
2025-08-14,82.92674104040219,81.59825247152489,78.80031197830787,78.08694533361925,77.20472121835455,76.10444997759592,70.69005029058538,68.57929146950738,79.132252572756,78.31909928157864,72.81510436728561,71.95609619957028,63.02586897865966,71.18023043308175,76.2702164593619,76.87609899055057,76.8353363245347,80.57562616143461,81.80182107094657,82.93532195459173,83.0660125930017,83.1014663589908,82.66691475465124,81.45924092277572
2025-08-15,84.00827057656987,82.97211025594028,81.12476654465527,78.32371673352208,78.20849692682235,77.62864589149761,72.67562468259031,71.43593400868222,78.74997425370542,77.40143215759565,69.7736067707991,68.41513464731212,57.23541794286205,69.21261336925491,75.51908368546229,74.37756623201751,74.95240197840639,77.04954230331059,82.03003605997098,83.75669586036717,83.74830031274942,83.91430592292535,83.5830447743265,82.1272882632018
2025-08-16,82.26042307967461,80.78932344731295,76.83683717379158,75.97771966684552,75.9568076856651,73.06968207746827,70.0404851185858,63.840787698520096,73.59996496274547,72.51777687979778,57.95619187018064,57.89797293497073,46.34704767532406,53.688154847852196,66.47001446915988,65.54777962533325,71.51079376553784,74.53582504438715,77.54661456882721,84.15978781194634,83.40014143929598,84.19173826919973,81.68403224718253,80.15013705110675
2025-08-17,80.54044775017735,80.15001009991379,78.81072204707638,77.90106109022334,75.89224268206814,75.86873354176105,76.29560376580723,62.816622944060555,55.1876083163082,39.02007217383841,30.99999947929316,31.111593155749535,25.5903713283556,33.922986367680274,41.41405582956658,52.57288037297773,66.67250125383367,74.42450368878643,80.58167969079501,83.53404781698026,83.2146937515475,83.18253882648034,82.63597729402167,82.01410586224286
2025-08-18,83.18153598461315,81.72198629087409,79.7763383513804,80.14420966873935,80.09022400922174,78.5042247059068,75.6056267143581,69.69543656711377,81.14240344066431,80.05461481192842,72.95363715189035,69.40480173519182,61.16625743220482,64.67507876650566,71.04504719246137,74.62694829942124,78.53434332279686,82.74400904341213,84.30570377410673,83.68866234022457,83.67986022652711,83.60050063477978,83.70435335823859,83.64838273560932
2025-08-19,84.2871678364373,82.88276101486522,80.91876201857659,81.31070398755453,79.69904881333491,78.65354873496582,75.0421138376585,69.05775485027672,80.05476070871629,78.58641587436824,72.2998603939766,72.64347136067255,61.176470041590285,73.68146369684693,74.35485364299005,76.35739192586146,78.57379783688712,80.94495316070235,82.21354328544528,83.6209735328673,83.52097639810145,83.52679498783328,82.80435055577726,82.18604558551785
2025-08-20,83.25181547749624,82.03446040638741,79.35003714002981,78.79648510314519,76.21438858638042,75.52503384684395,72.7016622730923,64.77555761141556,75.39530390761641,75.3318786383252,72.0550137373921,71.55027068273124,58.759914583557084,69.64664962948532,72.7675258595357,74.2119460890715,75.70083021281305,80.86517385048512,82.89113313789957,83.51371262308886,83.53606863748044,83.4708437532895,82.10531468584371,79.99063118279295
2025-08-21,80.92202960643158,80.1127634403801,77.8936806426271,77.70864661992711,77.15099621494655,77.6311862020636,74.65147158594884,71.22056063531731,78.42761412924409,77.92130884329302,74.90914965047146,71.6121133753347,60.47099605554746,72.65102946808122,73.06275166856264,73.61042467630375,78.95315675408088,82.2321234042269,83.21567778671516,83.38254717779009,83.4644663062969,83.6268594289257,83.29793588787136,81.3912446884824
2025-08-22,82.91615715263977,81.3682732782297,80.73110423864692,81.0982052260039,80.74801149746932,81.04640042031346,79.27405110412819,74.43065322599364,81.46500053062667,79.76586618962637,73.76115030346315,73.61525776647963,64.02423074423753,69.81385687317713,73.66132129673879,75.99327763087392,80.57305915897982,82.94826931117365,83.37112536840691,83.44317850718947,83.26483435307135,83.25217992863345,83.37208925279613,83.17437731891592
2025-08-23,83.38915345653109,83.5622211824938,82.7525076536737,82.49995859160671,81.40461545145779,80.88806541203883,78.89883563160485,75.44706113964774,77.94613578359194,74.55208257503145,68.50001297877158,65.68292204517545,50.54025958081193,62.117817460824845,67.69616199772462,70.66096813764248,78.73443326918283,82.19987796420145,82.59305535348197,83.57562915032595,83.49845892674593,83.65945473887324,83.23263915403922,82.36243971417488
2025-08-24,83.3681392519077,82.25903985417374,80.76603230295889,80.61570481071173,79.24412584103504,77.83526603677599,78.54176192376977,76.36344282809982,55.95161737729589,32.28874738711222,30.311222445502338,28.561254965652083,26.03822050235398,45.52809650556875,33.78711139831315,36.264288279924635,58.12941708769645,74.92984388237933,81.51107455799382,83.25383097965366,83.51983629851208,83.63671589575837,81.54409818522898,79.66838674594298
2025-08-25,81.94577790353532,81.5662160299109,79.98211230341646,76.15066780633786,74.68908529752296,73.0034045235094,71.92820142233772,61.013192893381046,74.49359699580164,72.83130614330628,65.93812900093018,67.36181054956833,47.19636371099375,65.54594291298669,70.58427106869634,73.03495002328282,77.483771623876,78.83202312921892,81.08184992655819,83.26152343480275,83.51177196229709,83.39502694330481,81.1903840981239,79.7175525187945
2025-08-26,80.82327034555783,77.75022153191073,76.83924114194393,76.1258080457177,74.89813368009673,71.90022522648225,70.86079298444288,61.8367347508221,75.40624163389629,73.26026098672826,62.57803048615099,58.10256419451926,40.20836526273082,55.45327596317178,66.08851276948732,66.47217149433338,75.49711104323002,76.75323694096538,79.90857254884004,83.06328250871142,83.14391576105997,82.53866369852162,79.20942415747125,78.10253598935059
2025-08-27,77.1000234303636,77.65841391873383,76.46151400759125,76.45320232732983,72.19738327923112,73.52836078058586,68.57812675699518,61.67486635283809,73.00592690591795,69.59057915733015,59.843569587989776,57.51701589260368,41.117845771797036,58.74547573365448,67.13034484859173,68.49684289486402,75.64751709403464,77.46038012727884,80.18100296101298,82.29302715377963,82.4518633356772,79.42295716197809,76.32571529146054,75.04457156900264
2025-08-28,78.68280123159361,77.73087540166274,76.09018590137086,76.3220367005459,72.7700490987705,72.52324093983907,70.17661190518172,62.96556239384912,76.84060741277148,75.21417201331339,64.2990649495076,58.59212468313165,45.30509941822104,58.24099463820779,66.68830841354942,69.04243667270187,77.85449851101788,79.35606088021498,81.68553707913574,83.16986781226754,83.06180410475412,81.35660190268817,75.9409163245998,77.0297978126025
2025-08-29,77.35543459267124,76.43144408685674,74.44901849885201,74.57072346525507,73.43318446744507,74.83734593582567,72.13410065132399,65.05086167392814,76.26383430917288,75.26670943376182,63.026848526481736,58.44502782800488,47.7720469079536,55.725623674309404,68.16097269943253,69.2381587974953,74.32695924109386,76.90923776704605,79.53226646845185,83.38706917487757,83.57028170906048,81.924547986104,80.16030131530813,78.57750750305408
2025-08-30,79.72422087325509,76.02067334334166,75.13215610218475,74.26507926539281,73.42156268560241,74.17085055490034,73.63951589320958,56.423683531467674,63.90023839297476,52.03917701786029,44.09860776988573,45.15010341890831,38.96272452850453,45.58293719035977,48.10238627823346,51.79018135444351,67.99484611765332,77.24903662208159,81.71682871709493,82.99623076894528,83.03873903638693,83.27151854721295,82.71642475345695,80.37363244447627
2025-08-31,82.8603645590431,81.50059765550819,80.65833561699722,79.68292961473645,81.09074816782758,79.55717616886899,76.53239935562844,65.30646094052622,42.46954192968628,40.132656260594146,35.03801074047864,24.05528637623756,25.57523315685128,27.85966748646582,35.4650566324059,43.2653846987181,64.78364324888675,72.20551135581877,82.27001672445364,83.59507740814603,83.34765966207887,83.38177461792942,82.74759243069111,80.78766807962823
2025-09-01,83.54902012024367,82.64083630587619,77.56132518151692,77.51935226213251,77.96766126561741,73.60602271581485,71.29988179070332,65.08039120494318,77.17863609790611,78.08578508330062,66.84125218150089,63.73979093434795,53.92373078558136,61.55071649949183,73.08851877713863,77.564345288977,78.55281370235919,80.74465457077821,80.85948506197477,83.14281256601284,83.18757198874847,83.23075448445141,83.04730384427607,79.54740995417266
2025-09-02,83.81143248591616,81.1504083108949,78.93235708602342,78.5018549554759,77.1934638712858,76.81513274082283,71.52970460769976,65.14911294223428,78.2705539662485,77.20459958766246,64.7056208493098,58.00557778312438,47.60086819608864,62.951910977543754,73.18363200304859,72.5165598118291,77.73056192690413,80.61494019303932,81.13627573038083,82.99305512141389,82.98230104631313,82.81789529725903,79.45977893888761,77.16791477315171
2025-09-03,80.7730670015428,80.3067484001191,76.358425060418,75.26866052801937,72.9067063891841,73.37429246544033,72.08667817582662,63.97250518391594,74.98745035874651,75.87925386497817,69.70761319163866,63.89047788620353,51.869269604038095,61.519837622409504,69.13085113626825,70.25832611997019,74.50345797138222,79.0440949145937,80.64405215973696,81.88811457313453,81.80706827724127,79.50321052081244,77.2608209808896,75.60680849180446
2025-09-04,79.39618244526612,77.45847988658112,74.7380287955363,73.98756441080181,69.56980826961035,70.14483739245863,69.19899797499619,63.514189892021015,75.4204996710645,74.03455577842611,67.3195126498936,65.47899117237901,44.98989442020645,61.12706752471215,68.9529771085678,68.06251032967587,73.73766501322106,77.15885710996633,78.44314412020611,82.47854519280881,82.29909200445002,82.14020593080357,80.1834265144508,76.92135247266454
2025-09-05,78.66368703320926,76.55985054503559,74.74551167411437,74.01317935241333,71.77670430138313,74.19899802518951,70.07240594079403,65.29704195108974,77.23894712168702,74.61774673639931,66.76343856027515,65.05654513350612,45.17570859027044,62.79352038210695,72.6359272933992,73.0422874543101,76.52677625294895,80.01873329896603,81.35843231041449,82.66650882216493,82.75525599531679,82.69600649765347,78.97949323964949,77.25111317660657
2025-09-06,81.40460549522784,80.11310338157463,75.27808798526566,75.43343423621047,73.23806882352139,73.20897823628421,73.32722717715514,68.50259213125669,78.92211825492633,74.82116579926483,67.79731608644893,59.489386743925124,45.70998848884707,59.05452898083377,65.88554915187922,66.12249044670283,75.30637106821993,79.9966081415578,82.06995590459059,82.78176901190554,82.73862467745074,82.75195476304071,82.9192167205696,78.85806288711262
2025-09-07,81.18576200747337,76.4444068544158,76.16162461360004,75.75341248964654,75.66299009300702,74.61243327067149,71.95411905594025,62.39543844657468,40.749708987484475,27.40116402855863,14.297688686347366,17.78903268562682,22.519551627361594,27.10419197592934,28.48159770450334,31.3153185345726,56.19386010898388,71.23172477042442,77.43207508333158,82.16306101751269,81.96419319583086,81.76111738767247,78.30120613144652,75.76296736291111
2025-09-08,78.32907562745913,76.13696466540621,72.43450127392337,71.09366635725547,70.98897527999814,70.31054360045499,67.77720933555062,63.46162914651169,79.49573538511851,75.57502952639597,65.36385808674791,56.96157541284726,41.467634318910804,63.09455469441914,68.25109119458727,71.7364002386747,75.77099745593884,78.88303088818435,79.56279771158836,79.51603785248719,78.54144573406931,78.7093136910545,76.64305379216088,76.38387629753936
2025-09-09,79.40866657239773,77.56240014503972,77.49727162155489,76.6254526067716,76.00620846542921,74.91680049833505,72.98994982882526,70.37941513971198,79.24310019343831,79.62116051416882,68.8036857538166,66.99532992885142,52.550460992826274,66.31072994365002,74.3300486239338,75.61811115201341,80.25153420347749,81.17294600860016,82.11504839330918,82.81712089737617,83.1192901303359,82.86414713666873,80.92153865376949,79.10016684002858
2025-09-10,81.29679702375383,80.32398825510026,78.27675685409076,78.70347511297749,72.90863599707014,74.45307379242549,73.75397726202009,71.69076806167645,79.66738546416389,79.12443592588758,71.7449526237269,69.7604174807739,50.99163481917745,68.38165783880729,71.31744255032659,73.92237575609369,79.54998097130958,82.41389345702764,82.42491980258261,82.59410850726475,82.49833360560324,82.59578545733063,82.1966267707158,78.54384358524588
2025-09-11,81.49344378444832,78.88863303175349,75.91991356892626,72.98129968563418,71.8851315750287,72.36468356018491,71.78019591806326,67.16951477980227,76.70470822072923,76.31829714037839,70.9941438912327,65.8545292373284,51.61123484212496,63.323453039052836,70.674433258186,72.47881564859931,76.98447276647742,80.66055954425018,82.4468597615181,82.52899854891821,82.53925981061798,82.46560159255073,80.48514947076887,76.63619853304213
2025-09-12,79.42014184828386,77.26427229568654,75.40486780460168,75.675940607204,73.93191092787724,74.71825697393183,74.8176978543452,69.0915857470165,79.32697027485317,76.7216362662368,72.22527188417976,68.56004456911735,46.613861363247516,62.813752281809435,70.65104000683635,72.81386451977573,76.02004281940359,80.91944255049607,81.90037469924671,82.31977698787216,82.33068334573042,82.32273490360741,78.91978379930438,77.69243946456122
2025-09-13,78.75814512053982,76.49216282614137,74.9334625917691,74.73617738499715,75.7943402115003,74.24150381507897,73.72820216911646,70.2931730951303,69.7973840348624,53.858597486194384,43.08391062852977,45.01472706376652,33.77449029401128,43.433939224394095,62.074948170840095,64.95403544634202,71.08096379391405,76.68693767108375,80.08495568976565,81.9793057175775,82.21445913154592,81.71812072686556,77.32897887993872,74.54869631809491
2025-09-14,75.68549135993848,74.10584380764907,71.27688891326208,71.83727638702536,67.99143862280742,69.2778478743847,60.818179513041414,42.69811186869325,20.59228638208515,18.670701967606472,3.478659353508933,16.20741713852235,14.865260259398394,19.774439234114602,22.91655752392625,19.37219818745033,39.628211253037605,71.11607582263201,81.28614128125918,82.99631481144343,82.6637634531113,79.70206849740451,78.26714171660763,76.75935636264424
2025-09-15,80.44828271224435,75.62272117524137,73.82427516784887,74.08047995584221,71.35608969782157,70.64136954658838,69.02867103205094,66.34640639281838,79.66342403456754,78.09462652119214,62.508936028159475,62.17938793943752,35.86293275073002,62.430446592756184,69.6859174278107,68.53707680936083,76.6847658947531,79.93082333939729,82.46520029087984,83.02749924922662,83.04095817393659,82.676467096249,77.50505870189215,76.12996749797824
2025-09-16,80.3190929103777,77.41592295272456,73.89851131705409,74.54582494410566,72.11028927710896,72.76852626169398,71.20208772177449,66.06411846216895,74.98769113155292,77.79253351667036,66.52116409638161,59.82324800313599,36.56735304418396,53.02267325458282,66.75187894580992,66.86306239597899,75.79886242639212,81.04274526254726,82.16877758686135,82.70420898792509,82.6189391480324,82.61729616721824,78.54410841090592,75.48311673018958
2025-09-17,80.47278471892434,74.3842716406163,73.8441732380955,72.87362221863222,74.4169277951469,74.63016749190423,77.59372163030386,69.95953999322997,79.06358478033019,72.94429059248918,68.39962300433524,65.766366030723,44.581173868644626,62.35014541066863,69.97664716332122,71.85849621965578,75.67623925259558,81.97949409734323,82.31891733421534,82.57069511325713,82.53678152128633,82.37569559315898,79.3735716307666,75.13389169842026
2025-09-18,76.72403077271403,72.49278150605348,71.94652925001024,71.26454090747248,70.3571714643884,71.66362442450712,71.022199256269,63.291297526783154,75.02178161576131,71.19713503584931,44.3988769214618,40.49188540617939,23.632539900509805,40.533359377641915,46.341021715962064,63.989020333443534,73.21495811966932,79.14290069812503,81.28360725462682,82.28927066619745,82.19194441375164,82.21032496722245,77.92511827108419,74.76477219117818
2025-09-19,76.55999931102431,73.46029092390988,69.42620801133471,69.65650765016048,69.03395997642606,69.8191845250285,73.20993733065812,65.2267204232459,78.45815896916967,75.45169159744836,41.608280493068456,41.85306779644144,18.2785535918501,34.32668844178685,42.110119806557975,53.26171672244235,72.01696746947569,77.72085869835712,79.2254191189517,82.00630952412563,79.30424251717601,77.98330150710149,75.88363523967587,74.0822694379455
2025-09-20,77.1856697487328,73.57377142445246,69.07384768827811,67.4243181989518,63.99718056934499,67.16809072619645,64.63710519594409,59.43282034571796,52.44820150301984,31.993177774136335,12.082349991950911,15.523083258489821,2.16929535676437,15.13123989005361,13.575172257631799,23.757554005026343,54.93882236354455,72.0777701929598,76.03866265914381,81.25909215985423,78.17336092381042,76.874788802875,71.82320884852062,69.52039763322179
2025-09-21,73.90078767477725,63.86847639256053,51.566779763025245,51.76801288423489,44.01322114292368,46.44476758397052,43.69943959943222,21.891056211200453,1.608592092761957,1.5789451534563086,0.5005207830175797,-0.04375827898785088,-0.43777830803036344,7.764831532940806,6.4557803045519275,5.167971310200461,14.705000068353602,48.541796237582616,76.12146494225439,82.28029310971357,80.69919734639528,75.77974394370781,71.55563776026206,69.97694418082855
2025-09-22,70.83745602283162,70.42790791452254,67.24014759287003,63.20758384148748,66.93554961628966,68.69369789276021,68.53110565714323,64.57432284390636,78.8181480074287,65.999761793224,51.81573846837618,47.51376768773375,26.386770002166827,43.110657651569866,55.89673058312292,64.34963972461404,74.94686877350671,78.80204568873263,81.90308255434073,82.1941632362604,79.98554568869186,79.61423865184244,77.37785815736754,75.93323106646984
2025-09-23,80.0145294382726,76.82888670820606,72.78466959532103,71.25931239386323,71.70592631045241,72.18367462383564,79.26049963334329,63.28899271121389,79.99225937266891,72.8438842107855,53.00576646460713,51.271057623820454,29.731159017542883,47.1217467474742,64.10081979941911,66.69386431777905,78.8479167182334,83.52453163705148,83.82358707292919,82.66521415461123,82.68301093260987,82.78459567897738,81.66594573506562,78.68818979204245
2025-09-24,82.59001165550157,76.88853687710362,75.63968785126782,75.8796883761622,74.94670593839119,78.08325052706331,78.20834618525957,72.32692253707326,81.95584833193233,75.45493684174266,65.19393885009025,61.97407903931962,43.62358961928531,60.49758878212849,71.02671364106405,72.65414187290376,77.8844343158493,82.40841392909194,82.95297884023266,82.42734587054085,82.46401372739916,82.46947264454286,81.7920631019045,78.09386811124413
2025-09-25,78.729666447198,76.50960319640485,73.7570033098005,72.6640536521595,73.17052246498751,74.97359362882548,77.01418733938378,68.17145204578168,81.06914121484469,73.80022134408279,54.12248891581073,51.03469480646756,22.98484254592495,39.93777554415179,58.12312416346108,63.429182693767956,73.29196750742322,80.06001154602963,81.10823603872767,82.32675202811821,81.29618770642797,81.0944670439425,74.62697340695162,73.17762794957498
2025-09-26,73.08003545091242,66.26757815540913,58.490801439788086,58.17279533428594,55.50228417004644,55.54810640926027,63.38552203072542,42.32185449893249,64.45837136570208,30.286432346188295,14.645348462819843,17.002176252281497,4.939060774355026,7.285820224988509,11.680901074513965,16.07564084146271,49.6170466134317,75.69455780945502,79.4087599521558,80.6232227967747,79.39320075247069,77.69998222890172,70.8336012630005,67.38209594925344
2025-09-27,72.25201500060348,64.45081490796018,53.85080279324277,50.427109959648384,50.357262807552104,51.48754166926587,54.69146685670543,40.282083562264816,32.03515738191866,24.55101783654808,7.378803917135411,6.637663509053619,4.578686665309006,6.743376650922562,8.112895191415916,17.268325035226244,30.82996381455926,74.57822237951996,78.17345299839904,81.30125063510212,79.79460634298538,75.54532001135209,69.25781542658339,69.01529897955555
2025-09-28,70.62424829118812,66.02365588778481,57.96327184417276,51.84299169713001,53.31004858781868,57.65039386609349,56.216737686418554,36.65487069707439,5.2505007354755255,1.4722560146298662,-0.46341584351916043,-0.951439822806337,-1.2113160151328313,-0.5557198565051611,3.400982780220647,7.4917742377336625,43.215765652352125,78.33172836543542,81.68597148920726,82.85665964890575,82.22362064671576,81.70060534472955,74.92263859246943,71.8008776462099
2025-09-29,79.10466445491872,72.25439222287015,70.7590079980457,69.94095674244008,68.34031440048665,69.53594462776428,72.6204016881415,64.71272030247988,81.18253970925798,71.1743662240279,67.32569791802644,58.268092387930665,33.73962474904478,58.34710304474886,69.93033781082441,73.47930908727496,78.36645993775228,81.99582024208098,82.67355977639653,82.39877899584195,82.26646638685725,82.05609065942,81.12660088376873,78.82251851486564
2025-09-30,81.93334007959756,77.14886619497298,75.67065913022708,75.34848967939476,74.17267045029315,74.76015616521296,78.77787913818986,71.14503626017658,79.7052748342849,74.71658181933624,68.73909799248459,66.60611573303103,46.365474994854274,62.27793722376133,72.61175725596253,75.19108942123866,79.8442014485937,80.99283743978684,81.60159248611554,82.04867271710152,81.95171239412547,82.08418678617781,80.38905169362431,76.51767518820907
2025-10-01,78.33579310647288,77.00863552541742,72.09241249095963,70.64947937756274,70.39706044668222,70.75014588811032,76.52133310127661,71.8730557351939,77.78205196243302,77.20802854073268,72.65641239304578,66.40781786081035,39.881915464893616,56.98252662420352,66.60753118579645,67.57167781286095,75.35415024732727,79.75835104870583,81.00833948434963,82.38476884255977,81.71164078997532,81.36166772461917,73.21995140297298,70.88824507756638
2025-10-02,74.47029351668444,69.73649264126799,64.61462458770094,64.28455436789206,63.07143765775262,65.18995664552936,71.12171511677869,60.75026419667835,74.9576067767951,65.24091195180364,53.64182345158596,39.441113200044384,19.7497678159632,33.65482960895612,54.458770968473814,61.42873512817177,75.24834172981042,80.98793815993469,82.09270294764097,82.61830895322971,81.82387367767903,81.3399002964011,76.29062699268286,70.86332988555962
2025-10-03,72.82653373353818,70.23360992891982,61.96692001349392,62.31792448899482,67.0124566153261,66.07548822187951,73.22239806298734,53.1713143482906,61.86163532110579,50.89963031177313,27.220253011662944,21.839843671722498,4.898584982005663,13.074298331842627,40.96199219313111,51.666602789250625,75.31744754756562,82.01306409676742,82.58742345585192,82.54366860276106,82.69290879041675,80.48616129812802,77.21452130221768,75.07341488977501
2025-10-04,72.82825688094384,67.13552879547227,62.352017875743236,62.694319281081924,60.014872859969394,63.481905355992346,68.37806805476168,49.379210088029375,49.985082909648014,32.64624988891018,18.102563622151028,18.709454702549436,3.635814358779717,16.769769396581957,22.47937359123738,46.385272560181804,68.70219237963748,79.31035851660563,81.10221122331036,82.12580378215584,82.13158181811579,79.9086133439888,75.46556921443187,67.8865777654155
2025-10-05,72.15498272714775,67.51974474946124,67.33444533752953,66.50045806347391,66.22004547636983,65.20581146215265,67.6595146462789,43.934294101308964,21.39456112171204,5.3449211412077835,2.3972959087419343,1.1285282654867967,0.9824766083059041,2.2164997483482347,1.9034957294248323,9.51048577296741,31.623833048193116,77.24314048579666,79.18469441498594,81.89574830751172,81.78526655476595,80.71882814296424,73.96090481726714,70.81599073839874
2025-10-06,75.4386373863655,70.164224643493,69.75750812314537,64.60590703406957,63.199134078182034,64.9157178617998,68.28283583304179,53.64813206085982,75.72634634190688,72.95373766119103,65.48096719022786,50.087357399748605,24.31385724295214,43.70198070413162,54.97341055225877,62.12794032639937,72.89743238474989,80.98356274883865,82.46294948528421,82.42745300899699,82.51075909692798,82.28090489552275,79.04630863440953,76.2514830300734
2025-10-07,74.97636260620669,73.53288786957388,72.1764298779522,58.720911751829654,50.79606490352756,60.579493344582346,74.29006798413955,69.4289213663356,74.29592198543392,54.42613474801669,45.46316986723071,38.84015369209553,18.237667689747504,29.85138391344244,50.45269634968634,65.4047178674901,78.02089301191556,82.08214218717809,82.06682293371495,82.19299418002016,82.25438177618749,82.25395881940949,77.8850482023286,76.5387115431337
2025-10-08,77.734692053246,72.53311110951257,69.92602096786825,67.12650961968338,66.20482100876924,67.83850196273272,74.09116159044541,70.92441640902456,78.85009801300352,73.68692564750214,64.60249456819234,63.23995829433259,43.458065107122444,61.1526983349563,70.38018091747936,65.48820299751365,79.76039978440555,81.97096659766805,82.30652927837941,81.9454542103821,81.89926685587436,81.79638120462148,75.22062714098037,71.92612520325652
2025-10-09,73.08151043040002,71.52403989268564,70.15292105871781,68.95704461844417,68.56416411212514,70.20023130865931,73.42390952713659,74.32685019342682,77.2355115210281,76.12566876200587,64.55821702769498,66.38117713106571,47.011994773615044,63.118226742992185,69.65503628967878,68.39555100426058,77.09967260769128,80.61491356494611,81.08201426248324,81.7691617375396,81.80080952277959,81.57827833036869,73.52557091406159,71.28692064234016
2025-10-10,76.97226606506194,71.5396167980408,69.28706753055711,67.70546078620642,68.70253678550542,68.12709255041838,66.17240793897761,72.27752843732787,78.03597329013729,71.91021828126647,66.06998211149791,65.53839605177765,49.14380911534545,61.56614643681427,64.75827448733061,67.77869469602318,79.86438416651731,81.14307904458369,81.42015385780736,81.60097018694952,81.46847856893345,81.22044520210974,73.2425653969655,70.49846485968261
2025-10-11,77.19369464584375,71.4296514310659,67.81738788624723,69.10957310326751,68.98964497802001,69.81408269408959,74.38732487105706,72.29967210430465,73.4143780363276,66.95869993480915,54.58952020961364,40.94693116218465,28.529244813969417,32.52582077127103,47.81354149004092,47.652869163399394,72.88785421325758,80.26722225905306,80.80140254121594,81.64246252832825,81.72055117674371,80.91912380042692,76.85757480205433,70.96657392020546
2025-10-12,71.89762216638998,67.5117207993086,67.59593771937406,63.27250840823216,63.10291404343993,63.72740419991433,68.04426294829564,60.255802739904595,38.137827146118596,18.263695078300394,9.326172153414921,4.208987495374344,1.961090245959839,3.8371503976779753,9.551836826664356,22.772810329802468,57.610441273277786,74.85139495064881,79.76750384755111,81.21613093489943,80.5425673939408,78.42725078049246,70.65838853358527,70.07717956933537
2025-10-13,73.78590822005937,69.07372221180617,66.1897221943376,65.89039804661634,65.16488843089957,66.2719209356941,69.51695431789776,71.13416019530972,77.86083578765889,75.2548586502276,66.98312824023449,66.01797604743534,45.32815078815326,61.13298354164592,64.63939202620813,66.02141539288282,76.24225344001869,76.9109154409402,79.4156194603544,81.82086378565599,80.56363760605097,81.3593686008486,71.69742902706263,70.20721755200529
2025-10-14,77.38630190928134,71.6039839679287,67.87747682611347,65.91374795922114,66.3530300436572,67.56629771047379,78.2032273605039,76.40392766737311,80.9818071314237,79.44790132720863,66.70635266324334,62.89983483279949,41.89017483432475,60.11930471174419,72.52621298973527,70.24952200789033,79.30645604622711,81.25503570502148,81.87490045743917,81.65182559873253,81.6356756723651,81.61304169274166,74.67897075361023,71.75158308187777
2025-10-15,74.30794431139634,70.90325863567557,68.55945900683422,68.33335220534639,67.36293704441982,66.98226884737021,73.51599647804814,76.59743495815512,78.28415738237887,74.60994926672781,66.28842876295298,62.62828515988629,38.9994645450411,57.17813917746136,70.58784996940668,69.33566039952062,78.11158501194686,81.20434927245195,81.49527440240809,81.55274759133466,81.55253246013812,81.63997537819857,75.27648517240279,72.49366166587257
2025-10-16,74.9883198504436,70.27393277032805,67.06993860011602,64.19057855729724,65.74966423557716,66.60152675104354,67.89980563017329,71.92647034375705,76.12921958824961,72.44929059027879,54.47210827551994,48.64269090368554,23.00353506281833,38.28277152041386,50.89295636627173,59.72267375176982,74.13035656529138,79.84054701161178,80.61726012273648,80.63960580009442,80.54623944356635,79.64410275196254,73.87080125381104,71.54864118662657
2025-10-17,73.55933990438463,68.38654131319629,66.18375230197456,62.63186651785079,64.10410772530362,68.33214780858293,75.85788490943605,75.38739932899689,76.22416934521338,70.72852247550681,53.765550913182025,46.81611243783316,24.832251201661443,42.73167242022648,61.66074087514525,64.71617075571473,74.38235868152665,80.56826848776144,81.44750378935171,81.79730250997538,81.64738768532158,81.2118351353804,76.75690404595804,74.10749789258918
2025-10-18,74.8750422716433,73.6152828843478,68.5831060715859,65.17592208040458,64.64102107578361,68.0441098774661,76.73995500455433,72.16404706757602,68.87308252944706,66.06816050907649,50.04151134577628,45.77312977713184,21.60566718095106,35.21294916509893,56.47423831814752,63.401570028942274,76.8067965562602,80.31786158530242,81.47306896403764,81.62423570218066,81.61007524041328,81.35835332974237,78.168942302938,74.5308836645076
2025-10-19,76.29761264404202,75.86428577938106,71.61640808867007,69.68116222282121,69.63761126869856,69.75959588319456,70.51728792357174,62.409866280845776,44.981796465668474,32.45822215947401,21.513958830230305,23.11860808560755,12.67493562690198,24.29825226880897,32.03673207906409,31.024397536325505,67.87485500573453,76.30736108904902,79.64051939097934,80.3783195552666,80.27761184511793,79.21018293492686,74.54636620286041,73.19155031847902
2025-10-20,76.63229183563878,73.14277004207322,66.72799502937526,68.36575049354266,68.19188591717172,68.70087455260303,75.6244688637434,74.37137056323537,80.65696957903269,80.15317429394287,71.06977910532328,70.09148421904803,47.53251701537703,66.40037120411189,75.1390642735851,76.83519014932256,81.84114912562157,82.51443032869913,82.06505787984437,82.06480542601533,82.19955736652601,82.07751009586654,77.78764446446438,77.13999608011635
2025-10-21,77.34427955333848,74.56399686190588,74.12839076030491,73.14833192112629,72.29507968531051,73.16421746157877,77.65395696938523,78.18079527541958,79.02809598671269,76.04127760109502,73.09532226247964,71.07218994372855,42.06447616340203,64.49396426084192,76.14634253684883,76.54414596990983,80.76976225036009,81.56582267941782,81.3192093004346,81.34444155439165,81.43740337031585,81.3469488389904,79.08107496592187,75.6400193544571
2025-10-22,76.80296500313793,74.73927457446419,70.84298441446938,68.8523132529898,68.52691789111795,69.55178224795078,72.43521995567137,70.92454942955311,78.91916580216709,76.74401305000251,72.59875098663639,70.56406388050397,52.76930307019813,65.0756509988666,74.2371511636753,77.46593080001017,80.03387494452589,80.99571291088442,80.99337266852234,81.08931527987505,81.13575565824989,81.21179127576339,77.13594256573286,74.83165189427623
2025-10-23,75.75489816444127,71.5451736907181,69.73567626584556,64.16088239258673,60.93527113353957,61.72997949148017,65.02045043586935,72.19419941485005,76.73668275730586,77.52636244055785,70.67767135902722,68.03358596914387,51.80004647893989,61.31408827145711,71.61279334270138,73.46292678818276,78.01547366093753,80.24048113669139,80.58109595723373,80.61438979338789,80.43119438914628,80.13609503583206,75.55572862666244,73.64827943580815
2025-10-24,70.40565588419153,69.03537711682628,63.25675291399121,62.77125882893934,63.04998129493108,63.573893236389154,72.21684238553749,70.94958592376517,75.63041088046408,73.07685695085164,66.85216111388193,40.16312783183945,14.85577523349166,31.54809539801347,54.70995567338075,69.80907548091348,75.49930537666157,78.37573165464413,79.33557789542056,78.7625308061973,79.14580678427996,78.47993885507937,71.59983419086305,73.35221742293525
2025-10-25,71.31413254895796,69.36666952122837,64.13647644956767,60.695754498560326,61.2466604081019,64.77069096775128,72.71161489146347,70.72713246999375,73.43491557046895,65.07456379102656,51.248822445312925,41.26284864498079,21.85540698830165,41.04089367195508,51.96493576900532,63.588913331391204,74.44512188795912,79.65571156505067,80.61539734572115,80.1874113628807,81.0381743282456,79.84802714449476,76.47494645945038,75.39498477820753
2025-10-26,74.68781467420077,76.16760834581049,70.64329195479407,73.43724531337104,73.70632135498002,76.09295298894406,78.14401525125217,71.07836986266261,48.65734727266008,37.38812310843876,12.289562425692745,16.975693394109584,3.3657023262652843,3.6252908073035046,17.951855682463123,28.95604480662515,64.89845652944196,75.89691156875375,78.40569836294428,79.4886286668527,79.64473764881303,78.19354851896479,73.16937601656407,68.31911101328538
2025-10-27,71.0259915995804,58.632674754239936,49.79349039346824,40.372361590843354,41.20162364607044,40.56957304039003,45.8011956962358,64.14746225513332,79.04578171078474,74.76997764032473,39.04623638952246,32.444062011868525,2.549331828196683,13.356444874084097,32.64998182925738,43.38638509224228,72.86866744000318,79.15580421058453,80.63933035220138,81.23328378448896,81.29208543100313,81.08863675015488,78.36551808133795,72.55410788826428
2025-10-28,70.2065195855586,64.80846570737721,67.13366613903241,61.58965687834176,63.47040114903052,67.97502104520689,70.80335790386876,68.22152471989203,77.66506022433578,74.67114229649773,63.868360711111315,60.31911422607443,39.49817022927414,51.22317024084733,66.26256696261073,71.33094159113095,79.46175013417023,82.11534612602229,82.10932968122228,81.53657062267104,81.3795325712802,81.35034254224918,78.23606701029325,77.66049593122874
2025-10-29,73.3587197747088,66.41828589959613,63.768038974815866,63.51299927604315,63.07584179123577,64.68569863935964,73.5247679098583,74.02311308396773,78.32019250235282,75.67043221096596,69.83588438515338,67.1672949009963,40.997264263159224,57.10162777782595,64.88473926281833,71.08850984537816,77.14385971273344,79.99459244584668,80.39633530987948,80.4970751511259,80.24497511254252,80.21690222903358,72.37992383750746,71.55139901304997
2025-10-30,73.14079149361858,69.54759863045794,63.19055840725674,60.439027051386326,63.508003314538,65.25818584280229,75.85774515414795,75.45626994377326,77.16619957844875,75.9482685705004,64.612522965206,63.534588858090764,29.849366240551184,49.23654766462982,67.18762889482198,70.65085767960511,78.83178593389798,81.42817531059906,81.20918902433306,81.14571624234097,81.15749606936738,81.33653169380646,72.9824595556839,73.8850356062768
2025-10-31,77.56840596191104,74.99069350546061,70.69671273744426,67.79230540963209,66.96287449820053,67.28197952120487,78.0744511753385,78.61095051536978,80.40669937001987,75.81584877325298,59.29165064285631,51.474903428002506,24.154090257314625,44.28669459544506,63.44357387018195,69.75159255454416,80.72065477458133,81.33076147713182,81.33822907587042,81.30094356977719,81.37278092496669,81.382647038218,78.07990147827998,75.43242240327594
2025-11-01,77.06918563507463,75.690819925417,74.89993169043663,69.4310151851862,70.81423674767495,75.31675321609484,81.46834900219167,80.82182317688167,80.5434678413098,76.24896305743104,66.58920753490868,50.21985214161372,21.03977865085581,44.77946929198118,71.46965846304923,71.66880877867443,79.32405054579392,81.33756067758713,81.31489354926671,81.43594441793623,81.43459584931796,81.38291829706522,79.85811503599751,79.1539521492118
2025-11-02,75.92325570278864,74.86462612368146,72.83173349023485,72.28290461153891,71.9057043286515,72.61821049656302,78.03020665428402,72.18612134049367,51.570706573712926,35.40544988238153,28.151616929108464,20.913588654799746,5.739336543907821,21.621679670737564,22.728285468164177,45.4268526901587,74.97558106099443,79.26569187738306,80.41087689839975,80.60880504025937,80.46047119540947,80.21370629770425,72.58791368504508,69.53872841638308
2025-11-03,73.68227284008839,71.27094353619817,67.72704781695806,67.67704346842716,65.31790572744772,68.348553795364,72.52893245218026,72.2397557398361,79.37051041797565,75.58936573396672,66.40938577160519,66.19075205243725,36.943605649444635,59.230595907514115,72.59694862520568,76.22421012834089,81.65209324630348,82.20641427289948,81.73254312037616,81.72230197998852,81.72444592295807,81.71853528692847,78.35248339219045,78.49357695652117
2025-11-04,76.33185510228704,73.29465542535762,70.24640488366849,68.54512405468185,67.99503242326836,69.6287978389835,80.76328088243379,78.47981566190528,80.06141560813164,77.41551779764924,69.52172426125314,71.00314060488479,42.08152304055985,66.950137797011,76.67902176984086,76.52458592509751,81.56455376067997,81.44584899608668,81.39217061152577,81.21772978110572,81.33824112150447,81.23266156521925,72.84040642131961,72.35434888319016
2025-11-05,74.28543589019242,69.85219422066051,67.32979448468885,67.01481074605002,64.15418000621025,65.84978575415711,76.95285454122714,77.9453856979244,79.66869556038209,71.63636169525633,55.34399980781843,40.89533214074805,18.967387481721975,34.722022503197145,48.08855842227249,64.44467288434261,78.30087068034386,80.97328475831513,80.95712186333229,81.03452120424923,80.8425210894511,80.43182309700882,71.68910821435347,70.56919914609321
2025-11-06,75.2871572525259,73.19747750197934,64.85991797105156,64.9146194667987,63.73195788234095,66.0934530633173,74.74886905015164,77.20736574559056,80.35270101429597,74.76455244060253,60.267509713081616,56.46997822930121,29.87591534822026,48.27018032728214,70.83877639718906,72.32570635968511,80.78759940651123,81.18491844342208,81.22656194115018,81.14652508654771,80.81905145862171,79.66445787631338,76.47999988760071,74.44412047057241
2025-11-07,74.48649254518443,72.74776926781038,72.05045510283415,66.68922691060594,67.00313541330175,68.39474583884711,75.77522125297676,78.10923325789058,80.70400625482043,76.83173972450734,72.44191494485601,71.23376683508532,43.5571275709771,63.80171206587905,73.05040404624913,75.06839791006489,81.0858703940985,81.3133069510832,81.2889573403674,81.2267002095881,81.20192768353245,80.95574986402795,76.54369920084207,76.15484341074418
2025-11-08,74.17495930280917,73.89935575924015,69.57425182169663,69.06645440074101,66.94190923582568,68.3186930442005,80.16347709631015,79.64897548721564,80.5355294192669,72.00548580105063,67.03477275896478,63.22315256752895,28.674762823839007,55.53780259445206,66.74759770073993,69.34934994610687,78.73399008223392,81.57294769923735,81.31342866452808,81.2212887132054,81.15570362466204,80.71409989479503,74.59749782240297,73.93007830623706
2025-11-09,74.0577645066408,68.27300518862734,65.7308773363356,59.93418159938588,62.15686089341268,63.53506799182721,72.9629729475597,70.44502691166306,48.34226429439652,32.681952065770325,13.019510018504334,13.63800428490498,9.725332779264068,15.965645036222885,30.38289875243952,54.25726445312483,76.82235868956158,80.87248735881977,81.62716213879514,81.66406627087403,81.63520273999146,80.87772287924712,74.00724499877175,75.14068118019466
2025-11-10,73.20549975742063,67.83206919586564,63.150341437413914,63.13604288859215,63.12254879416736,64.50840058557829,78.5349200719311,78.06529827768522,81.67747309369834,80.74774705423548,68.47432072687018,68.57904125507801,31.587513588083276,56.85846384059473,73.83288077675593,75.96419591361365,81.49178676674858,81.5800333886284,81.51678437269959,81.62236404434252,81.4689542428761,81.40077580616337,76.77035670204677,73.87251806040548
2025-11-11,74.59492525825678,71.35568973422826,60.200404875890904,59.281834148082034,56.535710484022175,63.508335486167134,75.4259787063272,79.22462719701011,80.87898426219978,79.384965252709,72.14554922589554,66.84058594377325,40.77933855807364,61.98091899941447,68.28147894892105,74.21996952580294,81.29414566519712,81.17749311946356,81.17776970627062,81.13499502085345,81.11321471138146,80.94603402654144,76.64391268193786,74.39760595771156
2025-11-12,75.02893907704289,73.0383793308373,66.59223532227777,65.74557824777035,65.56876441618857,64.21540566682589,67.78062655709358,77.94385219811423,80.8362283866608,78.7659329712818,70.51471380781892,70.36812880137599,48.62045011508767,67.00071282204344,71.26671585872343,73.95059818307776,81.12317588493389,80.82344522647887,81.3230702444924,81.54812007165246,81.50473995167796,78.80499805147014,74.87837832131164,74.43719191099017
2025-11-13,73.17907192976382,69.77254537326783,66.16821975925568,63.65212613816748,64.91855372784143,66.47277431895427,77.39307129103634,79.48452933521077,80.59380686217779,80.51332746395654,74.44914672268891,70.4115799392904,49.49871931359019,65.10302711180883,71.72195197791947,72.18238573410197,80.27823195312962,80.7434075648228,80.7382859408115,80.77633038446417,80.70417467344843,80.47835039344746,74.47691885794467,74.66859443987705
2025-11-14,73.75155451511043,71.17629454452225,67.04603899008887,65.13287316984223,64.87419744919806,67.66418144331922,76.65711725361243,79.2955218872672,79.67211438662989,78.34795440402905,75.05916004039746,70.6472295020804,49.335770058639596,66.79920663922547,72.61431946196875,75.03951818804697,79.10828460204958,79.3104219456341,79.19199238863685,79.3914386936203,78.78069403917483,77.91892163385968,75.95208640222602,74.19061395418655
2025-11-15,75.95799309180221,74.56805557764814,71.815479152226,63.72318503974224,64.53721506063471,65.18865658918533,69.68722499883506,77.68611210319096,79.63867330652555,75.5245536891819,69.80573543728902,66.16132011575897,43.44488136555517,63.09975676368205,68.85366428179638,73.03303150055609,79.75888974677703,80.36832960219887,80.60024760698161,80.54840678770385,80.4920686599842,78.78721868352531,75.65153414552569,73.98100702575645
2025-11-16,74.2371877251946,69.784464883695,63.93710346461644,61.462227095040234,61.434696648438226,62.75935065094905,73.85886318123097,73.75128625965652,72.33911314095565,59.78476254342218,45.45938352602366,39.10638311559217,22.58899142592379,36.92969325988091,52.43370047975337,66.5189732054952,78.50082093796412,80.65643443006995,80.92607042419611,80.69636380265592,80.78588716868572,80.64065649129302,73.12393632718256,72.11428717567046
2025-11-17,71.82462517318476,63.71216254456776,57.98799722141396,56.232606718903625,53.74395985308608,55.79586243280115,73.23533672003101,72.46536676980418,77.66271522171732,78.6076950228613,59.80867415493052,55.34394562617781,16.44192006019506,27.815719013117064,52.998094764922016,67.98412448849369,79.39136152751567,80.68713476492388,80.65389545359633,80.29057018408707,78.81348179474367,77.16918611064253,69.15455364097599,67.27064171125079
2025-11-18,59.29182451855261,53.38458152296357,43.02604110121092,41.47944376117789,39.24211609855469,45.21745042807769,61.28855363543355,74.97160387586676,80.4196217078152,73.21258224030512,44.230231265845774,43.40328700556176,17.23797676144934,29.206273177720774,44.15233216530367,64.08378639856564,79.06381534404633,80.20896130561928,80.48598545738018,80.22167225946899,79.75447504021405,74.87957757347597,66.30724283830027,65.38310206509361
2025-11-19,60.88762548590884,56.08594311124441,52.31735972974702,47.459340890587534,48.924945519839795,54.864878951613264,72.55497100255263,78.77433182578675,80.50161198849034,74.34582000330089,60.62621776676519,51.13435333693097,26.20532581516191,47.729268150823465,66.5188341936841,72.38895208774832,81.08405309969149,80.57781367090165,80.69058125306522,80.12097199051932,78.07359722814327,77.19321471610456,71.4435110274109,69.08833295571851
2025-11-20,70.60680461014167,67.82857289068728,61.32445719326649,59.35783840095897,58.421601457284815,60.43886082601165,74.29223395901474,77.79142182117032,79.19956571344731,77.83205969259924,67.22920715605773,64.96976554265899,32.94459967403963,45.34353228428674,68.82750851797802,69.35428107676586,78.42806298027539,79.8168261684297,80.38656228729143,80.54559146120181,79.07670028738461,75.47862113625924,69.99531083716263,67.69318289114779
2025-11-21,66.4618476993372,64.65670325211015,56.94240349884256,52.97391909465232,52.356268215526285,54.29774542015017,69.9285957150614,76.44305129172159,79.50332961143313,74.28534997298405,57.252148144326576,37.85348670897746,20.03858273218902,35.57122198314701,54.44500032655332,65.90521679978053,79.01531852400504,80.43543324271072,80.2062171923782,80.14202035461769,77.42384615382831,76.01326822134969,66.90301270774496,63.87854434604186
2025-11-22,62.97808112047961,56.70219788344109,51.50099176981762,50.6073748087464,48.144746570771744,54.24635738484722,74.17108987114395,71.54820607780096,80.01661694041556,73.4195623349269,44.229881395417685,30.161796838404495,10.638751241650672,24.054262535764778,26.39070733236304,53.53285372170788,78.82438388226639,80.4728382811925,80.58765734454741,80.66781411613594,78.2284203424207,75.09613747361503,61.823395007668374,61.86815704058067
2025-11-23,63.9734432895961,48.22359390678808,39.07138005278358,36.04077329322726,44.51400866964407,40.35881623644278,59.1272475866501,48.722629436503304,58.61286056943742,22.080737254846817,1.3308287085787966,-3.299598475155446,-2.1140693791529426,-2.5214208103766045,2.375082242572709,23.620810763983318,72.94171048088259,78.49173217468879,79.82920714327983,79.84870959613613,79.0704779240891,77.94927298735054,66.74367528146271,63.532990460666916
2025-11-24,67.24401480079177,61.65116104815655,53.78912096313684,54.72352992877429,54.80709426152863,56.98495699741818,70.8558177354348,74.80083298177499,77.88617731242151,78.51636064637074,70.59026447978444,67.62751437713646,50.4446403712616,62.93428009601064,70.42702879561524,69.29482727155404,76.80280749203159,79.8584084412913,81.12613443267003,80.18693626173682,78.0401533457783,74.43484688678663,71.7192208524649,68.12696412971822
2025-11-25,76.04857421798907,72.62057746478317,66.54263467289088,66.6931804684936,63.606801238705984,65.83487538132269,67.45080552609099,76.89131525844263,78.11514351011232,77.67869813635828,75.82143286711127,68.71926638194937,44.580553490827604,61.430306641724755,71.07494279588437,77.02854477943431,79.65277768800615,80.09065770281177,80.07575797873591,80.48391677602551,79.40052201269079,78.72606558094391,69.42652789552226,66.5421841450489
2025-11-26,70.18268781150593,69.45089024389264,56.05548613271296,55.10552139679937,55.25207120997209,57.9821909794435,75.37503397363021,76.84116958248296,77.20675371830124,76.14431350086203,68.7387545815042,57.112636286267424,32.32012313709652,51.89282922758549,55.903049612957766,67.86968770009871,79.26532088519257,80.1983881057092,80.18952510165724,79.91570170615029,79.13334965547718,72.59433157911252,64.0164090599126,60.02400544857246
2025-11-27,60.45904261758434,56.220222821429985,52.191735750030325,48.288940316444,45.113625908848995,53.26805653134917,63.64045130632451,76.39035459044736,77.0172925300924,75.77234310569428,54.5211281097402,50.06409383883441,25.669846290236418,39.95175647733003,55.527358869004985,62.645246705513664,78.7506624368149,79.170871090684,79.0758911246859,79.09517397932557,76.92156818847003,74.43691392145102,63.77891245560589,60.77245405995664
2025-11-28,65.26066728536867,59.60446723956316,56.09967631433095,59.77912005588854,57.270067577491325,57.89013237615461,74.18745094912336,78.52623857590878,80.62871914414403,80.03724675397864,65.82573485700615,62.26486479234806,37.001036038608255,56.92357367816329,62.427310630947396,66.53112614643229,80.30610270801836,80.63490236591112,80.53805237861684,80.6149318168722,79.57045721987191,78.53626289064191,67.55698308813098,67.57457491761018
2025-11-29,71.43735484257274,68.47619380677156,59.79593662283839,64.57021670701403,64.22264218685902,65.74271062525679,74.79194857293454,79.85256625538611,80.62319233675605,78.1385485226839,63.77943383687463,59.15713657898408,39.82479073125398,56.705889437476145,70.87859142813804,71.78515104592296,78.90350115206363,80.22311424185176,80.45587792956462,80.33929097306381,79.88482454215941,79.99375473495563,70.28841990681971,67.86747325058917
2025-11-30,68.63016188397418,63.627749321288974,58.75640592803626,56.34248414521288,57.16370736164499,58.178337283115766,67.34496607300413,70.14863598448775,71.7487290664615,48.20733020978045,36.924630042854446,33.935410051212855,33.353478357674604,34.72136680545838,47.24024647963626,61.617381866523154,72.93425955493096,78.90580036032654,80.35008379660802,80.4831136150721,80.02311885797357,74.38738654217097,67.66491241453339,65.24925670549
2025-12-01,68.74208870693896,67.15208139355563,59.16286910793787,62.25707219287024,62.181216973709176,64.01441306020082,73.22261037794517,76.4865273475957,77.61431044356951,77.02608039783811,76.0435179191835,72.07244402256327,58.02770261113233,70.0770602929841,75.33224353188368,77.08679304961159,78.58882063563811,80.4309906818957,80.6409982523807,80.5670424606111,79.8795966551934,79.90114021454288,71.54477300574439,69.50818439117039
2025-12-02,74.91156945059159,70.8304303883422,65.01805008838856,65.40447866316168,65.3858080134305,64.88475391072127,75.29769933391,80.63220344615016,81.60664649663472,81.31209647721752,79.07870164972786,71.11048094694706,56.65020532569224,68.76148265725327,71.28945121518744,76.80278250281371,80.71070948787067,80.25715756245683,80.38103845441404,80.38097680605182,80.36066196308505,79.70032260517503,76.56831091828722,73.71959201764322
2025-12-03,78.942643986999,74.37541897909708,66.2489902515273,64.0941934202058,64.33416919705216,65.46602054009034,78.61771602483422,80.5053235165718,80.31661688791851,80.46298840202736,76.59652677829304,70.6608946797087,49.84318556658262,62.73825613644765,69.06585399885076,72.62928180147269,80.32643635139745,80.14462373857971,80.37473196424895,80.274889723475,80.83455577742905,80.37731627393042,78.77952588344739,78.60345070131451
2025-12-04,76.34888232458341,74.63349931288471,67.43511000815599,65.4956327233239,66.37297925748642,67.08364737331077,77.41613103974751,79.29213280277976,80.24296544475527,79.78875565636508,75.36845559199068,69.79251807582568,52.81168638103712,67.5254990720603,71.16015460358284,74.77122304492039,79.95174532911774,79.93556560514664,80.20135347879928,80.14815742519836,79.84686315377532,79.59317469822977,73.38934207379464,73.66093388050743
2025-12-05,74.6486197069153,73.30740084531897,67.05716796691223,63.520806958727995,64.11379299419173,65.37358706146738,76.48731785242002,78.39252493456901,79.58229201746478,79.46109119458684,74.06297139778815,71.1725445357363,56.77434794973715,64.70014555791789,73.62979752796141,78.77723814355852,80.3562379072918,80.18375366768687,80.0635044660169,80.01971233749137,77.69099106214102,78.3297990291292,70.71008789465212,70.34690062833944
2025-12-06,68.23884351752356,60.67033561656175,57.011627696615186,57.18795964629317,58.60566642138889,60.32765350583297,73.35378827413258,77.21286073563678,79.96738223756375,78.38193722175222,72.86602867762761,70.29033328781777,53.698147308054686,63.66840885734816,69.57701472778898,74.77841585640914,80.23592163145037,80.2018520405594,80.26961792622059,80.22112979021372,76.13551098734327,75.10778990381995,67.8230222720635,67.80985706810695
2025-12-07,66.62373778276965,61.49072927236221,56.90890461168091,61.799094813481396,59.13746406953938,62.03962998708242,72.61044376911765,73.05647536446013,75.59928668863331,71.74950894255872,64.77033169763577,55.8434311556008,57.34361358234214,66.04407790419235,69.54891073746187,70.8584558430649,75.82239522839262,79.91941326976023,80.69594737412021,80.7864425648326,78.57647692651406,78.55352132669422,71.44717776796927,68.65019433797593
2025-12-08,71.15555997631307,66.06085718992024,55.990620599981064,57.96693317784503,58.75228445626795,58.371471769987025,71.52930187747323,77.0337074493536,78.77503963047351,78.8458469205331,76.08307623241431,72.82789602623075,61.19824198439819,71.48312618954753,72.4444332195892,74.69724888229237,79.47068303061167,80.28093977974703,79.89531140790706,78.73890361530809,76.18418640132144,77.17348068607944,72.11011127245486,67.65475729450955
2025-12-09,71.40539160596286,66.12474975843749,55.08994451704049,56.04137991485737,56.61722741032609,56.940789262267074,73.2934943880238,74.37864715927611,79.46816249502322,79.40459299280131,80.09159830118362,75.84401542199478,63.54754705358157,71.08574569666595,74.49406724836903,76.97935847270871,80.95238460014038,80.60085062314836,80.50116915689472,79.0117690064904,75.06019437802425,74.50087412598396,72.60152661528055,71.15831707673253
2025-12-10,72.34830148136015,68.02649643584802,64.88742332212102,62.049604315481794,62.04802696863076,63.574317129402225,70.4263692569106,74.11870914993563,80.79732883789576,80.8504348166939,80.68395758606115,76.87946731443263,69.20860813192755,73.23707190080383,76.02056504761951,76.88287655482684,80.21296577611385,80.13862338003777,79.69237433471129,78.5694467256808,74.20205471601052,75.33491335975981,71.5755322589388,70.50166066481874
2025-12-11,67.0323589643947,65.02542036162171,61.396851651772835,58.87221654473954,59.03004530996474,60.73582431273405,71.86493790342274,74.75283719522909,80.33826920356034,80.34269234798809,79.86639643693346,76.10625645774265,66.06990258771188,71.35544301316409,78.48903609816117,79.83277210355558,80.2897598409173,80.49695867293615,80.20667759227975,80.0707324215017,78.75251822349503,78.77938272366082,73.47450565204251,73.70710483673253
2025-12-12,74.81916714690469,74.32403493616597,67.07699109422897,62.49779657039158,63.3441789902325,63.51116043872172,72.22757013530021,75.96456727665073,80.36629940526423,80.32949667399285,79.59939558122333,75.91699466510867,66.96914972397751,70.33697482150137,75.38053733443006,78.74353358545751,79.989028452186,80.13494877361185,79.95945566079324,79.7443500357965,78.82499580704336,78.43526477272302,72.27688230427947,71.96036186035019
2025-12-13,70.79041405990823,67.52808308020501,60.714888423431525,59.41395658073409,60.094695507717866,61.07830828735052,69.55645681535572,71.58324920938843,79.4958549956022,78.23127153763069,77.20684244682081,70.35237752550562,55.73058956604099,66.04818239064613,67.79474257079582,74.63696327996458,78.10925833948437,79.33599681020581,79.29482781509508,79.2898640143489,78.26747897425895,78.18512545251005,70.88633736683524,68.17643811227124
2025-12-14,62.308242749263464,56.80217578548944,53.675638216225586,54.25583214904328,54.48960455692657,55.59051639106487,67.73606858143457,68.48605410727869,70.1147855328409,62.65677077550883,55.76619629040355,55.15348390571021,48.68733405800446,62.98216083453618,61.63331772533687,63.25552092875787,71.36580646439253,78.67157603700021,78.36578465029972,76.72314906147118,70.65806686795545,76.98181507835653,65.74709218506311,65.44030432711533
2025-12-15,70.44487711268738,64.12843699699484,57.303893982031354,54.625486040773794,53.94003606227142,55.67550042454613,73.87436606767294,75.97150357846722,80.61698581352519,79.7949346306927,75.74981459405934,70.5069256303229,47.921294366294774,63.26258564826471,67.44090502212208,73.02373078311089,78.84645179670214,80.10187859486105,79.88903659021456,78.77582495946517,73.57955778533699,78.04768563671075,70.16361747818584,66.28753662244748
2025-12-16,66.2864572605985,68.88246818862292,61.11476851679811,59.19228147877426,59.49745934903931,63.34295326226607,71.34958866313833,69.98707418204411,79.78263798816931,79.33984812883855,77.05010829186224,73.60719313563153,62.78547686445596,66.95673005999156,72.94976055353087,72.67194739102858,79.85086767098242,80.2291239955762,80.0651623785583,79.00316611679911,69.15585151726846,73.7100243366875,68.34230757542545,63.368945408888386
2025-12-17,74.96473424581319,72.93837455491476,66.59673876667831,61.53901457791007,61.14487933210617,61.04585041873188,70.72220383856094,72.45661969409882,79.75456988342937,79.69871769864007,77.84810168991962,74.85090224926662,61.78644303006743,69.6127031942849,74.29307208259507,76.43005237123884,79.92100366509155,79.75489708172879,79.28043015467537,76.24109479003135,73.37296467511257,73.34988867226734,70.496866266216,68.57388980345111
2025-12-18,73.11884265742,72.39417134667377,64.66737438517846,64.52106588599894,65.8769203473192,67.76676693926534,74.40505402049455,74.72503333357099,80.18519701173453,80.2733159223557,77.33372445379614,70.16863147077008,58.4964589671496,63.180809622522084,69.73818611616055,75.91423930107086,79.63605852680432,79.79648393938578,79.8325390649867,79.64290288772678,77.55169313456852,80.1461218646081,76.2483131582265,74.59553409634613
2025-12-19,73.89055325243109,68.97746962942142,64.42279140678004,64.08681812515071,64.22851190119465,66.09886955281212,77.76010881712102,79.57438585071688,80.27752700664058,79.80028103514901,71.23606028395253,64.50225120854122,53.255935933697145,59.35290483982463,63.53820066654269,71.27929338636521,79.69567674819633,79.84668948415913,80.04687563432316,79.67453079795413,79.88407529135011,79.94971459678646,77.70083700777816,73.64248919329052
2025-12-20,73.82733852948594,72.40750664687428,64.27875075488585,63.130554944677264,61.09269018481492,64.79737854542111,76.58298621121439,77.72561351474992,78.92182407302832,79.79158923168738,72.50291015811494,68.18721826871831,45.41521882680751,57.2272129414407,63.629900515331,70.15159960591552,78.11288144185038,79.52355587328222,79.8061085133112,78.15929079588304,77.9574344829349,79.64345326942305,72.6576075137074,68.32682821489504
2025-12-21,69.23132623991341,64.84205413451427,62.3800710965905,60.98825592442419,60.58754951078073,60.09568511878081,72.1270238733268,74.50205674304271,74.03412577616004,57.577044467600295,53.33298007806024,46.614458265546496,34.6795076927683,50.300622546524785,60.692119177534124,64.5344143849463,76.40331380477083,79.71276685232735,79.61533109213603,76.33863062745661,71.21572875721594,74.2560400647669,67.11895137815915,64.52877267160302
2025-12-22,71.21517896124875,64.82695586413777,59.26436661647075,57.12474284854035,59.248555509689396,60.63987092564217,72.96537204697988,75.04719082771965,78.5613605970092,78.1855357211735,77.27685607444378,72.53974340352285,59.61656427129692,63.75148162112661,69.11045464689518,73.71333459643576,78.71300933341992,80.1162230163235,79.07609321452321,75.50015441898219,65.14776865830574,70.4407063288969,61.79935580894626,58.98877206625478
2025-12-23,66.3937758793899,61.545047342924185,54.806144478905395,51.62705173083613,51.996113219496884,54.323006026766016,69.86139586747593,70.22840123378822,79.61500755752157,79.29373860443566,76.29472473411312,74.02611380555913,60.73293164865333,66.20543583686363,72.13484282108155,75.13169782747683,80.01447309983558,79.82354430922832,79.86926218819659,77.50339718872061,68.0247753874114,73.78445986181534,67.5964801334478,66.97223580839764
2025-12-24,70.54764986409056,69.54510433032709,64.98092012452871,64.12368384152416,64.73047332237779,64.97942802974148,73.23446943447973,74.71491902907874,79.7469785325756,79.8427229213348,78.27846583135097,77.45045883261554,71.4314451385655,75.02236386156686,76.45492076796836,77.40076052727231,79.83968008036815,79.9118726576908,79.89239631257693,79.98853527599881,79.4473923008665,80.12493896918564,78.38595227857975,76.77421213424773
2025-12-25,73.44659511005351,68.99095540450818,61.29380725237348,61.61046660056384,60.32288665007817,63.17873255039725,71.97210798980666,79.39204134334807,80.18995348981467,79.78034328957484,76.81909450257413,75.12997768201568,64.10747380859563,66.03625509625229,70.97782677735728,74.44037717975728,80.35836399420072,80.43822077976063,80.43772022143784,80.5167687148585,79.92881960916486,80.1849270248375,74.0643958077096,71.70081002518774
2025-12-26,72.71760462481541,67.56817065011457,60.62005339985189,57.174533210712575,56.393724162572894,58.00439876158658,70.47630271073297,75.75219057494438,78.9235552644926,79.11790497536653,79.04519354865508,76.80282921854334,66.34260501679664,72.38829616939314,74.36588785663818,75.83450213565592,79.64295508060418,79.53207004022353,79.21267083427027,79.0262533805046,79.25678271681973,78.4707569948906,73.1347803407516,72.68374107168084
2025-12-27,73.46426718858578,71.35344775998102,64.01334958353064,59.93991407972417,60.22931847950555,60.90978763784149,71.17702810530601,71.69941117205603,78.38045831978593,76.45024023157237,76.19907188414844,70.88147364401026,67.51568286078492,68.23713464566953,70.29046008886296,70.10329184658069,76.51707514025746,78.00702070393531,79.82282433947029,77.52194997625782,76.98592980356956,79.37012447691826,74.43247723125305,71.49271876836777
2025-12-28,73.44630408299673,71.87151360271125,67.95103421581837,58.997332119486565,58.595983592953345,58.90788791924908,69.42221169383744,70.8197061992034,73.0532038728018,70.73765434803289,53.5257469022499,69.26425454933018,61.90133154020866,63.797383733583125,66.60125403808975,69.30368336889471,68.77483396236168,76.81455780185772,79.42421718792052,76.5523610953561,70.92784959136135,73.12259422916947,68.84404461776491,67.80839544474358
2025-12-29,68.50581450564341,64.4953767743018,58.89252591434235,61.44651438291574,56.77006638564329,59.10274906129658,68.30079972957998,73.78367119797082,79.58973086066705,79.45789413256398,77.07849421301933,76.51984246832481,59.75183461732582,64.69063547924924,68.58467096243346,73.36541273368012,80.3930089607854,80.42981930591024,80.22578425298417,77.98052683117838,75.27011444100269,76.81701373233591,69.46262344174525,67.33343689310067
2025-12-30,68.16249995542027,64.67708269284161,58.25669965533564,57.443232164915266,55.02485311361527,56.20240050640282,68.62510655303437,72.85055903363542,79.57562800900287,78.86883691401346,77.7199752138118,77.52712791876586,68.11409551186138,64.9042414185702,70.80758131652381,71.61547946619056,77.74194919006565,78.90063154095779,79.02553421681725,76.78904611467763,75.68911304948126,77.03994118322612,68.32713550805889,64.69693107431097
2025-12-31,70.31637050604685,60.59164207036031,49.00139638349345,54.368950126026306,56.375985768546045,55.30000365890075,67.45846922142152,74.99708620202277,78.40044015326504,78.3638009651591,70.00639701188702,66.96731533239792,53.975296181395926,59.67760560298154,68.31798313273056,70.03609961794697,77.16926786802088,79.9938430928756,80.01881760702243,78.50090245437515,78.30014411259295,80.27580995747589,72.9088488345361,72.0235660266874
2026-01-01,68.55846772437532,66.3313865579912,61.90442902159541,59.453020798113045,58.46944244094661,59.50299787292654,68.82792089314566,72.3770744448095,76.89594957877742,77.26013261098069,77.4917427521846,76.93500472033452,70.65635135694244,73.8544750290921,74.44345193062915,73.04397961157181,74.89145964884233,77.37933780539224,77.18316337362515,71.12025470678107,66.28663087931011,69.5840207035818,64.56420256393966,66.57764069096557
2026-01-02,73.73580466028923,68.4431452637694,62.28192068650027,59.16699988032528,57.473782967533474,58.78080675170644,69.57949298599831,62.031623966204236,71.14491424863905,71.75846428499618,71.40634083308957,70.38620036248983,67.93720052111252,69.59363897362115,70.76150502536144,70.36024293344587,73.61974938485913,76.33962179133893,75.33159759394186,74.78055821331861,74.77271563578262,73.76320935391382,64.31024215714437,62.57948516234112
2026-01-03,69.25570954971391,68.30805385781865,62.20623739300047,48.959708620026866,48.237921452394616,50.86487753236798,65.80069184979315,69.21918496379485,73.28017789725764,69.06895244955429,56.9048115041184,53.75155026784297,18.65958509982083,25.914365846884575,27.670420846481527,47.18015156815731,61.53157720278322,73.63319457713722,73.93973543798836,70.14605654011528,67.6300852672014,70.17745149871061,57.85413208729589,53.738893241158586
2026-01-04,62.30358642833793,54.289900668417175,50.57837470184018,52.44854904698084,47.36631841233894,45.44258502646429,58.26034273398388,66.4352172671327,43.5035830313143,42.90200536781254,33.171519902988145,30.689321474896992,22.679759535346854,27.38230166409889,28.34207693337744,45.305125984753396,63.586220107470616,76.78807336168884,77.60638687971026,75.03654123587421,74.75129030114647,75.43323993838992,60.912527794045225,60.61418738661826
2026-01-05,67.41589678875849,61.31040999691076,49.694602347918746,42.47308914536491,47.49168227470695,55.15472629360084,64.58738805926109,68.05807982560289,75.0483715563839,75.20219566563766,73.68823177179179,70.64779944712103,56.79017884729061,61.15782211642809,65.29126635392488,67.9945012242342,76.14902386551914,80.349734181645,80.06403544158113,79.86387012449488,73.19368571467874,78.8654552343288,68.66358141651945,66.63256441138739
2026-01-06,68.2444455743105,61.67115831288428,50.71807778088573,49.6604533086608,52.349791337706485,53.730173092916544,64.55216980026378,72.51116951523711,79.79678966650332,78.95767195135518,76.69719111636222,70.02190115219463,57.951865928182336,62.26858426529152,65.76531051871417,69.28488117703301,76.05303856837723,79.84945985901564,79.91219608251696,77.71208925973374,75.3442816977247,78.92331200000679,69.20655665894816,67.40584196938448
2026-01-07,65.36541210300786,63.11026332732609,49.944198904244104,45.89392230084751,43.92491988456526,43.07368337246951,61.86175032366213,70.52291372178321,77.3339951001794,79.12595261613338,75.22757783711477,70.21003142883953,61.20504254494059,63.18201770599803,67.25065518796778,69.79020757555901,76.71411521735199,79.0792204368138,79.09086185695162,78.0771766861225,75.85189937087134,75.64872396305195,67.43362235136182,64.35379121551568
2026-01-08,63.45959611730231,59.82008506700732,51.100882371788586,52.01532315767814,51.82342029213027,51.890253211105474,53.324823884568296,75.04378091361063,75.66582089371198,68.99251563818638,65.62365208717111,45.02104299642157,35.18262813948793,44.987173124944135,52.50417149385221,62.40847089990763,70.93070802193121,78.54775390958203,78.50126035865362,76.40803599929389,78.41855321375162,78.67323055957657,67.46089541113602,65.29066007035561
2026-01-09,68.23964494022563,65.97352626634405,58.70068230843928,59.268149912489584,58.94893342668465,62.39121493366184,70.6461180783667,75.26025988548875,77.8918329863835,76.95355414733775,75.37169970991843,72.60512926329162,65.35925341429329,69.12163918856987,70.67989689945483,69.44727071123906,76.65148134865804,79.87456769004241,78.94482264428694,76.84175695648015,76.23618641228173,78.38035155276759,70.11084066089147,66.56007957023293
2026-01-10,67.17380389372202,64.60542906189586,55.53447516169922,53.035437880641744,51.725304218619115,55.83401426228145,67.16965810206513,71.49827375004334,78.55482498325077,78.32734337875162,71.52647025556988,70.42335866556107,68.53422203719298,68.83873218056972,67.00454531052442,65.89894185083492,69.36165229706094,79.22804272869726,78.88069300042716,77.26226939329906,74.50775692965378,75.39483958000964,62.22765876960064,56.61559473873142
2026-01-11,58.54625846379845,39.86151332222133,31.91046177859589,42.145883157976535,42.40147545079969,44.39699219373133,49.40777642249009,67.26152496340822,69.55206511964299,66.25748790367683,69.92272886844724,64.04660137809115,53.321151949086826,59.25021196887572,60.97069504011428,64.33654650408673,73.07969084862599,75.66012331494899,76.54730813372525,74.88485986663093,73.00324866759455,78.02480052579945,66.4005622659203,65.11444649907867
2026-01-12,64.09638277675445,59.648717701132966,53.61749082787606,48.02885148498897,42.90789895455796,43.08268020640477,56.038648921791776,68.93711659540311,78.10533831930846,78.16033776650906,76.23362987959636,74.04585598216647,71.54772197226103,72.02059986425894,70.93534336210702,71.37078338232547,75.9343220850195,75.47294541878888,77.68014094260612,76.89677010214675,74.60167816936669,78.30899550109389,70.83102116132274,67.35639677339884
2026-01-13,70.04795141422574,69.18320506196764,59.86282203747986,63.769246766202656,63.573205396652554,63.707648914391385,71.00801161988431,75.14108129678375,76.54610931068278,78.75919746265716,78.07690708220649,77.06744323546887,77.26663678214243,78.56670597477488,74.79662225040698,74.73629085641676,80.03550214231123,79.9505205608791,80.03307831430672,79.17023019468468,78.39157037433746,78.58892596614615,71.3930076492984,72.89172729281879
2026-01-14,74.07451664211978,69.38352772005044,66.55418241200897,64.14842795076774,62.28284539096539,63.126042544274775,73.42955177509728,78.77254240701203,79.08061941303544,78.78934229139757,78.749460887564,77.60299387893909,73.0593059173003,76.28347019799813,75.69137779042809,74.18515347789484,79.10314485728765,78.81264740889226,79.07054476619255,77.2253204493118,77.64092538048455,78.76812166516874,75.11172589656762,72.88264862176544
2026-01-15,74.86221083293827,71.56683703850071,61.65485675037877,62.03213808343921,61.85065605648499,62.887541124510314,74.67887603829209,78.07702125160006,79.22871846054211,78.84654096096712,78.6413589186032,75.2689619297305,72.4748042253101,72.83884574696334,72.41529561458312,75.15384077220247,76.81535424741806,77.60465508229866,76.5032318738201,76.05337960452593,76.41757444789552,77.11033422642969,74.07328607335506,70.87421813678813
2026-01-16,73.2706967998079,70.61848642978016,62.41031651977589,61.546159977003164,61.26358829661624,63.370513288488674,73.48793585466446,77.75228199865427,78.75641884449907,78.69603006510754,77.51855947362364,76.7685203007158,70.76759507875364,70.81304278290564,73.37147975415719,73.02032621478307,79.31500338563274,79.07748894591576,79.21971564871235,78.91023294471327,79.00845600709462,77.86400630386215,74.7261962067664,73.15742798714668
2026-01-17,69.37313211425973,64.02198882574083,56.68904693943411,52.928621854911405,52.75560797100984,54.774078506180615,67.21745655320132,68.74780378032371,76.85526397630215,76.36905559126338,75.75835265153347,72.07687008053985,59.91926331982737,61.00287795776415,68.58448810298789,66.20155635437477,73.17271265306883,76.83382363294376,77.17828415785912,76.3176458716423,74.47394802271963,74.78952797123752,68.53171579767105,66.27210547415633
2026-01-18,65.16558367609815,63.03399582471521,56.373489433555925,48.8994017566204,47.4081193527885,52.235639470866815,53.503943073293584,55.09499022917768,67.74220007226259,66.06935582405602,65.93389317511597,69.52373431356426,57.6032730459367,55.877149870441244,62.009923837736295,65.63075098818675,68.60977957783513,76.36942025133612,77.31314353967531,76.52529462293927,71.82004865273204,76.8302144389306,65.64934494326357,63.1537276735176
2026-01-19,67.89619402956649,64.13613108435108,55.00181871237811,53.84037627588432,53.88697141377584,56.304150511196625,66.35317177884525,72.75858944118355,76.73829134165344,78.30262394780421,78.53719004879507,73.37056521445687,72.0857583005033,72.8902287389438,71.96991368244659,70.81081570656802,76.96591673997243,78.96728042148216,78.94633293307403,78.55284788749819,76.63137953457671,75.94808928959516,67.99301799794024,66.05252417449539
2026-01-20,72.43246739735156,67.71509793892265,63.67827280350034,57.85076024628692,59.02016800820855,57.693565890061905,64.4178714076089,74.1114066518371,79.14630273049937,78.63713671958264,76.17500809691275,72.21889244460034,60.9782111730483,62.94589330452253,64.81705456602168,69.11165174704439,78.5169565033448,78.94976913602534,78.97956853898157,78.72812564733235,77.6133956610801,75.74492116392922,71.74967998081479,65.58046364356666
2026-01-21,69.3375909921706,66.48785218893782,69.87224624103847,63.86955360913688,61.7982939489196,64.00941668836765,73.75815351255676,78.4330198784869,79.1415369783137,79.6266149626311,78.20132448473558,71.99818883465387,70.26392737220496,70.66843812641079,70.31633015725765,74.1593651752949,78.23023466944923,78.46226771931059,78.49255245010316,78.69550396595395,78.38178953771865,78.38895585265058,74.57201984427017,71.82948577848224
2026-01-22,72.13221732636363,67.6244009771631,64.18982888186598,62.37481970929862,57.8962374456516,59.28287742493668,70.47001781545119,75.63155348319809,77.61400780170466,77.7060312285237,79.24585155846935,78.6986660036891,74.96668154403288,75.97773271900198,73.73924109544303,77.60797196185649,79.0631286735118,79.14471556783029,79.02913516170834,78.98013283958267,78.03414504375962,77.87823215761452,75.66388366539259,75.22652604399316
2026-01-23,72.19589282111133,67.08873183607973,62.22314565040735,58.21635071349855,55.762589483519754,59.84167276197606,70.09384059642177,74.137463318967,78.4550243827135,78.4440584307228,78.41320043550587,78.73433227370597,77.58339888766142,78.37023147491612,77.9765475087712,77.81719530227242,78.92106577236447,78.7314928070341,78.00029274510206,78.5425051314272,75.95126470591606,71.77223180143173,69.96653355104651,73.80684139057293
2026-01-24,75.20369308472623,70.98139334661549,66.44603368864078,66.16191567223869,66.20102143054984,66.53543875907707,72.47355481355554,74.5293898779421,78.96817398562042,79.23285680753014,79.20635619551939,78.94826801373138,77.85056688168599,78.00751155349485,78.2970898528523,78.59964485342604,78.52199962433176,79.43472920237983,79.5411869340071,79.3431340643243,76.36250931508181,76.48229533261072,72.54789340539966,72.63536151631816
2026-01-25,71.31610412939126,67.15903538795331,62.38330865316346,61.7704848399719,59.331294674693105,61.899869256859496,68.1877794398414,71.37703138359784,68.1294347353534,71.27898557429945,71.53320338535315,70.97878006054528,67.21126290418555,65.6132651500687,56.952137091760626,66.629263233261,69.21789863986483,75.61968884546997,76.18254223551854,78.30711811789243,75.02435918692163,72.85689083744586,66.86247338376353,64.36993059618356
2026-01-26,68.66920168279074,67.50388936196579,57.572207385144594,55.39093234567878,57.22980168464227,56.051096244546635,69.41886259779241,73.91116608770143,76.601060876862,78.16221094317834,74.90936018822033,66.6119878902,61.87663609355106,62.56350013375537,61.26284783227287,62.373888806101434,76.75467583925165,78.87154980560807,79.00501135187578,78.61108661113055,76.76617810561525,75.49702025046577,65.93360059795982,63.881229502212754
2026-01-27,62.77162381933119,60.149805139277,56.92572220992018,55.75396288488015,53.60291763381508,56.81502410092072,65.2969823617523,71.18664767154485,79.26755115379737,79.04435554116674,74.44713861159865,65.38997446811165,61.2935729656051,63.437145794176864,65.73489586458682,67.70703242979765,78.80643247003684,78.73751916771447,78.69451709669755,78.7501937474433,78.07240832284938,76.95531510813183,71.64602924673594,68.17401869374709
2026-01-28,68.1450948206206,64.2015046476791,59.85778339523631,56.80114801701375,53.642874481892775,56.20280193339873,66.0868241418876,67.74499761921528,72.2877240040755,74.63492657650272,71.93468322995534,76.54520398255508,71.22171097620063,74.5081771047068,75.52067634008931,74.41071157301815,77.44684207395774,77.21806390397826,77.03525470338165,76.93886368228532,73.7258774592694,74.5453305850237,66.083539488595,61.32762812666514
2026-01-29,62.64648972201249,56.915060001530215,52.10235774516516,48.214594994603154,48.028534926423774,48.65534084190021,60.96909600456833,68.51179574658475,77.08227553281372,76.68866107770255,75.76519296066382,76.65950123628718,71.95246206005645,72.22860838434903,71.42026944332835,67.75554057619058,73.91365561500365,75.85341944415204,76.25708492050565,74.5464068057473,69.13942906174903,67.0034802703441,61.88729159803029,55.44349130192627
2026-01-30,63.583704891173504,56.440019048139064,51.47996126809351,50.050040622008126,48.93966145083781,50.44036726907441,60.68915711168797,68.0832447979791,78.0377746768109,78.02120345322831,72.06601533587113,65.37392345800718,56.48015960721787,63.09128113429268,65.86778122827451,65.64126612665667,75.46416469892262,79.22403151453082,79.20637171588328,78.1010993206648,77.07415746257108,75.41344452376845,71.76681510247688,65.74488671057205
2026-01-31,63.10255149089071,62.37644323688689,56.07130236167564,56.090889119491564,55.0694759476587,56.00924358149405,67.28355388783969,69.03697265063,69.80363651518252,75.7720692954923,77.37247701888887,76.87376087766917,67.40265860979636,69.3538183554712,71.25573194775004,67.07656024558118,72.64106654746551,78.2341306381567,78.23497424552465,76.51444611008826,73.75317149693826,71.86367737209054,65.66867833637554,62.89625992888964
2026-02-01,67.58252569852496,67.26857395946715,64.23394928817943,57.432360904457276,55.95368728147487,55.66227758764428,66.5327997100539,62.68989993669698,67.5567895239813,61.88062609214458,59.08580538990441,61.009846780954966,53.15811806393455,57.37549594340954,56.754376336182816,55.21431711341633,64.60085782988129,69.19445953979466,72.78474031323975,73.00244169544614,71.36586828480658,69.1056243315946,63.92324100803794,59.54601453486405
2026-02-02,63.11420394814803,65.88658460276726,56.926020645901396,46.061604136830454,44.40931495663682,49.56760694930033,60.83038973237889,67.47970958533524,72.92057742573694,73.48346582462483,69.97498568327161,69.00523549841456,61.70561011229374,67.8444426791981,69.71714182173558,68.92467555637838,74.51357887601857,75.68969833291648,78.85288167618434,77.4834390458108,75.71106346321861,72.82097660182262,68.72377031824855,68.6454421367078
2026-02-03,70.65525946869613,70.12712007089407,67.07833563961161,65.23597350644114,62.01180050048823,62.6401946235269,73.16167858820891,72.9679522804243,75.74316569228175,76.53721989498275,72.78105457266655,73.88619132669474,68.89138769875737,72.69736340960065,73.36420730141198,70.09359489670031,75.03786286705508,76.90970806165382,76.68288811437452,73.97202107215651,72.34471832621895,74.30975080393303,69.47641510527426,67.51839480016511
2026-02-04,73.20938146118655,69.76714988104226,67.31351356938085,67.06386993756335,66.64659380565739,67.85865175750307,75.42447108064133,76.06561411216107,76.26482327943992,76.65710318845309,76.82804889829997,76.10905411795056,72.9992294834105,73.3101105413196,72.51150081752215,67.58816389790884,75.37699696396331,76.50638232810341,76.9142422426088,76.70311423646498,75.34779351793637,74.25372753403184,69.387496080372,66.04013491134891
2026-02-05,64.56142115086426,61.127394338623056,56.530231747266455,58.58901186673656,56.43111062308798,56.69286575232647,56.82094296903216,65.20102306307093,72.1783855873322,68.54437670323493,63.97489792765469,56.99174821362488,49.06534083935835,44.78892657907449,45.89924238099733,51.276828160687046,65.4330197924669,74.44420298913799,73.98571102227821,72.83533297480577,68.6742342270178,65.49470475896872,60.86035477669106,54.36677109209688
2026-02-06,51.074197334335096,48.67994345092175,44.659192093602954,45.79824582768146,48.43847277355941,50.53845850753002,55.235067865840826,62.91517654847129,72.56042367270206,74.5376879649419,69.16887503319111,71.30474717179324,47.84465999780566,55.427066319769665,58.27108645365968,57.02269728517683,67.78572900003002,74.48727575609739,74.63586643188796,72.66914092933838,66.51607581800195,67.38106483623147,60.75204768081243,60.5477801665316
2026-02-07,58.75227164317838,47.542597319920084,40.780857411094736,43.306002063716676,44.94318273324487,47.84062835747439,51.599096342707774,53.04514845468734,74.42421534053571,73.75040022858383,74.68845868964644,76.14372043733061,60.60386870623614,62.667445925734256,65.09661639937431,62.36927182615919,68.511988802854,75.72388308083312,76.28778497148703,66.80121718728856,66.88625171053347,69.07219072990793,64.59624868704239,58.806590952905815
2026-02-08,59.319277822869765,54.132114327557694,47.519348732144465,42.56085510662882,51.65772025676422,56.94452038616276,59.71485518205408,61.20584052763013,54.27762392744485,52.16518156945972,44.622084031730495,44.50571337437101,39.50381478442773,44.4561212118329,47.45258086798873,52.956664875285696,61.66204660897271,73.19698013902274,75.4464196930661,74.22980903759063,70.4725178029408,69.42838043718949,63.27626278821284,62.89731526170313
2026-02-09,71.16993825099782,67.22756773515236,63.912523866673524,61.78595475675314,61.58156535153116,63.21309064909348,67.3169257271655,69.8368608044734,75.71090192205749,76.0608590935064,70.29977630553256,70.01390119433631,62.80723987257767,66.93803020010203,67.84112174450645,68.60381427051128,70.97483428925769,75.69836492926187,77.6262116304301,77.695963388158,74.79059699057659,68.83954823747398,65.28490221476929,64.6490931702303
2026-02-10,63.758047296185026,55.49358745203553,52.800038241078795,54.03366679774387,53.916010488065666,49.95561895994066,61.485378124037226,69.84683156880673,76.02351904337846,76.41020302509455,75.2334833046289,72.67579777354021,62.32083440728977,63.60919425070449,67.49308178876689,66.63674869867344,72.99074898196025,77.09668240487196,76.99316478910892,75.47039953747311,71.46304945147595,71.77570573450662,64.91528702242954,64.03681427194336
2026-02-11,67.2354851362314,66.66702465037257,62.639346477696364,60.59171866229655,59.94053027103044,60.093451504235865,68.27735137753668,71.00430201075174,76.95294290010845,76.0233109968413,72.75838753476715,69.8394053006186,64.27014187519485,64.19710550835306,62.88213185356973,64.40994345648875,69.75856988506769,75.53662774540373,74.08689843781063,71.91621610898171,68.09041448980071,66.35642346339348,63.18851734709285,58.99477471313358
2026-02-12,63.57227677227251,58.71535927111623,46.7815911712318,45.06264257666921,45.26813442841847,45.5311323623806,54.25789233256853,66.86242349036598,74.10304106978349,75.18409586649682,67.4786018073566,64.13943147618842,41.52224409865304,37.95669397521025,45.803246461959866,55.82228843306816,60.81762882677158,73.55765958164395,72.86115868270457,67.71967755916785,60.248766831995425,62.68967499920826,49.70728819806686,47.04490747370129
2026-02-13,32.93870020501392,32.96350518151516,27.146991583238165,28.616570116757735,30.43873281787185,31.31426124729208,38.25822894566056,42.009393161953255,69.08239887280462,74.34701764283741,72.67042684887747,69.41971061748033,59.16459650042672,61.04197286108621,64.90088793166349,65.58954328306389,66.7088287078969,71.86280258755909,71.80500996542283,63.29033180413371,55.117171938591675,57.845338555504874,55.06718427618819,51.89462376355823
2026-02-14,45.34174531342336,42.59950614370639,35.21048367471043,44.21143679023679,42.909387342777116,46.06907230799765,59.3704469720819,65.5209700803763,68.65904429821238,73.36868213231637,72.94466067620887,70.46486768653627,60.53281761283461,61.506018645121756,58.479046792981336,65.12697092715356,66.22839029578233,68.39546594886878,73.18148035650479,72.18543405879132,67.28901885575672,69.18182986872664,60.97656287378188,60.404007929802845
2026-02-15,55.69650120799877,51.90338992220857,51.974214462658516,52.05296153468896,46.225865762679916,46.01824458899333,45.61840584398846,45.70354501659128,39.825669141857354,29.296362153850286,20.083139712629823,11.033357737737061,9.879981628955676,9.112648738612224,9.880983813808546,14.219803424162102,22.739186484863314,40.34373171407201,56.864034043660006,59.19469620837038,52.58760125828359,47.06859500328007,32.01904877067933,33.10389922901261
2026-02-16,13.23119551876212,12.253169862168969,7.936392645577235,11.787968982185511,12.28868088401199,13.838565804738684,19.266291539710057,29.795453135799374,59.162941479944124,57.90576181413335,45.71220011661352,40.97572721518642,26.069930855400685,26.917531308004392,26.234948247232357,46.06100816095011,49.04879545101118,57.317182942131595,56.14048582908866,49.70442376114425,46.69802007430271,45.65190924451134,37.64807874158587,33.11689140813585
2026-02-17,8.17749976807073,5.176924576720605,4.145700192746118,4.169592849661995,3.643272588376629,7.655818396894867,13.036040463000376,13.319825606391136,49.432817644882604,48.67629762131979,24.778221466477163,21.067569428397565,12.93054940166441,15.858619210732712,20.374044486975663,30.660391943722782,43.871596508800415,68.32992010578263,71.38040653462225,69.49237350015657,61.95364725274062,64.48511823931426,47.020442508187905,35.374137620701575
2026-02-18,19.740513716749263,10.976316904459795,12.242593540162677,20.54775297568696,15.388851759891246,12.83721631375384,18.071704780125977,47.97293022244398,66.99949391614228,57.78549060282641,43.89369592941739,53.07671756128241,26.92051213207556,27.00538764951934,31.326347006452934,34.68534243939931,44.98694999127704,70.06234981563158,69.17478697467541,66.19474029709221,58.16529893384792,58.29800229068043,43.51277316115413,42.54739006098779
2026-02-19,50.47928619555579,49.95276080683172,40.526877443016566,36.06509598161921,35.91126316242668,37.65224668216042,54.2518289601978,59.475145517506,66.31449950995787,64.58086436209184,64.05313032473646,61.136936134921704,55.13241744009241,53.62304874379266,56.18934837945439,63.995284873625245,65.76715576476012,69.08570040423409,64.92856633575417,66.2480172908098,65.62083699124199,66.86544406243364,54.72540179089805,46.880505064751574
2026-02-20,43.589020202864496,35.92661087583847,29.085177551275862,26.857578795761842,27.567360805933447,35.05142235575184,47.57491894794255,56.17898894877935,67.7275514277747,66.24009913913538,44.03110352119155,21.15748634975624,13.244536954376828,11.151605540882207,12.264567216984304,11.889752333724328,29.727947802718763,56.74851556597424,59.778916445830774,58.01586821173895,56.47386066923118,49.273382536952546,30.548394973180482,29.14006378262398
2026-02-21,24.28176168960418,19.087762735370394,16.34544494453076,8.819125232871071,14.462758278642921,17.34435436923446,19.186125335541696,22.675386746126843,42.20019947183381,19.057480702138363,11.455222341945571,11.948059274148871,8.348911011771655,9.420811665845154,11.786681859605338,20.568062011357064,33.93998713518718,68.74016377656211,67.47696797853129,72.4289312113757,65.16114623528065,63.31552044172008,45.42860765930739,31.748119412282225
2026-02-22,37.22013467561917,32.19842440162125,36.24116652393509,37.00548568183709,41.95351292561006,33.00929840041822,28.48796570874635,29.40967612701977,26.809905750006074,20.345614524517536,13.125318075121356,1.8715086643952406,-1.5935328770244455,2.772339518619548,2.5493760128936236,4.383112436883278,12.421803997135324,35.596552895783915,55.67814711253779,60.536584691761995,59.700912605504406,53.18090074924717,35.15741975342701,34.02762945951781
2026-02-23,31.442408287427345,24.000318431809813,29.39093637834274,29.57887383568699,30.038911166735062,32.6617121793546,37.01861107270236,49.109688430041444,48.52470695149943,48.10698471900378,41.99848772185897,33.54501328886744,30.450487485387228,29.831684011220517,29.625104613506256,32.02560223450859,32.29630693973737,72.01741116252522,75.73930010680084,70.97382853300809,69.55353795227052,65.66838763052887,45.35104812827447,38.05066126561324
2026-02-24,60.99278580427183,55.74663593307894,53.47465615992909,50.897677008645545,52.75082252817389,54.625203823916785,58.95419835797742,66.96748497494738,70.44786091443507,56.25561301132216,48.21284960866866,39.7362389765856,26.314756069214596,25.142670950289467,28.88510346488257,27.437953913902042,43.45141447520995,65.76517351751198,70.77784202238837,69.35140664562503,70.85540109747022,69.3637903238221,57.288656861396966,46.9858113369942
2026-02-25,60.732873677299125,45.74254077428893,33.35201694334456,46.74601471753391,59.393731903648366,63.4803948401797,64.78435967579345,64.40438076034374,67.4914342621315,38.22531669612328,18.210331605365752,9.236833109193286,3.4865248335697947,7.8621736027350435,13.247639973865185,35.98175365439886,52.51551314789601,68.07718633609029,76.3590389940931,76.40896709990122,76.37928753720219,70.25532252895728,63.73128913357093,66.20560401771273
2026-02-26,68.62328523499754,67.39210089100237,61.349905485384426,60.79896612542731,64.55781520635534,71.84012765597153,73.68409991312484,73.56101796111655,75.5799361245481,72.10352106294627,49.32803006771511,47.33913445765194,39.596621691804565,48.24970243712996,51.26389493403007,47.23881960187935,63.28001171669655,64.32188671136794,64.11807834941436,63.053236129942626,66.21193298425125,62.6663484918535,51.75945451634958,43.62021037777012
2026-02-27,29.29134254650008,34.70101113866619,36.59588651820966,38.55553255834425,39.26138450683993,41.40579634211145,47.16142311106279,43.20324797039758,51.04515886689994,30.9617509429376,27.953205366615922,26.265431501733897,23.354944870858784,21.756198909447658,23.145132075123076,24.034813728400287,33.539206945426336,47.96591911191424,50.50371560518421,50.76207268472388,51.71581437302017,46.56789720299294,32.37221353245388,31.43721421861551
2026-02-28,36.26422691897569,40.88171741930294,41.03017182908409,37.970920721517565,41.745124749912385,45.678266199847705,45.002430284482216,36.863718676604215,46.43721159207988,36.083208659746845,25.71320205586939,29.247781688900876,16.61815025937391,10.88318407805652,16.02918363492371,18.77847450594862,20.151729189071204,36.72831560607358,44.85082325601634,44.35743960708632,46.09209569734848,42.9435667477881,32.72487744196145,24.957875586688157
2026-03-01,33.072770851095974,31.061968146824235,31.19411150414713,30.883706242186427,32.27340396312048,33.46203864614225,30.445507985532522,20.211023692894475,17.35643142701194,14.291562751477457,8.380807682730985,6.923713549328308,5.525350127438629,6.619085168617769,13.296529430451875,11.061290557674694,13.001239979413318,31.227455824855145,44.24798020928517,45.61448467235224,45.78825013280849,45.173625336155325,34.920104242074,33.19555196413204
2026-03-02,39.65700384151154,40.606537620928215,41.92988224406679,41.46242639211288,41.94609008275074,46.76241902886955,50.783046996698,47.07002889596961,63.326876296835955,44.468346612439895,39.38567750663012,35.114352148143,25.353491880390493,20.761595970660533,22.763645136409725,26.120868944173875,37.54894611695473,69.51550453866574,73.51775464693262,74.82315396659888,74.53699700575517,66.39980635374289,64.57429228917886,61.87426990349555
2026-03-03,58.808495485590086,56.600944925535515,50.166068553657375,47.34273911962325,64.10966276602784,65.95152251434651,66.70483210980474,52.08490565674571,64.09976503354099,40.3833465938148,30.538751308973715,31.00353816981898,25.756256089698315,24.64345953769089,24.213939475852396,25.278129824453885,34.456072896619844,63.27778690554571,74.542530321281,75.42982554871534,75.53311889493268,75.78399343658434,61.472031330164526,61.958026362342345
2026-03-04,47.345257673513046,47.74238346170191,41.72398258377466,41.25625815355337,50.23389375365566,55.37457582182197,56.56707400820458,45.17120219030772,55.733006605954245,49.507910577879976,47.08935413483105,50.17057748904308,41.26678715090209,54.892360670057805,65.59549140757058,48.50786424033254,65.61202681662361,62.56867087542827,73.3774871681426,74.33144128560625,73.42410436992078,63.441928875070715,57.35632761409368,59.43562341942957
2026-03-05,44.450512833551244,43.569329923408404,44.8628534873424,48.108936618207004,50.23694835339431,51.97470220891893,48.20123403443561,49.44084343243902,61.54760254100155,50.39859605019011,36.41010968737026,36.55714677250621,29.491302640154068,30.107446917072874,31.567916914250016,30.093102639343066,32.44416217627575,56.299797374519734,63.5635882452669,64.931638364851,72.43731535578478,62.965672432610845,58.04729532115444,56.682515272709
2026-03-06,47.76796160503312,44.16294460640955,42.51692937079534,49.740375162140744,56.33998808421453,55.275462407416256,60.921003214759025,55.584058053679655,50.57164034118382,34.277272614945126,27.91209002322519,32.44109742620387,22.637118567278527,24.592459685188796,29.432033108779873,25.39173810761421,35.70791823817394,55.380979264311506,72.80812816564674,72.13641707028582,71.2268248538591,65.3468670222356,58.26849494955091,48.404463433404025
2026-03-07,46.93191223018496,44.32378088970043,43.772151993012486,42.644157905455614,45.676135150415405,54.12232246616723,53.804241293243024,43.650066337797185,53.703515690977824,49.204588131167625,44.48005487151651,36.83954193152076,32.82459121953354,33.169246873859734,37.56525490006935,31.05511263278457,35.748055523524926,44.6389367170792,61.33582543059196,60.5813093531582,59.26010478786165,52.822112333193374,44.68218603466534,41.812484669649336
2026-03-08,34.21771421315911,33.090658839577316,34.593800445019596,36.366522712951955,39.48722720645533,45.08697383211645,46.435173608373084,41.690876133598834,32.652384255929235,20.691797038613977,16.053007488902036,13.661802827976507,18.298193360580086,14.866786923343248,5.076817902690198,3.5631707141074607,6.431300702834685,29.496149993726533,46.20051175285393,48.86819010387211,51.73407860829809,44.65959310272553,35.25341152468516,34.14460108379983
2026-03-09,39.69266531424745,35.13164697871497,30.893336397123413,29.005211296338874,32.984774797874195,35.47618735454543,34.29047221909747,36.56928513364091,31.722197422353158,32.12022604699736,24.119110278230888,22.647619863520603,5.794217729878922,9.804400719289738,14.940604313374926,14.757950807012378,22.62534085876379,38.50349016964911,61.1969389635643,61.724622305143335,63.509859446344464,60.89791362883299,41.711232626505634,35.406023863771736
2026-03-10,46.00720697992872,46.674040706324085,37.09442697616075,38.58562371683849,50.16769086496033,64.6227836751774,52.65193686963766,46.95287808552657,51.055802661829134,43.37690125547691,26.05555340296087,23.917050221002974,20.807190443470247,22.08609859293706,20.398120858370373,22.016967966141824,36.88060378462302,47.47777207529212,67.88054289740913,69.52195592479232,72.09472787994447,69.30989864849103,57.47671635779849,51.36912621563886
2026-03-11,52.41977033964573,49.86486044572102,45.34113608720078,46.94185654254348,58.792102219382784,60.7312292012951,54.090669905088006,44.3259134182034,55.495283163460364,48.15328831427132,40.233158405099594,34.046049485263545,29.045301420103446,30.271123140650403,32.051991670259376,32.61774676573623,38.995117441131654,53.271584040728854,72.55603650032185,72.55479585223758,72.49885770241394,70.00972275648063,65.94120929370511,62.54477873752442
2026-03-12,67.99673290085288,63.38555522514818,61.918851789010056,63.87326052160511,68.70968286953006,67.61665004680887,67.96700040080816,68.7992511950497,69.60588711497483,52.804641481642705,32.448703325982756,30.448737102132437,20.666979945625144,18.330193896353645,25.180126619285733,25.184940417979767,28.762921847945794,59.714416738159144,70.598069757468,72.03559374363732,74.27373787483191,74.25245760221208,71.67760184724979,66.85275265203619
2026-03-13,63.46166026664149,49.54855068221619,50.26106831075415,50.18882273096399,64.93060404173664,70.84246239711591,67.37725999813519,62.09465281753985,70.87139304817899,61.593704015716334,57.393667654294596,52.40057757469526,18.7326168418614,20.37096560963982,44.23092059775427,30.28166417622999,41.06351278373993,53.942478097157114,74.02190452782047,74.50473049186142,76.168510418909,71.93125810279142,64.13778059109917,54.4614168190216
2026-03-14,70.62636898015403,62.54064193028232,58.49379410815187,55.86198269790099,60.80908482993955,66.40012388404878,67.31536405371885,54.07062061099151,50.47241760790838,33.368860565796275,22.05845054941534,19.330797025013734,0.5931958706483642,1.070615608812778,7.950870853881994,11.477650110099843,27.9033924186101,45.22177047731076,63.254042045541716,65.24420731357745,64.0633581132955,66.0007197747816,53.9638755209699,56.55057639973849
2026-03-15,63.31699374994442,55.197900367714944,49.72626934342506,48.131380959410706,60.62371004809505,65.0848877458824,60.10923830052241,50.255013950804894,31.3701260046677,17.33685870894343,10.698014905468506,12.629043843787413,9.143330785326096,12.043825311626275,17.956778018988366,22.403839369357613,31.64229269426748,42.52693748049242,59.509784077784836,67.23133453700048,68.72659985884219,67.44714629668297,64.90714883186669,54.51698195003552
2026-03-16,54.82830619583291,45.15518832110545,41.82546579469595,42.78750159371751,50.44560594035447,62.036409061568754,59.96108327865416,58.92367048612864,64.58831886029513,54.181817979319355,43.49201194247896,42.95585834805947,38.52554588430769,40.896168723121725,44.47799641026246,44.50363911915724,41.653330213183466,60.995098415858244,71.55028949239754,73.92037422432279,76.65218388760964,69.91226220467955,66.80256773713096,61.35379478481688
2026-03-17,64.47663654691871,57.529474534198094,51.80885837254768,48.67967859037908,57.43370076779607,64.33107660105787,58.50116987843588,64.05665871160113,71.03995346134546,62.93693252460704,52.20192766894397,45.52808017685308,42.888426208084546,45.93534983342199,47.634666395000444,40.90602726353477,42.21114186573606,65.9239240890667,71.27408404799878,71.38675214036274,74.87714541047349,69.32303666718649,66.28805740674508,62.14705868144013
2026-03-18,60.30716713527137,57.71009140081362,47.83125839665164,38.660761242168164,47.9981192553985,54.97189687915212,52.63353249192816,57.6553862257103,61.20356954293941,32.69162297438375,34.05356357007338,26.6929866306341,19.073768398521228,22.74169006022294,27.510329130191415,27.101876376169738,39.76012891008409,56.624247933878806,65.1110325209434,65.38035496126902,65.22575067396347,64.20384742796972,54.8278046651078,46.2440619339036
2026-03-19,35.718425914937754,23.34686938496998,23.04211549467715,23.707367386424934,22.850194605412934,25.57565855369439,25.702180654765513,26.31827996480991,33.06759535708876,32.098590297458315,26.476662320546083,23.192534484560763,15.946481159806275,17.710204605124133,24.64647734951855,24.81396788652055,30.424266068168162,41.11837346275136,48.17163411593213,47.33268276318723,49.60976009368156,49.21454865903986,43.482483639846244,38.39758130504467
2026-03-20,15.245320218387947,9.51733578798575,8.777510345226437,6.770763326149436,5.144491212295198,8.348583937212231,4.778365935701993,3.668568642204703,2.708998528696224,6.854893325959732,3.4646284435001458,3.987206978314974,2.0379306957731966,5.44606241130865,4.768970472444435,5.5194789578647905,3.3720810471176392,6.73358165515631,19.794367577357004,27.48972942329713,33.375864508147636,25.97390284161652,17.816572232455698,7.173968690462317
2026-03-21,4.745618607161619,0.5855604948286555,0.00015511331613912423,2.5326990331876678,3.227112003374155,8.504527485502212,2.841957082620946,3.4503230890588763,4.08251660119443,3.3452678826407856,4.161195944196927,3.703967857039729,4.845763692083551,5.607205351185086,5.878651858328328,6.7929110816896525,4.568345212902877,6.724509847969432,6.919997047856456,10.04694524796469,17.513648844369456,7.974755223556812,3.7964242229378837,1.8155732095704176
2026-03-22,6.16452619947639,4.732202887671175,7.63186980398691,3.4206114620372414,4.062687993942595,3.6699267097789483,4.178788720091836,4.115154649404601,3.8849148327666283,2.900190526957232,3.1378852968126782,3.257237902004353,2.8680796990329473,3.335340535214853,2.68857662586418,1.2953931411061506,1.894242509416893,7.879611648398549,12.754403302087685,22.040720081144727,27.075082923281183,18.12631965334486,5.045320838921223,5.43247447847001
2026-03-23,27.7683324066417,28.240302261662062,27.70689592230325,17.878838645554215,20.867920194746876,27.05891541758699,31.965680650734505,34.148030460875425,41.14728527571322,29.855258497863048,28.29350064554979,32.24671256922834,20.981727290199117,23.9770325212333,30.27734825070111,31.475606327112516,37.39003989780774,40.81356571703063,57.137999097119696,57.62067070498198,61.9363551278834,57.691263295276244,49.58798516270145,51.51366791471564
2026-03-24,38.29356354599544,39.847407880579965,34.42281449595771,32.207642885410046,44.762970333265386,46.780462555333436,45.70212347716996,44.339568058892965,47.084667722820214,39.31232393112655,32.031848058150054,33.14923061425706,36.381968579457826,39.6020478710213,38.86298662033403,29.81588378496865,38.5061955247073,60.76837219590755,64.01947600558508,64.29136919626681,59.72141098817597,51.86576979368355,42.72643692577285,34.57470854649655
2026-03-25,29.90692963659884,25.34041361742475,26.23596996465111,23.238643929008088,25.512165938680024,26.861684500174455,21.452992945247384,20.539726004339006,29.4250219526024,30.143301899812748,23.8660808286061,26.94893813986494,17.705324843833388,17.316624468056652,19.132915885852977,24.082380825587638,26.69100010233772,34.38385306707481,40.55928749196355,40.97125750592004,45.113453253002376,41.24759722303806,33.37156875524286,32.49076038727164
2026-03-26,33.77044744959746,41.08305424409679,40.45885557520745,40.84806122429444,35.357284869735814,43.806481007046294,47.71862311681532,38.84143323789297,45.674999741465925,41.15688649508054,44.004623223230446,45.51066291067313,33.6552256903737,41.62552881503869,45.04899023988647,38.10764575966417,44.139682733884975,54.516822746986605,64.81078255747616,73.25282957447304,71.49186979338458,68.38373172962399,60.71350902245533,51.513048982401955
2026-03-27,43.5189304997549,42.53964059696721,35.56403341760799,41.70217095882014,42.58628921066844,41.57169856175205,34.26976224698844,29.136187333487193,39.430636636204625,27.18886215379651,18.13133468740301,16.846302002801785,11.939560928243237,10.007024858469462,14.702594371530878,14.113032445937563,21.6036495122063,48.55146186581388,57.56266967407718,55.48886630961376,55.77137075454923,55.61088322876856,41.10772189564131,27.19326175020447
2026-03-28,12.34434504942268,8.135613035283622,3.7406240276073115,6.000838877378661,7.753557110095371,16.499478593127435,19.86753416848989,10.789893326093605,21.5229890321339,20.641236629499392,13.896838721502618,14.352733196433055,16.481148133011757,14.62727132458233,8.9941171231204,14.072096575787047,14.816423776625479,44.00152252454937,63.510946435514846,75.66341503274889,70.17497586757973,60.46487855296383,48.46257116892363,40.599723586459035
2026-03-29,35.67125357669628,25.357716529004055,20.891093736666168,23.8042539968684,27.344365241225386,33.03340148009464,33.23223803044,23.91289603381363,21.83402553691691,9.517605088150487,9.424537733675722,9.065695777480993,7.56661293269949,8.952916701929404,17.4512005203565,17.345233571380387,14.862580131886293,40.04552589652725,54.432003008367744,60.87224627523916,59.41904555065181,51.35785601160197,33.78326513785264,25.45413343653125
2026-03-30,54.061599473391844,38.62593759170886,23.36958938098551,21.08431794577822,24.642786682472213,27.38941681491296,26.69128151354792,23.65690679919574,39.52085832309106,36.935780946842996,31.69769971359205,33.262354247319685,27.62227405087401,29.719427844526212,30.51510434679281,28.956885118818455,35.11625531980511,56.18543107367193,74.46619301033022,77.91067467469163,79.00839091111735,74.83994386617708,64.89290147927481,34.76169748425248
2026-03-31,43.23687718816833,35.01274314219387,26.494685694163646,21.134681509624183,23.27845896330546,25.836845942099384,26.28304451864997,29.69226352036002,39.57208682745848,35.117797512838806,31.143684077635843,29.222567450264354,16.41909078869765,16.047213530424962,22.86318811289711,24.209527438302967,36.97675991147194,54.173455262076786,66.19015225830096,77.30508720441101,75.7363773011218,69.31887646156014,59.665964323417555,39.96515422758079
2026-04-01,41.718291382516696,25.219666169225853,21.506971359478605,17.376716404535994,15.881461212942552,20.439649282221755,23.253898759667077,23.45885382675331,37.2096949995901,21.650662595484334,15.560643385718459,14.426353808318826,9.602492163981097,10.206763806514042,11.578275367952752,12.314240308877896,21.81045887899668,42.347774698107045,49.60369489276028,57.69046204005809,57.33736802080866,53.49957008941342,29.132397806000064,11.706543793060943
2026-04-02,20.53038516616334,16.421533685065047,9.968099160846338,8.787782394260416,12.460466284575096,13.068844930755033,13.753168964702917,10.738533740258728,14.840414743668921,17.38076676970006,13.444801367794781,11.094813407071229,9.403052173778777,10.831915097306853,12.33596116807849,16.615189347737935,17.360014592827106,29.635386414979987,56.57741590284957,59.302709311353176,59.873787526560484,52.704488311223905,41.06915011756952,19.48482236406711
2026-04-03,15.048624531132022,8.799658215182834,7.67062774999231,8.544543073315541,7.61723265047335,9.12798569770664,10.61663241321607,14.329054613589403,20.791092644234766,20.669241231576805,14.693172472634988,10.866128146156681,9.095996980942125,8.573198367834449,10.956151510551116,10.690843644535104,10.539060572892263,19.992145705342615,41.56370083194869,64.65902279319181,64.76026764351562,46.06980874129473,34.29301957382428,30.793059188833983
2026-04-04,10.75857959657163,6.143048669306758,4.513397715386269,10.341292881713018,9.344652517636556,10.072510944509899,12.263473774379735,9.764347605116596,9.352924177598396,12.97436445206554,12.981825644208934,13.267624148822556,12.531082407263016,12.816871674449112,13.47743020345458,14.29410724140528,19.97077105527104,31.41250195113613,43.729239695713794,61.98201263118187,60.27530669831316,52.14709311444188,39.39317031401827,26.326705253249955
2026-04-05,38.90434745240958,22.260526286778465,15.880207102038964,12.011668652814,13.182694331359162,16.24111983777548,15.809856247274778,7.546560625983735,5.935145996779258,7.362986890981967,7.021605932441391,6.428552854924054,7.053586544698406,7.3744475435960695,5.557142801605655,6.443075747180285,6.539453428419239,19.963029726524287,61.866065982829234,71.54341101942252,69.92598273378559,67.28814668085266,30.18248245761696,16.711362588171557
2026-04-06,24.626971261090997,16.03333740802549,9.667317011290102,8.9948035421386,11.804645357268948,12.07820210775061,11.606643317741586,15.047284966183206,24.266388434975518,24.643957853533923,14.547425198709682,14.565997430137926,10.14425627875874,11.61021727187211,12.078597484476141,14.076676563945703,24.883530756378967,47.17107537273375,60.21205175629713,74.40120316879263,74.76620078536976,73.15952089002911,62.28821587577788,51.44938628349696
2026-04-07,43.25730465568806,24.595606418756507,19.365640025430853,20.94157161054041,20.779133242275577,24.707875330460137,21.456318009903146,20.642970541658006,30.48036997272208,17.99666621565509,13.788416178970104,13.139773915502614,5.888407976417082,10.077181996112193,15.624345480193698,15.709154224625522,25.269630827526925,57.42780875562363,70.59792896830186,80.90223465717379,78.11450267314744,68.56593147400352,50.41239432136384,48.61411682128083
2026-04-08,25.596695607532528,15.674341284888703,14.812504617535984,12.358062568617642,12.578522345257008,16.420558510345217,15.941856393442533,13.042930451225827,16.4395022570981,10.89113503036566,7.4999968077353785,7.311290475059807,3.0502633083242223,3.4687429791529674,2.618217041355457,5.0905187773555225,14.218374476504566,32.01651104602231,50.11480068731079,57.10205329401023,56.7176955048251,56.946759858954614,29.825869814672515,22.037514586517986
2026-04-09,18.499643726600357,11.757171954395293,9.507224351757559,9.94434598220806,13.58244637972504,17.290679122698716,18.452222400056954,15.18164500915333,17.461468998385484,11.84851438391858,6.811976859090881,5.487784787861712,3.2416643171037314,3.777087039061258,4.442387222213925,8.467945119200436,11.550100681253575,25.210468087546616,51.403002611702235,73.66957052994934,75.17341532474059,60.728113001643045,53.558099946154094,21.890719131022564
2026-04-10,26.209037217106616,26.34331781718841,26.558539635835665,23.41181701956256,24.539743712765347,32.925510215837676,32.2568766325996,25.536913751248203,19.46044339797044,7.489751676855505,7.093190934325521,5.370770776272454,4.021378469250923,4.917622261357392,7.924851887253164,7.398820426494488,17.511336304543395,51.392679491636606,54.801682842242165,66.43868175087019,67.77843544863266,65.38234347810649,51.51549970209159,49.02042033654984
2026-04-11,40.704140929945105,22.572635350088767,20.52937026870365,19.431016372147777,25.761697417602683,35.627817450977616,31.47759953563323,23.71814564660179,42.05362241184807,25.423790138473137,19.388778153717137,21.21345306053637,18.82996203785774,17.842949553230223,24.589061361388772,24.581381580257773,26.024031261394104,42.240140223185946,64.79090750932457,76.44087173527596,77.03673139851628,75.22387984481458,52.07260954138237,46.180063029074
2026-04-12,60.82001747188589,30.700787757348742,24.570111123490346,25.327296703070346,23.989597692968033,28.368511377784483,22.095362763492872,10.541162380710773,16.517403186693173,10.798165620416789,5.84743736416167,2.7773572522579633,2.5440649285342616,1.9270999428154092,6.142050722422211,7.117635987673084,7.5479831220585485,24.432081964497826,51.36635225850773,70.42356715624418,75.4760758314146,75.11260847166231,59.16707909216897,55.35736425186383
2026-04-13,49.76402784275114,24.95629304463604,25.59875311596888,24.25632505467347,15.922724848110864,24.36365352248663,21.512762211557412,12.229601093441964,26.25276146635805,6.937434235576611,7.745244551179159,7.689745155349455,1.424578511129615,4.225990165227755,9.455602846991125,10.323067209915308,17.49529188674445,45.00478225193408,70.02190202689677,82.75221337618555,86.56594224458742,83.26374738357565,72.86934939159481,61.60365568662625
2026-04-14,45.79949030277799,30.51474684676975,26.057033784568475,20.644279604294677,15.590299796483208,22.137673261026734,29.877273023794448,16.03693452998681,20.834807790287694,6.751650565257029,5.168549260169444,5.725472862222094,3.1451414755880456,3.787639478681488,4.679800015233658,2.8273697000880937,7.466945071873478,39.42004642558194,61.297113026555365,83.77624572126217,94.7471221275408,84.72254241477961,71.84212483942015,43.48951807370115
2026-04-15,48.45934387318818,38.00123463062015,28.39173357014828,14.893688512721674,14.058287801961178,15.85353918175812,15.057082878742728,21.688842165331675,20.600557788975067,1.749836348864378,5.186061512556448,4.5887202244245255,1.6661472794889893,2.492562364914983,3.6951382218065487,2.5964011521533865,7.833354382469602,36.4476627643688,53.04547131905954,83.9245452978176,82.58983115146712,85.76086371235283,55.64316836500862,41.16375075711997
2026-04-16,44.026666016184464,33.60890603990731,23.28989525689009,26.053778567723338,22.197144183090796,30.75777095482659,28.721515070877725,17.926487109036348,32.68772879474979,22.932529414756786,17.483687677408884,17.79873022521039,9.093931687600447,10.501180277651086,14.823708373015764,11.067164427871484,23.11989313607876,55.925711821867694,78.26166116497593,92.472396294556,91.54677485183782,86.98536086586844,55.32156139357009,38.77638120657169
2026-04-17,15.593270673371423,7.472652519561129,8.934378556129905,8.623715918177197,7.439274255960782,10.663111359614895,8.362222445163676,3.9565625570807277,28.882428381106124,2.6356981654787766,2.9106587597860467,1.9012384186515987,2.764311942828203,2.8357081280929046,1.7792895803709157,3.0797667877234782,6.975409532738721,14.672156021029476,44.15945021067516,65.50036105171797,63.590537174203625,62.34450683860964,34.9102443670705,23.502064746325086
2026-04-18,17.273331151206264,8.708517933708794,7.130846694268044,8.887271209417309,8.590927096287468,8.753009141994063,8.5782004892273,4.372485895846208,5.743664165678449,3.7421505380765456,3.5549766142724937,3.681817224435417,3.279809903768681,3.856488054461915,3.5372497994969287,4.314306936100099,5.372503976020744,9.08615474681786,18.992910822079512,26.80364779121668,32.850872321886385,30.92181120212841,9.117908591361186,14.831130388748129
2026-04-19,13.007253500924495,11.103969704645142,9.672620273739314,9.184517114086235,10.41107634473635,10.971896853100565,10.608517696869185,7.773667005151174,9.558772888451529,9.342503806511562,9.032981125977178,8.479554450626058,7.488899660149608,8.040466364096146,8.40117455902965,7.958026774392711,8.01788180031821,13.420698599467013,16.670996892520257,49.26247686742367,57.289426223565954,53.1442573093696,29.779066805041445,16.120293274421538
2026-04-20,18.79114607740839,18.05645475375737,14.037708725841918,8.534782682456287,5.667499732970191,9.614532957035141,14.156171740850775,17.691715981630722,35.64569912740318,19.806167009487584,11.81610003556097,7.6420027372407775,5.492110890880716,5.582001623231704,6.869909548710346,10.198544498005193,13.467925280230045,38.16850356049558,60.83441298042447,76.60758462066076,80.94351077304395,77.8181017193781,73.56986780861398,58.34702894731488
2026-04-21,39.18350569701299,16.78277058739603,18.933414164341595,18.026059071789366,18.887328478508632,22.60773072589373,19.29153660940042,14.485593857641037,23.416533299842207,7.695427392722339,7.1059726188917685,8.395114876094958,3.9884357924501894,4.255990312048098,6.053895602026732,5.063117024649871,8.384633453346654,25.399017760666393,48.65286630675282,91.41562046467337,95.42660543906621,92.37776669253157,47.636412689317716,43.12388710086052
2026-04-22,32.26937925143584,18.51164474674853,13.659681567637223,8.213773532248378,6.719879269830222,7.0560770010972815,6.278561896518024,4.260310351609431,10.70553219970955,3.3798963921218097,4.061862560088479,4.359393960819581,4.528071222455383,4.223205066516453,4.59440457072224,3.7359842151536715,5.697555758716728,12.634447461373862,38.74637015390174,94.26186725213246,94.48848426527574,70.48443358884894,32.859033211837314,26.03438549272535
2026-04-23,18.832225521763572,7.442162770612063,6.659432276373862,5.826806626689833,6.49597047146226,7.805754235975771,6.925673220265082,5.643780643485231,6.038949187406535,3.0169978992668076,2.6254030244399797,2.418913569886506,2.4901904876382015,2.4344320549135965,2.8253054646599125,3.535598142539154,6.582983414717464,17.337044967047014,31.29005229127829,72.11929587102541,78.67343203786001,63.13629236848961,36.47534057674667,20.699811352205614
2026-04-24,14.859663646708716,11.611088761204373,9.616405681499355,6.991959157221821,6.778804192630219,9.240109925695903,8.787864448261395,6.114329319864431,5.064300829796042,4.460973188449004,3.672056106242921,3.390900339007277,3.1585998268159603,3.332579055872543,4.508492842148807,4.531159335069439,4.928786917206817,9.175510419940416,17.202378743838665,45.187533284447156,60.58376718616488,45.73202681024128,26.41050894783916,16.726886279198567
2026-04-25,24.57918818206399,18.800490330900505,17.807548125468546,16.50792587722283,10.691931773773007,16.163403914041908,10.84480638035407,2.841948229254494,6.565231894495519,3.4798495812598556,4.504234115197198,3.8782486752089835,3.1110947355419274,3.146058274382496,3.5823250324484905,3.3763994891224924,5.129244728230272,8.128918336241815,30.11505938153703,56.74959419672079,69.07597246386213,49.1689579746942,25.219900363795972,15.175723381839308
2026-04-26,17.70250358484644,13.57554982018557,10.573752674059856,9.281241515829448,9.527645576511278,9.79244081769689,7.263023810951446,2.20091970964003,2.6036774904783924,2.9533085211385326,1.532922027971641,0.7198281300738038,0.8969340416680486,0.8460416331337101,1.7912376276301396,2.0370486010903717,1.427442173163547,6.585671596969383,19.07155755205321,61.45559907926939,68.36614716691547,56.657955839360824,32.576201378439784,15.96117302169252
2026-04-27,14.721748560073744,15.292736782956714,15.31686847863524,15.224264764200964,12.5965808271555,7.761822290303312,2.9982009245112686,1.6183827174341976,2.7083282967440807,1.2867447661247067,0.34768458081293224,1.2942228360674366,0.4839816702424329,0.9373153810535886,1.2896741802765133,0.8146918153032998,2.009588032598539,6.8115215263648325,20.494835191890168,47.22891030166014,66.23884447863973,45.31452947601238,32.70651185789772,13.907592409454251
2026-04-28,5.138201553836426,5.201433882194854,4.970193448858643,6.74315185193236,8.073997531454292,9.172155871640262,8.845040459140645,3.789107664213752,3.2612971645559674,3.166093205560297,2.8790754127028326,2.486143666352807,1.1631499156486844,1.0960872345026065,1.841747313125075,1.4521175977936218,1.9060121527444902,3.2765152203927483,13.598565469107454,49.88228985562221,55.38204242792322,44.918787308448834,15.68973087036998,14.715924941558088
2026-04-29,8.567634430864045,8.47760319497625,6.857650647108507,5.82572389454821,6.797359929505906,6.567077347902523,7.312926590996154,3.490284784711718,3.4612886455120475,1.671254490146844,-0.8809051684228233,-0.08024156854518051,-0.1909803612714167,0.010424905760152066,0.2285224906170098,1.1965422586242038,1.022224807676266,6.748393119746467,13.437243185342634,45.02617977000097,63.51288966223185,61.104842750810434,33.35580174704392,15.577426021398198
2026-04-30,19.640758813563114,15.395244914842674,14.834806275161297,11.49016624403909,9.193152311325052,14.44063742245003,10.44326962302913,4.655413327687013,3.616850606306611,2.5113936882989836,0.062333112941981496,0.27781379616088464,0.42362581757254175,0.40320185010595105,0.35077820985846225,0.14777861249166227,2.1915526872126407,7.826858355489795,17.21567079778108,56.27885936467037,75.9772819651987,52.36452031778588,37.4000604393696,14.002626717951077
2026-05-01,5.80150393904536,8.970548248662107,3.033359551362556,1.7239015820009524,3.256362323723752,1.9008130741922395,1.322301806387067,1.6209914588818006,1.4214501604122955,0.3814845953081331,1.1273373288662865,1.041597587150257,1.0396980077923945,0.9791560916274618,1.9070248314789393,3.5287687008605904,2.0212737989627168,11.357401348117225,2.4327243283319406,27.089909777494817,45.30882125341635,30.706877249710463,10.382714423327156,1.614372668154464
2026-05-02,4.987612189610381,3.405636124493284,2.049952945423334,2.5785922636352896,2.6970336266531616,2.728326030925813,2.367134288959281,1.5264581914462203,1.284286409886923,0.1818031702208373,-0.3371206998305793,0.4756179506035772,1.8736110543768265,2.071289786177002,1.828711194110034,1.8818229619800297,3.02751402775671,9.107743929410923,13.087631608597228,20.792401871917328,21.900177718110523,22.661952371440456,7.25928787809007,4.605642495666955
2026-05-03,4.674963275481291,3.795650707407535,2.8943075973895165,3.004254317963608,3.1458755791322623,2.849901231864213,2.510730785984789,1.902183902436074,1.4610407238186232,1.5841508421536246,1.4284867168053976,1.3369568275429222,1.3981472647277848,1.285275389204672,1.2017786636997383,0.6989979021667643,1.3465220107023188,3.5924875599270965,8.666774939280845,8.656178722590356,25.357176168071042,12.228810987418482,6.057303006871391,4.419807299434376
2026-05-04,2.4681388683007683,2.8518912190579906,2.2099576321692225,2.442536000217902,2.4798430012664943,2.6430223668943964,2.416663736970301,2.3254810200228033,6.871848784557589,7.468845348278262,2.219289065981639,1.8239469642763635,1.3569607788793483,1.2826550743444725,2.5660751813570637,2.093443208414075,5.527398811660892,8.171904688424792,15.236313261352134,24.148385916025656,55.17204145814119,46.19682552484828,21.57991785252098,15.795062041186418
2026-05-05,25.002088078806995,24.85507003748892,7.881802562136423,4.779159353086377,7.262557833991689,11.004035480310835,20.963409219766366,23.762396282326034,35.23638072485337,33.84240048848686,31.071051781771796,23.420742528277838,19.138443622939203,18.941280698115218,19.79347403146692,19.43801894264945,21.571419436591025,32.363273148410215,42.267212318256476,79.86420073246701,84.41853189030728,81.81517689740001,56.588723795710884,35.9205166098336
2026-05-06,19.70770208197128,17.639987137950722,12.856952691631145,11.956369321645923,12.016558806206701,14.172779865577882,11.240817455549962,12.020482984226112,32.30445651781305,40.993241618258864,24.320186488933466,24.6199352838832,18.94757841452932,18.868260803510626,18.859980786853143,22.975966710544643,26.939348768706992,42.15236386424777,64.10844642846423,90.94561696443012,93.77634671288082,88.55286323746003,69.8104347863237,46.93164115522934
2026-05-07,20.073197807030486,17.102067770650347,12.040779526727137,10.973086608191064,11.305350563956955,10.76247809835552,8.985300777587662,7.8518942180839755,13.10660471848172,16.548272256902887,7.800839063417569,23.054664374491846,6.277025785494295,6.266884200805066,12.40621477471217,13.379783177501162,27.897141401684607,45.33527165239423,48.15932740371957,82.53459711251689,89.38182579735836,87.15642418882035,66.15946566127019,51.685211038279434
2026-05-08,14.732901733929436,6.895282442662955,7.524362484348515,7.041391636129113,7.595618218563154,7.256686339678846,3.4865308338817034,2.5162259126183693,5.630001992267,9.408994641252026,2.174532347686197,1.4919287229554536,1.858410115356655,2.231158933856294,2.1011054998194547,1.8405938066312213,7.430037712281003,35.06778228245665,40.30269006663863,80.12031799509612,84.29881964466611,86.33437845091623,47.70341227870393,20.082305113147168
2026-05-09,12.512257536972674,8.872477284898762,8.545071698215827,4.697183087332466,4.564322288184362,6.780118707031616,5.242931862863655,4.774753855202372,1.5378773715063376,0.7799010877401947,-0.6515209261480168,-0.7052970094806921,-0.29729269461644936,-0.5494578775818317,-0.49782159370728335,-0.3934156092468246,1.3192393094540351,1.2592110837246022,5.968706870208648,47.20149813095517,63.00978538824544,64.90512423859744,20.598797760863505,17.164521536952794
2026-05-10,18.41287930017983,11.52566411521451,6.262801277175437,7.376599706278345,8.274510062254276,7.785305172408058,6.174362183469769,2.383628321383978,0.2628144854793137,0.024181796071203184,-0.03260000956137775,0.3117717378153874,0.06902306258130173,0.18711762160444462,0.5708184950169292,0.7246056790043179,1.5334951921670066,3.3370066351772607,8.24085671589749,35.18936834970717,46.20720830733972,43.36825586283309,20.911332148966185,12.395610567846726
2026-05-11,14.597614323878615,11.684220497896161,8.47415318102482,11.600917920524509,11.46599409796215,11.944688327774854,8.46784996441216,1.9481125131644534,7.603874608564378,8.589779414550026,6.889805696992305,7.158845773341315,4.436993853192009,5.729173577048653,6.010766708539916,6.739894436395853,8.913935479138672,14.939898190077795,33.85631333342242,56.87798159120186,85.84271884433122,83.28554133250775,61.701853628277085,13.969829442388518
2026-05-12,15.071145383911709,12.771958067719986,10.999389567128471,10.059098125712632,11.333241022603017,12.25321852360111,8.772419087880321,6.102285411261504,8.336193335518589,6.701393335167401,5.364884957498013,2.740711006569066,0.33149562587213705,1.749651832575705,2.304707088635209,2.8247669911297915,5.435324983552241,14.15316214717113,26.908541228438764,46.35828904242476,51.020706075596884,48.69849160004238,25.050910272042422,10.86035550867131
2026-05-13,9.64088086906047,4.46924006011526,3.3987901813969903,3.5135198957682174,3.4437468362527204,3.140272055188813,2.0032285539920127,1.9429383067109753,1.7534876797272785,0.8620025618654652,0.6836661464043778,0.577822858471514,0.08717905698832472,0.06356308589146735,-0.45018995499782216,-0.23544773158175333,0.6539341544345242,2.1898689076601534,1.8592896049189198,10.204783791041503,33.87660177404904,30.785896333638206,14.96948328108696,12.614878533962246
2026-05-14,14.502355424808826,10.97440943029107,5.63787706047923,6.643939194268875,6.8860601114406235,7.4768399608100715,6.304749241652118,3.942246905142811,4.147294972020654,2.686795877254932,1.565471630170622,7.337165660299892,2.99043875078258,2.8251977992056987,8.536082062566939,8.582291895755514,10.992108437463052,14.456304057177991,25.66777594100063,64.20323220260471,91.27584817916883,84.93640159002928,50.547904497561845,28.27750458559811
2026-05-15,14.73190226035969,11.171140780123022,9.548339468629942,9.713726467081571,9.794318581635245,9.233248277080982,6.2127195973317075,3.9169361118647914,3.268438362408974,1.3930922891671902,1.359577595332532,1.240263204249992,1.3920142747235917,1.4257767708049056,1.4485364742337306,1.2241005868345662,3.267530606756454,6.212432803201629,28.06226829948705,54.91618531947789,83.71770259525447,82.76797118568561,51.11986259412529,38.42539794650593
2026-05-16,19.168924862591886,10.762301737204512,11.002933594381757,10.979990492434593,10.581159422852835,10.400145524696581,7.32614636588924,5.1484190713425955,4.001298647756592,2.105478178478805,1.2862210013757902,0.6016747918912038,0.3026539882517261,0.29960576902667013,0.642139001528261,1.9962250357627613,2.796050802085085,2.352446829284809,7.283040291431663,42.041864477002875,57.71047440052487,56.18873751879778,34.485474280000986,22.174215296765027
2026-05-17,3.646286623562092,2.9347861583064936,2.5532877422281866,2.7839799366770808,3.1955093616742327,4.741287615227878,2.874610814038928,0.5193574756074173,-0.0947304713799885,-0.16122018673868757,0.388512358109913,0.5287783290530393,0.32406749084765213,0.23564565898768416,-0.16958376967179897,0.27559283527214234,0.2760804831226688,1.8431229665611228,5.274804187243273,18.311592367056903,49.565922485862515,46.98763339506915,26.14415672901281,10.55755957204979
2026-05-18,12.66558517965421,10.685205453737478,7.327181651356128,9.269617023072056,10.1285035831163,9.42706991888117,6.584027030034119,4.275683467100056,5.709607901896305,4.605338586067954,2.7991579067592935,2.409174412509342,0.5466640051457243,1.3064393747488388,1.6113572902330593,2.0740983139816542,4.687470599556077,11.366511856035192,20.899452907708334,52.82783094151661,83.55050554826626,81.80745071203317,36.54185013204048,16.10960428055367
2026-05-19,44.844866680092565,23.124817826054063,13.267140951848113,5.860458119149174,5.572036387718582,7.480679594615319,5.480651359298589,8.775669575931472,7.111825338881223,19.240485668940043,7.564242635143658,7.208930119363915,6.448488601036736,7.484893083211723,9.249165731203934,9.248481808959328,12.688811821056907,20.74536120708079,41.633788843984014,67.88464154825787,84.27112299637237,74.78534517074452,41.06044194973394,29.169428442097253
2026-05-20,12.430473759642116,8.920829945824975,5.742677629061247,6.6283220816181085,5.979883772549484,2.8879929920697887,2.2420966406813636,1.3706735522274793,1.8467030981591492,1.304683626183817,1.2656756677455383,0.5792545483843704,0.5466166889061613,0.3597058860078051,1.2120642994059163,1.0695753741596299,4.14916454975562,12.952296053436617,17.64830765302034,81.18425394437917,93.48004373231451,92.6268554061562,63.24598187391903,42.757187296843846
2026-05-21,11.34039277337559,12.571795811730295,8.771899794360943,7.10414320521508,10.62218645325266,9.925122277624519,4.721773035236171,3.0509350609663084,4.810377087279863,3.1615249639576097,2.2731787458622508,2.1697149967399825,1.7796791231546663,1.6164105227566559,1.8715484041752426,3.7348823789891576,6.796954271444073,9.935770587328348,15.786561453222191,58.09731670913616,89.23602820613557,90.887045103395,50.225655059424724,27.348256574446083
2026-05-22,12.57399560088274,9.83894416878172,8.524872897174186,8.40833009834371,10.31694733710326,9.804119936614752,6.1347720156768,8.605163854010877,11.559261332812168,10.486322140674623,7.9105460978569875,7.043107753613383,3.0375134895940255,2.9330504887899957,5.325271965527452,7.506278136707804,12.602389565772304,40.277288916628045,54.169132607711724,88.10979966018645,88.46092107614375,91.29531187913598,78.90343886972668,34.50450684465986
2026-05-23,34.357046769542436,11.418429698135563,7.015123622486012,6.295749930536617,6.636079235574195,5.993134333233775,4.075745634893594,1.2173529307944622,0.6932314891137258,0.6449980081739897,1.192985376938904,1.1160468067910547,1.11220574524583,2.155984487794393,2.4210207916834423,2.701197117413246,4.431895311823414,34.227400397226845,33.34897172750087,59.34295966760527,83.40186069158837,66.30696006428715,44.09725754969597,33.99465622643329
2026-05-24,18.08834407485989,6.982348544860171,4.677796750130537,4.013985300649693,3.760244035050126,5.045002933958586,-0.09557846575159663,-0.2569196093812742,-0.03800170789611458,-0.11758996239001009,-0.12384708015386037,-0.07306085495965291,-0.09903010770241087,-0.09425147371328513,-0.07529939887945787,-0.05604654474769484,0.28785954478222775,3.6899615851330916,4.379597973670826,12.735298605537066,44.26594038740207,51.15573287227464,9.26181021964341,6.2657526564912045
2026-05-25,5.502971565491609,5.236597864954455,4.638943115984779,5.600482044234755,5.166542255216042,5.109696574304026,3.571263170963513,2.877501443060394,2.424854074273958,0.6929680727572053,0.56093444393956,0.02121863800046691,0.1462413815589418,0.27990902335088863,0.29895978417673413,0.43993056281935544,1.6946017776593545,5.680396473224581,17.787360649561705,35.60712220637269,70.55617525377032,45.599417237367554,33.95448994958532,29.29604245878705
2026-05-26,4.34091076406011,5.279101195214881,2.976186945910244,3.244987334613299,2.915932209808394,2.6939809932237626,2.3297815677006355,1.635875608531522,0.2270343965584026,0.1040856300122706,0.3615673421387649,0.44496861546939853,0.29363718138643635,0.3025092845359368,0.40187701059966946,0.4267477892520841,0.3787004500411632,-0.06074009631880285,2.4481164713548464,8.759917002035573,46.42862486954504,20.262642895834144,9.89133014893695,4.589850658875783
2026-05-27,4.743138822500535,5.399934656486387,3.3673686103231173,3.589045536861523,3.7472227383989063,3.201702463911554,2.434478379587086,1.8183865294006365,0.6870917814820126,1.5285377344676514,0.6506373851702318,0.525545241909145,-0.1372061676138394,-0.17213106564069,-0.20301651410870405,0.6571614259695587,1.9530350716905958,3.518595195546047,6.910807469190388,26.171359993614196,31.90224038010066,31.255961700368292,23.790498815512965,7.866914633863639
2026-05-28,4.125667268287054,4.468009305708024,3.3585497548930316,2.991144632057831,4.5366455341237275,4.089052812618347,0.8404975671544523,0.9731473116036896,1.0428260179445406,1.1524349293432534,0.9020386101387171,0.8911979522929064,0.5401647435339192,0.6963240084453166,0.6603409203651992,0.9348990692175917,0.6957996157141354,13.39312098050704,15.61402477928474,11.776696319358043,31.203482655368326,31.578493316819774,18.440285673776525,13.604818409413458
2026-05-29,8.428924041679462,5.718469856600523,4.390641379306747,5.231563012625658,4.770279391915608,4.726930654635087,1.2346282772983574,0.7565650476515493,0.22988610637767798,0.11173934617699156,0.2521270873625759,0.0925836009252476,-0.0689317167268811,-0.041499294817623454,0.10521472771683726,0.2718856998578194,0.5667977771053209,3.9380820924901037,7.519646500100473,9.811953085847978,9.11244610191195,9.293433993784282,6.536081438406278,11.054591949388845
2026-05-30,3.6711784323738375,4.802891372171006,3.8869916470413557,4.193675093756004,4.4571407151921365,5.140033694472683,3.60140485616009,1.4794941703427444,1.0567513679714873,1.0421686270761048,0.7853286243267791,0.7853021920640678,0.7622614684668602,0.7442111881964927,1.2856260331421958,1.2292816576501115,1.2818882817065533,3.2585807787434202,5.676566098646449,5.000795956468256,10.599687589221165,6.278626738808093,3.9331774319084363,5.08105529573783
2026-05-31,7.576401736633271,7.313995784892069,5.195931061282524,5.115446447196078,5.188979519437848,4.184571644554597,0.8404758570380123,-0.012054086826700337,-0.27738883505781947,-0.038788831734583216,0.0010933335222582258,0.019416555889600274,-0.012735478021402258,0.009476665901389384,0.0032801747211874265,0.004504631612738121,-0.18948529340846454,0.7999481714457433,1.6180520605460893,3.427447092230565,6.697129310282013,11.206162387747694,9.98452660339562,8.689525450867142
2026-06-01,22.059987551529066,18.113378391260127,12.26489833454259,11.539152876691825,10.989247458433121,9.379473589816394,4.6398812590664305,0.2132031938699402,1.0472515938363827,-0.043959265370143885,-0.012210630883881244,0.06623457214647574,0.042966879905392545,0.05719626871219632,-0.04955401272632745,-0.055061288816139656,-0.703100617815616,5.274409745734721,20.290653830181988,39.17960882658751,81.8368480495926,80.03446027188285,57.94574140514675,34.83251106399983
2026-06-02,21.69308819178297,16.21999369868392,8.32474734184675,10.312138921836594,8.076048675067753,7.616700641682805,3.0512985329541973,1.2646695611381604,2.3950155299639984,3.120276588447593,2.242478208562914,2.832577714810681,1.0377286164707007,1.1668841857742622,4.418043566998994,3.1255331593983993,6.388102586023316,21.335068454073582,41.14488514462428,57.902571797520466,84.9354714943921,82.06433377311353,67.50310650979188,49.352515910417765
2026-06-03,35.30272205497528,29.512283344743786,29.106790523459523,32.999629941719476,46.577215725146054,28.525773835291726,12.905751576335025,5.444616023325767,3.5754502381537567,2.947604921351575,1.9281431366531727,1.7262931399536614,1.4112343770211466,1.2230727965815393,2.91350236191295,3.7077604002004314,10.526828016039708,14.171336251897387,23.6838179372649,61.482971972102156,78.02063320744597,80.01706519428271,59.18778707809996,31.732327049600787
2026-06-04,23.551520475151424,12.353347539345913,9.162813894568261,8.827066744315662,7.963931837703106,7.208378616147202,4.3537299527679405,3.8883992005893844,2.1469191529500393,2.0390319405535338,1.2117017010630207,1.700576196486135,0.9583883090262232,2.2547829837090956,2.4626214608739234,2.165681811626987,3.958526843205703,12.823536535383022,25.57404662918684,63.08626279001831,90.55883892463258,90.01256580134199,48.343135288145476,30.90422902323553
2026-06-05,35.45232127638446,17.61710348956187,17.621241774183755,18.793237395469408,18.7518905694858,17.364972947823723,12.327794212515213,2.9011039344877596,3.170510076818516,2.5939747278724408,2.004476759704434,2.0000325626319473,1.2883267499187914,2.0276372813777703,3.468167528095594,4.046929027138616,10.389694440924423,22.217577205041586,33.099222126922754,78.77982200094654,89.80049596630415,90.78531488444715,57.191314795774026,28.724091973810335
2026-06-06,54.63923763452818,35.22081574607301,21.903515510195795,21.348588158082674,26.537951046419213,18.237503096762815,18.72755309812431,15.473572220104659,17.397510108376963,17.115936065620392,13.568677040313943,17.37894798183152,4.427683604070886,11.5043028275788,18.11960576467783,16.272744538468135,20.635761143319275,39.105506827556965,48.34250977147244,82.43165316053557,90.31733631468597,84.30728172418974,54.11256927851223,52.121299385331874
2026-06-07,44.28885258341252,31.769841427082795,16.88353028027465,25.931199284215047,28.385221811786455,26.170749500049286,7.6757857817061925,3.232979807358245,2.643470539246225,2.4902489848210045,2.6235013997373944,3.0051885483537157,2.452799894554639,3.009022429610526,3.0062230496518283,3.6691236503250013,2.4866383595601422,8.299269185338808,14.851699037816328,26.857909153955077,61.5827801662884,52.50118168602687,29.960694276721718,22.88863629157709
2026-06-08,24.083711143975325,13.989846630607861,9.309841321698997,9.557225211201954,12.000461483723212,11.002591900282805,1.936067600369364,1.3873232653649994,1.679904583533088,2.2677716556444514,2.0272574465248097,1.965848705081175,1.7891722398876104,1.851712738123514,1.722378367873469,1.9342232241477124,3.0648907192243056,15.481312762389045,23.447106303371616,34.8165710882448,42.38348476869633,42.36389453097623,28.548947562455005,25.026838565206088
2026-06-09,20.936979326232805,12.276332476285084,11.91473336194395,15.15366933332304,24.488775426450193,13.851693984044584,3.767692658434761,2.649766543546516,3.156797890933356,2.9828032680100334,3.053755250440949,3.481016618146097,1.8424365753517176,2.9142467016980915,6.771521082393384,7.399137628078417,5.744144169874406,10.755165570520374,25.03327961815565,38.29543904678454,61.45460712866682,52.99352313710363,25.89515586861704,23.170708170325327
2026-06-10,36.93418618664796,18.83916407855333,15.259356032653297,14.287234501784361,12.79658201026316,11.383848469403402,7.415952591667425,5.53302734012132,10.546979024359064,8.264532775383946,8.165869071114916,7.923292399794694,5.680431545924478,8.368593314130539,14.036087523366353,17.381433219473596,19.321220716050455,31.53247575207811,48.15988021465511,67.23165524803213,86.93472995527907,85.91427430828284,66.0627600060023,38.79054433642517
2026-06-11,40.54233922094126,27.214827125427927,22.164732603823538,25.187421751545013,23.8114460625977,23.5035324240272,18.221609921177222,13.070056565010432,20.158532097622253,21.007751860466414,22.10681520713206,20.432721588072248,10.486905567939123,20.69010751504365,15.434034392134894,17.365387546490705,28.523202143902218,66.44606978326631,74.15516378035747,83.65713054606125,85.77787184652044,85.4751532839052,78.86688863782646,57.2529473746957
2026-06-12,55.842118108117496,42.508525581515116,27.57903079777546,38.40930610623713,40.25947795735937,25.661227733304916,20.428669962885024,12.003358551674022,17.019572097575356,14.717250351357407,11.409323153984923,8.081273203950033,3.981477528734022,7.470408340708397,14.828497018430838,18.924709020544146,23.04091870412342,48.871415529707456,66.86464547726479,83.58036181359014,85.25261885058794,83.81881725838149,65.31957715328693,58.18638673788918
2026-06-13,44.01374399276629,29.369330964240937,23.38263059386703,32.070471444675654,32.43584944189623,19.68614520299754,16.15391082085402,6.287545638156538,9.046140832404804,6.774106916991983,5.436776838020868,5.707663935517986,3.2798957894411696,4.101539390423391,10.741952947044918,10.381044999996117,13.252327383922479,21.177706331573987,33.94672654645216,50.059073060006554,58.12841070690875,55.32615196054547,34.11002825919413,31.9877007975258
2026-06-14,28.143700730796816,24.703838696148782,10.467217118790696,10.058378786146953,9.280678509432958,8.648356082551656,4.809457668557488,0.3910964697327432,0.04646928933032436,0.0953565541320949,0.43168390303467746,0.5371146344924627,0.5363705675015061,0.40887673912890654,0.7269904032426814,2.4704377845140364,5.898949181058079,13.96138624310504,24.58966571832038,30.751671667642913,46.166738047365605,46.61962600377608,33.42441699982336,26.247189246191653
2026-06-15,25.685605489420983,20.04692943224777,14.542622365221233,14.133166073318405,14.976813371341482,10.40952757711581,4.621848041181231,4.317860028987211,8.120183770383944,7.396723293925686,5.591026654053892,7.306094773528932,4.7937959188499155,6.576609863111428,9.813135226833795,10.885116832627393,14.580439027222768,21.82208237249674,46.03990732805122,77.55146136855652,89.70236003840007,88.2041027170414,75.44278315563874,58.823199402407774
2026-06-16,39.73991846112459,35.635758755627236,34.789472463959434,34.01405628939986,34.64651215000806,25.06648788079248,22.386799951059835,8.65024517604813,16.334219499094605,15.564739015887936,15.278466600349532,15.748398825500468,7.899708198354177,15.400677542448589,20.82097599415768,18.496105149539417,28.19848480527264,39.17842291084806,45.15571496580442,62.3397573349208,82.74519074174542,83.8037167469482,64.93666767521891,46.79064399724147
2026-06-17,48.85627969056316,38.20574034500795,29.40929156589644,29.637442074329964,26.41911091600036,21.83726180493816,18.49929704223557,9.894111577802889,20.50406701882152,17.031465595867022,5.795795985814951,5.7074948431025065,5.119326063259113,5.465127650051121,10.25983912460179,15.584719374636654,27.207393383985824,36.2615442334241,56.783045436501,82.5247894442005,88.85554443255727,88.01501715352019,69.30020954821939,46.54655514570813
2026-06-18,39.95040109196785,30.37642164613677,18.117874578452884,18.421922445242785,17.4243109059318,12.615747895623498,4.741373130345982,4.36187002011954,9.574245140848102,6.925073592960267,5.058646786623495,4.977889561944378,5.2332630824096595,6.746128774851447,6.44305898834298,8.336841676068302,15.782071309140777,24.70199055617058,33.552840398795766,47.01797647740777,75.84558134286213,73.55005159430216,37.049752332748774,30.081321379052756
2026-06-19,27.825511628792075,22.31853174112495,15.403716766065209,12.885869623625716,9.946450686625695,7.833656746783179,5.973208254168374,4.052404623457758,6.815366473752406,4.514082259488075,3.9785645153316778,3.998005312390214,3.8716584127711244,3.6953004618383742,4.645570726063751,5.728997433817136,9.345339653097657,22.365831670112765,25.069581163108154,33.27145004326204,40.18648267471571,44.87127375207121,27.863350067147334,27.54345501869156
2026-06-20,17.1333715210747,12.079162457863871,9.204644515191891,9.977229816368858,9.511265382503783,7.775739777319557,4.358230108095941,3.2734065136248165,6.551650066806495,6.569971165611988,3.4363690568928797,3.589099484044352,3.2421115647565246,3.7038703633800587,8.564942210358296,11.040795430522552,10.122430361864943,13.782796214219363,18.083593170859533,29.13409548078541,38.46279771654136,35.630115984183895,26.815676630507685,14.734443706552149
2026-06-21,19.392083021370667,6.216524119637825,5.779472190840926,5.806586462451735,5.836274374774746,5.549241396094249,3.944374992810386,1.1489155276411618,0.02495096319722856,0.10277474980417513,-0.01227635948861454,0.33432256423035644,0.27239028472455373,0.07803222186954265,-0.10024699330668702,-0.3862198795935759,0.8404250202768778,3.873430023355041,11.664816951264966,18.772777548792305,30.34196885021717,29.360247219817676,17.46840692241862,11.63637110957522
2026-06-22,13.912214345173748,9.782189026927034,8.36855960650032,7.150078656042926,6.627722900405938,4.695953695217564,4.777249303639868,3.2565585478427668,4.913566293508636,4.237367739478425,3.700640462980167,3.9388472386909,2.684684525755462,4.11454900762915,5.236553034865435,6.549594352151526,7.6842743547650345,19.101153482012318,27.345606505954667,43.77354809765394,48.13400440667369,32.03854397468754,25.96511697942055,21.45042985780718
2026-06-23,31.01218638717341,27.07147276312761,21.255862099005586,17.839860394968557,17.760790021013587,12.237291391280987,6.201720753801038,3.8210463075833636,7.681391896135655,5.068414163255402,3.7425773497971475,3.538295560416743,3.713580051106088,3.6573329206313727,5.24380956750897,8.85165230663447,12.408733619750898,27.15038280604576,36.348235451312604,51.473340857082185,71.66421192553916,71.11871346110793,42.47034285259038,35.36184589286869
2026-06-24,47.03076163198564,31.11039483717082,29.299770597363374,25.766593353375317,26.64660750156326,20.634684039424204,17.413637202084917,17.309286449162883,22.321292748089146,19.611500020580287,13.957617553414396,12.054439749048736,7.584133248031543,11.422696465222018,15.844483544536153,20.737066183965027,19.214561671913625,34.72434228857727,35.573584848658186,72.41607361575495,83.21119438239619,84.65701346955767,47.7818919954631,42.747650131539494
2026-06-25,49.554466388410354,44.7983715986856,35.459726447395575,36.03062156316768,32.41163977442045,27.76834274789155,19.787379941662948,10.350640322674987,27.662622613672706,18.33479512520199,12.8651260775401,7.331270939464127,5.614161675507502,7.708575163305418,12.1741172821543,14.432715222816736,18.00726420572667,41.186012566295595,56.73955473670638,80.29658227050821,90.66106813542692,89.6912849475747,72.61925370435469,63.87148314612148
2026-06-26,40.04047625015916,33.980552032242315,31.72942066848594,30.2258642867704,28.178110824923596,29.137311973481918,27.04272180023942,8.173542635554991,30.19482993958405,23.532654690284723,6.14325980093799,5.745815456892109,4.321233185870082,5.079859908936479,6.081832011402529,9.078756273926109,27.842109950690375,36.16139498691592,41.180777978187805,71.0466943451506,87.27241974652358,77.88639121976722,37.06843014244413,29.298301732372195
2026-06-27,31.3963341873751,30.247971204751867,32.81725619465459,27.744726509971752,28.068988909908988,29.124174388044043,9.15784591917768,4.636062344796113,22.473713243227895,7.023127332541464,5.263708879029318,4.849426922515527,3.2543398029997,3.568473750255762,5.396665391406047,21.707216311757197,23.3170798563504,24.695752225110343,27.30513923763104,35.643307479354284,47.6221284427547,49.04413815450167,31.181940508903626,28.271565741433804
2026-06-28,36.98374619815314,33.23252468121217,32.82579481690628,33.046553653959236,30.417641579095132,20.125144364288833,2.884505593629262,0.3836481164548402,0.07409447460679042,-0.10489299227522852,-0.010932937559364916,0.08641483700801088,-0.031329139813473975,-0.034629110058326175,0.20466536967261767,0.48765654479255366,0.340429509193213,4.180888398702562,23.237108484829022,32.68098020268678,44.43645126044657,43.799650406592285,34.626296540251275,31.09638896038289
2026-06-29,34.94683094239947,33.26089748188143,31.90085024411694,32.366765191860786,33.29306227300822,26.732592263729053,6.02408617335061,4.043525226441802,9.659896173215618,9.399256320924035,5.6610295298162905,5.226701988605839,3.58226255236331,3.7268190175796057,9.466273305610152,6.850028949151353,10.941101588233108,16.703247266111116,26.80543639702026,52.37021573118349,71.48624572914794,73.56666052687541,48.183600172197366,47.43420532634672
2026-06-30,45.97532670211613,41.753716428516086,39.24923024828432,38.715325462415755,37.92514255233956,37.01486925891117,29.64934244445239,15.637710704674642,31.221818134900037,28.71555077333896,28.65690615044675,15.880601027791826,14.595810525561165,19.182768721194023,30.00122941351335,29.464190060740798,33.890884145148284,45.82382329304091,50.80640051589739,86.87441720453255,93.28031853483432,92.92323845449702,75.46638190917989,68.6360999997884
2026-07-01,71.18687618398867,58.16149770202184,50.37301497906128,52.8064086391113,50.71192408394022,43.37962521036974,41.118550222186165,25.555610488886664,44.03982161732379,38.39260357540628,37.28203094195371,35.872254762937864,28.44961613431977,34.32323958390972,39.50346989136731,38.02389876645224,45.26936142807511,58.22274646927033,75.12995133811924,86.1653714676643,92.2890095897695,91.90247812558715,86.49008139385597,86.09090647866842
2026-07-02,92.62611577394532,76.655007530489,70.04751860912835,66.35981736415678,66.1962476790426,64.40091496982642,56.11752394626405,23.83955209990103,55.006070147420495,51.9987532689663,47.11673047391145,43.89762106703727,37.02532125241223,45.30466884478248,53.94365236322049,54.91864188622881,70.53500093994369,86.3183997847918,89.67967474515166,92.72630665931163,95.96645684951838,94.75253943041223,79.14509994775544,82.7855627103437
2026-07-03,81.80008765805702,73.37129701509525,71.26506653869117,72.35316215250822,69.97354706896294,66.11397658413367,64.29955576503109,57.50325083313715,62.910897155533895,61.06374398771032,56.15168995401012,55.067755021359275,45.1033343695758,53.09852601840158,60.82821004152696,62.73313287521278,62.07188639667257,77.81433508461897,72.80718794332259,91.9076586258603,95.05538781536126,94.57242016312973,77.82076715747499,75.70500217125065
2026-07-04,71.44734719266754,68.32222394849103,67.06471323434121,66.43503175061512,69.45884937603898,59.383483036311326,45.359733587936724,23.5286586083007,28.206882859686335,26.327290877508048,29.824556925681904,27.261192550579768,22.464234762223104,27.041838053609116,30.23659991925958,28.005936732091364,38.01170766735987,55.91448302816869,59.48703489252507,73.23345167120304,82.20406317275132,77.60240282425418,56.569064971705366,47.3924986235716
2026-07-05,44.27903130426042,34.9706377820107,34.01191090152645,35.26794451177086,36.51014504097979,33.353218946688685,24.87045865961921,19.31190663768214,22.627692740725134,22.604518957940446,18.31574616944254,17.857567876324772,11.354536754840698,18.789597759150094,22.38595190253209,21.869091327795534,17.94797389393325,22.142124244283334,24.69286092465615,39.90579297242649,49.59998293046113,51.67819972990122,39.17118129760929,36.0025353983708
2026-07-06,53.23394676154869,42.78262673869222,36.41010403553703,37.618828081257085,35.45257614513142,35.328290643848504,34.51062222490261,9.148108378488535,14.089230775262497,17.759324393558735,15.482308533876797,15.560902273646171,16.83905488661036,15.356450482663565,18.98367618689387,14.327334031212432,18.075147918411844,24.510939465905242,54.99488912228517,74.6902421868881,80.64434420182691,82.45492815372384,70.14922743179221,68.13456714221482
2026-07-07,66.43439886896631,60.82858506779707,53.79196855268026,47.029991998393726,51.181821362341694,39.33142684685078,37.05339586750358,22.089762357896095,47.97508402346502,43.479715836935355,32.61074248080338,32.6104321592493,13.807122460994464,31.66055813438701,41.286316324167075,47.81205821568982,53.70276557181659,64.65782401140429,73.39129145905054,79.89764324244936,90.13926754478267,92.28899448088957,79.19232188048348,74.26901958313069
2026-07-08,69.02144471941892,71.70452589853033,70.66215863389279,70.26621567823365,70.9574288607575,69.03998701556846,61.00084140049497,47.915149742894336,66.96453803023405,61.76897697414757,51.51442134122288,49.17396091915598,37.63756744133032,51.14946358649548,58.62587953775369,62.22831105719955,68.34700437553397,74.84546978666359,74.81117182050454,74.14349988521026,90.87973955379475,90.99397917334355,80.56455558331321,76.13346861081371
2026-07-09,76.02882961679491,71.73344023887523,69.6826152530903,72.35905547907782,74.68147510965021,71.89956908628525,51.930684369820625,40.6109586293024,62.613991389910396,48.54423300153877,31.585259767015284,33.35093062457498,18.82350920183548,33.95272040951138,41.940648133257895,46.45622597693202,50.97863274747548,70.34730908234015,69.63510606326996,79.2549672565653,88.76550744009218,87.88078450727339,77.0064316488143,67.85775096168638
2026-07-10,75.78704954415971,70.90767309950546,64.14125113610604,63.446165929995395,72.67293488697285,67.39381720002437,60.21526794473654,45.24110622240666,60.286015106429325,56.2551615156732,48.89613176683039,45.09123906284389,32.09381049167263,49.675608552366214,56.1297034468201,57.09261569430605,58.996908226223,68.45921046230895,71.22812269545943,75.90788078426543,87.64570629617636,91.07078948108457,75.79798048903442,71.92292165708774
2026-07-11,70.95159279992542,74.8720129641571,70.39831014335654,74.50245059433105,74.01909927052041,63.21974646473795,56.832520369871965,38.43733776004463,51.857894008019805,53.30331342620883,43.56337990119546,40.601619425893006,26.490043937807325,32.7778798724084,44.806750322926185,44.95446447079838,48.284035592829575,52.561973561885175,56.13411618591675,69.95469698560674,89.40988612089585,78.928601685651,68.98850851683198,66.07482771209338
2026-07-12,66.96955391067591,62.77510639696147,54.4945802101735,50.296343835454664,43.873829096648834,35.05026992400377,34.23991045454115,13.263157049758394,25.002846054572778,24.944681514299464,20.22020335638531,20.63092036341886,10.460202380165285,13.079045133829514,24.44608557765134,26.582645775854054,29.063369348233298,33.76521236473782,52.454303409544586,65.63221483671396,88.45066171887744,92.00183890468315,62.72194204839625,57.122781095849
2026-07-13,70.09878551859646,69.17066975928259,65.63035082856005,64.80361792295643,57.280518984394874,50.84021619218381,43.40036855210512,32.86519491823937,29.657882719349395,24.991109020711963,24.559600938365516,23.201604478064045,19.518961176188828,23.53671844141998,29.31004307770221,26.713390672368668,29.968701049026855,56.67383382563195,71.97899654523847,77.48309631193897,90.23775373779883,89.8311757540177,76.20080285319226,70.98690144775733
2026-07-14,63.01242343829341,65.99636975643419,66.0334223655753,66.30893326177934,59.09386975029064,50.06792193128348,28.735569598295086,22.747965377493912,46.149638044728704,38.767800460716835,26.00651671907013,33.476366693714844,27.64875602100574,32.40986472840712,38.784029993902394,36.645246360513845,54.41372586707299,66.28513303427187,65.02251404853288,74.91194684437899,87.5870256179869,91.56062610172818,75.36389829147805,65.32553224335844
2026-07-15,61.142575674061106,58.26289358363743,59.0153736485255,59.229548720188845,61.45877607496561,55.52330088403951,46.013729915976135,24.476933932403035,43.37782737293814,38.096627375349264,29.51292499744716,28.83773927134039,18.379224737563863,26.9509563968517,35.96130652522779,45.833747468128585,51.265872424472875,52.51937222953292,54.97318733876673,66.92491614160781,84.12366522622233,83.35764850524608,68.07764409012593,57.565038656853545
2026-07-16,63.54396165357985,65.73529706413527,57.90421450374165,59.710899628290285,60.52927326359468,48.45567529433872,42.6022797952599,25.277105945443243,33.933375621638696,32.21235576000634,15.755003886800724,22.675848514869536,12.090702145315186,16.466139519898327,30.997550813916536,24.878205806926168,23.085321220948174,56.81524869820557,54.67970290086265,65.76230120362419,79.20329754094529,79.14535548326107,60.79394380988656,54.19949843052486
2026-07-17,72.61916668268806,75.62385167986653,65.46194586123714,64.44374741725393,64.68076278014823,58.03346221137022,48.88052059944527,33.05302570974062,50.23690758373876,50.26430170066091,36.29418754658708,40.87498005249272,15.306446281415207,35.90320764017181,47.16156231423868,48.32802387588468,54.59998917746932,67.32449573361878,66.6607888679461,84.1741292936452,93.52482808904962,92.47084026629805,67.88648162715755,62.04208665042863
2026-07-18,71.46704290351424,71.43529532695784,65.53995538917286,65.5701141734477,69.12459518712328,61.384232853281716,50.88351230056411,18.060873412952887,38.68505833147076,34.27373406830535,30.02158650465651,20.883475211768154,13.63185310493433,21.31293049716239,33.00955637973326,31.93100051982811,37.905670618023066,53.93152309243881,62.81830163847881,72.03077699897526,93.15594849366248,93.5414916121915,74.84985152013405,70.77801043390012
2026-07-19,80.30590214014897,73.96594709780592,72.11194772347694,73.60040533073219,71.90733718403953,64.39281772022598,47.61453838866704,26.7176489888094,28.16979189372308,15.089579265572391,12.684113119911531,12.149394902968213,12.791330565211318,15.446108912931631,21.510273751108823,22.840786067814125,27.915920354481376,48.72992609794581,65.2858154529822,76.8882572741645,93.3575153700514,94.57638953429733,80.1342479958031,75.67268110692682
2026-07-20,78.23807741161977,73.23977206767117,73.9288775662052,72.80153662034047,75.92896086188084,74.4008785337241,56.70816711713854,37.76448923751961,44.16721871601112,47.76428775431286,41.44523106837946,41.20997921079017,37.452109945346216,37.006632645567066,44.698100763422396,49.12261099479984,55.32749465616777,73.17962571993701,72.17696214966892,82.01065312711029,95.02743635348239,94.87734065439881,79.69905934060336,76.32299379233933
2026-07-21,82.75852825057044,73.73521124896965,69.85951103432697,74.28588975402819,77.00874562000617,77.59950195389271,63.51894305030235,50.92864070122823,64.86501169982913,64.03786868499735,56.88340154456423,57.55487825835567,42.31392379066798,54.06334751592203,63.81083303587759,59.73376942364099,68.09950693462653,75.19056644652908,73.33175727539478,86.99645509189928,93.86942591863964,94.07272941388653,80.45748087194673,70.73499244095294
2026-07-22,83.46452087870667,81.19635310647674,77.13857221453334,76.22943878964301,77.71262227201656,77.94866808476714,56.456453770297,40.75313770096217,54.3502187789538,45.37705639431998,39.648754846250924,36.26326739124681,26.97083240263746,37.08061751942003,65.18731086663274,66.45300209786065,61.03690298945839,75.66194887097475,74.58408482814795,96.16407607781083,97.5502186785186,98.95288960029538,85.54959392168922,76.97071392578329
2026-07-23,83.05243938409114,78.76515462956698,75.37784430758798,73.37262865848622,75.68400268536246,75.30098130937377,61.302587875678924,43.35294506405846,61.58711647412593,61.701423253388114,51.67320949089645,51.772246603541745,39.18635549353976,51.33526820586869,62.00087190202062,65.6609391432182,65.33034925680755,69.9568461649681,75.87326245390075,88.05574089435576,91.91229094869475,90.9054829956269,82.7662081940883,74.50542826494483
2026-07-24,80.66138070579875,75.04300964119732,69.81665863250468,71.43135763332054,73.9666881563857,74.09715452687355,64.16296299211739,43.71613575667675,66.52762165902827,64.5333986423161,56.223837053287106,42.434137135284054,28.98926555632647,37.34387189114671,60.067254483771414,55.71304533890276,64.40371994857387,75.64300598112649,70.58346358065327,77.0868062708792,93.95082485711234,92.78972631551412,81.24599698398505,72.88356225143225
2026-07-25,74.39269009084586,73.45182398065242,72.20669379439606,72.73040522182488,70.68471285569606,69.08677079410575,54.21220303449427,33.23733568275824,50.190123309027484,39.42402868887403,35.01119519860599,34.42958461106424,27.854811869399487,32.97226347900946,35.017553584268676,31.64252533073839,35.53106077611127,67.49172910153273,72.8388228276113,77.32599079120826,89.83573087521255,82.03594152739521,76.23004733770084,75.25936972104037
2026-07-26,73.07121323417756,72.72359724320307,72.98426548146239,71.99856978706208,72.21919167474744,69.12539166462936,56.6396002427698,33.750648188781284,32.70591005853912,30.68377941345157,26.933938547598654,26.641791619116262,24.705250885698298,30.845352221552933,31.434627693573887,26.014954496146572,35.93355590113408,59.02315825059566,69.49695608700115,77.09123688803432,83.52945375941093,84.02928506070066,76.25246080233016,75.18333809188185
2026-07-27,76.22845480041383,75.34889914286939,73.0825739464435,72.91999253822844,77.06596624722621,75.3330043834332,61.490462793154045,52.935806212839566,60.46913495817854,46.82912076505619,45.14391290550552,42.59014647712561,35.736612183542036,41.14529671117339,43.47685770611829,55.36248833059384,51.57781610482556,77.51103513503776,76.52989097440974,88.77478279000697,85.94751650537418,85.13780862152322,80.380678548595,71.30788673780636
2026-07-28,76.70961260867078,75.52558351183347,70.39917512161817,70.89293157823474,72.07530671016866,71.94127082564447,64.88142831316377,31.810371254677783,55.186339476855046,44.5428167275333,37.06784275256534,35.67090160904074,19.873846397247217,28.133118369521675,44.82717245472676,37.750048672118766,49.87044220812749,69.50493708189394,70.35197425282811,88.07771388838734,93.12728424722495,93.11535398161226,78.7059620591685,72.39137651734615
2026-07-29,70.49992674065278,68.28450232981584,64.14384547850153,64.37435499441091,63.73371332127563,59.69259014859654,52.444370386176246,37.52733146903472,53.098135692083645,40.01273519087317,29.392678111147358,37.94157994688017,21.541375504789002,28.88615873123487,33.74440155077483,27.35012263857352,44.106227302087085,65.81466323914499,66.61671384503086,81.14741880889582,86.62470604251946,85.75111253919889,75.48618544141205,67.26130248373441
2026-07-30,59.198741580787285,41.14230835171993,36.34834748855999,38.74727834867728,42.941097687853436,35.14842998949747,32.43793660208653,20.448086047129113,32.38364060229441,27.763794820974184,19.85601268440041,21.287553630103904,16.349877265692566,14.91479734908088,25.934165289762166,21.514936820475185,30.531331624282792,49.74071247545114,55.32846199475207,70.76733141548266,82.5670098368564,79.77257733197932,60.829238694437784,51.13861176613308
2026-07-31,58.62196442978716,45.505762092100305,39.606480363831785,41.576983168180604,36.24468719634156,31.840926569342688,33.58352580902935,21.744204162323143,34.94294289306024,27.732352226775195,25.336538764570598,24.112770961487595,16.4773051329926,22.54599862511955,22.588941454755908,27.20008954930901,29.160651665633807,45.64416869782739,54.50426365620186,81.82169088599306,89.4310454360804,86.27995566452114,64.979239582146,57.963297133043675
2026-08-01,54.42523291701607,42.22628662992051,34.26238689093712,37.10222853016502,36.888389349282036,35.923468962714935,36.141781126544444,21.357807546011934,35.40853610465656,30.922536253065736,28.955147926992584,27.663060468339005,12.947136965858336,16.413075440174875,30.014695584853634,27.738601316178837,26.483338358172126,43.42049641694489,55.14261090680936,71.80793162024746,79.3940725608953,75.09344509942723,62.570726294299185,58.81294213309309
2026-08-02,67.07428377446111,62.8259131585306,58.80900746817092,57.81570038752626,55.315606766581105,57.10880354065812,48.178639888601154,31.912191324491225,19.762847210750806,15.740933179063207,11.833841241310198,13.231416597379743,9.394034615362191,18.933982224730514,28.712043915476826,21.45412447445324,24.20136964971375,36.681269841864165,51.881578030810786,80.08212986122187,89.55168078663047,88.26322096122746,76.53761415803885,69.79863131580771
2026-08-03,76.77397822245521,71.82101221757674,69.07143340702268,68.69908048260199,68.22261386393087,67.1557148007012,62.69583288467777,34.47939166979682,45.91687688288016,41.54059647621996,28.916101004304835,33.260886418275845,19.09345160402159,35.33437258161021,42.7272022696372,36.12559074795364,57.6809665280947,56.55352501325225,68.12634693048582,80.88273396580188,86.62394480898799,88.5303180199779,77.83829788187153,74.30534227027118
2026-08-04,69.13768743456892,67.29603285275248,63.363804500432785,66.0766507061388,68.17306828541369,67.75794381749505,67.09259737808846,55.797953536480904,69.99110703559025,68.07504675677711,56.27462387207745,60.156199465004676,40.361009926738404,46.38699028970998,61.06163515609564,55.92152124531096,65.71541063056945,72.35445001086416,75.29231950274131,85.14596419879793,90.2193686277499,90.82739769399541,72.52584409540786,67.57218774799756
2026-08-05,74.41193364545927,69.47769229637831,69.67183222062535,70.23328920227894,68.16097981213879,65.18266059719659,59.17295996118978,46.627361965466726,62.12210695034373,61.77718000809896,41.43710739715434,36.14385596394409,32.50504975948386,38.37512707660886,40.183751179940224,38.803738161650365,59.24860874396938,67.55133792436858,69.43159115966286,90.44728221510944,92.94676517827966,92.64535162292069,79.188449873184,74.55921562281617
2026-08-06,76.15616565708908,71.60810505647513,71.19760178855576,70.26674698713178,70.09987144047633,68.74998008493873,66.38847323466491,53.02133082533139,69.87105312760359,63.773680881177896,45.22412876650187,45.14200724487505,32.7879205156699,47.200789047087746,48.48467074796897,60.08078734345654,69.96772649741507,76.51708629370562,73.29804563388127,86.34936840404909,92.3934137647187,91.75005304108038,75.99131839003327,73.56340056648902
2026-08-07,76.72438784790765,71.38534097026238,68.74496077633553,70.7525392755412,70.12877788154069,69.98219783763614,69.30646471573144,53.415317973603315,72.69162951246687,69.68379868164148,58.55351736473643,55.3138935187464,33.686885088253256,49.14665136820698,62.837170199577024,65.84053313191649,68.63684026601854,78.28077338802541,76.3854849881315,86.81861785606446,92.61888133681538,89.08064037417525,79.09508015390469,73.10687442167519
2026-08-08,75.90963382946516,74.43204474214512,71.3091283746304,71.16890455823163,72.69192904628204,72.26538905879123,64.74608029905195,43.09794678605102,40.583208654249255,39.20218498017324,33.35600291807405,34.26127732363423,24.026738141401825,42.82735293249939,49.474359378334064,46.51937928265461,51.69543607390405,67.60995938836398,70.7013556324183,86.00829412427927,90.27561430370854,87.32800653734718,77.91810061745099,69.20601165914857
2026-08-09,73.97159423667428,70.1667540523582,66.81439019835418,66.84810560722205,60.92667074861896,55.339292889670205,51.9788003486203,34.64867647471439,21.39777376996407,18.406418680568173,16.870819089565494,22.922536824429145,7.51863814453597,19.00143667785702,19.350377710385956,20.523332305895693,31.873715229062835,34.979775757259425,59.69856279719534,68.9311003277037,81.53855526182879,77.21211345498153,70.0179066284289,65.96658171582418
2026-08-10,67.06543365536743,58.17748768046296,54.160111847667125,44.442406305635096,45.642096752136545,46.08740316737458,45.1628290330802,32.83669237982894,44.263689696527294,44.17696382070311,34.4868491833223,33.036525329909054,22.37436606059941,33.72703009430965,41.31761137588444,46.65207868571935,50.651854350437006,65.47328942439488,72.74848721175441,85.63425744966246,85.6330277773062,86.15833719172947,78.19688512136618,73.10814217735954
2026-08-11,68.54466211192108,59.69916757371025,42.50158564513355,36.65597952722872,44.49940756821843,43.58968568897644,36.4316489757823,31.049159374461325,39.565941426479725,38.47079279066889,33.626779904279864,35.75805078406329,30.79835130328144,46.752675390356615,58.40991979965398,58.427593740787266,64.0313064640711,75.9613155416059,75.25227696239708,84.18273406920711,88.14246803172128,85.53363576625894,75.95859236938342,72.58358281431317
2026-08-12,74.2964887189359,67.23941502462606,67.41097350025517,65.72155380522972,68.44874043562427,68.98581586308666,65.81911697114258,50.99560255505848,69.75151118016942,67.08720938918493,58.83690551369661,56.41234256759723,34.50490329469473,58.02597501709238,63.62153059148286,63.94978376806823,72.13627044796867,77.71465805855419,73.54902871074081,83.02435868143465,91.21057169666695,85.72636831852704,73.61652752520702,71.91505457012696
2026-08-13,73.57996106738302,68.2114754631743,67.15745198067505,68.10642129444432,68.26827684451662,67.0333592179211,59.60489865290792,41.57588217828638,67.72541090360276,56.67606303943545,45.17573377267928,40.02532264987783,23.253417198072416,41.96648418016685,42.06039772289679,50.75017071754648,67.19503853059813,75.38880821693125,74.47984584299647,81.90621467295368,84.9243618747262,83.97773432933536,76.52245325016284,70.33476916490581
2026-08-14,64.79815913795284,54.6430175837363,48.306859958182294,48.80524173182675,44.230129860625155,45.155382278695285,44.29183660211868,31.441593649960193,50.696305829234824,42.34864982070643,39.62411257500974,31.53007826155895,22.166265706961198,35.43510759499883,44.73926214859732,46.54363126713683,56.01325020598066,61.829837263288645,61.80357347381947,78.04908781602983,84.42007155694988,80.36910310237296,66.26179573195772,53.11715492565983
2026-08-15,69.03244599891754,57.90661506869303,44.1593118843578,45.56352513956504,44.793347123235655,45.66179291680612,44.563899628992154,28.72606225968507,38.0600377698122,38.69465510462693,31.389401771234805,34.25126911890121,24.02707948621308,32.17849873976932,30.928668210216916,31.223496028274447,48.1352317398047,59.293760883462525,67.70426361978663,74.25624282367112,80.2263230445192,76.73637904601297,70.01209816458189,68.50430604170779
2026-08-16,64.45596308304017,61.51222685240807,49.93987630484318,46.46644794629044,43.853097510103815,47.15138554049792,44.22447430579631,22.796756889548835,19.870232194404895,12.814122860991626,7.023299004356366,7.690355439119132,7.31114567735381,17.17921898678606,15.207446938242624,17.612902927464216,23.67154396312668,47.33716409620384,64.80540698421044,76.6871639311253,84.51902802478929,82.49929238627111,68.6179396889776,67.08013108585892
2026-08-17,70.89895072317813,69.8031087961231,64.51788254688034,65.13152391490082,66.0017879756907,67.50101631899247,57.93933039332194,56.044161613551736,53.46661177288032,51.67923072728216,45.09789062723064,46.14323010643107,35.17425910503816,44.59074947520843,64.98719755124989,53.43527452826973,61.18059829863036,78.98195633201244,75.84527995167966,82.74002337450065,86.83470515012979,86.45997480985102,77.41947075027178,75.92827134252052
2026-08-18,74.94612317884247,73.71188796749804,68.51042041104179,67.23921822520846,68.0558969085675,67.98324790718243,69.28421379706529,58.891759617857005,69.9349618014821,66.4187164291862,61.70115922060518,60.40321595663577,50.66542650465154,60.26606588944717,69.41252641531439,70.40735312509015,76.26273447640709,78.22302399616136,80.00318751894979,88.60087221325347,93.08446262016301,89.70186718687933,79.0698653088736,74.39727823860036
2026-08-19,81.48722782708198,75.04413028533135,75.6861871194653,73.01046546140067,73.70582612039905,74.16672133553442,75.23625985412276,68.16622856964456,73.17717931759873,71.07043651661994,55.98124299531501,51.431583728344044,38.0163579810362,46.69545532555856,58.94728474323718,65.12362310075888,70.61786413747144,78.88244017854089,78.70542628586904,88.42298544992562,91.95019421934555,87.46035589467476,74.41101045153376,74.97782405222486
2026-08-20,72.5741368028567,67.21539584468528,65.93479167356111,66.26147138978477,68.67024862221749,67.00212039007434,66.42223554388094,50.68027694041651,66.24691727477044,58.50965779481868,35.22716011842534,34.91747552883555,26.950362043360908,47.74172041819697,54.19320165468461,48.427623780977136,61.390393658082736,79.08914372837089,73.57912173480977,89.2970333537215,91.39840914307926,83.18000015752567,70.71332145057997,69.18175161165635
2026-08-21,73.22352764129111,67.78215921299024,65.74111238434067,62.965877886051814,61.49076506989894,64.51411665745768,63.77731084370882,52.45842339354765,60.64996132817183,57.100813809542515,45.71392293131106,43.86290885747853,28.195765876562497,40.98670904074373,55.97449932535888,61.9564987598168,68.08867803168557,76.09432294396164,74.14687739151603,85.44156703679347,89.63977665962919,82.36048096731919,71.50244653290788,72.12282748447936
2026-08-22,75.90234088831188,71.8777955683163,70.12755108624096,68.98049392217138,70.02235961266882,71.85095138468392,70.98560752319011,50.81085495861372,46.716076557723085,36.835520751463534,36.5276460742538,35.85475749590142,24.908675198629343,34.72462739539544,45.522692693808004,43.65020790476875,68.16293425721095,69.56994654588068,73.36558865821539,84.06939528563107,88.34695804725892,86.51705893093923,73.83888781452539,73.2981594815885
2026-08-23,77.95085055663797,73.93129596558185,72.87536464599629,73.11767702853292,74.00390651039878,75.63338491344996,75.89782783649684,61.10822455497003,46.24833262194169,33.23652744430284,28.45039818472058,35.35967838181214,30.454255577289995,40.62180625653163,46.25330936609999,39.85677055233832,46.09498885995344,58.50878649889397,72.87574807937861,84.41283179257312,89.6799286280915,84.800754778556,73.08114148708246,71.3620120909255
2026-08-24,69.8374225536671,65.58333896191924,64.00833969685108,64.03915619510416,62.92386226391324,62.89557539064741,64.68167633498462,49.48049283899127,42.60493765662566,36.13067955268191,32.372112259184185,28.86389914884138,23.175349175386145,28.498412793627985,36.43638805841116,43.92057684812824,57.13044373295301,71.67881869225272,71.00238353874371,86.35406943064602,88.21938568987095,87.03226541181489,75.72124483384006,67.95430743859467
2026-08-25,65.1249618536669,60.80787128403226,54.233153434935,55.925212891215985,59.16558385500758,59.757875319941675,60.14158390637698,40.089321133826815,65.4697724457119,57.476471482857065,44.905799803314196,46.503227355420414,35.44365512140581,43.81549718978199,56.27374068423391,54.17922379044836,71.92550392028295,78.02441645259918,78.05777137868945,87.63523788359626,90.63132547453219,87.60197479640351,73.47222998640798,72.452148567083
2026-08-26,75.9783129638889,71.74725410817388,67.0201510894578,62.47584502841042,63.1572105843144,66.76630502174754,65.26813180031264,45.47385091412141,61.95465367367515,57.49061105671429,50.213265575886865,51.092375570517895,35.66147455819152,57.31413435267285,62.3396777681234,64.7046983087934,71.5177889366938,75.92442664710923,73.48004388714436,87.18037160152033,91.42291819166553,83.68997818297613,73.88304368015284,72.1875986868866
2026-08-27,77.17834771710118,69.1951988211951,68.62232353072721,66.4280055290223,66.63924722823472,69.56573202570333,68.94112277544609,58.968964226775256,73.83909570306828,73.26403136143205,65.52164674381254,60.52788652499312,48.05961823861243,56.13095892956894,67.59972970359952,68.99333421210878,71.31643884439804,81.56234210060873,80.93321670704022,90.3915359179578,89.95515435772373,88.99038178368353,75.31147105291294,74.47993298183043
