,h00,h01,h02,h03,h04,h05,h06,h07,h08,h09,h10,h11,h12,h13,h14,h15,h16,h17,h18,h19,h20,h21,h22,h23
2024-08-01,80.28444807023959,79.2295016036881,77.53116157234409,73.12798359920026,74.21557477622049,69.93491814373067,65.44397880183703,63.65785708900718,80.1053978539932,80.78427788715338,77.52219398868448,76.81690742495196,69.07649731748096,75.88177793637294,78.44106690267199,87.52280295907326,85.45936810319044,88.33605798075325,89.84079969172097,90.50211227366486,90.40926405199018,90.94708652782323,89.30877501832346,84.87498818120662
2024-08-02,86.56102832898331,84.69785163013152,77.27542047141223,75.59176026179023,74.74712884048732,70.28696517602906,69.57391493183384,67.28718645378868,86.49447309038464,90.38504787612146,82.97574460003852,80.53766565950109,67.88126552081889,73.12838361716032,88.70427019699665,90.01552861957812,88.53693518086678,92.17771879280075,90.86386040709873,92.10447151677953,92.03827236754597,92.76615848097823,91.0433544097838,89.96757254509286
2024-08-03,90.5688393842538,87.82943079330012,82.08250303887375,80.8376035751706,79.33327733690834,75.31008889153951,74.96241122678225,64.56391217976713,88.72948797762652,90.78194673441648,79.16225065760264,73.36515691580975,60.19127775341302,66.55030238198786,81.9601580769146,81.41108650434873,81.38011872046023,82.49758214466986,89.99503886529183,91.7122280834917,91.14580235387163,91.63645465487494,91.31836602977084,87.64754238391747
2024-08-04,92.768522857999,87.3959904590026,86.16227167474202,83.96604286754163,83.75868721943455,84.03959968593868,76.53411457819531,63.11211532541588,62.62567537642741,69.41790983398582,59.22512220108585,53.26214405122781,46.95141340930934,56.245613481438994,59.85077162183478,56.61985053647476,55.810712667575935,79.43913015035663,89.86713019248698,89.71214021722841,90.0329746957143,90.08665547871665,87.51502190071565,88.12395056809406
2024-08-05,87.78513151757689,84.88129638659633,83.91326254007855,83.05548894958748,81.92049564423482,79.5995311214802,75.01924428192608,69.62957219292909,84.49820547626665,88.16275001237183,81.75748172202523,77.09609065425691,64.87997993449346,76.01774043228417,83.04199555409892,83.53906449499009,78.94305173474282,89.36993720225706,92.31457423895672,91.72753888519819,91.45721974651379,91.87175609373098,91.01447403592739,89.9793776852802
2024-08-06,87.95617731295427,86.56508593965359,82.11654628099258,77.9158227611892,77.27045359121247,76.93171059194484,74.67356981647792,69.65111640918049,89.23193203946086,89.05363326661276,82.83857658245105,80.11500354098585,68.95747649637909,77.30884380500285,86.72209912404857,92.54813626217809,88.90892656731101,91.71567095034477,92.02895164846191,91.26176296212851,90.99062255833746,91.0642879374215,91.4691668037756,89.96110299031024
2024-08-07,86.95950870665739,86.76529919587564,80.40701042483482,72.40116752880516,72.89299217734076,73.11809479811183,66.17638085127388,64.72174512416797,84.77903036140306,84.6301716069124,74.531273109916,74.0463341538268,64.60996171221653,77.43898447528615,84.00584786585668,90.40997029100886,88.96796948779902,90.8475689420255,90.82906347729298,90.76398492375033,90.71804665827662,90.58908549941202,90.34660923454958,88.96129662538334
2024-08-08,88.47584687315673,86.47095527883401,79.88359728437432,75.18206064395302,69.35965626804303,68.98300756957451,64.66397579240243,61.40448481950663,83.08554495457243,80.23620490136209,76.91797750197419,74.66200013519135,62.52485034269778,77.33216916112333,87.5066262588774,86.54400310285908,83.75401436636568,85.07828482264608,86.50999392567402,87.43787751717073,87.34674987567281,86.65515326292625,86.06640150505731,86.18504224611762
2024-08-09,86.03375765806985,85.8006620219154,80.99768789827236,75.76737889117571,73.10191977946236,69.16960769645881,64.85725813075989,62.04752124125831,85.47087407138696,85.38226437727265,79.4134277496123,75.95178086161397,61.01115762322895,70.22514045474458,85.21608564348442,86.16347960014859,86.24225920028888,87.10848259640208,87.7466824232123,89.34707189547262,89.37560495004948,89.2941457763848,87.21102151283601,86.53277182261486
2024-08-10,88.36864026897638,87.00841985201632,82.00366389756347,78.20511930421388,77.18914384059183,76.12740240943931,70.62578168020504,61.224681547585334,79.68482868098253,74.99994781479879,71.90737084646071,66.80670441174166,49.66778116404711,57.96481010365279,73.11449970729954,76.1219980335732,71.91985381672175,80.91986637813594,86.49631821051447,87.24834552285719,89.27838494766124,86.86708396191902,85.70651364708053,80.55953859256252
2024-08-11,84.82349392658539,80.81212793302804,76.06108416853017,71.01334857431507,67.62177824730465,71.31498316194039,62.774568190987736,49.94402201706593,61.75694599155268,51.04249257711553,41.45361480481133,34.86630683942428,29.739419656064335,37.468799107910804,63.157424573055984,64.85822652957495,67.28785173722841,79.4990326421889,78.81855459053794,85.90889247773885,87.13171005631214,85.36085982179992,79.42678649063288,75.50950815968702
2024-08-12,80.08219725685754,77.24439933528232,65.54068728418193,67.07659979417784,67.17573214755274,66.38760976099928,59.89597239781041,58.16978033192726,75.3669327847558,76.09731368535512,75.39693646864775,73.92105900579428,56.49460460906021,68.54421937526487,75.61786630377902,76.73236264677608,80.10983980961926,82.23534393709811,88.59450561999905,90.53509097536512,90.31310612575008,90.20218098973321,87.20787038613584,81.46194911192418
2024-08-13,81.26210643798464,81.2903317735519,79.87441219388121,74.75011295459312,73.6714372285238,70.46259391076677,63.88034488725832,62.89169301928298,86.19846419175452,86.15191227237263,79.18324931150858,75.45999724535147,65.01708038722725,74.55276376782385,84.08631838423055,86.63325202767906,86.42746015795632,88.25681323616033,87.92091817998774,89.78474410436998,90.05066430451352,88.148152042985,86.79067258787032,83.37843330223487
2024-08-14,83.70171848639721,81.31539494629928,79.22823277592373,73.9402877281733,72.59156537189045,71.07609329390897,67.51533003995506,64.7550253620361,86.57046301703842,86.59365597573525,80.87960692098407,79.4200964755008,64.85556427003445,73.34220421572854,86.323282422461,85.07960852651614,80.59462194779385,87.32781899722575,89.23436581018869,88.92738791950627,88.72605890482755,88.97208956307726,86.13744061555315,85.76709197388811
2024-08-15,85.96770638572994,83.72368513177624,79.37207601323502,73.63679305934812,67.55515685662051,66.06297762521221,63.50380201348175,61.47587751556668,85.05528353022845,84.47455685567076,77.69382503461978,76.41782331893259,60.488217861706424,67.77814217603877,83.68987398217459,84.85899600721305,85.42926615779443,87.55806212842771,89.70701199802077,89.14930186279267,89.26321922694258,89.13040502957527,86.85062581033944,84.87717781673618
2024-08-16,85.07536784399761,81.84087901620077,74.42701800376402,70.96857768822132,67.20607153881316,66.69855480724237,61.25334015560194,58.99807407832871,82.25678278760485,79.39331611015872,73.03390149080099,67.79333423546738,48.70726271427326,53.23600495303782,74.62998341350203,82.1528205361387,81.84854030681714,85.90640421887541,86.81565372237229,89.37576649220046,89.14667136342351,86.63411023382521,85.86569224047014,79.9421633424305
2024-08-17,82.33284604209442,80.79432919074918,72.53746141334169,70.08499470401468,67.1753876054232,68.19013677129821,64.02824965581709,55.98577923976312,72.86298174102434,71.45662848313617,58.15151749373867,56.361031324997114,42.51269806598421,46.35537009201449,56.59708612559192,64.88406573506836,65.72588937142051,77.61686632399211,86.29115668004594,89.7166997459491,89.72817609782966,86.23669644564711,83.73786285185187,72.73566086968235
2024-08-18,80.08587479886022,72.57274317502363,65.9442349686203,69.78387441450408,68.47971751915775,70.47448095328012,61.19413044849327,46.555450359540046,53.38444976183922,43.084969541873505,46.909228601588715,41.767346622717135,38.72634388636599,45.94414183373831,51.540402599015735,52.639770440249954,52.52554919292486,76.73192611937645,85.09408905873667,90.09632251188401,90.0635483804213,89.8524247162597,86.7969377601829,81.11560879517192
2024-08-19,82.81875013482008,77.74082934879056,73.32645138392961,74.31520565754555,71.55064653630127,71.58137040617221,72.65326901817666,69.71619893350089,85.8713832757673,84.53135417316206,77.42340574346395,76.97501948387175,66.39072929084543,71.14688001388541,84.4176570782451,86.52118845486147,85.80618902814301,88.07808238774638,91.22332312099847,91.56090996722509,91.14410124315174,91.10318308120644,91.29856936801829,87.31606315600561
2024-08-20,87.60598726425559,83.88744917624649,79.35569874728455,76.4755056390912,76.14267836774935,73.88140666039739,72.21705642837628,70.69617264136866,85.7596520120699,89.06408511083137,85.3391896285425,85.46460629395287,69.47581521187591,80.52281611449806,88.68356985852832,89.0735132800977,88.3222129494967,91.75075213737902,91.2094038658209,90.23224130411374,89.68130224144011,89.4732396425031,90.7330314423117,89.49464570262813
2024-08-21,90.06086529475037,87.29988670572712,84.03725373264851,79.2051641854406,79.16346774355529,78.11675859038736,69.268433783069,67.12093385852147,86.33121149270767,86.11410833525723,84.19457110141303,81.7393615522476,67.90474753035306,76.03378311353953,85.8404338086679,86.750444196513,87.81415753577816,88.58591203417693,88.90500117671766,90.04062527007216,89.37499707386354,89.57207333611947,89.5719986693154,87.47267779178604
2024-08-22,87.91809140163852,87.51177153581641,83.21940387514398,80.87439232429325,79.12748992119748,78.42656380485899,67.30026863451396,64.4785863340741,86.01251451346555,86.60984525603718,83.46078889983815,82.34761423057911,69.86719942130672,79.57632839553567,85.05063873971216,86.74489997393276,83.94273130175512,88.23131338664217,89.01410437933444,89.01934250547012,89.15264410847375,88.89162475172954,87.83951890592813,85.0955138703945
2024-08-23,86.82779509984212,83.61695483588787,77.98502175374591,72.65352488595683,71.82141859358386,71.99843942966447,61.74082976339835,58.71519532329369,81.54638768702974,83.70294265981936,72.53121840115065,70.180825496088,52.93553211457666,59.376504943201596,70.84401998381354,77.48726292493969,81.13151554712324,84.86265815037699,87.73557473300181,88.26994884417566,88.11943774125785,87.52409454863766,85.09310115797709,82.15121060583759
2024-08-24,85.67025892539557,82.70745697180855,73.48117107643785,67.85202950993474,68.14327807808158,68.73000337744442,68.05336889716463,59.370154145311346,74.39784082822557,75.55330544918223,71.57510495490799,65.97916758630484,48.773819848993334,53.26692615225425,67.99288569079515,75.82671368358581,78.86708795000143,83.05148409020924,85.42758294670064,86.51997167886408,86.7350497691424,85.90843984723816,85.09930092009523,72.67793953232513
2024-08-25,80.35699104617153,81.5867072755823,72.95614170859477,69.44008245679571,68.56301135562168,63.25252846206465,64.4000013054144,56.458927309664,61.76997168961541,59.244701293780764,46.00044037440818,46.62452972402007,38.306288766537904,45.95830831276206,53.39634461460608,61.79086219187417,58.20585491664181,72.06173382764422,85.82772936283021,87.73014458826913,88.97389640342695,87.32314920481012,80.75569815496884,76.00561020565148
2024-08-26,83.95617554190271,76.95552980089354,74.22923855393924,68.47630088179888,69.46889108284518,67.40180681282284,63.704957434750156,62.43116459697449,78.43026165926038,81.56863074610153,80.79423272677548,78.06588936037163,66.09400272240225,76.32242260582879,84.19432581655138,83.70647740934312,86.61745549060717,88.36622882664854,87.5631778787626,88.65576366233842,88.58866912213098,88.4557384296676,83.93025063563138,82.57832006034727
2024-08-27,87.25079115212978,82.24851311906431,80.55988406422841,76.72703758203967,78.38719142183841,77.54152405396343,67.46726525864158,64.6470562446131,82.24484313300496,85.52041557649774,82.36249080782,81.12876845716605,65.34898432366647,76.59620253509702,86.99484900602401,88.02712175475224,87.93061886970513,87.80342224408086,87.69220511949672,88.47968631447942,88.35547025935942,86.95879728431946,86.82662236088599,81.61388731332836
2024-08-28,87.19619145032878,84.43230124251106,80.18552274085421,75.06209860864017,72.51945833900018,73.28259672829095,67.06575872288835,63.33614991651242,82.34352401491445,83.71073044958577,79.95826814487982,80.00731850274096,73.14309915160943,78.5732298497009,85.44538461119895,86.78105911979196,86.80545553083383,88.59622236579776,88.59235359779915,88.5305887417197,88.4512923879602,88.37859759874742,87.25114213299335,84.0427388497228
2024-08-29,86.00422234006588,83.66170469341343,77.628339304943,73.52506721787029,71.58059571498326,69.9312397721252,64.82095667646342,63.49794883865927,82.19978674488793,85.66220204462726,80.64291649061478,77.87254377260373,64.30022943697293,78.15168756262534,84.79131505391457,86.59943091601926,87.29956094455345,88.0419542386015,88.35465148105155,88.43117377460918,88.13757786177163,88.2537609854365,87.82958205226673,83.94638032740153
2024-08-30,81.64250365779539,78.73416183958433,67.28183986703229,64.12119913533479,62.935075234049975,63.50530947511587,55.048248149010384,53.21944673277868,72.84507546254592,73.76014416346476,52.91191020145281,55.46235832247513,43.18654889494755,53.893116522232475,69.97043347529002,78.82075766232614,76.34725877328712,83.25025044936206,82.52885715961021,84.57986983646356,84.8817583091317,84.48132806167953,82.61757353328684,72.82905573821063
2024-08-31,88.38942717948655,81.5770828517466,78.11282175825288,71.70909759498072,72.83468423384845,72.19871769795645,68.57315889014815,62.245861535276845,80.43563789268637,79.36903076229476,71.68698939027809,66.57393635804273,55.26713064723611,64.3183541893817,69.40177198804149,72.51152195697817,72.4202486477486,82.12330492930943,87.92408822448841,88.55531939822235,88.20240799300858,88.07171315527698,85.72528262706454,81.40175844330294
2024-09-01,80.91311757501452,78.7279088095487,73.87591570322013,69.37609691814582,70.33399774535218,73.28230349804203,69.55321421962736,65.10102579188799,64.34996212592061,61.968114582646514,50.97138483348751,50.02572745865535,45.32690831982772,59.436722222022325,68.51558977347916,72.54483927028703,75.05399810432128,83.90006336143453,88.31019778151706,88.27811226963695,88.09427788561425,86.44240724278885,80.92185238972196,77.12408535237132
2024-09-02,81.177056731125,76.93793711950694,75.32397730089723,73.6435828873386,70.3212785508715,73.93992205303765,74.56737594502597,67.12397450393821,76.17066315580999,78.42999323907081,75.35262247252183,75.28373600817217,64.99691610815916,74.38948506865373,83.21797601683747,84.33539220486625,83.10475589484422,87.0324476527964,88.66316381885495,88.76114679053765,88.45378499894736,87.82038719320138,86.88812484927328,84.04823314169639
2024-09-03,83.24665187651634,81.16080215150927,77.14165833906635,74.70027939719579,74.06437095533812,72.9426915494743,70.90891612234222,68.5343858522017,86.53609287379564,83.50730212004486,79.89366099248583,80.73119596976551,63.252460024818,77.6347702933648,84.50005042746304,85.37960427721703,86.10828893198443,87.74900714730684,88.07848338671253,87.98021287846724,87.95743792959925,88.00641500756532,85.92014825501319,81.68964625098961
2024-09-04,85.87022812986041,81.61199622960899,79.03356928391376,70.07557278936216,69.76074002858587,71.77903747774772,67.56290177381692,64.54980887134619,82.97054515040396,80.7617612827816,80.07047968244339,76.00421345531507,61.78132277325342,71.97235414904111,81.25561818337073,85.56686742998805,85.49051018250717,87.51661333281712,88.10347802298948,87.52653853387342,87.59438531985847,85.65412611760699,80.363220456699,78.81914530032056
2024-09-05,81.62649011580044,76.85363750818358,72.74769296790761,67.18461058455787,68.32584144068747,67.84075318651286,63.55092042855655,60.88341297577477,76.7502149511473,77.83028958913336,73.25047567589324,73.62712284666372,58.20824291625751,69.31695816446556,76.7697017313667,80.19395986746176,78.89184542693076,84.94385891545397,85.3040097352548,85.49630626086103,85.56432337907825,84.3863692679108,77.51590138739151,75.52834974156953
2024-09-06,77.75094469215236,75.25529804975564,72.1101459531833,68.39162301371448,70.56086034970662,70.77337078458434,68.26206178726792,62.431187221753966,80.22653058599026,79.80624386509055,71.82032335368282,71.26825796405328,56.17739659299055,63.99215240049351,76.2020903237488,80.52964673397838,79.41083526105967,85.69581882967408,86.47290926797496,86.45977649052524,86.46824515158916,85.23263946637054,75.98220576193437,72.98012635296419
2024-09-07,78.37079295658417,76.86023811883898,73.16551329943606,68.96840749056257,68.68903808289721,70.31728191731987,67.08753296138357,61.885551380899045,78.46495323758617,74.86095109731137,72.34132731015906,72.3701880053121,53.24231681819874,64.12601811139237,78.73283585147286,80.5870706933263,79.66277759470859,84.75825825952467,86.89973056138346,87.50166457267154,87.3390013356622,85.19556820254796,78.26677314588281,75.87813055892181
2024-09-08,82.25005742361947,74.21509137932037,73.49629933111152,72.23489148254832,71.66797606420968,75.03503524501292,68.72699502615728,57.76185773103134,51.27890628319973,50.08572048901396,40.80383615673906,45.04914783030796,36.778653827557584,49.60896291237417,64.59543268432486,62.42045577846755,71.18740954674662,81.03592093383936,87.05570725700663,88.59463349167731,88.20041490922513,86.1522799855135,81.08147279769129,76.20842202345776
2024-09-09,73.03290135097294,68.62340489397876,63.66912914055896,63.01853481200079,64.66708141094196,65.35017107060686,57.32795820354537,60.18108715271357,76.65337151225813,72.83776194069911,70.47498994435801,71.15621777885107,55.59326191747302,69.76585168851639,76.02513582943804,76.65027545259017,76.91654675054912,78.3715563896746,78.66913785673083,78.09025960311911,84.56613874879642,82.28919742742744,77.7779600560414,78.09132019845107
2024-09-10,82.96337972944393,80.4601455857518,77.02926615045905,71.55884746048152,70.70464088621259,72.03330995044553,67.42865078056816,63.95073093544586,84.55104720624259,80.85713626222734,75.90628677462998,72.14230446705074,58.467965325390885,68.93430325151375,82.94355572314582,82.3517750135541,82.42382880062489,85.72228217576017,86.06523438601135,86.02154842320351,86.02049027653695,85.58128207232626,81.03875610590623,75.8455428229011
2024-09-11,79.11845118976574,78.57745772728161,69.9686366999896,67.83821472649149,64.63518931644884,65.10386244506418,64.48393586452806,56.64162521591742,81.06444539758635,74.8446810315132,68.41510529736163,70.02022000410292,57.62633441268309,61.50003205591366,76.87621777210883,74.86654554865237,78.51837078036561,86.74429433123292,87.46804054796041,87.50178971636512,87.84535520429124,87.47440651864757,83.28085017685146,78.63144627536734
2024-09-12,79.46272623924912,76.07417829196037,69.11332927009093,67.61738464017651,66.3484233073591,72.64745330024165,67.4984994459715,64.37107146865635,79.71111037858884,79.91431455417917,73.0744084624975,72.76056154016285,59.813047748410426,65.61752359324055,78.57887210150322,83.4343387777834,81.44346485589064,88.2696608125856,88.47175934102202,88.21970173474972,88.03410052578958,87.61942599568843,84.47873627704924,79.67843575726359
2024-09-13,79.08968330530026,74.74034234653661,69.16041690899652,66.66825904852271,66.54115991916527,70.84541893453515,68.1395205341018,64.33622302231244,79.28725667410212,76.7348165947956,68.91488233370336,69.93964369082154,53.45571269908097,61.03879591556416,77.32152665596217,79.65038981828125,78.51098702255304,85.03320788198856,86.34217700755764,86.34996296395406,87.26947655771963,85.69937025713435,76.43762941337395,75.9452551612587
2024-09-14,81.14608071374438,73.08218197840397,67.35354052569365,67.8870098158811,69.28110164348351,70.69682798587714,65.4507401529102,61.10545598229007,70.40258078884638,74.66408883031963,63.588474440429785,57.9715937241179,43.13095435288795,52.70981984389961,62.25037807168295,64.55203169759662,70.62657175906337,80.9981500180038,88.18608713954325,88.44609532096631,88.23158729566029,86.74618671879236,77.72238560358493,74.5859739704311
2024-09-15,82.19367903338905,76.43422023871554,75.62306980413054,73.65073219360342,72.72714614428095,73.97756252600091,69.51712734296866,61.43694645596274,46.48853894512174,38.949850072350706,35.182084966515255,34.17621862124975,26.17098779972858,32.72516010290789,49.56271473869305,50.212014787380255,57.12145027464837,78.90883120678374,81.52859068485847,83.36305977913865,86.31740757532125,83.67645135729484,79.41572034704711,75.86050778461686
2024-09-16,85.9162764608367,82.41598833349158,72.2752253667382,70.53710053703298,69.51730333956793,72.26192335467235,74.2437855768732,68.08522306648285,83.32805137256246,74.8912470016691,71.40170021010867,68.94833225309087,61.037566616346325,68.77789801858847,83.32014396779267,86.24142235375948,85.14521726876762,88.200762332062,88.92119220902427,90.47372549501522,89.9325517659626,89.01051532548811,84.86743379345643,80.24500248078387
2024-09-17,81.38925336547794,77.3401437400476,71.7405639337779,69.44917463992113,69.93179323905068,73.754337071261,70.15631900345078,67.59665853589271,85.88932429179805,78.42683122260796,70.59892856938846,68.72217948946108,58.71278786583949,64.10319862266505,76.83960902294025,77.61124301228149,78.804071227974,87.22379541693067,86.60539338334664,88.6154072440263,88.77307814249139,86.60812433884368,80.48180540545835,77.28973769229674
2024-09-18,78.44943951426845,74.26656466942605,72.50219682241764,69.02100353659085,67.52228559430274,68.5639274567509,69.2522618510513,67.68768241404469,82.46768615583451,78.5002842419091,67.37067213102372,69.69230309716033,59.56887933811592,64.9403985810579,74.88944786549213,76.49986255860972,78.37857267228435,86.8539950680888,86.62738561549479,88.6993973019741,88.82646369486973,82.30958113845115,78.71421470964938,75.2230196369383
2024-09-19,76.06029541546529,70.47640835632035,68.52566943422791,66.65499118731604,65.72042707441939,68.96916938556731,69.91199631492599,62.53224592178628,76.29979602937262,74.96503246216935,65.44549346919553,63.87154145772388,55.53217471754118,61.97257095863327,76.34404263332871,75.70910180922608,73.98615511581603,85.38753355837093,80.45348444488603,84.80572538177535,84.5174545477746,78.37460108706863,70.86038340050361,69.3315694866529
2024-09-20,72.83596199676015,70.27238908335222,68.99950835058897,66.22843877412113,65.9736858493695,68.73900991670322,65.48943117060634,62.537390608371176,79.96714178339828,75.14467442855596,64.6098076086099,66.01881126727312,53.90085344105844,58.79187137337865,73.05627690895848,71.75812739185537,70.180311084273,77.4937948500401,78.12844272318665,77.53484456892944,77.1221793203495,76.9305929341127,73.03577788177815,68.83016190229152
2024-09-21,74.40846241572943,70.81820165694512,69.58390030272116,69.11767812423408,67.26769381879082,67.2274855617848,61.73028494912353,57.06601154199318,69.7022193063783,62.01115522277422,44.094775484382055,48.39084616045082,39.39310495821742,44.23921414831345,54.08653476339981,61.12559438807192,60.17896710748654,80.10130954231758,76.7094216888402,84.70612058308335,84.18619346597893,77.23629538586536,72.00578143458578,66.36144939488105
2024-09-22,68.10662140220762,66.66280368925766,58.35935103330262,55.73800690660265,55.62774111553761,61.445446142623396,58.94251015676924,49.010606874156984,39.10764777791694,31.148261498158025,21.800159769796426,25.057826842085927,18.528788071664355,29.38628543175017,42.295978101302154,43.241020866950024,51.80744918158088,65.56317156237894,71.88177824496044,80.79711210096028,77.49715338362951,76.17772642765443,67.70742436288302,66.2397608661882
2024-09-23,73.48079342364326,68.28124067485646,66.95744268943969,64.84244463848495,66.1512004219702,67.97778604575713,66.92514319170783,62.78670145815226,81.37185982633035,75.11818006190877,59.829178463597,58.84944125184879,53.28294707600012,64.86067981568014,73.0880078056424,75.11834771220973,78.37322134403757,85.62156949503127,85.24609620554114,85.39795276951757,86.25685165610204,83.47445781426397,75.8886773856169,73.992331413462
2024-09-24,75.79230111814736,70.58244277624671,69.36057064006638,66.20705421844362,66.72204589533902,69.06726161096033,68.77395993004332,68.46646170080008,84.15459310130139,78.91272919543135,65.75682353144262,64.34195996488072,55.270507872757726,61.209208356606425,72.12508634393386,71.60296606211067,75.40843308674467,86.01915347975088,86.2532729062329,88.02013486010787,86.71288768316774,78.36400823955849,72.38366746625914,69.68927642732791
2024-09-25,77.43838486346245,70.63550185993995,67.20299680920114,65.35905639726937,65.4783340326372,70.50233035326512,71.88802555699831,67.51755904849436,83.33118383547644,79.12564247213005,64.31188402623333,60.879141569506494,53.51027367375841,60.39476626153075,75.46984560757416,77.40793975547716,76.82011179237307,88.9179549485645,86.00372505498746,88.58275271101114,88.13616478203042,83.22979960325023,69.87017601768525,66.7968879593444
2024-09-26,81.76311081506316,73.84749020670814,68.0847306292658,67.79385947204507,67.13749269176402,68.37448444671847,73.33989049206782,71.79244261801304,86.34256500203156,76.90088961066273,63.4496713084861,68.84595658120436,54.36970433112856,62.47940579940428,73.45408183262766,76.39569102312689,74.14445470204059,83.22210341929971,85.72597460104421,85.78900521301088,85.49120282595472,84.91694078015813,75.04839721131043,71.62928095847242
2024-09-27,76.89474563177544,74.8196688709114,69.14431657256887,66.55945155859388,66.7303878597488,69.17898723438572,71.08345678507462,67.27975664630377,83.67529701858798,74.95132339146839,63.12758747366297,60.17468106698169,47.73545646665206,52.909787929953644,71.56828138615928,74.8534645960438,74.02666701338478,86.16801476674318,86.90225385710575,88.08049912380169,86.08372517930373,77.27030107692752,73.03466779099486,67.22010591024957
2024-09-28,75.68262873689457,74.62852573876306,72.41113340593454,67.57307427069753,67.52655667818074,71.01579913012382,73.448093509971,66.91434798211853,73.4343621895732,55.843434025694826,57.139194753483736,58.72706186676467,40.37523875805039,47.481647124748285,64.91678269968497,62.514796522742685,69.62974717373946,85.09152469923134,86.38826160998018,87.3544274755542,86.62275669594108,81.39276105079546,74.93060554933214,73.51093086345603
2024-09-29,76.86050971796402,77.05184154531499,74.3265415052557,73.13746982154879,72.15134693851215,73.74169924809672,73.2140726736804,67.66360550166148,52.13274946454008,48.75769254801434,33.66863812881899,32.274321746754815,23.12815589645798,36.40743406932924,46.02910416193344,49.225955486290935,64.60289841246745,84.70923292150084,86.68179583252589,81.66879788979412,83.32280492387983,85.15628470095315,70.32434151641196,70.9629831391907
2024-09-30,79.67846057525647,73.80411381478123,67.85329709136202,64.28047028817902,62.18530833615704,63.02050265425317,60.17950352085819,58.920849970174594,74.58334903223235,72.79269118225314,58.8958129596544,55.85889976199002,41.235765674041424,56.953150979103846,64.37130570487508,67.64115739016205,74.00507558923333,90.31793158756398,89.97951677702952,89.17474829194776,89.1421277744884,87.86648133700706,77.03909178855558,76.2174439581008
2024-10-01,76.72865442786568,74.72928392316005,66.93552990180736,61.947704606671586,63.03290816653085,65.46488219252312,70.95959309957779,69.11965599759097,77.0170811387969,77.02176920557213,67.25686191829422,59.08756068074793,46.73155548991045,54.15558181728917,70.4822027020222,72.34593945758625,73.18754687151751,84.12712965978153,83.91013984047146,83.81007129481294,84.46282802940806,82.38054471649197,71.45250429488699,69.29236359347819
2024-10-02,75.13394796389699,70.61646024042584,67.11078475360837,65.38637364073935,63.47555345303173,65.79385951660232,72.20924409871263,72.7152523759378,84.53359848661825,77.4327322987603,63.5344354598385,62.78756257955337,48.17127988149432,59.222660034930506,71.13333540328709,74.05214402563895,71.5015784039879,83.36643073647792,86.29775181019151,85.99708036720011,85.37924579335917,81.48773788083574,72.00423295173599,68.88197539635573
2024-10-03,77.2869231671576,74.37608704355388,67.38814176332394,64.71768039820839,65.36720302779692,67.27801514271687,72.21437239579848,74.0681288600024,83.794425227379,75.54078912311353,64.7109692473439,61.25278741742253,46.21721962422084,56.78279179123093,71.30793583422295,71.84949287792365,74.31947212080823,86.36615014069191,88.44214883102926,88.30960956739999,87.69241473441295,84.39524756116485,75.47303102074731,71.55761417489333
2024-10-04,77.41685170058523,75.45279806728358,70.95222171130479,67.5058982615986,66.52553315609198,70.66679915337778,74.05086241549989,73.2372506145824,83.02074308974457,72.54514073161079,68.0758482450297,68.26397379096144,44.611978984552984,53.88241373015739,70.17080425254778,69.50249515450533,74.80396123827441,88.13498973305214,88.25318405192404,87.95301099446155,88.01971935015561,88.0793822206212,83.4886469711375,74.99576190535082
2024-10-05,77.82836874271997,75.16813000890862,72.31753058416929,71.08211490704187,67.51276229060976,70.11957476090024,77.0904123373335,73.14054714889188,75.55819046049497,64.25496214263076,42.0072621528306,45.85094069641119,26.72999561971034,42.83337546533119,61.407673056675705,64.26686206735162,75.43353517646209,86.93347514536013,88.62641829755574,85.65612458814739,86.5146213048809,85.76252374921081,82.79191752305387,73.39396885616422
2024-10-06,78.96225678463966,74.10535101278555,71.24011575991425,67.37027752478599,64.75187157752536,62.94491043033107,69.13183784770608,67.67532109465482,43.211041921249,33.60004416682856,29.455016456638344,28.208983250324863,13.812767025309167,22.187251616747858,26.614504909694794,30.824460247456386,53.03698333285605,80.68261996017551,86.4324610319856,86.34649596593435,86.56724072342504,82.66529894302705,77.56639869235904,71.6224956161373
2024-10-07,73.97549473743715,74.29131486030361,68.45688914338146,65.06529542781361,56.830919060242444,66.27604165565089,77.1798818621836,64.39819297740752,81.05480477278498,73.89816052338145,65.90145535698294,63.52933497122522,46.38361798127923,58.93556307441369,71.91591085984643,75.199814732114,69.81734964676109,87.70320714682484,87.46456676041225,87.09921105549157,86.77523392836987,82.85273596660073,70.9556757285052,69.82166634118457
2024-10-08,76.10941330150605,74.49973046765722,68.91384034861366,65.62402492448321,64.61018660842142,72.223260026504,77.54614106494171,77.16380872095678,87.20396516105941,79.30496086858783,66.28737197924083,65.1947476702838,50.52579930118035,60.24468056877904,70.25561465998234,75.97186492555514,77.66640661808715,86.23609878190345,87.36930773222123,87.47416385457267,87.42991478112646,86.30451492898906,83.59019141445943,82.4335413712689
2024-10-09,81.45333669874165,77.68182801321207,72.4440203160984,69.66484249965055,69.27620063207713,72.29188877092373,78.16447110794626,75.94390759739893,86.30968000730482,70.02962778504123,65.35376382171675,62.01318752256218,44.44218104731642,58.006700604898846,70.75771903539281,80.11429741240879,83.61692819643818,88.55082957815543,88.82885296156064,88.98156938813102,88.24498678719718,87.02345069596848,84.93213424501442,79.63106004088722
2024-10-10,74.34875815645643,73.57902805248393,71.90726552936626,69.11706347979172,67.67444019681112,71.51950115597502,73.50762361614025,74.22570416670676,85.71767542914812,77.20300286196088,71.69764493366571,67.01123247624996,48.87026977958036,59.45325165021807,64.64523323989413,71.92594290913847,76.35431369614263,87.24072474915211,87.93257631623106,87.89288901341219,88.0186252674726,86.20062144287108,77.6835285938737,74.14949631424764
2024-10-11,77.48441127186003,73.00838575478316,67.35238578788706,66.0612074045192,64.92446740607991,67.69304332642007,74.25990741476126,71.76395922576415,84.97511492296769,73.66810574066187,67.57416128302502,63.97244750075178,39.830860697893414,53.579852923755965,72.71913373910014,75.41714021004508,80.49885991755849,87.96198853182999,87.94839084115087,87.95444591343413,87.89716603478517,86.1550571387306,80.22967039429257,72.25146159639955
2024-10-12,75.51032440739085,75.13404801771708,72.5513620004675,71.63051024407856,72.06297017163475,75.26113802246523,78.02302303860097,70.25066609415391,70.72826308512468,63.392444588761734,52.14895086056504,51.27488476020855,25.561429078586553,45.260980793912786,63.18545154818709,60.53874325151876,73.77158276731174,87.14966142233988,88.26381056076832,87.85207389288948,87.22879383430282,86.87102651802368,80.25300405275333,69.13200148545042
2024-10-13,76.46611793081169,73.20297313309584,70.94909847562457,67.73112450064284,62.853124160932765,60.27018076641673,75.558450843119,54.70298739072031,49.269221503807316,31.84391224123387,27.51478332747502,21.876959958024155,12.810694358297942,27.661438691374013,38.863874041394006,45.19290310122825,63.75980772177545,83.10360600485075,85.84148707985828,86.2923131229978,84.32786882848865,80.91211657292271,73.42218756118892,67.60741302187719
2024-10-14,73.92344216816079,70.45702492946467,58.471517203826835,61.800672143043684,56.804620906180645,60.328595021908,81.79242991221543,72.64158837540465,81.00490926393864,75.24480115955406,66.52817523838519,65.93442837050887,47.79071429540699,61.01116335340129,71.58282205507322,79.85519863378539,84.74387617433514,88.06361285182561,88.26023756223655,88.31319047846672,87.79367601479954,87.01194858621105,84.06483527905175,80.53218580241422
2024-10-15,78.95673672625351,76.10753292878579,73.85899347226575,68.44825807889752,68.18103204897749,68.93424537260617,70.83435355904608,75.85099138215178,82.7552803595659,79.89743528071774,76.74653601050885,71.35161667396497,40.51441428816716,59.70894682304612,70.68343808578703,77.34479231912215,86.88710114658187,87.99318017910745,88.07012583013062,87.96050391307615,86.62911863655732,81.65530304068348,76.38948203974833,73.84515296264054
2024-10-16,74.93394027584901,72.27922683632688,63.99974190899874,64.0125391326543,63.43888018101775,65.83738446193736,69.28405924316075,70.46108556524312,79.01009993323008,75.8930250230052,68.48519122253066,63.373743532679306,40.79020232297383,53.22810798413779,64.57655900789646,64.62407575160242,74.58987953788507,85.28607763064485,85.90616929599923,83.77780962566857,77.41556094117375,79.70983812077178,64.6281796097168,56.84818797284157
2024-10-17,63.31779921141332,59.687296768285314,58.22439546442708,54.86945324697273,53.784619878536766,54.28950611053747,63.50911319539066,55.038159053861165,75.52526021197684,64.3500264518527,58.62950435470813,56.59333005464892,32.94217089965834,50.09631454855222,61.33384633536942,61.730043019277176,72.97713289798155,83.35700466905514,85.20116117580062,78.6942706436033,77.83850469294468,75.6303871981944,70.26917251797461,63.2442692567526
2024-10-18,58.87933656075723,59.544041472476216,59.49270763344823,57.08089115998547,58.14418528193307,52.07775817739657,63.735476433354,64.51671884601967,81.61939311372328,73.00177376495283,57.58454512085637,46.85826452091021,27.398646617562104,37.08043256178815,51.36841286414655,60.03488625787683,74.77603455793998,85.36351345850787,86.15522210254784,84.48200049169733,78.44382655696211,76.22252205006367,72.20917050695616,68.1958212699523
2024-10-19,70.9973796473064,64.99893686656041,64.35015407632267,54.14340784673776,61.88512990392878,65.39471521296656,67.83922450450025,61.99209704811126,83.84587784641373,72.55216423743555,56.63022949747425,43.9312380844114,22.1451354906817,37.52309502004773,47.97838250104578,54.78214454858484,72.59827398148624,85.83507687685358,86.42071629810087,85.4222047956437,84.70156824907784,76.60450846322583,67.43219472927218,62.54208743604096
2024-10-20,63.94850989019427,65.78524430827422,63.22999636173753,46.55915650874763,56.4153184837889,56.58434745045521,58.253747842483,46.011062646934676,38.59164219819483,27.18525932978652,19.695789502288335,21.721945378702205,16.105102032356797,21.225831700270817,28.516101148320285,26.40458064857947,55.61743444530897,73.93541687118334,82.86375188538949,78.34319832262221,73.30736145449904,70.01681821886791,60.710560362136796,53.36188746222524
2024-10-21,61.338793703125404,51.165551588582126,48.34195935010403,48.578447398756424,47.91355950314803,53.45935234194701,60.78416296539679,66.8205623926789,68.31706216505687,72.85246732646627,70.03846122347474,62.96739753237661,43.16218472734495,52.428374080770226,63.52124252794596,65.90456551579493,78.11196850379552,82.24376228210153,84.8992881757471,84.56882760498802,82.64579950745804,77.71171780174672,70.77248453440278,61.07058897867823
2024-10-22,56.211043916194946,50.84101366492375,48.35226013009679,48.06873728423566,48.25400022713827,50.215841336460095,50.63275436782595,51.06881694730982,68.09162798412174,57.696908588290476,47.271521236488944,46.49266709693577,29.140438917808474,41.214508182204156,54.0462245002581,56.54670485032197,75.07718448558276,86.08223101044993,85.0506257583533,80.02836184313605,78.69707154637216,78.10688150861414,71.05715237649817,65.12513929922935
2024-10-23,73.73781328421177,71.40835132724379,65.501526301007,61.23074674879474,61.344475795869954,59.9018728450711,69.37540523557853,73.70191040179701,85.34085450443182,81.54564620192455,68.07261310723172,62.22874955353748,37.74972054697594,52.068514121045936,57.797178092339195,64.48162574762628,73.1409998831145,84.90668977401549,86.41038658696303,83.72196846216252,83.96569080871603,73.79943987610156,65.63068256256183,62.245084022299395
2024-10-24,67.95996410203873,70.30318021943509,61.60321696400363,60.66485913853991,59.399974512266155,66.35472971449862,67.78912296800151,61.291467298960654,81.69537300298215,68.20965415402387,57.29203738941515,57.01703475769668,35.31582634645516,43.94220573188701,55.20202653276107,58.927675476244985,65.74092087845597,86.15591775611901,87.1428646982334,86.33254695507792,84.75814816673312,83.35816145608074,65.48783453088612,63.73278857879853
2024-10-25,73.79537568639253,67.4781909438046,52.583544837553845,50.052438333579175,51.71985862524014,53.558036428787354,68.53670196550519,67.72947276538441,81.52857064040563,70.64302443630417,60.15193281950309,51.57116027690043,26.16053682213689,37.98817024360702,56.876680791359036,61.248792199492065,69.16514214771169,82.34653910557955,86.00089385926579,81.0012543174633,83.64729658631246,78.08795965969594,68.9461986151902,66.2552990023558
2024-10-26,67.3097548669035,57.96476175541356,52.64030362675321,51.4192082338203,51.90157749232371,56.71827604757305,69.85284560522287,65.20993460949661,71.31457817183723,55.678723620850384,47.7414455943037,44.50492631585689,26.42300170748149,37.66372572506335,50.97071203008359,55.46916030772675,68.4628864129302,83.77772668417289,86.21079022460074,85.52423890221507,85.52662908699565,79.00431932621287,68.21005721426629,63.1032657137094
2024-10-27,77.63552435348676,73.02556742092744,66.23668947580406,62.68979101300461,62.1108979746108,65.9320674746195,72.20523328801335,58.78392817382254,48.94300163216517,37.32278707623489,26.266137186677483,23.40178742396885,8.300206277348002,17.707998574555162,23.072358568288422,34.50246519251538,69.9630041481874,83.12274513589061,86.45830483505199,85.97372487967685,86.28972606726376,82.74792161143765,75.98828465623255,71.40820855469134
2024-10-28,73.56332292810488,73.24917891046486,70.02095653063942,67.27791170782349,62.47323964709144,65.0738314293787,73.41631166556188,74.31302734752563,81.07689204003817,72.09347327112083,62.76479067186049,67.09788633953664,43.81681014740176,57.5993280330507,71.16690971523285,71.27408467073872,84.70774488508083,88.01089540522537,88.39981048741971,86.55018846533761,86.64034660606251,85.6103093272283,82.65566361026468,78.11997191496351
2024-10-29,73.66669766613903,69.89303479112424,70.17335362204406,67.35764399549029,65.51564564731599,71.16489339286827,74.67582359081958,73.44917558001583,85.57259569467448,78.52698186680773,56.852444623625054,57.082104576420285,33.863349278323,42.163750443012376,57.521309472561256,65.43200873903872,66.87641670176009,85.0343411143116,85.28922899664873,85.91569629893867,85.49619042145277,78.68764370837822,71.04644382564153,65.4710436967041
2024-10-30,73.58200126456208,60.679161950399866,62.49193564805369,54.612650178671586,52.98255626017788,59.604282143151224,66.65226037323043,61.896872702409055,72.14613020187096,62.582123124096185,59.82919979760482,59.39019605754629,28.89055176187032,46.638130975368796,57.926801882697646,59.36365877816194,69.94738609738691,85.8774436588591,86.51761437430102,85.29241645223397,82.85075628489056,77.84043420744952,69.39486901303079,62.40736064276498
2024-10-31,73.53269591802932,68.15327434057295,59.98699008947519,52.62707447955011,53.43935344422092,55.30330427219314,70.96220451687311,73.99398791103442,82.91227309203425,76.09500395149351,61.17412252164147,53.05451544921125,32.011455992484436,42.80196679523177,59.696029412862714,68.81925141028535,74.89687618995197,85.48324519105236,86.91273344189446,86.06279343887314,81.26669919957361,76.33064312082345,68.2272161962848,64.53657425919312
2024-11-01,76.03323173038497,68.98987593371378,59.691176290520886,58.57627876827944,59.40442078514799,63.547899535506666,71.75511750041132,74.24907221098867,85.28682767336107,79.36188645916991,65.43235384227988,60.576352601658535,36.493606485948895,47.07628940809279,68.86745297968575,73.88437482357578,77.06317082512706,88.0420106838044,88.21932496089505,88.11149340903674,87.66222585961822,83.96753661283745,73.71495541460503,71.27959047616646
2024-11-02,77.82615810820975,76.07572525077424,70.51743153485471,67.07696870199912,66.60875159680351,72.60180164879898,76.11807412985831,78.03707459942926,84.73661289313989,77.91158824830984,59.43380196241393,47.30590380874928,31.467963173219978,41.627992451466646,63.82009126992173,71.52450624961325,81.16315733707346,88.07143935256073,88.5107131911665,88.41735288453306,88.23139698689533,86.93553580809446,77.26705680863365,74.04518167559297
2024-11-03,77.7751236627281,74.86314625236604,71.94189637252488,66.12236438702861,60.337942233062265,63.498327289612384,60.20103676763843,53.54721065641062,50.7193350962825,25.991992593351128,21.80557754941184,17.646433476546793,13.931462915074723,20.741036520973573,32.35164795248582,39.73856090654979,45.48351782557603,69.06398544961448,81.2455726915886,81.7495847049544,79.9425608571183,73.92923292551811,62.99305398194188,50.03557094993443
2024-11-04,57.10183712283531,47.79534748349618,47.62979775327711,42.006060357188126,50.10296799264951,51.4934137594419,59.918169418447604,65.41201132688556,76.7379073456085,77.42850773642209,65.91256632698071,65.32266058437403,44.17502049551303,54.17904254159451,61.012424028009754,72.79340171269158,78.80021020067814,87.63779294462726,87.69431645334569,86.96135136957524,83.64144843416658,80.84734771407977,74.94647654665924,72.0180397523104
2024-11-05,74.13097216035824,64.13349220644467,53.495941484395836,49.20448144877314,51.258020520586086,52.8860510494004,60.738216032169376,56.45662495977203,78.04151398270437,69.72876364894138,62.0606327071355,46.5640185247678,36.85270101381798,41.5636277367328,55.596197932377834,65.8790918985914,73.83747479910768,85.63133500751944,86.19717062345748,84.80202317739536,83.42840709686071,80.7411452324124,68.16358259288614,58.92215904220988
2024-11-06,64.80633328519387,60.95028162319053,49.47679488745468,47.92912741527138,49.66522919837425,52.55434192268225,66.95593246925682,72.73530504504294,84.2034447047515,79.62442915901671,60.85156137666164,57.47759746266799,33.205757453893774,49.41149800220924,59.415911790466005,74.11722325684417,76.82712940324303,87.15500970265434,87.03726306100361,86.74574661957216,85.50044496265286,83.15925456566559,65.45344494505181,61.617740096815126
2024-11-07,73.34669297263227,69.66071855732925,59.715983455571966,53.97259287694788,53.28994566374512,56.82209220781967,66.8112828345832,75.99602708762578,86.83222848131402,81.19999317156022,66.09536397070863,64.02255470179817,42.26444511314294,51.886817791229156,60.34641165340532,75.59823312684735,79.33234971099903,88.2521440587161,87.75918218668161,86.47731325996729,85.55794513170915,80.82394643082596,70.06880448754157,63.461721942041756
2024-11-08,68.4836465171771,64.56216907965258,61.13585020253499,53.214248216039515,53.63351183649843,61.96041218894076,75.25642608559318,79.27661578924528,87.32249535597192,85.17581289950334,64.31024333331112,59.993004293962485,36.54517872806044,42.95785617343413,66.1349906811052,74.36858123439646,81.97767265728362,87.50316936937818,87.43383392997427,85.8384798479508,85.03477287271737,79.85576487971298,71.05846660246209,64.24427868359984
2024-11-09,73.94864641398064,63.42444973370937,60.86036400287258,57.11301883503102,60.687418668378754,63.53131170619391,74.07339761629495,74.93663053835033,83.02274536609829,70.93507964325838,48.94578291125228,44.11886542004373,24.023955273446376,35.981699320175665,47.53045236815418,65.00347103323281,72.37379777705293,86.61115534116408,86.53955098300763,84.86305533842186,82.47037524358483,74.16571405554687,68.571474015108,64.23623489232524
2024-11-10,72.34796543908926,64.2105509955169,52.675837112115765,46.77490731726701,52.820516601530535,52.97824183921174,56.04585725761765,58.49916167446054,50.39547858958987,27.507432064191804,23.348047724475794,17.802177464120327,12.149829942712122,19.329337668171096,29.07744006038575,40.7718614901098,75.40205448731356,85.45551827985689,87.19949273619542,86.37146648364082,84.94637542337242,83.35513894868933,67.59966120390932,63.853863464454335
2024-11-11,65.98352941610986,65.48951344255825,60.64129300214202,52.64781352451647,56.09146968215136,57.954964905033044,64.20382388564668,77.86087974789498,84.17945017048952,82.05358758820603,73.13387260274285,64.0658524103857,51.307445651228704,62.67659522394882,71.97632171365038,81.19832797714714,81.08277870444383,86.53059780561404,87.5133388109977,87.66525849011035,86.11828418693477,83.94389132497156,75.46087326269443,72.35860939429357
2024-11-12,78.17567583098626,75.7585411181025,68.35437067406626,67.8417439277967,68.06672567851832,69.73919566573544,70.40266178746835,73.35806460096478,90.05034725263916,83.66422835204864,77.6378699089453,75.26051099690207,59.37433852952138,69.82182345902808,78.15730577971232,81.1148537083822,80.84496559124503,88.05205440446282,88.57116281895712,87.9317170508247,87.72876048934504,87.10315411632658,81.83787043682683,74.13735307120571
2024-11-13,75.44510523054106,72.77203926880902,67.60626441672913,66.30299556659287,65.48411020208785,68.29522663067866,78.51846102143742,86.44525822433289,89.0693268476589,85.83155952528628,73.82278582454927,72.59226221811974,56.10142175137903,63.30235170090295,72.6011133431854,81.81888421074119,87.40607624774022,88.71421394666207,88.45940853258205,88.01477533903096,87.84878742701429,85.5908950490433,78.3459251340209,72.12723493367439
2024-11-14,76.91629933776947,70.69756339104838,68.14259152525493,66.59996333118274,65.85823952064051,69.40296093560475,76.14938076803155,82.75755003191247,88.95635554057255,85.89617120681964,75.06425153942865,73.2894204493028,55.421995395982144,63.6959045144488,79.23734298496186,83.28131210748165,87.10859794642698,88.30381293219764,87.93113332912807,87.7031320780257,87.34958393665296,86.21641864530775,77.46869753220562,71.11440237287036
2024-11-15,73.40190992801136,68.97210684043802,67.6455944140833,64.81421071743662,63.89106727737135,67.05266523777999,72.65810434128456,76.27574094920651,88.92591889165317,85.26368035161232,73.90130485405649,75.62712569797064,58.68951625209803,65.41715488661603,78.60586691444959,81.97998710742553,84.9930223715235,87.60769514823319,87.85228819638013,87.6361994775258,86.76684965588234,83.78712857675484,75.08117947277643,62.88968601814025
2024-11-16,70.51344847238798,65.89177031864352,54.31054261108635,49.54760596511335,48.325058952013826,48.30770970971059,56.31197238112898,57.29564306605819,75.30824272636373,66.92677634000664,59.90413991155562,44.861248697484136,36.36308085909216,41.41968558584608,52.7970514950069,64.47819829817581,70.75132517132003,84.50133291579692,84.70751708912074,82.27803960063923,77.25331499844997,75.32117921709171,61.26880286611875,58.501558668255214
2024-11-17,56.30103533094066,53.53294619305593,49.98434424159617,52.411405165980035,53.643790007327425,54.11217455941808,57.542019741954995,55.57826121919447,57.79259145154811,53.261951775120465,52.34718062996359,44.252100158515454,37.74502475073331,52.65533282778374,63.17799663298025,58.610141439260126,71.66633702602226,82.90886082057453,86.69018485798047,84.56976333173637,81.83300594684361,78.73903056055715,71.96937207778686,68.90522219199063
2024-11-18,74.63026005724602,72.33165705909732,62.73459565142018,62.61978760848139,62.49737062590652,65.34124876005612,71.49272668427162,70.0789293698006,85.86678156604277,86.15883123836726,81.95315730463228,79.4506599577101,65.30231861960714,78.5384707905608,85.12993991197861,86.0552771814589,84.45334870204238,87.36557475896792,87.59600409425634,86.80392409365201,86.42320194137997,84.16197474045894,78.39935775006018,74.2641482955793
2024-11-19,75.28846914155466,72.51973388487048,68.7867538928954,67.01119875767553,67.69059712275525,68.86532215883825,78.98011157807376,81.47746322484652,86.33881154044067,88.83394207382797,83.96747939251449,82.7393516212596,74.03665398130603,78.27930552729302,81.88462188473581,86.43456310680922,87.81803686090973,87.27134607416203,87.07363395892887,87.19175088119886,87.21781771133544,85.17694170785909,84.53201376956581,77.67073342936857
2024-11-20,81.071788134345,76.20526429883517,70.59211762991784,66.27876265588868,67.70329822757124,68.39803400306286,73.96540132993923,77.18751860400292,87.09456692551802,86.44330884381372,82.15985492421603,74.49544919531259,56.578880655714805,66.96821494867507,80.18464324600014,80.5043936861118,82.31279218627043,86.75271768327566,86.51437087388236,85.29038884431951,85.0568161256462,83.58267143906929,74.18084818233993,57.47045739485801
2024-11-21,60.34019804985676,50.58039086198754,48.54369491754335,44.07019294372944,45.91501539897628,51.17978940549285,55.00972497274391,57.579836765923666,81.19309081587024,83.5391775180571,77.1233626586237,63.481337991762835,43.1571715400084,55.5619361978856,67.93429336464112,77.21656628180457,86.13322527078418,87.56489365684291,87.99565987480818,85.63357151167483,80.97781595303077,78.9889768370108,69.97574955092391,63.25512366534642
2024-11-22,73.19699944445419,71.409463496475,66.92249336225046,65.29808524527957,63.87742811422285,65.44884877281058,76.72848006467636,79.0123997662717,86.58114524391448,86.71869521408532,76.608461227011,75.40120207865998,48.363407722708466,56.641363136556826,71.48692205762036,75.23648524742377,78.87905000826609,85.91071517407215,86.49181450612892,85.36438558822772,83.96457088458261,81.32616685517792,66.3196832556001,53.630293969778236
2024-11-23,57.49999020528652,46.46873447046424,40.15591733126317,42.67099531630345,42.5268394458814,50.638702918014886,54.242347734529645,54.95086097780744,79.58745282234182,73.61407831368415,71.04223756001619,74.78038366411113,47.59804855806074,52.56909677146168,68.04296593691774,71.54276384263915,77.55775243659802,86.71273885748909,87.00667696965239,83.6282999056809,81.35531651551457,76.66069855170532,66.82809450894436,60.8330469969031
2024-11-24,45.30896749209659,50.24968287427629,49.37963130997418,43.76445102703417,47.89821763876427,48.22368512869224,52.02795980263598,50.80524440434532,56.464204597188385,52.747190092771376,67.92702534778303,56.953429629824136,57.252058610908094,67.27073293652678,69.26133661541613,73.54699532208012,70.72341485281096,81.29874777800904,84.26810156787988,82.59917784101785,78.06570648965973,73.36010638048282,64.05971652060674,63.59133169679326
2024-11-25,64.73773714103318,64.47316370812375,59.97654192003319,59.243367403879596,58.987357687159076,61.31489210008052,71.33801009123856,71.28804705459915,83.67921785745986,85.50617167613261,80.82470811979987,77.3580385387953,67.43132785426754,69.88720186918032,79.74599317445977,81.84641349666732,85.3362553850661,87.47555040782932,89.08869680071155,87.93370886522378,85.06078315522085,84.15554598370497,81.93379068695336,75.65859315601806
2024-11-26,80.17418137787996,74.87273648942173,68.62826254659376,65.84247446908428,64.81897923086498,69.27788739089469,77.54151748959903,80.66426768092262,87.81177635760496,88.05775149727761,86.60881748893439,78.29052138890283,65.49192868308857,74.56490538281075,83.27256916841814,86.30094970936568,85.79602313759679,86.66199792398106,87.25461274287159,87.2744846979145,87.34522742488129,86.49939365157182,81.04502576543028,75.17758458733422
2024-11-27,83.1125718691313,80.95876014370202,78.03409023077297,72.14200569870047,72.3913294903207,74.27246748068433,77.3456005165159,80.7949166573153,89.16643133085944,88.85088723358281,88.28032655620873,80.4542076179277,70.39770434896107,71.72080606268479,81.39421492551065,83.50407335997252,87.74959625890763,87.70630471015679,87.66322418418754,87.05954902986369,84.55869661776573,84.35407188419933,79.6133605015418,78.96917505720158
2024-11-28,80.18727033739489,74.00057296252062,70.0326930871898,68.37719581016043,68.39318102747713,69.73753781758916,72.18705600326606,79.62862094774903,87.20874609845988,86.8249416887721,77.51810761882876,76.2216652848914,66.81414350206396,79.60199264585384,82.44829515156624,83.86611293723902,83.5905409216991,85.57557782495279,85.63598481555266,85.60807342282955,85.65877884552098,85.59827756668457,82.9801851940596,80.52355519749254
2024-11-29,82.02658878309502,75.47490142993848,69.52304572631567,68.95157619547683,68.69364225466882,70.82482856383437,82.81217091102219,85.46453764215521,87.81114412054845,87.55004433400202,87.85214532894996,87.09573555570671,73.5593638131962,74.74155943861646,77.59647965622983,85.18653942098364,86.40879834113416,86.73452088217608,86.88701900319504,85.33021736463554,83.0999514218768,83.06570326112463,82.3075310695786,80.4486977710869
2024-11-30,81.65053625261885,73.07804524530007,70.31170348022557,69.654238153523,69.44509761218738,70.97990156652445,72.88808759411218,77.4772122749151,83.43685631398182,78.2388714717471,74.61107908057006,71.08473914118998,61.29032811993287,64.95890479081926,80.43496119810865,83.1540549215498,85.20501700567637,86.23130725303909,86.342836319465,85.44950025366917,83.85807303214202,82.45924647988743,77.40776951729424,68.0500309590877
2024-12-01,74.08355862290223,59.31747807577394,53.25693614594744,52.34537430116796,51.96799838620333,53.16499259186368,58.503650716101376,56.80818665952131,55.802904497732634,62.6604007532675,50.90883026996655,50.10179689755061,44.03542229722067,47.86688459807824,51.82433020206469,59.73140570793324,63.70425126357279,84.95057352225872,85.61200719548259,85.61171794067145,86.20265613546742,83.09461641514625,72.77658724902555,66.42310465334768
2024-12-02,73.22291003893491,70.0037724993077,62.43058923878402,63.39064434931299,57.47429043599343,62.641256436317185,73.08112744165675,77.6405573137513,85.52843267618056,84.8045286490862,80.6219638044431,75.71956987240809,64.70780095791612,72.04134537161299,76.60618919527192,82.98287350541499,85.90362418384342,87.62432258054548,88.06550785587795,87.10005944679816,87.03199819386234,86.97614895810366,75.87425227680944,69.25131035261509
2024-12-03,76.30434042959729,73.54244070169248,66.96950224855388,66.0916898680678,67.18431753733998,69.76298944405139,71.69902597827937,76.28167924887012,85.8381744032972,85.5271760468178,78.35777241361127,78.46853807540657,69.47651833464357,72.66414544220181,81.57934953089566,84.58535434154643,87.34603751823715,87.5433084555128,87.44923680100327,86.60779479213593,86.632427894257,85.67483195278881,80.10143692999696,77.61680015044557
2024-12-04,77.3490235090093,72.72870061910359,68.48185917143958,66.56039645139967,66.19032985317567,67.69564868729591,70.9909769333786,79.13902895667111,85.13252652733252,86.62429728918273,84.55014393214185,84.54448895789385,71.62281372279094,74.8746763100162,83.63886567556895,86.98148264238242,86.906755878554,86.89201727867498,86.91027044163553,84.78448718689586,84.53870793428916,83.75507464290915,76.46317010184505,74.72778979649232
2024-12-05,74.81540183799932,71.42500829544802,67.62231822898927,66.94544620788248,67.1045646199067,70.33222337694427,78.7124209218062,80.08893645435401,86.08180179870686,86.7565211888639,86.73767872212028,86.01880222480882,74.83522323378693,83.49815879892256,83.38264364215337,85.70807984290118,85.84021587793013,86.06612497607021,86.12368476734717,85.9248409949857,85.88915066584177,85.25292642477856,77.34790240361666,76.92527341824433
2024-12-06,77.11480148787007,76.4120143395249,70.40603098684255,68.95850081422833,68.24991041864747,71.89821240590892,76.809804224647,77.43941035384073,87.08472275166513,87.20069048473466,86.99544784893898,84.38275956451616,73.85760928705531,78.04967363112559,84.0514859192351,86.55927282639063,86.63212824676684,86.61551790485414,86.94147906183308,86.98660005730761,86.90706667825361,85.3066764620488,77.02577866535104,75.60373783708773
2024-12-07,74.77894989880359,72.8406070426056,69.80176347695308,65.67365710734613,63.32763846808366,65.33430683572405,72.83572419259681,75.40284551203776,84.20008141401044,85.0781393395651,80.59342153115836,71.34214617144126,54.96198938406165,56.90461563739984,58.89011917696172,78.20624821042277,85.94596262593224,86.53063737008218,86.53777487278123,85.03987579428285,83.58836776787885,78.82530362059705,69.20105627065585,61.825091132329376
2024-12-08,56.56609321386182,52.38636543883642,47.67496029080492,39.67391994676711,48.771077945031166,50.99922836748715,67.02431039120836,65.05677868014158,63.274108364950955,59.61069097616209,52.16860635985187,52.27553311699475,41.035945799258194,49.354127691702935,56.4732965775983,57.89992516380012,70.92875990299304,83.65991310461415,83.57683988601507,81.80381434281499,81.61881815073555,76.67962926152818,58.41431037927865,51.08167875882839
2024-12-09,50.80604560147739,43.222437744858624,35.93436663009683,35.66522802525055,39.60627188104463,47.39214456676353,48.51592317655562,47.44189792566968,80.72991164994714,81.6565645928131,67.98658059577114,74.72160051334986,56.92640421817205,56.69107018891789,71.92032022492734,80.85062931658686,83.9530279961741,85.47430177551163,85.51768774775701,85.1120548937688,84.23278095994091,80.74211338347772,70.34398453521021,66.66891727897344
2024-12-10,67.95225755377729,54.92339822941541,51.549291475958796,37.105814553163626,42.88174361413974,41.72450696278276,46.87793947074332,55.53666548526144,85.13680837863227,85.26947185673576,73.03835034381167,69.10765829104945,49.6397897948046,63.985114672645736,75.07097952071774,82.05100104371844,85.52664761319524,86.23190929894254,85.22152502387956,84.28618626966386,83.40126388787513,80.04737453326193,73.49299782404363,71.1694193797339
2024-12-11,75.31545691861406,70.00050952612095,63.22393942223135,62.28042567317904,61.02608896925045,63.13488634765351,70.14020769842327,75.94803942084764,85.74474474317498,85.78296582502412,80.1042615045238,79.09899924305752,69.14938089130355,76.6665913059291,78.7024617020939,83.21837093067381,84.15068545282963,86.08128036095984,86.13827882874645,84.46888805867582,84.70724946045664,83.10958420109338,75.99913720097709,75.17715935488869
2024-12-12,76.46409602685041,72.83328488661937,67.2077433580275,66.78333210425689,68.30997609000109,69.81901256368131,73.24268926581206,78.10395418480938,86.48321503391736,86.69964363156761,85.45476705301763,84.7649841356927,71.60094771585251,77.39117810240101,84.37707109203696,85.83177293079882,86.98300946221175,86.84057396795698,86.64563690587234,85.2866013501841,85.42499241602927,84.73886411195319,75.36868318929078,72.31444329121648
2024-12-13,74.69102750571851,68.3431146761628,60.53955846989252,61.47850691018534,63.357779217508686,66.85408130927334,74.07016041893435,76.16251803627134,86.31466655517919,86.22361537560822,86.33523667188,82.31109431841597,64.76313050485791,73.8296001949123,78.47385086001714,83.99073726135697,84.37957763397519,85.21967030968987,84.54713597788343,80.34352256417446,81.53339216702493,78.4736031104507,67.13643359718237,62.644503475197396
2024-12-14,69.78050037660013,65.68028125611912,59.570707223534875,58.476104853798766,63.341784202917516,65.63349997885155,68.69976889690221,72.46104397191797,84.77908090514815,84.23359680806807,77.33319519413055,77.32558697119285,62.51486912213659,65.17912765383903,74.38481979689537,78.7996191048934,85.08418656955998,85.38567108533384,84.88901871981749,80.017984837217,79.04548288819123,78.49370744131095,70.96601021231244,69.00149748539394
2024-12-15,71.64184281467494,63.604272543559695,61.458093122108224,55.174820639477886,58.45772104243565,63.93759826049683,66.67024776887604,64.10982498153825,55.98559802762376,55.41768286757125,54.22751573959721,48.23157525183332,44.10236325465114,53.94226062514659,48.612406035172285,57.04853928479497,67.89892503785447,84.13026272842362,85.11214403656027,85.27832414773852,84.8994796213114,79.49203108806333,68.58596198926516,64.85284959900272
2024-12-16,65.92536449308274,69.839628777958,57.03362634237461,49.262119247947986,48.25234827972885,53.19010237942658,56.95065512834338,63.22791251431091,81.37498199373304,83.08329901463985,72.98362687734162,65.47430329065317,58.34972695874379,64.68141946186812,75.89963306755402,81.98624980058977,84.98985661033258,86.83249446661951,85.92594157422037,85.71694757177139,85.05313803861209,78.03622894083448,72.33422942767659,71.30443712570958
2024-12-17,80.16756225857816,74.3587176140577,68.97801539301821,66.73987434360384,66.91715483784279,68.14561032780426,71.57181612739265,77.07713867973261,86.4827550507632,86.6614413102142,83.45266780865953,81.50307459874752,74.12398753781436,75.925233878527,84.03767709172068,84.7071334277233,85.33174630829537,86.14769239150303,85.830723841324,85.85904930004631,85.60578721680301,81.403031840323,74.6709994222646,71.77035982461413
2024-12-18,82.17939642654649,72.05361796493693,67.14780840454169,65.49167629083787,65.98635208106118,72.57689315775505,74.48514407534023,76.12048713840518,85.76445574178584,85.69518674916841,84.70737620267707,78.40360743431943,69.92121482090819,75.7060784289606,79.99854139607346,85.46179679041899,85.68280902651473,85.84865545983922,86.11368202094454,85.94262428780836,86.00422352742427,85.79258149840335,76.92570875932891,75.44710524565711
2024-12-19,78.46281956629477,72.8460546056886,66.76850475637785,65.69413147830309,64.80572891514362,67.87387843475821,75.38335800085187,81.90342961812445,86.32712337619579,85.73059298118574,83.58134727850222,76.99756267353884,62.25853839223858,72.11754603495906,77.46079889118134,85.89689108183603,85.82248741697408,86.01857314392954,85.4865940083519,86.06110216083447,85.70030259126108,85.00492900244802,76.6801458835006,73.43307796900363
2024-12-20,74.46337458326369,70.50203644393322,65.5243664466754,62.987110342738426,64.88838217827079,64.22943197149878,70.9923265111274,79.91495203352139,85.43581474156613,85.61491148610523,83.76685515151557,71.1721105415838,52.88277875547818,57.93743824995781,65.5411341880387,79.35821563418271,84.85945511360859,84.96153010032428,84.36098803715477,83.54871117009101,83.5742887402827,81.65063192404237,65.14485112637419,61.30902152862533
2024-12-21,62.99509138970207,62.257336163539335,58.59217729946333,52.58754276330929,59.43599269130493,64.5559661485114,70.12619766359045,62.57024477312427,82.6637437090285,82.8855439482879,72.92891565748519,54.48271375887603,45.960174420362144,53.21536875744012,62.91964838616323,74.72950983593275,83.8082491685538,86.43866153096025,86.61643750210712,83.56784519095832,83.69560762551525,80.37838649193965,70.69925202201959,59.71099648306251
2024-12-22,77.60913355543777,69.39564852664702,68.65446501373265,61.96281081744003,63.27986800264997,66.07187617190905,58.950914386512174,62.21463247432886,66.50465861245641,61.170310064864694,54.919565695065124,53.49467461386865,45.83946573722612,56.90154984372273,66.16330165608441,72.2759412283758,78.26952208151748,85.80538819619365,85.74535834510466,85.52457103035573,85.66458123428315,79.86994038989319,66.77607696985069,63.995869231377235
2024-12-23,76.67325268891643,68.4020888970313,63.00662788017762,62.121290257903055,63.52483397236388,68.72133041038865,68.37472637765107,67.97285210086523,82.40779134665618,81.49514938033661,77.11027802410653,74.30803969203733,69.07402781094558,78.71317122064795,76.7840711094168,79.40829285160294,86.58556640921681,86.40942937706312,86.68147904192848,85.6271557930905,84.96338038200481,81.95867550243453,65.11424502172082,60.92935010561415
2024-12-24,66.01366539071302,56.92969016060903,55.758564736406825,48.09404286679414,46.712762742975215,47.55801909667344,53.191928564756424,69.27235499590608,84.79260581133363,84.7382888400867,83.07686082975087,71.80424898991846,60.02407662845409,64.03125870546839,78.77969946443147,83.79727239417824,85.24479998440657,85.73437852821883,85.22991604182252,82.6793822225798,82.12274189135984,81.05813281724126,73.54659765858247,71.55804569895417
2024-12-25,71.37225624371999,69.74730285719161,63.56127813814943,62.97537274267773,62.18882323736212,65.05084652163252,70.39576733792649,78.55646697074445,86.12993441139793,86.22667454190623,80.91206518928595,74.52465185346476,62.56886976556579,69.94119368208635,78.33567009140013,86.46570730485529,86.73259701601488,86.79298240084165,86.23956763559107,85.29001189800562,84.37714626501965,81.6092720845524,72.10013522933937,68.81349357759152
2024-12-26,71.67530350735554,68.00812752004461,61.702614450646166,58.947730701642826,60.066180947068815,60.70259924660786,66.56666942495886,73.35203545283383,84.60040912418314,85.03715136045747,83.03126978764696,73.66613221744599,59.791186304661935,65.01270935275646,73.04041815963352,78.80094184767323,84.35720365740814,84.64613534541245,81.64685134870788,79.67052167401852,78.62561675196355,74.53622943101168,64.85079932236526,55.5254551425741
2024-12-27,58.20543829276765,53.95044007956215,40.68304097913381,39.37298046844635,42.93627069155862,44.2959317154632,47.90474142959223,62.955349392112325,83.89777975939346,85.03148501207939,79.4260502818421,68.05185369614078,51.78751289960313,58.92105491338969,67.39721407429046,72.0333459503068,82.87009843745517,85.50457854256264,80.6219024643407,73.39309755704029,73.12953975565884,68.95565142661994,57.54921505698976,55.20563751071652
2024-12-28,61.53157282838421,55.69136083225363,45.75594260810565,50.1157677456905,48.08529475461395,50.994501807717114,59.65642114960302,59.126541867316604,78.4713089255567,79.99647683929761,63.58246920763064,63.651206258933136,53.707284212351496,58.7400556802036,71.25676637303036,77.65256136555492,82.7297839666582,85.2565386735954,83.79500284669139,78.30733373126144,78.37241861619152,73.8115956686603,59.97121233291671,56.017227550901964
2024-12-29,60.22030661512305,47.12721780568457,45.99245080558958,45.80333156454676,45.6792362915364,44.169339078317364,48.18218162909801,46.61914544069009,47.312993649036514,55.81984389888851,57.230703676035276,50.75806082271493,50.37288796216892,47.55023368326011,46.98807354544077,48.929216609636015,65.6438747153326,83.27523416125577,75.91589615317709,72.33264250053263,71.52334222743855,66.35724889324713,59.666860634271615,57.78361576318692
2024-12-30,66.84414885477085,62.79840560612356,48.81324211739016,39.69130047809448,50.81764802644858,51.41596612604214,60.717056709332866,68.13865278456298,79.58074116711917,82.87963950196333,80.71397372125215,73.4802275567742,66.47077854810559,70.39933786050706,79.67680978593279,83.14360166108327,84.11676228123868,83.74502373834932,82.54899290609055,74.91409823800191,74.60882007727905,78.00840115550416,73.83716878489535,70.56175307031812
2024-12-31,71.83655610057107,65.72573567021065,62.373556854202626,62.12745610403835,62.300054114047825,62.728930016752365,67.37855243370996,69.35752347040743,81.2088258616172,83.6394997783142,79.26387716630595,76.67209525523894,70.2201426649472,76.33010397507122,79.02792141176079,83.48367954081147,83.92517151253735,84.30439471638216,83.96875840016112,81.49866810416417,79.48190584826952,76.2076734640566,70.0334518634661,67.44770609290511
2025-01-01,75.97492119224803,71.2246921270409,63.888973883355675,62.47970217468017,64.36236918662043,65.59874827477222,66.4130992289337,68.29400940650493,83.89714814151719,83.9406391274157,68.78131331741781,62.345978281846,59.75584393388735,60.47922042809702,69.61287470270999,76.44731596613252,83.28473180523666,83.52250469239019,83.64991761530283,75.69827325983879,74.25805180542511,76.76665593873074,69.20862667758173,67.73832038708704
2025-01-02,76.83008837152646,69.61903707446011,65.60083186145455,66.36721340223848,66.4116747659861,71.65582577648574,79.41545983016246,72.05305073141493,79.75106220362412,79.57508076352217,73.6674484093841,72.6448392524889,61.26276337848422,66.67884146663745,75.90351497716087,80.40988301709447,85.02772658769372,85.84141039890324,84.48459522275478,84.56201879201,84.33598717795616,83.9710615319764,70.27637039263475,66.56302834620708
2025-01-03,74.79332021503042,69.72277153694218,59.61407792174779,60.721171796997666,60.67055904859668,62.640538747685774,69.67654248795098,74.12388670452528,82.46654587311,81.61579136967607,71.78721606246786,64.86217714360264,53.91652381688199,55.0437386567918,69.76201723521622,74.92146029912452,84.34763833173045,84.6237372880606,84.29948227604987,82.34963792510008,77.2170097525024,77.01437278169531,65.37291260224676,61.775838176495014
2025-01-04,68.66572238695491,67.71330575645794,59.80499772329401,56.587515749883636,56.33815489837857,57.67748704308212,64.35718570221869,68.49701379189658,78.81296520181233,80.71165641353669,71.1730681375971,68.86162571692307,57.12280448668773,61.14644696007694,68.47921326185505,70.66873811313233,79.78068250868134,85.12707154279062,84.11231100336356,75.48968987847454,74.98409281481636,72.1547473684426,60.83367271210142,59.5889466118327
2025-01-05,75.7907825193916,71.01324442225936,64.19213703931779,52.97143689095512,55.97727377402151,61.31142955308634,66.61749409488984,66.95131071453342,73.10810282830279,63.01640052258832,67.36296293481242,63.217133684942084,66.33867324003677,72.10184055140317,73.06008022873641,73.1953868217596,81.88172648424465,84.04065102849277,83.4556978147713,83.34934095526076,75.85857451646169,76.17213240876592,67.3943609472942,67.9540492225147
2025-01-06,74.62995384115999,72.30318467323421,68.56555317272677,65.20780727343366,63.73056505868366,65.81670146130693,70.59609643632609,75.80915080728263,78.78564886835987,83.32891004790181,78.8187802219439,75.6226743131152,71.46497880495204,72.81916023544387,78.96866085076385,79.82312252537325,82.61216581353932,85.75367595419772,85.68528332630028,83.42609457449572,78.54257032127605,79.95774597060901,72.39411242203019,71.18239089805908
2025-01-07,76.50869932501809,70.53558041753988,63.717867958167695,60.57439727943471,59.54003599800833,59.71144459253946,66.06341996588344,70.8748126057903,85.0174118539451,84.97724892223569,83.63859405822984,74.14631165590937,60.60452215435702,61.666055092350256,69.79559758073857,74.28998671443351,84.40044766027337,85.29812549483019,85.08216759862388,83.8894140316698,77.97509350072015,81.02240524221396,68.21096252979707,62.095687092930234
2025-01-08,68.57530618223596,65.46331405003393,59.267021594981856,58.152760672582325,60.416390009508326,65.45044462198464,70.78750497306376,74.14816974735828,84.39628699196598,80.73132975310389,62.066525528558515,64.57984617479345,50.098286599274616,49.91514535542322,63.66700841734926,63.47386886710478,80.48430866038352,83.78289370686696,84.27347531539507,78.19263281592815,75.34507558136883,75.39912917739197,68.3900695343707,64.3112590968129
2025-01-09,74.63756506533,72.09603088145835,66.42987104771878,62.7069884323171,63.234871918395164,64.79374855862996,71.59992784385449,74.18902346680173,85.48318695675492,85.60891097471199,77.69758166636865,71.32425479243757,57.32841985989258,59.55564747725768,72.04184191152764,72.97457699359298,84.41503806334686,85.88048276969792,85.77029258720522,85.51689161061022,79.90012498326321,82.61598495402431,72.03699828074284,71.3115843814276
2025-01-10,74.74974142202645,71.19603764989722,65.63348357356422,62.80977402006324,62.93755308327913,65.05791980198748,71.15474172132602,77.98142720433641,85.59526484000241,85.60603354697463,78.16741607410579,72.84121627185073,55.24229040164098,56.99938816481964,68.74625135711138,71.88449910746657,84.6222622581957,85.37657543626656,85.45569921961219,83.11382750891148,82.81003388123297,81.14864496089744,73.1899010400234,70.64174319702387
2025-01-11,72.23278287338829,67.40355363819583,62.32943087683132,61.74035788298223,63.73239621290488,62.38383412507009,70.52229298143241,73.24637084173725,83.83491195101199,84.53137676852786,75.82507894190198,68.3452797861021,58.59304279524412,62.75355704923843,70.93252795778314,70.60794909692125,84.24629513938005,85.67290068271932,85.48306208088488,83.71193145727057,78.33339470994999,77.32092098424593,63.27803845382298,65.37688560638574
2025-01-12,71.12215189060271,66.03491270123484,62.71626228256957,63.55140107841552,64.65960901655983,67.49966909820344,70.2726977185092,72.29998919498478,64.81914308734719,61.029870397037115,69.87528158350176,70.58387010784877,66.41717064276513,69.14633675411085,64.11828823807838,60.764429172077804,74.96845726172013,83.82502637791345,83.34106669956086,82.32682306524545,78.11101584317004,77.05832764604001,65.3039441612386,61.329942953551274
2025-01-13,67.13295642444896,61.67882057465988,53.02129736227795,54.85759252484274,51.87405697493514,54.83176687718409,71.03516065800221,71.75825190627008,85.2184414317092,85.18646274024874,79.56784460482876,72.66111814245541,60.339532816237025,63.65735000574252,70.49522036110336,74.43628750184371,80.76248946778615,85.16396909018367,84.59387717523708,81.70783462909009,76.98584608737454,79.35958612433889,69.50965383565897,61.901779332674735
2025-01-14,72.12503321274797,66.11043791327666,59.838005933524386,57.59652460598985,58.1234667586798,59.624462780647754,65.90413961224519,64.6614789007027,83.11807228940448,85.14480914526828,72.72056873021607,67.1953556894367,54.75217703708108,60.202935799161445,70.62046676781237,74.36564581769058,83.99313756697015,85.36262427603553,84.39787953124734,79.80813382600292,74.83148823693725,75.13545618340441,60.88661318028216,60.89105177574216
2025-01-15,68.37819500073147,64.4243880007753,61.89319105312062,57.13294451315031,58.0791233127592,63.09559585467589,64.04460927973948,66.35206855208328,83.87159353583262,84.6870809024461,78.2768359040605,70.50839378654251,58.4473859995819,65.01005457824964,70.28076532926744,74.45145923564328,84.37556270336731,84.84186253099979,83.98636479593522,80.89924448356642,78.4883170646039,78.93110368001662,69.16613929863253,69.56189636544865
2025-01-16,73.16832160880716,71.18057447495073,66.51790953360207,59.59192109151064,58.093899778726815,60.668068675411696,67.00448345249758,73.66167062446274,80.68400717269056,84.59174371137615,83.24968619271783,75.55171922372426,64.28641607901848,70.28187055860202,75.1007092673547,76.94299651412537,83.9403652326583,84.75475107164337,84.80313370799946,84.03454816584623,79.23238113575526,78.93214674155917,68.71973487138554,62.78425151388407
2025-01-17,71.14031888179598,67.63873179159003,61.197968571433215,57.50839024695307,59.90049705427082,61.28627247664328,68.59118533311037,72.71704729954429,83.9539674882869,84.0700062300746,83.2265739663321,76.1131662032756,62.625622232293104,64.56246819119397,74.81039226443188,78.90024103995677,84.78055187448943,84.85331154654205,84.0729875124865,80.89076913707147,78.1169498371419,77.41742003227692,69.32002872186635,65.52475278449518
2025-01-18,72.47175327488964,67.93031945607095,66.04266326001702,62.77326707606475,61.95762095191876,67.56869405100512,69.49755488138781,74.51093435732999,83.99880059869334,84.99177494013608,74.70319177987494,74.06285431897007,60.16969822070864,61.82131643170363,68.30228338227566,70.87063638667524,80.25301469740377,84.9601246716783,84.99923263059767,85.0009329480236,82.88745384887594,83.48835389045472,71.00662542353571,69.04339723506828
2025-01-19,72.49628791985495,67.06525229327386,65.22840795640369,62.34620228041235,61.28112960451769,63.06173164353528,68.2141177867056,69.58705731411573,75.72149172515368,74.58684061709856,69.15836632205665,58.029942228311626,54.41743241231797,57.79076999262657,62.88802663383624,67.29664496026922,76.0939654068516,84.31639133073375,85.29839451397204,82.31471883029833,76.28914409128558,77.28854757764438,67.1174391038001,68.57957498650029
2025-01-20,74.57318059004176,71.40689947552475,64.9350016363448,59.9797481601239,58.759013131338705,60.78291333735296,70.14136258882962,73.00677496417728,81.98904157938507,83.86373619294095,73.96833759143347,71.71896411544977,62.687179276903876,64.73997278669543,72.0117752579205,75.66104541696316,82.92276071641908,85.93127339745395,84.18401374724058,83.95326092287856,78.76896167470599,78.30224711499083,71.41267161352042,68.8208991842256
2025-01-21,68.8692696128926,67.15314634906694,63.90726211635399,58.32039417187731,57.62834069846272,62.90815569433912,64.7087653836677,68.3960949810701,84.83844519359897,84.77217187136107,75.33826093957086,67.1909763245536,56.45703156503968,60.11301483703076,65.48590699719605,72.47086003643133,81.17958393324169,84.31493199079924,84.14012398994402,83.30508737486,76.29932088852081,78.38087829448912,66.4723014198914,63.98958135397097
2025-01-22,70.70730282400102,69.07868374798225,65.56446174997622,62.199437801820515,62.67817872493984,63.40648188065359,71.22534065313386,76.6841962582222,84.94594780273022,84.5737571742747,77.84600235643627,73.19172231762006,65.24547905340296,70.86031041876582,75.9139871309497,77.47728416421133,84.66034257030728,85.00578780397433,85.10203855491882,84.56301704406032,79.90499277057606,78.76271588064539,72.13559863615801,67.35503559070936
2025-01-23,70.72772480657608,69.33742863119637,66.00430292544998,61.094651689937,61.037705594067646,61.74191037127668,65.07183968058581,74.17728977360294,80.56014188745398,82.78699640428212,82.8593917661404,82.96731516356338,70.19828910991248,74.50473585030633,79.54227944256363,82.6965818111078,84.73182545497475,84.70493428029292,84.64117342995073,83.6266300194455,81.02297488005772,79.46084327218743,72.25922996584896,70.69567161671696
2025-01-24,71.79556726831788,69.50483319946373,64.93539648342436,62.33869146352515,61.99984911311578,66.11311891261978,69.80954460669047,77.85576861062734,84.54912599252684,84.47245789733326,84.20104943789393,78.36690482534023,65.19901651875007,67.9051218178856,69.7402789609683,75.2138787143323,83.82924679439908,84.14260381346493,84.18230248118381,83.89268791510361,82.36954218761012,83.09283275473248,73.47957784643077,69.48046649863028
2025-01-25,71.17121614205305,69.98307317652053,64.8246447791625,61.40324166666993,60.82968362517404,64.05053284321754,71.5395907805847,76.17724783470653,83.40641835021667,80.44209955184415,71.77818651237692,66.92393810591442,52.59296999610416,56.92464244306697,67.38190090503807,67.5586156470872,74.78970969171607,84.17616592216906,84.63987584307085,83.5906652197051,82.08348311483591,80.52895302005516,75.91003004766768,65.91950421344484
2025-01-26,70.21785625219132,69.90489601223891,63.9150528774994,63.4720874529086,63.05276447386119,65.19109975290473,72.03051461235104,73.11383398178465,72.36960952247453,67.87581923427761,66.26198818780978,62.955490827351575,57.2703713512958,60.60816087739472,63.518651785111075,75.52404457880968,80.51675559027323,84.22566509289774,84.52139521036523,85.45753378391572,83.9132215117543,83.21218088911469,69.89632428687875,66.526936297021
2025-01-27,73.0913145458705,72.91246021188118,69.23351985864048,64.46501981610541,63.560659499054395,68.22536593220426,72.53429875355556,81.25593273064423,83.58722569586904,84.12700362001671,74.32058905370698,72.62682696957249,62.452777744430094,66.53550768009643,72.93831772802793,74.46431269880401,81.95490240583842,84.90117027349488,84.74083023622921,84.79476792759456,83.70634545060759,83.72852815187159,82.79294220891,74.27065967584565
2025-01-28,82.30706334532441,77.24319025887083,71.95896838327265,67.96352211157246,65.1539823100372,63.90211010460194,73.68831493110714,81.40637973141264,84.69586732602497,85.4917554579058,79.7406860120593,78.29498107779482,57.01814609951456,59.480110585712815,70.42524533813032,72.9865803064543,84.03417423048103,84.59163127571678,84.55227687460169,84.4820254967395,82.00396845596173,81.88625165384109,76.63565347537858,69.78636318697534
2025-01-29,67.30392103899453,65.12872586598803,61.606557271851564,60.148793239079176,58.571586792699684,59.26359700509797,67.93577706216325,70.03829824702431,83.96331726452334,83.83668582693473,76.86758620078186,69.22413281475063,60.357497193682434,64.9995807166963,73.12927385182537,76.34179389917507,83.00500966592533,84.62398343419741,84.65259854772549,84.67561215622422,83.23457509487714,79.42118731750266,70.50858401047941,67.48822466824421
2025-01-30,72.2073920593746,66.0137068115714,61.65702322011768,62.98800218389813,60.47664576583982,63.673189902056805,65.7460876724284,75.38283521959656,84.28954230648249,83.92637665956276,76.6946917729513,72.88809098395213,59.3432024688166,66.55180625071026,72.85508999573545,75.03408778951695,81.88896669383375,84.61210460914455,84.57934596939037,84.78973825946139,83.30075194649248,82.27194176338286,73.8607742921538,71.18224457183489
2025-01-31,76.47773128175541,73.91205732399298,70.10016981370897,65.38587119917422,66.4827022920494,70.25175029220883,73.4689382813091,78.56980859340287,84.69918085949514,84.66374246456009,77.34509525591479,71.53541662968023,51.98925048213581,58.13910791737325,68.18947998101048,70.9110615211891,83.59158395944638,84.36549015478649,84.23680481919072,84.35100237720441,84.59167637904405,84.50862785992801,84.05402189688861,78.33986723954114
2025-02-01,77.29402320701496,75.77663066934294,72.99477617190414,70.33848755419545,69.9619871370942,72.28920822923057,76.87353474393889,82.80392539832572,84.44185485996739,84.07850413011126,77.72401068541892,70.29929010498257,49.757309514118184,62.18952096956733,68.83205446682973,74.2296728426473,81.31094273131063,83.9906368131025,84.45225073734868,83.97666568979471,84.26083099336284,84.29917065566273,78.26916304818373,77.40056772696704
2025-02-02,80.52935903215796,78.1064804697609,71.68288754936817,70.31602977082503,70.32391174630449,72.56606123828283,73.78363881823412,79.94852052859814,72.74407176456862,60.79631095828293,45.06093406003347,49.4537395879773,25.623416093938065,28.15054819483091,43.41919386923983,55.33770722488939,72.43090525053977,83.6592410416281,84.05495563273797,84.15001715349737,84.29243510912669,84.17855572139997,77.62810711143909,76.50571370792366
2025-02-03,79.11687327904482,76.70977958722621,72.19922526390123,69.93828281344807,65.62902123722712,67.053517500848,75.50033004058936,80.59054395824137,85.0338630799714,83.28704246552137,79.12151771258137,72.545646039553,55.30557817940694,60.555969717377614,68.1892499028133,74.20764489984546,82.59018457690101,85.80676806813074,84.21391243636963,84.20815993473158,84.01016602321583,83.83879087911167,77.61119691801962,74.46499354280687
2025-02-04,73.91818869433148,70.26463196461411,62.55437671276029,62.60705442298321,57.65429934786711,58.24744085185337,64.43730948198981,68.2692710631311,81.48530704448802,81.86722549824913,60.26069363187174,52.66393351425332,40.823323285840985,45.002688198340124,52.417450200541545,54.195654074336716,79.13316027538285,82.88057769510823,82.93603635160599,81.61587282781345,76.56326163583158,72.33250305297015,60.26636611677389,57.39045853558786
2025-02-05,61.42066854525133,59.868125296654675,52.67542828566217,47.40271829587635,51.55869903516841,50.95249068060658,57.696028827742914,65.65535611255969,82.31984781070281,82.08396153614834,69.48417350576882,67.30165065986066,51.76642419806886,48.24261483611303,54.150341917358695,56.8501022453285,62.52393946048607,71.39881384785029,76.40317298352794,77.65148444475967,77.19301561925637,77.01100173251085,66.34768165746922,65.69018119070716
2025-02-06,65.88557140914736,63.74171817442442,63.08488709897871,60.46666847551813,58.12233640454781,61.77535023547838,63.93296315378582,69.65671192320632,78.96947328277045,79.88603333270808,75.05119567408275,67.5191019328423,58.50352115031579,62.969478893750896,66.63595920991936,68.03661065175875,74.89086277871559,76.70124017581597,76.26513707899836,73.53447124417376,72.46206569516885,72.58000684944135,70.29771757935275,68.38502974502899
2025-02-07,70.64290702232542,68.88184139911418,62.511767742716536,58.600748603191136,57.94708225846354,61.30237556139917,66.40228189122138,73.95304556222928,82.48889370841738,82.61203747501999,77.18818017375303,68.6099176753867,57.50254303385077,57.05589577488911,64.35352777043285,70.1266350752363,76.41665311111171,81.4324442383448,80.16984339089429,77.93841071561914,76.24196685299898,74.49905258565865,66.61375323723284,66.32937414330944
2025-02-08,72.63487560938813,68.57425617916451,65.0468631824471,62.99051209666536,62.55610545985949,61.128033626836356,64.56103171441609,69.14652416173769,81.94244613352095,83.13902298157615,70.1016522466248,67.17902044676106,57.493301132385255,55.8331717741811,61.862784582933095,62.01097239034459,66.84069232785261,82.09169616450917,80.69155465197177,77.80437798796187,76.34334083073925,74.82920677253782,65.2376767894884,62.65911134537016
2025-02-09,66.6101318338195,61.84955834935748,52.76553042861115,52.31181627805894,53.482254275532256,54.51485658682433,53.419626529566536,57.159343455838574,56.71354327736086,51.490897138613825,49.220154870426235,38.65073434148336,31.882290429168904,35.80285833003205,42.30402400797074,46.06582966192028,54.67767452848893,64.50438046016521,74.91376066116065,76.42384019308555,73.3807697040117,68.95396391608162,60.277092520786724,59.88330240836284
2025-02-10,70.18813150297233,68.14348994721709,60.27595886506765,57.04777271701137,56.20796928298104,57.76705511560239,67.51490001368789,74.43819772327994,82.11499812725337,81.53342605250086,73.9602666167793,69.01574226909507,60.584540732150835,64.90246907083133,71.89024533693156,72.71612097738279,80.33518184991459,83.52619992628642,83.15606638931463,82.25771165933568,79.09655892880745,75.95714312874209,66.03022032864868,67.30476796535642
2025-02-11,73.55040692799079,68.90004583576899,61.39446812083912,61.52511095719438,57.71949918402834,58.275491903276006,62.7386444382495,65.8784066048376,84.89900221032588,84.74638475606139,78.35707658914609,75.46170126957465,63.13919319381648,71.31777886362102,73.46462589503487,76.79907995057705,81.27723741223801,83.30634213033795,82.04351414167276,79.00057375140604,76.725553831307,77.03731754516562,70.37739734281253,70.93560096814484
2025-02-12,72.78282307205049,68.04089072970343,60.5936120384603,55.74590247250892,57.77619279879161,61.02180670556574,64.27687959344752,75.44119180349875,81.02541685832391,83.1260908212755,79.53589773922988,77.32415446135154,69.4468818641312,71.84469422331462,76.70851729432955,77.806963967742,77.34686272607048,83.63449410920764,83.27409632292924,83.33440683546796,78.27462639509932,78.52299237033675,70.91442783986878,70.82889393934144
2025-02-13,71.29456530090476,66.57828509947961,61.60998072710841,59.87932231719492,59.78453096683067,59.47969368546151,64.26570946616985,68.18844529681063,80.72901743373565,81.63659573280779,76.82996397037714,71.83451745862365,60.727696384010905,62.39922476134253,71.67423203910431,72.42560113680868,77.28897091990383,82.17063263602374,81.6523381717763,80.75584016280573,79.03667267187154,77.69563700840492,73.75105271187891,69.44541887168965
2025-02-14,73.72093161192439,64.8618039369868,63.26938290831047,60.53561955705515,60.36951606576583,61.659348878749604,72.05773189439978,68.4587627295987,82.01923979733526,82.70845885698499,79.99982870953659,76.87183946849864,65.65996902667219,65.05308074136214,70.91135003910243,70.9145394424086,76.68239898683079,82.11693706417631,81.54923743687743,81.28854070991459,79.84917730506893,77.03620346935394,69.01876501032238,65.4870794067357
2025-02-15,70.08556376073945,63.60735212636374,58.79434797057526,57.31073303211599,57.87312413850353,56.67406852857606,62.59230332610435,64.53832725283611,76.01110912684008,73.77125198123335,71.69210980546836,67.18863569088776,46.23175690426981,47.08504503938515,56.298839575060924,63.655184338462284,69.40091209515444,75.57571242447307,77.90529157038618,78.11061049565397,77.05716191387248,74.97817700000579,68.01449997219959,67.34142404362862
2025-02-16,73.7741345431698,69.89733937905372,65.34069295903566,61.99373716245349,61.57338304143001,62.806325028651514,72.54004397003189,73.73318352127885,73.43519549356317,66.83071224100486,50.01783669890854,47.27820584522733,28.047836737650826,34.92670239976519,54.624535214702796,58.82559095377915,71.05851073181374,79.27964960305172,83.55772223942233,83.27466315248736,80.25467723647597,78.55921483305775,73.80576529766637,70.50034905662673
2025-02-17,73.96597489401073,70.8743294202537,67.1081439782315,66.0098728549076,65.16341305705352,67.15630529189579,72.41600742848077,77.32182718742062,83.46079050197791,81.08163047856257,75.03032924020407,72.59900071726479,59.57360182497462,69.00602270546294,71.50726581983662,73.1683015310218,77.92507361868617,83.43717248459748,83.73709540069038,83.53454967312291,82.51371010770127,82.42627701581205,73.8903111354915,72.91745920584411
2025-02-18,71.7289451979014,69.1030251387986,67.05427854373204,61.192219165565774,61.333206755174686,62.90059302319463,69.81614065088294,78.8831748648023,83.3044054497644,83.48679434038637,79.08681047748358,70.79594509274837,67.784239152225,66.72890460595146,67.4732695363588,70.56701937561834,79.10260287970523,82.34453597816646,82.20496511937085,81.88238930021937,79.54001872970484,79.30937014669718,71.79664418387543,71.67088676766372
2025-02-19,70.9842085676266,68.30351663914574,61.3126363466193,57.97777283052124,57.90826090260545,61.06515880126997,68.1421323813582,72.78818471537473,79.80123838818841,82.80352864983092,80.03495865059502,75.89029918762246,68.59759925843687,71.98930984923912,77.79715543154529,76.2552587306972,77.95963291114468,81.8024295992511,79.17493174946215,77.06176636711054,72.57310844485829,69.78009036153368,63.95309752871282,60.485129192408685
2025-02-20,69.12623127652482,63.9232975052819,58.328834642165,55.583458097344895,55.89061078565772,56.6761145802153,66.00521440856181,67.81344960174896,80.16413575697375,82.05965791082066,79.1542199558391,75.38938269503899,68.10893693968195,66.1526014269599,69.68715544390987,70.87250579587753,73.90729119400008,79.8962601595544,79.1539285496493,74.52897929519216,72.71978270542685,71.03535767722296,64.92385491203639,60.55889174970291
2025-02-21,68.34857706497634,63.50697698841161,57.13493704423924,54.78097881072591,55.041694489860646,58.71490491248644,64.0003225624058,67.44256074306061,80.57859067260095,80.26970420397906,74.77128411960386,71.14976384182347,57.11500813860734,55.36940869957119,67.06369974931333,69.3532215940074,73.65149307952781,79.72591948374351,78.44277413345753,77.48474304728381,73.93216039807079,66.34592798378974,62.155141102532916,61.80783650314516
2025-02-22,71.00067710978742,65.81368118707805,60.73413505650293,59.030666310105644,56.94437614478785,58.1538446449113,62.410266956616496,67.71252744596009,76.9449870310149,74.61989670178448,64.54877277530815,64.54077339143086,50.7178557777992,55.156830091644146,63.77087002083836,67.97144265286705,73.4229402824117,79.75389959284291,81.603448516281,81.80413866423207,79.68251494981857,74.679630548937,70.12690589589498,67.77146975671053
2025-02-23,71.36379651558235,65.48209292814903,63.54363477214556,65.30851847368648,65.53764921117254,66.70202996566628,73.21147983186708,74.61611123703327,74.16766578621377,71.78239847251078,60.34728496500784,39.656545831535496,31.945574415619706,40.985159048232624,56.03955048305373,58.522908264253886,64.88536719065883,78.20803882271835,81.14823903827389,82.51233596264008,81.43927198062889,79.59002264346526,69.70554419849451,68.12607294744348
2025-02-24,70.30416495831132,69.66392591058685,62.598101084320035,60.2433939377794,60.796521653966565,62.565153949299095,71.93086708092359,74.95591820803985,84.42544969205588,82.02587390585929,71.37369112606633,66.75659536206324,61.71637311508345,63.4737504090779,67.50343734278476,72.28123621517187,74.58863110327417,80.43572137768489,81.6055251906909,82.26026469701418,79.45338619447595,77.23438136786707,71.24030529352333,70.28709153631507
2025-02-25,74.52832934608466,68.57342146730446,63.93949839450289,60.5142946665654,63.32853858808986,68.12889550808956,73.81606796646804,77.83900087440293,83.25216730110651,80.28122761556418,73.19474242846739,70.48506170041634,67.96086893799104,68.81588876380657,73.45278468010055,73.51912561306011,78.24291947010603,81.39848897218327,82.64385645942932,82.16696643071715,82.3014453739407,81.89452693533406,79.74104124534063,80.13483811831753
2025-02-26,78.8247190353173,73.73778729915192,69.52339420155069,62.307345421759486,62.770716686560384,65.36723455198401,75.5248345697679,79.3468492583023,83.3364681845241,79.96238530876121,74.94720584460951,68.2717554975011,58.76918568596995,62.152856745785506,68.66518592267808,69.47696806879154,76.82707201759528,81.8496871932649,82.43818220841163,82.55983646133015,82.61785685020497,82.36634943861708,80.92763586632911,75.06407692909896
2025-02-27,77.68444580255634,69.6468979137435,67.08544735198927,60.969031438140846,59.06489372147142,64.51054988747445,68.59450796398704,71.55389685826349,81.64312795939232,78.86878175611734,68.53903290227497,62.01857912696758,50.55001868177997,53.2792743873242,62.1318308444209,65.81511056856394,71.40096556310169,82.21324769161274,82.58837085010094,81.76492647427965,81.96985630544326,82.49500649037638,72.05184385589537,69.69792527730458
2025-02-28,75.26084519668477,71.49076826371713,66.56013459389506,63.69110588163705,58.746232791836924,64.01021162968443,66.77943125251197,74.58268279207792,82.93785434396334,76.27153554775525,62.483648743128924,58.53558230970543,40.43294363600601,47.69910529232411,57.89288239060066,62.44032445113779,69.31640081881586,79.64380752197785,82.1996374588201,81.66121800449758,78.05084220818219,76.31141720945863,69.19186611328317,68.47825488361599
2025-03-01,73.7014856721046,68.95527031101942,63.16587647240066,62.70972799463372,62.68228575587127,66.09372731669416,73.53847723523182,76.26656271968491,81.42984638344153,76.11548535928061,69.44547477163312,67.33362532832778,52.661605254758655,57.904159973024896,64.9143407430576,68.43589176711845,73.75429220323666,80.39665156071077,79.80778638323822,80.74245521145367,79.52075261531293,78.07170592284022,67.43018670899232,70.29116609686926
2025-03-02,74.75434715011824,72.17877057824215,67.89930935679341,70.54014340626682,71.35815292652893,72.82189875989096,77.19900715736402,73.40551638159236,66.0249956721659,53.065493556981885,45.944349605253365,28.74200610790636,22.813589858002683,27.577982085044578,33.55287598741727,35.245227136185235,55.14506909553484,75.70727341833688,80.44265839928052,80.5189388711884,80.63273790309776,80.08542297404088,68.72913859009967,68.0928025388166
2025-03-03,70.49474917418085,68.02097550370452,62.802233666989665,61.62411938570361,64.29800966682193,66.97018270334554,68.37765611096194,68.8781673097237,79.781599098981,71.1643081366419,66.83340746495388,62.54308193836207,54.024272448103936,57.906225480292136,65.05706478763885,68.6615061893086,73.03277382703376,82.29669420788947,82.0093527568334,80.47761968190052,80.2131374420458,77.02691818394645,72.12740115533977,71.56377585268342
2025-03-04,72.91606076960117,69.64905268509037,64.6096174375413,58.63329797208254,59.445191623163275,60.55006359982685,69.1143742578643,70.15721923288196,80.20711411638214,81.49970222608125,75.62930194605944,68.36878422494328,59.48702073231787,61.00888568629704,66.12574463277232,69.83422997556484,78.17007379911735,79.33393187182956,78.83862095555115,74.26440852348759,74.05276926293148,73.76508490862174,68.07397148608153,68.00776866025284
2025-03-05,69.54921263009017,63.57830224276858,60.96535708862531,56.50637231959888,57.49951393492697,59.47261337283723,62.39864618839934,69.04687762714754,79.82762192002335,78.11047712933593,67.8403517364232,61.53867343388751,49.980227058043496,55.51235389850867,63.39558885931107,64.12961326106692,67.28054010153991,79.21722160384601,79.05864372318213,78.94139853939936,78.32151724124256,76.68192186618431,68.61562956162743,64.90303911173345
2025-03-06,70.44395635476684,69.1950139656558,63.16143836651857,61.16041520590785,66.23979769047227,69.4483307658,73.22574025132548,72.55643235175583,81.58959365594944,75.77062253840774,65.52631701166703,64.60320263127647,49.928144078253425,55.56424676446597,63.892984516230825,63.92081172144101,65.55420109705203,78.69922688460649,78.96621309906078,78.38023655282329,76.73454791079386,76.43183459965915,62.687430660143235,66.3315689846693
2025-03-07,65.80376789280248,61.90210284781073,59.82984188361627,60.42421337771384,65.69281039787008,69.31953323678533,73.89129204332205,72.02968313338307,78.2167794507999,75.01884681442337,66.82383825418108,62.833140050931135,50.37546041111184,49.68524281285124,62.58839497353885,63.9806950189573,72.24999919511825,77.45785764133142,78.40629578047603,75.94301244253839,75.3060301080779,75.23970652114292,61.3414062748423,62.61614259015772
2025-03-08,67.18820827389834,66.32143755094965,61.982424303512936,66.12291182157004,70.64291884668728,71.71937590464188,72.46150812866078,69.2012838571189,72.4634194005768,52.7747465312215,54.91207966159548,41.228899183510755,32.3245181500239,37.35143178175634,42.53240831455655,43.00506853103554,55.179740546043305,72.44991003145513,77.68174560705259,76.60591488487887,77.91408142877977,76.32359710162773,63.769628656746164,66.75037374618171
2025-03-09,69.1945428334146,66.27524240181941,64.38440537323835,66.08395647501041,70.81067472709658,72.05359202734894,72.7259942609227,67.81811655281085,53.28257712061704,41.248774398022455,23.72768991967246,17.521791451885274,14.777077136269272,23.132837603830133,27.36824914982301,27.49595284693669,45.48631210652346,72.92826393335197,81.86846925808338,78.65844879586616,81.65750747888454,77.10616032141411,68.10675853910138,67.65274832072711
2025-03-10,71.64372366764152,68.94047000472855,65.08189728328442,62.285558252505155,66.18184104149623,69.72287539347774,71.69053597611871,68.27746463963675,76.76805546005811,76.01512966482116,60.38859060787113,57.367612664333066,42.083858592248646,50.776846108200225,62.35563383769051,65.01205572855426,71.30833602700295,74.96577760756313,82.69721374970081,77.70240210129687,79.78035331106727,80.65182562660596,70.51854344685064,69.38458880179446
2025-03-11,68.08484480732548,66.63638591289133,60.86380236753243,58.155779677243466,65.11702067702079,66.66217093832388,70.50041381250824,69.00957349174698,77.87506364275393,63.99980065307028,54.56695752564587,43.62510389156959,28.24169882322652,34.91702974375496,44.323812567993926,46.29596410071663,61.98993457539658,73.77401232752064,77.51133401512257,75.96929731740266,76.36543592695041,74.09981658093034,59.735593668544325,60.0152168562299
2025-03-12,64.01004310815637,57.10660333326678,51.67459834579831,51.87965357271711,57.45365454422202,60.53085281933162,62.369832140995335,58.58936701905468,63.10919499098853,46.18888016764849,42.674889157344,28.271105149672483,14.985691382239027,20.74021626858881,29.648040207684314,33.53494502935189,41.17101480061562,61.8966678213637,72.51271105989444,72.58466976775088,72.6273059608337,70.77934543740591,53.254309525273726,52.75810025118927
2025-03-13,64.53807045840908,62.34499363502893,58.42054772320002,57.85382218081741,61.38241934159152,65.89428184832636,68.98475045979919,66.08187733891135,71.56659744150629,59.63395929342222,30.182180111979758,15.754791651508041,6.618892014717559,9.909092895822301,20.059856302627406,33.80596139824028,42.447772393994285,68.41281061225322,75.55731330252769,73.56150181521748,75.20637705439364,73.70401690318327,58.46863413341885,60.634025560658316
2025-03-14,63.49436794884996,59.30791593973018,55.38737861026218,53.357100961474124,64.0317187354657,66.57692671130783,69.73592471684154,66.49030369716463,67.42981905700343,33.13441111209203,36.41085908161753,21.779561025612114,4.622962011228707,5.4862822843429,20.555466557091197,23.378981162482006,40.892147791241875,64.98367988617552,75.39042634751499,76.01620181703096,77.66048570016795,76.87726780055334,61.286804772614396,59.31025313253175
2025-03-15,65.19531029600645,60.84334439371225,58.602002818143205,59.21078449659582,68.21529794976712,69.31395937462685,72.92010522341029,62.13563881546484,53.027225826005306,34.841587730321315,18.47902579604862,10.840061451897379,6.066354634736091,5.569882276899865,13.04082693265156,12.460744300602466,28.31662788494592,63.398483633650045,76.95522565829354,78.29570284449875,80.63281654647045,77.83266613257717,62.489588577322884,60.4094272271181
2025-03-16,62.35656950808579,51.21191826497989,55.24030672030324,53.32157775239213,57.428869558933705,59.85153742200142,68.46369488747956,43.56488839678354,28.745434862223462,18.698172971741766,16.36831906536697,14.74097500888228,6.9932296921191925,7.17272307222948,15.848780870269293,16.91507410978955,30.46577572353252,60.62998585978882,75.33903697339123,78.52211657647942,78.67839870748213,77.14637237808937,59.14972904630801,59.02190797654494
2025-03-17,67.82048854392768,59.40490752869954,51.193335383776414,52.073919456570586,60.79009191041858,62.55255966386452,68.54751427340734,54.68227076237353,55.39803075750536,39.71864079003359,37.09763113165934,33.14712557986567,23.453650415647004,19.875558272692654,29.370596929975708,31.63541689713301,60.32584239507502,72.19327378739983,79.31084430357885,81.14485263628873,80.34947144883951,78.52450519222147,70.43506895332212,70.01852050947187
2025-03-18,72.54377975352918,65.47366360820531,64.50688483475331,60.954816107623905,70.53910714298162,71.186234345088,72.88654677918103,63.829985009081646,73.6090965714102,70.24441937484032,41.019517141798616,28.83264404628952,23.9764741200724,25.0587021371859,31.15774613753388,45.62591008203352,57.61942893274522,72.6520340037689,74.13411890492578,71.36656146477841,73.30965351451752,72.50257683309098,60.06813152238044,58.71374774744742
2025-03-19,71.6341902947268,55.73177720640645,49.554315684216284,51.69369265307728,55.34279173413207,56.815322471030356,61.34012773992084,47.9816838517947,69.30245942810726,54.50822776788316,44.396243037449715,43.58501771777153,30.73357562938848,30.41046257474288,38.22943558751089,42.602608234019804,60.72226793852707,72.28720915657372,75.26889353791371,74.46447186402287,75.62553676559773,74.38655489703582,59.66965709672279,59.75683052672617
2025-03-20,61.4914723096614,61.89511514477787,57.509154325407785,57.795011417554406,64.72263875371561,67.06204777629152,67.95207545170763,58.09547618056836,73.71534022591817,71.37357281398124,68.8426309714198,60.324658825551516,37.31220629220227,36.59285807904159,45.82974605970469,56.42162544270397,47.925597397747445,65.86836501789519,74.74880769121988,76.72525838133923,77.46260521902506,77.47956542682044,61.57051259211037,60.01932950012408
2025-03-21,64.66976258121711,64.19008603400819,59.661259246031996,58.92857733485032,58.60527741840088,62.10166357358807,67.13730194960907,67.52774487182383,77.53673978618335,74.2779509153536,56.689734123318296,48.51779457658746,38.91072920878469,41.28180553879604,48.01547907293945,55.945716535670314,60.31748799062412,69.09874748075438,76.20975030286229,77.93105800448555,78.59859130591147,77.19351826917155,65.58623165039842,65.72072156012071
2025-03-22,72.671305294471,70.47057572009305,64.88675543665781,61.21158708867165,63.36954805378549,66.67794461899622,73.66186690825063,60.00170638576533,66.68578974528126,59.80072476609862,56.72795819601357,48.01036595804456,29.459341994262623,31.497636317088332,43.39037425495611,34.08791382612688,53.80978970192054,74.1927886356254,80.17036610738361,80.30079897970678,80.30454598670669,79.85968827885505,71.19172411949084,73.69163245014859
2025-03-23,76.78681247409463,75.72073251368481,72.39913870535472,64.50229826337832,74.43422544575783,73.02922101444562,76.87349541709004,58.24650116523303,33.43530048681296,22.317502529255997,21.296247069421398,16.34809823536028,13.398629538576055,13.053592410809925,16.071754284303417,29.76635761222112,39.187901505493905,68.89469507244337,76.97515146434974,78.37228404921758,77.97694668314759,75.16468470175309,70.57398006144591,69.35001755849916
2025-03-24,71.1348927882004,70.90492443147025,62.28076058455258,56.079112829288135,67.88278313814781,68.66931263448129,66.94631506903276,58.81690059399111,52.25243016324565,56.036644348506215,52.71985316114688,51.053752104282225,27.51494602217301,28.61184645914404,44.22893488971343,50.26809892209351,66.68444491438248,78.40169874652233,81.64613492057632,80.02628783607797,80.7127624883427,80.17664373145902,68.65248381478607,69.80957227259542
2025-03-25,73.92022241356075,67.49970482818985,63.31060096088003,60.12601822770802,57.95421730083735,59.68698412485448,68.99018491567352,61.99274918380964,75.58569093337226,72.5286553019157,62.847262555438505,60.34457248577989,37.714560623848776,38.75365847861166,48.51444630304671,53.06343824670715,70.45281912363653,79.4041200403142,79.51530461568997,78.24397382169575,77.77709283606285,77.84492361445845,62.29719647625489,63.316034572407666
2025-03-26,71.70624365228147,69.21067878767971,64.32717878759301,61.929582519120245,62.153646188241865,67.37126804954188,67.90712556157928,64.53534943896577,79.65684038255567,77.50204044104407,69.24647565087642,62.73941527905401,36.46609769946381,43.63305628640439,63.33433353064192,64.98862136278328,64.08717132160695,78.5995667183123,81.16202561359742,81.25902870295052,81.02332828100982,80.38621427649315,69.08088249128676,68.97927663212492
2025-03-27,73.19311358041453,72.27629372729378,61.31150227241743,60.63649245002871,60.46037136345181,66.79453989997305,70.6449064821544,65.99695585114233,78.01498499467817,77.06294000360428,60.978347872382116,60.970208509757995,47.086468730375884,57.69127034111587,68.42000195799187,71.00406748853524,75.61255632556619,78.51922399454652,79.34312299262012,79.36548741293774,79.23757814212755,78.75117423962415,71.94954130819232,71.05437808054363
2025-03-28,74.48797893222064,68.98811090843881,65.84258213162776,63.554565831316566,64.39475101446925,65.31771764117289,74.10758722587936,64.22160980170275,76.03307030496094,73.57187807745103,65.91931375245731,65.1130964630702,49.881252881487946,52.093288823734525,65.1507559707509,61.1086718932386,61.14819572442713,77.95073689955359,79.5737285767771,79.48392330080452,79.56846153700258,79.4300159148442,70.3282161769982,72.27621616744383
2025-03-29,68.39028846690142,57.98278805579549,53.14704294667497,57.273284452277395,52.59018761258546,55.15552613869152,55.381247155126665,47.62594088013817,56.58887860518552,49.10958755627083,35.638381144765205,28.6194306988418,23.588905392391496,22.4869445912684,27.907040734516436,41.62385311641271,44.95834505418737,59.662455381058514,71.77222042239633,74.13128987331486,72.81113048262652,72.53011015546096,61.950339800516375,62.66847882336117
2025-03-30,70.11885384556066,64.1386508963416,64.65025796077279,61.976562060368494,65.83927215582703,62.956840326281785,62.332493210156976,33.63439137937456,5.583278867606012,-1.262399508536565,-6.032861229372232,-9.009498939042379,-5.226662633725104,-3.7765372852308055,-6.47945822735118,0.598572054470669,3.584305473004983,36.6173817260566,59.38663341682596,68.74950245665028,76.07542642804526,75.12094460207865,67.28277684977061,67.4767900110128
2025-03-31,69.66908261958143,65.99260644649966,57.34909025834858,60.41911129266311,61.71283471731684,63.08786735128751,67.08682582122997,50.70780272073711,53.63757263348758,45.95784760717533,40.5420609369651,42.533444074178604,28.281621377444534,28.473517860356043,36.056897637952,37.19139135882869,51.128321992415486,65.27181861517299,75.41476261529345,77.15145368799995,76.76451132134041,74.42756919522841,55.13037602826516,51.109247939055834
2025-04-01,60.830997119894356,54.342476753836195,46.31730456816429,50.11118083841936,49.73832787905961,58.30772010500412,61.34626765853976,49.31628070832129,36.13618901393223,36.44288254908979,26.225801689406364,15.332382210150303,10.810946636217126,9.691828102770526,25.41835340150459,28.970352919235612,45.195311553663444,64.33056010200607,72.69349726966298,77.47755116625179,78.78623509156803,76.87963945365968,60.6882044122148,59.4080505294793
2025-04-02,70.1832520310206,56.711978557232314,46.15328762008325,44.97532105567052,43.35673483558163,50.94836772074748,55.68745478030311,42.028755951092776,49.356719394775155,47.14163690429975,31.256036327778126,37.24810004806411,39.38185779877923,47.60560210515327,53.21382132720113,63.2999586599453,69.89535590735359,73.25362215483787,77.06418959326308,77.56567620524969,78.89507078270785,77.27350498506947,68.70355191686228,66.55220012756502
2025-04-03,69.90528225925209,64.8996239145855,60.88603739030178,58.20203209188825,59.35643725937583,57.581127270145075,67.03771617056786,61.642424478937976,74.0094250478195,71.70607466064006,66.86601027933887,61.41719231564475,53.4988434123605,57.91170647992835,63.31014596319218,56.7578022223414,63.901303417073045,72.99158240292927,76.13093174203942,78.90441289626006,78.9786481884423,79.07663209524941,69.54157387316528,67.38432367253911
2025-04-04,67.83293760464407,66.03486981503865,57.14657331747897,54.01415121634442,52.929540171435804,54.53395880531578,66.6032647556772,63.82462189287147,71.90582999350107,70.20026595478356,59.18218073685983,52.44586121893827,42.16383427240797,41.91692733866684,50.37532755865679,62.282112811836335,66.27375822766449,73.30699806543608,76.34843113702796,76.32766420139247,76.69032243294252,75.62106442669138,66.52301540088611,64.16323580240815
2025-04-05,68.66128992759141,67.23042320577262,63.85445988819371,63.83604641080228,64.6859099264322,66.17569216143546,69.40358022700447,49.00304000342229,52.699534300495166,52.301214498988415,34.23042113130764,33.04981306066859,21.536284967316192,21.743265200566945,34.815053651618605,44.47384179797404,52.13146156126657,67.20178155656357,75.99062183940877,78.72401559670647,78.68558431229144,77.70758783428785,67.3246294696116,65.96352162279939
2025-04-06,70.56667140134928,66.8055067814803,61.24940062727109,56.19697522059359,55.997175052651635,61.3709686605211,64.85008505288285,37.00303037296106,54.17624478108273,42.00061422153581,32.28631306254339,16.77196101657401,10.66064883737314,11.577930038240176,12.637235573618643,20.271867880718123,43.63777820911972,58.40157697884926,80.24979077063179,82.27978388419766,82.09068890695869,79.52409735724746,60.24054991939955,55.98095998157251
2025-04-07,73.52462710499044,67.47743839289643,61.58975041264866,53.602085000398866,53.51275990481327,60.5690521765811,66.73820005040773,48.49807617367691,47.20585577858928,48.35180251322466,46.15853059130287,41.10594443548558,39.656861511453016,41.03968939455903,42.31111405439264,44.96993021808271,50.60568268397763,71.57844737278204,77.61227995997469,85.57982599517297,88.16112733986569,87.46020201834945,72.8714295757098,69.4405527884214
2025-04-08,76.14437920038569,69.94349334170263,61.68942696024831,59.29026721643746,58.170196920462615,61.14426236546737,65.17381120703253,59.45624907207618,75.13432478963178,68.89742129699565,59.685614885636866,55.15961946519305,39.44002911039977,46.53161110532223,60.462892218349424,61.4630869440035,69.27899991370535,80.70146431457019,85.80434923178548,87.51053556664661,88.21236038979735,87.63870739589922,77.87839464886258,73.56898587949718
2025-04-09,78.96949932742169,77.1884938441056,65.87246566303402,62.04752252315615,64.38342245773343,68.87743294938676,76.15869213327234,74.54008991396512,81.04245043164651,74.40589379405328,67.81422434299334,66.33369521060408,60.42658784735748,60.73376457617787,66.97699867045966,68.56536933801182,76.26530609324838,88.71001090922746,88.67177492799198,89.23285165731954,89.20583358325597,89.41061574148846,77.42799735380946,77.39100812812606
2025-04-10,84.77454583322908,76.90423741928126,69.92144648047413,63.9123187725727,66.09577408913671,73.1097906680956,75.68698652796101,73.11354110062203,86.84266549642109,82.06749452441183,73.84917706010427,72.0361011772131,50.825379946836016,54.600943761946965,62.562183649917735,64.90484404842944,74.08227044111543,85.9704310461714,88.58889107350518,89.14161053393303,88.72932723837371,88.15609538889906,81.09928700931121,75.36513653692603
2025-04-11,78.17346667734024,71.59781257533817,63.72091169760701,62.086817621562254,57.85235349626428,66.06096642518075,70.16810743145913,64.21710425858716,78.54117703332878,77.70328324933762,72.27681300123747,64.1403797630287,58.24364690465349,52.53753703882165,67.35358650384002,67.53730936288052,77.04520982822082,88.60241369845816,89.09869081780685,89.29076266095676,89.28116226146619,89.09103168752294,82.47209413282215,81.88032795920796
2025-04-12,79.65117127230403,72.31964008824733,67.40421320635858,61.072436665174294,63.54202988290618,69.06280649430569,69.86923945132018,57.79273246581014,70.43252529089959,69.3234373861599,61.115352347817456,61.37776861892258,59.51833293345054,60.154835317267484,62.876584307575584,63.871349942072186,67.03544188810042,85.81447718220068,88.64891379700464,89.22318758861721,89.38220253369732,88.56827223320202,74.66034130841796,74.07064945652233
2025-04-13,77.54219963224436,75.68197182001737,66.70812810044174,65.33703104196194,62.361285460402094,65.84913030778172,69.07244838297592,38.263585320822614,35.542741574056386,35.30647525440863,33.96845241656798,23.075430733712395,10.510063742836225,28.581264990834928,23.92366372932225,37.79787505795344,46.37148976330693,69.62676522209016,80.9850590756884,89.4118029091357,89.40279936077746,87.7765758228294,74.23770156438864,72.95246885319345
2025-04-14,83.91491166787118,82.76142542768424,76.26914093514063,70.83994458163785,71.14285035245315,79.86664855384421,75.22352657366393,69.58400218119007,79.75646182847754,72.88373131488781,71.25821810995416,66.73470157525018,52.827736572608956,58.50768628547692,71.25468450595837,72.77980017616937,81.11010460204973,81.73513777821174,88.2739256663951,90.43707164932117,90.01090780782998,90.38701985909752,90.54522327650653,84.36183962869904
2025-04-15,77.93066498653882,77.38514239320926,71.49754758578271,60.514270150513426,66.30856216563382,71.18530426132075,71.74533422010589,75.39470871496879,90.12046775670919,87.38668215342003,75.11502352736942,73.75137781078531,61.593717791747245,68.82011917985017,71.71535678484196,73.33119906193056,74.56797036383634,88.38782545250268,89.2658659071443,89.45090567740395,89.24428175962014,89.37974713884462,83.13607191435545,76.62904772854417
2025-04-16,82.56042908084373,78.75704165689592,72.90477459176637,67.35949674044173,70.97377613727676,76.27608058764068,76.58789765783769,74.22969667953431,88.49197515703901,83.69114918046301,73.48242771533327,72.67726792609976,59.08516367771829,67.97019242753238,67.04125851574136,64.96685261312396,77.04815234955686,88.8393514307997,90.00055277301415,89.77449722284184,89.76523827163119,89.8135246579037,89.89529413086098,86.37242336716504
2025-04-17,87.16022075822833,81.20665523309795,72.47046734125557,72.56157618892543,73.40819959028644,74.35798817508896,74.27037874981316,72.2868687563197,82.46918155769441,80.08110153315538,73.89290291377976,74.1917433829929,59.50550282113711,58.64662481704153,68.7308544835211,69.43313029823003,78.11941728336525,86.9792267141946,89.58814011533205,89.45621099987224,89.41099597475714,89.37497356196513,89.22827977376221,88.64474289814387
2025-04-18,86.28170597897173,84.49447633191156,78.31444450766256,78.0510780639971,79.62639056896147,82.45259695268055,77.40240782373252,68.37437262359705,75.56186005921464,73.60900114669845,54.98065172088609,59.78022181895213,39.51835864380723,41.45032153547558,55.01834634345509,56.146887425755224,69.40590690862732,83.57108273928624,88.98228367795028,89.392240884733,89.76462832980482,89.78494196635026,89.61811708497419,86.8707722585225
2025-04-19,81.28303834313111,76.34352487003548,72.49237465869646,70.7864463735865,72.28690321262508,75.75323296909195,76.61384124468509,63.405489760203196,66.78520980635022,60.78339062513847,46.086780952360016,35.34581783222952,23.49248620640231,35.19881883682552,35.19695626741118,47.544078123371996,62.038735308366086,76.6928588636321,88.41985746664923,89.58969536623802,89.68625643478771,89.63561654852346,89.19679622003183,84.24290841788321
2025-04-20,83.26357211659328,81.35801440785906,74.64327858592975,72.30697181323642,72.61772086870657,78.02672529889735,72.31472101696977,53.11935513419875,43.67105332699458,13.894753074682024,4.384927348789721,1.46876411452397,3.875044507744756,3.359760249914468,4.0557703135493846,8.78327980143923,30.813747967926158,56.29693014739601,73.98247843797895,89.31513144956732,89.50711178639881,89.29357853470053,86.72354599118616,80.13091903813894
2025-04-21,84.26881713565916,80.99538038802311,74.18112283642218,73.43501481226163,76.18266832021193,83.85645691178026,85.12893777917083,71.51164413112849,80.09050871889744,69.38973605018082,56.344282926520336,58.54384089906817,43.849095575781746,50.56534600834272,48.337920432727415,49.70130742132224,61.13863548172406,81.55024922742092,84.62866146602725,89.62796752886095,89.5788729252413,89.57882145696325,82.24759068710509,79.89039614098807
2025-04-22,81.4329369118621,81.05685950496597,73.8134476555331,72.48541871716158,74.58496974866469,79.42691005145606,75.81094707723936,68.36120667946041,80.42384492537523,72.4400144091883,58.6798892097735,56.38198924641217,40.78024032463397,45.70431963208448,51.45093867464746,54.004657065794966,72.07133518552645,82.9187230255568,87.67865969381843,89.45956091008023,89.46364250351715,89.4977207839449,88.96419339106455,85.59863692250745
2025-04-23,84.30611567864554,80.70431088273351,77.51898913221703,75.25531102730811,74.1496113791592,80.42985708941032,69.63423703514727,52.1282355197065,74.14357402977654,51.38205376817761,25.240073260670467,21.017379102935816,22.657436771144408,20.473819451476913,21.505969484670864,24.403073592290518,58.74576882677003,75.24649087422047,85.75238336625803,89.09224653632408,89.52371209913102,89.52058620936364,88.95083295987656,80.9890437400267
2025-04-24,81.0928999783902,78.49318123723323,74.64364030834453,74.39315343402556,74.02981456872617,75.80141365609765,75.58022880871674,67.40091647175936,72.94470547483616,59.690889932835,39.925412122937466,35.95694651137507,26.07341546875093,29.009591992830963,39.32802714048569,45.92544768482838,66.53304873442451,79.38218694304825,85.35708835591039,89.08468108125237,89.33441457748785,89.33965760547,80.40856671311496,78.9809917307204
2025-04-25,81.56447103277283,79.60806205849048,74.81343142030772,72.67530140139183,72.41383319218144,75.79053573844752,74.21634886995676,66.67153828347084,80.88039512638231,75.83381374335583,49.98261102963029,50.57387707840322,35.67111932032038,38.029807051256874,51.041134930693076,63.60845063967358,77.04376796627407,84.37196360899523,87.32329730957348,89.67117278346008,89.36629871391756,89.57895554034098,83.61207953837673,80.60824835022122
2025-04-26,80.51263764715208,77.19631457324603,72.34324047368601,70.2650591180595,70.70304468607328,72.34738233172905,75.21694371371464,56.45408439125388,78.29306960473893,71.54699237658815,68.234301080449,52.20804468554779,27.41607575742461,30.84331729394451,33.074367297517334,37.384403734801595,56.79277676790865,78.35467276724859,85.9308154317503,89.62579850547539,89.62084643066494,89.49642251599677,86.20136448585515,82.43726902328781
2025-04-27,80.2057957559735,78.43292675040861,72.88335204792735,70.40030072870815,67.08851562986386,69.46702299487409,65.6758127745599,42.70642940289976,37.55459298373272,16.683751151989856,13.554257955822852,12.771499235865813,2.332786095728785,13.130907089751775,15.747683545498509,14.783957907521714,22.35812080703961,54.8278431575204,78.4309503661707,84.1556252581109,84.40517427855366,84.3173262407055,71.82761090376403,70.32148981592684
2025-04-28,72.19212210738135,68.26953958812008,66.42818175028664,62.9885699254502,50.929143500041334,61.26809430973529,57.75667076506036,44.52192891000854,66.94508963000082,53.45736273901423,49.627355157671104,43.772817801843345,36.06877025066376,39.230594820550024,46.932841227654194,47.89943576464789,60.82827722849091,70.00208382596747,82.61340772961715,86.10281742121036,86.86424545029837,85.78953301883935,75.93424362990012,74.44620928281508
2025-04-29,66.79342916853976,58.27794825871883,52.75967353576922,47.03685220027404,46.72240817001252,47.48112250937255,41.06151554016557,40.659918620874514,57.90218200648681,49.257322274176005,38.93571058638942,36.32257081183561,24.173379906480733,25.268784732257693,34.90454091259766,41.32132924302008,51.47959247034165,61.596234364257995,74.05105648679097,86.10652054645381,86.82325510877754,83.18277796476379,74.1165431496411,60.820847701670736
2025-04-30,61.89413500359881,54.335160166477706,46.179004246179325,51.92245015027933,40.816385082288015,41.64140912727363,37.248758470288344,42.895364143326084,47.17221137057908,40.751963472446086,34.64532087954739,30.947568418838387,21.91486106914145,29.907718290835057,40.000467731616766,39.128394018576124,46.65118387170865,66.53639135707853,83.52268608239312,88.1992637453,88.75677339791447,87.71811409468829,69.97484846584018,65.70410514098154
2025-05-01,72.90131071177994,69.31945409337614,58.58945696267544,52.81057575440463,44.63829275434872,52.40866586168999,44.74095171723189,37.50980554964331,51.68301295245948,47.59468254476636,38.055463437846285,33.020033730931026,28.133179596397596,28.8093180131224,38.92181698197859,41.888276712041666,58.74209932494184,82.97806554285097,85.67845853796963,88.96267306741375,89.55487482603115,89.01782124172665,80.85202964110341,70.60108214004867
2025-05-02,72.82268338215425,69.3427084751871,48.78081769455297,49.5139357351078,50.74636550448448,51.099764822884126,44.05559609881555,40.99724566829655,62.14780403600792,58.229233607625055,50.22551247097372,50.545248358719284,31.144088546748744,31.03162557523947,42.10463377111569,42.96792516530404,52.490745459030485,66.10118361556458,80.34209961417517,88.17671514915492,87.9939586690349,85.41429612705761,73.59465722324632,73.40367256916515
2025-05-03,78.10669082751478,74.4570057163069,75.23499286097996,71.74886131608014,70.82209558274326,72.24613538586061,69.65907728434222,54.17102592345954,66.53694493665814,63.443939704335534,61.2844706584629,61.07539611530559,30.127832601578703,32.77053257833691,32.19031700516763,32.83601251692896,42.87192360751533,72.27773101502305,77.9547486013017,87.97538355726745,88.89946582112383,86.87861764168721,79.77029817046875,80.0908908197538
2025-05-04,78.95748446751206,80.88307890160277,73.84095694564974,71.19082055637283,75.19842830850172,74.25924005427609,71.94996302198741,49.44579912532198,37.190691395616916,31.171695240591166,25.017598207920102,21.854888867919037,16.770928899322257,15.76086130082176,17.656161371637637,18.929240965889466,32.24368835805632,64.97575963973465,79.88902010805218,88.18655587922184,89.32620888704979,87.58164248727309,79.59116998848236,77.97400990934771
2025-05-05,77.55555363391228,72.43537004394307,61.333510424155044,61.10580460580954,64.86667836254692,60.40785610445296,57.827148471974795,44.358325548965425,56.78048694058758,44.089851871750994,40.71162698772978,36.79978364400426,25.213576263803095,32.82762654155416,39.387943069912446,39.669305726376635,52.99343103481414,73.41286889440973,81.12348993540004,88.20900060832321,89.11599638694854,88.771047701042,85.15446158742854,79.22039386268642
2025-05-06,77.65140079188964,75.56836606778522,74.54550714510911,72.3676266997725,73.48859906451294,67.89623449136552,58.73100088740423,49.154388319457645,69.83560770668069,60.594105760526894,43.380771073993316,39.93134615959173,29.127185733991798,32.18645444705311,43.58189247201032,44.397121135798784,60.195441214763584,79.20753592132586,85.16735466396845,88.66037015214029,88.78600502166128,88.36718454768008,83.4012073303458,79.38610077042993
2025-05-07,79.02647448936229,76.29169586434145,67.03446432249376,68.75645543238687,70.84635561263127,73.20529151841832,64.67293559362652,45.80649287691269,63.897768422586466,49.91810514829131,32.38827449657394,31.792532410869686,15.543095275926252,15.264374213027814,22.776226649942963,27.77305477418885,47.958176892919255,76.29105596173756,76.45127912732379,87.3528488728706,87.60085304489121,86.92567946134243,74.99412327259213,71.25560153922402
2025-05-08,79.34126530002686,70.5664085670629,67.1717971683929,66.91043843971983,67.47248722010808,64.00939978310265,54.62977885926431,36.54604887607183,46.887039527698334,40.262619258793165,27.651814800064102,27.197722468659276,23.32058534189501,15.29726327949576,27.9520872945886,29.86557364939329,35.67929270863073,63.74796715909695,73.0889470114797,87.50488173545212,88.4459917189542,88.48932158056711,79.74715433262763,77.31446985150352
2025-05-09,79.14384827686987,75.90876382702689,71.01993600373822,72.25617565753605,72.13282890851927,69.5519596225623,68.1544442034001,59.95260121842729,80.64471583881043,70.50914345026753,65.62553085297093,63.31051733309052,37.240507190129605,33.075945874403594,46.343781211596166,44.81563776599774,66.10012718682849,79.25393793785194,83.7949682878195,87.96269827990733,88.21350404197534,88.23413318957904,74.53646763039664,74.40186310472143
2025-05-10,82.35404275805752,77.5400420942718,73.37552017268997,74.68426258642515,77.27992999010256,69.2893435853125,60.92288899321672,46.92742136873138,50.35028772876545,47.21336181074793,37.49274673244203,33.89535679083985,13.117801371268003,26.15058187630559,43.69984310098311,50.69359192374002,54.458535392807825,78.2059395884212,79.47692261667706,87.53080320895049,88.32808187009104,88.30993184307384,83.44028955275627,81.7965737165175
2025-05-11,77.8974878031968,75.0687028182019,70.81470579873653,70.38362599139967,71.8409191852308,69.68649414082783,60.32576869938232,16.97627007289533,10.484016430696826,5.9501628036057,2.342819496229766,1.8484609974028896,0.49519946853935237,2.4864657758977953,4.7357291605983765,5.698563218500543,15.91949462040576,39.26590887681982,71.7638321995068,86.6826234991417,87.13981241138478,87.18659965947431,78.82684845776036,77.38848523517522
2025-05-12,81.93657333497502,77.4861345822716,75.71153571655003,71.71963305011306,75.03180041399091,70.44257778555456,62.92033426151988,47.63098161597744,75.87453248628569,67.75447157081062,49.4295190278825,53.37900954797947,30.243957429905034,35.88615716355649,54.50806257420391,56.551745043504894,73.6629905114623,80.31018327887581,85.70827656153622,88.40982739374606,89.08439647082128,89.11139369274954,84.75167052130358,82.99679960446376
2025-05-13,81.05482737654225,80.51981428543398,72.25751496717905,76.22419337339069,72.862319092225,73.20293746441784,69.51440723729617,47.41139294200348,73.08129768262299,51.61582397203956,44.88890509686238,51.1876811162729,22.631831738997057,35.87959392982194,44.693766120423284,40.319595660029925,62.54646044953413,73.44543288436269,77.48842289625043,87.59705481425225,87.71707755279216,87.68293796802249,77.50187331105694,73.4034778638709
2025-05-14,78.59762724551538,71.94850540541722,66.45195723361095,66.13198382313607,66.15147282189612,63.0217882416036,56.323747413538804,47.65537977993866,66.58155292522373,66.55469379073126,51.83979021734255,50.11199092185198,36.5457886860711,41.068627243223276,49.130413642209376,57.83970884976075,59.48803801019617,74.27491961506523,77.23470668313364,86.66232289238535,88.22291879673719,88.3445390955083,81.72100374213612,80.42548459467723
2025-05-15,75.83360040395756,74.87997271685765,67.66155533388091,65.47125111788137,66.56412252721489,64.51281680146205,61.271869204051995,51.63954583321668,78.46472372220931,74.36633799240666,56.21274279738385,52.957293267090286,35.60081657053177,42.98239297353343,56.085089629393195,54.47304901017381,67.24893731606949,79.38602108693797,80.87936757106355,85.8560614831775,87.95871374885877,87.66843625291294,78.67983399020645,78.66528600467646
2025-05-16,82.35186099306777,78.09095578761077,74.64119776947288,73.24773900896383,71.70399843213792,68.90623957833938,65.80109254955845,66.80785808843869,82.59328452011805,70.81625437677353,56.73361312928501,48.0463194498122,22.26194692770223,29.692056536527225,56.65868781084622,59.995640464473375,64.80043320040258,77.09712967016489,83.32934160671276,87.92461981367963,87.87327739777594,87.88400751051212,87.18164895353017,78.1505945315427
2025-05-17,75.62538029376756,66.50817098655392,58.29352340406696,57.59238710748058,53.03320415619693,55.4476301913778,40.09864518325469,17.5242602441804,45.01847607447983,35.03326290811453,10.480642665536434,14.591494663592995,3.818097070028568,8.85849023865795,14.751489374463421,19.79621153677196,24.715187572470718,63.521600055380254,75.93012618209764,87.4216843619781,87.66060558301795,87.22430746667342,80.78353156879339,74.929125419195
2025-05-18,77.40288300718721,74.05052808220216,69.35747643786131,60.953565798658424,64.01978204372908,61.39473293598523,37.26030484194743,12.401309956332105,4.012991866564935,4.810384647080479,2.9129671123165672,2.637227271026061,1.9447965441045454,2.0250225879830657,3.821988516769346,3.382841595700395,14.950247739492733,33.20227528351807,73.41689503703697,85.11371363643111,87.96161259752512,87.05613684707458,85.14076147390473,79.376371505826
2025-05-19,73.4434268199655,74.43502094191649,66.40609028410482,67.85462431387411,68.4469299581871,69.13148215625606,54.72566694761713,37.435611640769764,48.42719611808087,43.8629743588957,32.10490916320556,29.847376104638798,27.09948505505924,30.83654713713439,33.40993686358182,34.362519295688244,45.682297894208794,57.20571965324539,77.07454602512941,87.22869183262631,88.13069180472013,87.95810056829323,80.96810992360466,76.90266846357801
2025-05-20,78.91761862235512,78.27921581469087,74.72935677139984,71.57758651831465,72.86471516302808,72.07879016798952,64.00947409339322,46.69983860680161,64.29535251386939,56.86998226023683,40.77270491905737,32.950384464393686,24.26401190141951,31.450696721141757,38.976030131151106,42.00784333317368,56.405237662430864,73.29183359724843,84.18200458847033,87.92462593294543,88.27752317748308,88.36522253966474,84.38658880687768,76.91513481616988
2025-05-21,81.11971283330236,77.91860530308887,77.58859264176108,74.88911651156394,74.89415852493886,74.00840116925657,64.852067924745,55.27050907017314,69.92954552010471,58.9574462946218,38.18979001402163,41.1801601158996,25.611516449970775,32.488569002538426,41.83374420667838,48.51228176998414,64.58688066135251,81.09317486924355,83.22529534806516,87.94151974523726,87.85320904161556,87.83019015470414,80.20055223679032,79.64694416254221
2025-05-22,81.31665143125504,81.19405680514915,79.09416994969187,76.46342107466431,76.64116184651509,76.4481034046957,73.78275407554929,60.05411283135688,81.36409914387988,73.55678344936807,53.68911704047422,49.91848593500514,30.632498088329765,34.74191795583677,50.47436357780422,45.747831022661394,69.39115771990029,82.13218136705764,86.11332458082285,87.46241428032252,87.4676030651899,87.79639724416836,87.17430364675648,86.12698530706201
2025-05-23,80.80520499092664,80.83484105839324,76.48022554485868,74.51785533966168,75.00762627281688,73.1183026663722,66.79539798634733,47.746797344927046,78.29320543287456,71.9859539184029,59.73302140896981,60.42070793613721,31.344085705217307,47.7586266795439,52.31088655155269,54.84436518656931,66.76717753749132,84.50238261432989,86.47960191933002,88.03746034042281,87.67634317065287,87.74021676100092,85.84118188130542,85.28029297227444
2025-05-24,86.7413661072927,81.86074287008613,73.92698588874235,74.71188437440713,74.76575653790414,71.98278392583002,65.12313835209676,52.017658287707164,51.80965261374521,48.10109969510714,51.24398355354782,45.1422964066696,21.590547049166222,22.8096597221739,51.49485331719356,50.9900061677075,60.19471495550013,77.75721992684569,79.16682889479567,87.55586490169392,87.97267362897671,87.63286497800577,85.63109545730828,82.89680880986215
2025-05-25,82.13354858805697,81.83560477403829,79.29906647124075,64.77319244108689,74.99948473133847,65.5624948841216,64.62599514229862,22.850128295773263,13.541519998044212,22.90695524545978,0.17301279224397068,0.5130807196716963,1.1294320165383427,1.22405450020058,1.9496244911543674,2.3002556159945566,26.581509943191882,62.22108411436064,75.55071993529404,86.93359732040437,87.98172954573371,88.04040378794582,85.13602649984661,76.38804580456126
2025-05-26,74.61831702721716,76.99445958342409,76.0281365834951,65.07745788846475,74.92213023093788,70.65026356055904,57.03000724249686,32.4861930132373,57.07208764822778,56.468052956547425,46.487229626102206,38.570761052664565,27.325795438592777,29.382253387317927,32.39146013540726,43.71373483869242,60.87921407562444,75.3335694227847,85.31237639757782,86.95716482780361,87.71978845542766,87.63911010723362,85.15157720320512,81.12538137758229
2025-05-27,82.42117359239768,78.66927395018327,74.21309372045523,74.30434654751066,74.37692457371327,74.05454672437966,70.51455652436081,59.13634629802948,84.91078125878937,81.74021642131764,62.28252823032441,61.93571442697794,52.755118595571,54.98060070922502,59.11830569421634,66.19785766530535,77.61471207300653,84.85901897460236,86.91284901357137,87.89312649763717,87.8641040158413,87.9991106729923,86.95747136152106,84.66106830870062
2025-05-28,86.31959702258247,81.92885674608915,77.5163532896201,78.98555824378634,79.48792561423758,77.1696242150525,69.57339164418745,54.06484380829548,84.60951108985087,72.03428358001032,67.02317106285169,67.39283943531082,47.244971750877866,58.27497921501321,69.90199967494816,68.0874801018329,74.6043251870179,85.49753953901421,87.6242903183343,87.78568367198554,87.78604574376243,87.80835904810021,88.31279294169155,88.17961963597214
2025-05-29,87.00988862076655,80.92614086032779,80.26827521612853,79.64263679605558,80.92981320028595,77.93494665906579,74.37832379315537,68.9227732036453,85.82816680864796,81.12755548414431,67.41061054972647,68.0426890510376,49.499505094424286,62.501529714901395,76.318422572796,74.20141078087502,79.26168344826857,84.18387009677207,87.55548164721755,87.41007181534906,87.38329162362365,87.54566831626798,87.29701017034101,86.9994906660223
2025-05-30,83.71014397118324,81.1822658168595,79.74653352857507,79.69919409987497,77.81995955169003,74.67188515505612,71.86960119279182,64.96695860710548,85.19357160001694,82.13370075468912,62.508095112835804,63.25391281111884,36.042820152647195,58.56968955487878,66.729805906462,74.30347865838175,73.87709313432784,79.58898181850327,80.58212862370921,87.2485264617498,87.3145436641664,87.16277898270903,82.31000766992113,77.25133417631154
2025-05-31,78.2709104234138,76.52575180565614,71.83640578909693,72.98686285905085,74.49062294789636,71.94117764964588,65.37767475323234,34.30061468775424,53.476624874978874,63.393566364198136,36.66285322834619,45.41246336273094,11.6114179017493,13.117347122148775,43.988202693655374,27.91499371113493,57.15343325853127,72.0585120094328,72.52794537513532,82.36515685059385,84.5050761706213,84.68667954271992,79.61296630587997,75.54380449310085
2025-06-01,77.88956361901917,75.30647875391944,70.57744719586245,70.61109257004935,64.18166526290652,65.85601390816853,51.63937787542999,17.341994143055988,2.014281724427696,0.270309835853223,0.3704959974674483,1.1404993667441343,1.332901120066201,9.402590965489441,7.652018804868058,8.195084616478153,26.89271308118931,46.717564280025655,68.91655798172738,81.82309460978796,86.73683296339541,87.0480767181183,78.38594243563097,74.91665374374993
2025-06-02,76.90923116557117,75.09790439584758,72.07999778239123,71.96682716410459,71.88546239948795,65.07972688580182,56.60459901287758,47.49135131514265,77.78808495376425,77.07626470718218,72.13867120508242,68.42786095047616,54.51358629781681,63.468860081693094,68.6247172930793,68.99867994788899,66.48743380969026,75.08564745955776,78.81258569931637,83.27060058083966,84.55361747411062,85.4014117687458,82.36842031846754,79.70799503993747
2025-06-03,81.06431830129237,75.4252901321993,73.30420146532163,73.91678547206786,73.1894652504558,74.04695647898171,67.18954644809614,51.33484814701474,80.65019507169433,71.50816641598806,58.88936930841871,57.165035980075096,37.70540259332397,47.79792027203631,59.58339901953395,60.53350917027806,69.41742089720314,80.18368950033636,80.29580959215774,86.61856775587671,87.6104189480431,87.58478611813076,83.66536129689136,79.07009170286217
2025-06-04,79.6174766145743,78.19298036939651,79.23256139688085,75.55558833411156,74.30276865802624,73.06967195193613,63.865315970570606,58.83734578434015,76.92002382586466,73.0235184975652,62.10897473568094,56.55631383094367,39.345139303073566,50.34260925873041,57.75587860251582,59.295856930358475,66.76675792832333,80.03516978974336,79.88840763279025,84.7430562318119,86.30378660366162,86.01968424801348,80.19202052221495,77.62825404222808
2025-06-05,71.36581469353985,69.4905836751354,70.48645074908113,71.81659126309249,72.68913338598813,70.33226161333106,48.69115939808258,28.658739112191945,40.94723733233642,34.21083630978281,37.31687640393303,35.69836437093485,18.265163684855036,27.934461058466493,26.04623222278555,22.42363787763977,36.85867092471392,60.27213583634636,63.830745122234724,82.21714412571787,85.04738438298172,80.31330248489552,70.73552407203996,62.48422812498535
2025-06-06,43.90760737877513,47.56223164850531,46.72798015706319,54.75343771317613,55.00100886741697,53.95519193709693,21.0122908261704,12.13157797532233,17.307601754885834,23.166781597122117,13.80965981411713,12.0260112241849,8.89625779171153,11.0408384194932,14.436863817281258,16.041458381665777,27.332277386125632,39.50221204935005,39.05544800540647,75.91829441788016,78.95306245810242,76.8679199371925,54.32915256110583,44.63593241615083
2025-06-07,41.530711212165606,34.659673859987926,32.20264024551599,32.03410551075748,22.22986220475788,25.860312516914956,10.735337022593063,-0.6461044668504999,-4.3991462668592245,-5.868570011413367,-6.272965500073016,-6.296582823734459,-5.609417328140057,-6.83625270581872,-6.94457183263562,-6.218578335046499,-6.376581642431394,-3.8307906748887226,2.228001585117128,40.62144000897438,46.6326376192899,49.851038323185044,37.02854244295975,35.2413181403755
2025-06-08,42.10442184084867,38.018796906693964,37.735381809378175,39.11342563222947,46.002514961655336,38.823097275562475,20.7290086937859,5.74590098735944,1.239948346265153,1.131975141869639,1.1503353114075157,0.16318350625792286,0.6500728865233817,0.7453295187003511,1.2057626846020517,1.4525488288606752,1.8321374162868072,6.88113401001336,29.616648991748455,63.76426058905202,74.33986150910451,73.39488534660266,49.081062442065054,47.92767251095021
2025-06-09,50.818298839030206,49.70872832577149,46.1570573917393,54.568218081356235,52.51269376206663,56.997619069858985,36.86509356404136,15.344436667264521,16.59657758526634,11.770715212169794,3.5332516576120088,9.082839515130418,11.223968439099176,5.0922761285030615,3.9920583980315874,5.54915974187877,15.110847726348364,35.188328799196455,52.465545359294765,79.92778778416206,82.73174388185369,79.92990377572039,62.01089560561505,55.91696621668022
2025-06-10,81.68855201787792,82.12538324571727,82.69857474107762,70.68445967412244,68.13391954053559,68.14804822453772,48.80898034019269,16.279000506080333,22.396908762644024,13.937438746257007,14.274782679115745,14.28101856341038,12.119816278755625,12.144491098119584,15.168573915276381,15.950358956738668,30.638051955368457,72.7802459429958,75.84230138883541,83.03557171858036,84.89753771172246,86.27472174928072,65.40637034299063,56.940804329404365
2025-06-11,62.53717463436995,63.37619634411337,60.471963681529466,65.46436854824309,66.14478174198443,60.24000299763818,44.556056100088746,30.652980542754538,42.26286914342878,42.96489985358726,29.092241785383035,28.798401998150336,19.05502203404593,25.96767649971401,36.30963105279504,41.354941591674915,50.06472002964413,60.10653227105187,62.94620944060228,81.61230163965082,85.5921623864766,87.13729800650732,76.3917010943263,65.70631472606495
2025-06-12,76.77534834484423,71.57444694951312,68.96874263475968,68.07037341275758,69.30419881492077,62.25734711284861,44.706248549060696,38.293061627457455,52.84851335559195,52.44374568537263,48.728113835553714,54.90416132569148,39.06772646271428,47.95667960886667,60.577614467761734,60.81111049447497,69.54107050529272,77.77097767896146,76.8111465758951,83.07044627169749,84.68783883835228,84.29120663926419,79.43528427680477,74.22890435844971
2025-06-13,79.54627724026403,74.25873594792262,69.91609676052222,64.26225362107276,65.02102487906971,64.72518638800727,50.31184447509673,45.64365636159698,57.65563675144673,58.19450516060839,59.14998040064724,58.94486585153174,37.9657841388219,50.81753367451069,63.54327281147407,65.15664502069077,67.82743784272367,70.81644988327447,71.49633237576516,83.48086998397225,84.84295068504316,84.5526584628067,71.08271077172681,66.92189450197165
2025-06-14,74.95610581298511,70.63478103316898,68.03911813025553,61.871456638848045,71.75652094210045,67.67815118211705,50.663536393054905,21.426108724426008,34.05415026312386,29.179335697986634,15.897888262806699,14.939533793024696,3.6542814099419725,9.984375222161953,35.00271938799393,41.94007201499668,46.1622195080398,64.86099257029097,70.94715214484962,85.02796249048795,86.92871461392966,86.85878808740999,68.95982067615225,61.843071987472975
2025-06-15,75.23196603684549,69.08351261888541,59.76982061000716,63.91272700140174,63.779029482731914,59.40566719375079,33.91621311353607,19.279546596614928,7.325002480803513,6.988060512739643,5.978200016827277,6.218171254477463,6.399033611938769,6.7693196782012635,5.698141328069112,5.463314408964782,9.454246926086183,30.886640151919835,57.04754791164328,82.22425372016824,84.67603260421441,84.51290772488059,69.7106538403248,70.57301536868252
2025-06-16,77.10865209551602,74.32407075753774,74.39037199469234,72.78393938206479,72.93487021138472,65.37655438579645,47.88980264554417,35.209886804454385,69.79281910466281,70.93527837777025,50.46316305514817,57.73953867930401,18.045171934299265,23.120600710346245,54.52378739088038,55.7062072520025,69.8734667365991,70.69431027450739,72.93715446119029,82.27474972233433,87.7348524625703,87.36606105853876,77.20729114748077,73.07019820798259
2025-06-17,79.53898466699646,76.49457497956733,69.90499110195108,68.84610012089186,72.71686924523226,71.08052991773131,62.502874860743916,54.099267956117686,58.33285536944546,59.08605962372567,52.86171213582662,49.303532661617446,31.271088116702167,34.96522574418123,49.276863509073515,49.604991352188634,61.31085846572586,71.98638611933544,71.23449079250246,85.27770428123905,85.73774443525825,85.2593640210238,81.46447847803846,73.55678803660454
2025-06-18,74.93462801497856,72.44643803258397,67.96478528622912,73.52825214126047,73.66693819667397,65.63116171424981,61.576484631530114,35.5297741252942,61.01101230777027,57.57952314449598,38.10827926708757,37.83369284081594,24.10925332355204,32.38279079848461,40.19271155586563,48.39829091696604,60.13352676525808,66.4336884649239,73.07748364969642,84.6350305087568,86.6349722287279,86.9795660170518,77.49838809407827,76.40026836471472
2025-06-19,74.75598544979343,73.51014545050951,65.74655480479693,66.72690257788615,71.25633886385532,69.55162970120126,59.114712744834016,36.20695358786586,74.22064371522453,75.60340454138051,57.89402087924576,46.99977698596296,27.653530977151778,40.46228318030891,57.66074760442151,63.22642566707972,74.16071425421286,75.37207454844871,78.64420867547388,82.76773817847734,85.554845832241,85.89342030490585,78.78429381524573,76.96312984396906
2025-06-20,78.86428944224973,77.4307231138253,75.7876957733489,71.93082494372247,79.7203223716133,75.85209535124427,71.60734853177316,56.96825926997113,77.57628141962104,75.10542780016092,61.749986726244394,68.75300438809538,31.55369936274791,50.32712184312141,63.34512229746734,60.87104213086079,72.54005682933395,75.97768211644149,80.74906569376523,86.77383774032894,86.85609138977826,86.94864974497662,82.32598320577887,77.54103188626027
2025-06-21,82.42711411006024,76.93046502339244,74.42902189799476,74.17328662456661,73.58426303278539,72.96869313834122,58.50874303452832,39.50417987812388,44.20661492992933,42.744693381442474,41.417063972280104,40.692141289246344,18.181911747139782,26.068963780574787,42.384587804864914,33.45859495506024,43.920007237754774,61.99539556876727,65.36746672364575,84.45571167329959,85.0626007165473,85.23986843725697,72.5657731383878,70.40728093125328
2025-06-22,69.0679011950322,62.78502172689068,55.99518278476079,58.2123141014052,57.66105094868823,53.40729928772662,27.44458310348015,5.246258563002033,3.7037175065887578,2.586911894615631,1.549080137361413,1.483861529125855,1.5438130865322355,2.842208110490218,2.303459754871863,2.490211907466876,3.0287392307905683,21.504923743727044,55.141516848542324,78.40144453183851,82.62102300207015,82.46798814658133,68.72581261127277,66.91124805181788
2025-06-23,73.73161735636516,71.33406813109194,68.53053915727429,69.67763026328866,72.72290978428573,67.81758931909859,59.97229271388789,43.74445450829399,67.21677224071152,67.93963248234627,50.87511917903603,46.53774830202851,28.088536288216247,38.772549197496474,51.41173477041191,55.57481816656419,68.70571117822163,72.81985778121422,77.43142962836626,82.0788145699072,85.4145089272141,85.27721335647767,79.6569955296791,77.62099018998778
2025-06-24,75.72526182462063,67.37408237789663,67.61388625415447,69.68401111692268,74.0777713305505,68.25378994845805,59.6471831227067,52.372841116372065,76.98489677401876,76.68331792619041,55.100736847171824,53.99016480008872,39.906090678505734,45.724777798719316,60.41770900017184,54.459212967573585,65.69052675264518,73.44754595192536,75.53587772431418,84.80175257669671,85.75477055438799,85.60988555595387,76.14487476913872,73.85857650756262
2025-06-25,78.22666656120965,77.29653790555786,75.09934360244435,74.79704602924244,75.58570393301028,74.02620305269528,71.83003418055644,60.74197471374939,78.37544699250236,77.85676255120863,67.86284542752348,63.24452695758114,43.17756919421761,57.56124937630164,69.23645469746903,70.8526402424349,72.80270019316818,75.50709740930766,80.79060229547557,84.23499349173647,84.36427141826474,84.40641644237135,80.78622528207312,73.96225804564844
2025-06-26,75.69830441147552,73.57957378538075,73.79698778972295,73.42328630144861,74.04071053333972,72.37708759185809,67.63332832944654,58.11320266378682,74.90674699053909,73.83219737045235,65.02304093332887,62.13515687899572,46.58369755174468,55.848114856489374,74.63561128205882,71.91659730550931,75.09698968799759,79.02737923732428,79.99544672087195,85.59975155154562,85.61968021152899,85.68702213826843,80.51035772228802,74.55108472382699
2025-06-27,78.42876268974493,74.73244898037274,72.09956508681512,72.76843576118793,72.09810999502683,69.26591468922537,67.99836820987439,55.70624793670544,79.26155498231088,78.43879783712252,72.7582503658491,76.76810199744622,54.371806188667584,56.99528492355858,72.64138071608019,73.56046509772345,74.86217727822283,76.63852062256029,84.25481162781618,84.60321582044367,84.54479610638096,84.51725539368522,78.74178244154582,74.32466563177891
2025-06-28,76.2135445881487,75.70087521864095,73.29868183638325,73.95248533477975,74.74654146897589,73.47971856939866,55.88663069219611,26.32384458219539,47.28522670808751,38.93031959160318,30.02770422366777,32.64270184281944,10.093916433480857,17.41568547004039,36.94750718040018,38.928773607776485,49.534420382137995,60.24301249472679,71.87544553907975,86.54424650598773,86.83539759641425,86.86502451582506,79.14577508435447,74.86191619249055
2025-06-29,74.71336463254025,70.65601544377414,65.80544600598526,63.27186196616963,61.98368176804372,53.18114592832209,37.85969696480704,11.065953421391336,20.91542295944794,2.4660684684947127,0.8483220246170868,1.1475737411654383,1.7405394712308122,3.061104648920201,0.9731588450986081,2.62682508234896,17.232147910485928,38.58568379126375,65.13754638681002,84.59000271575434,85.86167662576888,83.79938162483029,72.87264137995487,73.42882691325113
2025-06-30,77.86113003875678,72.34795903657846,63.770959323129034,65.28688692709551,71.18609551364158,69.51494916151188,61.22700702900058,40.28658223765242,77.41517266351552,70.25025631628161,56.60319859847331,53.81281785427069,37.80884407471909,44.821757164836654,62.03658272243351,65.90816313153577,73.46253382823687,76.2130724412828,79.11532111655117,87.23489181209274,87.29530747471189,86.80903021866044,78.72325343236788,76.4280736115536
2025-07-01,79.1400360519954,76.39494261647457,74.11001136248193,71.55722322909814,74.58226857602409,66.8693601531263,67.9142043268356,55.531418355079296,82.08283064187503,78.48592924583302,67.62971128020732,61.44526852487604,47.52822211079149,54.03721005731976,70.51659735774521,71.99330769022629,74.31660648023221,78.49681577335568,80.23075485540434,85.31829015466636,86.08839576522075,86.03001080318651,85.42570877554839,80.35208052841645
2025-07-02,76.5129288030028,74.82367400546097,71.73631230658367,71.80067943216947,72.73985155826045,71.05681754866232,60.89782085688838,47.829075923665414,76.88486945789597,69.68227521771249,62.44360520152552,61.757450297128315,45.29101113235676,50.76693355311131,69.882843463386,74.00814074241875,72.69523773369373,75.14148141518784,77.3025951299891,81.90538339288696,84.10950586510236,84.38158017152698,78.87782562453187,75.08713165545255
2025-07-03,74.41968590632231,72.1314632357899,72.83587925277723,72.03282072210827,74.8378663850758,74.19222540228276,74.94833766850716,55.84392378062085,81.31400418616472,80.07996969928125,69.93056555623396,63.30208247634195,35.58672070589708,50.03955605525945,64.0789073680502,68.44444601759403,71.23780852570239,72.36320355088341,76.40930587280792,86.08910713654268,86.03160560748529,86.19315791648553,82.17756046592537,77.68271434707837
2025-07-04,77.18479877683345,76.76194838436355,75.09203129933157,75.67846883476471,74.50527345708842,71.99052097985481,68.75682784649716,52.73620676385082,75.22604250026109,72.74597208597962,60.446361812327396,61.63790111713496,42.1144251520778,48.70501895567772,61.97678437119057,64.30664615322831,73.95257717413303,76.7987188801149,74.81154893981707,83.87887457535236,85.96639336469177,85.88085510443187,81.08984994714014,77.13046667614194
2025-07-05,78.50887568652642,77.32073138568813,74.10542502063988,73.77574640356183,73.84083073512974,76.92252460156615,65.90817906572704,49.62722083011245,69.73957354617016,55.91393669838862,49.581476579343956,51.055648763384546,31.93293439492341,40.22368071440736,55.28513660255392,60.26129190632474,68.5410815981969,71.78093526471159,73.53592435791477,81.45828630440968,82.81585306128609,85.5468067012785,77.41346487261355,75.43827003445247
2025-07-06,76.95438115857796,75.30784314881394,69.10092583910266,70.79172850910015,63.97557223275753,67.28744743333739,56.90001193605241,19.62203102294257,31.329518306386166,22.313863115977053,13.523938654738645,-5.563095748176676,-4.428098418833104,-2.2584390451612815,-0.3689673927975236,7.494812709750612,31.114147551474886,55.03381754630539,70.68851754194544,81.5115922468879,83.442990139344,83.37910228213902,77.1742973861567,76.50179225078722
2025-07-07,79.9980307232402,78.71974757133661,76.70728114703901,74.20763327718251,73.42902811484966,71.86710821538347,67.10118550731674,48.069180041325424,77.90382616507084,73.90801881870415,65.58770734101019,60.966434434052424,46.52386303965057,54.33120539837553,63.38517517847362,64.00253343798055,75.3349072571535,74.33168258509198,80.86834750818396,86.59240214151819,86.08266832620835,85.77720925028335,83.02786852453573,81.1853389162087
2025-07-08,84.4302357583329,82.04758675959815,78.03047558945565,77.76164694084312,78.21974435694956,76.1106334440168,74.90588419863289,61.03639742626961,76.4380335430058,77.01460440503948,67.18948417872141,66.46062098048299,48.028090886357184,63.365041891894464,69.50751716830597,72.23903334295248,78.39816824383311,83.07519747962228,85.0622844945679,86.0455616922663,85.22715679228354,86.23057014604204,85.60897249086322,84.1876688999138
2025-07-09,83.39468548058613,79.76560142143413,76.17640556482161,78.47154679434169,77.88538225819022,77.75748472929266,73.65129121648623,61.42869301721547,79.72673491349063,78.96018033927855,70.50847201821337,69.66534099789398,51.101619912365535,61.29718022370873,71.88544265091078,72.49355572243758,76.63899513118704,82.82874257101103,84.6074597142032,85.94292987712234,85.73991192911326,85.50507778103281,84.61700247478215,84.45904538237349
2025-07-10,84.78246165010088,83.08140621921349,81.86548322214678,80.17919842529162,78.23185062920018,76.98129233224489,71.82352438226019,61.410750088203464,69.40747633938378,73.00326268231277,66.19494628284129,68.618182855099,64.57341408230104,66.56557785747533,70.86893114057875,70.65333878257283,78.43272559807811,82.4002833096669,82.64833782157524,85.45292113067646,85.65786677423081,85.85072750442026,85.95827775995433,85.6708133232566
2025-07-11,84.6106142862564,82.93464581190243,77.28531690263841,75.9768938440823,73.90108558175464,72.70101075718375,73.00112416999174,61.285566725717004,78.34871650443962,74.19105024572451,70.65469027197128,68.33819856593017,48.367961128161156,65.02015611279143,71.51846133028312,69.7033106327155,72.77498595589162,73.06809532646322,76.61338845299781,84.24491403920568,84.86488420534613,85.18892387687174,81.1286558705181,75.21743113579478
2025-07-12,82.94687324870685,78.32597451276742,75.02410310951038,74.94896748544805,73.65598072978159,72.26114574551347,70.00337236155613,52.41822029379471,70.66363941407522,65.99820323679481,51.48855135730145,39.44371682130049,27.02095776545912,43.53110517077961,56.59619186907021,57.31717092449854,63.98400895057339,69.01571115187187,69.52798962512017,81.90109378274254,85.08991632601197,85.26431613011036,81.8133294312114,77.98265195642647
2025-07-13,81.71183306294648,78.88602176357529,75.50476961075236,72.55141223622829,71.53424839445861,70.22381645075976,62.139732005924365,38.14459519333683,34.6102790359787,9.951211473645234,4.282898005991131,4.025344788462744,4.204185202905618,5.4719581017499195,3.9247910290033294,10.143734960220664,26.784164688054506,51.57097141563135,72.6796112905643,77.66934436114772,85.09738880162189,84.84514274412699,77.16799144569235,76.12328130625342
2025-07-14,80.90055434223514,78.366089127683,73.4858162036604,70.9541112055535,71.56740140928991,69.16172143144625,65.09830006854035,49.76258271950491,75.32571447162292,72.72083919299695,57.54044458006631,57.56081860890211,45.52894281559089,51.98352012370659,62.788460911992466,67.39060082596887,69.05903845166799,77.52718342894583,79.45097127102379,86.12677662720434,85.92718470259346,85.56289875689528,84.77280902702302,82.49269353522531
2025-07-15,75.57588408137599,72.02510223865437,69.40374648538261,69.1079648834073,69.55721504294159,70.3106978404051,56.2371041926894,44.66831571939405,58.6733280579576,56.80281359452843,53.55117929865503,50.74873653892585,33.90454888339211,50.396811520811454,56.94603892421053,53.49566667765245,69.43570621984594,75.02054036349016,81.99784718949263,83.24725488430643,83.9117679338521,84.14755712937252,74.85529258195876,70.63947325957129
2025-07-16,79.22477756895212,77.67346698655298,76.32075736750052,74.20377879348275,74.02446881137152,74.29434335230296,72.70248597477382,63.30737542571767,77.1235262681235,77.27234904769817,69.96872717842014,69.28682629450611,54.801606763774096,68.82758198794038,66.29444653007049,72.02352027968031,77.64061735122296,79.75272951046381,81.29922839657075,85.63649694980941,85.08893326199252,85.12081724814679,80.04308258512081,80.99288537737378
2025-07-17,83.27001937394849,82.62309666680115,79.41166935154952,77.70106733145734,75.50272762938407,74.05404044476258,73.1391612900515,59.882464041476105,77.62554189048531,80.84989132096659,75.12781514997144,68.27960487012024,54.79452703180834,71.24349230660013,77.74652234606864,77.58840486357897,80.5456241098853,84.10440593406001,83.21102869970656,85.44858906159452,85.18840344697212,85.25355676688494,84.95313060529391,83.31874617935932
2025-07-18,86.04734093085958,84.74337108069955,83.87806127895293,82.2936502680507,82.15743634060416,81.75469375930487,77.71170091367865,71.07468182226874,82.58469115321226,82.97166800123178,78.20025731533302,75.91570015172631,68.09119845500794,74.30042908547705,79.44633879711523,79.62286681256708,79.9231458687727,82.75216245195166,83.93139158035639,85.40095500324269,85.28499002338269,85.40361920470504,85.0932359847791,84.93022998564643
2025-07-19,85.28239790612922,85.4292575078569,81.94168705718131,79.95842855965125,82.02146996573809,81.49688042469799,78.11194556435078,74.76957966480423,76.97749622169097,72.22701520026882,68.41816495233066,66.8590461575061,58.886212425349385,64.8018155711278,69.24375340032645,70.32256322976608,75.00170304817426,82.73205308047011,83.84238046280761,85.54504364273245,85.52683384672976,85.52842891298313,83.98245218005792,83.5927907964214
2025-07-20,84.83985146935228,82.55796683611791,79.26727985490983,80.74842526094395,77.31920908175103,74.97987939402654,73.46388307036999,48.9510781656303,50.19669511158442,41.90679905213735,29.218120819654974,9.443075786068821,11.702763042439358,25.14533898432651,19.315724259101717,27.786315882852517,48.816283260346026,70.9318871782368,78.18221249174432,84.32815668841587,84.67746551911105,84.96493375575119,84.73702306509558,79.39754939012946
2025-07-21,82.29180485542145,79.44300383075299,77.19394137097368,75.6761892442849,76.98678316354415,76.88319422219239,73.05658478934879,68.74283437756594,82.26003367174677,81.23139909569703,76.08174435486896,71.89894091767859,55.56894994143049,70.65486778575314,74.21619545507798,72.66534874212459,78.70588327100585,80.92923980934214,83.64758309021988,86.49610236675102,85.79177833080841,85.75389078858751,85.11499661208363,83.63882742630571
2025-07-22,84.94774166052667,83.52650617794697,79.20529930985813,77.31092927473327,77.3091797738973,75.73861259546084,74.23022711734,68.97065923013746,77.30180787612792,77.25465544086236,75.65954126581978,76.37050355555027,66.83716296600677,73.26775308809772,76.32864168057775,78.60141947255201,82.01654334994753,83.41912292231919,85.36408261718125,85.4708349726498,85.67253635409068,84.73220607411831,84.67768515050659,84.6241560106343
2025-07-23,84.65561474573404,83.19544132121948,80.80487212551677,80.2271698536424,82.8688834164938,82.65426154549174,76.7021463297724,71.47038078896922,81.7770367026119,81.68223097438884,76.0477888038576,70.38200654240804,68.15577967251926,70.40762153360255,71.70387565099878,77.17677355562017,82.82425555893585,84.2524564923844,83.52516868961489,84.22690285518802,84.68569556279299,84.4254652668516,84.48444533264194,84.18588027569733
2025-07-24,83.99290584118768,83.58466462092213,83.07787317441407,83.73626985027671,80.89466327569876,79.74956588907493,77.43241082924943,72.87425869038142,85.556171319663,83.77624340378411,79.65492103568143,77.56407090071585,68.7143470341602,71.72818379042567,70.8280951880779,74.42946072181122,79.22873381081416,83.52125682272282,83.85113150840657,84.64550947148733,84.51525790557646,84.10939759310128,83.92680017636512,80.23248582073379
2025-07-25,83.71702299488905,80.87078955065024,77.72202629067567,76.84797060898941,74.39809206467976,74.27111620102917,71.31116970858048,70.73638554563897,82.0284466225315,81.37068544481639,75.43565951759427,73.63026447470347,66.71594168202304,69.49685456059245,72.22701489207464,73.50050491026352,78.08345824303751,83.31048365525436,83.5057417345815,84.3721011952911,84.39244074395594,84.03455812788664,82.98332797855505,80.89996304265725
2025-07-26,80.68759983886729,78.21606476583094,76.85472450435222,78.32712804901453,73.56787863538109,71.1239462314461,60.835462151108544,59.632340740171585,70.68041862036043,70.02669668146086,62.30238263714857,50.578422825425754,48.05263139525326,46.04210467240566,54.815733152557634,60.616008833418604,68.19296814581473,78.13174254298994,74.6346354214488,81.04107446576836,83.75130986487065,83.71327988081977,80.90219053387425,76.44568656206579
2025-07-27,82.8523504623194,78.57507282208107,77.07607748114091,78.44010672306396,80.24160739902325,79.56255650203771,71.79825443754592,60.09946031625305,66.18037625743776,43.26085304703763,37.98886313087346,37.61617521485648,42.69396653342192,62.61681896823096,64.32848379177949,56.72781715104877,69.2931307547681,78.68427332401203,82.15338994333727,85.06178016214018,85.07869732278472,84.92016658072922,84.1427570650632,84.81196941966435
2025-07-28,85.08694938598003,83.23890250837327,80.35590551054241,80.76232753239502,78.08626194648492,75.77652341746611,76.46190415673979,71.46370994608115,75.50418342274992,77.42054947038805,72.92587049352527,73.43688109744987,72.09722766965766,77.87688490571944,78.31814942167159,76.46780545303976,83.19124132682201,86.82122490014609,84.16972404687539,84.77980022791789,84.73363819717821,85.03729108497873,84.9817465910065,85.2456336914012
2025-07-29,83.98637783435048,83.7496250878392,81.34381854065452,81.47074993617996,79.7733252584038,80.32351124246162,81.90509404816125,78.39304051492222,85.70671246195934,85.76182242823874,81.55087599142325,78.37505435800662,79.00770736376279,80.96729040585741,79.37448549750839,82.01261516419898,84.4091047930732,84.35058952140211,84.46994841899148,84.18143593620715,83.74718156494941,83.79320022220305,83.60130972555599,84.39461376200764
2025-07-30,84.25010428909859,84.36066256908232,83.47319271206446,83.69258097351089,83.61097761048903,83.45434464211547,83.27840019317642,80.43781433506571,84.05267704278752,84.0969104214747,84.82013899120359,84.27842423026844,78.61896234174752,84.16040853318424,83.02394476869777,84.33879035631307,83.21229598507654,83.69110047399148,83.4265118958869,83.86352793853592,84.21262616128526,84.21034160149871,83.52816709267867,83.34410632568743
2025-07-31,83.50798039736028,82.79952235415692,81.81585905132494,80.66668807825224,78.01050741586222,78.00644205655621,72.07041347343305,71.58413416560396,80.81094908539207,80.92480194334684,76.21864419491442,75.99633527639016,68.9013775039324,72.4595959583417,75.80421793948558,78.7778430986585,81.07302409992126,81.91295294808013,82.49750973201245,82.93234301757582,82.91505665686252,82.56349326579955,82.21236922513215,82.79236433937409
2025-08-01,82.48984612000784,81.36298057165791,80.23570677383765,77.16560133503472,72.69340823718176,73.92762682252351,67.68866352274935,64.0560792022623,75.34459074162243,74.13148353707756,69.61782655095998,66.29152000911023,60.28617717725899,65.67772308462848,73.35912260766023,74.06211271525353,80.06546137970734,81.59859265182389,79.41840982535754,82.57184529228326,82.62452368471253,82.11277479552462,81.40078284197942,80.88002874049099
2025-08-02,83.37645784041865,82.34336408850159,78.40898632015548,79.87862161440408,79.63156925207187,75.32718636698975,72.75278378240102,52.477350226883296,67.26849873795443,67.66689722559705,66.85512139678751,66.4592463211024,55.172701001718444,66.34882364160072,71.69708389177731,64.92530353834726,71.56307511140658,80.94937983201916,80.8885441532622,83.35812022510373,83.30659921622082,83.2710004963401,82.10115843733811,81.04976502972653
2025-08-03,82.72750894676372,80.48798479675743,75.59181003373156,77.8499797666199,75.90532723138186,73.90289076848178,73.02823122723586,66.16337494194124,57.417367773328195,53.08094766273286,48.25789627109598,57.65223715956005,51.24542400070153,66.07510998448058,66.68802120323289,67.09339194147945,70.03511977681389,73.79919760554944,78.84885165248458,83.37751460835162,83.53065885907668,83.20744145618339,82.70418712917974,82.2593149559676
2025-08-04,83.6675381382928,83.94460659433945,82.31491737421132,81.87245054469976,81.64449166482147,81.60677040853642,80.91327953113351,71.55082762830689,81.62358101460573,81.28268521138965,78.02066934992547,68.26552971454214,63.80138758677936,74.48207085688733,78.31403478054442,75.22221823445962,82.05106931977261,81.88814313377408,80.88484743285046,84.28205834028638,84.14931611396652,84.31212405090068,84.10719020322263,83.16449273594425
2025-08-05,84.0890493152115,83.66531993730024,82.53103819878518,82.95528710600394,81.98411505367065,80.70829914371919,79.86130956040195,75.2831481482384,82.73758327351158,82.56187285075806,78.02571723780298,74.13139276956586,60.764206911985575,69.91015836280894,77.34000754875561,73.51715501176609,79.69504216589716,82.83562341182457,83.13619816813937,83.96355776310779,83.91633948357388,83.89022622399776,82.7067589049585,82.7868045667266
2025-08-06,83.14149944886286,81.82757415706877,80.00413097088573,81.70294038402669,81.56764624567394,79.39018294702727,73.690758932647,70.60528607136776,78.50262906524094,79.39589333948751,74.02481504631862,70.62396402528098,60.00203067287755,71.34825323683837,71.76256593039871,75.75936912331001,75.81005849226848,81.00567837120813,80.81830903086649,83.6786186811041,83.51209246972601,83.49394065254506,82.05733273852292,80.1728376067573
2025-08-07,83.12566513377749,82.23639738473591,78.26255634468696,73.14471653951132,64.78264184495293,67.944299322209,62.15055210838016,58.38320037696616,77.959249979015,78.17520903657366,67.7502723396311,65.17398110093558,55.98621698618366,66.49782871854363,73.9966816498524,76.42705732153357,78.42386177108732,80.7266725018809,80.13149719917789,83.1783767740973,83.18831243397764,81.16123771243053,75.428392447966,73.96897144644325
2025-08-08,81.30395235031524,81.02206465981237,77.32754887115094,76.71283981713765,74.31592954914481,69.28727156471011,65.60363327459295,60.79407932537566,75.69710929079912,73.51479404792768,67.22663284169266,67.3379534295532,49.00126984001986,60.21230764777152,70.78666819423255,68.91388162411921,71.19405699874413,76.22933941263501,76.0992475831271,82.51186035327265,82.43017154606788,81.57056349135088,79.14171123036553,78.0428536828308
2025-08-09,80.74277133536381,77.29734330557325,72.73340944250576,69.05368538038313,70.14695702914571,68.87743895079599,67.11393639299357,54.85657051818663,72.6691954960634,69.69662430243761,58.90421151784449,58.272454258064805,45.35577432628756,61.8975867703548,67.47305205557498,68.86369640916861,70.25737607157313,72.28021600312903,77.36085267602863,81.94195869834742,82.53927803915622,81.91749384028758,80.40850842017878,78.6012497693284
2025-08-10,82.84282932221245,79.80749210414965,78.65083159557462,76.58401286805388,74.57252735219613,72.1379340764131,67.36524855292208,55.49248596216619,50.14060056549303,34.49542245221002,32.04478095679576,30.733042538845215,27.76904512810723,40.5189173701175,48.14421624802002,60.08750857900177,66.13848122639631,70.25958173209771,78.06532819708029,84.86840847248969,84.70821297994883,84.74225572065824,82.52891588093031,79.8314444606725
2025-08-11,82.49943682168823,80.99897435811303,78.0673428307602,77.50458037310811,72.25273201468198,72.40473461787981,71.64289805285412,64.17782051577014,79.5112057957073,75.62738614224088,67.16230889608826,63.56044391919537,52.73535561199777,62.644312482128676,68.44004216721716,69.49338245102315,70.75850661092717,78.51246794048065,81.23054685071294,84.80838309145939,85.01813619914884,84.89171139105763,82.71217651878912,82.30581729560772
2025-08-12,83.44856021186156,80.64279881030366,78.33131335607834,78.28784257525848,74.80727634959453,74.32166084742721,71.131188408652,63.85127226824024,77.80898899342954,77.33036478675419,70.51995599234041,67.87117687188488,56.66595161176085,71.74307019552644,71.41413108108019,75.93433242492569,77.74036664818875,80.80988339243576,83.62677009732853,84.46358097975958,84.23035471568049,84.48535675931218,82.33191275674562,80.51704351557431
2025-08-13,82.26467503197536,79.5346850079255,77.94333624877846,77.41759219359976,75.92180857482298,70.39082034007093,65.98494979001914,57.78847738414416,77.0928209074007,77.74954868772608,65.51754849243267,66.44785902961692,56.97272723534849,65.42776923174956,73.62612320995653,75.38989622537224,75.69142809491012,77.01963209807876,80.92063557824622,83.70389626004146,83.80284548130894,83.75249380751353,80.5004813962495,79.6474746739707
2025-08-14,82.73697029489534,81.46138731667395,78.90101223345653,75.74073098857887,75.09311497398106,70.45276006467586,64.814202288485,65.76349291261843,77.90854858571086,77.82195394222423,68.99688951888548,69.28995052890377,53.03020911383611,72.28096236232254,75.74858574605291,76.62052730678086,79.3674274607981,81.32763947036187,82.43615024288147,82.29771722239049,82.30924800888567,82.14777579233058,82.14713944874862,80.51526762959934
2025-08-15,83.41292057555354,82.77062788764056,80.6196112850333,79.0626546651863,79.20748069162035,77.20091897924631,69.8186198777296,65.82356840528077,78.81410462256623,77.15220394259417,67.45719045278584,67.63750407114077,55.14779990783123,64.88100764326312,73.39851444499187,74.40258744361822,73.77645713422095,79.51449666293213,81.8722792274349,83.33015123077699,83.1734450452931,83.17823376875114,82.27013815808652,81.47591816264003
2025-08-16,82.75743247100891,80.89524953640468,78.39421693587144,78.26100795227082,76.02637132810753,73.7541078955439,73.12801747890512,66.45186368585762,69.25440465973706,61.54725579168811,56.130174503900555,51.09878582470399,38.18753307503844,50.9757378943834,57.62128051221111,62.71509835101207,63.164410824746106,72.31934736691163,76.94444855398423,83.28737166214722,82.45458546569733,82.75565051073228,80.38253871517436,80.30530336566726
2025-08-17,80.32808947336162,79.7535478705881,78.99446045190544,77.63131941744727,76.00775464860625,75.5215255906442,77.22916182200959,63.43920330442053,45.53159423873537,27.12894528333759,16.149243753206576,23.391090900885096,22.02822224660529,26.069342427010728,33.10759124503641,42.817257548666646,53.05675380029798,74.62692346575118,81.24452080193123,83.82126791145728,83.89140589207636,83.9143738678466,83.6595761777559,82.27269708320155
2025-08-18,83.08762994728016,82.16392972073298,81.24914170844833,81.02532652422182,81.36263582757364,80.04742171353114,74.02561529503537,69.70859499023652,83.97891711513928,81.7111717370359,71.58313826883678,67.49510431128152,61.75956771574741,69.761631735987,70.01139581381588,71.40945614599966,76.952778668809,83.74153962791557,84.3783271728401,84.42693361110227,84.33588964931627,84.0315026731071,83.66240357248414,83.47145170884612
2025-08-19,83.50951271858268,83.34999728145698,81.83968073311952,80.1335173034573,80.06755135515766,79.57345030970284,73.77102496367557,67.56943726440662,77.99190024554252,76.84563999439735,71.91128586963575,74.37763470188891,56.49236606364458,70.8896342407628,73.52504981826951,77.64468444783601,79.17919558773711,82.12625290204535,82.08287314375927,82.7063689362623,82.64824887387985,82.60620348744949,82.41855949893069,82.25781940062046
2025-08-20,82.93188460788551,82.72532654823539,80.53146003906436,79.64829875882103,78.07908106046803,77.76900546400029,75.27169056334421,68.88016955817479,75.95350684064024,75.26759772107273,68.35286141751752,68.78879842331482,58.9229939569993,72.48792503769135,72.87637098335111,74.57551242619415,78.5824108341997,80.3197050729607,83.38635805128821,83.49767663893459,83.41624876919354,83.43580513840107,81.6385776027639,80.37937784818199
2025-08-21,81.48146799333101,80.29533281627202,78.22664169555709,77.85081391820782,75.49403633746323,77.2406689946454,71.73139269285247,68.02194217245807,79.9416934580446,77.95120825111367,69.88426836456472,68.7789244336396,60.52441130846179,71.7377711290537,73.21215320412858,74.99604434722198,79.6902497803071,82.41010963397254,83.37813453776802,83.37330307476515,83.54880381765456,83.47905880290044,83.08541208946494,81.60355870872816
2025-08-22,82.45096585498206,81.44461725484936,80.92380082018829,81.47692516157134,80.52210761718152,81.87578530675054,80.72131183114678,72.5488179933332,81.15027449689731,80.47724214568224,69.24268176931885,67.78303039074025,55.57159377980429,64.65298891457833,66.98869860261064,72.88034820093519,79.5853437321987,81.98279524080488,83.17618348245097,83.07356748836267,83.1198975452252,82.76572935349988,83.03707055941827,82.6543643849665
2025-08-23,83.66578583779284,83.74979705917838,83.27828120528625,82.82375009842558,84.1664710916226,82.81854694504977,80.5835250074562,74.4048624336241,75.07160954767065,73.0540059751082,60.48978661279633,59.2972540309216,51.2120108229913,52.676101635378345,62.508861573320665,65.59430973176627,77.95569115584007,81.52296348044675,83.0774843361376,83.66287664403706,83.64250492386266,83.64571807183722,82.92025952030436,82.7026467567513
2025-08-24,83.30569062975096,82.87200525055205,81.14052154431741,81.0447270215798,79.4345625351048,77.87574874293591,77.77447838790384,67.05612015483808,50.38550397006871,43.33736143227898,35.23594622691284,35.24979668112253,29.97714806362616,49.14102383777902,31.764614821005562,35.10429985859452,56.682204313925205,75.11034123199465,80.12915077107635,83.21518667051855,83.09612789141666,83.27559450696751,81.41608450397888,80.17177316555735
2025-08-25,81.84712017203219,81.36209754426645,79.8310982362113,75.63498202486393,73.01757739884759,70.37822595359741,69.02823958923142,59.65070157215215,80.94305912272367,78.45137275994263,67.63427775017024,70.71911362656216,47.13556614959152,68.36920747823257,70.24266817230082,73.39057854473144,81.0472234778426,80.89683528680925,82.88577915586139,82.98888062189053,83.80503673098899,83.82960687322304,82.80804056470701,81.52041330175481
2025-08-26,81.80126656965548,78.49842939830849,77.47604138555974,76.362417765169,72.77396672289845,69.10878377370724,66.76330609147927,60.64972764135498,75.91619562003008,73.52065908275571,65.5561470571716,62.4248621866853,42.97120754675696,61.01792748605464,65.08245010729317,69.57029837584342,75.11005492654978,77.03605330452226,79.8045050891621,82.91062051826975,83.1322150486662,81.18279614026375,79.32804923589023,78.3270470265978
2025-08-27,79.55593841755527,79.04241205115895,75.31228955892539,75.21111678528737,70.96886542826284,70.7120944801511,69.16735869744853,62.9492603302311,76.85872566662849,68.7621554129131,59.584716275809065,58.5054111679297,41.52280674785366,58.059938311671885,71.24662250213865,72.28452900149367,77.25317904646172,79.83407201147918,80.81316414579138,83.44783975833727,83.19026113386124,80.70290435287232,77.0660456392851,74.99332236976333
2025-08-28,79.04056550414593,77.731151876214,74.14248459467619,75.3318596530492,70.47729340302656,71.87459762171453,70.98493919848627,63.668778183301406,75.70789625450654,75.0762005473533,62.76266239677331,57.521912705397135,44.81103261794059,57.987894865380646,65.39522532607054,70.57620826573678,77.81454655080434,79.63710675854149,80.80866494970707,83.19254038858607,83.20278593892736,80.5571790868198,75.57991088341132,76.48772139752897
2025-08-29,78.64972040365907,77.45144748400558,74.30076904713786,72.46882431295873,72.31555128242533,73.96291778319595,73.41733392795545,68.67353128817068,77.02644506619863,74.37453860008983,65.43392671724479,62.51431336722544,45.753356093145364,50.20746964181754,69.94119171220551,70.83833764622187,74.57998491847698,77.58862298837504,78.55343284492058,80.30588601782166,80.37596391741472,80.66951203050063,78.01390387661822,76.79950748087869
2025-08-30,77.05785522086565,70.86186287854413,70.98660090642885,70.38465589402743,72.28273638596363,76.61253517186871,72.46979759274457,59.699643139980765,63.284305835256255,53.81153464035265,44.87918954153841,44.51320195399508,33.750283703331505,40.6531979842172,50.5086699288497,51.944933908600056,65.1343638508382,77.86111091571178,78.93740730536082,83.36523206250305,83.34762803644391,83.38742660465915,80.11832392499444,79.15191544069692
2025-08-31,83.60021298234373,80.67863324874604,79.94937941471878,79.1254009689951,80.5361829270365,79.47205168942082,77.27648664248792,70.57669496988262,49.03397861305231,31.36856723812684,36.44807378185412,26.658765377642144,22.418281728984976,28.496645087940546,31.970210344851896,36.63262698904076,63.0796042294968,71.89646166211875,81.86832083475184,82.47110552319312,82.39615628862953,82.9349747054161,80.45346346821827,76.42878171757144
2025-09-01,83.3204766891471,82.0520411397162,80.43217631097173,76.9185579202644,74.48171669254658,70.95864943385087,73.47103901837527,64.81510951472768,82.30399660740589,81.81835234759969,70.0354993657253,69.30387300960052,51.92892829920799,60.56371754178608,68.70555992151841,71.00987207798616,76.80385574221731,81.05487075185331,81.23817376419163,83.34224677272401,83.30052447717098,83.54047853745779,83.01172697849285,80.73254122987471
2025-09-02,83.39670766536351,81.76678436239317,80.07758462861085,77.18171098287614,68.36437198586646,70.0770949775587,69.11223533092847,64.47216168983206,79.22709143662141,78.91672097828125,64.89835121354587,61.98385120410995,52.66538355875629,60.39406528517506,73.55422424704854,74.86429705893197,80.64410685168943,81.38903504521947,82.16914579255727,82.9270496912772,82.931653294294,81.5782704083841,79.17082336521241,72.61987430996756
2025-09-03,80.71814233209956,79.64703890249152,76.47870610809079,75.5921300028597,71.64987357698712,71.90882079630109,72.89031264727808,64.4661971483497,76.26015580429264,72.20075371978156,66.23500732867795,64.10415417684392,46.03533276452788,60.99383455048621,66.93825968802892,68.17828321192745,75.39285224058294,78.7977654179445,79.17089206367147,80.88778732312932,80.90770344030626,77.76521934533929,76.58700498700851,72.46478816692661
2025-09-04,78.65713042800361,77.75880449480886,74.49297138823137,74.77540134529781,66.95986230448638,69.5721578633473,71.04916972097004,63.69783578416037,76.46631327897494,74.60226692692791,65.48282173476143,64.64334705514679,43.34135862826468,57.14320019956973,69.67975692472406,68.00091975257587,70.8398020139681,77.70674249215521,79.68992645876996,81.26995613441456,81.31269317993461,81.19312313663856,79.24947782721755,74.85325022303562
2025-09-05,78.93561463428401,75.82353275632502,74.7611615420251,67.66267710708937,65.65247426863468,72.73606036208892,69.5774128906664,67.392307618633,76.59111570536744,71.36248979115814,65.06856959447745,66.1248625299801,43.043895178690555,64.30399767826644,70.44979655278753,73.65764715249324,75.98210678087965,79.74565034443305,80.54348946335658,82.26053012683455,82.20684757621204,81.99558458233689,79.51822254097677,78.40246066259463
2025-09-06,81.36256858874602,79.39291325887173,75.75651671770248,73.41090496487901,74.18030606465908,74.28572745371602,73.70534011169877,70.48999055300628,75.1885161134668,70.56303794881265,64.8850681482184,58.97337971931319,39.96570870194159,50.64587010510349,55.74843475940307,57.33605720968281,73.95121207182824,79.47291363257109,81.84003563491672,82.23437778850726,82.0383295355525,81.92122341669773,81.70345647539193,79.01804802766901
2025-09-07,81.86203422782812,78.91356428609487,76.19966890368097,76.75802254493524,74.30590714695397,74.14951290436467,73.57622672916638,63.36754216735758,51.07633286445853,38.529351804288105,27.554904444355525,27.160347609522255,12.775492730406198,37.2332077582928,40.264010107769465,29.05289409218393,58.32526668394477,69.3737899938018,79.05377760077185,80.40931029060862,80.96056560160106,79.95853694744811,76.2271729408597,76.82815599097239
2025-09-08,79.06995525864768,76.23915850049545,71.36159419469595,67.9795728896002,65.92989580685489,68.6639715682433,68.16890018477852,64.53829115961823,79.70612143989898,77.97355264757823,60.40411360973205,53.82419223005285,46.263469018224015,56.9140899676516,67.68457515076733,71.48232775491898,77.47891812572387,79.18489060905908,79.69345891197375,80.33320434357864,79.9552927420676,79.86895632951418,79.68055323674368,76.96969234788938
2025-09-09,79.26808878989468,76.84562521920085,71.3558155847998,77.13716499258445,73.66813497104671,73.19776792255325,74.22750879302279,71.39335638796284,82.14169785682681,80.91206105947592,67.65129488856033,64.30528183571393,45.28552271569772,61.58338250844702,68.08621060016542,67.28025813891108,71.4205266378489,77.30298005021241,80.0909716957325,81.25897019459106,81.1662909777459,79.21237015301186,79.75068686160778,75.81265770829478
2025-09-10,81.52914187540351,80.26602638330674,77.40937981154497,78.7068412196226,69.16993401738883,71.81862917384807,72.78811032723604,70.71428184476926,78.82103351248738,77.29934133441571,72.06668858626466,69.12255228167261,44.429473241239336,63.518110935352496,67.84140782826451,69.87689273589996,75.33987155478648,82.20135259465874,81.48262476261156,82.13384170795038,82.2668331069334,81.59831929931968,80.16786336124424,74.38728124984976
2025-09-11,81.07366229593818,79.09151914162977,77.02712569318427,71.4050695252748,73.23522148356258,73.95899365313157,74.54258378435688,67.56098796366848,75.9175476775817,72.18850067702687,68.01439918504742,66.30184310245505,43.86860785914131,65.61941472540309,70.57049596787884,71.76704143348094,74.87766935561923,80.78157545324225,81.99826276126136,81.91698666154161,81.71057052309912,81.55861798272187,77.29392550070094,76.38565413421306
2025-09-12,80.22236127848544,78.00986507403191,75.92359359890234,75.78676111828445,74.56059178199993,74.7442663686743,75.0252605290219,70.65851010655346,77.66743021460461,74.8161717813604,71.58418955031291,69.76314437246852,39.905978907000495,61.856281226224404,69.7871864798648,72.31603731465808,75.4795617101346,80.52647584912647,78.88309999647288,78.90773725387949,78.75495365234819,81.7645784529433,79.35548131134439,78.69723141998256
2025-09-13,79.80741902775202,76.9280010534253,73.19691823844792,75.87163997741455,76.04325106593853,72.91548662422439,73.66936789669909,66.57517248687138,70.78198892848683,56.6314988225821,51.070573135894136,49.52504898977448,35.223619679893936,52.93498733512607,57.01591760983351,56.02208015446877,68.32914499043872,76.17591621837411,79.08691054329267,79.7675526794286,80.65219016967977,79.19694606395464,72.93962396753382,70.44164439156884
2025-09-14,74.45681168795097,73.76941878171544,67.89537341835664,71.09560173664786,62.78038998065158,67.67588126595491,64.10683069453314,55.73233637468558,14.981974365759964,-0.45170584699245525,-5.050812510720112,4.703969230766105,4.289799513295934,7.024073250688104,12.976005571825842,10.27098316745563,43.30125842937342,67.8923803954234,79.50391569306605,81.07620734454308,81.33202648381292,78.68985369243529,73.61209867296678,70.83336127987315
2025-09-15,79.71556119755078,72.66186749048157,68.27961065331782,71.49487693834767,62.622645290973885,65.78163653322001,67.70808511597988,64.39004294276668,70.75352487202903,69.95503902647128,52.588719848852854,59.46605577924296,36.168011009072245,57.67912924325002,64.27664912360049,62.44861875409554,72.84639355012052,80.32938691329977,81.95467733804706,82.8323807161991,82.68785911258193,81.47923711366822,75.2691421049413,74.50231665234
2025-09-16,79.83179139815401,77.16760358605134,70.31995993578028,71.14275666239813,66.83782248183894,71.14889508401495,72.7965160660897,69.28720736898826,77.63931741501781,76.55375662482578,65.64625528743406,61.86183923449546,32.5049931021393,50.63700949411036,66.44786865976243,64.55813820045138,73.97825928511311,81.22698889025425,82.21649279100254,82.33366012755128,81.86333155812744,81.31241442544982,76.40105223968577,67.95881068134037
2025-09-17,79.9511190610708,74.80894823658119,70.70733035213459,69.5139654394693,70.70097223970332,72.16295043106025,77.87718085282442,69.1273412735752,78.4689867885184,69.06311633354801,68.4129947904359,62.420061978163126,38.621972069127054,51.83516345810465,70.41128913231535,69.74964189857792,74.68695396485585,81.445279052959,82.68315443575833,82.62554673725276,82.72553707038841,82.52749138640712,78.98110439670629,74.66891159345089
2025-09-18,78.10786097135284,73.67905407767772,70.83489915146718,64.12617782030031,63.37628377465775,70.35197691905468,69.98073278048862,63.04390903145384,76.69112126000967,62.43022880479058,51.25116255838241,44.317494924238666,22.3447955504698,41.279506918525065,47.75897583705254,66.8131470921087,72.4306442312611,79.45801597965735,80.88763144604577,82.33835069660364,82.00213073888352,79.64890464736855,78.16955637118332,72.72448101540773
2025-09-19,75.62340405212313,72.77728955280209,68.38795825278181,64.38945045927687,66.31100612390543,67.02600692994193,74.43742886780632,69.69127153356405,77.40615218956637,70.89074735655204,38.15785591712474,47.58646200172955,18.688971944290074,25.178774804359122,44.174719675261024,47.458379756465035,70.67574250657671,77.34784425017098,79.27180553069815,80.9840021488605,77.57411831937591,76.9611733062352,75.66936709154778,65.37012466914429
2025-09-20,76.75519947697723,73.072352737541,66.70282727268784,61.800598499883506,55.17772499816693,66.15404670489454,63.567199108618006,55.02114175746136,51.173020173619385,27.55870239887765,6.285318347973832,9.514031263191026,0.16782272258157707,8.524120121243106,11.795363837695497,17.733243417043983,51.39393136140452,71.40653666404272,77.05196508531758,79.1617101861813,77.9422345226934,76.24250180189728,67.68337974697835,63.74577163548505
2025-09-21,72.33771852225766,65.45577329681458,51.21552634527707,47.07921986773098,47.707068345399534,49.746277799665954,49.81110424044576,16.537669692617115,-1.7881122841172448,-2.228844838124393,-1.3583110304726163,-0.07092368262470515,-0.13164476589933843,4.426542385966215,2.2332970691888034,0.07209065128957644,34.323541936611214,55.265142543849954,76.41753205695858,80.73645683385982,79.45449406709231,75.68769963114643,71.19444136813499,69.12016156461648
2025-09-22,73.29042294811609,73.62345797332142,64.02618984684972,62.68910546446921,63.49023764243475,64.93828420136644,65.88962741501987,62.07998559142272,78.1056761297918,68.36073897588146,55.89811192645619,55.47483517408083,39.812233813325804,52.059275782309506,66.17939424313784,68.7991634508307,74.69823827559124,77.7549701595708,82.6518725479424,83.2155356251544,82.15124133562495,81.81975273764535,76.56638359906074,74.07239538849298
2025-09-23,77.30318139993605,74.0607047613138,69.54051743771393,65.2422047968395,65.83915761050305,70.24412819318204,77.77672758233935,66.0150157732107,79.49710230252265,67.93367167319828,59.69997780239836,57.215552406967674,29.257451125811137,47.93618518118308,61.4672437057164,64.56177375333576,78.10814776975411,82.93096590145751,83.10176953255113,82.98537630557139,82.80313587882844,82.72675033790243,79.76101009815265,77.81953378788081
2025-09-24,82.02025615690167,78.88663763110362,76.30766332222424,75.01165275438423,72.74197773093246,79.18617465638594,79.41441260300407,71.85781026398863,79.32605891877455,71.34550767853284,65.8121403286054,63.16183265992625,39.628616327665064,54.50754889034735,71.28451666474096,72.13241562355174,78.53466391984404,83.04810495460909,83.02035730979446,83.01606113396306,83.23610674933929,83.1707272604507,82.07756046718606,77.23044790385353
2025-09-25,79.9391191480222,75.74258686152992,72.07107441450981,68.81174744205379,72.1391575358519,73.90596609891227,77.22399544812453,67.59845332014696,77.94110316966423,73.18012412490225,53.85103195227439,57.36096149596584,24.62090758833291,45.01493576312435,60.63602159345492,60.90534253867903,72.30527778288904,80.53480885961666,81.70124369075279,82.2506858409065,81.44779880026188,80.36754492121541,74.98857618496203,70.64164527747467
2025-09-26,75.04978334370654,69.83680483681105,59.13645407265586,58.926768829791214,58.27176861981537,58.0045738191826,59.05440483805433,48.161620985657585,52.61872998168837,28.627069615892218,13.841954434407203,15.822435951098608,4.49294534055243,7.739789320603606,18.800045358102526,32.28255053766275,55.061662438877235,77.36287447608771,80.15492772170235,80.20382776945637,78.40029537017406,76.2006025494811,68.91471701958032,63.452662513727134
2025-09-27,67.4012333577245,56.38373408053294,46.82481295619991,43.018341004377994,45.97175870987827,47.414721471375614,47.385033761199736,39.69104283586138,36.344330141255085,26.139450002523855,5.260557076360393,4.488415315065408,1.7480536051023239,1.2380970918464604,4.835044999471045,11.212140363807404,38.91823123716216,72.32447494166918,80.85863766873703,80.36165689087886,80.88593854615,73.93335299937506,64.47343325747416,65.84111532245491
2025-09-28,69.6388623593334,68.81841323177703,51.23948417949561,49.115512645446756,49.87210469933991,57.74240859583305,61.778784998756855,29.649768277946762,4.4733061000327945,1.2220683835256672,1.310533376138667,1.1300241400355506,-0.3235173932170594,-0.0663512704524161,1.3944940021401018,3.302666700403964,45.06814473603637,75.69786039308616,82.82620601023062,82.95450859122792,83.20255972882016,83.39504467823944,77.53894183982202,71.18843046112251
2025-09-29,78.38420324226755,72.97161877947336,66.5951456457039,64.53886984157384,66.38435199811256,67.18386629593168,76.30981928125928,61.53150161077397,77.61343723812637,71.31467115769814,55.97394694586163,51.93156966624738,36.766719791208146,50.041097285972235,60.79231979165474,69.40825147986934,76.24410342293918,83.22843289365612,82.91424812174064,82.81401013498285,82.85099102826122,83.0031608471444,80.81206234557739,77.76312876272063
2025-09-30,81.21902938604595,77.06486534806226,75.01622394069665,71.7085608509945,73.1077600006347,73.93533255295267,78.53696134649373,70.24508924448736,79.86362560530056,69.55948924654732,64.23840042693107,64.86925599717951,47.527313989269906,55.60972374430784,69.76718357178115,72.69119064997194,77.90438971795741,81.85124062166423,81.78711928131435,81.58813397031994,81.82508444021053,81.82047799015524,81.14226856927428,76.39941301215158
2025-10-01,77.78632194488237,77.49902156292363,71.86128503183821,65.99595932174836,65.69990889805077,68.33587140451723,76.07522484969515,71.76716840033768,78.87151867772515,76.4935257089075,70.16809906418379,66.09605329328645,36.69404400677368,49.63002575718525,67.71606147866112,63.514253356003046,76.76240608485928,80.42330477110188,82.17736150955017,82.1886657694761,81.28295102584912,80.18886053807934,75.93304569945293,70.48333915915595
2025-10-02,72.91759964423078,72.8829098894957,64.9121447220365,63.85966705842497,59.92941157230505,65.00457979553694,73.00176009291881,66.76479972642501,75.40184243891485,59.94209108801932,46.759240532160135,44.21692752630923,20.55084258830896,38.978808685804026,50.58642258391897,47.396485132340054,76.22047601602232,82.11834517317044,82.61040564204454,82.64199662159318,81.58223841177474,80.5894236740987,70.02357715345414,65.77147277981776
2025-10-03,73.15742809170517,70.16492886680486,63.2228232336431,57.06041231370515,61.6308692696103,66.45743881347548,72.27486703786462,52.37850258442914,57.881953885751265,46.10562415662507,27.42368000879731,20.28405000716761,3.5261269415451877,11.076553550587436,37.02073358367364,45.05366103569084,71.5471212478251,82.37677816969403,83.11057896305,82.92462444933605,82.74733447720985,78.70688422914267,73.69235750550014,68.22805715217484
2025-10-04,73.7559603375854,69.26151369709791,61.37613420899783,63.15226141343237,63.98234588807316,64.58147866312216,68.38834535134094,54.892715302867074,51.20033441094285,34.361828261519605,14.307795707324017,10.964863104717079,4.8495692392313945,10.110489050929447,16.337542332391077,37.66471080971236,68.96156993666665,80.08882388410372,82.0533813678205,82.06836296987044,82.05483994206826,80.03701357923968,76.53096206353338,67.0835355110506
2025-10-05,73.9475963295092,66.88656575677649,65.35053858747126,66.64884856134249,64.70855184078233,67.31545658748063,71.77243549756642,45.87069251029462,14.237996396644636,2.4388417029331393,2.260900905320382,1.4014352568853778,-0.9207642364908231,2.040742820173868,1.1112208896710423,5.696027027670293,39.27519194764618,76.44121698190925,82.27334451330474,82.11465656355263,81.91067113011734,80.61367079011043,74.65036243320624,68.0729259362964
2025-10-06,76.27841986345354,71.30173700533147,70.16981074883226,61.00783223662378,60.19918226431576,62.485519686737945,69.51875494457403,61.59581057003678,75.01749855234343,74.25449473848948,61.1372023988602,56.664245590403056,35.43714729238119,45.62820478499915,59.16902261946973,67.63988865601992,76.395148453001,81.73466215773476,82.56295625492146,82.3234989310848,82.3147479661249,81.75298327350166,80.66426439541266,76.5546253030204
2025-10-07,76.25048736406808,74.83923508405238,72.1099627280232,51.63250014715612,53.35313321605917,63.76472959531817,72.33616769927092,70.68005000599541,74.5844918487202,63.14630747190168,50.595557010088726,49.08241988595352,27.268773930975996,31.63706784026085,52.22417708946782,64.81221441866334,77.09612065808516,81.81518281963852,82.46650228780797,82.54897363350014,82.30883752830348,82.66475354245786,75.65287042661171,73.37899701326546
2025-10-08,78.01468411649684,72.86399539912051,66.70124421220031,63.933490885631215,60.64519330186639,64.78661479103611,73.5662501062839,69.00634346735548,78.24477780165935,71.97924244898645,60.227492484305586,62.54671793348099,39.77234023615967,57.817064849748576,67.27115264888118,68.22866666514848,79.6493691597186,82.40566722127035,82.20444359062145,82.14666390450262,82.59313902088059,82.7017782118751,71.95467208295085,67.17328284839407
2025-10-09,74.07506287812022,71.1915855872413,68.82176904035404,64.61653521691493,65.05358182579448,68.67839329683666,73.20444593288099,76.74468645530243,81.06208075213351,75.17902306114611,59.32562571316084,60.25073349883429,40.4826650405614,54.95383832119382,67.30206497449483,67.38864597570512,78.10183392293719,82.3666243212185,82.27298480108318,82.28373329666856,82.31041386395881,82.0325208123414,72.80771458773869,71.71249162289986
2025-10-10,75.92536476935007,74.40199067346732,66.78099511528582,64.97853809898493,66.97558762467553,66.75855685665303,73.08796480893974,75.09243267331752,82.11704143199921,74.26432179525602,65.02574352641376,65.09847959783166,45.460590670274534,52.86222614533911,62.4162374432692,69.44304968444673,80.64786537356385,82.06416787079446,82.07756112431565,81.87723319194133,81.87147634631167,81.77460417223887,73.7962657997838,72.75030492755725
2025-10-11,78.59385979079723,73.7560850351742,67.09004963733804,66.83161644343957,69.34163362435974,70.88841671586087,77.35410025191683,74.5934747125156,72.24965749713728,65.04347078355356,51.56031011107046,43.4270625454073,22.24784790317651,26.90849703165917,43.20333423785098,38.41542351371416,71.92121573062798,80.34925028563012,81.34118708133408,81.35880482521611,81.49615643709677,81.0013534848578,76.2955099898308,72.0511914496911
2025-10-12,75.03445269248024,71.46317824600801,63.25982834026903,60.25571239866678,60.84599709679639,65.32121935656451,63.814608788732095,59.82711341749741,33.462676944568095,23.799478080209504,4.780936198568374,1.0740864491775726,0.6494083479280122,1.1980445144599456,3.852191041432174,12.28189866578844,54.15871334106861,75.52229353154534,81.37763956344538,82.03238340637195,81.61662739888177,80.30882165766317,69.16590136278721,69.48805857520024
2025-10-13,74.33417706223449,72.12388412895443,63.46135892460945,63.42418679583314,63.1216111463328,65.89635187430783,73.0412386459842,73.3393910772969,80.5671363355029,77.3236559550367,65.42373951478588,66.59802441122427,46.02862028639237,55.13020274000654,66.28417629500582,66.85021559457715,79.41608721903978,82.07326870627848,80.90800256121817,81.66375538394817,80.90094317020205,79.69277742038459,71.80130550717774,68.27001355573533
2025-10-14,75.20680123383463,71.32173075977146,64.44044207454503,64.06783629083264,62.81804451333935,66.73168356040226,77.62247966871887,75.34922484477599,81.60479458324238,77.26351623684161,65.49184660855077,66.11086826259414,39.401700848079756,56.60795219095904,69.29337792929734,68.50290456990318,79.5920178793831,81.11072076266862,81.7576593487128,82.10255126233027,82.10239248736625,82.36456394973379,74.65081760368683,74.06833115638152
2025-10-15,76.92727195871943,71.68202876430256,70.89471854887849,70.02786697004161,64.78997406405757,65.06027881323928,74.53631025509456,76.09425063982569,79.77873107479923,77.0499316904332,66.12118053659412,63.80684214369053,37.4891921875641,57.05101899877997,69.70685460053116,69.7069990278613,77.53688843617853,81.63730073020358,81.76066255859844,81.65336155416793,81.74038824413537,81.09931541532521,76.92625675467684,73.41603792423557
2025-10-16,74.92829746568148,70.38814027456323,66.00257256682052,63.815800555558475,65.30451498165529,65.53121808132863,69.5330153393222,74.22707233519759,77.72507944288071,72.86564552275561,53.0594655962856,52.386240412963204,29.516234912246905,39.118745673260435,54.18009497438752,63.10025065362986,73.72335313710934,79.43091305566298,80.64405293153534,80.67701374145409,80.35685856680844,78.8946457064776,72.01326998236911,70.33532863614013
2025-10-17,72.09264346437108,67.82916642972376,64.06525548602953,60.52865575250339,60.65104307994394,65.09425781120697,73.98718290564517,71.13218234410391,74.18663940306625,71.39838630350424,51.87488804451925,48.13117363819352,28.220342260175016,33.89097863849563,60.49096232526349,63.37504065978384,73.76890265107937,79.05375193062264,79.86610546864635,79.82245516041439,79.85135738883986,79.18596671107822,72.7830162817146,73.56742823172335
2025-10-18,76.15343939121689,73.1640178424103,68.41602552109298,62.89101954440218,64.60696775878249,69.23693920248343,76.88034040893834,74.37313127163259,69.17295265759441,63.04008066840603,48.240588265953576,42.65476909388344,17.179359839747406,30.535711363939612,51.4383965757558,62.4279939632256,76.13720160816816,81.92267513447469,81.57152325494904,81.50489296132011,82.49570302295729,83.05757867428706,81.86693942946862,76.27622880320051
2025-10-19,77.20553857304216,74.8971667132601,71.41842608923618,73.40487448698883,73.60140146016307,73.09972401275175,73.4385087555705,63.909607782126116,38.66392701997983,30.44815902788348,14.362803856396075,15.067252501310982,12.310412449495566,15.42158036842322,30.132253780750098,34.51688241147741,68.29135167999951,77.85024816610223,81.43321448011814,80.46075977021496,80.38886939115675,79.44593934890852,76.94536894670937,72.08174577986335
2025-10-20,74.920857312422,72.11672709636586,63.71481165648352,65.9620365730051,65.90857479234022,67.1311535112171,74.35031630746634,72.71398638311915,81.75944035369366,80.32690894359942,68.17401916518803,67.90157037672073,42.22295846673444,60.23619090443536,71.10555785993095,74.9050305269122,81.82147053807896,82.2572085396496,81.870464773835,82.15227950068851,81.96908235019639,81.70232174185034,79.37104892879272,77.29253746149338
2025-10-21,77.97637683464316,74.85563742750085,71.19736020481741,68.15126693878432,65.43789877364549,66.13705773669341,76.34122249704892,77.85112616945783,80.22280453371323,76.28279605602772,70.40005021141235,69.95085446138279,41.30736477060843,60.944481474304126,71.16751442735318,73.75033064875284,79.89026518678118,81.51047771065565,81.24722868795283,81.18165258789,81.24943126787684,81.25291333500786,79.94266433241113,74.69279932668307
2025-10-22,77.00972875262022,72.97769347448094,72.80461343425245,66.02516074207088,66.1926420441755,66.67987038813988,73.67156112732603,72.8407524317322,79.85702786914361,77.27735684133334,71.84376095826802,67.71430462796889,49.92379723872282,64.33927456904563,71.091968801871,76.71214422984289,81.06198574920198,81.40007131391427,81.34258481636208,81.36727772522751,81.27702661105816,81.07021319050921,75.18422478998251,74.47067135931304
2025-10-23,77.71082304898702,72.89897574598874,69.98994759603308,64.75755534299549,63.70808145322882,65.951287036396,72.69397757481914,73.39341884888297,78.57674805348414,75.58963148498081,67.86020232542143,66.35637812543307,48.41333821074004,55.72187444950357,68.18781514201122,72.72828901839391,79.92121079650097,80.32639134665978,80.37656717034089,80.16202653829839,80.03463191280912,79.54213277513598,74.37317108452042,74.22721320688737
2025-10-24,72.57579760765253,73.1582453274492,64.57946478771287,60.13855936316271,60.312189126010956,62.81840443864025,72.43127236206803,68.84624594164458,74.59829550784958,66.07959685273912,60.222297191394254,42.13677222575532,15.62113066733572,31.326639354348835,50.739817944708136,58.36231574293391,76.6788921997342,78.62962915929846,79.52854684923385,77.9023055923417,77.41580578951334,77.15012474517401,72.31161204363465,72.51239433617995
2025-10-25,72.23619149091519,72.94406050827129,56.5247409319702,56.942600507555014,58.7112209714153,64.1478745313617,73.82678171810608,73.743542932508,70.95746562098448,62.685469535133386,52.55908897637615,41.15633166596586,17.02050470987787,36.98793899241185,50.10591970018148,66.07565562428113,74.3895221044679,79.84146864045437,81.26086848276819,80.58031243137638,81.73032204157799,80.30802854254108,75.29410141327631,77.09422863121948
2025-10-26,76.11468105307492,76.1235990070005,71.19201504785673,72.71074374593115,73.72928586287978,73.55521812738841,76.34080309488728,66.62375159286877,45.074679848621045,38.878252317260504,18.877993261002985,12.836669280582775,4.776488720840311,7.570234700813415,22.299560796709073,45.88238344186615,57.279749886532144,74.74906012209502,77.68570006739381,80.12952471877395,77.63514853014377,77.13897231214179,69.9488875106234,63.03053555513354
2025-10-27,68.05760835600013,58.52173799065229,51.51301259710148,41.41426537932771,41.05320716661382,46.04802312068934,41.33422110780751,52.82200944087964,73.34067492316859,62.87722280687209,49.12141290106081,47.136066450187705,10.160255586359769,40.83357793918061,46.743185011335804,50.59265135325764,68.45699154558812,78.60764481007111,79.95798927371091,80.60894921586208,80.80836381437466,80.76257907885848,78.87670012960557,75.7988962976499
2025-10-28,74.89937283940182,68.25884134644973,66.02867236904888,63.05991134222533,64.9251062903019,65.24438268159521,70.47192046655083,68.6236708439115,78.94099575199405,73.98743984770474,63.90508249463795,57.067403637597515,38.90669887913726,51.01623572254203,66.86808683752928,69.2648821054583,80.67949579853641,81.78056127796769,82.05498841083741,81.70457348884594,81.53761400427304,81.3852617747499,79.4437085275769,79.05013156120295
2025-10-29,71.74324494713333,60.981551564313925,61.21533268352704,60.14023714091881,59.61021559907239,60.2120697608433,70.30306139518183,70.27864680832867,65.09770008365155,65.01587981473554,61.14419260063,60.202608402089396,32.72491331173402,36.86062897125302,55.32048869383739,64.57736650731984,75.36054158336934,79.43018677777359,79.93854021566034,79.9320942217087,79.77960698962059,79.91196953747271,73.92213875469459,72.69314982408338
2025-10-30,74.78296739229377,72.35744586699197,63.92355673689001,61.96967605451982,64.14489586560518,66.05179793108434,76.50712645345338,76.19014794533064,76.72487480594873,77.06120556840153,69.12895739894647,62.443293149669536,29.693002181334005,43.40127119000479,67.16085423292452,73.95678639531883,80.17944978219433,81.60235410310612,81.5368458393435,81.67136631795127,81.5803374803736,81.6998222615169,74.24063064058689,74.71319085314448
2025-10-31,77.78446023067055,76.28517168548126,72.26986181407936,65.10999054920734,62.99664387353804,63.34303082351248,78.52337351533747,79.90419907435972,80.9093769119145,76.04999049395742,50.480114717533894,45.33979691797344,25.050841152033623,37.086531969725954,53.760484523144484,60.717113718620375,81.47511708106752,82.08193004883823,81.7386870851309,81.70307701097673,81.86041161522314,81.80975934703586,80.47018571907029,79.09528349781101
2025-11-01,79.60168451490408,77.56556789083587,75.50989332371586,67.62615553486,69.42751561656037,75.93884864726947,77.97146858321638,75.98393982809108,76.38411863009628,74.39882906233898,56.5971818341814,48.67221758013716,22.324682852411087,36.73020700638503,63.00406927056173,70.99416948235042,78.93669372168772,81.00901926195198,81.83174497291631,81.75679378024086,81.68471208247539,81.70508960164108,81.14574037633213,79.57415306280302
2025-11-02,78.57799833884563,76.1357240774351,74.75616608576077,74.74845586875642,73.40183270950789,73.7528384248802,78.8521829192361,69.01382399662666,55.60992367900411,39.96886173823564,22.390462554718987,20.705466146857116,4.140053979924794,13.753061180463993,21.072055730236855,41.72278176706232,73.55370382455929,80.02439344210157,80.9662538503785,79.64164200274345,79.51063702815351,79.42925539086892,73.40270338461602,65.76850317601026
2025-11-03,75.93716160941645,72.54719829719026,65.78337642423097,64.46432997776809,62.68697646241091,64.86129648962591,69.98182728444445,71.79298222613268,81.7531023725379,71.70471363292832,65.15579975162534,65.01008221117063,41.32602009868523,50.49296223806439,68.35831219096418,71.47876040586196,82.18838917516837,83.43065377793837,82.87333663282189,82.82332717459512,82.90974922152965,82.85143321481938,78.69163182809758,78.33932053551409
2025-11-04,78.33755271472869,71.61989356315922,66.74759100763097,64.40109363540006,64.9402384240454,66.92324808488667,79.19809038971545,79.61723263321682,81.4782931818098,78.11531443586594,69.40537623517477,68.75035455559069,46.73173016530232,66.42358863762995,74.5436349177079,77.90733429217445,81.74565414506185,81.48134560406527,81.32373164578352,81.29971333730427,81.29458219783214,80.84150002811839,73.6486636376408,70.17172787639811
2025-11-05,76.86363883948195,69.81727661926637,66.74311166127565,65.42750762536004,65.8744975029367,64.29639976327461,77.37238754792797,77.28523190500272,78.39245160171633,66.33297070510784,48.52562932100468,44.79569422928222,15.619096399634516,32.15520467377641,50.07814933793638,65.72449440912678,79.71292286284881,81.4110622187459,81.3353587757617,81.24057263583988,80.70502501151259,80.53430079898101,69.17988749955626,69.77304523905275
2025-11-06,75.60900805921708,73.47106118276054,66.42843420900022,63.518896998784065,62.78547125180588,62.89642619316383,74.0186037279724,76.34126881122943,77.90094016805854,75.89618142240285,61.16261290973491,58.15774661969072,31.27391628669242,46.62633267039864,71.04764679699733,73.20849823059739,80.19753029663177,80.65827780669008,80.34076264356801,80.34535456787125,80.65334199034727,78.97757515161257,74.38426799750688,74.02964490298145
2025-11-07,74.56732160719704,73.28351038759632,71.4774457966902,64.0610917656232,63.89826216123693,67.46027563645352,75.37093042184563,77.17417526666358,80.25323230951015,77.90112377410313,71.36700695656076,69.11470895014448,41.247748341585016,61.717801228127975,71.80172628961792,73.78423893015538,79.6157018133392,80.86007518367941,80.72177935846187,80.63106301154124,80.67016238958249,80.94678849160219,76.26425095385805,75.36430413471336
2025-11-08,75.06119880974258,72.96956289456942,72.1637500844648,71.71926035316544,66.19910700867668,68.55757452619528,78.89006682838814,78.92123417890625,79.44002274415026,72.95737717775516,66.35843511094586,61.41643739164715,32.459308830464956,45.58430111819024,61.489530088716556,69.71371366269697,78.43608255539525,80.34915496420905,81.0777570563063,80.83255521668599,80.76730548121489,80.73699181385322,75.94591399740327,71.16352570048893
2025-11-09,76.4620472825878,70.33165151532192,67.54645657497991,60.90654456222617,64.39241581899836,65.59900296241473,75.60237905088312,73.38790304031554,54.05571637918489,32.34956141830865,13.122203523153617,11.48998959557796,8.424675951698186,11.306435646676688,30.557163127289858,47.69135127438129,74.29058596516984,79.82422072681355,80.79039745895862,81.00178129142839,80.97311243752769,80.98540746661429,74.23802401751522,74.23209522496269
2025-11-10,72.69251076528539,68.89447180068156,62.35775915019231,62.03173006551919,62.54901177821137,63.718294594933916,77.02459846382679,75.13566834330253,81.11427881248126,80.75123253841038,71.37506067618739,70.66166097317834,32.54535919490244,55.93866059013695,72.35299275647198,74.85953095277695,82.08284809657452,81.75396928962974,81.7064235040342,81.67522830473058,81.59844737735072,81.34582448362703,76.21337420483403,74.79287995569709
2025-11-11,73.31196208067706,70.99536231285772,57.634397494646734,56.60472719008505,55.79349960378107,61.4562883559956,75.91500889631041,77.19235461274036,79.09360339946112,76.65318112305584,70.08287563260552,66.22695833709766,36.13053032600243,57.317280107217464,66.51543318561474,73.88863555763122,80.78227334383813,81.23240538004501,81.04280222054322,81.0518430650676,81.11218955684717,81.51337757068251,74.24388866434425,72.65073767491101
2025-11-12,75.3479620438513,72.99953147759972,63.353485662582976,62.60569234944238,62.033723396748826,63.23221507447049,69.00766043571961,76.11922587975764,80.92286775979197,78.34943233590843,68.31617529595391,66.51170394807576,48.04857710359683,65.40077074367142,70.68891158137876,74.16409144620454,81.0141150974059,80.64970591575748,80.29744947237644,80.43027102307838,80.5069510273866,78.74185766427821,73.90952314733723,72.75779865437984
2025-11-13,72.97482885753378,67.84538961062799,64.28877067186737,62.9166121989622,64.25341797490574,66.69868726300668,74.85548253816356,78.90688226721105,81.31429308708758,80.83357622268804,71.53283427313278,70.54091235356702,49.86717446744363,63.29430751212522,71.1571318880328,72.56676289282997,80.37897012039056,80.65952305026937,80.53749035169531,80.54759025174718,80.5833586124097,80.60971063595231,74.42141487764255,74.56748940211799
2025-11-14,74.68945504116734,71.02340234790636,66.29037320884693,64.35838320897382,64.23080108223809,66.27196518450546,75.51227650963052,79.10572054138267,81.0522933724653,80.41225762194422,73.31901238666798,70.99343792976045,51.09772030667891,60.656296771954246,72.11234738290625,74.25973842050327,79.94993144706986,80.16614767264873,80.03901011564403,80.19505506953342,80.4371933113994,79.30848010871853,76.70755569124326,75.24488319378405
2025-11-15,76.54898463702028,75.48614402444062,72.06845134145102,65.55728430067096,65.13383137735339,65.68355418621387,74.19099886737162,79.0112661068106,78.27618097138829,76.91470383883326,70.39926446372458,68.32248195812778,44.55577433322502,62.49050515753226,69.74540187410855,71.82964567422181,79.33569646894917,80.29362772798889,81.30695085970694,81.13996609879707,80.97312262269445,80.48994079789429,76.0075235536627,74.48830252825486
2025-11-16,74.45616509807626,72.04510205381678,64.3651822694892,62.87471907186308,64.38051135811952,64.3363359488699,76.18375174017189,73.6353933636281,64.55967298518557,47.803751407276934,45.3898627976544,41.15897346418249,16.389030531886313,32.27774728716218,47.67448468095879,64.2584398912339,76.81146859877624,80.30255002469231,81.27252721167802,80.98786868071961,80.76337934909436,80.49067398809147,74.48951014449035,73.66708131006773
2025-11-17,72.99341881334784,67.27938087721338,62.59151155000406,58.93920458900207,58.890231554526224,59.76283831934511,70.41179428058749,70.90944609089541,80.5654502609919,78.42537553791247,60.56407786800946,52.46564747416819,17.332148151308612,30.147817052631705,45.44823857016015,64.8976665157402,78.25205044691846,80.0431859347813,79.74299940656573,79.17083824341918,78.77105276207328,76.52130826565634,65.49688053064754,64.80223647812187
2025-11-18,61.84717117967992,52.413997713534606,44.69846629207585,36.31733761333536,37.304572122781934,43.75035697022386,57.05916048199735,62.23443545572437,75.17284753893881,68.18981559872115,44.94291343179903,44.68920030727026,13.296319571409214,29.38636295395089,42.342168753607844,55.39437057911259,78.38245007297009,80.47111959214583,80.9320428639793,80.18496201479601,79.4465689145836,74.13267033821884,62.38709127984641,62.027806515449704
2025-11-19,59.40853886084846,58.41769225768788,50.71947731834237,48.29250601845232,47.14116706597668,55.5557688147006,67.18838955520127,74.25244801086643,77.15609822113869,71.74914423420704,51.13458974302059,46.11864405683711,22.14675852314302,44.990107869918,59.24168278336107,70.72774740796767,80.29884026154828,80.60520399189144,80.36600621603644,80.13032383470379,76.58528318699086,75.32019897990817,66.67070645882112,66.93720792034563
2025-11-20,70.2995617973985,68.35812683819508,63.168670020137,60.746436136268734,58.92252513583401,62.13251997537623,71.78305293293494,75.02002442976543,76.78348699732963,74.82433663255013,67.50325505200745,61.198979431776934,26.67090297163517,39.57425806698859,65.21256607290164,68.85077461454743,79.1972418064069,80.03528853081886,80.38485745883169,80.22231645027681,79.4771931430362,76.06932424142373,67.9417271816825,68.20838481540034
2025-11-21,67.49386425051337,65.62064956822158,60.91693575998011,54.35149799828266,57.16511853374609,57.38829627686702,68.1950147116187,73.47142145582364,77.62737211018309,70.57486597902317,54.183978844184786,41.15331761817133,19.422226236585942,31.798121367721464,47.87806759070264,64.59316012160174,79.33630922388801,80.37431174012085,80.48071776204714,80.24158174749904,78.52820717408136,78.2375522547736,67.51528214205352,65.10954902631453
2025-11-22,68.25927717262203,63.60935743785005,60.230739155301194,53.64163959400895,53.8384483320837,59.24805508831039,72.78002370784024,68.01919053807279,75.22619970125838,71.2021098652164,52.47406432982182,36.360719665633866,13.96099565942416,22.09206518070898,35.0525852494369,59.528117870880116,76.37723196903981,80.04409438350581,80.53829135334291,80.30205998228114,78.96227803363749,76.45742909238867,66.44352665076488,63.449420490348274
2025-11-23,65.93252129067194,48.679899166568276,47.73968987476778,41.285905866827285,54.80718554685254,49.56150812214899,59.203646985074926,51.3944960080424,47.389145546160854,18.082260083236243,8.632711030120788,7.5709170262616166,7.785129071948266,9.224841275704522,8.87511934609253,16.963211974048,72.91954236995805,75.60322962168138,78.9937232533556,80.00868114776371,79.09963676884641,77.93309483881491,68.05128960128357,65.64835684510064
2025-11-24,72.40891749375989,69.82228139819506,61.87377504407311,60.01097618634972,60.200291214784244,62.75220564085278,75.49040866341068,75.37439671005608,81.79914432668781,79.619023773645,68.35688102920524,67.7178793475008,51.701647120695654,61.71592639647302,71.2365859873388,70.24696252683668,82.09800666655839,81.2247150568768,80.92696334557152,81.01138103679837,79.35400164832902,77.85975140166862,70.9101992406707,68.35045826860603
2025-11-25,73.28783577798583,71.7975233931276,65.42519065472428,63.471196042256125,63.905792097125264,64.81551896686783,70.45249702447512,78.59459327775834,82.09422986841773,80.1334831507583,75.3830541181036,69.19948358472118,48.32403670403984,60.470054504243,73.7218769056022,78.37700928351575,80.72049064007322,80.56638321925416,80.36929154753783,80.15672887506165,78.54740551718653,78.10239595996161,72.17834961149704,70.21240831423111
2025-11-26,70.57955878521554,70.18046756285443,61.53845040620874,58.22356445969582,55.727740463431175,60.21052172122114,70.28016004320232,73.8825513946565,79.12682568710771,76.86812335178604,65.0325283156956,61.271006109257065,35.76918134486575,49.96277372992996,61.508490743345746,67.29352831066811,77.41985814144435,78.38965992348398,78.89671764249402,78.65982295743014,76.74781871768349,74.35769966980871,65.90088797014842,65.47292608166433
2025-11-27,65.0241649083182,61.03340554839992,56.67145816516409,54.65207425122944,50.48527685723008,57.14259503215751,63.22089306885529,74.12974440595721,77.48626656759829,77.2976756679491,58.694988952229565,53.68479909645052,32.18865308278871,43.11311694297139,56.510743808722225,62.75786150860745,79.44015650825646,80.07811290649585,80.05949855547743,79.64708277388817,77.32069205789702,75.66510066314325,65.4000972538715,62.80629648486577
2025-11-28,68.77199030263534,64.84731928463741,59.02621729427331,59.6636472193711,58.180674549627575,60.53545086639637,73.12320064432812,78.51507627912515,80.8866968619926,79.44842809376878,65.87298287789774,61.29992406887471,34.81058624709773,49.059536149719314,62.649770730141,68.26996864993504,79.456540481082,79.55432186400513,79.95336193579334,80.12319151791976,79.4706138358092,77.95434415563119,68.5202532604034,67.39688003659246
2025-11-29,74.18718918877052,67.92530240490711,60.781238742778406,63.98460317844099,62.95885984218842,64.75404581596035,74.09773359799131,78.66310188754004,80.02428638379028,75.25458733534727,64.02862327710272,61.825434286728985,43.955690756073025,55.82948762317401,66.15329225976264,71.00741253161047,77.13268078763498,80.22681548871967,80.87541517103007,81.01736710073662,80.35805460851117,80.37471589021649,69.77576055449222,67.54259875073534
2025-11-30,69.44420860565086,65.80845110583856,62.29481944201462,62.00048051595902,61.03211643659836,62.64394125269136,67.89934493020696,68.97114479077648,64.25601878569827,49.242532797143035,42.69816255213098,36.76172783492392,24.544537626909214,34.08079108864669,51.0620667264557,62.78849184899195,76.48235844735044,78.26729258837373,79.35856115298691,79.4462380779508,79.11154369218727,75.96739683197312,66.78929783972697,65.44628534216139
2025-12-01,72.18261186508747,70.67755734933725,62.39166167948825,63.95656964355203,61.48144237514614,64.56873922809352,73.07173092740277,76.16938731984719,81.05976176481275,81.28457714808724,74.88530101851244,71.47106807956945,54.40530150230934,66.76875957421714,71.82745732144046,72.93422212124918,79.62431454945983,81.1653823081429,80.59980453387361,80.57467560129197,80.62964808811223,80.04376095247925,74.43516343030285,73.3967558880799
2025-12-02,74.23750713252701,72.58086080001236,66.91156767758109,63.85681328442027,63.07047272383704,64.78344263627608,76.07081063890531,80.65480279884062,81.74697298642378,81.86494163875174,79.07370645824578,71.83072980631117,58.59863065496227,64.58969870058164,71.43990735493499,77.797132142905,80.426472370263,80.59096294590947,80.66572159813808,80.52842137569995,80.57135047207917,79.38581026157483,78.63693284027305,75.3202897467831
2025-12-03,79.31892736168436,75.05461729448737,65.64527983900469,64.99663686684801,63.958038769173235,67.1039176560413,79.37398739890024,81.26402735102586,80.99778020133778,81.04310779275927,75.4655650725865,69.87523871545402,50.86876536470016,61.71810854390435,70.3708432606707,70.61539586915458,80.37070619029102,79.77329761649834,79.93975206050256,80.07795230081886,80.48663635017203,80.27763728279258,78.90156472832336,78.88637816277296
2025-12-04,76.06674670905029,74.22049183438442,67.97243082390939,64.30478673969998,63.9865494626086,65.54341739398333,78.29259635838207,80.10813870765777,80.39232072656992,80.16715386497717,73.15388103356817,69.89219679783093,53.07459732944342,63.176161511420545,70.47153359520102,72.96358124862965,79.93792287887202,79.83805040610929,79.81601439532461,79.79312069827235,79.82547943143452,79.06901706813535,71.05341459698451,72.0043039065984
2025-12-05,73.51203082821243,73.92278805243245,65.17085826502736,63.04173617687223,63.29126019578393,64.68584165573618,74.99845239584116,78.95958071928258,80.8632121643376,81.05304927865153,74.89638470427066,70.2397847152683,49.9551474957182,61.19141884221251,71.48352194702304,76.0687125109073,80.09528249679337,80.22616957867777,80.30942810960161,80.22190763405175,76.71324953667072,78.8124500472301,71.20214586257181,68.4848143778275
2025-12-06,69.09702904495532,64.43997185180635,60.007954804328406,58.14583280619914,59.93666175110001,63.169435781374595,69.93280116698284,74.91356555418155,79.02040333142278,77.64969309845348,70.17499294267601,69.62467675028947,49.99576001367624,60.20825912030788,67.29377910798452,72.9400188335115,80.06182203539807,80.08206872277121,80.10138158311948,80.1209571620964,77.24721979662672,76.79760837488713,66.17732647592791,65.09532014698607
2025-12-07,67.00242838496203,64.49932639279642,61.17228602415196,62.16512682871868,60.69755434381494,64.08379539141755,70.81628408799493,73.27081130279134,73.6580617473403,67.82583895801233,61.85448496783383,50.28542404336698,42.408175382232514,60.98670746689865,65.40444077754822,65.56907550221568,74.29813390544422,78.95137119785801,79.99457544081154,80.11888663824622,78.26375956875239,77.66309657420264,70.61272459361872,66.93708897456816
2025-12-08,69.3465140661964,66.93099409042885,58.64651440248503,53.64517455103245,55.820105038669624,58.42063905530921,68.5087276415487,73.15839112401586,80.36814227447732,80.8909888706168,76.40470406004269,72.51275423395683,62.14440091645501,70.1465518171902,73.25517503745488,75.54973970250924,80.1793941234868,81.2948198767331,80.08634102531968,79.99412564282703,77.0862706638173,76.32055996171327,71.59522749701223,67.33398099196128
2025-12-09,72.5835254434318,65.55903928154503,59.38405311949227,58.307924824519795,57.570272594743535,59.85031967835953,72.0411202002279,73.70191395470998,80.42732874915924,80.90531633030133,79.06384512198902,73.94779780881639,60.80854408315464,70.29332399297455,72.68371132399261,75.39529156313876,80.65055784836413,80.7896690896397,80.80209744899156,79.7060068931305,75.32533824061214,76.2077941879649,70.70703606784348,70.44158267090268
2025-12-10,73.9243534492157,69.81622812180284,63.982538602221915,62.782473862715456,62.58532554760469,63.701091598485164,71.35433066537934,74.14724158378195,81.51276239856439,81.41333895269982,79.49188101643976,74.06197725214373,60.77006506244821,66.43701861042803,73.43419027243779,75.8027813733415,80.5678961851473,80.48442166567433,80.17074319704646,79.57028917332627,75.33501476557782,76.22543265977373,72.34189677951267,71.20366916663535
2025-12-11,66.9742445019118,68.5099734465398,61.22284804302714,60.585076609382796,60.399737790718035,61.56418088545462,71.51036820771802,75.81678779372916,80.61505701326385,80.67028082713426,79.66346454000438,74.51579826166842,61.4471158469705,64.77445270501052,77.9245262182795,79.24727273316154,80.26910210112396,79.97486465603903,80.11282332521381,79.7696160910278,77.98016118060312,79.04496897442594,74.77732897063933,73.70501049298882
2025-12-12,74.62262554806344,74.30833844826755,63.57634741404854,61.66713199957569,61.41703958988651,61.80423771316115,67.75188814744223,75.69871027071012,80.64438161064834,80.40797325796584,79.41052010931433,74.12534253169424,60.65550593394108,63.37231844624231,73.73468000105122,77.26064557680152,80.00584329708595,79.72939416053752,79.8914162319439,79.78803839419452,77.81659915146169,78.07326150879966,72.30281141365387,71.51591892174258
2025-12-13,71.34855933650135,68.38327194442813,63.836645121547555,60.41223403897954,59.67618528321695,63.048780763921094,71.21011744330914,72.14685774877819,79.22815982975787,79.4663214796917,77.5082571509533,69.40184463826131,52.609542879500154,66.57237873637331,70.41774655817073,73.9236727087074,79.27833672401921,79.36786983413842,79.71309553460709,79.63911608117017,77.52740228488352,78.07414269923332,71.83006413748173,69.53322125093194
2025-12-14,66.16662424731857,61.81457314660449,59.12837085128498,59.456704919553225,58.786842157248095,59.24603671314542,72.14521978571263,69.36061911434797,69.14083305765705,65.58716978501054,56.06466114083977,43.76735736388905,32.73920507488293,51.23686838274632,55.82377379655263,61.85466808880287,71.00725496587691,78.80963826755554,78.97634451732851,76.69766359349357,71.71073717283508,78.06448750414889,66.87849420980012,66.30992260265667
2025-12-15,72.45804424590378,67.34836648463066,59.99371556988265,57.43618468000893,56.677040597320975,60.55538476083665,71.90300906391668,73.1657513957583,81.37718504855559,82.16602096145985,78.67829126886981,75.05393720051964,52.76431576657643,63.32377156177718,71.11059369128651,75.52788380857503,80.42606330549542,81.23422685231061,80.75017782594124,79.69942399003743,75.18937759307653,78.38459802220835,69.05040795782344,67.53046163885014
2025-12-16,74.28924660605496,70.99871086574181,62.633028178038415,58.98771346115507,58.881000281571325,61.500826772723066,68.54692432946715,70.68033923598134,80.54006835585201,80.42315713083826,79.37776064336113,74.96559365956055,60.36162949643221,65.14795072913972,73.7490996643531,73.37729986762616,80.37821184951414,80.50115349508357,80.30350363858457,78.56531721174589,72.74369210098054,76.59201025533793,68.64452756670237,66.8343726989427
2025-12-17,75.72088038663438,73.5308753966102,65.67112478298549,62.029684059810165,60.427557449197465,61.04435334074829,71.15829629463431,71.57556397920513,79.62183084408706,80.46966790216607,79.80134408782111,74.2852397297184,61.6133584522422,65.5059422465828,70.86309037854741,75.45664998115058,80.28805037286507,79.85474553500944,79.83272738306957,77.28729110144684,74.89795334550502,76.51394830807165,71.78961871765726,68.83354712895938
2025-12-18,75.19000729421327,74.13341984639872,63.941210102846654,62.788444424438346,62.79290381538601,64.34279602558485,72.19029524284385,75.17265977058558,80.3157687236961,80.94031615999867,76.7881545791638,72.15462140460004,57.14462228079551,62.15375466977475,72.62753094809719,76.41914561472989,80.31827077563821,80.16657358946473,80.24825519952626,79.24440673378082,78.15902298853524,79.41203407976963,75.84190349297077,74.86837436996943
2025-12-19,74.21647704631961,70.87791625001468,64.23355930911217,64.45703368692133,64.58332752846239,67.34409679682443,78.3231827374442,80.04393895938699,79.56516968535958,78.81219143839868,74.26528942681253,65.36462781451489,54.70465264368645,59.97650445088518,64.75464017879892,74.18092967283906,79.39184016724569,79.89913070281678,79.79981835309827,80.00293927200715,80.1872931353569,79.91028834086025,78.10221308949826,74.33392577946262
2025-12-20,74.31533983717159,72.86471723196499,66.36287065108061,66.10237239014008,64.0149793124583,66.01339261169865,77.84242916069662,77.96093221115035,78.98004007586725,78.5900897132806,71.87414594565672,67.41335991654621,44.414229405044914,54.58193296159463,62.97152908337853,69.19431369307851,77.72356548548058,78.88319241120617,79.07606356351516,78.37839302647039,78.3284389833337,79.79571554271918,71.92716999575335,68.19455910135227
2025-12-21,70.30273085813756,67.6513219738393,63.95651561586813,62.72766256174552,62.57163689628021,62.63614846234725,74.73168779546504,73.99156455797524,72.88911900945075,55.35045709569163,46.74979904459231,47.9581658305743,36.579794157038755,46.54295425188118,59.03796838151723,65.17198189774004,76.3132363759475,79.73637522223595,79.56934857182593,76.85392506923056,75.69103193388337,77.97722126418168,69.0273279882058,66.55767614026593
2025-12-22,73.10232417619746,69.04992269317997,61.778887927478024,60.729999480494605,60.99843069580643,62.0013823737008,71.84703169349385,74.15848308192595,80.54789918380528,75.8479682395503,73.64650559720504,69.86412588477702,60.830469466426145,64.08245657965888,69.95139218513746,73.19466571827384,79.13252130483504,79.26022307507462,79.37728092830432,76.65835842859322,69.09571243198809,73.93357511614325,68.0310703217101,65.65934521066205
2025-12-23,68.86747852464968,65.5615343034419,59.23316500683463,55.06712410759635,55.751923525198514,58.42098906363346,72.97108641076206,72.22663029705379,79.89928774118253,80.19410242631689,77.66803617980092,75.01775143838076,60.42658356305359,66.48114790285003,72.07458689269755,75.11885548245947,79.39706185533987,79.68887738928906,79.72807466735277,76.28708555966367,68.62228466132606,72.98378770375882,67.6446414078921,67.4331823365797
2025-12-24,69.96205813249918,69.70116969136181,61.223288873472995,60.97109685435739,62.222781613767,64.10748311307276,71.54738019992304,72.14326383059938,79.96771411771944,79.97948360375425,77.284272809975,76.35702636896676,70.89433213819291,75.0500911324808,74.84024286317138,76.7791133278701,79.97399074905837,79.75049036018267,79.71953838151109,79.73652999748482,77.425583757432,79.34085956740954,76.62500623722623,75.01712975678501
2025-12-25,72.16643265383391,68.99654701439165,64.62675515385108,64.07926432555823,63.54553549189339,65.10012171886994,76.83517492297302,79.18226526080888,79.77507414516339,79.95471245126731,77.61313784272137,74.65031594597626,59.68579639945842,60.71845544122972,70.46462643393801,74.85684265471232,79.69265932028937,79.72375884885084,79.61454393509403,79.64061431783604,79.35068082204698,79.71295074832706,75.13719029024365,72.734805105784
2025-12-26,72.04665771708022,69.04538774169794,63.04121203722436,60.13485278035422,59.76259070528907,61.26956834422151,72.04491916481783,77.38702310912403,79.60192681356222,79.83842798051526,78.57120417018868,75.87163351881279,63.2906650876235,69.93333255491501,73.68694431788118,76.22054861581428,79.31050419702979,79.28838594332103,79.35771543933294,78.63201361952983,76.71169074869515,77.41599618896258,73.56715588574068,71.47941336404664
2025-12-27,74.4835128650678,68.20760142475653,63.1709495756364,61.176018768146164,60.097840926253205,62.107799956295906,70.45726041314201,72.30011831755972,79.07301662900247,77.44256008421563,75.46659126638151,69.66991647815125,69.97236533316764,67.13036457145412,69.78466008707824,71.70642700734932,77.74332542962993,79.11967934524878,79.80226850663394,79.29064420877135,78.00805981369668,79.93436838908724,74.97043948533099,71.9110310498755
2025-12-28,75.76906482492561,73.22677351456169,71.97311432153327,61.78162382714007,61.653997366788694,61.148303346124756,72.55170158652948,72.301740002455,70.79443290015071,66.4127744922647,56.51049890632346,65.3728774185226,58.91909798244784,60.70358777132535,64.97964006055516,69.99199168784295,72.2899942960754,76.85041774537356,80.02329869389432,77.05034245449052,73.02435626863569,77.25504788216557,72.33920764004627,69.997486590596
2025-12-29,69.72130257226246,66.93260086591155,61.188373313462826,62.86315500367353,59.87667242504174,60.002668330239544,67.08637910588367,76.32182197061047,80.29768261592096,81.21748623657076,78.79561364148378,76.99183508725635,64.37154576681668,66.14817545390392,73.31962659724636,74.78850304735315,80.111450108805,80.31747267782215,80.15290422281525,78.5646684013664,78.52269963594661,78.75221935552386,69.93550404425628,67.83913755142338
2025-12-30,70.76740925063793,68.40932214978547,60.33626758314304,61.2806257546405,59.30311901850833,60.897479621025404,68.56557843678466,71.9823958702515,80.21191034465139,79.87539991104438,78.52893752523664,75.1191180281616,68.75285997122315,67.48573521121361,71.67242378135504,70.7807849978847,78.66690374266895,79.45787110046203,79.31247101808644,79.12843817256748,76.09403715922915,78.39567052523525,69.08669802115423,66.86689503415319
2025-12-31,68.87984678430993,62.066835195829206,53.725913535187594,54.627532809015065,56.873546549154966,56.92283831584188,67.4821278371526,75.4186641853362,80.10709378376475,79.16353577613089,71.55118420944487,70.72266103476608,54.0968030094863,61.14060046065699,67.38507988997415,71.36936866101874,78.69141950764177,79.4433876365593,79.43365040477886,77.12615340962998,77.2693573993788,79.43729816468193,71.62060782725517,70.84344121778324
2026-01-01,67.73672556006646,63.46519016973742,59.239884784524385,57.916099139152365,57.34822887315062,57.68595278504989,65.92119219786727,69.00846860351056,74.45874492829518,73.68242188233921,71.27643047193116,69.61915802197653,68.45148784736728,68.81439243149809,70.50734319832628,67.5406961591184,74.48779725177693,77.63358260915072,77.76681181772484,74.82245383856666,70.75450091103356,74.89394933534776,68.47713168334974,68.51007391964437
2026-01-02,72.1849271773412,68.29096011992192,62.862182028452246,61.24641817596544,57.55036736478731,58.0137382689884,64.9530976425499,65.50603346876366,74.27951189853368,71.79817104938952,71.45921720742511,70.10295452855028,64.13376923306664,69.31222007560245,70.81200695940312,72.00645715411792,74.40740330122017,78.35378882698595,77.29925317747077,76.50988932598081,75.63276929778127,74.75933457868284,66.90414696211394,65.79643939839846
2026-01-03,68.82744271080425,65.45708554249,58.75287603216768,49.4750280782326,47.52123472774383,51.033731647987125,64.15625706500684,65.54854216757026,69.7943173405445,68.47968833460222,40.09193525088592,40.61948968728941,16.972421442173072,18.72844094670432,31.777441422252263,46.6351271646134,64.73414266270548,77.21759321741197,77.66458218376933,75.46232061899656,72.7666100708107,73.80885472095918,67.25301640518272,62.80205023810192
2026-01-04,65.0124965674867,54.59058858826496,54.091611036281726,53.80558569468094,43.47808727460776,38.445587000766785,47.226838075862325,52.7460964200493,44.27150180674307,43.509193790872594,35.65770559479608,40.688799357622855,20.82872138277604,23.176079017385756,35.709020579051504,52.58985260495628,65.47664256844689,78.31006819107604,77.72902888021667,76.35540018992734,75.79560306511256,77.62282145997443,66.04275074913797,62.625220857904004
2026-01-05,67.30158162043205,56.93808700562104,48.09742436337926,41.89107402731555,47.364361308203065,53.836963548966075,68.23619877889921,71.3931229704482,79.31944544536239,79.97624977034225,69.94721255568909,69.75842968189554,54.063053300716824,61.16077425653728,65.33492363320002,67.95523892285067,73.89556498808628,80.73766123348973,80.66367857187386,80.19688008002348,77.99860448974391,78.33912937264614,69.04534156084247,67.39031828822108
2026-01-06,69.21754895855614,60.5585789258846,51.06633655982639,50.20078807389389,49.36013945790204,55.619590694067696,65.7180209337484,73.44010885858145,80.09446339315788,79.89119661211146,76.78134459779815,69.66196962979667,56.42986949527856,58.257315098322685,64.61638257398177,70.74649155270154,76.88035554069724,80.00513397073367,79.77754848592464,77.97938567138395,77.99902730546238,79.46401562702275,70.92074070804803,66.79169450764097
2026-01-07,66.69642426205303,59.1909851739007,51.86560808450429,40.44939916864144,41.35891874179719,40.74822333716595,59.41855628283258,71.97504951687573,78.61343480321287,79.9180195576045,76.61703898930188,70.1422298627239,59.19344720648932,56.17130303849409,65.41030547293299,70.27200298306524,77.92509998529509,79.36874523385552,79.5269107684138,77.16491345974711,76.87105791818293,76.97281259049008,66.586337530212,64.29247094705921
2026-01-08,59.51632327511711,57.61824120582501,46.913100799356165,45.920891970656015,46.41586816643587,47.02432827609589,49.50266623404791,72.62368849722483,74.82602723397771,69.05298594592577,64.02497514463678,51.69549410118011,42.814596673283695,48.3828310300018,56.053515422044676,61.789732292262606,73.50878690690142,79.15294846547378,79.314544520507,77.16090605563673,77.79616845596429,78.13850586263725,68.25073430531022,65.06778372543539
2026-01-09,67.85898936097031,63.74724854769726,60.53462431676581,60.52481717061544,60.667102086105864,61.579147192992195,68.35361286851983,74.1796112403304,79.67262591251576,79.53620268017613,78.60964768638905,72.6582234387673,61.16795685053386,66.86288441575508,70.39504974038213,67.30530512962514,75.83136307271872,79.48086071927838,79.1459026731943,78.63525257896846,79.30671941430923,79.60155403652405,70.93227826722543,67.46940368639038
2026-01-10,67.32194242206413,64.40837926364486,55.92822990130192,56.253316050635135,58.13778658831353,59.989653081225704,70.85218601807352,73.49655022826613,77.86659413477969,77.54588929501777,71.52076185380346,70.58832654362705,66.44540279420049,66.38025640815985,65.89693887625624,65.29911491137642,70.58072593754153,79.24586625518846,78.89571268658162,77.0840187133546,74.06854858781305,74.87577043841193,65.48963338925553,61.68904334016142
2026-01-11,52.78288652177244,44.46851720794376,32.306232351119334,41.75035729194759,43.721546041929436,47.652429213713255,49.98470891561444,63.7032905102387,70.03537203242769,67.53413477839314,67.24210333076041,66.25853840913592,55.78571989535189,52.93734486051781,60.585528495630626,63.16761465026914,72.64064754959678,77.27106951123935,77.69730578600019,75.47481950868504,73.49745258471054,78.03772989773651,66.01843442564234,65.42107790903331
2026-01-12,65.59703281119404,60.24097655975988,50.823244968402676,48.32039584701094,41.942434972310096,40.748739281032954,60.05724865674054,72.26827347859836,80.21874783698149,81.0699030623311,78.78990453857266,75.2762440524838,72.51391244368256,74.02812102226086,73.39457034100458,69.6077966590478,78.42466041117224,78.90318399444223,78.92014889720262,78.09517409879173,77.72963664402836,79.53530078262847,70.93458560100423,68.10453830960365
2026-01-13,68.91612746932893,66.86389284055267,60.17186164462365,59.757071834874154,60.26731374181717,61.10630486315507,66.52282926121445,75.68377988602549,77.24469589329351,79.90706926212339,79.17985770785239,78.44050094451211,78.09578866997444,77.59899579459614,77.1992641295869,74.7205245573662,80.09571391684068,80.00326146788392,80.04190047468971,78.83345805082749,77.88223719776124,77.4326882084112,71.75080106834447,72.52433156056972
2026-01-14,74.45675547007318,69.70552159793495,64.25017003663645,62.870469796277106,62.770780631646915,63.23078205013052,73.69447114108506,78.73930652765608,78.45306230600485,78.49222663416047,79.02347395049982,78.39608694046119,74.84138306054628,75.05936955750245,76.99344608853032,74.86556798622259,78.74539983963963,78.74554436097503,78.81470196519535,78.77749974191244,78.75717061845324,78.95836550300879,77.5806854291199,73.41523288612952
2026-01-15,75.22879862543249,73.22245856737422,63.19746404712737,62.99819045913143,62.89328382466816,63.838061408258625,73.41926414140971,78.88063019985837,79.6256683940644,79.33068599927493,79.8497792970018,79.18079252489326,78.37915853728886,78.22681427756235,78.25928336020995,78.25224554384377,79.00961347548026,79.24707838455657,79.05349072991055,78.78169754776073,78.92841204914478,79.30221217932201,78.77334772761306,74.48741760739318
2026-01-16,73.28542648540052,72.4547245626736,63.31149682096294,61.87813505653882,61.7476810079008,62.699545323691204,75.06696604831586,77.87356418705642,79.25746605051393,79.12943046604256,78.59519257855813,77.59694427454686,67.48748850636899,69.24567559764061,72.83627102550201,72.20909689047659,79.24904928406247,79.1882219937202,79.16353534588299,79.18241556647355,78.8223225296564,78.43863292932843,76.54760071158518,75.45907920657967
2026-01-17,71.90919012173818,68.99379664619386,59.3840364170139,56.27070548223927,55.9719493327642,55.24324808760462,68.88947316794403,73.08619070715781,76.204738943019,76.38963553982761,75.73393284516527,71.53019358616413,62.25429145101562,61.92693475994514,67.41234072212946,66.81100711185606,74.72893254514297,75.78516440988109,77.14186861567681,75.91991599754108,74.54969785497818,75.09582029164112,66.89240005873977,64.64519033377404
2026-01-18,67.4809103984102,63.985300705952916,55.885952208616594,48.308177894408516,46.78173695428591,47.72701606699486,57.75114254600958,53.57887038877899,67.12026968561915,64.98154919661107,66.5377707988387,70.08192851155798,56.79303530117256,54.77231644606718,62.38308559362146,64.07090032377866,67.8362966407484,75.46439241215322,77.4266538899538,76.75081984757634,72.54322992569097,75.13662313327312,65.45441817517323,62.4210830476044
2026-01-19,69.44705884688672,66.44477526778793,55.74053881154461,50.9120903686139,48.96278050234898,55.228022924990476,64.56722754858346,68.59584222685083,73.3255348633373,79.07845548707301,76.88638639427033,73.43827929159049,72.06244004602088,71.57869751933713,69.50226532568983,67.93752360479176,74.3853611838422,77.97532375285091,79.17833005711637,77.25433263970191,75.5191433564401,74.27492288863851,66.62747535720459,65.34901255776369
2026-01-20,73.16200319017082,68.87050943430775,62.64217338949379,58.96232022225748,59.713174261396844,60.32135374148997,68.65530038329601,74.88866579709308,79.75041391323235,79.10709326504768,75.12076024949505,68.78921471184215,63.90571404238982,64.70934057549374,65.88021609382388,67.69625577337206,78.53622717228691,78.78280535643593,79.09631749980221,79.32760607016627,77.88067006424566,76.24858071892893,70.04791137311399,67.46544199046467
2026-01-21,73.51232697187906,67.00152579748335,66.17223385691796,61.26119216405266,60.02005454019428,63.61293554922912,72.66793514051959,77.65703613376992,79.1329417173584,78.42278224086596,78.38174519449547,69.63851958745339,64.13402840277925,66.98579441321957,69.27668313263598,70.7960947331025,77.8847361992122,79.04570190186124,79.02365437250221,78.87005500652369,79.40825450503048,79.46437792252945,76.70484978679394,70.60890442466923
2026-01-22,71.86534674052946,67.35872827799952,62.67003912346873,61.86871584026431,61.05043494733036,62.166046643871624,71.92025525080206,77.43858438057987,79.54522506969698,79.83393840477883,79.85223232362627,78.68321318659711,76.17610669221891,75.9207745812027,74.44994576699939,75.30406113765513,79.61831164803635,79.69344724099976,79.57799468958393,80.04014181947846,79.61381672727131,78.57628903844068,75.25952693653466,75.67286009426384
2026-01-23,74.45179583112838,68.05109239196703,60.81874964977267,59.908246947699055,58.14227517423124,60.14419391089896,71.89153109329965,73.8738792084081,79.12553210556024,78.676401965179,78.55792369945206,79.01206772246508,76.60354852511024,77.55794199108279,78.25005065324949,78.02290963645927,79.3447372415764,79.37617000597574,79.222073322812,79.36876241138245,76.1626513492863,73.52855682291352,68.18358844661977,70.96774474335855
2026-01-24,74.0511252886931,69.98207974847159,65.22913326019186,64.78055570696309,65.52491195559959,65.8621396906271,73.64940859401653,74.86776578184728,79.22015155332109,79.00647717439819,78.49480226249723,78.2598487896103,77.02454711625575,76.80394843730153,77.39065372334092,77.15361230966401,77.99306843364437,78.697366422525,78.94946718088501,78.57120420602135,77.10988434075254,75.85420651674238,72.8344403781979,72.06362002458509
2026-01-25,72.43010830777887,67.86298872023686,64.63583557358,63.70581589676211,63.429607344857196,62.766896760033305,71.00907052716005,72.31214071917722,72.56157752885778,71.04969018804289,70.99463431782954,71.57838121222943,65.9360132026166,64.80480438271341,59.71660694540137,63.369847042997336,74.28252043084268,77.90177070327448,78.56146088497849,79.01146743059122,78.01577965905999,76.06508705090398,67.3765935666862,65.6836199948363
2026-01-26,70.99343126528669,68.53997311442639,59.57634642075267,56.554323712449715,56.15697472029717,57.530261069809406,68.91621072617882,74.40948515843738,78.42670329575878,78.51441133168046,75.7722075287722,68.14204023913346,59.702767727660515,63.491988588917444,65.39067919841968,65.788645539705,78.13603513218501,79.24539209093989,79.44299937346904,79.19954389452664,77.86951031399403,76.82139352429171,69.33975422672044,66.87908448589597
2026-01-27,66.07387070030164,62.21934420218885,55.64295330561299,55.39114588545671,52.31508774099831,54.581171541213536,64.973716514815,71.47924799772355,78.5440201990044,78.58970762618789,67.56107465059881,66.41128948274167,55.07544989255842,59.288111616353646,64.60082285270994,66.11924338009928,79.08078817998845,79.18797555943578,79.05997115290569,79.08617169755311,77.63108394489961,75.98102906968812,66.0928207233279,65.39013998098464
2026-01-28,65.82339849895195,64.09351822489582,59.68364916451925,58.92289138492244,58.941038922912114,60.38468328520964,67.40274547036883,72.31548206103403,75.47393537794505,77.38992460940153,68.31414753534119,72.56843059785221,66.87876768582396,69.58110962997715,74.05999039773609,70.60627978604847,78.6708143770256,78.70690063853702,78.79154229043677,78.75930777372623,77.67871601030343,77.68108266785646,70.93085659685362,66.35016302986534
2026-01-29,67.74282365817099,63.2490076247737,59.081348879832724,55.11733594055552,53.83889538043608,55.018046427226075,65.33972244600221,73.91696133286341,78.18024668421387,77.74361531623065,78.02569974967547,77.33010696117086,71.97301075333756,70.70889570842678,70.82048228081669,66.89281499488146,74.62282947841076,78.80484720569588,78.53251882488435,75.81841333190988,70.27257008974075,66.5719462501875,63.13931485463678,59.51486419165398
2026-01-30,68.39854784624376,59.692180641864795,54.275077880553674,52.1705170382314,53.2484885760923,55.2955883083207,67.07875231408134,70.10824512794004,77.49411217815292,77.4597810720374,72.47308339535408,69.31344906397035,65.95436215705169,67.38756668641022,68.96156996279734,65.57652653115704,74.83028943606655,78.51466923598106,78.83353985072334,77.37447540510628,76.19837287355868,74.96705089496686,70.57349693341449,61.13921666783976
2026-01-31,69.77636816083435,65.85489732024624,61.24587144085807,59.82269905281592,59.43457511508011,60.48718736502207,69.07352512622568,68.21647653347284,69.54075192988591,77.058148553247,74.6271146629067,72.56611143471929,65.84849163374436,64.43899454343214,65.94906613984425,64.81394469907598,75.41803966897206,77.82802783462273,78.6388343396786,78.25885860322222,75.54168670739712,75.75173296516951,66.71056805155573,64.30816191692756
2026-02-01,69.58190400118426,69.14608183402825,64.5020052317881,59.65379607373943,57.983850489779606,58.75294003011094,70.93824026661888,65.55682081400664,68.75619477295858,66.24597488438026,58.533754145805176,56.395721807560385,46.39978441085414,45.45467346222095,47.37119830754212,51.03826900233481,63.67336798100485,72.33003921181215,75.98155032565853,75.24099338973815,75.90587204588702,72.5466236325037,65.19404901423765,59.76844152971819
2026-02-02,66.48654458230918,65.92224131512299,59.61606823619053,47.383072034382195,46.69675583218775,49.678510036403964,62.40479465643867,64.62220224500945,77.26484953742239,76.8232211554082,66.04413399298141,66.0359952245437,55.893968142857425,61.75427199616302,65.85990504708978,66.17816442916822,73.36421602838293,75.52056726461736,78.71853242968909,77.71640997671547,76.92892470283917,73.57315521261313,65.26014329015891,61.501139887806836
2026-02-03,68.34108075869617,65.99242850116265,58.93795422471256,57.83577564425586,57.23507357826893,58.59851617249679,64.21916742079496,66.88571174959577,75.7556839730464,77.11999852171226,74.72626445425675,74.19606249076226,65.81950429324408,72.6987085791101,72.88314601486434,71.3913065423329,74.64552896885328,77.20482662610476,77.79669943886111,77.78953871354977,74.7280564331152,75.9289202461395,70.45687230720539,70.20672429707088
2026-02-04,73.91498795279387,68.08850092047184,63.82308906042699,63.30011449336544,64.00195628991942,64.58756421516517,72.24362552845112,74.50449097334884,76.87415339925876,76.36832660934093,74.98462450940113,74.79700692934972,71.02610907466548,71.07143343358771,71.03649187733706,68.31786280650257,75.24849291973962,77.10500525318719,77.42796353920689,75.11339664677445,73.77295770234343,74.95689925959707,69.33340768754971,64.54186239460965
2026-02-05,66.1240233210046,63.787916993485474,58.17849786652818,55.31418816139307,55.75266600696555,55.636696524061165,61.986651619310535,67.98645318172535,74.84183368034961,73.90849991252423,65.31025539319262,62.91831048478273,47.250287163062815,47.79316053227756,52.35161246752772,56.14657221663453,68.50427351875828,76.57361351898595,76.97955666024937,76.96829823458152,70.7247901779748,68.17076383710332,62.45240081569473,58.02048604186458
2026-02-06,57.77865663207253,56.37395305890419,48.39306368084813,51.50334250939295,52.13041635604854,52.17902682496816,61.17965068032976,65.8494285724251,72.7864505594953,75.41460706966703,64.11040967255568,63.34929277403834,49.80493993275465,54.378212977598764,57.523280577121064,58.37632502252513,68.9361333588779,75.03164426458227,76.33757872061578,76.00930422480555,70.2844003282189,67.2042549348704,58.19506968891893,60.174529531604215
2026-02-07,63.93795399456398,58.58651840346585,48.320211325124355,55.68589281195753,51.51471907999242,56.82286744169135,63.75835006136207,66.83177809021954,75.88359254314072,75.56204066749618,73.07494427229875,72.0654685034639,60.7229903954936,58.88768206731676,62.17842590665645,59.36151801849356,64.32582027591351,74.09755993748739,76.97465357597254,67.32639651684973,64.07312909288665,72.67025531359181,61.041293582802474,57.60072516810377
2026-02-08,66.01557122418296,63.66790227055266,57.767418885546164,55.784564717819585,56.613270946346255,58.07742559495391,61.73140816775132,62.42129270612743,61.93197555791523,64.44543566696758,52.76439093198003,48.44279745011199,36.43816838975467,42.92077098260722,51.365099822198694,50.55730362365739,67.85221200757734,72.66214715071412,78.25449065121238,77.01337324632308,71.96101927109663,71.14745476983322,60.75273452037301,57.106227610857346
2026-02-09,68.79264150583693,65.10883367053782,56.67264877612282,58.896489906564035,59.57488296225166,61.23649384000409,62.77535777444523,66.23139422408872,76.97566001210603,79.35345186624883,73.17255757260503,72.08472550684651,63.191636486857895,65.86390495307998,68.22072160382321,68.70117286494475,72.7007875360826,78.85145210003769,78.87772752917164,77.22940119220718,72.12397751863435,69.11366209355376,67.01607484615135,67.3063445377936
2026-02-10,67.14725436047745,64.9603698805963,60.3757338044092,55.95158142840322,58.733359283165065,58.144002914784835,66.15550859788539,74.89896572838249,76.43686970525773,74.96093230622552,73.34626837741021,69.8560172293304,60.78510057704683,62.684249577921314,63.05049348055789,65.51575984721083,72.56476506726868,74.68188785403684,76.84033280557654,76.78984615591985,75.31264099992178,73.46047056124281,67.02126223540814,66.27488730568413
2026-02-11,67.53482323077003,66.63642482809432,60.672293962520975,58.85921405001496,58.067153013880095,59.443156188619334,67.56196096737929,70.52388958954423,75.79020555286371,76.4936507816049,70.07219577770333,65.22739519380472,58.25335040025346,58.727284902268174,61.02340685873666,62.33340570471933,71.13227075204328,76.86242179767515,75.1203736828585,74.53374389965693,70.37491188673586,67.88972255583316,64.55946524543916,63.70209115410849
2026-02-12,66.14835251606488,64.02752970898763,53.09349400000913,50.517796138584366,49.76236496559708,47.259843930038336,58.22250768191718,64.63920159233889,71.86307165346308,73.78948028932628,64.91211986251743,63.650605861221806,46.84641302753479,46.6802466555407,49.57146356557945,47.877215542968095,60.31014290169988,75.0871851528892,74.35130350009582,67.9250710436094,64.07550327675953,67.00557604006488,52.52192191022042,48.34394617772735
2026-02-13,45.81945266713862,38.57330468385264,28.757453477409975,36.75380489379543,34.080061959855726,32.28532612668555,39.18955185514279,57.45727372811259,70.88725588732194,72.93885681623964,69.67285816982935,67.78364539436551,56.48572277523756,54.347115635929505,62.84178804130779,64.80340408700212,65.37398005948909,71.4489046347151,71.74818040548885,65.12963276009148,59.01885748869907,62.27133896885246,54.06552684752748,51.261661858525
2026-02-14,50.02328456180702,47.501364796455455,43.05899555940332,50.35697189048471,47.91013326890728,52.255795405873435,65.10704407571681,66.62928102119483,66.6235803958675,74.35499049631585,72.46492851119116,71.37461394082511,57.94378829393603,57.2365532864417,58.712207249073224,60.91118351161908,67.15699620956156,71.53843687951817,74.7911856507619,73.94519185906948,71.15079057571428,72.7550786973462,61.14439529371027,60.97747960297651
2026-02-15,61.4760994894712,54.961702925521045,42.337442728368835,44.99288899922423,44.00382877640124,44.73337356079444,41.49491020463912,40.58492893772261,36.61318747345843,24.171882497566852,12.10033417692107,4.492668997516022,-5.145532835871553,-0.12801540132855013,-0.9712505626425758,9.753637679104392,24.42630721659179,52.29473800903439,66.06039192979257,68.62054468992285,60.66587479463645,57.46907739683166,44.06632811482723,43.11666812538466
2026-02-16,45.506296691860996,34.60911221086655,34.481607838811456,33.42892413263523,37.385738334604575,43.79570619525825,53.81722850509337,60.974483485568285,77.78473106051314,75.49763278558243,65.82144719920694,58.25540944839381,40.702351486782064,43.54236696778524,48.68642089669227,58.48481735373296,65.0081912768018,73.66031426686929,73.85428302845358,69.64922103712567,64.64839956261737,66.29580627046562,59.129225258333044,56.57815056974324
2026-02-17,39.349429130155,30.684620009517793,22.231224142320155,21.876517145815196,19.628321993168942,28.853801650154907,44.30890044342952,45.360617889518174,60.75317191401415,68.56426836729793,57.11003163491842,56.363025911903506,38.24815787355427,37.9801299477071,44.93045038978693,52.87279072604929,59.7222826440917,73.23328929586191,73.03090773748282,70.57956146919072,65.95968844391957,66.82811275169291,56.151509027924014,53.535687604066474
2026-02-18,46.5677812077264,41.653303290371596,31.048874128962108,44.1662252253436,42.03806118002136,41.81676530249775,51.38220036864159,58.8292762067368,72.76389681992138,68.70313399074118,58.69275663334322,61.02686165847756,46.53195462363374,46.23554778490896,50.87389075947033,51.03054003533477,54.99794095920088,73.15947955030461,73.51217343167852,73.33158357312651,65.18870887009851,65.77156223848934,57.015434079006624,50.74319086316935
2026-02-19,57.86298014205908,53.200283757423314,49.2638541198045,48.92329539494244,49.09590685782737,50.46770218042898,57.06020110450951,63.36968669314268,67.2656419499296,61.83953384171238,60.795471218888494,59.1329576478594,53.90057119280953,60.965626054862064,66.63103156742952,70.84646885940631,71.69700177736551,68.29524489549885,74.15865223778364,72.85883065941923,70.12490894536984,65.47206575418132,59.93060002561735,55.14220735236429
2026-02-20,53.61819550301373,49.71887062661244,41.177197804516304,39.38627659203981,43.10303660390566,54.30854365000852,55.15411722874736,59.010832982312316,66.79983776920741,66.88081463681291,55.67773432952379,42.730802214654986,25.31708191666152,28.46576374187846,32.276889834889886,38.62363736298736,47.627598995026645,66.73188222938548,68.11272533995489,68.23021721403336,63.20535993593074,63.85469450064503,46.923710997267634,39.69542426615499
2026-02-21,40.13045168281499,34.822484826172364,25.459419787651058,21.596475280632994,27.41099456338012,45.17446323145395,42.630063227500045,47.2242241983101,62.243282600144234,52.74577680962239,35.97739649022134,32.94715386786874,24.017870480964987,31.626658144002576,29.17470384158255,34.29150748244505,42.343013783046835,64.31172778616993,76.56225765083624,75.54392726795751,65.08514521729158,66.52982799071927,47.916726389063335,40.238693898912736
2026-02-22,29.635621383815923,28.032817124181157,27.012532330078475,22.110976438408034,29.464994760815788,31.270329082028994,29.47634861441604,30.03673361167769,19.954134466207012,12.510630918593227,0.18829671289586494,1.6973003823063484,-0.854298881117734,-0.8176463533611534,-2.7134900858593993,10.255474654923042,25.688809242743186,35.13221388504187,51.50761824060103,49.15435482428698,50.326337316052424,46.31479486234673,32.86395199353401,30.896492141996337
2026-02-23,45.07853414215874,42.968079032866385,41.95533320717339,43.28320025291301,40.734371119438364,45.28138529679369,48.0763505410642,50.61657206083179,56.96113887857237,58.62131905888587,47.32567046736449,42.32591035828075,38.047824998800735,38.30860824587735,44.69414732132973,46.52852418867013,52.43102383366611,71.57563407745116,77.55587039733142,68.10305678819766,68.79652836693087,68.4622233466734,52.383979091762704,50.26425997765074
2026-02-24,54.36015171367674,52.038401826190686,49.209241893457346,46.96722514027747,53.62566966640158,55.28320931480368,59.787014194285156,56.344209740117904,64.67389415595149,52.28292183043389,46.05979069301358,42.386254253778425,31.172256284640838,30.47436881118742,33.51902667461806,33.020100553562465,42.441987803125336,62.06114943474563,67.42545016903833,66.70801074407889,66.1013005250737,69.0884655412031,54.5332753247628,48.3753384334431
2026-02-25,59.33868194363548,56.13189013013888,40.01263016413068,49.201102812893424,63.824471659633645,70.14857581105473,69.02226096537352,56.81506586499974,64.8740499943931,51.64853191865645,34.14069703922612,30.839968139127404,22.470607541434774,25.487422335771978,35.818102270510316,46.82179721470343,58.86623334898659,68.90530884415814,77.51670590744858,77.4931529866128,76.41533271929613,70.48494177023797,63.06179584232581,61.68347102358675
2026-02-26,62.58194802149762,61.50607193325852,58.98607736397046,56.43739117825387,66.11153959020838,73.16712024125194,73.0316512238512,70.92829540175275,74.23225166759207,66.3289338916508,52.775571527734435,52.342066580737225,45.26840526573829,47.16980388505504,49.75215015399319,48.88050000694209,63.3701945199634,67.5300289498186,70.7518396386964,71.8446887116033,74.0732111810076,65.02785282360298,54.95238997474738,50.08399939244904
2026-02-27,41.386262239388294,44.06923434707343,44.25441857612439,46.245934497334076,47.22937509655159,49.728175975099916,52.62663156767834,50.94537937482489,66.26731577836694,51.75564038441665,41.864649429064386,38.291225450970536,36.89308419034709,43.52759564006281,41.30296826629134,36.644162531385874,42.107759429762986,54.02501253712784,65.70518125283104,62.62564478628549,61.71535718480838,60.41713311390046,46.91574234538639,43.8837516716889
2026-02-28,36.30581659961374,38.51659267598934,36.297852647644,38.56931815770509,42.11137062149161,47.231775916472394,47.83119263162993,38.42964340084181,47.86849743058691,32.530126080319036,24.358110631017276,26.583111036946185,21.972044701372756,15.358556984465354,21.78910829491776,21.290762230550744,19.83506278203138,43.47389713173431,54.45061790850031,48.471325944359684,48.44439396029688,47.49159142099176,33.40069839725972,27.337869546307548
2026-03-01,33.8946629455163,32.93571282121572,29.67760162455295,27.632121460921777,28.101373813214746,39.88660858772642,33.85484072095485,28.32336531010599,21.3782142438754,7.394620647606101,1.2895688292949734,1.8818346864072335,-1.5124516338551128,2.7668809941843917,6.258044896025487,6.0512647392067125,15.832868724406348,32.56676820390408,43.956577935756684,44.446794549981384,44.95723846249624,45.33587016021029,33.619154484671704,31.601961809576803
2026-03-02,46.10457832251852,48.86565888027118,45.50173408202663,42.73446321250276,46.239758234413195,47.00089327172446,55.28741579298267,54.51245248145253,65.89293050493922,49.46458591547249,37.914493805052196,30.20229716516338,30.075602943873733,28.331793829057535,34.48378835989797,36.29932685293674,47.94535457451865,72.55846982366987,72.75199131561986,73.88016859743553,74.44196227030952,66.76004307568343,64.81713607693926,61.82584569881935
2026-03-03,58.907933742363355,56.22083993765389,55.824253166856074,54.820276760474826,66.29730894034843,67.08482643152954,67.26603780453046,54.416192856619446,59.48138953042859,42.78846922090323,36.50554629533626,34.63203514898601,30.871435051872975,29.280652856011454,32.70264867005746,33.74803277064918,37.719588877647354,60.65088053017255,75.97409115966096,77.2410921521876,78.1440389082354,75.64165107117779,64.07212010673088,65.10177407744115
2026-03-04,52.44516020480123,51.96360076001841,46.474822957481585,47.13543552166971,56.212437123220944,67.11867896112639,60.38205816223952,41.28737434353886,59.3157038576521,54.07700722347075,49.05846847086965,49.65037822048282,48.46548554748368,56.367524401295576,63.42793898376453,55.51335677644707,64.92582868598858,68.11226899216489,74.04390300758756,76.64388332860496,73.37693473991861,66.41716452498767,56.62115502968157,56.48275466434131
2026-03-05,46.95874587684635,45.9053476377332,44.34270083482057,46.27475043781652,52.6047532529251,53.51502397060213,52.894616333241636,51.84425215386885,58.043376667095124,46.80747624276802,33.31740660411688,35.85615257473954,29.752178798898033,30.655004717570293,37.7371543223846,35.53290068608631,39.30757279208819,52.824928476148024,59.462133662452096,59.93452546307733,66.2381388053051,59.953385468787566,54.96732595702434,53.32562837941039
2026-03-06,39.39461780153787,39.86153143488022,35.43162763923779,39.025841329560656,49.484659578215016,61.81039658687306,54.13389147865447,44.690964963979674,49.725604509889266,35.72791692913257,29.139133964800173,36.4401175796344,29.147712055451894,29.046697180428353,41.00383749711987,28.357786767052495,30.884182749536365,53.30117392595326,74.31068525584203,74.57838657595595,74.09688023161908,69.49721200715499,56.695668014171645,47.86780234823814
2026-03-07,53.39876349074386,43.91959927407013,42.3675752613098,42.46965569281462,50.438434047959085,58.392670235347275,56.21582580917866,44.057508725114985,53.01637174207,50.2102610449948,46.624376955612114,46.03926330609152,35.14283743278381,38.45154898114603,39.70312625972564,37.059856019270796,39.607443072389366,49.36166870441236,71.47997140703754,69.53563667274507,70.98480655066483,59.72887838449796,45.4909753148753,43.29544246516949
2026-03-08,41.14990631173449,38.44487578809795,38.18108107376642,39.32834409081477,47.055074671576655,56.55251888787139,56.25341065241953,40.19097157403078,38.55741423113917,17.35263918191616,6.852312915227397,3.7380606350364323,0.9735304460913734,0.5454495480783361,1.3957747468513042,3.523018862846471,20.301176423735356,42.42624966974846,54.01713347793276,54.64101720601876,55.65757069424355,48.16039286494891,37.625024347688246,37.333456205552295
2026-03-09,41.85902902695064,44.83597986388374,41.47331567162946,40.296025665897446,39.09991454147166,48.02460996875363,41.99432576620403,42.1464176174651,43.711774142660055,34.631391723348905,30.171967167896188,31.76211988576151,22.288758751958646,25.60902170657834,31.766112609662773,28.600921300726817,30.505188819142198,48.857278734315706,66.35554472719716,67.2232956437882,66.6051893334984,66.94986039440009,47.36653206108698,44.250278592275805
2026-03-10,48.05394046576952,47.060080439922686,41.123463527283754,44.352934114962416,55.77828235498369,63.13573039534905,56.01451404246447,45.832320667080516,47.43772121356929,40.760180432166955,35.21935045533682,30.55669882789214,22.207372272615316,26.611679940999743,28.462959639096148,31.292625412594127,32.42239407062592,49.15355520263316,72.30649468403621,73.04083181290933,76.20963629260272,73.26998177821872,62.83739585382795,51.09900138323881
2026-03-11,53.12558105016862,52.289121850438995,48.4500994602311,52.68299263677625,60.000796840667846,67.99519807716462,60.5207641150613,52.79766095510038,56.3783244322345,47.84998108882172,37.47996364793149,37.46924189391512,23.630137662627405,28.16253828616148,29.758139699997592,32.807585274035965,39.161141775260255,55.1761312852462,73.94725908804654,71.10196346053098,74.17246842394566,71.54048953772231,67.72232652943227,62.81831917225536
2026-03-12,69.53988256342379,67.27764000135872,66.2756507371356,61.22641896145747,71.84614877695846,74.26320270931717,72.28845378409017,72.77582295696969,74.1876139244383,53.345828411504264,40.27477571586598,35.62070153735999,29.679153074050937,34.967347799447445,36.37605633898623,32.023692205103664,45.457919514140954,66.29604838817504,76.36812324466646,76.36326024767769,77.07981361764153,76.08238584667222,72.65469073366823,71.17341058049726
2026-03-13,68.44410744457952,59.775490905812745,55.12218624807805,54.824674223595075,65.02634995346224,73.61789401984038,66.85088776076645,64.1106872691628,72.72635071942621,65.53287780614134,56.19660039598823,47.27608379148541,23.26934601845772,20.999287407305346,37.91856430842098,35.90798890892344,44.69740798147838,56.77341762689473,76.46719839692216,76.33420358955428,76.85729663093603,72.37206541939386,66.73907693337473,57.4357007856393
2026-03-14,71.41807336227892,64.22861148161408,58.38148479330104,61.1551621899831,64.1042116807537,69.93526236451736,63.071235124846844,57.69555585309363,52.76808041201529,34.42504948728789,23.876535416890945,21.185581533360672,9.45673511765352,11.9383957754258,13.242886440717212,14.468978066667013,24.89244638548713,52.202299322126095,67.75099202752575,66.52864118449226,71.17334851924355,67.24279570277307,64.58244799765048,61.11210957032375
2026-03-15,67.3219529565482,65.48347758035305,60.94839821766751,54.014460395798345,66.2908057407911,69.09503046937678,63.30686453710961,57.97119963709184,34.75146970750752,11.53772992195955,1.0876445173116178,1.2546562920366573,0.5400896936338041,2.0342502036895675,4.649995604759465,18.724122787181987,31.12926586260731,56.43192790018031,65.11092310472263,69.95112737645286,72.19594176338342,65.19664065866726,65.1740995421254,60.92787259780479
2026-03-16,58.43734459394729,48.65475650556576,48.728500616137175,48.79869763160358,55.50684901932795,63.53737057370424,57.92198432961372,54.70222793426413,62.149212989417556,55.394458976725204,47.264360410159185,45.902026951710525,43.19630722679971,46.07743347331119,51.66384769737192,50.022522103212445,50.55128109683922,63.05507958805386,72.93491911714558,74.61548700636386,76.86831804587165,73.2529829817888,68.65413389865623,63.35741942979353
2026-03-17,67.87817403665872,65.34828011659481,61.555936938876116,60.02864330180646,64.04088248083865,69.40901275089865,61.91960375590052,63.16275643628437,73.47541097005328,71.21845158620121,67.9710912361664,63.86886178738074,47.32973803861199,48.16430725526427,60.13985406227038,59.16148851011242,56.35349601179541,68.04364736809092,75.25868138499985,75.02747099309367,76.14974186410048,69.22636090472241,65.03171627505337,64.31291715281
2026-03-18,67.2928453410337,62.373331321143255,56.70426399730731,51.37403171790782,57.72764703192779,61.82422794194759,62.67876786380165,64.00167953949004,67.83103864045916,52.550944310255886,50.8627441733356,46.224181504868746,37.81492265862786,44.132503676152226,46.45384923101673,43.97097324174604,39.55185342026,59.641665807739976,72.11258209765137,72.55581065890527,72.56209110962384,70.20428275050934,63.63314927848617,56.921538182101656
2026-03-19,43.79000240799673,42.746526902587014,35.74747634838216,35.589012407889086,38.65605436679957,41.023549404451224,36.6557247388126,36.12242649836651,34.54340246391188,38.79641070344746,34.79874889847626,36.8963230119757,24.08617547378286,29.31316608737504,36.393987757939115,33.94885699111368,38.13465905176159,46.51771253085112,54.74798256928724,55.51836550876268,60.59738996943372,53.02026325361029,49.26577358928237,43.269429042247815
2026-03-20,25.8107137000078,23.06798568725324,22.101663202582543,21.236398457972307,18.053480895522956,17.07014183385303,10.311791106068213,23.729619005844672,14.453529867775345,16.406564709727203,12.122405383136522,12.219155639353694,2.6430832727411877,1.0257197279072725,10.062575232021176,1.9138068267650339,5.906751954048323,24.5695457735902,27.493111407668433,29.22542741578439,32.923034892069595,31.54696394724424,27.138425795415866,23.384015978528577
2026-03-21,17.60853734563066,9.51301210678577,4.612523189272339,13.994640883722045,6.535646020044944,7.87475713280229,9.029953168689715,17.302823331741763,15.618127473393312,18.226840926046073,13.297151375755924,10.972075463250277,9.426544067030534,11.696103715813987,15.136935093505018,14.559305276600588,17.97701533007647,27.657106807598932,17.803459565622582,21.19245855944003,21.964235817065443,22.592793147258696,16.6646214827962,12.974191951327072
2026-03-22,6.244987015924576,6.359903665018951,6.365623629870513,10.923135612814809,13.825627221067839,11.795562411344973,12.140758593038951,4.842430353200089,8.553525580443244,3.6076618981906754,2.85305060288751,2.3213363666484432,2.305921065716088,2.574627457347547,3.2768245565209266,3.2368480661935597,1.0313152118961193,12.351750783452937,16.5418531678047,21.673102681426318,29.419327204625407,21.9454134251274,4.590477324915852,9.46940852638145
2026-03-23,30.514840437786187,33.74839688326489,36.8732340386788,29.41043989749972,36.29642803466972,38.804880736015015,40.952444200295105,38.48969010517097,45.201940842539564,47.29786520932359,41.49759935867595,42.42870939460848,32.23063888905911,42.73461878518977,44.58987040332189,41.2006696070351,40.27494032276342,45.52217099150603,52.031273040505326,51.86965481160626,51.49977922548214,49.17642403971718,43.6067394605296,42.91427019995572
2026-03-24,46.38991007088716,42.31825384326327,37.77057570077666,35.33327248983161,43.49610882214173,48.2090132690127,41.33835274448466,43.1153518888409,50.41892217100977,33.62427612844262,35.638974285403776,44.503524194332726,39.04363831641963,46.35205380254488,47.520188897553865,39.292145399156276,44.47055432489575,60.16102754422997,65.25128590437804,70.6434849296301,66.63871873923041,47.112817480072025,40.14690794239534,35.54116773519641
2026-03-25,41.95074734889271,34.82763340927559,34.566627798861944,33.09198567810683,32.892820793454,37.318803705817146,31.908081003440472,32.91171404261834,37.939797725428654,36.8133725291196,35.18472428954493,36.627243745638445,24.56620049824888,27.685621202766924,30.972752922305368,32.64203815088635,36.34774683492227,45.3756505582131,46.54913870335895,49.46065899775196,49.617438403035784,44.48168830724639,39.29526847106842,39.712844355175065
2026-03-26,31.574687451573475,30.677243798246607,32.60077096081614,36.10446987698131,34.3564197691439,47.62463147322953,43.478694747358816,40.5611449668365,47.173987922122976,46.33267556732017,45.67896888810726,45.293452697696075,39.552993490314634,42.221806085892965,43.077665454497826,38.46969209096578,43.11768333770767,52.83447425471293,63.496483654365775,71.88538036862954,71.49691279314264,64.61913360837012,58.67433745661631,50.4521650648373
2026-03-27,46.97821145050509,47.61663740094148,41.37689410001251,42.89954380481042,39.37734992743141,34.760683411109085,30.456495146348242,27.36935763010319,36.07466130968684,32.31841109302047,23.64623116592065,21.1721220741707,12.16981025139703,11.395673608698253,13.081089661052161,14.037152130731842,29.6436586537121,38.832461977453804,64.23767941382523,64.1430580417142,59.49981762578113,59.760579213533475,47.01639518145193,27.791103714938853
2026-03-28,18.480942068760744,13.95868926858245,8.155296543259915,14.274918462198182,15.039603487300406,20.471480053720747,25.742691200615425,18.827999221677853,25.509636971240333,28.14548087990232,24.710373763258005,25.28901018110324,26.831497115771672,25.51550996320587,22.906026369609016,27.66218496013287,27.185950912789743,49.89918386974069,64.38425595882008,75.26186306547288,70.5624811278188,63.287894575788755,41.092273731011744,39.45786742499331
2026-03-29,38.99224425698393,23.864538265964978,22.93658416493909,27.118974516973537,28.149541575488048,37.94916381396236,36.90370596553244,22.082605785531072,26.581750368662682,13.697181858104852,11.217821193228776,11.477723880910842,9.1901599204504,9.903110275881605,12.794830292367747,17.350819691026377,22.886812399680228,46.53704994833391,55.82488320917045,65.06477127589007,64.02307216455709,54.77679880767581,38.96105701981377,34.66030235933205
2026-03-30,50.93097612321099,34.63450744661706,27.878584586719352,25.19038235953896,26.165513901003365,28.683631502204783,28.447354464041304,24.23163550568084,44.76690083971019,42.33861121487743,48.46939424868517,47.675263125351556,39.51948631982439,45.39253397330207,45.730133960272425,41.55879251411791,45.92942453117136,59.36092810814945,71.6167632494391,78.03653212165545,77.9554753222644,73.12777787492065,59.28723935469477,37.5058158332926
2026-03-31,43.96893284058549,30.20922630033068,27.473530649006605,23.045527288637317,25.121147826788892,27.134266912212606,26.950071705496246,26.713050541988878,40.268871919171985,32.33758726223911,26.044076692212023,23.171327463858393,16.863502888838624,18.71587179212615,22.805265636216824,23.164892914117683,34.97152115112777,61.13429734699885,66.1497411573955,76.86359855766406,77.15246015879727,75.26218387866055,62.35609790244261,43.2272408085256
2026-04-01,42.36912348733733,29.2428598820229,27.887185141550745,23.43688427075518,23.822710658442,27.672436845208715,28.446322226053912,29.08084649845818,42.24516162483987,23.957506549222824,20.802578305827865,21.13668663301007,14.51021732286281,18.33447015655547,18.932747095245322,18.873288460752704,26.31371657484554,49.639756120339094,56.690974457154006,66.8533150973363,65.99942799544496,55.46065393048174,32.30587708529671,19.482169086925442
2026-04-02,25.83096076880663,23.85721775324375,21.039002904710184,22.763655547415524,21.562355753828143,25.360843641599118,24.680195199034355,22.12509336642865,24.355452687990695,31.049721791837044,25.409702070324325,16.461864790236213,9.788865780968266,12.616527313763651,20.51967347767507,28.401701223613056,32.1991516509388,32.067665732259734,53.00833926294179,61.53288311462424,61.47407176596471,53.91752960452703,38.181372537935985,29.82594211571242
2026-04-03,28.6928093664058,23.128969105825902,22.420908021631323,21.58420412688552,22.095455043505073,22.491210806567608,22.53868196388297,21.79291886230828,32.56247651445553,34.822680098272365,31.163197020985184,25.83492731517271,18.894851481961524,20.94667730830105,25.289292488417356,22.7011333180903,24.912903757797576,34.27358751542059,42.833888326910014,66.17040648721495,66.99261738269226,42.65775636349324,41.45202449812284,35.237404818066636
2026-04-04,18.708395504715007,12.960742720443685,12.271364623951001,15.564950310936242,15.104259125498134,14.342387321112327,17.137616488631398,12.870342171374485,13.895686619426202,13.919787249504433,14.7492243565046,15.793527916453243,13.166913160755803,14.177604527734914,15.13829967697116,14.8019771983102,24.827054185693832,31.26550596972521,55.7135133457071,68.2247988794143,67.80922471829338,54.72596235484036,41.32048596443349,26.019337542484077
2026-04-05,51.054375298683624,24.935254369221454,16.30942755041671,15.354268508162722,17.635661563801637,17.887990298960073,19.12421038090612,13.404540715049478,5.4227599841897165,9.4000351972107,10.595656214269626,10.410838239163292,9.684363755697868,10.20947004643844,9.768098105499625,6.020074285522991,10.558830613934042,17.040765294624656,71.93442963785944,86.76057325999052,86.0523326433727,76.97169801535307,38.00849103807703,25.60716341415639
2026-04-06,32.367306890208894,28.17943025969639,12.095053284115668,11.781574023236814,15.236970829085411,14.943182373979209,17.03712763887877,16.81043841282592,29.05954411263617,28.395459086259642,19.07579188788394,16.680446879809736,11.682982639602022,11.937989678658674,15.491622309459043,14.241990439418833,28.02164145023805,57.40563647720849,72.99724571301469,81.00235450380929,81.11802872171766,81.4866559423329,67.84934583950476,53.458946331472966
2026-04-07,55.55448832549644,33.90414022042606,27.042090267977922,27.061705060080026,25.423247584341745,27.169690547342867,27.11465849519956,25.043526335358695,32.605293539693164,23.69966654490816,20.9659404561082,12.700631590064134,12.158000666302586,12.84038183294663,17.051129341657095,16.615327074720636,25.28315314282055,52.507079647770155,68.94336354436977,73.95795423821541,72.13073260900406,68.16462359189153,63.79744533297075,52.07026369378509
2026-04-08,30.841645166148243,24.1859013378556,20.834899376370497,18.930421696887553,18.415841214396327,19.125831751808015,19.267693885825715,12.900716148453654,16.43942711834317,16.003418891028453,10.9538186924045,11.083366875629531,5.132018803613804,11.7409595932754,13.174707828230778,13.321491275037635,18.532705997150646,31.536974316558133,55.81901494070668,75.0623634653286,74.31291096087251,74.81687382654216,30.521239900026355,23.451028770957652
2026-04-09,16.73822572259795,12.176885028557455,9.675023482619917,10.815515390120693,16.423344307171934,17.363513769837873,17.93433853846656,12.336024301204649,13.493441806118167,7.409494055116482,6.0873434706822405,6.613053810692592,6.4090153636080105,6.249355589305033,8.070959335364286,10.045737564673876,14.504933035307397,25.430861984463448,45.59635318686007,74.5851594566523,74.35556692156449,66.69902526821348,48.784307096741315,27.03091939681906
2026-04-10,26.879063812441174,29.096301502310016,28.353438296569156,26.67536079397231,30.38537536100593,32.654604904555335,35.82473240413718,31.251661494088687,31.200381449334138,24.260015302268354,24.443339699243374,23.272971143666283,14.35578518886806,17.915050258530563,24.13550895110682,24.503245569268994,29.37041305710675,62.21508044523827,64.44257827420972,68.91246525839064,70.50869783291843,70.52653523231739,70.69379614341986,53.62991867267641
2026-04-11,45.777340633650965,26.332596431977475,25.83703722330634,25.070148289417734,27.048978136903862,33.81458918675574,32.88715870373328,25.17211132499944,64.43895785263507,34.682106920330526,26.592944378358727,26.778205201149362,17.6672487481909,21.877240809445183,26.820768950315706,27.75180128672727,27.10681811723717,49.326210705972024,75.6370250079879,87.65128825659187,87.56897092729604,82.46065520210911,65.85837841223854,45.372439298347494
2026-04-12,53.69509999291946,30.748974908324797,30.027245192863372,28.15685689272619,28.17776299600886,30.28443644589683,24.797659349171923,22.98757454700177,24.198755717719408,12.860926903157496,9.545342483444546,6.687574997790767,9.49187515301378,10.210626895526058,14.237870830260384,14.529045618376648,15.964590632244771,33.02503851255935,57.90939794295495,78.40913882533981,79.3728933435941,74.81966161196154,55.82952642852844,62.05771611516001
2026-04-13,47.53986061675861,26.638310711796578,24.16235663855288,23.23583128863922,21.70129602388482,26.068954683230434,23.188217619602327,19.3322514578244,14.875630476006075,11.053937700527438,7.722035670243749,7.532743879530822,4.7984168965016885,6.588701289886212,8.751285715443837,10.149717101382493,11.925056182026621,47.44093019349137,72.37424542113489,82.47885594370457,88.4146534911035,82.39854713101273,78.18802969977837,68.64119127432342
2026-04-14,40.69455692415848,28.387892839286344,18.59005365946707,18.751852877698038,18.84964256742181,21.776543836879075,21.680261040149478,16.488755238233015,15.507637720269027,9.401598538718755,7.5095368572392065,6.964172554284238,3.8981030912701824,4.664282807633496,5.598018886826102,6.369143762984744,7.257227308854253,19.837391750479053,64.84648174477104,89.96917520677616,90.56390226162901,88.73627308160233,62.866720124848094,55.312759740408666
2026-04-15,52.52003554313011,27.291801299654104,21.279979163814584,20.597559711860367,20.243508882635606,19.643250252492088,19.48158189523138,16.63042518317876,18.24871224093135,12.57948954077615,8.014095479561355,9.243859246769746,8.284153988334046,9.450136321011417,13.088845647736438,11.557637417905154,14.696389043462554,42.57467807727217,43.95814342419508,90.98662394360305,80.99125601104487,90.88984459749227,62.139588821850474,53.07171373993833
2026-04-16,45.68948868376142,37.52101839469657,27.84079580418782,26.980906575423425,29.875451490119143,32.5871639986126,34.079796920526555,27.854301524046676,50.578855424206665,28.644416243860547,25.174168151856033,23.371895831483187,16.34289477054143,19.16819246740078,24.024837570800877,24.68180499484023,31.409482336520977,68.64801050691558,73.70012393075781,87.86507350462958,89.40113721186886,89.81427934622627,71.55625308154701,54.86183601709615
2026-04-17,37.74597601136673,27.426747000005005,29.725027661512403,24.678817211764514,24.341714213083236,27.33600183154798,23.960272602599293,23.770827180937502,54.09513966430881,24.4947468138119,12.887083917956824,12.956775068597514,6.955176200084436,10.090008171826558,11.599553625397455,12.30116174500813,21.455456169399515,35.37069435701833,46.89011112400029,73.06321175799434,70.39897128321905,72.7934927303563,51.762490112133314,31.575456231643116
2026-04-18,34.079108214688496,27.356970438098923,25.15229870196706,22.511851729144894,22.35825781619323,22.445176058231198,21.177544197171496,17.734464258534743,21.408117898317943,15.314285878105013,8.478175529221103,6.148865716403727,2.6285475056407788,3.0445705728923658,6.563422490272789,9.50106501423876,17.42250851826734,27.31516193476824,44.14425235842429,52.32241769880261,52.65296241099169,52.208462263566915,34.776995867666216,40.729849731052525
2026-04-19,24.216259658898863,18.85831978106106,14.490373601540739,15.045868299257501,15.153798377685645,13.678313170335041,13.452142239147364,10.656571297486797,11.30073476092626,12.833961085565662,6.894872907450002,3.169300659161255,2.8624351836806463,5.275582311895538,3.52638814298482,3.3415429566751,7.78710434741153,16.212571126735618,22.62576418566189,65.09606660602181,62.85171003804519,58.67452387570922,23.230409142056757,17.55391286279858
2026-04-20,19.265176325182235,20.068588282470305,17.807611723942838,18.198844655710673,19.637544951915533,20.875664384238437,21.70392378618484,21.403953720804296,26.71401568797003,21.401514689555043,17.64314384405806,16.801676979500037,11.352039496387098,12.607122758576118,16.929745536448145,17.01512518521871,15.847693502107258,31.54157701894152,67.6441764279904,77.65679599960669,77.99540356201751,77.55885877279705,73.31245591827285,57.55527789289523
2026-04-21,46.6153448636704,17.622736148424202,17.567405404797817,23.763595921526722,18.906549439752876,27.75209968021833,27.077707470155048,15.522201034923738,25.06632302708896,14.638790325885568,12.98901777301956,12.396552367573149,5.294741464364031,6.252134397611493,7.818066192983778,7.50325836534787,12.14343111101541,49.98869265650556,62.15207614916379,95.32948709726222,96.61565275486687,95.60885030648805,66.17486512721403,57.53026100596316
2026-04-22,43.494848242168246,33.63732845095171,25.389136753856196,20.490228473535026,16.25917448938268,21.594867735244133,16.533420783377377,10.987702248713749,39.659244134073475,13.816050602450055,7.403586680382852,6.186905967402788,4.23494499425067,5.275569046824314,3.5734296051501957,4.616555535342369,9.14765729188105,41.83429532741885,62.36381282259213,96.81023613969688,97.70997000528442,77.41604950025699,65.2384365892815,46.73522892662267
2026-04-23,17.83653823419343,10.709510916424932,10.682012567324259,8.695798437807793,9.374970636340457,14.516505282334684,9.269847347465598,5.167972342221584,6.755134056557571,3.9749212485021093,4.313862628407574,4.388093276136954,3.03409528202512,3.8794564216795804,4.14572322939178,4.84318802562387,8.409584381811811,17.596736261406488,42.10502833410424,67.16528797571064,73.37581695189998,65.40460532301093,43.092544737206474,28.800802060121022
2026-04-24,16.477756077449936,15.338341671958814,15.371698468553262,15.009862767145169,14.594147953015202,14.799735113882651,14.117136384203961,9.257341176031606,7.983485036336797,8.347262892118236,9.46921004902655,9.48283695857094,7.311276955361118,8.515236335738507,9.587426692354336,9.959081396731786,11.044364595913928,13.908803698365144,25.77767245264096,44.300661424177655,65.74620296335786,45.224794254291616,30.741499988659598,18.954189736419007
2026-04-25,18.84951463050222,15.641279292347361,16.437755489629037,12.99514395242351,12.74278473146413,15.154028899125423,14.763230520159418,7.585434035288154,12.04835266888951,3.691533066167301,3.7488317979956802,4.138210868461955,-0.4550468634959271,0.22260745732190051,2.6325205419070996,2.1746535202217725,3.9577909931791204,15.64922561771043,30.917733002823926,64.37683044132382,82.92153839196637,59.37825485615033,31.225619257533065,18.60421119785582
2026-04-26,19.255836321439908,17.577038294346536,11.414060533011176,11.328944916823017,11.262434017808346,12.335066729727831,9.027676831262358,2.746749049701274,1.6118564731813694,0.9441337417135601,0.8964919037504842,0.8116240576264147,0.7051342019803943,1.0016923544876348,0.6319759424992996,0.48940765873504133,1.9726725871850541,9.087418540599643,29.576612285176537,70.01495878028994,70.66741290773604,67.93510542468427,40.57969052694731,17.104515642369996
2026-04-27,15.852340776181645,24.00253189395079,13.618070395321707,13.963687867677242,13.065337936456677,11.08999769001101,6.469202974712927,2.6948138351788122,3.0849448413952385,1.0145763434511583,1.3480928275188437,1.6023691399579691,3.951974862917211,4.56842628761649,3.6331165750056353,5.232446502865032,4.98698242148513,7.380609564009615,49.243484872043716,71.54637580434287,69.25536919928096,72.81841924573332,64.87747328273932,24.240014867484952
2026-04-28,9.176860906627201,10.169794141950193,5.297760325365235,4.420011851179452,4.2449671879025805,6.250395992570662,5.563348184837537,3.9409863707079533,3.5739464791210516,2.834586701933726,2.965456859566407,3.3164435961167835,1.9377700458014113,2.0732257145162567,2.5682778675937183,3.3881686421370443,2.7155016322334364,5.8130996592594855,14.357356106822685,59.71529254214204,73.24084229617355,57.59319506206345,19.640483022372578,11.373509065234163
2026-04-29,8.999932819517927,8.845007711940456,6.129565990428105,6.5391525781437485,6.978225866644425,7.725870578285642,7.122757378053616,2.1831716075474072,2.6274773398741154,0.6633833468799103,0.4757101329564584,0.34838091230355805,0.07564476377388682,0.27581023225267315,0.568492872407956,0.5068331744204583,0.6850494449218424,9.299067075968319,12.42297532484533,55.0352766104808,70.82495053562721,63.433048978397565,28.140923068797413,12.689127470685708
2026-04-30,15.234300517272827,14.55382662500982,10.915909479561952,11.826682506639818,9.41875276774727,13.472586190532125,7.249099304173154,3.1696484723389844,2.088889550155825,1.249728955185625,0.2708009459871714,1.1011651255106922,0.9372808742595232,0.6622214874370932,0.2940467070791349,0.03186700179989894,1.3837618384495711,8.262221040616101,16.325187374654657,61.521456688910895,67.35035258444907,52.78176310728642,42.96424359228766,17.58441322238775
2026-05-01,11.768918081369057,8.959194952963992,10.987764991442917,11.159975222275264,11.18780812823516,10.58164663365633,2.146872135042021,1.8359101661178523,0.4970101038231091,-0.28298996982907526,-0.1560061306302987,-0.12049470353399938,0.4270974306951173,-0.1508653765883467,0.8516382964197464,1.0255004927262876,-0.19163831023771352,4.007707421935901,15.21240692298015,35.803983951284366,47.83579720853553,44.47963502666419,15.393071645146088,4.402778705099668
2026-05-02,6.96203590366936,5.828170588425663,4.78409396474077,5.429342625843562,5.347682060604584,6.079469223597258,4.961779684365551,3.239676760517925,2.5893812168430737,0.9568759818433658,0.2719772213002223,0.4058323290761073,3.2631886272795088,3.5673531975445703,3.626311548919454,3.693244271651665,5.9530525213039365,9.806201217855785,11.232439442335329,38.35873279799587,45.01549154652279,38.89124329498092,9.692482951031197,4.8019993696932755
2026-05-03,4.695450500238231,3.5169836722253525,3.7514465793766996,3.249724736027997,2.8149582923559664,2.5216448991749605,2.7309751312765775,0.7788683180423911,-0.15116261024384278,-0.1691087378352491,0.09671159714940566,-0.013968107279350576,0.007651313950602687,-0.047650454322925084,0.08382394211368435,0.10734988198524772,0.18940677764048838,1.0011513902788285,5.339136545882028,6.6945672565971925,34.95295838598367,16.380461287043417,6.202733680374373,4.193039014944363
2026-05-04,4.142016599327588,2.901807378426004,1.931333307750279,1.916774003661458,0.8789519868303408,2.0550819005967425,2.270024653794436,1.2026108537697326,6.787952868900019,5.589953335739825,2.719459236178821,3.074839695187687,2.1427713700305047,3.523163252801158,4.00074570542389,3.887258592209581,4.662750800558669,10.132083839847997,13.702577427502948,24.545305644628755,65.81290422488867,37.25592515107728,19.261176338769296,18.685344306317088
2026-05-05,35.7162018505428,29.097587086060813,16.68684780991714,14.689541147294296,15.315959781696442,18.10699176653835,19.777603347663074,26.750928122134958,34.26523311521335,32.99631638276585,30.571918543773098,31.71805329514868,22.848535496734062,24.91868581825278,27.854803301408385,25.1425881970925,30.476917981928004,32.63660773358604,49.624305080095745,83.59821359751909,89.01085969258995,81.81884424954663,71.17046388603916,45.893516428223016
2026-05-06,23.13068706794929,20.5533606893795,18.853094871606277,19.02884469344161,18.548033087630383,19.124784180273362,19.782332279350165,20.147924705567203,54.7298440586497,52.86051201545356,31.041170213879557,33.090335380996024,19.663879468227815,23.566841345859643,21.309535043033183,21.70807398572545,31.405467677182635,62.69525951648582,66.82041316677292,80.71231662337198,82.24944048938404,81.34580541449586,69.53483981271724,58.63478314608675
2026-05-07,22.93394753557014,21.226033874244333,22.016861935518538,22.037536751863534,21.86205296267968,20.626063857871124,20.647155740564813,14.222223909847708,16.524846512565826,18.695290013717294,8.794683591312808,32.01390698276386,6.52138455419943,6.553720408111467,12.103023916663647,11.923307956954874,41.36146346974274,45.47116093452813,53.57006291342593,79.60846747949327,93.51869018228535,88.69267081885269,63.569448953464565,51.80920849858194
2026-05-08,14.201865852661921,8.350454073935168,7.300029122274007,7.662527391823978,8.559621196294094,8.701876098317536,5.156264044031172,3.0982399214479646,4.637362396305814,27.355250960558024,1.3726403200539694,0.7891640226645087,0.2729419892385504,0.7101455902359873,1.243002688890979,1.5080482908981971,26.638096051247008,33.10497498765795,41.80661339183315,80.64555757720221,85.24854714405186,81.08976880675604,52.20296948713562,39.439662546741104
2026-05-09,16.60708312613838,10.43795297602656,9.999158674043473,6.241986442041116,6.741293513628097,7.041817957787966,4.485412093818478,0.886694967242943,1.5568823647093573,0.7447865234677418,1.1335282156363535,1.3726784714327247,1.0202432905178178,1.3963860333674198,1.414333911974922,1.762308709751582,2.6586334330484807,9.433159418876002,15.44516499921306,61.81663110325415,68.50765147273364,67.23057674882197,32.06875616246853,17.721177717778772
2026-05-10,21.409704916942676,11.163622698228956,11.914365774639146,11.802601826028003,11.83826758947987,12.0436774626941,8.079979946722332,4.534631829942401,0.9273166521039078,-0.22883645735851052,0.12101018695462862,0.31729591247714695,0.007379522709976104,0.2155884991507728,0.37610064600671456,0.2093253600300655,0.4634199753044638,4.845647272606422,9.815502521422184,45.034843462577506,67.35352203826774,65.29071347728998,25.519848416763864,10.658843598831584
2026-05-11,13.894574415633548,15.82506521784786,15.42817460448889,14.508528224911466,14.5888684768387,15.03308834323272,8.745758516403386,4.932163829133445,11.409528504115,11.005356788175387,10.265202754964317,9.49317193091304,9.034135724118796,10.252624741117998,10.160666446857586,10.182357241766752,11.251750615078317,17.797283091186237,47.457103623307894,70.49608071818369,79.43163870753273,78.06639958834846,66.523728447926,25.292390580811617
2026-05-12,10.710652948426977,10.793020716327261,10.25261646545015,12.223188394876772,12.523472791868704,13.382534795547638,10.833166682354149,5.990320651108333,6.119198383159418,5.925528011636594,2.4843798201670944,1.986430355102345,1.084878648088531,1.7340421696123443,2.2469077155119708,2.9945073070984143,5.646533214869431,25.882027952662998,45.37466121752175,78.74384766486719,77.2666274861905,75.98226768290922,38.31606018483042,10.168212812208077
2026-05-13,8.039870547873333,7.2690152712614955,8.748278084364012,6.831413160444229,6.998111808417447,6.74943509439974,4.964181714853079,2.371807221904813,2.500673482011471,1.4578580544765118,-0.2537121506221078,-0.05936701915306742,-0.10676106322960285,-0.010932362742785964,-0.05400834146980442,1.347226881250723,2.8852762564423005,5.631473139648172,7.019581831331867,34.56813062019624,47.50672734622965,37.6091927090782,32.51043819811648,16.95349626194959
2026-05-14,9.518703029469211,9.048539216686066,7.279712731902575,8.53982026432871,9.049137532631939,8.884001632383121,5.88501130062108,5.605394508272119,7.599413577220047,1.5743785514227584,0.9847151960778231,1.9050475751582459,1.0539438428406989,1.6446189470541988,2.4502722647185915,2.619651287682484,6.917459244129896,11.334349679205395,21.907064307356926,85.10991240728649,86.55530279978309,86.04981253755211,59.267187901031626,29.8059030931522
2026-05-15,13.9268814010446,11.8763934380001,12.23649518412353,9.313373746750834,9.324674094022155,11.437544814053686,6.949573159720518,2.8417237558648765,3.169923897026377,0.5087321339388293,0.32407410883699905,0.2958052459676352,0.3163016510418284,0.3290801617935518,0.333769976334309,2.7029321242273046,6.591975940358175,25.299655541476373,42.61294493329941,74.28154241422689,85.08363326545373,84.58543442052266,69.837419448276,56.8133226349402
2026-05-16,19.529756589007835,10.03418063031054,10.215410711652284,10.305283366945044,11.18423607527272,16.580518765331057,9.948638191189975,8.136463766071033,5.117695442181538,4.870987773928554,2.5513257634926867,1.3152350717814314,0.4766850473944785,0.4614677592641029,0.9946048394364554,1.6046282574745894,4.32912090622415,13.92795640035528,23.72921369756012,62.75756655206013,67.0076438861297,68.65326520322856,60.179336848684386,25.48817763633735
2026-05-17,8.200112470738684,7.08684441436134,6.301412763119858,5.912791296325739,5.932605015470151,7.69011141365903,4.483785274095072,-0.14555421361313212,0.23525722797436513,0.19621532080470389,0.8098845686814776,0.7724056421419451,0.5340583416241251,0.5353787891767262,0.7271484610332403,0.7026779109262258,0.2678554847895562,3.123322872845394,6.745484060424548,24.579012950103014,67.88069829536433,56.65587609771996,16.900379076504493,15.51901485576881
2026-05-18,12.547041624493746,11.65344166376394,10.816143752902628,10.548071067629696,11.45670028685702,11.330284133419049,5.896953677754157,3.833880640942722,3.2168872665003234,2.541846064408532,1.9187450991336337,1.4042305749260418,1.8063257179037548,1.5601537578029068,1.6742111404603384,1.7052098063810108,3.5287843786832886,8.69844743938767,20.67904896002789,64.75341585970119,84.03551179290486,84.07923328330237,41.5059798126926,16.007589362537637
2026-05-19,38.77403424811637,21.307398791716768,13.893627434479775,9.241325961492734,9.655694400683009,8.936499572970568,3.8963516426547495,7.1461458007536685,3.965538040003127,29.953741020131933,0.36530721733308563,17.553589879237474,0.6944652972976029,0.26694809854914286,1.2813217525752092,2.6247437088400507,9.904291488313168,35.95907297249652,56.475509123833035,74.4756176843076,89.43154801254283,82.32087409866291,51.94108235153738,45.67642476324727
2026-05-20,8.256079117018258,8.776739971043092,5.687629313084389,5.871507017827142,6.558147800943246,4.862839810210262,0.6373931753343752,0.3856137946856819,0.6624335640591398,0.0414528777082136,0.2914768190219883,0.1513029670597855,-0.12598755687454685,0.08676781249288387,1.4020773300637814,0.42799628018003166,2.8451028805555607,11.030334691778313,15.560358479484186,68.31099320706068,89.86925711688392,83.24683866501921,61.188316951657974,45.09571193805247
2026-05-21,11.22506262872602,11.993370968420539,9.825961521777371,8.27473987230749,8.799515440524074,9.48842118170011,6.318333099061407,4.228367172497914,7.042744267595315,3.7390603891101795,4.022586440200242,3.3042992172726775,2.6364912283441226,2.7286655387759335,3.4575279711861344,4.777840775222022,7.389301626563441,12.0922899062771,22.333776205958955,72.15568536752933,91.58454403596643,91.22544771524402,54.39058529345315,44.98406215540013
2026-05-22,12.232568624447609,10.332104873516537,9.09918871037145,8.87757833842345,11.236781476804342,11.506942477009906,6.306557976165763,9.61817894919661,10.648895490595418,9.558838081687847,7.8493881416032805,4.821673734392715,0.8288271057373603,1.0749555392759638,2.7777845616841725,6.9311586975974055,11.805091321027467,55.14746984740356,62.8760168304755,84.91367362711165,87.68516673480784,86.14803630378059,75.56222475213005,55.54744825734334
2026-05-23,32.279418002822304,10.64334104279932,6.876164346329186,7.464865889337223,7.596281083686927,7.514872269893015,5.89329354280993,2.7902076318097357,1.6413774085235597,1.5400833528207096,2.119355433248141,2.1472951333411996,1.6236383778249492,2.2692202955273886,3.944541196825651,2.6825999045788524,4.56691488009031,48.62809524612475,46.76486109970659,62.14798465431861,83.05099626175979,73.23010347235355,59.65229573645786,33.953555035533384
2026-05-24,25.692910647185666,6.1378442340139925,4.798580191203629,4.525053709722915,5.02354154768468,4.3673826157221125,1.4223249501549617,0.816001423510201,0.05299801229230434,0.41144304539585486,0.33339215241955866,0.24205718270179954,-0.35464175346085125,0.012466836659929178,0.42499394266824253,0.3460026605405857,-0.07557238799630758,6.102546741798354,8.72520052881166,20.507045298371317,44.72016921564184,52.917793343970494,13.094095374679476,9.811683651077812
2026-05-25,7.082334137315935,7.0140463787062135,7.721727033787522,8.161899800371275,6.945788593486496,6.874487861928807,4.398151524198728,4.118028563107563,3.9721045575583473,1.6316481161734595,1.5247962672296713,1.120838659994869,1.6928655414316673,1.6223117694387184,1.6345884289881507,2.5828589853544366,1.9895808397185952,4.337039453991577,30.699704357560496,52.80439626627144,72.91900679314364,60.27912243419572,45.09612557456202,35.9595546919398
2026-05-26,2.7188506454995176,2.8841887343162944,2.5975984439763744,2.1953588712878487,2.107393668931877,2.0650360246719734,0.922212852367616,0.3703124451224951,0.170532304779194,-0.7754895201534501,-0.1718868440017303,0.14770237670468364,-0.04030396731414229,0.037043796184448266,0.11830664358405288,0.05812965678593739,-0.20951999202552413,-0.6527884432564788,2.467251836900751,20.499573632543036,40.85125382484811,36.31034909523745,15.086503481862227,4.14781157388327
2026-05-27,2.8687548874284796,3.2552550518838883,3.3345935509046525,3.197133600077859,3.4780778387800835,2.921407930110673,1.3732020362638921,0.6626421940253074,0.23902125709542282,0.09758137845231862,0.10278771580807608,-0.4954101853477809,-0.15795806807331977,-0.33082936327516393,-0.29196533697258276,-0.2777712019838871,0.471983371880804,2.3850393544264437,1.967248280583589,29.03206508956231,39.67798240718071,39.292762743675354,15.060264795944615,1.425586408667705
2026-05-28,3.457810430802424,2.605922801172972,1.7394271383779025,1.3661539704978949,1.0190616588160661,1.3706467322026155,0.4730640627430382,0.3402198688828137,0.04517198405952639,0.2591145301292714,-0.3073056248299115,-0.3915222014312712,-0.20489212974540053,-0.09900416801482878,0.11486258938081263,0.0057339805959852035,0.3023414671190043,24.11604020397126,19.377343421492746,21.754754551868572,28.79954343685797,29.1853360149198,24.639804058286572,26.21450168651152
2026-05-29,14.046805976847324,6.9951525066234215,7.924592415946222,7.147371971888456,7.582141532583585,7.0406591010781545,1.7559112683742673,0.37948757219187007,0.7867282364447443,0.2434435402931248,0.06956231572448637,0.1354065883926142,0.34965171455304306,0.3936036581720504,0.3710535732314868,0.1424657512694838,1.0328899537614273,20.21331505161878,23.433817198031687,18.73192909188173,27.541550600842342,26.451810586402384,28.493126461456832,18.740524865422664
2026-05-30,2.1670517718373072,1.9496116462740227,2.059891641158876,2.328163742585324,4.089644361911878,4.697552342318044,3.1539624771660546,0.31883989446643407,0.34112481423224833,0.34318708035530615,0.2643305727539351,0.2394455216405818,0.17512972074601652,0.19380857395361775,0.1838539242623965,0.1669396839592458,0.20042453144001277,1.5446807247236283,2.884265811272287,1.6106653199067258,8.439196404716393,17.022530751077905,2.3154390088614125,2.1948335040560436
2026-05-31,5.738875154678278,5.970283358303399,5.477636754429694,5.8859369076796195,5.666601334749263,4.5334452585592535,1.1315060157802057,-0.027410390824202116,-0.017764686944355602,-0.02141394168504135,0.011997137024626816,0.028760297412671682,0.04446272113475636,0.054358361109743694,-0.014337661805862933,-0.06866995287684707,-0.2039712257809916,1.2782893191662832,-6.467571689145121,5.369598851259267,7.440888777240084,10.090043989830773,7.772741046909258,7.38700666646961
2026-06-01,21.86601965390189,20.74669541407169,17.711838169133017,13.941448662235471,10.973742138167125,10.242246208056695,4.394610182155279,0.9883386108434375,1.1137888108356346,0.2999330199084597,-0.08798542840575399,0.4367826652040718,0.034600284396935056,0.43152437507356906,0.5509347421758538,0.5134853106129548,1.5608673310856405,11.477563031730044,22.595927840599913,57.257573174188714,81.97561945993264,72.04412660139288,62.46539315107725,38.93441734944127
2026-06-02,15.863593011904685,12.224463475274696,11.506354454014591,12.20521474241221,11.233796643890601,10.130299250474405,4.808023491162956,2.5352977874367233,2.953841245968456,3.639677057066663,2.117108431424446,3.55926764618784,1.9177469994533702,3.3955153778320093,3.0216775778800913,4.331181990136626,7.873306537727686,29.21130926633876,53.90726320469339,67.5858467133783,75.12278878926695,74.98038595569858,59.556566761526604,58.95591212105357
2026-06-03,52.19551471816212,37.93769047247417,49.4596838726625,49.87682999992575,53.31842529222733,46.41715553187068,14.81117353540471,4.905113848991736,4.126337922527965,4.24307412348742,2.4472124851853216,3.846266144616139,2.146875540054938,3.5048060946760042,3.7409684429136307,3.6977069436782752,11.775115497653527,19.101635521636698,37.32030331119494,67.1626629911949,76.56954298643306,75.83256471088885,67.54557155962988,52.85974570227005
2026-06-04,34.67420729231682,14.136250543376267,12.155664617788823,11.932216768284478,11.830726014437465,11.33838025335459,4.0321209402686184,4.085312368240508,2.938580207864803,2.402221868639852,1.4407573547399617,1.8889488639047807,0.862188493684296,2.4359813589557264,3.8269548092377437,4.797454199794238,6.302162892920197,13.636604078005222,15.13739280132883,62.4727712463358,88.38517702805242,89.72555281042249,49.7381725778249,20.983170478678957
2026-06-05,26.007117821314825,16.256637851317237,12.744559524727986,14.569340256053337,14.678662838019275,13.150103589660697,11.475219346393645,3.1713982903769464,3.594701107597651,3.281313794132868,2.5883845646764665,3.516673505710173,1.6318980790837392,2.915181174443315,4.619673656788808,4.140681689447473,12.057158432789976,25.354826872337693,51.36451225633581,76.84507748484579,87.15215616677338,86.54344880308147,73.67422666552787,25.821560227442014
2026-06-06,65.10004042311427,42.58662075668308,26.101247041828852,25.28261053263606,40.064267155278394,29.080872282769334,19.442622390370417,17.67837707750713,23.919417682365825,27.484164149197653,15.740866568655944,14.584728168224185,6.347086933546688,11.315904681024914,22.40391007155216,24.522672723250206,32.67247999523427,64.70129810734791,57.26604394283823,83.52727674934218,87.95717572142662,87.52842070454426,62.739115579206675,54.64691774863017
2026-06-07,60.874377729226225,52.18120339436949,17.627628126045668,41.70486962038361,53.22430086648888,33.01932052764365,3.3304511212791175,0.4288130948205912,0.0069636049077131945,-0.8523136481418928,-0.3382449014034804,-0.24189383363797934,0.7249970465366475,-0.04278261711623781,0.013239062809754442,0.22360685006896552,1.6454274005600669,10.902926148401322,27.226343585162738,52.20788581138224,79.94914540162067,76.63642535711767,66.36978198987369,45.61622125388724
2026-06-08,20.993388823761187,10.358528318314264,8.73208034023966,11.954201282004034,10.870591502746517,9.23990167338191,5.6084094868106975,4.7497130302695165,5.569743532826932,4.431502669255454,3.8864092695289445,4.575469357355581,3.094958138039122,3.9945560333418775,4.5478352164828415,4.254662280964284,6.012549449249814,18.220209078329766,49.3917035640107,54.37357020659818,60.64448401564363,58.551721112592645,49.092431701385095,45.804364306365294
2026-06-09,28.740743207374795,16.3911620372095,19.39373741958763,31.3935166124535,37.36446014845281,18.00280257145971,3.627705114884114,2.5112055715922947,2.8476305618017754,2.863424839780762,2.422597016399191,2.8730843775174364,2.088422621980845,2.51644429403922,4.681442408078424,5.306413706235981,7.243242894570049,11.92482519476579,33.86285623452039,53.48348123769662,73.49019576115953,70.58913830206768,50.84167513180437,46.10892785226375
2026-06-10,62.048096481595366,30.49822671930413,15.992013997480662,16.341685674504422,15.567065311985834,12.041212765759584,7.295086642869328,5.577075709295497,9.430100513572832,6.639240196022887,6.292398964225372,5.951772975516296,5.369894178679149,6.056259295609142,8.984411915875079,10.028864583715976,15.43812300553897,54.51912328207171,59.72535913539928,76.34442168357478,86.24438704469206,87.4088989585947,73.8443802206957,51.71805545395233
2026-06-11,73.59256989065832,46.92343660844969,28.38383432910023,35.346727595269655,44.93012806190841,34.826233546737726,21.348270864092786,19.34292797753112,29.25116950812438,29.89531709381666,21.396678941651658,20.80535849241411,16.82075509450325,23.007469448604567,37.28359213171064,61.71728029731574,60.28348620401567,74.55523663559562,78.35689801178502,81.76228847797111,88.14852000561851,88.40682066276113,77.12193708729924,63.96336046776717
2026-06-12,72.58732876527047,51.21338677301724,27.923215925287,58.349350051563405,66.74095305243495,27.746472575601725,18.069721384677344,13.023038343443364,16.601209625074805,16.755046007234384,12.976585636404629,11.657173407377453,9.161982050229591,12.135581560283512,16.63280713590207,20.830592261802376,36.362674541830216,73.78746471681202,75.34406656204169,85.23187031988192,86.92352406295149,89.12095523638123,74.74482942115549,70.05679605357655
2026-06-13,61.60214934407644,51.28876644113063,38.0352139361472,59.560756507808485,58.4596223029431,30.810122608005432,25.28670964551332,10.148717516503693,14.456486394840566,11.232112470119578,10.114529458756087,9.439345172215113,6.661972733003484,8.392083516944481,11.312611653605861,12.701957691153055,15.05945657389179,39.052546103165916,33.24073395724948,72.60142290038844,75.46199157886569,72.22578444948876,45.672722088415625,29.04679509282205
2026-06-14,40.896288095068236,25.63394474875397,19.675629106419205,21.209818127104686,19.2344748649582,19.067841777005917,15.604113932079391,1.7084850993047178,2.1495971016342823,2.1449352471755194,1.4046549798641814,1.447737676671603,1.806477969894283,1.8071092709136651,5.864908945223348,10.652075530964659,10.862962341499927,24.119597074823822,29.67811975136549,36.12736534862602,64.15223161254052,55.70344632888618,35.24974629891242,31.302113944053843
2026-06-15,30.01847415100868,16.783431187380724,15.08048259484331,14.704456432760141,12.526763865364119,10.87012346482857,6.269417474731049,5.868260928437562,7.5278856222778625,7.773431210553616,7.244855872217864,7.571712748307155,6.411978934868678,6.824040729318432,8.28596034882461,8.412509196430968,12.608749384260443,15.184601997194338,32.90973096155848,65.67747869470105,82.39296552316303,81.7863886624116,63.33422576437949,65.33476462264596
2026-06-16,42.15729262644149,26.310631196701276,25.980618074694927,30.901683036988004,31.047612802232663,28.750181985217882,19.370383784793656,13.585664912472838,15.871370373581739,16.28382792511271,12.911927641724393,16.223933996494644,10.80947697357482,14.532369169123744,20.74995925381506,24.30546912834494,25.26041560486816,54.370325905573154,60.813541458659344,83.09480507884076,87.47441995527441,86.91879110952725,81.24169935174444,60.37476713951516
2026-06-17,57.655662746526005,47.90669905421867,33.72875212062895,32.285690168887044,41.87855566662863,28.466184525206117,26.30851388228231,17.566248155989413,26.23118765598323,22.73586503600214,18.08438640631898,18.520597350324465,14.263725625822442,14.55817672393347,17.555804834264013,42.78323806814515,47.931073486294906,65.73062242503775,64.8678293112124,84.67446887873943,84.66632725999614,85.01218219639792,72.83407721047045,53.54997147564111
2026-06-18,45.936078055493574,20.807629442398024,17.67194966866785,25.20303301075597,28.808326649876612,16.49786538207593,13.908305025057848,13.035187154628652,20.39885913348612,17.668474861941263,15.500159906510586,14.917522324301453,13.071151161827542,14.946923449394315,17.445730146368874,18.259813918688213,21.866144775692746,45.53114161715448,50.38247142020417,67.76953975741537,87.3743775467787,86.64715288674981,55.974717044612504,42.85026050936009
2026-06-19,48.800015790428546,30.518355941418488,21.545071454218174,21.97841806729322,12.084101204974555,8.063127221634556,4.339610663252975,7.080549996416422,5.516228331732296,6.544845718915666,3.9434048462386904,4.093598021074144,4.7752527057580085,5.390023894310941,7.1119668248912475,8.219556711873704,8.647762992494966,19.3086108989169,28.45208651876489,49.02033924911806,48.998232709232965,48.42359181628075,39.90230550055174,24.694984447137564
2026-06-20,21.066280040194478,13.236431823844129,11.674631215516518,10.729582800982469,10.328745010263471,11.582557961328735,11.587109067000666,10.452487408089057,9.874856136046017,8.99602218441634,10.043447788109994,9.795235534425062,9.027290196733041,8.965010323009944,9.820919291737543,11.01688440345922,9.678752911382668,11.296050388013931,23.18258454318649,33.23830907756917,48.032323243023974,48.499576608851974,29.487699523778,19.91452770834429
2026-06-21,27.057924609162697,11.523311527043795,11.995455728039872,9.16683990943259,10.017417726416253,9.982994738322342,8.923106177414686,6.166201207872072,3.883877558895981,3.491580306743166,3.584858958772322,3.5369287838832624,4.010121869550287,4.301136758126922,3.617187741856493,3.6757709601935984,6.530977016636132,13.125591436926397,16.636159305890985,20.928511494580793,32.82293805282263,30.45732509529122,23.66865411683648,15.881180627277788
2026-06-22,15.053141432336167,11.74837221613719,10.973792942307611,14.493554423830602,11.599548055609917,9.29473717176493,5.432725253270082,4.2315572321675905,7.6964459225258315,6.506729721084661,4.76558506512889,4.928579702578711,3.715047354535961,5.294153028236903,7.747983015930407,8.982848626569297,9.561189173462752,24.116388491706058,34.08198630901326,48.28664567926083,51.13477420036054,44.866304441602864,37.32110285366467,33.79772045967701
2026-06-23,33.99891912554002,25.97949743032544,16.42228602606313,14.626750944070208,18.881458029674132,12.04301449153089,11.122661097920252,7.9232655141903345,9.881359439061892,9.048940921937541,7.273138435133299,7.2458161277589825,6.9650158232377875,7.402000025978068,8.792150150502087,10.32511353728705,12.798201550480057,27.191747116621467,33.45589536107726,57.12865300761,80.09282631191991,82.87668098367789,55.70333520085176,42.64850503258501
2026-06-24,40.751200721118586,27.224870491993197,25.40726548702955,23.220227003645658,28.819312293925755,20.58684143911572,13.548550317653417,18.146447924996004,18.935279501521237,15.815111739301683,14.94393385338691,15.291722575782785,12.525033070265787,14.806579355218245,21.81600751584514,17.030111531334942,17.730305214889732,42.148778183156175,37.320416394996634,75.42409344992417,82.54001569086985,83.15911931089589,62.35867300967446,46.641339275794614
2026-06-25,59.64854874909039,45.531364486689526,31.572361741198105,41.03036102206227,47.149960693639976,29.459107493191134,27.05713084681376,16.661913335602033,45.58937492785214,28.500909031242337,12.808270024263843,12.347128797448077,10.802378652141734,12.61228125995594,15.803071209314572,17.033370037840655,28.307694784103457,67.94110090543789,69.75711561606086,78.43052312191313,79.3266090952274,79.86469487883576,69.19896949579442,69.18338902594527
2026-06-26,45.785967251948655,39.014150259040996,30.95970865887411,31.835083918646088,30.80087865880947,44.988276409400186,38.93382911852916,12.108010625974828,32.68654963876386,26.235943508386324,12.217135737893722,12.201524491922207,7.6078257478042035,6.911399757121628,13.41861632301642,12.192582690188742,35.74568808532991,39.52494859658926,47.28070917797616,75.0799253455051,84.3310743733678,83.21904971755585,50.744328983839736,39.90193041783657
2026-06-27,49.86432875814963,41.83762570978971,41.84444725252408,38.49112672913913,43.98767971286854,29.505662840406988,13.506467027219891,3.315028790959925,20.04056050997774,10.07491500680684,6.352247301274909,6.6664102073467735,4.46580964010246,5.521228131084549,9.11935328970964,18.84348724420013,21.011033641442463,38.08877400481148,32.7524596114289,64.88726296836799,69.53870497919422,69.66239599721311,59.387811310058254,45.321083013267035
2026-06-28,52.45123954503338,44.072127987068946,36.682872131418215,37.077413454679714,35.21301666740051,22.32502070080888,3.231539608903393,4.297826345790148,3.4348643115131487,3.620057538987,4.0799598191474615,3.7739870838704874,4.483673822875484,4.55146457234049,4.326818812018709,2.556798460098818,2.8808547445159642,5.415025803431317,25.8938058476397,47.52285485917283,61.432367269245326,61.94486915474953,40.87686564245858,39.46594386203123
2026-06-29,32.267157801312806,31.806862453984273,30.580287705579497,30.88202120284734,31.20416919340958,27.205119783269325,10.444717109585541,13.938918421813554,19.18834047680011,18.291488513491075,16.43087456140584,15.260202757805578,12.816087766247717,13.00830671516764,16.356883819156458,17.515531145711595,17.003476827842288,28.154974362062198,31.252507201046406,45.832849357747804,74.5532165263248,74.15587376578281,46.20122516162469,45.07536244087874
2026-06-30,43.13449316541019,38.06270764640646,38.06346702555632,37.810798037307734,38.6903352717873,36.96554180262365,32.10183485633469,23.632270606295453,33.28423952195396,32.189024071765076,28.24246022586296,22.53124059997976,13.477653361932937,27.26488935122144,31.355989694705663,31.863122415795683,37.10329870746123,50.03923217231789,57.840210917909964,77.80363753293739,90.67077492266027,90.64441843644842,73.37121185253314,67.94350770517372
2026-07-01,66.69823412012501,57.78593505064265,50.14164465499295,58.328634322899674,58.405943443362744,41.62910985986693,43.586033720978456,28.42294261732041,55.90119751706294,40.73580772124314,41.59519146885345,37.65296371644264,29.919728791866422,35.82814827224313,41.282783379519515,35.30761950013455,41.40869115013388,62.862144774766776,77.3120108703875,85.30522941570158,92.91432660224,92.42180988942135,84.81054608424093,82.37057801376167
2026-07-02,81.6656444648683,79.77434535063894,74.63741324509228,75.29381718487753,74.14843979834238,74.01097030224268,62.546749413388255,26.47305434318598,67.67991759771112,64.21803512184582,57.940179983947324,57.233619996810596,39.24967065115941,57.535531175165715,62.736396590607654,64.31851430689028,68.63290775792979,82.85524835363516,82.92124926504539,83.8714342889532,91.61648367106316,91.83485437483016,81.56705526127455,81.4634965717123
2026-07-03,80.03623814960012,77.93685805942371,75.7111374490706,76.76812264701323,73.40055017714103,69.9623205875796,72.21697388042739,49.31263083532301,72.18976765745381,69.40579190414209,57.04473510500051,62.21773207201729,39.790680257750076,59.06337155523172,63.30538227574104,56.81437829818669,62.05024407841678,79.01878573709547,71.16539973641594,85.3504118013047,95.54842006343243,95.61838514442195,82.63322265263162,78.62717167732877
2026-07-04,77.19271257135401,71.17091009038819,76.11804599013776,76.60670847462801,78.17352093400618,71.88654064299863,54.75304101378431,44.51164183177899,65.42658791548551,63.860247252683514,45.40993796219801,41.61767368741769,32.565636973980226,41.167978229658736,55.73652836958755,59.87214901983515,54.81706799864996,63.603336954479886,67.8970369668804,80.61692433975738,84.36126221791304,82.31633913270558,71.12973812306004,64.713231013661
2026-07-05,57.55073599083847,55.976751163468535,54.099268681391806,55.43939505112637,55.6480871092408,52.81596867603285,36.33536516139453,17.28854585809929,14.44605816341514,12.300323792332007,7.844069013655851,8.3438479586921,3.3690666536268967,8.11625648741132,12.111730577512937,16.260896539942323,19.07241650146825,24.9741175261736,33.554731742061406,56.500914071073616,65.6421462550547,72.75898700701693,56.04982503146611,46.985986571994225
2026-07-06,62.69617881398938,53.317658465578994,45.785925923342695,46.615324902517536,46.766785156903545,42.393458503418465,42.19369791237513,17.25442234217776,37.49016829253486,39.24068978149616,38.056304065812434,36.670781017945664,27.151830010017612,31.888487100573624,37.896396411562904,38.03798403683904,33.4785192346064,41.080446407103196,66.89121116228893,76.32701657057409,78.19707589385624,79.05580176333736,65.86743379904757,65.299649701306
2026-07-07,61.34327721259955,56.17300515768308,50.139112767189424,51.55107407011919,52.5997628128762,40.75170167839554,38.74700898261501,34.517811087792644,61.326114972498424,45.610396851829215,32.00161068076366,32.72602678268325,22.648479237481386,33.01785981369044,45.350370608332,47.74472631681523,50.28075801107814,63.79131128059546,65.31668503528276,81.373818605547,88.4422183935753,92.18185386980083,81.72543640519959,73.23963006332608
2026-07-08,77.10004287105446,78.33052361365598,76.9680696009867,76.41998273230712,74.99752510758722,67.56406572490911,67.47550170948219,42.87840575155372,67.29051909925005,69.40538589703927,55.68818805180554,60.469793204523214,35.860265360597595,60.865382073479466,65.89860856683754,67.26134341027276,70.23633223098071,76.63684380608116,73.96974801046447,78.14311400799834,87.5988213234433,91.72948622025767,80.81747432739746,75.99649829263063
2026-07-09,76.34305501446485,72.64792307428367,73.0797560296514,75.54654591481301,74.2644951294381,62.92411957270128,56.04356806484137,40.75924637180304,63.233769705822326,57.412611952484085,51.571581801713755,52.33981555296766,29.889288670290583,53.34541256386683,55.10846914230831,52.16382045430871,64.47912760194494,76.08824202424361,70.80136058562307,83.78440544476781,92.47976445469007,90.12534787219654,82.54015429933575,73.64535344620553
2026-07-10,78.62713772163737,75.75736735428127,65.2999905007597,67.45882697309095,73.45931279806584,73.70682543292435,68.59122738377853,48.58708749682804,69.17826721308893,57.62313377975941,52.560180283174084,49.8244699854769,32.831138816292956,52.574083378872054,66.10237670061268,69.84423722748562,72.21847213277836,77.46694165173635,74.24427983233103,79.69257133611352,90.39407035797855,90.53392460845208,80.86854081445946,76.05074681336264
2026-07-11,73.67110929605899,77.12081422140898,72.98361388891371,73.0049834506657,75.17084410080881,72.25955526658502,61.09255836283099,40.28907349101031,65.28717224809596,59.34225741369368,40.515303169367456,35.150287682613865,24.140803280734975,29.03927692443875,45.064235896540055,45.04816247464438,51.60231064690541,50.10605067138486,60.24251084068899,77.89649331823489,87.53639623288213,86.20549925886819,67.6500263482376,69.99815137332048
2026-07-12,72.12192716008246,67.30110675259168,62.705634678176445,60.27938020218531,52.57883590360601,44.32957176624817,50.2555371831596,15.05757752461861,29.106879485952092,23.330531784423314,14.430583695866785,13.628604154224563,6.862380516934296,9.26397644016307,15.614961788473847,18.15897499770301,22.39688655732411,32.83092266079281,56.75646792800334,69.4929011237269,89.05923229866056,90.78474111169453,67.98928042142661,64.57358807021397
2026-07-13,74.75465035295777,74.10020993725864,73.70677586318902,72.23112321988937,72.28403779574433,52.121430385200995,65.13215669046208,37.25920977369206,67.68555134074116,58.59465229785046,31.99192421140009,28.75048899037366,18.854292105442024,27.396802630590688,57.39704640899214,55.50273872369432,60.91148091961589,59.36483563705664,67.53331449106153,74.42912471342652,86.14859887168349,86.11510358192815,73.63667274972829,70.81530980782895
2026-07-14,72.44593027369221,70.5671187965871,69.17774081299761,70.67792040394741,62.711716683886976,56.07375901282278,54.803821676409584,32.85539623854008,50.96504332137963,48.558708732634415,32.29016275479535,34.052208059635745,31.595102677707214,40.96295231812341,51.150254948920725,52.9686436139478,59.57292662106019,68.1858506238241,61.89792195218607,72.32083640810654,87.56318924114129,88.60566036961517,76.48623225890874,64.39756082218328
2026-07-15,71.97256832395509,68.15188300299621,58.993286515726325,68.29510911828652,64.13400824311343,57.190814291344175,46.95935076009412,25.738629772426236,42.58852584786542,38.34931160219525,23.303661450150045,22.764384151368347,19.312777350944195,19.27916995726469,33.34000459584909,36.87369624744142,52.244600465747375,61.694193764731814,55.459307546327445,75.73644125980493,92.81495262910833,92.07220057925748,73.88173724190936,60.36359389811562
2026-07-16,69.16172737937103,54.80228098735737,49.39989443534019,59.44711154698083,55.82161725895283,44.801551196075444,47.65383022162027,40.18047789077038,38.86304001970802,36.56663578570234,27.313034756848232,22.7396561046476,9.283913863038267,20.789862154802584,34.54173055726916,31.35581097627077,33.25107855286908,46.9824970382022,58.83251059538731,64.30988366209446,86.24728310868366,86.45933766168675,70.33382816091027,63.12464264340241
2026-07-17,72.69087683728984,71.2538785833701,68.77598496901338,67.79818299619306,72.60072313158858,66.07736674571574,50.79661104371788,40.65107325702308,53.2699525806783,51.91317374273025,37.143819984052236,40.581922906316976,14.92564848713888,34.978856122069594,48.717314122959074,49.23408579485046,63.93957528851556,65.00885914599372,57.577209360840065,86.67335325065045,93.55067866915522,91.24973372599682,68.13749742891603,65.7880684295272
2026-07-18,71.7436501537489,71.44747792690886,65.41934212631816,72.29285204000215,72.6330743859412,66.37073440127186,52.37259145423475,19.26880196977206,41.48998706376799,35.04800566479334,29.402100450368795,25.29693688696284,11.246857807234049,24.364984134120192,41.51866185749354,35.0171836591712,38.66751267993695,64.90247016890793,66.90995516724661,74.62568275957322,92.96259562195259,93.89100267802314,76.96379370516813,70.6285614976471
2026-07-19,78.42989179672486,72.75508907513841,67.2209654800608,70.39115803032874,69.51867231774351,66.9760076949421,54.49312654856993,30.26563293710895,35.014238633127874,25.084952337841855,21.148655901356204,17.832675929138997,10.399469734667708,20.258471794388193,22.434121304965757,25.43574404670742,30.38445813495085,50.65819503719093,66.89156267233032,78.61707897547707,90.95139593714943,90.10434691484846,81.55532018936869,74.13772567848031
2026-07-20,77.60576177280433,74.19686710684395,67.45321110512266,72.8664623423472,72.59625021969102,71.62598233384946,65.44310567842508,48.28043508020108,58.41738527979897,62.52740940407906,42.09404592076628,37.86629797739853,33.77044867153514,42.135620648387444,57.69179049046229,47.143922440961454,66.84607626343703,69.90156326972554,67.83027321168196,81.19369619626885,89.50124520676539,91.92062993473355,81.59763457782475,76.2041824852267
2026-07-21,81.93536762208552,74.04968491927153,66.24025306512253,73.46613678693622,73.95574272192415,72.91115139012966,66.15054094826554,52.39927763063498,70.18276495565611,66.0413266377977,56.656802159003014,55.129087222557814,40.72942320960113,53.89145023085965,66.5397826636633,63.926725140599295,73.081033290794,75.33419113757485,76.00503448115576,86.24919418859865,90.11558485093711,90.85281394084755,84.85875225654321,74.74772430462932
2026-07-22,77.56701330357537,75.27989620798579,75.03515055521387,71.72566256039715,72.66667720269527,72.714868379455,59.34287885474749,46.03978184904624,64.26125535930835,61.22466581729768,45.518776291474595,46.598772840541145,33.5478461987996,42.003473348361695,68.82219335384261,70.12499275864495,71.22580044403516,73.33889663667905,74.51978324621129,88.63701741940034,91.6155173713941,88.8149942848682,82.76605779422464,70.84567096366042
2026-07-23,82.56029288942149,80.61028228811755,70.57044830593681,75.06521806215177,75.09562854905755,76.39565234864445,71.16685939131844,41.04273388514415,73.43351805530115,68.83511916087444,57.7454787768167,64.01369159258194,38.93558962375672,63.30768910331517,68.62210378377836,66.95705154695551,69.33773424029764,78.47888445542134,78.79700702156912,90.62470159632036,91.21076014244903,91.38322263013887,82.05791110054534,75.67194304500363
2026-07-24,82.73281988674503,76.46066898483208,69.28114864154442,75.476331270908,76.76361928922641,76.15791478491401,63.37272760287418,49.560777564426054,74.27217856913134,71.98769213881201,54.79699624576071,42.48384362504618,33.978542838285506,43.57121181009009,61.35504222150963,55.8477606238088,74.07262201921885,76.13906477345381,76.39636156476793,86.15883786989261,90.51487237498544,91.40747232425656,83.67415904033764,75.86452304106331
2026-07-25,76.4631959916647,76.6157975323503,74.41390473816693,73.2411080108225,74.82062652874272,71.28069867385045,68.94884857698078,45.139433522368165,64.98964993097132,61.59235891548876,56.645813062503876,57.18282550009832,30.63725016880509,33.82658149940956,57.168217401229526,59.64484325057768,57.278599917498916,73.74092465128521,74.35734099188865,84.74357845305106,90.32500862088892,88.38650277095726,79.88477660746992,71.56490886882901
2026-07-26,73.47599921142981,72.2072445566537,73.12554994250134,71.73122625348172,68.66679840347122,71.58334883584803,64.96107270812098,51.529462175160546,36.824122562851706,33.3008537384416,33.12948865699623,26.44091907477293,26.26762402995274,34.25406723033813,29.764012185782757,34.333945956875255,40.08080124652664,66.8672209594338,71.67162291769377,77.28035996176868,86.93981297783938,87.21894254858152,78.17106028647909,75.94124644121136
2026-07-27,77.04928753202857,72.76874711035056,71.48784409858827,75.25456927249341,76.09326651551028,72.68923133802888,68.35965591885451,62.437780225036214,70.95332674510189,63.00601299429709,59.207305677730844,57.4618292072965,36.31974466336711,49.911821981954965,66.60502608183296,65.00710132562149,66.85885585717381,75.59102701394882,78.2305866390293,90.97869956504056,85.89272542708304,84.93496434678892,82.7952469964437,74.5426375277846
2026-07-28,74.94970601563475,66.57546445515207,65.14590740132512,68.05001750709722,69.68638508933346,69.31826354497416,64.28714094996087,45.705278997538706,55.349681652782095,46.64008255862081,39.69099976153577,37.94782086147304,23.489766615229044,28.425531317491604,47.79094225647633,48.91342295613392,57.165393120180426,78.21179930374542,69.53525188811562,88.97686299238175,92.0366299011221,92.21169417561583,82.98993630753482,74.97100188725831
2026-07-29,81.0636128386765,69.58151549290282,63.63268066706085,72.70053345146832,68.8265283724787,69.6095012064412,69.22454393042348,42.09863701094443,57.92010723495643,56.26060285135598,43.76974983022645,46.97683632183143,34.18947037361968,44.43874517526693,54.55297575470296,50.795356306133925,58.38453857020453,74.05670097228577,72.2755603558537,79.97517506618134,87.74472063337781,84.39961078863264,75.93237995945576,68.46246287700652
2026-07-30,70.58357675091793,47.04623139327767,42.25461146318557,49.450117742832326,48.631388052156446,49.66579190595903,46.144231791648565,29.12841873411808,38.34199026074383,30.401462464250457,21.740768295633487,21.922875766781985,7.473476474471995,17.05686501750402,27.447353357173732,24.801184511501585,35.455228568005765,62.25593746453126,53.0710788521283,76.89441431593744,85.37947576325988,82.65864126254435,68.94784018012679,53.94185499620145
2026-07-31,62.9904354584242,42.88856641524981,40.23044583639578,40.83397570465968,39.92460331563944,36.05755718017556,38.19571162782153,27.299595117759935,43.71770868615681,34.387326641800385,28.34685805828503,24.291018439965466,15.106244484811482,21.810381515799087,27.004412772498338,32.64809971432655,31.546757514582414,42.59416327538973,51.98310650891064,80.08101395257006,86.71298012788849,85.0762584951181,68.1838406673713,60.716608521848244
2026-08-01,45.11817446194191,41.59047477394359,37.88262653506166,36.41863859833037,36.246969580149674,36.09368359586676,38.400965284033184,14.966190312639963,37.841933805817895,24.51252512954354,20.663463600067168,23.19216120327542,7.797194239287798,13.772369080489817,27.712075321748557,24.742201800711495,22.55100964953983,41.81531117363341,61.31956699840495,79.68225915620874,81.52167090061039,78.93379793142599,63.32141972215132,58.1801336120481
2026-08-02,60.813285833349696,60.01820067354943,59.69754101547617,59.077979353339785,52.7716129171258,48.673610158885666,58.79967847302694,26.468843478318973,15.580695517055702,5.513841102488082,2.671408539814614,5.71915149102564,3.8618222985171036,7.295612929139361,19.556007633360153,16.358085120050266,16.676885069474967,43.61877187327964,51.607327480231625,80.09087004008393,87.37104433521488,85.77036917344181,72.96422342547324,70.43795474834401
2026-08-03,76.19162165888852,71.06081819593739,66.8023198541289,66.53649923450666,68.79029230624684,69.39768920214644,61.59787340793069,39.491577927310765,64.02760794940595,60.331969587110166,48.24384786731838,48.02196076766771,22.778051373532037,57.91025034284057,62.24786054342688,40.18411779161293,65.01099059299773,75.54183368345132,71.34100424795524,81.78731245579755,86.2067359246,86.28057992262632,81.13829792365294,78.96508943717252
2026-08-04,73.16939012069695,72.64459157335743,66.74023932110133,72.15024977333498,71.37043971614092,69.89033019009773,66.06127150880945,63.01218019555149,71.05048539090294,66.30596934486042,57.18429447215488,60.60990413009237,35.45371560399632,50.81592270931667,52.25289330282948,59.31171239961566,65.48927728566521,72.32852796447509,75.73799818951518,87.60992970948922,90.2063029815205,89.9942989185981,72.80310518653455,71.37466823210234
2026-08-05,72.06482570610078,69.97965737329935,68.07892479711087,65.836943968089,65.9192989657032,62.000673998479755,54.83514680846724,48.85373361165481,59.54534373894507,61.01615389211922,40.248850417371976,38.05609765348966,30.49484932653377,37.79860002586541,42.487227688423864,50.43752399689083,58.753744676923205,74.70991365295173,75.02359189692389,94.97628932176173,91.53694434754743,92.71274780217074,73.59312847030262,72.00139695068592
2026-08-06,74.63977724701438,72.84722000942291,72.76867995157596,70.37128581197192,70.8548094111026,71.52671883615845,68.65109984024544,56.318915989166356,67.59462080556288,64.56874927244773,44.305408208032034,40.35890095380902,31.352394820431535,44.89422688131805,48.04926590359569,58.034944224306436,64.57224485801142,74.4838526858361,74.75575506561808,83.25740085520923,87.86060657962915,86.7016441727325,75.09352743331122,73.93571742627445
2026-08-07,75.88053494533769,71.53799770244353,70.83235816670316,73.31190661874828,74.02030828534303,74.25257890491763,69.12363611817436,52.56513827556452,71.75907146906108,68.09698673165222,58.746785640947316,57.39879509433645,46.35094811438743,60.39801935208848,64.7273097305917,65.991885698227,71.51081282747897,77.21595691713377,75.50186344707684,85.93300909271726,89.00570230733499,85.93463457417293,78.53846963382702,74.8021631979255
2026-08-08,75.85434354867435,74.41208942117099,72.74608339975394,69.11016615675953,72.8069802674665,73.3445609183152,69.4078494181272,49.88056047431714,59.55123168751481,57.91427959522617,48.10327548905218,44.06123478868149,24.97701627334506,36.826361131887786,44.95297249535447,49.4663821192933,58.62869652094778,74.81014282307464,76.2844718521606,86.65164005244966,89.60536675646283,87.8621933656141,82.15677674192027,73.49739733528139
2026-08-09,79.67237395646046,69.32096078494014,67.97197320807595,65.87584945359427,64.17256613756103,64.101403567936,51.68895761896689,32.58449336082396,24.66145937925219,11.222119154415202,7.947913151601734,11.810568562362704,7.189543971024871,15.32492678149697,19.569462124461744,25.7665734886639,38.67245651931831,39.78677915775277,67.23114366358189,77.68016523916181,83.62441468368675,82.50946356247046,73.5864116198335,71.88808247205121
2026-08-10,76.07192260716175,66.69638352846023,59.00529633939678,58.59904310685065,56.642907503046935,54.742084954438134,52.168384505895276,66.0972343610488,63.058865763137554,63.02899691413507,58.24480374084307,47.28804823721776,39.33022492907798,55.180307524800966,63.904748112155104,65.19942903410782,73.74402657470267,76.12716226805303,79.82300808609914,86.28582436261738,87.84724336744831,86.12126981552082,75.33468812019233,73.26620919276026
2026-08-11,79.01088336998886,63.78169047818623,52.478498752109026,50.52327347131451,51.4425118791196,54.55176073247147,50.50858055010339,39.768702067419,50.755884970510635,49.917456222034936,36.85437810586807,45.7878925962382,30.503298629784826,51.88666450905552,61.73622585258904,61.448328884584214,73.06720602342871,79.51833124303948,77.40645529452658,84.6876990008545,87.61991881212776,85.15981728539585,73.24836420292971,73.98452225806027
2026-08-12,73.25325635578042,71.69368265002971,67.68326793930085,66.49117702910257,67.45467347314766,70.72954177486737,66.07607561133307,55.406804167521365,73.23669908335042,66.41900682157505,60.495129174133275,58.97074051019042,34.719917054707764,55.55064016461846,63.242736032007336,66.28466505922178,68.88247024286731,79.01797912958524,76.75551664386711,84.98312671834285,87.77881231016028,84.8431680602092,69.05998877832137,72.36406273855306
2026-08-13,76.9175759651945,70.15329792580975,66.16675240626341,69.1099807796397,67.77566655535679,70.33828252575572,66.11550675228449,53.741093047228006,66.45294533762335,57.075556023842815,46.329260651790825,51.99411343611202,25.643022953119452,52.5101910898016,54.16749694845882,56.661580308472935,66.74971491166077,80.55125265654854,68.92998738528922,77.85825745632292,85.61242042172196,79.14384088161735,69.50775790383543,70.43558265044578
2026-08-14,68.79117544124964,61.93452468984781,55.15425382175773,54.6576025114896,52.859428242250516,54.343773290560456,52.24473028484192,35.5750552692052,54.31032143342429,52.33726806930735,41.03778076525448,39.40052440374765,23.756332880832986,39.10228938437834,46.435937633631426,54.14523715817277,59.79142986526575,69.85775142262379,68.10817407658197,83.01344266395415,85.46664576447631,82.92346585746405,70.47565264295868,61.85200613906351
2026-08-15,72.06749862757248,63.598796057572564,51.89384169181502,48.92094620709332,48.899773997977675,50.67014443669014,49.72703594362212,32.38939257636958,40.270263860868845,34.05983762820875,31.15831781908913,39.46117794513572,15.607600445894553,27.840567683166174,36.17973802208972,41.07928540036355,41.80217747549581,68.69314194077424,71.81242677996583,78.30209185871895,83.81442917972316,82.9246586101919,71.34752180138301,70.47816286876534
2026-08-16,70.52034316795238,62.91788513804568,51.606666969827366,51.45564106736061,50.374620521030366,50.77179059541283,47.64682800035295,24.789255876859883,20.851024530947146,11.487186076566632,6.977041750843605,7.829072380615165,4.907718749668333,7.675243836476369,14.103784431134718,21.73714598232596,25.90400611244623,50.46273891644685,72.15231468781315,78.22821372307243,83.52946957369666,79.59792717641102,68.84028974499769,66.81428769419477
2026-08-17,76.43890708259819,69.27498038488925,68.87352517472989,68.79387336101465,67.11633679833645,71.17327951429156,67.58174445233344,59.52191796912291,69.57371005015044,67.75743186470126,44.95078254158072,48.507095400305474,41.48437368404113,65.72102325441871,70.72229791717258,68.83751629608261,73.85772597747561,79.69100823049132,78.21113434327374,82.59925607968492,84.65115566779154,83.46612555034106,77.88600829909689,78.7462849982082
2026-08-18,77.66684612133123,71.63257928421946,69.67622968346534,69.03650680076602,68.46326083478998,70.63810915752005,71.20917186528685,67.95099978252951,75.6634861886942,71.50422126327307,65.12935964617543,63.608910836748386,53.106823417665375,66.12233861822706,71.07633605291868,67.41043147564365,69.80445754451414,82.86446032018326,79.15429560416014,88.70952553479242,91.78087536030009,90.6254409113842,76.38969679099219,75.35639308229916
2026-08-19,82.64650129458522,74.43023834783975,73.74404482643489,72.40811704655071,73.92108557375907,75.04203864692803,72.63961766970121,66.69491235330885,76.02279625111454,68.77046433363658,59.104545959653656,58.102988904421125,41.63037105511075,59.89027729891775,65.80794414426997,66.24856803744414,71.75378826337676,82.07709478896652,79.96917402477061,92.48258756017422,91.33665677784427,91.79673388537265,75.42399758416721,74.65408594702991
2026-08-20,76.0525267168834,71.45887940379998,68.83041646749956,66.94101753918302,68.5164052625887,70.8989534713585,69.47237444442598,62.10526073254956,71.56957876145457,60.86673459238576,44.87693250474946,44.175887130831136,30.66797860337064,54.460017666038254,60.099766219069934,52.277778362305,65.54931304125657,79.0470308674031,74.5164167385529,88.68066774014751,89.96149483493443,82.48986591018785,72.61361679489751,71.363789300821
2026-08-21,74.34862556859633,70.83085296145444,68.66066763000119,64.88410437479628,65.45026458827111,66.48035561292832,64.17534992383698,51.950399680409944,63.20423369656406,57.23620754211031,49.294878984533355,49.2300783549411,29.905675941577876,45.56208128015835,55.30138834316376,60.93876480467228,68.08145348868969,74.8633732071453,77.08332989522742,90.28638759742184,88.21842910327524,82.5545530060182,73.84551576597843,73.18634415645658
2026-08-22,74.16748149685391,72.76719609301995,68.05127355237173,67.16594411377426,67.93155969817369,69.94305055554811,68.14544895071839,51.2169926153486,60.77281692101226,51.449285936381905,36.24911518856283,39.042911654913645,23.92025457929898,32.13066315756869,51.796070266352885,45.884165481623114,66.9835870243236,72.35201718733276,74.2467706695352,87.57276866971013,88.24241760877209,87.19183557582156,73.73890995512049,72.70306039767435
2026-08-23,75.63363431581426,75.24382089525582,72.59447319795876,72.10977068950393,69.55472587196178,74.69355769821908,77.76892675728446,67.3387401217781,48.01993940922562,44.331959132834335,29.209667667777033,39.1112160578154,25.009361619605464,40.14596063348826,49.07961669413705,44.35015314849761,43.79207848408399,65.64562069641843,74.52907637527132,84.87988336825141,88.04291638605416,86.2501806605463,77.39243616135525,73.65382213327442
2026-08-24,73.1590321424322,70.99934898546132,67.77314484490105,69.11483904617438,67.48393492923115,69.2976447426922,71.05923098730393,60.06008805419126,73.60121753314552,65.69857406857037,60.982050632456065,47.76484869271698,31.58201067942831,37.022424318054846,47.50130524452227,63.8552693833781,71.44241907886217,78.64054706086281,74.69408607140586,83.76935122290708,86.73156956529942,83.81249359452562,76.32289723633114,72.26379180339234
2026-08-25,74.28618935554506,66.16470558624451,60.45227958363625,59.276029100083846,60.98777884047534,64.60964408034772,63.84304630383405,45.56628894045431,69.91370821976729,59.69759787576383,51.466598017230424,53.077187256646866,43.51146343675365,48.90488148325126,56.571065352373175,57.841786213110794,69.25201116994609,75.41058914455913,79.4079633691559,83.8024309969497,86.50337933182483,85.93782816383863,71.44182642952315,73.09821626593919
2026-08-26,77.10351578070569,71.40517694224177,69.2588747132016,65.99881930976618,66.50149319010552,68.47073693757831,67.20183227778277,45.57421669335971,66.84876242743492,57.91719388251982,58.32260870110689,57.37544392744903,48.66010734703999,59.209386717660465,65.7054362068444,63.62891723516921,72.27603087779593,74.7403382516296,72.8221426191272,86.23110302380404,90.6114259162597,81.49093006750007,74.63991555855254,74.28248428802594
2026-08-27,78.83929592803804,71.92925236136278,68.3512915269748,67.06323500487463,66.49929293535808,69.07853769410673,68.83374916042875,66.39537131545552,70.81012967140396,70.39005305592117,63.77309506492559,60.819044874087055,51.6236771155706,59.21095823386738,67.41960513583341,65.80727330880563,72.50765439305545,84.24356764215814,87.32012961349295,90.23579513063382,90.51289397900793,87.07786799942123,76.99803894814676,74.40899334143921
