,h00,h01,h02,h03,h04,h05,h06,h07,h08,h09,h10,h11,h12,h13,h14,h15,h16,h17,h18,h19,h20,h21,h22,h23
2024-08-01,83.70539278424425,82.81625789684954,77.45951062691053,77.11811986844782,75.70573474955076,69.54201029117841,64.2871195461459,63.98612435092614,83.02419492557073,81.6510937671671,76.47902500881257,72.2414535802648,64.20378048605566,71.06777747407381,78.59172398711414,87.47128807079031,86.78046381747565,87.94140133585542,90.19288670718134,91.12193490815261,91.05890997893447,90.67786297791737,88.60574061796005,85.88694251054243
2024-08-02,87.29490776820025,84.5961969252908,76.02508955674237,75.1856810518008,72.3600758374006,69.29782500956037,71.27307801430838,64.83415142622026,84.86093067248096,89.22454360880793,80.56434579406589,76.1139256125952,68.82378635786277,76.24268651357083,86.2749746952551,88.7702939170654,88.08960648314472,88.20478411547248,89.76520133580858,90.18246083481849,90.86625841690125,90.14176714593125,88.97379263351407,87.31475539054598
2024-08-03,89.56203156743487,87.4660797181074,82.94596726298151,79.63129519744969,78.59172648013835,75.65746529346598,72.77508656598121,66.17978470321948,87.94530122090791,88.29676898595234,76.68151889434947,74.43840260729786,59.095187368676214,66.7077685441231,75.56132158869684,75.57211480543458,79.34072631907867,83.56118544786175,89.34248340407434,90.37402361022903,90.3546786292971,90.02272211553107,89.94309673284575,87.21593694594547
2024-08-04,90.73678353973432,88.01497942945527,85.64501045865727,83.90694820018857,83.21316730753894,82.52212983365104,76.98238894702399,69.6962447507076,70.23456443399571,69.46238475074219,65.19244771208065,52.14426835531409,50.14678113168784,53.36842512250829,61.41333641199564,61.30824800852348,50.76637778037231,78.53758965769583,89.77400175365169,90.81828978454415,90.56855522823965,90.26992205659,86.45859730191717,88.11600630796151
2024-08-05,88.33269780499204,85.4053628994256,83.69978208752238,83.02135810956584,82.3997657903355,81.24092977278369,79.54583933963514,73.51834913029818,81.61631038659685,80.2673973428871,79.1866575735949,75.10207594887693,62.77487604920486,72.9163814972869,78.21085795530372,79.31584458888025,77.01441607651411,88.11281451306003,89.71762751339729,90.67198684791003,90.83454129440348,90.789252018483,90.45004377375248,89.11280426235417
2024-08-06,88.62523652697506,86.82100509417388,77.85216271061282,74.83121735553621,74.7211849174895,70.95625069713867,69.06776813501584,63.15919541431663,86.93032167351335,88.6099767000453,82.41611264236435,77.38692443628207,71.13774525829297,75.2010052684737,77.49645267871486,89.3247843021905,88.74765164813266,89.21432291659022,90.73670093455179,90.65643162268474,90.5946188576021,90.61527841192006,88.54686018835791,86.9323290698481
2024-08-07,88.31185902017586,86.45220937367796,81.92473434107666,77.2718505163665,75.43286476291276,75.34722728268417,64.78859018600166,65.42400116095482,86.4331792196103,86.63616913658508,77.86581963279264,75.23819934557783,63.56533368123669,77.22126204993025,82.82966351127155,89.27933178607707,87.81059372311768,90.56506507770835,90.22927064652711,90.4338416768277,90.51191535487925,90.59779395887746,88.7642671467445,87.93032811886673
2024-08-08,87.16443417462382,86.46390039393472,78.97810674399805,74.23257759321172,72.06104377232282,70.25850171710894,61.037101435570264,56.65986813716102,84.03229188590689,81.85121471105639,77.86133803076812,74.98909377177257,64.21231855468749,77.10973971875661,87.55349358052761,87.42884415028098,84.40870299330912,84.34813748274955,86.66839849036128,88.1249883539874,88.81242296007187,87.87630593019182,85.70780868245355,85.1164575172849
2024-08-09,86.90032586681636,86.6828954136007,84.19103614751526,76.8251389960157,73.45448247098857,70.5668678130125,62.608597391967365,57.822271940760054,82.40722078054074,84.34266140788904,78.7316236527014,76.60044896445147,60.48518242089743,73.59675092498811,84.32941042005747,84.33569486423417,85.60486034883141,88.37281805185148,89.05076069932585,89.27528667415268,89.17803593428877,89.19845819692426,87.90762534873468,85.32408194417485
2024-08-10,88.13068663843246,87.85650922560525,81.31892211167862,76.600230270578,76.4808817855841,76.66010180687967,66.92903969705496,54.85242314120644,81.05544904476051,80.23860001136902,74.0975226694401,66.32641423653143,50.861232941007934,57.180372671081514,72.26069412282112,76.38128793054855,73.98424835713608,85.58838556598236,87.65514101179056,88.62814034725494,89.23027913927127,88.33625915642001,86.86815787273171,83.65289358565384
2024-08-11,83.76559411567821,80.92706208482157,75.92525682912009,74.27462820662019,73.26300427154939,74.75069401976559,71.8691533503398,62.9486314184865,65.90204008228929,60.04608454885668,50.69959321144319,49.02770721337024,34.52874236089376,51.08168604410015,71.9921404163985,73.5919024379064,74.94389358295817,78.26007028671161,84.1669453334622,85.12410449735874,85.24052219335367,85.11445103129934,82.29571793840515,76.77554974220753
2024-08-12,77.50797480382334,74.16974781343927,67.18603789168961,69.11316196117426,68.83623069303975,66.3573148704847,52.901430839891944,50.03837157254551,73.51025060023778,77.48270044960555,74.38873738576522,70.20045295186108,57.09895507707175,66.71148370469334,75.18294596190583,76.41611169823584,76.97674921691296,80.61949893413797,87.80309635687163,89.74029176248834,90.12187114190773,89.90583384839378,86.10125402430762,80.72340040658317
2024-08-13,80.74548880814639,76.20668638913251,75.16931691275501,71.74974598163045,71.9587621755005,72.53082234808214,60.16645903787796,59.855055481959525,84.19968444656793,84.17298883640066,80.18041553338772,78.36746432645121,63.90708682234489,76.35290911899494,84.54416589272647,88.57604468460015,86.91553011965769,87.59752382683958,88.23739752493235,89.12342738352784,90.12743078999533,88.63315147864057,85.71139374243002,81.8100191895131
2024-08-14,84.11947374591078,81.68987865720952,79.41223117696035,75.29227584493997,73.60552167759526,72.12913036196731,66.66411194834853,64.42481740545472,86.64262301735363,85.33863081231279,77.95437981389279,77.0045414625523,65.52435174325544,71.53203389994675,84.89432649104359,84.50572432661392,83.26995286777871,87.78786118792873,88.90296149949388,89.07640938379002,89.0721286185995,88.87632388641953,86.03920965781269,84.26792042327557
2024-08-15,86.66807839485996,84.48993723503091,79.51872076774943,73.98828357838548,69.88262565460043,65.7679331865113,62.43127297987345,62.34015564008848,85.70717845149787,85.31191618295884,82.9924167092897,82.95917330869817,63.663492321060694,68.1848442920327,83.10363135071658,85.4050674037993,86.51234622244161,87.34440745875789,89.78599958825832,89.73755385106344,89.75444603656085,89.65649648888532,87.17731723436053,84.61116450710858
2024-08-16,84.00235360836146,82.5592029481602,72.48770422177766,70.1618994178514,68.25093490238461,68.68006976029532,62.63574277966105,56.168516055316566,80.88945788497718,82.3855398623089,68.60809425311669,63.455007858814334,47.91820670956217,57.26003115853004,74.9239306922047,81.0323028147458,80.97895404573369,84.9681434094519,86.82118402191855,89.51374246415271,89.71050074171663,87.10810368799909,85.190504803491,81.95731164823538
2024-08-17,83.07845884665038,80.58048804799543,73.79802475973194,73.48661108900227,71.44493883484351,71.86451883475439,66.58342072843078,54.03142779883883,74.71034997133704,60.72954949905784,53.36574466809031,49.67092793377966,36.29270731402139,44.47806388894418,64.29635369288957,69.16961485731163,69.81989639814049,76.54839433545911,86.16875754797107,89.17001361724876,89.29360604878825,87.56494272411663,81.37240274597146,75.49879281537477
2024-08-18,78.7681699156662,72.4739425624404,66.36821254908222,68.73410468589208,68.7607626468124,72.96927060316881,66.21393294087785,51.53127432999552,66.27702395135518,48.99712632619248,44.456453914256414,43.84785192417351,34.266336083752975,49.915227043592886,55.68841917469716,56.949188649838746,56.463099932952034,75.15438931875595,85.61187333251858,89.23467855581303,89.5579396823615,89.3149569909855,86.65528297991752,78.01992126811287
2024-08-19,84.1342300022315,81.5667354176938,73.30908963087033,75.62929083844405,74.61510378118804,70.42503390244404,74.45313256105476,72.68003300333103,83.33254347331693,82.53909494308795,77.11880423308406,77.55509809865507,68.78922363556937,74.70794030316671,82.6839944716986,84.49696838102575,84.06068902699529,85.19031579130451,90.22308787724143,90.11921596362906,90.19230736958147,90.17064111876275,90.21727381203783,87.97861293893003
2024-08-20,88.425908295391,83.86718883543823,81.433656339465,76.19074679964282,75.14877362919364,72.55177657537467,69.8148742865918,65.50016826156839,83.11059628621466,86.72447850033106,85.59463212444642,85.12681834679368,70.88792321288096,79.00604170555904,87.07112848775087,88.67075655555125,87.97459046910504,90.0715543552724,89.22376831216805,89.49271455196856,89.39574719450518,88.79461318626957,89.33434137832359,88.34490743074326
2024-08-21,89.61754473204752,86.77751348240739,85.00808052892226,79.19483908964521,78.71828775718213,77.69705412030038,66.64295111048207,68.39690816980401,85.29338095759987,85.80386705050358,84.13204638124986,80.93879488345924,68.54701558789269,78.66046491146143,85.41305046634676,87.44875685443793,88.8979767824618,89.18960956476946,89.10200484473357,89.35730269252505,89.35430285104114,89.29409250698782,89.19631829786472,87.4462830122518
2024-08-22,87.86567916581058,87.49027087240569,83.34380836140343,80.73342302533429,79.43053234788573,77.01314336716324,69.70090196865907,64.35737557426224,86.29508969894006,87.32207764430466,77.74011017995619,76.50444857374147,72.0481099747008,75.25807724599866,85.71556991637009,86.26138747644215,85.07963013840745,87.25985353172779,88.51569781300384,88.84409901588165,88.87337934815325,88.80659387990342,87.48165869565804,85.21654332960756
2024-08-23,87.31115606324515,83.8369151468568,77.61510206547939,73.03826438598531,71.81081318506462,71.20675365013925,62.741152072884745,57.7401444720482,81.42647682953448,83.29934990316535,70.83692612120535,71.65553672266178,53.315753559375864,62.068202600640234,69.34103863491954,72.60399047529113,75.07985969562237,83.98238709443349,87.19394434543179,87.75169118296624,88.05608094304651,87.46742763139282,85.58897845003963,80.6206802576078
2024-08-24,86.07527836469937,81.48447727404613,74.32871445330348,69.50347324207975,67.7214651267181,69.14421642614771,69.73920388025296,61.66050974983876,74.63268720127097,78.32789465698721,76.65407519449744,69.39044362939865,52.42377312460916,61.30062131745885,72.96241363091893,73.67176177440047,75.71248920990672,83.85761925628626,85.74292880690145,87.13687794110508,86.94098931586221,85.17962739702617,83.35177212218008,78.2513740455487
2024-08-25,79.65002047852492,76.72105307735264,76.88224723881218,72.53144986795786,73.1959185815971,68.12820959252369,69.7215561137214,60.02799662493478,73.74589460989084,69.59879606852648,56.694421534646416,51.124985128084376,42.737788890242484,54.30139624339471,59.50769289288194,64.6552810691474,60.10231654570026,69.57647909410329,85.4082594548658,87.55010405507798,88.03054196733883,87.77922696821088,81.22989191374445,75.90330121353405
2024-08-26,83.13162047959077,76.44769925993543,71.9832790753496,69.03797119830993,68.66752680731778,72.1990913298077,66.08798649949418,59.49267668714123,81.24926703113155,82.89685730811074,78.6828389879443,73.60250711080401,64.54483406793521,71.41345902283277,82.25922459073357,84.98266291658386,85.86796707182418,86.94087201440371,87.75919598176986,88.5006304760982,88.3786504081468,88.38705751066847,85.00338508243908,84.29633715655486
2024-08-27,86.20001584313358,81.29011406697961,76.22403554566061,77.32822580807874,74.89363245222808,75.01697077538886,63.142717447620896,61.07766611104281,79.42912487059019,82.65255637612775,81.10052777185874,81.18112995606135,66.8901087865509,79.562167401168,86.64953934529855,88.13892353140301,86.54983304518831,86.53775492108693,88.67902467082271,88.66282980254044,88.73281494553217,86.6108729898426,86.4155513319199,80.94679801417682
2024-08-28,86.90043548239895,84.88569403136218,78.31963373768825,72.47704151983854,70.49897403774258,71.90669920230425,65.46289914351784,62.32063303646837,81.55384589441161,82.1321744876768,78.67361303239826,78.18898357511986,73.10217095478085,77.1979879127435,81.67154821340151,85.88433734436441,85.35838125060648,87.85127684824434,88.05449717244484,87.96777687715615,87.97383450543477,87.93991658060986,87.14668640285068,81.71463620454428
2024-08-29,84.59778467001017,80.3583782970092,76.3009143835867,70.01319170171385,68.30897555889115,67.5335833565451,64.3452524341167,60.60693598775248,77.25703618057953,82.01672697331975,78.41165563332194,78.05201951799533,64.18007253569066,76.04183689500191,83.28517074897928,85.5782793403014,86.27838888871108,88.15678728120074,88.35654230148538,88.42863161142361,88.3550909237276,88.2234240807046,87.0159900503111,82.61009531846771
2024-08-30,83.35903450618741,76.74340488593906,74.0157512715439,69.25207508139484,66.61368541794324,70.24029381337327,62.87895981229418,65.64640936096814,74.1092507098205,70.67823564229228,65.91251828253714,65.0113748192041,57.15905342202689,68.63881953618251,78.19130133058495,83.18382514164979,80.57981888907298,83.62342803149953,84.56162596530713,85.83180129003078,85.98770307392526,85.75525712182161,83.40837426066665,78.49646802845284
2024-08-31,87.09667961715152,80.50898385928515,78.68927316146848,71.33537811023562,74.60037867865871,73.54061028160639,72.2399290200676,62.99568308330237,79.15874064949976,75.81010088691848,70.16035612369802,63.919729835437394,51.409668139110714,59.919009924515116,70.3536617223221,76.43239004840467,76.28057558028668,81.86896015414295,86.94823580822083,88.33160414069116,88.21180007105542,88.21809831009213,86.31632973423734,81.07815884977528
2024-09-01,78.0930462209543,77.65825749075299,73.13904655476682,69.1134999893154,69.13621356051812,70.66248493825783,69.02967611907305,65.66190733533212,52.01066070004592,56.48570765461418,58.913841276473796,48.149586772833146,42.04786693096832,55.99379134242897,70.10140319094705,75.20378357692438,76.33461858061327,81.34203242314868,88.41887310878485,88.41124687013507,88.29392872051523,84.8513187150892,79.7043618424072,77.88970240553385
2024-09-02,80.14632178159718,75.76596531692702,76.28821608040533,73.59882893628752,70.10557389175734,72.22638654835397,75.57782961838652,63.057126018058746,76.22099516885443,77.19232643129766,75.13789654340073,74.87501022948419,64.79230829662929,73.95108123492882,81.74479539221306,84.43339120137932,84.6488822586377,86.17306089427629,88.30628713632815,88.60131819164124,88.65801077470952,87.21164070626675,85.87211251189663,83.35530831369891
2024-09-03,82.86536881981355,81.83048705108146,76.29901022289427,72.76775664802777,72.83048936000277,69.72836198653263,68.25664719561132,68.82940430128265,83.7211453399538,82.81921860965089,79.88933330278465,79.04397367917953,64.60425894465452,77.41476301131767,83.79079958803142,84.6694817123699,86.04326328371258,88.10849191470078,88.47247684984676,88.30985796929026,88.17243529584434,88.03363691128094,84.57283536151472,81.39358934993933
2024-09-04,85.44043112707082,80.8694068114434,75.65517378870472,69.8832253022293,69.22262478645919,69.81064631239691,65.73566501046506,62.872949125108946,80.75997453030341,80.02746417039026,78.64939124639184,76.43247530418674,61.69400869296607,73.7953041125715,81.62819300045653,84.68860337591273,86.3681515088206,87.51062087040805,87.57305356451818,87.4076603983919,87.16828184326192,84.21408465948814,80.40825046974786,80.0406204754741
2024-09-05,81.18244920424851,74.47595543832314,70.56518313237953,68.83278218250523,68.32513701273758,67.96157957426153,64.88733697655985,58.40890148119019,72.10260781964053,73.13024274474391,69.34804075196399,69.29714855689176,58.11883935928792,67.66948959215146,77.83241787217031,80.02221396541835,80.01322934891957,84.29922895689973,85.65452745475865,86.00474648183057,87.46881244698598,84.19016226308841,76.30475442942299,75.7439964582342
2024-09-06,75.96682944466619,74.6880065007666,70.32223106355194,68.0245026151021,68.72532398509014,69.30158366382528,67.40528585694844,60.20319189908754,78.86607459446279,79.14630907450703,73.13826447276803,69.8493751141547,55.752920716943,67.04490355696049,79.06285413001542,78.86218145180172,77.1549674522304,85.32980609019558,86.63990676247249,87.39812315165904,87.29121570247634,84.33189863659204,76.47013710896377,75.20814448467377
2024-09-07,77.71260841214668,76.48467201533033,73.43098055078337,67.49065943946465,67.40757960018102,70.80234379437962,68.31706364129842,62.96264142190735,79.75215793264076,70.55263711203258,68.53043165850441,64.92937745463233,52.10192883193612,66.42385791211518,79.50279246653265,82.4386119032573,81.33451315020157,84.60792116455436,87.18083321483668,87.97065468133202,87.43571071396799,85.1462009634313,77.99186705323613,73.73648494444092
2024-09-08,78.42156471555231,77.49926157520186,72.11910824630449,71.82812587701467,71.3647050469178,73.64556368951631,68.9264509739247,60.6889138525302,48.44074464298421,48.8731273673519,41.13611672047985,37.682477375690304,33.284811213033294,46.68277435237755,58.21943294331931,61.998085426611155,68.26213502985397,76.20296578112772,87.40680204446356,87.04451209580529,87.64395205879383,84.29560249568571,80.34836981746196,74.38828463477756
2024-09-09,71.87041423024166,67.84081462086256,63.45581845079938,63.827201624723166,63.00054867229394,63.48799149721626,55.69279290359607,53.48109950041932,71.10573911255608,75.83641049637582,71.84613596068364,67.3553285285724,58.357230268407356,67.21025034993616,74.78956248571455,75.8783749331306,76.68667933610661,76.46995102719336,76.91691489341152,76.338013759089,84.03016062947512,81.9139317171908,80.19601574486946,78.89547750424528
2024-09-10,82.96278070599791,79.59138687266395,75.72133285695675,71.29337365378579,71.22069284748336,72.3363172634054,68.21942676604698,64.00262415795241,83.21423718166065,76.68236936949705,74.00450723769745,73.20683404506688,57.01133262175696,74.19519617545254,84.35246412288666,84.63743503451559,84.0382651224654,85.57126567232821,86.7580757626498,86.99096485734366,86.66988696603929,86.21884242512833,83.58481626299076,76.95029539469002
2024-09-11,80.88816453066315,77.86925483480094,71.8683002893447,68.99168621534027,68.1968237842106,67.36260588661862,64.3945427009901,59.481384973410336,79.1507959187743,74.62418351980249,72.17460621224649,70.80543962792981,59.80559171838549,65.7636263963275,77.60936597198072,76.3054795566899,79.44269004422864,86.46480653261315,86.92371450693032,86.98984653789644,86.96259216503923,86.46950609844536,81.66459796921745,76.73509886065335
2024-09-12,79.22164808751657,78.93785873083051,69.41430532346968,66.97043041224629,67.1133714837283,70.76199530422252,68.38597709905112,64.25936260753087,81.97580880382904,81.03503047917675,73.87509029771256,73.3775253912369,61.16165708219244,68.74325866966892,80.74305898688091,82.68997500349832,82.07100197781197,87.22188383691922,88.6022799902759,88.8143580995791,88.59974296663455,88.5372492284361,84.8484567065154,80.88071616459752
2024-09-13,78.75044312269213,76.95944193627481,67.23333952660461,65.50204528691255,65.38926120526445,70.16198204273596,68.80242532805167,65.75935016344809,80.50623307248662,78.10648708128682,70.77875689248809,73.85354095663324,56.50057381606176,64.84347935680638,76.33380151504112,80.33350334255776,80.06807455251112,85.37111827038562,87.7332163080535,87.81852284982241,87.96569994535707,87.23254035211343,78.44742201500783,77.26310541762813
2024-09-14,80.40369748468407,76.5440351620553,68.35700900358214,68.26405421458851,69.85662804714315,72.09801192600013,68.24348757522347,62.69242917334006,71.21822605282884,67.71178182301175,60.88361917337528,55.6739442789165,43.167566470974066,55.23874553417462,67.45619315432866,69.56238481690458,73.54392276954356,83.0978786828366,88.1476484660518,88.47032377225736,88.40163168355086,88.66432587478221,79.39329899559874,78.52687891871899
2024-09-15,81.34110593979382,77.73384483398254,76.40319856800944,73.86301689693714,73.33184274526224,74.09686061078811,72.81705668788717,65.9906770518535,53.303254033364205,42.56530257091276,35.86234481538832,31.781323354764908,31.493967413697163,38.059641105389304,45.98972816107101,55.877678938963975,61.36691525593489,75.47896704559608,78.4650102936179,79.96071249896565,86.48774930571788,80.48723504764412,80.21210459906209,79.19893239586938
2024-09-16,81.85052877507113,82.45749712127933,72.51619673132073,70.90151741366496,70.22816421275547,71.74756053423835,72.4389643965153,67.15283652837088,82.79984515939879,79.07201969915616,69.0117951069984,74.26528320435912,60.09364690031932,75.4788526214992,82.53141935561133,84.91534520102864,84.94241452644069,86.1385984513339,85.88901769854687,88.7472641480807,88.631110732232,86.73926999963672,83.60343563392601,79.34744069119674
2024-09-17,78.16715260126881,73.31746761482951,67.38575343864872,64.14069848445628,65.42299840038486,72.2523721230134,68.98237979139869,65.02114095865134,82.19325800230428,75.3794073926249,70.12068839079127,75.02490802429145,60.40717743635794,66.16522972297622,76.3107633620065,77.21544882310185,78.88409955706271,87.48415623313805,87.84664673529701,88.29146222840373,88.08370214148196,85.70686476988386,77.9205972485257,76.60801007170775
2024-09-18,77.13451149506677,71.07864273110025,69.95338749784185,66.05389360792189,65.32923877094298,68.7145001134627,68.54047591002141,65.84112529364428,83.01131929882342,77.01857112051383,67.49199433039125,67.40629378771203,56.124360659449835,61.20601056253326,73.04177281686212,73.8551933217831,78.26532879153581,86.48197718277002,85.60031343797203,88.34123107219781,88.21157851072383,79.38523859744807,74.42960912550947,72.73169547286678
2024-09-19,74.76108365031148,66.36451720573366,62.513268985621885,63.09005649101874,63.13742359737638,70.14366696625186,68.66973386891769,61.93403289320062,68.88835901877275,71.33904829938649,62.71938859568766,60.27289775890382,47.618556857159284,60.19196511168822,75.41938768954198,75.09451680044478,74.75030034257207,82.2397629064733,76.58613009475259,80.55554587043589,80.73015206994502,71.38406299327688,67.27610227489703,66.89712577955223
2024-09-20,74.23658263612076,74.26398767499573,69.54801662016251,68.08144426583186,65.82935741913326,68.47173999928422,65.51850548274926,63.81597945343078,81.80227514703485,76.72540689551474,66.92753855305945,68.49516107828752,54.38063886685323,62.75321003345571,73.37926272566766,70.64407400908183,70.31899089233617,73.94384758944652,74.56288250790782,74.21712570220463,75.03293654373343,74.69672312508989,75.31293473255931,71.48586108053843
2024-09-21,76.7238016177687,72.95216451901118,72.93860601256024,70.51945577065443,70.08201234984172,73.81458083251822,72.84598878698277,61.761298047964914,69.05098114501365,50.33238304784955,47.09444585232949,50.365651735316774,47.99136956917163,56.867512491785824,65.2317725896564,67.30586556962257,64.9217438022578,78.66109976018976,79.00897118456142,80.25131844741779,79.3629043668023,75.05408163068715,72.90105338327244,70.7180642495448
2024-09-22,72.30073440566683,71.93091234273028,63.94156454570845,62.143040328244986,61.73931629268368,66.6134385630128,66.66023463664892,59.77632559114117,54.88599011159831,38.3321836889931,29.247494462396507,30.657326343779108,23.76258288361473,35.687438397832516,48.95704153986583,49.73361114907583,62.79763209497542,68.88846110739969,75.59411646671943,78.75234948813056,76.46702376465758,73.40321353736887,66.70469566112537,66.31909331844217
2024-09-23,70.86945905878737,68.1232667855579,64.14082691141952,60.41179245238922,60.08134611281886,62.99696101693884,68.04586896380124,64.95490639923555,75.94245119246884,77.74412639513396,65.08587649196274,63.15235161528609,54.0956756025915,61.33080331656909,72.89303375324984,75.56968392662573,73.11734799905936,82.44785213182315,82.28151571838468,83.24292862616772,81.35393671306927,78.68134725099674,75.61163990508098,74.96247398434673
2024-09-24,76.2358033888703,69.42467272974315,69.7878597123014,63.14755782074777,61.445386458117845,64.3118387173179,68.19136547531646,66.91278397493936,83.79348276930197,78.70771321980763,66.82892060235945,67.13807514270421,53.495498243929426,59.19606336655071,72.41562521885785,75.94606543289797,77.59096695897281,81.53592518651435,81.3646514957624,86.05808541797273,84.27913703875946,77.35413820820617,72.74565125845574,66.40731693154287
2024-09-25,78.1602288630487,68.54401549134586,63.31060161662731,61.284123544297174,63.45752614343018,71.85432723216175,75.36098723319073,66.32411592985905,81.40631047202218,72.57234347527415,58.119800163682676,57.79331081648533,48.57602326072863,59.126375475839346,72.57276020608118,79.22189148749108,79.9410959777276,86.93374155337901,87.01263983947676,87.21980527879941,87.23488929983085,79.17178246461005,67.83728256636567,62.60267393868899
2024-09-26,82.16184390709493,73.97751826943957,68.70411109777959,66.92351230175363,64.96983028106024,66.36928349146139,74.23437637467521,71.81672857462188,86.44287806768216,77.96367913988246,64.27629004752717,70.50824185143304,53.92831612849528,61.655056802319244,76.22602748171634,74.91222377690698,75.91832514169505,86.36426048623656,86.27692120670098,86.71170327074147,86.08900488855913,85.48562587655125,75.24939371978523,71.4851735150922
2024-09-27,74.7763969754053,73.75553911813257,69.75160950691894,64.251903889431,64.91763132394881,68.89004280611834,71.75981720790905,66.43223811154465,80.89582638930058,68.3862840640439,53.214373107520956,59.26771525736777,44.28279639331649,47.28240418162575,74.42390026441095,74.61144417758621,74.67471784492666,84.84088422018785,88.0997595620399,87.67905048277565,83.71322909380385,75.04134572275753,69.96817571718573,61.107031244120236
2024-09-28,77.34856455448566,73.51213227589761,71.93316538590527,66.76217454345365,65.67336941475929,70.86703488520716,74.49702149873373,69.68508734652586,70.01987951880733,58.04004934721077,57.284580855690386,59.36806715069549,39.61297518659139,46.96037488605398,69.6896007944579,68.21511073531447,74.32797291474955,87.47574532730997,86.92769405894066,88.20304664600711,86.97934565141152,81.14672137467201,77.20400581533113,75.26841692242164
2024-09-29,79.26232591227644,79.24646336116182,78.61809812370645,75.19655079109637,71.04602548638789,74.43158754269861,74.64078934153673,69.23232153803288,65.12778685732421,56.14838813144956,44.587295452985494,41.29936269668421,35.26593520105115,41.903240020468466,56.43540057482858,59.05727189875501,68.33191213588424,85.76660992468659,85.88431117074347,83.78010357798406,86.25844710053997,84.43027852754412,81.66043684262146,75.53311164171741
2024-09-30,81.97208050652031,78.32753947346431,73.36984719798443,65.62118429200214,61.01347419626569,69.78099227773946,74.2346504124828,74.66302177589728,72.68852057662542,59.9499373883729,52.24970485744332,50.9851219996032,33.840468371210754,47.53852966451371,59.35129233920298,66.00777945225629,71.39826664276713,85.07725174031215,85.48539600233556,85.16662488913764,85.52675664507863,85.46894075731043,76.7110777567751,72.94188227995733
2024-10-01,73.57181611225612,71.09907488363277,64.5364228739937,54.11214125870099,58.72456840236224,61.07455177055391,68.23663603377264,63.49669953214512,79.94893162413919,72.29184073241018,63.05964738485196,46.67712776613478,33.98212898834093,44.77676093423709,72.82976428934437,74.19360230626675,72.10595831241194,82.08693596968021,81.93418888967243,81.34646891461215,81.72320364557785,73.32872353980576,65.92556692138885,63.234417463296374
2024-10-02,73.7909415393571,69.88608192939479,67.74111563932325,66.99689196597058,64.5642863630454,66.52840006579328,73.29383835660549,73.09548208637487,86.0021447580862,75.79513369305045,64.01763555504141,68.96443072520884,48.930085596298525,60.76152816906212,73.70583965242002,74.5170218460924,73.13052463640176,85.62542431861162,85.34748716922942,85.92065795878835,85.83334094368315,82.01844559542718,72.15876277839695,70.42138431200289
2024-10-03,77.83822925156782,75.7272531024571,69.00459442583168,62.1745997684716,64.89341995542178,64.66227445698732,69.42250038285057,72.2314800584423,83.87599981774005,69.09530084095773,63.901748103690245,59.54097451790285,37.44028840962335,51.54892251884834,72.91845628759926,73.41391233881549,74.61624079871689,84.50072613208994,87.53782340007088,87.03229009523905,87.28394708151964,83.24184833118846,74.94335004512898,72.46602811229823
2024-10-04,77.61283741975042,74.99888046246964,73.39166285370744,68.47891932120298,67.81672541383932,72.09044859158695,73.75465023808898,72.9182060595055,78.8841470320588,72.88332736147686,70.19905823650211,67.86018437430711,41.05909756704981,51.79778275397336,71.84360064033196,71.58034619157671,74.28755919186433,87.6607648513453,87.78620587354301,87.77085400584751,87.130908122994,87.55855314271909,79.39578689025707,76.03260099967223
2024-10-05,76.60427747069494,76.44233557576221,71.96395260539911,70.97447147634186,68.71419538211784,71.25456737737201,75.23630692820119,74.09047769838672,74.88894393708075,64.58048020872769,49.10568430502628,46.723727269954026,28.65759915260822,46.89950335792468,67.41720744310618,66.77768545359686,74.9616007686179,86.12790409395976,86.34940814316917,82.93076073871381,84.78652284801443,85.74481568626084,84.16042012536658,75.62088480651711
2024-10-06,78.20316975958453,76.71619591834566,74.30103954576725,68.89438599429197,67.26489386626533,68.94424132984027,71.53326115586357,71.81074563789433,59.66576446351124,47.678873169826765,43.09188172557065,37.17755560138847,26.072993716083833,34.8010593628485,33.78154133053277,33.367214848032575,59.48180274753455,80.06606297437052,83.49887474266806,84.75275464340727,84.89324327564125,82.20099798158964,75.49197369656639,74.41746069612698
2024-10-07,74.97212919838003,73.4900760882465,67.92205963474508,66.41070977690349,62.48967192795242,63.31553338957724,74.8528552605745,63.91950415796996,78.15649456393187,70.90275724354801,61.83032916864127,55.718133160494844,41.45286008262658,53.482263232113155,69.27398658597038,71.68370060202328,69.05566668294462,86.60961121734131,87.40379250572428,87.81164117392555,87.34472842549692,80.8198734408527,66.39575619212846,64.62274311705721
2024-10-08,76.35418298403981,71.45356738027448,64.85808341704835,61.548300181636186,59.70819724319743,70.58741470880756,76.2601715501097,73.6388145592123,84.28602992752265,76.62438192037587,66.66682013459042,67.95073415561595,42.67552872361991,58.64426585307538,68.26037747117503,72.80113109590444,74.49721063939829,86.84345553108808,87.51999130795443,87.19786103555977,87.19143924427685,85.35212692114764,81.7443708281148,81.41826485676872
2024-10-09,78.05603163814263,75.66305408104294,72.45839196950959,68.61361103104608,67.64276979146494,68.7691564063287,73.81047686685042,73.83223790828471,81.11977316794122,65.50642088383039,63.36443330313863,60.426266404520874,37.55950052347092,55.555808103714114,70.14726634653454,74.49302572480342,77.41242336143948,88.35619469801665,87.98701770114559,87.95498678879002,86.98596028254028,87.00226988267407,84.58987115006691,77.0011984958461
2024-10-10,76.6864366074756,73.8935225095511,69.27530703981974,68.7748420216944,66.78751591996473,70.93220997959331,76.10811274390755,73.52719956709464,84.66215784795494,73.98656917312604,66.81276230919644,63.95533041142457,41.490348327716504,56.03842138086472,64.79910534497857,69.37501711336004,77.63183319704176,87.06907334847786,87.6715643148459,87.80280860389612,87.76573135238375,86.60434615586313,78.32854541990099,72.7030904718852
2024-10-11,79.28840716240387,72.58374490971686,67.05194417943842,64.59806827614234,63.81275070561624,69.37461972666922,74.5427640711386,72.63756990227154,84.17892600526947,63.898868200975976,60.31283274676391,59.5275149252345,28.805240432195646,43.71913194489955,69.83509478244126,73.95253909034908,80.66481759904185,87.75420449208214,88.01094078456902,87.83823345633584,87.79877946103625,85.77902614812766,80.87404504287522,71.48087131040259
2024-10-12,75.10457434607252,75.07775777351391,72.23882905721761,70.45026661264863,70.69644896143197,75.63026435543311,77.91994952793095,70.70909339953873,70.2891356134319,62.01423897988544,57.73739825436252,50.7809318134784,28.283873493053004,46.03050491196718,67.79440734240256,66.26893897214697,73.73479329656271,86.46385147480774,87.79906451046531,86.89786550984684,86.25737945198836,86.77962395704344,82.3990062584039,74.04280560780131
2024-10-13,80.74551355442132,74.17528512628668,71.44534403125058,68.36315983841526,64.15750635438495,66.86368206822638,80.50572069288295,64.38952684554027,68.2486750670626,47.20940623904378,41.90279047337677,32.07484061158773,24.8563132784186,33.83879575970002,43.588201961886135,49.14927452662998,65.71291459893011,82.99898366165043,86.01229080517753,85.31112879462958,82.2795491448659,75.79327780792727,67.01115104574168,66.94872824314412
2024-10-14,76.46572828980831,72.75421105454815,69.05772258059535,63.9149173171478,64.5746829423811,67.86642144266087,81.03227422274993,75.13132557914447,81.00513135424322,73.27784554402638,62.316262228894246,65.80909504378587,49.65169151233009,63.01953584614613,73.00965773018143,79.92354563314495,86.04018717168101,87.94613349320173,88.00917125789609,87.50772626797766,87.22881297934778,86.0678823332326,83.1999276791871,81.88548730166744
2024-10-15,81.02185807577156,73.86197973960445,70.03850165940892,65.04388698773005,64.2822937694407,67.13324869664707,75.07917588562476,73.13220139413501,85.4228257507213,79.74648545131164,74.86742145824526,70.44810839649766,32.02533244857607,57.059239897542035,71.39754212733001,76.16395651035317,85.10699261138284,87.34973709915194,87.58568773938156,86.75942941902235,86.111562276657,79.43165420227183,78.2603245933236,77.17805768790433
2024-10-16,77.06950257578255,71.30101089923116,64.84069188530961,61.070648895182565,59.6479591747033,64.64960143963827,69.22665515781446,72.90403176442602,81.35932500974053,76.49299871145428,69.32237290387872,67.24507678250346,36.210617662703385,56.61229420163403,64.10707610668885,62.13332891513677,76.02565778045685,84.72427484999801,85.33879876653583,83.053966325608,76.45620670169951,79.07837974113048,69.51167536725565,67.2003457124266
2024-10-17,68.8228732192194,65.51171147582845,62.95039470692444,58.02534230870054,57.668113694859,59.974029290535924,65.13116464945581,64.6156638758158,75.93256331627704,62.61861079167168,54.43831051201775,57.890240084641555,28.71935697541646,51.353124770701704,60.07984540164785,64.12315668131866,71.19282630712716,84.80946214950295,85.21497557532425,76.4624006055685,76.14522983047772,71.24191796967342,65.61154226254146,64.05364780734362
2024-10-18,61.38917465573686,59.00947996945802,54.59614636873762,49.778808801308145,54.9862714680179,51.359507326898104,60.769591562493495,61.63824334631602,85.27257839763769,73.42767691784054,61.691100592467365,53.60943129249083,27.829547466836587,35.93205310298847,50.933677303955555,56.99335647629554,73.82791696552287,83.73066158990792,86.6139537479817,83.25150211124084,76.47414267441617,71.09954063635861,68.67501371299355,67.22005187927279
2024-10-19,73.53708754612524,68.00296331978808,63.97089062757804,60.379100994143975,63.02796095768779,68.63239905302603,73.97386976649388,69.36175331063463,85.90975115500933,78.1620912484048,67.22623624513312,56.484101577454084,23.313479845627267,44.60461517947165,56.63569135845376,60.45254319690476,73.24833124998639,86.09057344883067,86.35380073368015,85.11548534687483,83.1860416372927,75.32135436407373,68.46023482549742,62.98071622419659
2024-10-20,72.94375065170082,70.32053647500136,65.27130856813153,52.635145850829275,60.3234809324482,61.219792630162175,64.0365261215781,51.97565319876524,48.69366353025828,31.538316900868484,30.793295614084876,28.362863632366818,25.40773231941119,30.190455201472297,40.75268302554366,46.870989047487,71.52764442658213,77.65197601660347,81.70559155273844,77.73382627809926,76.96666243138866,76.13761291667176,68.81988020181046,63.97392155796614
2024-10-21,65.07597912015096,59.164903976991425,48.15203353909837,44.37695088940042,45.96491197836266,54.53137214864389,63.26033373970091,67.74072175676727,75.9665174868864,74.49614950368039,67.73089588126876,59.020664182784046,44.54677696293586,48.20541726910534,52.28643679110007,59.57950049605214,76.32442144125883,82.21651920084112,84.29275035657689,82.5147369946597,79.88036540804595,69.33212360011419,63.87699328541978,55.00361123560753
2024-10-22,65.09430441557059,58.86477215151151,48.79142000304967,49.56906617935659,48.08592717933217,51.230112108603144,53.25559202973079,50.600284555912175,73.39165840303141,55.42416760293606,44.20456348857554,44.244836400538716,28.10713034947605,43.46286450376204,48.441305734760796,53.811319291440526,72.14223745280876,84.70584655169027,84.55118329988215,77.2154347807649,71.83382728590081,71.27836018521286,64.63789386410427,61.79449953350395
2024-10-23,71.0121906570402,69.24618785071279,65.05684928991053,60.058555447202615,57.176836307800855,55.24272961771398,68.76168381668111,72.89120050008205,81.953439517731,76.85532417052393,65.97774978032349,65.96262446079041,34.36445621185024,42.919408571261464,59.269182317322816,65.02804216027972,74.95010116080803,85.50285534123081,87.24360671697465,83.02747803005362,81.95799453757358,73.75387000867498,65.89511129969797,63.5318987251282
2024-10-24,69.44637375374322,68.6167819797783,57.2757763435919,50.99476288302402,51.20534154244023,63.58074261926311,66.401650391372,60.389737674603715,84.27936663214545,63.59868348009766,49.12138875582757,53.77667702420353,30.106644317623854,36.33656657066869,51.316341277495134,57.54267359301419,67.35933132116308,86.6072157665623,86.94421279418485,86.40590483472558,84.94552502125096,80.50619992009733,64.9258900309711,64.89919829361455
2024-10-25,73.27927287450375,66.55494204980323,58.38134604935257,52.952336295434826,58.786781899978195,55.957531823686594,68.58019060033051,68.16322648300809,84.794899242201,71.4296789607249,61.14437418240257,48.859876468075925,25.925732633015603,33.80748015651126,55.30076673495387,63.998732866917116,70.76688075315296,84.49109066929313,85.1927562232348,82.9158637878007,81.74329367464615,75.90623024135428,71.74541449080968,68.27391943454607
2024-10-26,70.20263998993839,66.32337710711674,59.145437694855616,48.70511644688518,50.41150323269353,63.86260016924968,69.77519817441265,68.6917566119552,68.56050365692153,63.08707563273867,48.519160867128214,44.07667378792342,36.49875380181035,42.6850955802658,48.79609400579628,55.5307701174828,66.71582967176772,82.76334771971716,84.03659434836067,83.99057649845768,84.07365900691954,77.97055713106448,66.74701071346546,63.30149804102139
2024-10-27,75.66678132796503,76.13491783500793,68.24527340826083,65.21751423329624,64.6955008439266,69.5449149261656,70.92826957303177,64.17754043747533,60.46863937101309,44.22812368517853,31.20063608414222,26.663256564688705,16.53118099636379,27.21594406403643,31.881951480329484,46.84861231848893,71.4081077190708,85.94701222426085,85.93469645056022,83.948624938398,85.91398220577075,82.82727820431282,69.69238011726722,66.5456140371768
2024-10-28,77.0877365184962,74.07371261578464,68.2427634305242,67.11296135913292,67.24370029233695,64.63834613642976,70.47803509662926,71.88120107421936,80.3540627095686,71.80931952853766,51.822759840608505,61.32037236531926,36.823807734344115,51.125769168665336,66.79302936252832,72.03999035174735,83.76800870581472,85.63428177656995,87.4736612924337,86.65792450241848,86.50174464318728,85.51030025740758,78.32392567069043,73.34460509789876
2024-10-29,74.88706471804753,74.0156854731601,71.60222169513644,67.06450976689405,65.60809135462844,68.41120884704675,72.11566852363303,74.08329224198803,86.31465190129704,81.24981626962337,69.56129558514444,68.7018455046481,36.21347785711188,48.948130415390985,59.99396335274441,68.73378426310737,74.90638909675127,86.25505535603948,85.58154921087926,85.56859245970051,85.2695956399859,83.4920591773663,70.29461305848584,68.20548042129347
2024-10-30,69.77136793438025,64.5204579971012,57.71332393054714,51.83671269665136,50.88486340746023,59.528011582704565,64.32538765684436,61.283601518445494,74.8256284674503,60.11433084953275,54.43101238472753,58.26708438170012,26.85574980942691,42.40097191621015,53.114122022112994,59.5985446297959,67.15015257774978,83.85397579273615,84.59939159637109,83.46830041410506,79.4649050321341,70.9519554965754,65.51778747378373,59.18085418885362
2024-10-31,72.10252362028177,67.27920947183613,55.67072054564157,50.778865772044185,53.409800311289615,57.52073679234767,71.4352194002858,71.03858113820908,82.69386843715567,74.26568269681181,61.7149193841072,56.95419348147746,32.53420081328119,42.77304024640538,56.19482000454552,64.78459178069666,74.55372973852141,84.93215251974783,86.50073341355694,84.7798211811363,79.74422409347733,72.65744554674421,65.03777888066564,61.461830924965724
2024-11-01,75.62372117942037,72.34193193526583,61.424142272802534,58.097545429134264,54.42303760801313,63.54279271710904,71.41824785553746,76.25640414526076,86.58356969847205,78.25278231348928,59.8702565784405,64.00361398533809,36.30705290416121,41.6939598179433,70.01409444049051,76.19260484370352,79.15206612134536,88.0957072518639,88.2461614890816,88.44418693601156,86.75793691435572,85.59093895629788,75.97939737908307,71.21212292676304
2024-11-02,78.4444386788986,75.05345618882723,68.38012477098309,64.61403578570857,65.05646027388225,70.14011206159378,75.33005313930724,76.61331562120488,85.3110010035561,77.8865350568133,64.16238822061409,56.97422457401036,34.603649679348116,40.71238367413629,66.260042988543,75.01611631841662,83.13660019116978,87.82919280180657,88.12233096206779,88.0287798553603,85.51514365170618,86.7268876440098,76.98590402875259,74.13779869172893
2024-11-03,78.96748519468282,73.64608080892503,70.86356978916409,67.7113320021389,64.43745017232455,66.98905108606098,75.06863328278885,68.87895417815734,62.72623614125418,35.66173070762337,24.584798995852765,26.889141381528937,28.654936009096115,33.08750367716181,41.25470706387228,48.63389695924592,64.97713200777142,85.02616286478924,84.80709760167257,84.84838485781027,83.70776285019623,82.5731612701692,76.83360834827263,64.78899046046097
2024-11-04,69.10795661101903,55.84433512059479,51.16231338607787,47.517803910787684,49.73021561384082,54.38701172225136,66.05174052383535,70.79004364944981,79.48293992834249,72.33605669553711,63.96858566098602,64.52894623269967,45.916473573203575,55.05296785384523,57.923798951654014,68.11083324320477,78.18866120304817,86.77825021861176,86.36539593699699,85.15668438001984,83.21877476822979,76.49524677615645,68.20567937131442,65.39966101695062
2024-11-05,76.63778579476597,69.1001935199834,56.11333356481453,50.74302136365322,51.207445304472465,52.50347274508282,62.186421209170916,67.81327333757244,72.91995878222498,70.17722635048257,55.60407206606309,49.73243690548559,39.557274534615715,45.63501655995265,58.72550200340146,67.04583638081736,72.79698289985086,84.15029206579848,85.44886350042597,84.79534426928866,81.83369884250048,78.75611137576237,64.20944548177597,61.71539129567833
2024-11-06,70.03186254051207,66.87652970243305,58.19100347615749,51.94359101029947,51.430431178364344,56.23522725741582,69.70596639416048,78.39601618229499,86.31588867400147,81.2616572994289,66.65777137768883,64.98365725199295,38.52465238815688,53.52217428054226,60.13652103642793,74.70565831824968,78.09251616445283,87.76818759077557,86.9560645463961,85.6295620052682,85.87206157493411,83.66187695512181,62.736305670782045,59.86018406789666
2024-11-07,71.95075208631266,68.97552242650433,59.593746442890584,57.057006080251966,57.926980410955565,59.336471483739345,71.00229764830561,76.34718499746292,87.84385477929764,78.73804402515154,62.44277837739377,64.27334589452228,42.46564652124108,50.145752972813106,63.77838701166881,74.02466976527009,80.70613699292778,86.86386087924863,86.34951805296896,86.06529411220578,84.88880264697188,76.30764820612595,69.60126803332639,65.06592476187588
2024-11-08,71.60521875228925,66.88429694661197,58.72196259587851,57.71624618049971,59.60127219680312,63.144808673812314,74.03878765465667,78.40268137407402,86.77850905322076,84.56032337813502,64.68186448751602,64.20415489774652,41.292690036224364,45.25926329221431,67.20159797449861,76.46144310994966,81.19832366589112,87.37815034207271,86.78951176979498,85.92637803347579,84.41216559554073,76.59142022586015,72.04288284468839,68.32441641739477
2024-11-09,74.76202522359822,66.30638984244612,65.21747727204189,65.0157531117533,60.892808862413204,58.11796788536043,72.34841139234715,73.29876081859273,82.99875184647624,69.30737419812976,60.00230545097003,51.13519748054067,30.605420545570702,47.4291576831598,59.42851026354034,70.21766475562117,74.90079909453972,87.23962894390404,86.26849515737064,82.1648128283801,78.14115917372388,69.79762327025733,65.21455377979235,67.85093042490473
2024-11-10,70.1159723550234,62.28532426910642,48.22900710789097,47.06489474426427,51.44968342950761,51.10239994245947,58.24802107481456,55.337181120772975,55.95061256525336,41.467422531037144,33.43950799649244,30.2257453395272,23.471600263965577,31.567252598251443,38.68272827092933,52.68128184461734,75.2631175168217,87.41470794798525,87.31282843469194,86.66172639390454,84.49907742388322,83.47125417714904,71.3835539181843,63.93534108957749
2024-11-11,70.39299891376874,66.5666834577241,65.04215584927785,60.72905229416304,62.46038741005557,63.55167413346475,66.1474944116463,79.4844041477433,84.05317228790683,81.13830556551989,68.66784219644374,62.60418339173645,52.08193039373877,56.70929685034191,70.26791997433182,80.20987285870602,83.52691462797361,87.07349378645856,87.54902871304242,86.98551595280408,85.35090653428651,82.98740464832959,72.65819647172745,69.99037264193822
2024-11-12,78.08514227523135,74.76605333331061,65.6510299465024,61.856182551428844,64.6476482297111,66.90496576030554,71.1497745271919,72.67095948034796,88.27511038253463,80.23265536024334,77.26403951418021,76.16313550032724,62.864562869771184,74.44862127291903,77.298427261218,78.18113718814585,80.13495075259023,87.83735012727884,87.65272399383375,87.27684088604056,87.39663425959888,86.57393090417376,77.51139003140727,73.04471579135932
2024-11-13,74.08857729219488,68.36156064654948,64.10311150223058,60.77748168618765,60.66413132696321,65.34924098441421,76.23364697509957,82.91030586282776,86.81218885456448,84.9494288965006,71.58794905177128,70.43939972754725,51.823975713908716,61.709077993188366,70.31147114171957,79.43808149776693,85.28616889742376,88.03808144407411,87.7022609222417,87.63664265047876,87.55341173662691,87.62126129727872,76.67580611309629,69.76046177602569
2024-11-14,74.66315590162017,70.26724294840525,65.94540224093556,65.68228922222818,62.92954796933785,66.42915424477967,72.40577894724709,78.63778782990107,87.66633266971992,87.0141318535557,74.58788379453136,72.24501098091905,57.4365880513005,65.67644675447242,77.33903637409998,84.4109072413624,87.51034474767424,87.15369491319792,86.5145124754836,86.29359250021929,86.34622418109996,86.659566664691,76.70233657113059,71.25003099030016
2024-11-15,74.01173496704652,69.55102582137452,68.40171617351434,65.95236891420637,63.560165729408794,68.13210373025365,71.4410549815233,75.85934203100803,87.4451670630367,86.27933556351262,79.27729157395986,77.41765188969285,62.19844708934243,71.18326143362567,79.46080587674092,81.19346544809865,86.5258472112789,87.30986249071051,87.58499366630456,87.39710199691588,85.9796590104306,84.95722357512578,71.15114892690453,63.54501635210296
2024-11-16,68.48225103880613,67.62975793057088,60.771267538484025,53.78423051145492,54.97117000390753,55.32728077172142,64.12468506585928,65.17393368246628,77.87878177040675,68.38395430234422,60.96610108904502,58.364196206629195,46.39050837776275,51.517786820630654,60.73090752906893,67.4926638357475,79.24258635919418,81.64851445748039,80.75130365870211,76.99960668295687,76.58597336170736,73.17647914872306,63.42673180175122,64.41588647835921
2024-11-17,63.71192024380711,56.741303993994784,56.385688899571456,54.97249772698456,56.89490099776059,56.27050543034407,60.38106689896044,58.80589306989084,58.15389381656148,61.245607534882325,59.657354877798994,49.35054340329836,45.09460460332431,59.09486940560852,65.9360821881196,61.20821584506108,71.97719389899203,79.12695999284125,83.72148407673032,79.92245714693303,77.80376170524593,78.97656478896612,71.37228426581244,69.64095462385377
2024-11-18,72.70641999106134,72.76588929966464,62.91823163002099,61.989778195059124,62.01450632262779,68.69547438771309,70.16309050110587,70.02308850093002,84.09187616515842,84.10960107631618,78.54196213114692,77.11874845595958,66.3369743887993,80.39316812286158,86.58668486815458,86.31001917500426,82.31617951555924,87.23918457795156,87.83156062634487,87.07431434040232,86.71944075597658,80.74825910082289,76.79117376316252,75.38794070256387
2024-11-19,74.35793354852632,72.33780413074203,70.04269546538237,69.20462453952145,66.50657359054973,66.17170062312893,76.43769474002966,80.15812838216773,87.13470169538898,87.92105853801093,84.3528366795376,83.19160918391572,77.24283746733846,81.32283968954386,82.29260582534963,87.58763002589333,86.50317524714698,87.12144073559351,86.75399527460652,87.16166303065361,87.30322018862125,85.52245964762906,83.9277520876993,78.64073708644328
2024-11-20,78.58271895680129,74.12785609880042,67.68068767378175,63.72630027729696,64.96389549516802,65.72209521902003,70.64665620317662,76.30183576433078,83.93676502815416,85.70942514739498,83.44712153936597,73.17143052995772,67.69276730773456,69.60036181499544,82.20960825698783,81.15689811821352,81.14127612000941,85.50682884322188,83.46577259022784,82.13755523866402,81.92322785047426,80.10737273354623,68.98347942080898,62.1046827662631
2024-11-21,60.84982928171127,54.956484621030995,53.90983854163873,51.811370152990946,52.94522760356799,53.51932737810715,58.83248500769625,64.7715994976617,76.23632974718096,79.40968922022996,72.00604346631248,69.53915911372289,55.07644426436882,59.827475395955844,74.96717784216376,79.141599925815,84.1807197567128,86.85240958028884,87.13581197073802,85.1919910254054,80.8014975311797,76.50061908359788,71.29875217936286,64.61684642907697
2024-11-22,71.5850745710578,70.34605608637683,65.63383952737345,62.30961870518929,62.063037491716734,64.19352334215814,72.73346548008341,73.18950478295415,86.79704356148986,86.90866921367748,78.20658971994467,72.46767035481601,58.62468904286269,62.127581859788975,70.68552247857393,80.47796818400714,83.53079110746879,87.33901783989882,86.98413974513586,85.06501310596069,80.3944484759061,77.62878302115837,62.16192932284177,57.27413452868118
2024-11-23,60.92565786775105,50.718309367336616,45.671372407598604,51.21253303264079,51.43839489004598,51.589884661118546,53.643065517346685,56.64794300952609,79.56746554595176,72.76027955728571,66.37604944137217,66.28126279510346,50.4329462346185,53.56666140857617,64.58458675180397,71.42029733441134,77.38980304476445,83.8958243126995,87.00934414896467,81.96935682513524,79.23729538279021,72.32825254797564,67.91689680614516,62.72202770380888
2024-11-24,57.92522730015684,56.25963110822894,49.76590623972031,50.48201970213839,50.203830430285635,52.33237613408687,58.45713708077765,59.08236504618355,52.05259415568485,64.00476208776894,68.90511624704135,57.50817343562595,54.21268553163337,72.30749140001593,74.64584213000326,72.03438877392857,70.91888392382633,83.63112950640361,83.69564944616549,78.65692493610439,72.74312201745337,72.72724464882016,62.814292956603545,61.45157215900899
2024-11-25,64.58085694978396,64.62481864719854,60.483815118757406,58.21834203347399,58.42950599056619,60.87860811314174,64.3224227311668,67.57055208112223,82.01323721412743,84.14769130306824,81.80252205168661,80.41232689722425,74.33375603089662,78.54243680687564,79.1069180129294,79.75892851253789,81.57756721897877,85.00631215907238,87.12578168509758,86.56264854862253,84.99751991821142,83.54323146779366,79.57044039905068,72.32471361046778
2024-11-26,77.53160517791379,71.47672232687438,66.04702341632735,66.42549229903406,65.0149370059016,68.41897989071553,76.18296381419712,79.32600011765062,85.93599921115842,85.72282897659684,82.78927628523786,76.20025178563442,64.5007454794088,69.50223470718178,81.77817350510178,83.84268838882949,84.16642458392178,87.71658220801493,87.60701699237109,87.70591828197898,87.57301661557877,87.6258108188778,77.57351425736763,72.67447347960008
2024-11-27,84.59842450916003,80.6549773663795,79.10853143333561,73.81524327085286,71.70745773882125,72.49608089241356,75.52321610683033,79.17539558860082,86.44056651563548,86.99370889169906,85.91121987509511,79.31699150393926,71.42997014189164,74.18972939619307,81.11769360690201,83.1001349013233,85.83347715278431,87.4987606971383,87.21895570583281,86.90196622269099,85.50570599422853,84.32173252925242,78.53411062672437,75.30337515579748
2024-11-28,81.68791498238004,73.12019898172288,65.45965818745641,65.53535392334472,66.21005987624108,67.72714282478536,67.24406386159204,78.76517531443892,87.65562682373157,87.90297229420379,81.00703274742341,77.9201160671004,70.2749958737091,77.60950212533312,80.39615432085978,85.20017563427055,85.24413454829622,87.56863800249985,87.2159207975825,87.42265350475253,87.34894269504703,87.49811317277955,83.64132641807625,81.00612356406917
2024-11-29,85.50293749277088,75.58581487827955,70.50905778122736,69.35778807293558,69.02809068005507,69.18174868094619,77.37759436413229,85.95687321418474,87.32437643459933,87.16871397480983,86.75835022384571,84.32723034844008,73.60430159428216,77.93091466215698,78.80084866399498,84.43863258456585,85.36937910742165,86.56557052305705,86.53794178709617,85.55421126918564,84.81634773539264,84.23437738798187,81.31574915695109,78.73139104920949
2024-11-30,81.69960169410723,77.60379282137741,73.39362222380598,70.6801226336832,70.36260505640035,70.15070299853586,74.92714692403048,75.02625307329608,81.65637796344542,83.80957686641243,77.8806702082696,73.88587453545722,66.0392551029834,67.07625484665856,78.62850268443792,81.77103982839816,83.80978719507321,87.3338975447592,86.57758738738704,82.6383648164295,81.14457958748892,80.2332063879105,70.13331547556025,65.7237487484237
2024-12-01,69.68615803779579,63.07748134492776,57.33293552238307,54.59961912760031,56.45806982839497,57.111632408569,60.284065263925804,59.297291883255085,59.88803153417026,61.13275736183473,63.64543575667122,58.70585142192076,49.37295981337248,58.1563969834813,60.484756998872655,62.927681510685346,66.06018219254132,83.90611988510712,87.32981629772917,86.83597366243771,84.3032685997791,81.93115291101599,73.64729694156958,68.27535765243891
2024-12-02,72.76088533802333,71.58061562023308,70.12024554448202,65.44833832502488,62.55552147153328,64.35410059317203,68.88163380476026,74.69189508279169,84.44535272075369,84.49399072124397,79.80128222178348,71.78337438236404,57.546235646657955,60.529707995360326,74.37405336858593,81.0985935162723,84.3954624101326,87.31199115120913,86.91060248449655,86.60548113444584,87.04353046382961,85.39752170255905,73.11617054525763,67.25858427978164
2024-12-03,71.76926716557807,69.52773143699355,64.79762547434444,63.147093224500104,65.67219995670607,67.96472266332181,72.15897838728425,75.123179512749,84.6732195140765,83.50924469277736,76.87461608333874,75.71803003912228,74.74077251800634,77.20300689089837,76.5459321298629,81.19213297334055,84.67664776758615,86.67432427998433,86.67589722575181,86.57620790300417,86.45443463142831,86.15997749285997,77.48828013951002,76.07275800050428
2024-12-04,74.17032008308298,71.32283379310901,64.6465014522189,63.22070198543707,63.87141462318621,66.42589379842396,72.98101453439284,80.52240059090002,85.75745143941597,86.9092509864981,83.84551783733592,85.49500850775615,69.32069007975404,77.12011691643704,83.84331344106234,87.14876776961574,87.37320166729873,86.8507924309011,86.79902394568217,85.97382886135388,85.95699762904762,83.16994558300715,73.9179073038655,71.5073089453141
2024-12-05,72.78654041533534,69.29717189701543,62.736457732514985,63.93316640332835,64.6600791991299,66.87330690698319,78.1978728242852,79.18189731764308,86.44536499803178,87.0555425549415,85.25863470046498,85.21504213534666,75.47443468600193,81.86116430125963,81.7763388025154,86.66651311480746,85.82975614521366,86.8080411914135,86.06262973265706,86.12690271799785,85.63439206054126,86.30085658135482,74.56766242649007,74.0287640637119
2024-12-06,72.785912179166,71.06427761085975,67.49650953918974,64.04970826309412,66.68700336538343,71.14885606419766,74.48311382620004,78.04608790177794,85.10518401009098,85.88157170328358,85.7253968009467,85.1067378809565,73.80152219438327,77.21392402140604,86.10236869621606,85.824541293894,86.41205284274282,86.16471854367215,86.37212305514346,86.46982978832656,86.50756160666617,83.7875091812918,76.39915627093065,73.9072322018783
2024-12-07,71.61803541411076,68.00961348740836,62.70934508633953,59.52390037944702,59.31388727229943,61.18893367452795,69.69793344522937,74.40752940297536,84.59554299475096,85.56523855952682,77.24639022088972,71.08863647146312,54.41832187096891,60.12544986619337,63.01874492849835,74.8008380670992,84.05849346670631,84.22730396233861,84.87566066516855,82.48146777926456,80.35192382117218,77.21420413917788,67.3050928201895,61.69607835178751
2024-12-08,60.31790240219908,53.28231119836519,49.185647733267764,47.07527936465692,45.606014971089344,46.74336687761191,63.852104401687384,66.52617118291192,60.383755439856095,64.79914641849443,61.819739823905735,61.65809624163485,50.791637998804035,53.803752262886995,58.84479957293805,62.870102612512646,73.45113144509405,84.30042258972755,84.43477372290076,81.12412200050302,80.17654507510404,73.66802329472767,62.64505839438744,54.78353171922481
2024-12-09,53.157147039056575,43.875762758647156,37.7490943888484,38.44365598715989,41.19818711766409,40.32023306824781,43.28752607351431,48.09346375991983,70.19280338767852,70.67404335735812,62.48481844215561,69.38198718570744,54.47928735328058,54.44347044531809,66.00874935709035,77.43235645269982,77.74059708209798,84.41657686981738,84.31912901548776,83.71145196514135,78.32883631382269,79.25267728305084,69.17458715085124,63.2547910838548
2024-12-10,62.755811202551534,54.853518519603426,51.92542769193445,39.65789745118195,41.37364242429445,39.72718370729062,45.978490910635486,54.754227942378385,79.56732240660304,80.26621896812911,67.43067028082415,66.94486339054411,52.744810934410495,61.79196374830438,68.67620826835454,78.97592796451508,83.70933018781835,86.6141800891967,85.15724932604621,82.70553296496513,82.69974481149899,76.05473763513174,68.37268969713742,67.41197044619759
2024-12-11,71.13122663066083,68.81315229668131,59.158113132475485,58.686132390792956,56.91428976282128,58.94319610178975,69.9542670545063,75.94757020445066,86.19881258241222,85.98725072459425,82.39889362116133,79.04306284323714,77.33123819437796,78.03288776221537,80.66147515412416,82.12608348376216,84.8512707603233,86.70278420555961,85.93930031965662,81.41095803728562,84.25582756435604,80.52049588832105,74.72923616088198,73.28172074340722
2024-12-12,77.52931699140481,70.22117589349477,64.96409772178815,64.84549138737125,64.2284245752208,68.86179508901026,71.84001167058972,74.49718456980696,85.61985910340725,85.75167431867752,86.06919568753165,83.02815317419645,69.81069139260788,75.65357161625647,84.07972614564706,85.60708772807077,85.6122734512014,86.44564349670365,86.31275884538356,85.86995193803959,85.70216751424125,83.88323176006132,73.17896494098855,70.7590134804085
2024-12-13,72.92032619210761,66.30636054859943,59.351779731102205,58.30253984612914,58.34643419440288,62.78920025150163,70.53871966490108,75.56739248203722,86.13182001001748,85.96629084794887,85.67021344321061,83.42125212352467,64.84399641956692,68.90317506466612,79.794985169953,83.21035299279086,82.28731373719951,84.68094308600404,82.91059740098184,81.41426057158526,80.32165020728756,76.3326053976448,67.32180438447,62.99814898933457
2024-12-14,69.97102907385664,61.328311622187314,58.26138262833573,58.242732202892,58.01557457642562,59.85279144786648,68.44362324550815,71.11160065286788,84.33301563085251,84.28855306105366,78.72319602234185,77.87283707718781,59.07518523821709,60.25487666784961,71.2795665841572,80.2835205442279,83.36375830022591,83.81779089170871,81.37498280205062,77.43188792476367,76.67370062765598,76.56540582045716,70.57431054061355,64.32218735756102
2024-12-15,68.93121968770916,63.46320616131421,60.9982211353062,57.891918279385486,57.63383937313338,60.94126183696947,62.24714910366694,66.31148794431454,60.895101371706225,55.8341059817965,61.170753970412136,56.581607910142075,46.70630411800764,54.8796359311987,57.87027727075111,63.03517679209951,71.38228639925977,83.40507915673884,82.31797271445438,82.951185207213,83.1255167280997,80.52949152760655,65.9842149246947,63.53255652670003
2024-12-16,66.93436269205266,66.25506349253183,64.3167844662295,56.69957602415979,55.12210691298185,58.632069780107614,65.66660321855737,67.43436005564497,80.89634891202984,83.21412054595163,68.71139382918916,59.722306884722684,50.226075177699784,56.264438488760966,71.30429424402618,80.62161055155447,83.92093865808108,85.59081276392794,85.37383596687927,84.92259785467171,83.88812328563759,78.04532134655203,71.93998811214301,71.76633227315263
2024-12-17,76.05496334664434,71.89926486296108,64.764143216371,63.1176876103979,62.75205607889561,66.01675957195857,71.66754019646834,76.52593160517962,86.7190740221304,86.90276198225229,80.14298641320968,80.37502223671228,75.9921619577026,78.43963840544109,81.13097138140232,83.06921100665033,86.16382610025973,86.67128048904435,85.91556959021231,85.82371280631426,84.31562167760853,79.7364705869347,72.33360674783881,71.35878795481361
2024-12-18,79.36709079184926,69.85301817239205,63.6641349423009,61.51379549561889,62.864599667958615,67.3649272668335,75.69882273089272,76.16843992650229,85.97663092278238,85.71162026238878,81.9908250726675,78.12802329469895,66.05233869648903,72.72791999277375,81.25467473441672,85.72771851314718,86.27666152302659,86.2461569833029,85.9331831803559,85.55146323225141,85.66049712875108,84.99177886133579,76.71048343999045,74.12371092131185
2024-12-19,77.82369672823556,70.83591920752797,65.12094114794643,63.121930728283274,63.17606136283019,66.35737540569316,76.81585031425911,82.95061778458124,85.82852068499574,85.4082666207743,81.18317307516938,73.64150855981809,62.999628922866016,67.44669083266909,78.0115018892412,85.29843742061993,85.81142605356234,85.75908672730873,85.60119970786094,85.27982916262899,85.21467207724818,85.41268919090192,75.67228945501485,73.87777186233944
2024-12-20,74.095369900211,68.9804740459294,62.51579519023641,61.9239823843143,61.527380154266844,61.944682563310614,70.90385587108186,78.33854652805157,85.76629680024317,85.64989983267678,84.42448061061677,72.41624832616023,58.17492157574951,60.67567129719777,66.82207347769805,76.42553592551602,84.10189547031831,85.238247843536,85.21597513399774,84.83727535524376,83.85742088044674,80.78718400985525,66.07703067065201,62.385266934730836
2024-12-21,67.31253877360801,64.03653447653348,57.43577364452059,52.30033191631525,59.83310968767576,61.61977764253813,67.79999109573892,66.29983676600185,82.94746883111253,80.08902779220546,67.97590913470422,60.068818342264834,48.26105831565944,54.69547232826435,67.94260953386187,80.78340749747996,75.13696267625456,86.0767931964933,85.65492124076293,82.34085176642397,82.68940721054182,79.81438690383538,69.02472719483617,62.62055465384668
2024-12-22,69.13474312764261,66.77669924507393,66.87830301267948,59.78696882010531,59.44579748884451,60.635295666096845,61.45491345655798,68.56359042248792,65.23597138276705,64.44478165191703,58.55447959539227,61.485331639579854,48.50555742615049,60.58120186499362,70.68599681273928,72.42638841577505,78.31543430685704,86.37781369917654,85.81943730538332,85.0045488205187,84.95482621378031,78.7005581270107,66.95446371795221,64.6953467405642
2024-12-23,74.88357416140317,68.86369490239288,62.17514312049527,60.19277446493783,61.71297047704003,67.18396631492186,67.8598499745396,69.28588181202231,83.63929214210586,85.27998682610281,82.97140440281049,73.34129996081008,73.50705257612314,78.25582815963857,75.38797595943888,77.14941953538414,82.60431324758753,85.4334063063008,85.15842106128422,84.0613594764511,81.92117184548802,79.4315149701386,62.24290692248727,58.262927338679475
2024-12-24,67.38482642028792,55.483395431002705,56.84220008165008,51.67722169875067,47.23871564380217,53.697647486568194,57.279722480903914,65.20938080764259,83.3851210752042,83.15636575639165,81.3953069963112,66.63348139262044,59.534124655492235,64.09021087690851,70.80983391421807,83.92898495665575,84.6563836758282,85.31673044571363,81.24625159550557,79.95664892484494,80.6736844770025,77.86726342080583,68.90854377396396,66.24115231445285
2024-12-25,71.85414359526553,68.46048005881188,62.644517273291065,62.05493474782633,61.02461258533898,63.80548209141149,64.42814057954864,73.95555666865465,85.24653113383248,85.21507782444328,82.85594342648209,70.64687276284492,59.85786503911566,68.82454919884668,73.77356889255397,85.72080556260437,85.60870008178024,85.91848328315103,84.76477131418288,82.4181956191025,83.04008764408357,79.0164985405409,69.90267942533252,66.89289279747751
2024-12-26,69.46705451742424,67.54153123176022,61.98404845665695,59.660735969519976,60.46333620825256,61.38901810729827,63.95617682649721,70.60352769711226,85.65383558023372,85.76490318421963,80.37791764036871,71.91034875748814,55.488773000232676,62.77059375983207,72.29876122754186,79.04990882969473,82.94946151408504,83.56464393197034,77.20937560060514,75.5959429270586,76.89830658940204,74.2093377866239,59.610816324739176,55.8216777932599
2024-12-27,63.22625450857674,56.40251703872865,46.1457761740596,42.22868737048909,42.05121000114328,43.13865653478926,47.528799842175836,63.60831688981794,83.88785011665226,84.10744727719326,79.97575557170829,63.68494612889115,47.56671822825379,57.91820571053968,64.91020079907885,67.1284875963093,77.53936335419966,84.9810114746097,76.5850076814429,68.45812954755654,72.42720418915738,73.61088106854953,55.4957303486119,51.783208140445716
2024-12-28,69.84715732577881,55.8506662030037,48.02585294644714,47.85289939116826,47.54095806443152,49.84119946536693,56.15309813335081,60.09983480063841,77.93929947834027,81.11494047822644,68.16524283708766,62.493451156712425,54.89137609309772,57.98346751067117,73.53585269056022,76.1574699392255,79.19486655884836,84.84229986268107,76.90550149190969,74.44069559973683,72.22097817185899,71.04743420272135,60.76174901742785,54.67508979022792
2024-12-29,65.64339041223825,56.026944599405425,49.78035609111029,47.62642949259762,47.38257232913756,49.65234248719568,51.324536255363796,54.1033594659175,52.35194094051668,54.660205711098286,56.898010271161866,54.57161646197996,53.936482134244244,60.900067434143544,60.884469511703244,62.92012602608126,76.50225552710404,82.67094014265513,76.89657655312106,69.81918037951763,69.58139348263555,67.2518951408819,60.9829099659067,56.46339592235656
2024-12-30,67.2075070064952,58.60322138014845,47.026162306687645,44.98748183209071,45.062742834997024,49.13991013393718,61.81806489905814,69.11843428455002,75.91527802630652,77.4563529275375,76.20774292921345,73.35902956468689,68.71255287437083,72.629647043229,76.4924441456041,78.07945426458909,76.75451152642344,83.04043097426877,77.27779298870563,78.51884543259428,78.54471565332213,78.56594739932001,71.08417009563209,68.9839131636853
2024-12-31,70.4435742618267,65.73122842433285,60.79863033501401,59.54154805833725,60.24927438481087,63.69710986032316,67.1853932059762,69.99199568530196,80.04521939269662,84.71530210230013,78.87816814744912,73.51660430958617,70.0539039125069,74.55985861720977,81.36496363250893,85.5057110693992,85.48860207791485,85.39248250734167,85.57548319212555,80.76996264357557,80.15021012590486,73.64001093485632,67.9534024125511,64.7911171876872
2025-01-01,73.79093973273076,68.33145267978239,61.051667217278094,59.9962117227799,62.148710378904944,63.92782202086106,67.60885290914179,71.72246517362126,83.25144498574414,84.22063131853744,80.13174491122707,65.82047374065031,59.03377871592663,62.66351500884412,70.23095097194924,77.8168373619102,82.94709485386184,84.62289987562396,84.5415254893126,71.60071669912482,72.09609398956016,74.12403095618197,67.65656572027308,66.82213548662054
2025-01-02,73.53883373029707,69.72018063819898,62.488998783241556,64.7845103275509,65.23825967246401,66.59766690677937,77.9016826877668,74.30582883703873,77.7534641958328,79.85978552785463,80.75716074780583,67.2863536350177,61.19241848416486,65.0378642797067,71.26819394335601,81.17487708480493,84.91229987552242,85.3536791582196,80.21380645065462,78.7221197162241,78.87508466940866,78.12982895867516,66.6624786047594,64.41263389252465
2025-01-03,74.55311538832626,67.86231875028498,57.01025508399768,58.301326112508924,57.787770340932894,63.2866595427908,67.29342461263067,70.74099774676992,73.77561016440379,75.9534546244914,67.89030485738327,65.51446483326522,56.04315790053572,55.775453981044166,70.4828666568886,77.15690939444974,82.07259538801284,84.19172810906143,83.92271509923668,74.12750601196191,74.4690032913343,74.24188434321992,62.566851563834646,60.101769104533105
2025-01-04,69.8245495875737,68.27723278994637,61.686733816264656,56.04558468063064,56.88365550627536,60.814329088870075,65.24667079829993,67.46874593764345,76.45579552939331,79.73921740741083,70.52441629066644,67.9245069526053,56.82269976451893,60.25826587188436,70.14099451118229,72.06329865166225,77.84310419155035,85.88530185654311,83.569970498432,75.76476140545401,72.05961903260227,68.12931799232011,63.59105553962139,61.650894351415026
2025-01-05,74.44972861513617,70.9861919709611,61.843490763548324,53.04105934683759,57.39436381305847,61.221992221638715,65.21432914472142,69.92396593053586,69.82976272981654,70.2738767899083,67.91068307285252,65.04448542963604,63.10849736434459,67.58956610517032,73.83145674639215,74.57070470213499,81.9084686359664,83.95091506267102,84.63892111322701,83.1155029080434,76.44701759351955,77.20767043660953,66.78529286445962,67.45803955332656
2025-01-06,76.0416761500797,74.28506360122891,70.23909269928042,66.38541173017592,67.74686076827827,69.7572387452348,75.89439092247434,78.9135128228929,74.48476253372606,81.32418199666257,83.50296458295412,81.41863080862392,72.09213179114732,79.40671668039914,82.53255067542408,81.94522054543295,80.19366637293504,85.96711677130695,86.35672583595269,82.96107782604714,80.64626322177178,79.51366545287665,71.25858026199185,70.82119862541877
2025-01-07,75.78999501370559,67.87562573051426,62.63638746680348,61.85966940133065,60.93404693098176,62.61361517823025,65.74188306848845,69.93690906852412,84.15646025096083,84.40795083474819,82.91336276756637,69.58127672974382,59.51867511878255,62.21547498353527,71.25993264479507,72.14010877668383,83.87599566220547,85.23542317541033,85.07161330689358,82.32197991787858,76.70183981583412,76.02362976133435,67.53340080106656,62.23639305547576
2025-01-08,72.63716811731781,66.82893359996476,58.509028503143995,56.28488983218231,60.92562410450654,62.25966565816191,69.08177101335164,69.59397699114002,84.57016078666136,77.84768320029747,63.519187886973306,64.17527456128298,51.579883584888655,48.906781778369215,66.51431181065713,67.52978771822936,77.90865356455157,84.84831100035733,84.96669025995578,79.68626366470875,73.24254138773944,77.56600931415137,65.46719096360093,63.05257782791785
2025-01-09,72.39100798730628,67.94520643478151,63.22346899160521,60.89618110650372,61.263726542880086,62.03221804078966,69.46607804066258,74.8753314347948,85.62625003822463,85.80341220947301,73.17490455669476,71.84494315512028,56.81752391539093,62.87002212919123,71.85959434767152,72.8704711925534,80.35249071721064,85.53197757247263,85.74575730842494,85.03109122160886,79.05250870568123,80.10905501482833,71.11238475773152,70.0131180596981
2025-01-10,74.52665240798882,68.06198086067029,64.45573251510282,61.4122394915703,60.79251804784645,63.18731979113904,69.30912729298358,78.14547307353138,85.23313236100867,85.2956694407909,75.63017733512878,70.18325036820386,55.193123552736175,56.66025344636703,68.67994394536497,71.67562867774583,84.1908426595393,85.20322456259264,85.28709633923867,84.93810291495564,82.21144953502935,78.58721541408288,70.00573117792804,66.68048375875034
2025-01-11,71.77421581442928,65.87628353436826,62.433512717382385,61.596434901993675,61.79799607914778,63.290725145153544,69.05140496188807,69.4742393570142,84.87703488231834,84.60032021826639,74.0933346360082,67.63051652977319,60.90199249063893,58.56922675218012,66.32832647594485,70.230040967609,83.94651332598706,84.73269122289277,84.98318658132268,81.62382720540131,76.56989533958948,74.60991131082258,65.02822591046068,64.28375577162083
2025-01-12,70.45712125092184,68.26517020883968,62.76566611025379,62.29097867795352,61.349110748066494,62.766486060863194,69.74555451462487,67.11565392690106,61.93546335447639,61.36275745192459,67.76395869899957,65.11654392858337,59.62045195963259,54.29338979354193,61.380022093614386,67.60434373800717,74.4798524891921,84.91646338793763,82.6516454000693,80.91881609019626,78.85473344587584,75.38291499116845,65.87629239869133,60.34571015315712
2025-01-13,69.36656341182349,62.62253236217348,55.71914382848916,55.61255398592738,50.89320625192021,56.19807983985982,69.3166399558148,72.8450567015531,83.97989093053317,84.24396517640352,80.53013697367324,73.70392863506056,58.213226286955305,61.839356776692725,69.78134089714287,72.6194235923677,82.41448138540296,85.27751318960654,84.37372585076824,84.01060862923212,74.73271046002621,82.64350972772894,68.02396047662245,64.03666918317447
2025-01-14,70.64603138796737,68.08057437521366,60.26116501309864,55.66258133059245,57.47453899869023,60.101830440119855,70.19765931566067,67.13999216105088,82.91311051502663,83.1471328189239,74.49242626210741,70.50983160589419,61.233893939370745,62.69990591602701,68.47299963812884,76.0485459696726,81.68951327504894,85.33309506247677,83.37931793555462,79.91534224571966,73.81618041729277,74.37564684190107,63.54549639024967,63.13792989962834
2025-01-15,64.26543255259573,63.878816637736904,62.10477511849854,59.20216623017981,60.52969077274073,63.004014593840246,68.19731467964623,71.03299672490195,82.30416601712979,84.84180250679633,78.71420249181966,70.08265348361861,55.389831952068505,59.819464800485754,69.03688109931066,74.02632375605509,85.05342362158012,84.894030424051,83.58259247454528,80.50449303896275,77.13539485520155,78.61650945963753,68.13299719048106,66.82103212584566
2025-01-16,72.42315026697875,69.59258869810971,65.61959067035441,60.96963694822313,60.120022730506264,61.65382887447885,64.47237551978488,76.06348222741926,83.39314346637185,84.44275343563964,81.05273204248931,70.91516923356801,64.33389766593183,68.45785485367088,72.60925460493554,75.39778616191474,83.7936919006574,84.82317637399451,84.20177673691879,83.36914114050346,79.49670594438587,79.41810165512392,65.01361881924622,64.90060316618369
2025-01-17,69.46908297670797,67.69296395826048,62.34753576747892,57.72160158998042,60.87014569095596,61.810098942223114,66.2074214575142,74.48219857810273,83.26521838905393,84.21957758108418,80.745585806608,73.66139815226197,61.046424317357236,65.760060371167,78.22845507423823,81.74463666405957,85.06090664754215,85.12433917195668,83.03532236996614,79.05773511883692,73.86219042898954,76.21963737797341,70.03114797628565,67.517899500654
2025-01-18,72.35362003080104,69.26888406085715,64.04558992799402,62.24687631625165,61.77391009372808,64.35464470442375,69.42031341618102,75.92958584737391,84.95600026663551,84.86957685767362,78.65498873528661,74.11454714643168,62.33791915138443,63.29418453978997,71.31926544606338,75.24883713092716,81.96055702011968,85.16985429708696,85.02961579889418,84.75592004213486,81.38271458400337,82.73307812335099,69.44135256499159,66.98566535051629
2025-01-19,69.53839222829204,65.91480883062951,65.30336873653759,61.5140682213851,59.712088262354115,61.05033230765591,65.88509812884223,70.31231583217448,73.33792315370451,73.6457458589331,69.67346369597809,64.3725389232442,61.847418764153275,61.186703383132496,67.69746145466037,69.86884800016291,72.2480657272505,82.28438789700066,83.49440432555993,78.52203460361505,75.64491894969969,75.28646563007814,65.69084731600269,65.44441563908997
2025-01-20,71.84264275538959,67.60169459124735,60.18668658816543,52.896024437183726,53.72557673728567,55.65167469367575,64.63762679511912,65.79131462302055,76.85070222140618,75.3623081172062,69.73277037124109,65.24084954873982,49.50501716330651,52.75745071007068,65.49806439804892,70.61752336433781,78.85804607337265,82.99081013515394,83.47953162441546,83.26614584521431,77.1716677696179,78.23121150922876,67.1730103320796,63.839182871755746
2025-01-21,67.21159923494588,60.95938022521591,55.85606578849584,47.76004429421423,47.5044486559122,57.10697894336456,60.893833938362285,66.75214189858018,84.00475019004085,83.82965671864162,76.57035755812737,59.878906154892775,53.64506125016029,52.10677781456665,55.96532519676228,61.19280767746683,81.4323241800716,84.64596055499571,84.11491419936759,81.78834433967646,74.52191791587484,77.56740395779974,62.583658982866005,61.124897819117756
2025-01-22,70.34492344214904,66.71431284811638,62.40850370994012,59.34885002622618,58.67998459869579,60.39474236860612,68.61303870523757,72.65048815957046,83.98412498152054,84.66669550341382,79.40250988688882,74.7487303444505,57.8973336833854,65.74083762057907,77.69409416232146,76.19886931312904,83.78613029642368,84.26409257605559,84.86141285062041,84.09507736003115,76.26327542799498,76.57699971737433,71.84639807287265,67.11803483743213
2025-01-23,70.44116092224937,68.51577145528898,63.583060676098334,62.51339308058689,61.55348973678755,61.61562678870465,70.06824583750989,74.42738559931132,82.41587786563476,83.03786645885943,82.31168447856588,81.28284016659113,67.92777236791675,67.83251060437364,79.13616136743207,83.84396173220169,85.14485899849645,84.2663174357745,84.60413541633872,83.5272701130893,79.5546750465578,79.63082453002747,70.55009692607516,67.87845717148082
2025-01-24,73.88084972216201,68.33186454867437,64.62438154101766,61.54058140521569,57.91170205051885,63.787115809544275,72.19089117852818,76.50386069879507,84.58162427345519,83.77826714168893,82.93027672919652,78.95372523583372,59.5514437335556,60.3376204225194,69.67575442910753,73.16634974220477,82.48367935709315,83.27345250969172,83.87187656509295,83.80095792019824,79.67143846650771,81.64179034116744,70.78392667514171,66.19137307767522
2025-01-25,71.5464210543147,69.68519610276614,63.83807098073547,60.28845410695319,57.224322228256085,58.08625690561236,68.60236765290192,75.35036167855617,83.72066667405662,81.44962088276404,67.60586210480388,62.37829589713569,49.12197634860282,52.00307954572896,63.68165533769357,67.63876335140563,74.56060040198479,84.38324622850962,84.61045491801208,83.75045669925146,80.25140037889312,79.03453172081079,72.0601486117129,67.91268350287898
2025-01-26,69.00906846471823,66.60413001376179,64.9409367972534,63.02885119547368,61.091471513251484,64.01578783790598,68.22312990099073,71.98153404112733,72.82300166362938,71.17417879442583,68.6525554238966,66.08461476332134,56.22791436073115,57.88591136840062,68.93751208857809,75.04998559121836,80.40515844211478,83.52208236643385,84.75394682630956,84.87336769845517,84.70409713486586,82.93946253954704,71.19870914645192,68.72674372361854
2025-01-27,73.81258690282908,70.85602525395178,63.766448132581836,60.984041455456826,60.28552461407275,63.48264167273473,68.70140211354989,80.53842044872862,80.3884985050867,78.55217416644497,70.6803665494793,68.3395648684184,56.07323271425302,59.904203871752905,69.05100263536902,70.40863670476996,81.28627079208745,84.50621658219929,84.2862367833855,84.77785258108781,83.74996210536347,84.72899502328575,79.33490036000755,74.07667921976774
2025-01-28,80.34269933762471,78.40403217412903,72.0592021762063,69.29779799902965,64.74695855935418,65.30677457288985,73.19774912384581,82.74488024835536,85.30140939514202,85.0971589453808,78.68829895506695,73.27461892590624,55.92617685863354,57.21065712195867,69.6531882521133,75.53413496154465,83.08411480848565,84.37618306848763,84.710737769101,84.41776041099901,79.48215346781241,79.14676543304518,74.81794562441421,71.3467525061851
2025-01-29,68.60490711365193,67.65529663948632,60.926927242227734,63.34707691552202,61.095784876896495,61.87925198809784,67.56146604217913,70.2450425718523,82.78776117381683,83.46742912063942,76.56820005613844,62.61918361124621,48.36300181251004,55.28699334497325,67.02074254126006,75.2197946562279,81.83150293167972,83.8856394510169,84.2355345246153,83.77137948678907,81.70588468599927,78.1322722801784,70.39418171141087,66.65268849018524
2025-01-30,70.85989947214681,66.66261682559934,61.427027742283485,62.32909539959117,61.10783093769349,64.31443096094918,67.09147352907624,76.58994623781898,84.0854041854162,82.62788740629205,73.84545009625266,69.75480552207003,43.61981302683915,49.63886534041812,66.1852014374711,69.59977172137977,82.5470565861462,84.15500942961047,84.6435942666107,84.4143791719227,83.58229425901843,81.20697983026625,72.0199053748019,69.87104255820663
2025-01-31,76.65437307251266,74.77635126600933,69.37706802244861,65.87430182402358,66.52121290040415,69.0323400595291,73.5052969786649,80.11665451942298,84.86351545262093,85.15780033536467,79.05386063085946,67.93430253869813,50.5513996228605,56.79075122520046,64.92082705788742,71.37359156176346,83.49240105711017,84.85764411659461,84.29172821075399,84.67353304064036,84.80364353294483,84.6055383082728,82.59625574791377,80.02413877502345
2025-02-01,79.25986282706819,78.30456898668372,76.42802076333403,73.81629414652079,71.83006610507114,74.77553169580128,79.23577868498516,83.6048315891046,84.56471270250745,84.44323028896122,80.10653574111491,65.17273787847117,52.85379417919522,58.388085938349086,64.131008899898,73.8515706501491,81.1407565690717,83.98695442055002,84.1204237146557,84.21530344717529,84.11870516729567,83.65418487805243,80.28458655429206,78.56547412347281
2025-02-02,78.7971187529787,75.33653315337831,69.53559153061941,68.22590919324881,66.61024556417777,67.76212957355787,67.27136393494249,70.17756618471819,70.0773376006379,62.87237481525933,61.89879711128978,61.537212498081104,44.50181845430138,45.64808151844232,52.69321492015982,58.654443841678976,69.50936009924698,83.3974518652903,83.76714391551123,83.9033436690775,83.73007821922499,82.0866896973142,73.19845813369744,75.60995876514032
2025-02-03,74.08204809254123,73.16236708834035,68.87685035526694,70.26051684011793,65.12393272114686,68.72292600211664,74.08999617372356,78.73704432397086,81.3885001441852,77.4378312130066,74.72826123496232,75.54209825868288,49.54328502298637,50.532580979795796,60.38645996306794,63.374928750225166,78.45732257990593,82.3140954716698,84.3982011542063,84.29129938990484,83.42184902670523,82.08065236163054,75.56244802555119,71.15469037908244
2025-02-04,71.66002729170216,69.2727995854713,63.94955482106206,63.935303131527014,59.98308012041451,61.74900528072194,67.87948654802818,69.04283816092384,79.92872347809144,80.74997800409055,66.02058844145479,55.14385937515823,46.95049358415905,48.8185488192908,54.972076739498014,58.13013261727648,76.38314523517977,79.92793561013855,79.29006949658735,78.04705827627866,75.470803363918,73.41230003151338,62.50413097537011,57.195038398046414
2025-02-05,58.8772297855997,59.474008814838214,53.49352791845624,46.870837546096396,53.665903454717125,55.03822524249102,63.98432068398075,65.9050625874404,83.17019183280942,82.97447959447929,73.76217633241814,68.39598383170637,53.6807667106668,60.651765439923544,69.97874333680562,70.84934851782118,73.40036940494451,82.04126736980936,78.41584999325346,78.50352734820923,78.3910418687105,78.26588847739035,68.70361910187937,66.28785583100428
2025-02-06,70.17253076109853,65.51683440815106,63.89744229706064,62.58250995729476,61.65432685585489,64.47829006934411,65.79081183037594,70.8446333453791,77.71660375312706,82.22281888535048,77.33981354081136,70.28887067214995,59.70399254838411,64.66623169183552,71.63911621399828,70.82265475048503,77.03906911565932,75.88522044475633,76.25371384943882,72.50107682585849,72.9646353630745,72.54664609254812,69.91227329089573,69.06867283627643
2025-02-07,71.44860622751017,67.25775609377634,61.281229529254226,61.973055582768794,60.386145320002534,62.785703460334226,66.0350290252223,73.97308551765062,83.36366149430847,83.62550298754269,76.69561158079777,70.08859984809345,63.08447614075334,64.73126915822601,67.14863104195774,72.12779908524683,77.22831995435712,79.22329902717817,79.83773647532101,79.10597306904582,75.31934910728468,75.19849346859614,70.03502267285589,66.49662809470485
2025-02-08,72.15330659098122,68.18329248942644,68.54946697675987,66.6284538081126,60.91788875587412,65.46694635774062,67.62035911392518,69.2679430446077,82.23802185876386,81.96792337652782,75.81619691649952,70.34937140241323,60.66966697250657,63.58720456950509,68.34143394664042,72.87639413204815,72.65492156982316,78.66939276446942,79.85173775657788,75.26504446237885,73.98026967991649,73.8784505231703,63.14669672220916,62.05400885868871
2025-02-09,67.22315617916006,61.86164476348278,58.07936355786795,58.13372472094763,55.900484747716206,56.952172187443345,60.613105263499726,62.24657980493765,60.52656780188097,57.587222906588394,50.88878252263701,49.520815078388985,44.79081053254009,48.51463237776591,51.45077297560044,54.01633948608708,59.80277230930631,68.25739376288138,72.71992684733985,73.92675951803623,71.98005437868487,70.88981649650358,61.41124674994164,61.17007070238329
2025-02-10,69.5875308665731,68.49910867972304,59.2233113738513,57.824689378814185,55.33780329211593,57.4277874616402,65.13196579503243,72.17794258173876,82.03514186376287,79.89779309447881,75.42450232606802,71.47517110653285,62.23998544867405,65.35115204864539,71.25743309469073,71.66910240675719,77.6233890351853,84.70497624975953,83.85326385329145,82.66644122685292,77.19731635412373,74.81251745570384,64.11441679809712,63.364328051208105
2025-02-11,73.8134904266659,69.64893985162342,64.04590234389987,62.09792813819788,59.55355421026746,60.38456521327058,65.73668936505717,74.0951533440438,83.2244863676246,83.23095546860509,78.16059896074206,75.8217758854568,65.62464262927668,74.47724759108125,75.17737661106014,75.72091767026602,81.33975803856026,83.02790558686029,83.10018699077858,79.38983276425873,76.35050675146576,76.6137411809497,72.38496855393741,69.89416164807655
2025-02-12,74.42540458437689,72.13706677874414,62.123419005415464,58.67244959081825,58.51558565798007,61.31417593998812,71.12350141887308,76.47094191244018,80.83507848912336,82.5947839367304,79.74031172849418,76.2395823360783,69.56168664228132,72.65660458999749,78.097192314427,78.97647524198278,79.1235811144724,82.52498973473644,82.40071758537204,81.9996821412083,79.68528077906569,79.3809688199144,75.76819350484574,75.12741064419824
2025-02-13,72.03778604898733,69.42999241071405,63.481959383993264,60.938659830751874,60.42259066394817,61.20819740589934,67.94306286520342,73.23523447365329,80.39754584096056,82.20290171456253,78.59744609482594,73.36315593794349,60.736374845136375,65.02372569361535,73.57081031884887,72.64001716399473,79.06269364468258,83.17456124615,82.88001643380225,81.20890554298467,73.90339294770384,73.50356624338747,73.49190331503543,70.41155418886355
2025-02-14,71.05556117940368,67.69860691515363,62.69856457409965,60.950916978401004,60.99865661493858,65.14743090572544,73.0496722039169,74.9502553901541,81.3617913552183,82.67017815848095,80.11756869936602,75.41174835256028,67.05928366864158,69.02148012142958,69.59661643864365,73.13539390482605,77.58823673329643,81.68164104836823,81.43374465441661,81.77049098223338,77.67835605653387,75.56648744162246,72.16309513060699,69.74852501020997
2025-02-15,70.46645974879301,66.52474683201736,62.86851245316441,60.12760311428434,57.63703980370465,58.4573418742267,63.49649353872557,66.8565068126182,75.11265925916122,75.21792889102188,70.91806975899486,69.02636723713702,50.664940622274266,51.68515465144778,56.71406933203568,61.60696984141236,71.05928610183373,76.80476280143174,77.24086207604728,75.92828750305019,74.13264822014901,70.78185102466104,66.1685287338704,66.7829802960404
2025-02-16,73.03036317528814,67.81499177229706,62.41747157731235,60.124106905025776,58.983265388664286,60.276352902049446,72.01754544581668,72.98782218212834,71.14264304236548,58.44242025068301,54.751858319039385,58.47762293225838,47.76921749419703,45.10564772564487,52.8929182991532,56.20212689332727,67.91365918939813,78.40856043077021,81.49617505663375,81.12736858023254,79.89269055343503,78.40165532342445,70.81265627559281,70.14786923894158
2025-02-17,75.1129995462876,71.61998301393434,66.95535497132828,65.48961819972759,62.54980656999498,66.47822858682441,70.94093931977383,78.5994537784502,82.5013026411655,81.52389121754013,76.27246716065451,67.46485186093607,59.575217490866564,63.44147350396682,70.31758081010224,72.03488581539267,78.23989175523356,83.73411472428742,83.41467849131728,82.61479344962149,82.56899757705135,82.05111304175506,77.10598975940141,76.6993983825514
2025-02-18,70.39497227663222,69.79319132281307,64.53951573075352,61.52916006794377,61.26132970946723,63.24089074684269,70.73247501080549,78.51383721887107,82.88616946239416,82.90377288954197,77.42859620986236,70.41625662874522,62.004592258958574,62.8865105814977,64.72886095414518,68.39660778888954,81.01263899042277,82.82884258778527,82.41920900536273,80.6456888089993,79.13169240142258,79.6816541792319,69.70688635546838,69.2624282171307
2025-02-19,70.06562033068138,67.06445400211953,61.70404166439354,58.24110310706956,57.529812889038695,59.81715049081075,68.48301618880606,70.93972548528014,78.98393197289113,82.27497537151848,77.71179800971174,72.60659371184965,68.47810643498416,68.17195783868567,73.64724661066916,72.74306616970068,75.42827245791335,80.33607620688464,76.3942342957801,73.89526416250474,71.95352862245701,72.50284918731685,65.47051180903274,63.521429419872014
2025-02-20,67.60387099340251,66.66020445102528,60.41518588869673,57.36651190034107,56.837800018890796,58.353747924382446,65.05418977726312,65.97427575209547,78.52398279164014,81.6137825860262,78.27937609455212,75.21289978082993,64.17671852842383,64.88197017548787,70.31044986282568,71.19439297535979,74.83746277307606,80.7682081754936,79.32630512383174,75.8315328840071,74.2609765893146,73.46170173381019,64.9746509327953,61.67754922467575
2025-02-21,71.73396164390016,70.27391138296802,59.6093729476309,57.31001033108603,56.1871954648865,58.898411233915176,66.20741909672121,69.75475311684686,82.46003320211055,82.16148444394024,76.4605016708072,73.47234166290987,59.4755413149895,58.39786470923108,69.78411288726126,72.6846341015256,76.99188014880917,80.49501487782045,79.09990835047506,78.5227726190927,74.55701614184512,69.95503637543376,65.3274964063156,63.73449303042331
2025-02-22,70.24599623778145,66.86383529723912,60.67699838983723,57.64364496550908,55.30057759159456,57.17356131904406,64.31250907962617,65.63141136121703,76.00672481314056,70.9518769573623,64.90301258480845,62.87575517173983,57.51173293342603,58.48838004944588,66.68342965456476,67.28297369823409,71.94361689696993,79.83619175291284,80.9086649042601,80.15177279800255,78.73282130839745,72.65931077134717,68.60469881352229,67.88382035013514
2025-02-23,69.82718450192117,67.51623936613667,60.357375766142894,60.664611259868686,60.322500992701606,61.198663130393726,70.27670766145704,72.56752642248986,73.88576162967965,58.144527929944545,58.94504705003717,56.08754807283838,47.44706574192498,53.116614919549974,57.09250042644896,57.98210395569261,66.34560518169599,77.60189331778027,79.28147249109381,80.68267994108514,78.65200310747434,77.12384926538633,68.45666734498958,66.96535107481151
2025-02-24,68.37288625762197,67.31486192317828,63.24526752126859,58.419675893697374,58.00196982024798,60.11837094968587,69.37590811135323,75.60073856507357,79.57483155507776,71.77471567623418,61.694347982499664,56.66947822173444,53.497743351373714,55.49432014115294,58.32232573561453,66.21441055522615,71.4008102080174,77.022121664714,77.8932009495765,81.38563070349944,79.46477342204722,76.12588521428117,68.80147149726942,67.81378868788362
2025-02-25,74.4345731788151,69.44379341152194,65.45340163885218,62.403475482994075,63.61484199534714,70.15595218566875,74.92384651278007,80.52046323926241,83.24068201846907,81.52305117539782,78.83883889943574,75.81687883140597,69.89584253510748,74.49626377486125,75.10695996896041,74.6445263652801,78.85983906744802,80.85700054888984,80.84437230227252,80.92257278591552,80.52629153215385,79.88568485559816,77.15912367674704,77.10290061855159
2025-02-26,79.00303879962807,74.5290977059112,70.18307407650909,61.55068168131004,60.37363807532916,63.67866786468403,76.24455266796313,78.4706031393306,82.08355653174092,79.6046799526297,75.27928191324455,67.19488362404512,59.224343511617185,58.721010227272,63.28987401699279,63.44619710791003,75.92409523720703,81.89662929787572,81.57310848515851,82.27218628771467,82.43925238391117,82.4071754713171,79.98743598708599,76.83235297626496
2025-02-27,77.12849414980931,68.72565952468054,66.6350067343072,59.52485875290743,58.60880809019372,64.264869453691,67.58402978965393,73.85033821504183,80.63275525045285,76.92593447500238,64.12211843867163,55.84764248568399,49.984145180713426,51.02961375384447,56.2802583290263,58.93589934294627,70.6855232540679,81.85833922233005,81.99734839715275,81.71112146454433,79.835568779257,81.15969413826502,73.44728990558028,68.1829493595772
2025-02-28,76.04619552524677,72.74137154034906,65.00797810612647,62.892639191901154,58.31628375780748,62.73085944228963,67.38641597038759,77.75426750904244,82.48803943793386,71.90062900673797,58.55430838223726,59.65458794323117,50.243414042334074,53.02205150179045,60.05595294244359,59.604697281143345,65.38086083493803,80.34783525161087,81.92881276746786,80.67407228938225,77.49266196488868,76.35341062234919,68.70381963949049,68.89101937927089
2025-03-01,74.19317995591113,68.89574894493943,63.411900550819034,61.20341847621109,58.954856905079936,62.514935407171905,72.07292942457495,77.90871711711951,81.56243068893568,74.29276602687891,69.55761008669779,63.82924712784574,51.53537989513167,56.76511981165408,63.40804533203589,66.97920729982768,72.77854328552883,80.73106119763568,79.30192249778226,78.66858889595531,78.1489723037456,78.66092432868726,67.9063804051387,68.25880523717737
2025-03-02,73.40449867383411,70.48593511832227,67.94905867841136,68.81796272881175,69.5924784896314,68.86495220946514,76.12651671096356,71.98876988084814,62.63161822126144,49.76555069404586,50.28939132431419,48.184753382683446,38.40270470305643,40.91033024281748,43.319041803028774,44.84201962879251,52.588626341996275,77.11007553824724,80.11866951123604,80.34895036616595,80.32105931711567,80.17389721478894,67.6025007837179,64.56311435475888
2025-03-03,71.60840189838719,67.36656296815296,61.976834164830656,60.80857620608944,62.46869726437396,65.29037884717312,67.65452166530186,69.61299795909375,77.37368819123287,71.25872454037503,65.30320130679294,62.02746554843705,57.19161256662316,58.8899168841432,60.39591164413664,63.04624063778785,73.34654757685567,76.96938142340386,80.74494991445629,80.39994177491702,78.55272325783662,75.91349313010107,70.48837851259978,69.99562760699199
2025-03-04,71.9091696180379,67.62481691960414,62.94982935398303,59.46570338308225,59.93952764298192,62.10825825696007,68.16120538022088,70.70090681830814,78.70982752480172,78.58074897994462,74.42415106329264,71.44020066228664,60.396096119885215,63.96425422097105,68.08453877215553,69.2456686049302,78.35267821681762,80.39744887617535,79.43494676157142,76.397887017031,75.19556088157849,74.32349503334552,68.04272415345697,66.43763294974535
2025-03-05,67.28235003477545,62.64890481903166,59.01215774578142,56.02253520363674,57.425522970916695,60.591533121945474,65.67643410893173,66.97246807622615,77.92661062716827,77.6524208948934,68.45632973973191,65.81948311641719,52.96646025960801,56.27048774688075,63.91408123546343,64.69141378185797,66.18619505014297,77.43797637047025,79.28008922419909,78.2015987533488,76.81589539483998,74.79026938467574,66.6814065474765,65.79945038475589
2025-03-06,68.23888519461981,66.95331422131194,61.46358816703106,61.968247502251,65.19740763565194,69.15330077662782,69.26367891517292,71.84416272967697,80.36953041441255,70.725269664092,68.75735565560299,69.74135778036766,50.063266305778804,51.95129211815363,62.57136540613667,60.22051044439212,63.28021802636829,78.51838348542883,78.78693964328595,76.0114286360408,76.4366362797044,75.87561664004001,62.83543472429691,65.00182475159482
2025-03-07,65.24121666179038,60.576999850895014,59.57801613052711,59.35875010593981,66.02714749871765,69.3724079027443,70.40117287679352,69.52047323521039,77.65262641040148,73.0734545413164,64.51645576561103,56.18036957172274,43.36263732939479,45.01021813738871,58.041693674013395,59.928507995803805,65.88969871990628,76.41258683461477,77.7191962704895,76.64823879688316,75.478907541191,74.9161161240859,60.015237878633705,61.613869354638105
2025-03-08,64.91215337606859,63.46055050559738,64.94152219820907,65.64537211119344,69.64320923847102,70.86988674603313,72.49483065463626,70.63761217840408,74.32572455421007,59.507540292618785,63.541499361472916,45.64823549122103,38.248875961456115,40.86583812924438,49.21578288583471,47.65141509531501,52.36474255392279,69.97831893237807,75.7269740266117,75.41407527258008,75.24188302550033,74.40307747350778,62.45876423570379,65.09984599820949
2025-03-09,68.0838616362908,65.17141232396621,65.45640961791138,66.7903107578016,71.92701722340227,72.5394219614812,72.75025354114928,69.10982279766114,58.81335450750191,54.491670802262554,50.75191545589328,38.44582143245823,34.3438090716543,35.05057391885702,38.91913506615645,39.57716339339224,42.593161235207766,68.95536162451198,78.55913626102884,78.21896751050096,79.92011465899712,78.05983841118478,67.53890087514596,66.68576432928796
2025-03-10,69.97846807931109,66.89036534413384,61.66440923770148,61.927759650426935,67.25364753293077,68.80933866310356,74.52754134382167,70.64573189723409,71.07449062844246,66.24408402667403,50.380312788102074,43.23120659390446,33.58534162952054,34.695649608161496,40.64238664799649,44.71796224824104,57.13476071871421,73.3807827537227,80.60990737218987,78.38334426006242,77.53623232557786,78.15019837577475,67.4056587182056,68.73686131466575
2025-03-11,64.45449526588989,63.27792010997828,62.01925037620341,60.23600474767721,63.124132146294954,65.45450762650113,66.84586264159739,67.48730682025503,77.23913466206858,66.40784682181103,56.11709694504273,46.16795087372464,30.937335894474604,33.69981380822612,43.11774136719759,45.81905836003027,57.987785219982996,74.30911451620881,77.6902409978773,73.95710419458266,72.89304798812883,71.74936177589632,61.18734200647579,62.3715752276031
2025-03-12,63.409851197399256,57.08144042825296,55.623901369796876,50.85367278915935,56.69928534312157,59.936747285932626,62.97459676034089,62.97244926562667,60.46961697498197,47.218606881514226,43.717311587169974,33.35139634430813,22.40877220536104,30.24598620114432,34.14340347430303,39.36543030279886,49.232192305358815,64.58768393008751,72.01373403263985,71.88183840428636,72.12490530686075,72.37515480362633,55.04825708710071,55.41392342589148
2025-03-13,64.95539524692728,62.8290928726977,60.07528496040588,57.934935267036096,62.3994211876007,68.3889399128548,66.84720510090173,64.2794981060013,67.73421909095823,58.606676350148824,34.01423398418614,25.990883392810932,20.32967026419849,19.925627222783014,37.20832630121032,39.72920215969758,42.34401454329274,66.0220028856589,73.87069793483963,73.45746396341261,71.05218307732748,69.12138364044748,53.42632829042368,56.51806615683002
2025-03-14,59.91453670217087,57.898964056178485,53.60971742112227,50.26431755362196,60.727893675372606,63.72204343270086,67.19679483791,63.42828848861115,62.54782223392165,35.58578592314944,38.98503831020193,26.943398477206227,6.794126887180954,5.746099576865947,21.11798040599021,22.83788088808114,38.22967164057318,63.322522093273065,76.07783557207752,77.26285369170778,77.6470602089157,76.98010686250255,56.74718919825424,55.98178816451185
2025-03-15,63.61368504302237,59.35898326489086,55.30251276774282,56.308228990003066,67.0188928033141,69.70364406270214,66.97061069441742,61.15501172188995,59.82780566203496,47.27555723019414,31.730312852028145,15.809291902716792,14.29484915220252,11.388971944140168,14.899630927586058,17.276615027134437,36.20348828872763,64.04786102997045,72.16426532895134,75.95410864494846,79.38854411198214,73.20982587921911,61.877042714860075,59.45897238992317
2025-03-16,61.14900547739273,49.820784372204095,51.07268355828073,45.82477518432982,51.74413146826553,54.5630978366391,61.01843519760944,46.414829779756886,42.71780898910513,30.998505284880437,23.441782553885243,19.84001778890793,14.274897395179211,11.63622840405514,19.644912889282605,16.82020072524021,37.61620467563878,60.915218978913806,69.09202542586858,74.84206250381062,74.8201514375032,73.85720623135558,57.977439071065405,57.11151428362441
2025-03-17,66.6736013658105,57.6254568900588,50.67763560220328,50.961839820072996,67.0215406430961,67.27803253510324,72.61753315024619,56.97989161048234,63.42553018992081,50.964937784904976,40.262220626978625,37.064014195896455,24.89645147664127,22.62465202731576,26.8065621379284,31.110909511758422,57.74039899801838,72.65888771850582,80.51728998784016,82.23805591826856,78.96963763950195,76.37237643276336,63.66002275031499,68.82094502015214
2025-03-18,70.57501610917839,64.83934654206162,61.027827676138486,59.7640290861816,66.22776783814096,69.60881425149142,71.88520084937336,64.04489276871493,58.270838724627005,55.824003981341434,45.093618443856315,32.78335564559443,20.14237464622291,20.402175176939675,30.611637978566755,34.71798097657449,43.580044901264,63.36286038002881,72.88990297978039,71.73593267498555,71.45020169016276,70.77091409377688,60.889191970179944,60.33736905452095
2025-03-19,65.21906162114033,58.99704963486049,54.095846544808516,54.37226162156618,54.87112440495742,56.4189240883063,64.11899385715873,55.995789558306775,69.24030943639411,60.730300468432546,51.76432875498891,57.47278574437232,41.605440865441466,39.81026983410149,46.45533406901653,53.64825953535938,69.00249475799237,74.32864861466823,74.43831645991932,74.13214201505588,73.78246692088977,73.54072590040495,61.182193071993765,62.050780840681924
2025-03-20,64.78783242739169,63.127857811198794,59.70516051407821,58.07996888017302,67.44864412991434,68.10982664047609,69.05255851333594,60.77477807297219,72.81868360297634,74.13653311557438,73.09963440563457,64.71632590186576,45.51456070931215,46.009928344442635,54.0420818601033,60.40211622438734,60.10702932763525,67.51666031361293,77.04699898932722,77.23521884319042,77.95874374303081,77.5686502407134,66.23403767658353,64.80561803640586
2025-03-21,66.6826147250679,65.72182766803796,59.38034852573751,59.80480977797901,59.341098451432316,62.571795820327644,68.35003432310204,69.83419885450364,76.61921413707321,73.45674476279532,57.23667004665464,53.82321668437473,41.46726148871649,41.159663726653996,51.59992464400858,55.86321420934236,60.73676224795506,70.45971062488435,76.59714410064522,78.31811738030176,78.54857397284367,77.95333963940874,65.39254908376803,65.94264903122495
2025-03-22,73.51864503914872,69.30132155542734,65.42336577192044,61.0493023757372,61.193698162536556,66.49738354198922,73.64098449023899,63.0293330790877,67.41466831864717,72.15045098782812,69.72550864313143,61.61809743028179,43.64714232773862,38.753260931351406,57.5807133111902,54.34440329796302,62.50041532964223,73.0739086234516,80.5875649975922,81.12585247693217,81.35816771542005,81.04719940052829,71.40148346069365,74.00037988064919
2025-03-23,74.8092529218353,71.97440154375238,67.76773417822491,69.62317576117158,76.50348542443125,75.78435688663554,77.3409169452199,56.56262974604174,52.87602162788059,50.64443591753891,49.19589987540542,42.60395152673155,20.46678358946007,20.23021389789328,23.511010126623415,32.84039269142539,43.6055723061237,64.37101035369922,74.3613210052444,76.07856476787467,75.9063761138444,74.92282149069766,66.64666822822858,64.06990243402346
2025-03-24,62.26080326018023,62.15098752417282,62.393800867668745,60.4264595664999,68.71736321074917,69.93670415138958,68.80300021475912,59.142505625879025,67.9637917065974,69.86002384441426,47.71791416386646,41.68030144431112,22.83683063163769,21.7502719993072,41.35829654535354,55.21394385079475,66.36144208287624,76.36434109052242,78.45674703806299,79.74271450685762,79.6691276002871,78.83799943178771,62.97185068520392,64.35591072785634
2025-03-25,71.5278309479029,64.20301157172297,64.93640126063889,62.655130391420684,58.56848666723544,59.745479685438795,63.734521313223105,61.59778773637903,66.79302882570546,66.87579902419158,51.77654546005555,48.380908055472425,33.245481760972126,30.574555993099768,39.98653356016985,40.81279941354776,60.79875603256674,74.7322269603178,76.66216028831886,76.72083288706554,76.98805077930936,77.50081548797472,60.73882851745724,57.37356133082384
2025-03-26,72.51164701932278,65.02674716563837,58.93047647896268,60.45905188796062,59.96138833856452,63.38480809617417,64.40307656459821,62.72580260292354,77.8469191630852,72.8058494232644,68.27380371216407,57.436945774328926,40.44414310972923,41.75804037995659,59.03619314567779,62.467254605287586,62.46051215287062,76.45461092368795,78.80592109600904,78.86456126819529,77.69523410088479,77.27288970542696,64.8665617052516,67.12915673971212
2025-03-27,74.26625623400005,71.51599179846107,58.29663153952908,57.366012802718465,60.61147072772232,67.2912998398858,72.00391005076733,65.2238272540413,78.43803347814041,71.37896335869718,65.53042171738096,63.92540850864759,59.28636484604734,63.14992746853197,67.01478164494793,67.59670821119197,75.12674411744649,80.7488451559551,80.5390171832729,80.61719976309084,78.28707894738002,77.61556118635268,72.43611733006054,71.99456708286591
2025-03-28,69.6062905599034,68.39121738582527,64.95031833313554,59.443741695439535,62.73549152803945,59.77926127228695,72.32537660578932,59.59944722913189,73.80068121814249,71.02862939455444,60.98425890607856,64.06260177315518,52.770341105717215,53.25810480128477,64.03287302960692,63.348157900291405,65.15707171103662,78.26630641334658,80.04129925956755,80.3890747213102,80.44003414431462,79.69538961537744,66.79473269274854,66.48202935651591
2025-03-29,69.13293912118226,63.532331719569406,63.75167255946066,59.08069090296978,62.21556857334162,66.20993378485001,66.33335134389463,58.730215600580856,59.27296090202165,57.79660526062624,55.013610874153585,53.43760144720145,45.34526410443493,44.97184973499497,48.96215317546796,54.96729985403647,66.97087000329614,74.49752985600975,77.54409285219663,77.81612453763076,76.93167416228688,77.95063006847309,65.58832390153488,66.13921895907941
2025-03-30,68.54509945565351,64.78630204807314,63.66543172943964,57.510495978641444,60.51207001010427,61.248228059437565,55.19215281048376,38.384557608304824,26.668940903485616,24.91219168660058,17.73231682799829,1.5138474826704962,3.352853136067169,16.021616567889886,2.976663397677597,16.93158795114875,29.846524929040566,48.03581977369068,63.232087531512995,70.27074554067124,70.94174773114952,71.54194294592847,61.97821250677597,61.8666768398113
2025-03-31,69.37935520202095,65.69494588022256,58.75631051303372,57.20085903555713,57.761039082321915,60.098533936039345,63.38603134358796,59.08971919582399,73.1469090460556,62.884636289472304,51.4710187846365,52.44303487780686,35.23539739376692,34.615738250908535,43.272881164427226,45.426683881669526,67.72129179726629,74.95887424983717,74.78592687738043,76.38526917576425,78.08178495686884,76.3238067468381,60.84218116652676,60.95437034862937
2025-04-01,64.43687061866984,62.67550759299273,56.39578947034143,56.70889828818028,56.97909768882394,65.65545417880705,64.03082682916111,52.28107111658345,50.207332583400955,36.84902243808627,23.278592111032353,10.239014825889099,3.719255731132572,8.48997904146406,16.36942410299375,35.35688828781689,46.42325776681937,69.45884305871263,76.11771193147227,78.01440988288005,79.54621326884856,78.35387086486502,62.16206305992211,58.26780656884198
2025-04-02,65.64121495334209,54.192932842457445,40.83232366630671,39.83201497495895,40.839502372468026,48.54172487979253,51.78795567085446,37.514474687208086,33.57787325055915,32.35232047840058,24.555103359385026,25.5914951459195,31.27916806421499,36.41189036540343,45.513109427328786,49.96316320905476,58.30125218595517,68.32486607158265,73.54726353075364,75.64839202350916,77.00509439856194,75.77225872238611,64.7689186285213,56.914568645687474
2025-04-03,66.09636031658052,65.42113999067728,63.2561486702792,57.455226514606984,60.89519033299695,58.834372937757536,66.19399282426049,64.43802379276818,69.80053278772557,69.99894208598539,66.18616820231681,66.57699731767511,58.1368603523389,57.32957999685782,61.64277348671061,56.82593592102788,63.47551029137442,69.77639959232921,73.70539739980488,77.75024496495122,78.37115811080601,78.06922477168452,65.9421292686732,64.0229866770087
2025-04-04,64.58433295138236,59.916450302135566,51.6080033994187,50.01606173905875,50.28305101898137,53.96022114807225,61.34400161904082,59.71772546815052,71.51067472276247,70.77662387810896,59.133971919755545,56.410347472950406,48.16618422650028,41.23346789518243,55.42105642033555,62.3179373202349,61.33735515986756,71.82707133268093,78.86413604596287,78.54268712938186,78.53535364073453,77.33492010496259,64.69322559620137,64.33843225687183
2025-04-05,69.39780817870805,67.34888911633752,66.31634334901658,62.638159212357685,64.38115890406017,69.43011986742735,70.65034737795602,57.3049177415517,52.13033125292764,48.88436611204684,40.42009111287758,40.123212900083466,24.69663260397796,24.913430189675182,38.39413106877699,45.45643333661083,52.43606239998752,66.53075331863457,76.03904620873068,77.12220371364145,78.63102187842006,77.5867014508544,67.30488426813335,67.0301356644412
2025-04-06,65.75081053232344,63.39464177320357,59.373607267053316,54.87537395408548,55.035915919623996,61.1713675201396,68.39574836494519,58.94045764943459,60.086137583026826,54.57632949262924,37.623271784882206,22.500557215325337,11.42319833917477,11.15676665873946,14.031682557151639,31.23802109149613,46.652321492666715,67.26334852826092,76.5438276518915,78.24582548000929,77.54000353731759,78.32932208075127,61.01730817631274,55.87791573460413
2025-04-07,69.07513669998083,63.84614430133447,60.074703346609354,50.67378289313982,51.72859151407457,59.89344266234446,69.06553949649764,52.3850614631584,50.71095829607701,48.016259851033226,49.366654863852006,34.34806661655472,36.46220703272336,37.05360975381453,43.83417921679101,45.10288848529887,52.98326299984025,68.05325003685135,76.30302000131631,82.90339022491118,82.51468414693758,79.89242049660133,67.64661569749181,65.5568470677304
2025-04-08,79.5129796482886,74.00801403085929,68.7937567181637,62.52410340384944,59.58223132386732,61.80242367460728,67.56668168342017,61.627682221549605,77.61181020408854,72.64815473002041,59.428305031004236,52.333273131211854,47.22064566785018,49.32930359074626,61.95664842793533,62.16244959086987,75.97942965614962,78.31696065281064,79.94180078040202,84.73429600650827,84.69768930093257,84.17305499731164,74.38666669916843,73.87304988996515
2025-04-09,76.67463715929341,74.27733482412937,67.78954055317334,65.28414615594616,69.15218872642522,70.93307027133676,72.57802384453502,68.05793619710427,82.88452089715089,81.82504209050381,65.65203588299802,61.686872312963324,58.16520551429968,61.48015045306685,73.94411535873138,77.33628585839281,79.70737817263812,83.19501966537506,87.43149730885487,87.67869228221662,88.22601578531696,87.35687604119302,76.73992550771182,76.32502881116517
2025-04-10,81.28445811164309,74.7038301859783,68.84046407816551,65.5981116320787,66.73521605624697,73.19335317597192,77.19019340913181,73.51112976829062,86.5944944856346,86.81786765770221,78.91456857617334,75.42870548132073,59.542675631241096,60.6763189544312,64.36414184484966,68.92487295867592,73.64320033508345,86.07619149100557,90.00526007221197,89.02208389125003,89.40632037116096,89.3808253963836,79.46742946662606,76.62449387648607
2025-04-11,80.3797639924255,71.91082955400864,62.151886271524006,62.54860940975754,58.065351390715996,65.93406938085872,66.65996486433346,66.71126604187846,80.24654504454735,78.51359164507845,69.33511048166494,69.027533300522,55.461169131126915,53.53228940823206,66.17262108026729,69.34376699878155,76.85685455023327,86.50482880267647,87.86488710637221,87.15143316308863,87.15296836457264,87.25786531024909,82.7760602325419,80.92637789932269
2025-04-12,78.46108965727862,74.15322258022489,67.73047532231722,64.85427449649508,62.742807009849884,70.37797896240785,72.54339653638414,67.438818937972,81.70178196175645,75.57722942522653,66.96029866970284,66.20900469821773,61.71765680067792,60.71877400316768,67.57043178902636,66.90280483161962,69.69877174517647,85.81639667033387,88.2609815520218,89.02354173735189,87.36123044974312,86.23781236888306,72.60707098663075,72.84522099442933
2025-04-13,76.6352420877112,75.30032310047251,73.50763118968905,63.362957779646784,66.32485988844783,70.59583903377289,72.73719011841534,53.49991350174953,53.23088184160806,53.068173101764664,49.27377705062057,48.02220998473983,21.0581837803711,20.67755728704333,45.93016996407677,50.24745763709877,54.311114172774076,63.82184670063588,80.81846633298656,90.35596814965646,90.14752912466726,89.5902194925794,79.78882113965597,73.06481292272423
2025-04-14,82.15130980835596,81.59575237211452,75.0333913338785,71.6941695870973,72.42088629505423,77.49585259439426,75.41451497504794,71.22822125721903,74.66440350552395,74.35603186952801,70.14560393330852,66.0085853913083,56.66573327974507,59.01654864173195,63.16847254369851,69.3399945080093,71.37002787900393,77.84852746893378,85.29437748564133,87.28291551923166,87.55489024051118,87.10929553948019,85.65985403260223,84.34621359936894
2025-04-15,80.2606485651432,75.06424675313995,68.93396389107232,63.48225261506124,66.3184978571285,73.28851280119964,72.22186840648692,71.55850514615615,84.48839335487881,86.99127220085451,72.58188782642144,69.01769110421809,58.988877498600424,63.4139006606029,68.52508901683335,68.23898954269096,73.38612532892793,85.2887002580596,87.08393859787878,87.55183183402674,87.21690440242573,87.26386474382106,81.70692563800871,76.41587428403524
2025-04-16,84.90619081579426,81.60111208478216,70.87083088218778,67.76910502848152,70.30519838352934,79.28999669784037,77.19410617031811,72.48839843721792,88.43337416342264,85.2210701217698,73.37632276175043,75.9990821393796,59.18727475299098,60.676309259703004,61.16430511308882,65.16329791919766,79.25962549394065,89.05918350680278,89.74678804531673,89.57629955876462,89.92237726130452,89.46906422804317,86.76368212862076,83.12728988576998
2025-04-17,88.82585403449683,87.34690252229801,74.81088313261326,75.4926795013402,74.7757012154225,79.29127141588167,71.94560209263555,72.05643086516068,86.4908898473729,87.72546648938356,80.25612781138346,76.53470732356851,56.84043084589565,59.024563873730756,63.536143442217394,66.3893982449479,77.52264603981392,86.41317128865482,88.82911134217635,89.41384825190158,88.93283168736681,89.41302059364399,88.68694111152789,88.44539370809103
2025-04-18,86.5870867141575,86.36442919534429,81.35977873100752,79.94981311885347,80.99324217977116,83.10497218206348,78.90277934989015,65.19858257509317,71.74533689060766,71.07432024418915,52.61513457274133,49.07124184162013,39.06127474134162,40.386998138613016,45.37404391116163,46.90723465244809,65.24388721410241,84.62503475268835,88.66252431148162,88.31012191119703,88.40702972688966,87.9514689338123,88.32422643702664,85.2796146279698
2025-04-19,83.69925257159153,77.358990834798,74.70701141982794,69.79016186914612,72.25304700771032,75.38661377314462,75.00449093271513,62.31354261624998,72.12350265645361,60.834842230014964,47.81744111566808,31.340314061276732,26.795902404201087,29.708385594418775,29.937754851168624,40.134584540855016,55.83998794559706,75.88804975719528,86.27981334937913,87.15968598333507,86.61900699158693,86.6319374643047,84.64789555821126,86.15053867854482
2025-04-20,84.03170382892333,80.55044745874608,73.35517857251494,69.01206833559183,70.36864760712243,77.43417194890401,74.26567666920957,60.27270804905097,49.91365732261312,12.566222612797032,4.075505550632864,-0.3452861440157944,2.4584220275439015,2.7862929849888753,-1.4724566019079552,1.310938874657117,22.93928062020215,51.905666481321646,73.88233967511137,86.38111678588731,87.09002832203794,88.08960986879733,83.3963486627887,80.13168610483329
2025-04-21,82.36648388068757,78.44905305492902,71.79836032046566,72.33326176197629,75.03251436153738,84.36590037305265,82.82872236737349,68.44562104438276,76.86894817986497,66.19671235462512,54.243558684494595,53.803195227417916,41.881778578305415,50.53580872160081,48.9377704119602,45.39596395227269,66.33285284137342,75.09524117780455,81.05428972969683,89.81976888553439,89.77453552961079,89.67470873031942,81.72816910539359,78.59810066181501
2025-04-22,79.58642075097524,79.04798681510401,73.28647841957773,71.00893824666353,72.33979478010714,79.30901681154734,73.28476382047221,63.57595511957234,77.36393562142406,66.96622094759982,50.25572155160141,43.4632675849753,29.90401562508173,32.86207808496617,33.05200486078848,44.119208086638125,65.34076283687057,80.7967286774358,84.40114030538366,88.3634734391614,88.16736609713752,87.99337788849051,86.95062075886595,82.34503721130432
2025-04-23,84.0233331641111,76.9329769296185,77.28328796999179,74.87345544049147,74.85227271051511,80.46233470998271,70.87872253696229,59.047004387686044,76.09807793290477,64.16573486402282,46.97026593939405,38.070895788605114,28.90808803527112,26.89104596503774,33.73041138387891,37.06672187078705,56.3319619792189,70.05495742826588,82.36426352684754,88.36566782202476,88.67827562993162,88.92649391409688,88.62098547226029,81.03376335007137
2025-04-24,76.35724414098382,73.41184314879912,70.88136142841164,71.89550488662097,69.54735629287937,71.84404375177475,72.12396828350298,61.401665190012416,65.79841871940685,54.91249978775386,35.44916266992303,25.350498090149006,17.552018586398592,18.182566857584984,24.76743143493928,34.51345524301835,56.36740849487896,73.05517423503748,84.5875083925331,86.05815957086662,86.11010440351114,85.95580550787056,73.86729831209156,75.8738142464378
2025-04-25,80.2242655196732,78.11979893492493,75.32622520613344,73.46657712720342,68.97778751507394,74.79013651514443,67.87877936853918,61.229536873246005,80.65845739387119,74.24056754869635,48.41215359753882,45.194978458735974,36.733252767578556,42.013940347617186,57.89673499190234,65.08483462732663,77.06517057110949,86.094382316046,86.01494854284604,89.48201448228194,89.460022497603,89.59249646513825,83.61590095188193,79.05749563930031
2025-04-26,80.00260128759054,75.50501928678938,69.18235562338691,68.2376557465883,65.39458513337509,70.60398025694266,70.74983609318672,59.82402127892215,73.6320722759156,73.56900936526976,57.46382613159955,55.14547428533189,30.56060852815812,30.295629290492737,38.79534262781564,40.88372006361229,58.19765547967016,74.87306269667577,81.90227555815572,89.01760198671523,88.4195307255465,88.68651055332066,86.45791807616911,81.03386172895951
2025-04-27,73.76922550538684,73.16915841784329,67.15322648565896,68.77795735152152,66.91706107321241,68.70077369629907,61.949717185020106,43.50707458497877,38.04215828756819,19.20798527409804,-1.6022396095005598,15.425843048000587,4.770072434884521,8.77734264465946,14.610230446706675,17.45270650846313,25.34792711841298,48.39278363979501,77.03668756180284,81.9206159125031,82.22239781808891,82.0757006420942,76.91954716080221,72.13093502352422
2025-04-28,63.90608526181221,64.6889110046844,66.42110226364828,62.226984422341616,58.21685610287856,67.55533364288172,67.11435697659218,43.02756339403487,71.76300900260316,58.99520432406497,48.79176916015853,45.76094433052818,34.31232412300076,37.33486840498575,50.8580713232112,52.720594987486855,75.27346854577448,75.46494234553712,79.40784484192856,84.69142757814294,85.265432927142,83.9303906229829,75.07725799188084,74.05856173558895
2025-04-29,62.70536130532188,50.68690422160599,45.373485383087285,45.359771176662306,45.68008974782565,48.85717728165265,39.04211175707594,39.43526145401135,52.87202743090897,45.38340455380962,33.12546317617191,23.829452174758696,19.95181818960555,14.620534943170433,23.033562179974464,28.59034676443429,41.32638192299007,62.99439232728758,69.84998423969257,84.38547828835712,88.39193794686253,84.33804477125257,72.26274003204294,54.39442611571223
2025-04-30,50.86417021568031,35.32631834684749,37.20412606217616,36.391761605854356,31.55266667858008,35.076390423827625,31.128583030829013,30.963560214012453,45.53490268975249,39.68170957800306,23.03153888716349,15.767136540169682,14.402464944361592,20.253828485194173,24.479068439954418,23.614214895751527,31.71298377127539,61.1199472852337,80.24424186090356,84.44301909072415,85.34423471143162,84.1048673069954,60.3791839402296,53.49693537613999
2025-05-01,59.63360858679961,60.03975193641858,58.4231460681325,53.90741637039409,51.0928874986357,55.323634380333644,51.56389625107556,42.339058852549115,62.406248366933305,60.78646780975668,37.40272077889915,38.12290048916391,25.089643681885327,29.888808746959892,44.42462579902342,49.61278801721108,65.16674753212021,81.11300522290732,85.22926830373443,89.31456163398991,89.12666556372479,89.18001465931856,78.37546568295419,74.8597256730252
2025-05-02,60.589304757376134,49.861018633894616,46.78743277515165,44.80807833610345,42.652642764104186,45.00054018418308,40.821346048956286,36.80318988035741,51.473491443592735,47.677681477934605,47.1580828786377,40.61275382054052,32.0453332444946,32.516005661575356,41.91837084771604,41.4543115808489,43.203106276097216,62.94736352957864,64.64212238611358,81.62641156278794,82.55440631352673,81.22779620332454,63.58627638913632,57.64806319404831
2025-05-03,69.59610764428596,74.10070132987953,73.16806243687216,69.74418247993174,69.16578217969916,70.74982544442663,64.30558747897045,60.724780989045215,68.54321599658896,61.54072083986711,55.65633856141708,50.18974904699156,37.11836345166243,41.62298556954639,42.37283093586586,41.35189060674776,54.38823129226878,67.09632295252692,75.60958763659433,83.16373077828966,88.46401610936445,84.30147395244171,74.84149552484402,80.04066554510428
2025-05-04,78.3082124829222,76.12132987826793,72.91408877280927,68.0499197485616,68.83227002279475,71.19248510051985,68.87719450896627,54.91715611572177,39.78863491829215,28.579427538016414,25.242568168148424,23.641703180948213,21.80636541650629,18.86799504659675,24.18289869293868,23.70533038410283,28.783690590153533,57.841217403973666,80.9764937326307,87.60461912125773,88.76641932840656,87.92881716871723,81.98427387975639,83.10934588760979
2025-05-05,77.54572541231103,58.38805341762776,51.4768986715509,53.41394992587582,52.37290358275286,54.265958610373055,50.33409908851722,39.8429560518225,45.265597957047085,37.99941404971717,31.372798890380814,27.841666102351986,24.854968677057627,32.45208123961739,34.479537539329485,35.795059554374426,49.77362418393108,67.79388464901479,81.02482314633471,89.31506756576422,89.13639628011884,89.1506736978031,82.37195055106153,79.82706110268762
2025-05-06,81.07077043797933,78.13485078883922,72.38368241643981,70.28771871002091,70.78362326581481,69.71663300343357,56.853510567530414,50.281774505459936,58.15315317385325,49.68924019467692,30.35721652578382,30.42166747710906,20.487027816972542,23.22949142493706,33.97922201829623,35.230418519194906,51.558545803357084,75.50155898942498,89.18132999458639,89.07999039640819,89.03031725538092,88.0804215243996,83.24620844039931,79.28788421613498
2025-05-07,74.14876537009162,72.15533181083603,62.783575788444615,70.74523560826913,71.70989889170546,72.27408351849785,65.00541408054522,37.56980635919612,60.95355933157209,43.806874151154766,32.74246387880817,33.490279879372835,12.499448814336443,13.173441582634506,15.566454855606002,29.767686559199717,37.46424254301185,65.46694259083183,77.96150364279846,87.8683606791394,87.75390024208174,85.8248434669174,73.93561926541678,69.865119551534
2025-05-08,74.75677718672878,64.45583678904792,59.888748010669424,58.49288800026577,60.011388768323286,62.17557118391328,40.72956736974069,32.49761995076528,44.201500660229996,41.61818116717164,26.42920560290732,29.8726067660137,16.49257563032182,16.394955338922884,29.850188718376295,28.212586729997888,27.91029293473785,65.1846895438049,76.61528718592277,86.40315986015442,87.49464877492208,87.4233360796378,78.72198576083035,74.86622091580894
2025-05-09,72.10885988100975,75.86374361538769,67.6445155568053,71.51279601276504,71.30248880675624,68.53053682412686,67.29968936476943,53.53962723827165,76.00436427927394,60.05050496566159,55.72875079219562,51.988562957578765,37.92693958065535,34.414206752533445,46.200389927315136,42.20337882583787,60.360195708378605,79.98634610562175,83.87791546882478,86.00593485640438,88.19572543164838,87.86269635589578,73.62651433862368,69.82478305291849
2025-05-10,82.85664731445009,78.07084246163564,71.53559879727483,72.7910726577338,74.88051030192113,67.94166116295104,56.75861579175808,49.22661463812972,54.83425363997688,52.61787793823471,49.27483915250682,23.097224211928637,17.19133125579309,26.822904170653437,45.9676437432646,43.67894763522891,52.36434803583397,77.01924375218626,80.63991737489356,88.83985650823324,89.0560207569493,88.97752141539918,85.80905825602065,82.59624421524735
2025-05-11,71.36244961111143,69.54538506232753,71.47635841801339,70.42890556349641,74.26064257551124,74.78451565867476,67.4524239347937,23.006871381296392,12.751943945893997,11.285912900047531,7.469076322079174,6.659016347611879,7.175240636518684,8.003907719787836,9.086873060997853,9.317532311772982,12.515071636438055,51.14554513984499,74.92334656006035,85.23572094359561,88.14949343256538,87.63295471949084,84.45085425361489,79.04069509008654
2025-05-12,79.84644010376593,78.76360712559898,75.06614728171449,67.30065992661629,74.51831330222835,69.6072040554016,63.0194895713711,51.765625272046044,75.78252168417598,74.66730475537061,63.22879129940782,60.71316852007028,30.01949441376812,35.89015242868008,51.61919665384674,63.9857036240975,71.06252169144753,80.90320992690786,84.71866467006959,89.01635266064135,89.24117928059539,89.26956016586304,85.96510334849218,83.20070555406136
2025-05-13,79.90772790537599,78.21427098614328,71.35776143906318,71.52741449135237,71.32059657269185,69.75991086914713,63.45093504622658,51.89646246916235,70.60560888299915,57.047095059560505,41.05255234207368,51.596606589894094,17.42287815936333,26.906212329687886,41.25800172090061,35.45933695672565,56.60359616948161,69.31593546198033,76.53254990060702,85.90626262353925,87.73039650436273,87.50828680718098,78.56124303077492,75.53574664877632
2025-05-14,78.31040234271185,69.23025481480147,63.85423729009486,58.06111861183885,60.70045623586352,58.582696055342296,49.453902044166014,39.41563738539667,69.852914733819,62.86055206118929,47.577624920424455,45.70678771164284,35.58959434453743,39.60958439644023,51.71153052804805,57.95087748192147,63.57187764126094,70.89333270911273,77.94647481525176,86.32708012274945,87.4958646865043,87.51063622176517,83.28400738592076,81.81902375496537
2025-05-15,75.56396546880194,72.617441718799,66.56755882363434,62.13740186931168,62.96531728670486,64.07466932084168,60.723102481526944,53.253512526144185,73.22353492830413,71.55642063921437,60.45582442100561,59.80424315933846,36.371436056886296,50.28819399814501,60.35281693214402,60.15246761662597,64.83524795553163,81.1082801904686,76.79773239728907,85.23325629437326,86.87546611237009,86.23153807965222,77.38111967617232,78.8247715194425
2025-05-16,79.96207544468274,77.44770096432363,73.07497242395455,75.58056847540708,72.75865081636131,68.30616108516479,67.75505883201025,64.528343312615,77.09514909910482,64.47669901583184,56.20044971825671,49.295762101499655,24.203363184094947,30.787507194951303,53.6833290732203,57.013512999362845,57.975314640859864,76.51219061049997,81.54652548005605,86.10209732087594,87.3638574902612,86.9132198389944,80.45849809077413,76.26031024647283
2025-05-17,58.077661686939145,49.73639757549429,47.6296607811261,46.85876210092332,45.250037327497154,49.268731781922,32.85862388187555,18.77213987807693,37.94337501676107,36.736620916352216,9.773301406550662,12.53846152553144,2.1053729199618094,8.881862259825335,15.086331292484102,22.11877223729957,28.170900254065184,61.56099137324183,78.13964459495428,86.0727873367728,87.48295195174731,85.46190431142438,78.2895725828975,72.0065546726031
2025-05-18,78.14095445125096,67.87895673260297,61.900896667145204,51.40776087085578,57.918556701865064,46.10944255312367,36.74302051529103,13.338949062725362,8.018677881365713,7.152808489710865,4.176015294398356,4.305326319439068,4.61039034052796,5.089464546196512,4.610056909839751,5.523367275170097,12.567547177406722,37.12338364936317,75.58258000324882,87.62529951917878,88.23703686735831,87.28960292034195,83.5156562944145,78.99849949762657
2025-05-19,74.44835275834001,76.60891678770457,69.95407613296967,68.42993693553824,70.74549747638876,69.77820401136168,60.68301773518467,41.08769649802571,65.42749599686933,65.09915454329803,48.67590568144006,48.49453184063147,31.578858762557566,43.09530348682002,50.94856931631243,55.42399984748868,71.54449590924642,78.75800488520947,82.23534034122693,87.72919780081892,87.88467718227254,88.47634181337702,81.22312285804759,76.89046864773205
2025-05-20,76.90250170383146,76.0902557418301,70.51537859114505,69.82627854464714,71.2396023993501,68.51515576279317,63.877757892322194,45.144838998385836,59.49128580658685,47.94847934317733,29.34507540161611,27.403315854271572,22.555207027472914,24.61159507386722,28.1911549483385,31.654519966978256,50.95272412903459,71.32612496215698,83.97190121476638,88.42941314891513,87.72741677086553,87.80716022429027,81.12221606206543,75.57658524316004
2025-05-21,78.87210118837855,77.50152194472024,74.78872136455375,73.38880504638458,72.73423549103653,70.40833735702572,69.99948506553223,61.69164295948876,69.21918099286842,63.50080804018821,40.89096306290347,41.536994981839904,27.196288111630537,30.932264393998828,41.20812507759857,48.4347829379481,63.26395160638079,80.21943067680414,84.4560688925498,87.71388713018443,87.54142042323383,87.31996466830296,78.33706458852252,73.53250118477261
2025-05-22,82.48219666971983,80.61796681275426,77.45562766456449,75.2133258981156,75.00120657589106,74.67105938914919,72.98618746505417,59.49008727110803,79.38348393102648,72.3381206223019,50.068610113459094,49.44441966924768,32.18019488428352,33.200503632578396,47.22452393308629,42.56032636085189,64.74443340815269,80.84656756398482,87.36003473444555,88.10946688482142,87.63087502413828,87.61010299415413,85.00050144386464,82.71510947817553
2025-05-23,85.91261926385597,81.31286394766771,74.40502343084513,77.13688772093688,76.87307445359012,71.82463247296737,67.54595778258631,45.524238222678505,71.69205737209138,68.75646671153797,51.3827634751305,56.16249760257028,38.41700817756954,48.18036387896127,50.930477742765184,49.85156207747308,68.20250991411649,83.71837310612432,88.60603029939726,88.61812377297417,88.22290756871814,87.66234959367597,86.02553441097957,83.5090159466817
2025-05-24,87.6485596390525,84.585137675169,74.82237547713943,74.69791514363723,74.86908376937407,72.58029569103817,66.98865150491113,43.252954864997776,60.905061106477234,61.438970444771954,42.691404378670896,49.70807787459584,27.615988527553636,27.252512453337495,60.788712696693565,61.83385122206722,61.467879672567875,73.07748293407089,77.32474680533048,87.50605410295407,86.51660115791678,86.39744245599367,84.78625340438725,85.53927417474814
2025-05-25,82.48232173274636,81.52184942874774,76.5923835696369,74.98725346716446,74.27189797355078,71.74014898034508,51.90947669833955,26.018014686787705,4.391977222795324,23.544813946655115,3.028913200772827,3.1721686686155,3.5858101888865517,3.4987259680048335,3.6022379295301525,2.9448257811205205,24.566544724403578,48.32835249607117,69.71049195711139,86.02416328760403,88.41581066986119,88.07561939105544,82.19423593028736,78.69208422728256
2025-05-26,72.75209846918762,73.00717900390194,76.64403507088454,70.92330225341138,76.79968374957582,77.76294687827045,54.70103486029849,33.025094645830265,54.55882472747771,56.81089618330095,44.98390430622467,41.749400225747486,31.693259294008286,30.206906667814888,36.67839167064736,48.381738319593936,66.56953844012055,78.14575899565797,88.40282996135282,89.50526126516839,88.80222410185233,88.56432740316394,84.85614400574761,82.98080721075755
2025-05-27,80.8822580113735,80.57558059145968,76.47477356714683,74.64394457790115,74.53146053551869,73.81347725331544,74.10391138411138,68.97621953405596,87.9551443071258,84.17347706406287,66.32089979402791,66.67458196657472,65.9422072227486,65.84706777589315,70.26318983231977,70.48297651581724,79.13227215251655,85.03780388961628,88.08896435803442,88.05470052307976,87.86187707365053,88.44044011085384,88.29322997789508,87.89170910001758
2025-05-28,87.29964439203863,84.75771097024204,78.23815939363186,80.30527464215388,80.52992464367082,77.93730795335753,72.7476978315849,57.00901670791154,81.61062391462069,71.25539384829422,63.63626700151812,65.2690199966628,59.753099954987675,64.49653831000265,67.35475100249488,66.35183344647157,74.26580179241387,85.39510776189071,88.64428216872055,87.95762408692264,87.77356863157836,87.69534353692963,88.25878641136099,88.34446281859572
2025-05-29,86.91401073972975,83.60753166170967,81.02739753795329,81.01419502365782,80.57290428411844,79.98234905743129,75.873630053118,68.98651102439027,85.38248561376875,80.58933082345705,75.77981079976745,68.23418402180104,57.38459078670072,62.02491410557492,76.50385095899398,74.18384604412975,77.7166691594528,87.02134809908765,88.57694174953434,88.30525328895735,88.11125372183942,88.19625275234135,87.75240981935349,87.18407757399979
2025-05-30,84.40075074007206,83.19306841398381,79.38584424217996,80.4581622318715,77.22384059194978,75.97142694098007,69.31484386181316,64.79080424947294,86.08246170610178,83.64870783020034,65.35108338076809,63.671827658975744,47.309825939511406,56.11003526518218,75.25236507426634,77.45743637865979,77.48427112200433,82.68356643012194,78.50975464264127,86.90886407067481,86.98465881036691,86.67279364926866,82.61188026812485,77.08653365543132
2025-05-31,79.45709668793404,78.45645557244178,74.63361677064276,74.34076466681584,74.56752103687386,71.95362422651476,54.72601740325877,38.45001420660401,44.59104946644696,42.69590183297152,35.24822263152921,33.748957886152866,17.862858231514906,27.42242235896661,34.14525179513614,43.04991550987837,51.44333170347712,66.86009651930506,75.13039654447985,80.72514443522354,84.67028727325588,84.82070146667066,76.10975963369874,72.24649179560875
2025-06-01,79.44737503464799,69.32616322598396,62.900133725293685,63.060025289562496,60.730340335029595,58.65695048043075,56.42604406887449,27.34199410880785,7.244507755004903,7.869891812257097,5.662068735133476,5.518988313377965,5.451292887904987,6.41928153970406,14.709447477961417,17.606779830312732,41.251412324597936,57.617878231342665,74.77409768083521,83.85037673286283,87.14801949924028,86.64481988533505,80.04621315368522,74.58526248815049
2025-06-02,74.5554683993835,73.4145032945913,67.0714338322007,65.69349776123877,67.49494621770253,61.2750858784618,53.460232390941,42.63457328386964,73.70104533334323,74.55954077563962,70.19895322475715,69.84313640482367,62.947383383954346,67.02360378714916,70.96991710854856,69.48343407535958,69.79763048975536,72.32973789662994,73.28699841078702,78.58991341233596,83.12426486407422,85.13211311966623,78.94780581726886,80.02671124603249
2025-06-03,82.54474597364899,74.97304834610698,74.15599705583429,74.85535426902534,70.78716228842009,68.47224962482152,62.65326656549988,49.91311355862702,76.28100263282911,73.2421673194314,52.01537066517831,48.35596027485634,42.88352881677056,46.97545034513775,52.55878034185869,55.87440992272263,65.71493498795569,69.8812176534026,70.77570740612684,83.7104099351694,85.60911150422015,86.15101010405907,83.99004490430819,79.10882693197672
2025-06-04,81.35968312349122,79.32550082423045,74.36425027691656,74.48047537658381,73.93104681766081,73.938996896937,67.69781001780095,57.990176898400925,73.3773149060631,73.66227567724104,53.967684369882676,53.579766590201565,44.51451340863744,49.84716385506471,53.423150122413325,56.573731910929645,65.35574989843028,79.89908033517436,79.98935819536864,85.9537632464197,86.45990949938049,87.01404531727428,77.168192494734,75.25549608972656
2025-06-05,65.34314311568438,67.06471365765049,67.07940900493237,67.95485489634515,70.68966689855084,70.03722530003425,54.270569255238726,38.430227570413706,50.977727417989996,47.881685417446874,48.74233923601962,57.20173268049299,33.61351608722195,44.37840202673867,50.08845044158942,40.46236637291854,43.474977427394066,62.077636447004146,62.5509558280021,79.40127757214499,83.03900038099601,80.22609628719809,65.37331950997091,64.3019009963257
2025-06-06,47.550589493194636,44.3340146125253,39.55181966233825,44.79351736741626,49.6342277951795,45.003154724639444,17.473721800665174,6.472885463236362,12.658808867057761,17.212753303389114,21.20974806881702,10.042723949994288,0.6593766696801127,2.853768111134728,10.210962904786795,6.983746652149046,18.13136381545816,32.0289752520848,46.862067174909214,70.07186927444552,77.18952754637196,76.07541993823156,49.770728247192,35.16310506047627
2025-06-07,39.95177107065954,32.199097742086416,31.543504897445196,25.619638112217753,18.676377147840697,20.052448526057525,17.815337641688515,4.263924730768844,1.8938839637795488,2.279728090856286,2.1608603775728796,1.4833915072155555,0.933939266967731,1.0904812015603493,1.0840706592599305,2.0748210378529373,0.7890040633410195,10.448330279505225,10.802415607326385,14.91205112118861,38.30163709137724,42.10215473990876,26.904369143157265,25.919186361483696
2025-06-08,51.50974435268607,43.552656907675036,36.928815267254436,44.8558081260251,48.14542142233749,41.45818492081797,19.03716955831247,0.38260558469415235,-1.7746525885630142,-0.9826350721378451,-0.5969696555034206,-0.19819281245430034,-0.3884331448834231,-0.24535524369747996,0.06862205472111353,0.33717947679210586,0.11164024157466944,15.46643057936172,44.79087412373079,55.51738686240152,73.98585900510247,66.51218804500144,55.69378724253213,51.64690863708673
2025-06-09,51.18208981799464,54.03600754695072,43.46253634486861,48.12193898990388,47.43059250586091,51.471287960609246,43.44290455787913,23.640635642371265,42.30162859033442,15.30425394020333,10.808393015743476,15.878966736153119,11.068112928128837,11.385949047604605,13.60446543219036,16.218445405258873,13.71466951749666,32.53779840576893,59.36116808145993,77.42761025056383,81.06629183518116,79.24370530216005,61.471831233075015,59.896717939121544
2025-06-10,73.21291789774435,72.39386233024841,65.97240564779074,62.00796481178387,57.99470953255776,43.71790265861155,21.420559142866942,5.70253812532992,2.4261486047557983,2.994726543409195,2.396361547286187,3.9571857467695866,3.2877729973750496,2.897786895971228,3.6441298359687755,5.117385920680695,22.835726430079497,56.60554950946772,66.3652239921696,82.19455155504437,82.31239192456715,83.12442334646916,68.4357127624235,53.55752741679435
2025-06-11,67.87432729877689,66.0184694687698,59.237594452619106,56.4349572749111,57.631455506220256,55.39904936734477,42.707212477488596,29.483595376062368,51.440697705862725,46.35953595962987,29.653118797896912,31.598356936140625,18.022509021763433,20.1942258810336,31.652461901391472,32.06354327389754,45.057979613419604,61.07689317338785,69.44812015703266,73.13884484505984,84.93741909034108,84.51476173512418,72.00228699176891,66.58629448655032
2025-06-12,77.28340863452003,68.8900581880638,70.17196946336887,70.35783120521842,70.58862943310376,60.131710451515254,52.78337741915746,30.92681328679976,62.99094500836102,59.17003591392674,52.17292223249922,60.905747389651665,37.90472148354007,51.22706192022468,59.186964129489446,57.25198297625827,72.37078257979935,73.18345227513306,77.00401333381906,84.99369668256696,85.48873869622011,85.0230332625374,75.32080584914023,69.69061057556908
2025-06-13,78.0808210794812,67.9963651262303,67.38046152379597,66.21335414707225,68.74346724495116,63.414163928734524,52.834563445593574,38.68626146867314,72.35360943680003,71.15004167981219,60.50497103086121,60.81176785709132,37.64516192664571,49.464192773373775,67.33400913125037,67.84199426041317,73.50510915351083,74.0940934052107,75.9480129170789,85.69005806904028,85.87235228748187,86.14118456079646,71.02951975651963,63.723969508186904
2025-06-14,74.43687149636541,69.03124204638975,62.43030795710504,63.42480488140919,68.20641102203554,64.56590718663337,45.35012659695827,30.396076627253166,39.433954962562545,23.410193566979537,12.961102603250314,10.913854049551691,1.9117750221909622,2.9751021431981997,39.18738378087097,41.39485207494531,55.78505017495266,70.62487069194577,76.17492757056385,84.21196408925883,85.8671762259956,85.51849028292675,70.67049042140185,59.19275517397134
2025-06-15,69.54051453879262,61.38623115939633,50.76749294780625,58.88160867027962,59.4812293831104,55.12724064557685,39.19400699543579,20.728343345700615,11.199734235988563,13.411115072849135,12.808931836726362,12.469485440417143,11.613601145026,13.017944303019116,13.20537504991772,13.220587567909035,19.329682117605035,33.8105305657777,50.607352508909166,72.07715636381118,75.83919786476261,75.87209817176907,65.60905794366752,60.20411573870299
2025-06-16,77.06243677262091,73.25427420956628,67.31160637427585,65.12567004417096,69.60510671161151,64.43511475900553,49.64831814911709,25.87385584753746,67.9302195966019,74.48627809409032,57.54154626729704,64.18282830336474,12.745785549817176,24.824212052846793,57.85452140398714,63.747831507518576,59.245894641145476,67.55680370375845,70.73575110264252,79.36843740470056,85.00655514105655,84.81254969123258,75.42435628984973,69.69645376119388
2025-06-17,77.60347518978492,76.10115008523039,70.75621476042424,65.86282682674893,70.6131311890947,66.78688016923006,57.15738928952224,51.105539851255166,67.9463786235595,66.43756370341933,53.856193421391566,51.27186427409059,34.467109314340895,39.70545366270861,53.03318981021525,55.11496307580413,63.74995888651432,75.42308021020483,71.05572037967852,84.33352598612387,85.97092605242422,86.14684416088626,77.10505028090563,71.9088668833606
2025-06-18,77.12941035231702,71.8675690155378,69.37623029987674,73.22017831613758,73.22682119857204,65.72939853907135,59.60250221693067,32.97008555500659,65.63588847500067,58.035600298384146,41.59185398319729,42.8246765187497,19.96788446067034,34.69018949703624,42.69943369627759,40.00555136195898,50.69069577746089,64.08498241931845,74.27442479181677,82.01470412182577,86.7555793961677,86.99761044971304,77.62473127822045,73.22124235764247
2025-06-19,75.01370130352541,72.22295415749522,70.41298731078254,68.92926634466431,69.40685624858823,67.75155252033967,57.70295461521487,39.78926766497619,69.7341482346932,71.91880680286229,63.099898398548774,54.63982950461716,39.904057251884474,46.92177180364664,58.94506869554084,71.18951907630318,73.63321034482871,74.16728012012743,75.73171491038255,78.22628291242316,85.97084930715194,85.606868935061,76.57781377388957,74.1947289985436
2025-06-20,77.67875139363207,75.81037575304715,70.6696758102521,68.48819816257915,75.66036514832139,73.13847341089149,71.19984748851287,59.19810330167503,76.9000223116523,73.85714730240005,63.9888084871881,68.27710869205539,36.65720746802971,51.847833918408256,66.99257391000812,66.76386600428134,75.55239549579218,75.76652854163828,79.80432749790253,85.8251883214891,86.58248411388197,85.95415572726864,78.27868803058396,75.3061768575836
2025-06-21,81.26927898114243,77.42142843528912,73.93602354030587,73.54247426836804,75.06299360101416,72.3688999911278,70.56139479581994,47.70880165898533,55.21479038339384,51.69416495348246,47.56076270441769,43.62338637541787,27.104588499498902,36.78226850317634,45.92764037276169,38.099723436193564,46.71887818468875,67.72850898082181,71.21833076936788,86.39234755999517,86.53826214354316,86.3554526555704,75.86939913467452,72.70041038741053
2025-06-22,69.79119082682365,65.31801191832679,55.833932238147774,57.87380704022963,59.85276962716823,57.82613314599428,40.797584177276384,8.369223258290187,6.261961169345925,6.40440722330986,4.957717739696727,5.99221762914975,4.884871101482288,6.593582745520179,7.12157304993336,7.654602554541753,11.757900033141437,36.55544131380728,62.077909056862055,79.25533060326487,84.3880728792367,84.58799737301409,70.97053722334863,70.3901874384923
2025-06-23,75.00175127568225,73.06082055867884,70.22573279311644,71.50654118668108,72.70304376056292,68.642927867443,61.9857998119417,39.21789857552732,72.33278766455625,70.22002578732325,43.780803536447706,44.41401974934589,27.423787900665303,37.65424570243232,47.75579781791237,55.60667746488005,65.00209155959745,73.17835323922706,78.88721649255719,82.42486880138354,86.2832756707213,86.3745757917305,78.74631721981748,75.23334351828095
2025-06-24,73.45254434807235,72.39537573477489,73.31514235578139,72.17890220511451,75.49182657334838,71.84522222408268,68.26257186685001,50.01222863299882,72.01243329752688,72.65204254290258,55.941147805916465,59.11866536717785,37.666063929467796,47.90627235169925,68.10924146436783,67.44598106647923,74.03884871779248,75.17289310521251,75.66938186973805,85.08341932616965,86.36274747320367,86.32553648405076,75.78260635337931,75.474254675855
2025-06-25,78.78899026548437,77.16455338346447,74.57248905340421,73.99791601502899,75.66053520633095,76.47046427918488,71.01802845184315,58.75058417536815,79.24670078574007,77.36121312179723,68.58562841846148,61.6852067414275,43.29233031130888,57.37045016328121,70.5793881565857,71.61600036139164,77.82569421070426,78.1914822307403,79.17792133229486,85.80595142815137,87.2353899966663,87.55901175594185,76.69552007378093,70.58321498096785
2025-06-26,75.69030856752778,73.76071100177741,72.10220182342249,75.2272069007802,74.90152332895832,73.27515797680026,70.04816407279107,55.254360913935585,77.01171897526693,75.81263926720531,69.56403262343677,66.59744505453622,48.435276696457265,58.90376369529544,74.23914431761804,73.45045606252637,74.73176517419104,77.46319925174294,80.58062800108364,85.7767971588726,86.0699179415488,86.03904252593964,77.03058666635037,74.03587947161029
2025-06-27,76.89089766069526,75.24767433407067,73.87955202251642,74.26978918815557,74.45550687976247,72.35698852793894,73.12128586337806,52.72013768166704,78.3295194834626,78.8355028485555,75.65612873339455,75.64116311673037,59.3552296300326,61.35259593334892,76.05576147358711,75.54219898937005,75.61038939287424,80.13296880611233,83.7289487724486,85.7801187809701,86.82463100748551,86.76307523107593,81.3871808793545,75.14312121263255
2025-06-28,77.36233384112828,75.11955837558233,71.57618054679747,72.42896684708029,73.54716887763763,71.38307042855479,64.50835283005841,36.81789625136988,66.10894437372077,47.695645255645545,32.848489330441105,33.55185771669139,18.92118483481084,32.863768542723705,37.07393709126755,41.78490591125153,60.63413677887226,73.84504053324629,78.15235156933466,85.76598847031597,86.16764131789888,86.2337218794154,79.87879779918984,75.53111891584547
2025-06-29,76.52624950758094,74.65360277786567,69.03719367908963,64.25185316385144,70.26978902183248,58.969101933868416,37.890125894316704,7.153999042521907,6.5037028317831,5.33517908201823,4.416994153465438,0.49464842484616584,0.14596348640889836,0.7496399111280789,1.3650681193057097,4.306418447285366,4.224615759796386,37.49730925164292,64.81833399016503,83.45934260367147,85.71075590701089,85.81295072573114,76.99449204762138,74.42156745933913
2025-06-30,79.73323787097321,74.09797837998727,69.84912981783691,67.44274250860204,69.72575932147576,68.82770866205637,63.9216887478797,42.800000455084444,78.91567184535825,72.50206784291301,60.8846475875032,54.988673013834095,44.017859123645486,55.94373559406587,64.14108497423531,65.4097857550579,73.7061198885409,73.68981255058608,77.02621403063822,85.73970666888262,85.84442190840446,85.74501981912456,78.06061528410567,75.74690866071137
2025-07-01,77.20234985843935,76.21580699633873,73.88933733616463,72.52052033493702,75.16245580743701,72.54230700003001,71.71316080650953,52.84873549383964,79.42587764918862,77.04421918862124,71.80683220849255,71.62864512474374,49.1156843351597,65.04858017189973,73.74494925663537,74.65161248696693,77.07388029389041,78.12543752039309,79.1778702110821,86.48219596241566,86.25933361333547,86.09968396769159,82.40689517462329,77.2242220240473
2025-07-02,77.64242564084705,74.80781432848869,72.8795008479056,72.90965123363084,72.77344112879159,70.79985123327545,67.68176903629711,50.592447394369536,75.17852706996315,70.94389669512336,59.99891474904186,61.35394969330271,41.171924455946794,50.948980178084604,72.75016062594791,75.73856089724958,75.62611614444467,77.10786078869467,79.13374855197756,84.21376168194115,85.5109564671235,86.11569874307436,80.87817494544116,75.91108249436036
2025-07-03,76.58285492195348,73.7371862297802,71.93502756699628,72.74800975476063,73.67051660363876,73.05220125655475,73.97654802132197,51.153504421873826,79.94152477145164,78.25495326164145,70.20698415992052,67.43765627892151,42.35392129588071,53.6315142757257,69.54230730657258,72.34869573690987,74.85472443533851,74.8784317612025,76.93464371710242,83.84891341143597,85.14190190543353,85.21875931402417,79.08354268758379,76.94120785229582
2025-07-04,74.58055967094248,75.82560961738557,74.97845879521113,75.29712343707361,73.20404543325509,71.34990929442984,67.32232297802298,43.27148498939982,72.13443021305027,67.69608979515654,52.91364546489528,49.73501447463545,34.875095722725725,43.08248284977835,64.28620591419799,63.05590285570224,72.22045378061674,75.0413467626897,73.3896103019671,83.83853117277593,85.43372050661114,85.62819219651138,79.8718286009865,75.77919221860101
2025-07-05,76.65996366302382,75.00316147789873,73.30613069681138,73.62015157077708,73.4778666953344,75.89892899777861,71.95823359074845,45.26774559572866,76.87725181198996,70.10187254175872,60.30841471322182,55.193517986796664,40.438524368628535,46.1725842528692,66.93946248641312,68.28173708778046,72.2496707767191,74.86351527559701,75.48576043890365,82.16022431191608,81.91888607144129,85.42419810722555,77.27364609401924,73.45121644251286
2025-07-06,77.91033388120495,75.49337528586554,71.93727194913495,71.89217401768002,71.63109780832148,70.71852343268127,70.95664843221522,31.054953854938237,27.38172599835187,9.593389773402713,4.238966357027822,2.512889073922784,11.401130921905573,16.713978738961597,25.2656938011867,19.067366905853458,41.07756462524133,63.088376321079565,76.34842100825531,84.1096771052258,84.32729190448501,85.35909569687149,78.29442717581391,77.497858723498
2025-07-07,80.90304244605416,78.91007641083294,76.31344264381637,75.39234459513452,75.6408145839901,74.46344157944709,73.01591282330367,48.60745881960099,77.12164199266445,75.71499417206466,70.9231262354674,68.79057732892241,45.68234740740632,54.77388242304738,72.5816180644031,69.4556974024139,72.96815280504886,73.65743240793267,82.39405601703085,85.43321248429596,85.9901179790834,86.13911372976547,83.44455697503159,80.60962044623433
2025-07-08,83.13543643331062,80.03436020644695,76.23587562500704,76.18621165776104,76.37121398851336,76.39092007983179,73.29987853068502,67.58405749183068,76.41313218251054,77.35716320136909,70.91818960294809,70.90550766339463,53.30074963947677,64.66702845518007,74.64706809663627,74.54053621022446,78.02272123090374,80.61003641253035,84.36116361437152,86.00830014713841,86.333755034981,85.88468886140136,85.32568320926765,82.96387821763274
2025-07-09,84.06280594542025,79.90825989207353,77.0102489895583,78.90091945678968,77.75819555372095,78.05957443054737,76.32941653659795,65.4160188339784,80.32400799479579,79.17135021454219,67.00343182806223,64.04210534485276,47.258738005842815,57.77500217872042,70.77936578528022,71.56043276629848,80.43218820125321,81.89649499299583,85.2505358506221,85.12069735373073,85.64425802857204,85.80658720237913,85.00138614994893,84.39700189177526
2025-07-10,86.08450035824474,85.05011388627307,83.81696758133498,80.61678386569751,80.34050472212006,79.0470343649874,74.91237993466041,63.08105410311087,73.60005279770587,75.11174021389083,70.26248824216611,71.72277641434972,60.926012238184775,70.39507745901453,74.51918023517882,72.9111015764429,80.23441116924214,81.96836954788127,83.17340478167108,84.4604098087159,84.70294301788769,84.72163348443682,84.63025343352197,83.53231946437876
2025-07-11,81.24523548238996,79.4191340805231,77.61734744791373,76.74928399307622,76.04408398423423,74.60646030229951,74.40134320919455,65.03622889427035,77.27311417581151,75.95222413781526,72.40874168302976,65.26016006960043,42.038432948093686,56.77463529755142,73.39730267065008,73.93981027271744,74.7871804561117,73.98355658251714,77.76612952694025,84.18953984577259,84.45978968705892,84.59821528508449,83.18639873602675,77.75304595740722
2025-07-12,78.35205405130012,75.17497301066925,73.34657817274729,75.68035471579964,74.86275291844915,74.71440034002062,69.54672869838271,46.039919094339474,72.85290294250866,63.92458055674248,42.67055514077462,39.79980037353192,30.914796958867466,37.04330386023849,43.76624962348005,48.11659989994384,63.13218501995306,70.29868535363346,71.45683293948811,76.94282462441765,82.26885519504548,82.41638712360961,78.60523402959583,73.62816694810387
2025-07-13,81.70372968677789,79.93930516427068,76.6012305024292,74.1479956205322,75.11404204237195,73.1259962220572,70.63286667930369,27.922457176239444,31.17500871438304,9.525147590866514,13.609413821513455,13.808556342834924,13.701530835246214,13.406151950779329,17.354517781014756,13.730851315191714,20.925586412880854,48.42825414743862,74.59267544086,83.57437610949526,84.79303636613724,84.90899738070539,75.87111030574955,73.32657303402472
2025-07-14,78.94206166286537,78.6217790345151,73.26491846798032,73.14017182695493,73.94493193300895,71.42234349445259,69.74883698648185,46.97494493188965,71.5133296643703,70.63553069542965,62.07126219953255,46.57967885854322,42.10279139263109,43.59447023584941,66.24380403638472,66.56538701054626,75.26826169732354,77.22306913634787,81.10355259371833,83.91337389550702,84.68935360211435,85.01138609407138,79.45802916321927,79.90411825013717
2025-07-15,67.0481012086251,62.480775025096804,61.035530347439604,59.167088118877686,63.455084283872196,59.42814009134962,51.64322475756904,41.62209119364736,55.992532304672004,53.23422058507875,47.52424453338335,47.15830432023869,40.992338934999985,49.608641742798596,55.45443481366283,54.61734534101179,59.78398327413809,66.50350109041942,74.42417442129972,79.60536554487271,79.68062150766833,79.82433512298381,68.84229212633598,60.343071481292036
2025-07-16,77.7758233203522,76.87607621595222,74.78867764667275,74.28826582807287,74.25649847406085,73.80406942734126,72.72205350383096,56.96035306295726,73.42978293810451,74.70850251816776,69.25238053296714,64.19510627617383,36.772945487354676,57.97111512432563,68.80496080641484,67.56720505070724,74.74375195276367,75.23265304702653,76.5275887742906,84.44327732553441,84.91931356469553,85.75319521108379,80.2107251201852,78.49953696504467
2025-07-17,82.91717426776623,81.27500451686822,80.28542800124839,78.10311320079639,77.2405455929667,76.33851373765363,75.95151718378601,66.46845555108102,75.7882506283463,78.66830525825772,73.78909658906774,67.73561590315558,53.133645923121726,71.33891465120554,78.555619873331,78.28872591218506,82.22295618889916,82.4060443480498,84.37810094236428,85.68790129559949,85.62221570174005,85.86985490539428,85.96467451561588,81.84897142862283
2025-07-18,85.96990929994676,84.47140134839808,83.8162303213413,82.22645507731644,82.13944541079898,82.69955645500754,80.05989941095734,65.97039565490392,82.87465549622557,83.14941644246618,78.93972781756122,79.33060892095172,62.26084228990747,76.4461994782245,80.78962733923855,80.12617055490111,80.40752912097986,80.86458884912557,82.6491933066643,84.49803809440756,85.01376678460605,84.97547823289639,84.40259037478452,83.6272019815125
2025-07-19,85.21088379867895,83.03414667793655,81.42304657088617,78.44299374606534,81.93670544542498,81.34998485382744,79.01649889773975,69.9269849057359,80.73189391385405,79.52770413966198,73.77539184103428,67.53521514409822,56.01875007104606,59.71546652094297,73.47077670522886,73.52242205883348,77.47778574634822,81.32845482366477,84.16286789617034,85.74933889001419,85.7228957921157,86.08436790680732,85.225188716717,82.65392632150098
2025-07-20,82.23851846887092,80.50386798718114,78.65186296362798,79.95302699207811,77.10550371867326,74.88855682782273,75.28446853042428,48.13355952473114,51.678874721977905,38.9821373064534,20.03482904959435,13.018190962510412,18.193165838129616,23.499796440372343,29.017177408767004,34.44030600551393,44.312275890409325,72.62490160308153,78.97533530899223,84.46524922056753,84.90109182471352,85.38399387579962,84.14114420723875,79.77201231256527
2025-07-21,82.0061716888173,79.60055860470621,79.23406154402504,76.7946123337092,78.65836044640668,77.71620404622028,77.34803965497301,69.02968441946427,79.52406923439716,79.21091013951353,77.1435523193047,72.33385361765319,62.58445972267985,70.31540870099627,77.80638522131875,76.68820334975618,80.24666509669969,83.52399958654858,84.21903961680245,86.17794607482034,85.12851164905825,84.97890380261472,85.31489865823752,82.19444232166153
2025-07-22,84.70438835085892,82.93455221862533,79.52396324645485,78.01409018394503,78.06647558050616,75.75820075858998,75.21290555074111,70.34341895912397,78.39599820619654,78.6600048054994,75.9350921991311,74.81151441445859,70.94292233253255,75.6878125488699,78.47384768714548,79.81705391367286,83.83839766181399,85.08042826094183,85.5405875347185,85.59742191431485,85.93967108027269,84.77653462078538,84.70805250413203,84.4008593429726
2025-07-23,84.64106785407792,84.15638077039223,81.88934791293131,81.15786686448989,82.56047614179712,81.71359462609983,78.28955382764555,74.86813603417507,81.18432517203117,80.69645721762639,76.47138682142912,74.92855714914596,71.05580252941591,74.73015020899993,76.07555665117239,77.94279536048295,83.55729215783002,83.42885632804294,81.732986370268,84.6968759683867,84.51526569385923,84.44586420017178,83.43240388824162,83.4203828748918
2025-07-24,84.00595939804784,83.75684012835039,83.21850653247604,82.21684824239742,81.57653106813109,80.40746871583994,76.35575082286472,73.90662057400701,83.76629996228434,83.22822297782096,78.23665278698263,76.104639400375,72.52581357995543,74.40067140220465,75.31032261788712,75.1931183688397,78.39952551818675,80.10035946198826,80.23022413573139,84.28126039490485,84.11539700674646,84.40859457196413,81.658004132913,79.27910784944694
2025-07-25,81.53813744410768,79.12950718417059,75.70625244763774,75.19108348669091,74.74031192112407,74.9231309473902,75.32196549394722,72.962048040349,78.29900009199997,78.94714175500228,76.88018054065216,76.34321574635253,65.14446522098551,72.95153001400392,75.74745026695246,76.37063296602032,78.92090583693798,80.53963966072854,81.60994363189937,84.05038790520133,83.80303165190799,83.92994847390787,81.84278977706899,79.95831718478712
2025-07-26,80.82655044119731,78.47296826191733,76.34650089877739,76.11320553036428,74.02107267309702,73.477052670026,72.62944115032413,63.40151907307434,74.16283449714788,77.67714420723543,72.36685812464847,59.36231997089268,49.245400702379634,56.26417883712623,65.8952233257304,66.83230573903823,76.6486366869312,79.91218738978708,78.79924675333078,83.19323401740826,84.18415385229136,84.06332168139875,81.71089755369536,79.92059536638459
2025-07-27,83.12012230453787,81.62105573936887,79.49593958100145,77.0690728731193,77.07658304523362,76.82498503804912,76.61465519540694,64.86042737339697,77.59100460821031,49.9972085311474,40.092283669231,40.91669553572608,55.43102634192692,62.92561309317648,72.74854231278593,67.36693475965981,74.24798070426692,79.29646711635398,83.84896851748691,84.75450700659552,84.6163708655874,84.59568773356811,84.20286833946392,83.14115565187302
2025-07-28,84.0881829570306,83.5112214255205,82.99715901161518,83.19452040134557,81.98467919639756,79.04829197766345,78.63596379529467,72.7377231947498,80.92831547320051,82.01498691102232,79.38582236601398,79.70909287034426,77.23350991571552,80.13100940881574,79.14527934587115,80.44054790893126,83.08088772435626,84.88945912297586,83.82510742633997,84.42219853344753,84.15975481421553,84.09679327028678,83.9018384161027,83.79570967948511
2025-07-29,84.37062510812136,83.56215904138874,82.12319448763112,81.31323352908989,80.40513681554232,81.84936257927413,82.19346641921733,81.62651509361602,84.34496986263336,83.41467763796392,81.7814162112397,82.07890394641764,77.65848871867416,82.31959653058902,83.36524193742929,83.34292338974383,84.17077196765341,83.40368704095016,83.20172545806736,83.92673487303634,84.16852600952338,84.0941044474606,83.48070782186244,81.49187462204561
2025-07-30,82.81817268290663,82.79018198826618,81.74798397878264,80.61776254645528,81.12707103076376,80.90546228222777,81.00460425106769,81.18142443546027,81.93394562934323,82.20460234838424,82.0852245945687,81.72069558317109,77.97452779361716,82.1975742578999,82.68710293440246,81.73276734993325,81.29316194434807,81.17863586936328,81.02944289531644,84.12230299608626,84.15952397554587,84.29439128241378,82.21284725395923,81.64556320054827
2025-07-31,82.68862168744293,81.16168081697599,80.87754924054632,80.49848474605632,79.00359922042054,77.61833769702821,74.40415481448517,72.72386075827042,80.49961491405881,80.34156254401383,77.78183346070894,77.66742713162103,70.5624284146501,75.933907364748,77.92905311885283,77.98946680879496,81.04797069158558,80.95248745444351,81.30937367634925,84.2703161246895,84.17123266998753,84.15262232038782,82.65951305466066,80.58682038598698
2025-08-01,83.9222102897032,83.14096375425524,81.60602687146589,77.61725958731238,75.27243242675739,74.22340677170712,72.76123120128105,68.53000445963096,77.08851874087968,78.6192659472455,74.78810563756295,73.3091096538207,65.06101626491325,71.8166833367545,79.10648488359594,80.7343312026665,82.99845657556186,82.74441317345082,81.46048637835551,83.99086288961571,83.97702350603517,84.02341100765386,82.8057266505563,82.64367366204799
2025-08-02,83.25733558029692,82.14931298021268,77.32586989189642,79.35363083787051,79.4597335285673,77.1071297817239,75.20124696988375,62.063528225956794,76.2058872499603,75.25411965386682,74.21095972774911,73.38396050948874,53.158114174085746,64.91532914432194,74.6643244175936,74.53267204468939,77.16893871858204,82.96621609308337,83.69656726409286,84.15192143034535,84.16695659538223,84.17887911628341,83.76446015432731,80.3741618941257
2025-08-03,82.86485201845369,78.4851548785986,76.87479153157409,75.4607683924504,76.2978608401059,74.82805204502714,77.36764267033482,65.08069529008117,69.46197995199734,63.0573042657447,57.421964067078235,68.96227529997809,56.79105883386155,65.65906223534665,74.19884860691617,73.47183924572643,74.54014876778164,77.40826332454769,79.94813978513041,84.01953926789693,84.0892454902331,84.01965456776838,83.97412106504014,82.64805633765073
2025-08-04,83.8952475994777,83.46730147325117,82.72410532400967,83.15246498790633,81.61739776156207,80.81809287726965,80.19918777332548,74.88539508437051,78.7879882085614,77.59843112187883,74.18316182137887,71.84199951768102,65.59885472288457,71.59056140902815,75.51778535925166,75.78684438496367,80.05095483364542,80.41166985762091,80.79161283374047,84.27794434388916,84.15744557927175,84.17367301854343,83.75067598016783,83.76194208778067
2025-08-05,83.76655964747201,83.27739547682503,82.97687868449762,81.22518743061094,80.78493566195344,80.40579358623485,79.11264504591196,73.64972531344188,83.89041704719986,82.53631749595222,77.70419193782769,75.75534144864945,57.412464687094584,69.97424471018093,77.14373744743027,76.58378185500887,79.3764706377355,82.66736511818232,83.05832628925461,84.08288419925397,84.27690951262656,84.16360466652918,83.8577024665817,83.06647473708888
2025-08-06,83.75351169547535,82.08647758474746,79.8458680431661,80.72228519669272,79.00618699841682,78.56214983243306,77.20421018259603,70.72583554821655,78.50821466342144,80.17095234675544,74.25622995477758,70.59658843784771,60.23400580759777,71.24913681238108,72.21061709863379,75.43195444375165,77.76998261482568,81.33309055008853,81.39259634757374,83.99811158249717,83.83248058455335,83.86477606446253,82.6198946834556,80.81280612747538
2025-08-07,83.80484830487771,82.69481516194682,78.64967166671332,76.97737390941734,75.5167909499438,74.75019019099346,71.21251463110747,65.75693116174835,78.2440288995684,78.53140577339174,74.67695514587375,69.31273545084656,57.50632981804165,63.835060318773316,73.55376625724266,76.12330306501357,77.69473055943273,81.75197377400443,82.15179641467283,83.60383743665055,83.9207294111015,83.43000982994467,80.90447585507009,79.95012829482754
2025-08-08,81.83473594910481,80.55199303696563,77.8327665305369,76.34254936969475,75.51112089325581,72.36265703429487,71.3909880203534,60.966692526268126,73.27888559830038,72.92391881601057,71.47611613031393,66.82715158792826,55.06672145411162,64.81674205402979,74.03887335286188,74.29606657960026,73.83029428994746,77.06584342671748,78.57104118335641,82.37049963995327,83.51094298219553,82.34197189339783,80.44856485521646,77.43834093456631
2025-08-09,81.59013237699165,77.18364522015338,74.90860983893438,74.9138128342505,73.74901138782856,72.03714278922851,69.82918372045121,54.43215381621973,75.56955193627552,74.55264333500902,60.90882504449421,59.511572367196145,44.00007266981634,61.84152445702906,73.6945883683751,70.8295758235175,73.45916078408302,77.95235463370851,80.52832124574122,83.96332560727076,83.65448854265743,83.87407163146995,80.64875913647559,76.2502951648727
2025-08-10,83.32683656827669,81.06349827024212,78.23832502006789,77.9937750056753,74.46810519194045,74.26479930998565,70.31821527066542,59.473336583255524,53.86156806166137,38.544741533292104,31.91884711124428,34.320764778606055,26.535725112191322,41.68927147165367,52.61892903362716,66.98053444160587,71.7316385757328,73.82868365851071,79.85905490369257,83.80163777316791,83.78801146887578,83.77334999004694,81.99615481254595,77.50936373413901
2025-08-11,83.81450560600099,80.56725326424092,77.85113196324471,77.38564381181595,74.3073578862899,74.4351701280975,73.45498771718626,64.98761340851799,74.19287265446518,74.67155861583512,69.57482296500608,57.454596595173165,46.463285656139796,55.19285561061471,67.16434572663859,68.515286799126,70.86271041185479,75.63870358817061,81.63436397617,84.05957806935798,83.73132577130238,83.84641895414208,82.7909724145602,81.88267803589913
2025-08-12,83.5217667160685,81.0261725071596,79.14331884113922,79.13144450508365,76.50579962668048,76.7432498675326,73.88444096686857,64.29752325553952,77.85002399913463,76.96826449036197,72.03021412477146,68.17654931721472,61.48257314947481,68.52629536076682,75.40286626317281,75.19797149633801,76.2120982211159,81.75754167748096,82.22243974940176,83.84776541974068,83.7634854746322,84.00433563381273,83.46703276327138,82.1266665567024
2025-08-13,81.58367887619873,79.55764778336206,76.9103955306857,77.26905128302052,76.03309259766007,74.62469729065546,71.28606051368124,65.00403938663663,77.24448044790279,76.98227266789527,73.12931406844845,70.25914078267174,61.0483009495662,69.38912893136443,75.65374406909284,74.84583995205212,75.69848514251649,77.3501196536364,80.39817167475718,83.40601946378995,83.38347766678154,83.43879921534021,82.27419964392583,80.55234022691722
2025-08-14,83.85404125911165,81.51392347565665,78.81018100195374,78.31194031743408,77.13847601980132,76.17685095105657,69.14438981600101,67.20963842201004,77.74423866863238,76.15381199846304,73.23467650797605,71.1824110042342,60.60596255574884,72.7516398047312,75.98776014275663,75.96839456906004,76.43517732000085,80.37369597810665,82.69998669873794,83.52855103120733,83.31094974777668,83.29271497715723,82.94862797082617,81.0288616669208
2025-08-15,83.73674316411743,82.63988416949357,80.60200975318824,79.08097343419522,78.90835502499627,78.3067441643148,74.3055627855912,67.35766287040477,76.79477109361879,76.23012850677114,70.3493206859197,70.04635014283961,55.56880567199565,65.78240998655745,74.70957311558863,72.75470555483918,71.95741268342506,75.73831249138306,82.15489950974198,83.57579279894506,83.63187058561675,83.6204831008386,82.62177434808575,81.02837187048803
2025-08-16,82.80655354209726,81.66496434024099,77.16999851385604,76.74195041612586,75.17872975505513,73.74977078187241,71.1676137559432,64.7674985685665,72.30072133591933,71.28499715337662,61.70724414019958,54.64083178610958,45.35699930950641,56.90658862244099,66.9569069863729,66.90597289145713,69.11495597651279,74.82605880861014,77.03833718442364,82.87501829028909,82.57754656484559,82.60008925092562,79.45177682160636,78.0024367338135
2025-08-17,79.44469539227865,78.39664571075451,77.84504687234909,75.1703057148662,73.785585925405,73.75701500616123,74.26971218807344,64.9651933993133,62.79021419622477,36.06529840213886,26.1404024586559,33.00151644662286,26.15667055746309,39.361876066620134,46.65057362800804,57.64802756784326,68.97484722957483,78.50779734180864,81.84675201909279,83.64950412504973,83.55452508781246,83.7968368036022,82.40205788400664,82.26059529772027
2025-08-18,82.9034251845285,81.88653166400302,80.36711560923042,80.87116753655651,80.82764461297705,78.374812748595,72.78782134754539,69.1061210876625,80.1199606325609,79.53865933155998,71.91698596065451,69.66045619161919,54.775487293846766,68.96634430266768,74.1698072564999,76.51095238672714,79.9634185247325,82.80163269881714,84.48611228748028,84.14970796572592,84.22863082899585,84.02528738003805,83.67407167462986,83.23842202331333
2025-08-19,83.34140798677409,82.80093052973162,81.53690591165149,80.4750021525144,77.87086277543204,76.98132620489798,75.14600772241583,69.66720309962128,76.39134084542204,78.03475243018438,70.81988561804397,70.18074720156754,57.92929983705396,71.6705592147019,75.90512017063907,75.67585567294907,78.81945949838317,80.77604434374165,82.30944938494866,83.16732448266046,83.2015458542005,83.0935822672907,82.14494523564314,81.39408358055036
2025-08-20,82.65721590519915,81.36717282789672,79.19770242925937,78.71854485705305,77.27775835470754,74.12073888238174,72.98320930944791,66.57302360393987,74.76412067914792,75.05341560532341,72.97187153088615,72.195350319637,59.51724057725315,70.18663869683004,72.9253042583904,75.64842673343716,74.74023589136779,80.60846096377887,82.79308602763578,83.53259800274597,83.56159892572896,83.47849365771741,81.82933886530624,78.38799336383123
2025-08-21,80.39045760589593,80.34912024183492,78.72264277612132,78.66802794005453,77.9552586479638,77.89450439499828,74.91622138122513,73.50852937993403,78.73860601073689,78.48692958366335,76.2876943780294,73.7204118766809,60.87438766097227,71.96348374788982,74.23001265102242,76.15055795665792,78.650568995536,82.50412489485839,83.37496711742695,83.4705031519855,83.52116841522214,83.47168032654207,83.29658081237704,80.86526003400779
2025-08-22,83.10318539769027,82.07026805022225,81.88061940922452,82.76992064921751,81.4982860793306,82.24444562293371,80.94037752068358,74.35578702683078,82.37916035212173,80.1766204536478,73.16772502035555,73.11551690950886,64.23497042829885,71.52720627794726,70.4862545855389,75.9371567097544,80.30473804528778,82.75277239388069,82.95806889384917,82.71409698522346,82.7390808629845,83.02355963732457,83.54096968434892,82.5433456957129
2025-08-23,83.22018594661381,83.3209997322328,82.36303347508347,82.14847772399233,81.48924088855392,80.01511382380019,76.8597631740062,68.92537485011765,77.5874784320108,74.97911568759032,67.59588770586124,65.52330274146433,51.4807559244874,63.88009521585627,70.4643926139176,71.11841112928917,78.10365019367599,82.49790047144332,83.33989129298605,83.59916582447377,83.64020963431862,83.64555799889148,83.32501876844766,81.60653539889616
2025-08-24,82.85810577067075,81.71952976836496,79.66222570160683,79.5334925690259,76.27176643684433,76.17218405800847,76.79263407028624,70.60773572926273,59.186680170273625,35.98089229302459,33.95545048187061,36.35659265559534,32.827472555290356,48.04745543930703,43.01342317339563,38.272092280207765,60.56170486914546,75.85522524524342,79.2258578914643,82.8995133370535,83.41400533209512,83.5950931115507,81.54012765330498,79.57223748576737
2025-08-25,81.87039594510827,80.91082097284819,79.43487587140818,74.06422049419987,73.3617747988467,72.93814056926783,71.54801974787893,65.90724126758448,76.130764108945,72.80523630280675,66.64436740485151,66.70287545029909,51.08128370854655,66.88870517304399,72.19270150162768,73.10699949488992,76.2007365715616,78.79257862809276,81.10100259112322,83.29082435519057,83.35503992459043,83.26355790273071,81.11742997423066,78.98983841948836
2025-08-26,81.66481151827486,76.69741785648787,75.89194421486896,74.29025096817841,72.96601658304057,73.43349513538747,70.3143459734561,60.63470263365567,76.11685058083208,74.38796857790913,65.96764063723813,56.95991564011487,42.635581390939755,53.769360554910506,66.41690715459934,68.89301745837898,76.8440873848998,78.56393148486644,80.0295069747865,83.46661285032802,83.48042371773991,82.7811480594766,80.06687785686862,77.53108600143608
2025-08-27,78.027854438865,78.08216778134215,77.23018155358514,76.88091111287778,72.38297084661878,72.94316986842077,70.39818929295421,62.964040905121784,76.17412506867677,71.29248380292543,60.53941808298975,54.29230359618772,37.695317191094574,54.16348414698138,68.76087214839161,71.83643714378894,76.7182807306046,79.24861333175069,80.66276061228292,83.42763072697971,83.3816818478812,81.69618022913916,77.39266943164817,75.693234159888
2025-08-28,77.35223597322033,76.62910021577171,75.0738253983534,72.02038182379758,70.94257525736757,71.07023367992471,69.51468078913989,61.460429558503094,74.79026266120067,73.77527469779008,62.810717970722806,57.600892529938434,39.76417848101066,56.720982281873994,66.43630750373008,69.74325891736105,76.32856199640351,79.10534422851367,80.9440232912303,83.35665767752579,83.30034814021968,81.09596967366177,76.2382303590673,77.02100736567735
2025-08-29,77.2892007645406,75.85405738987932,74.22887640376922,73.61248505875628,73.84264920037351,74.59735470917202,71.5369028807228,65.66648952259625,78.72988545047201,76.95439703373931,65.31268841403784,62.712277965898984,42.9830117471667,56.35994184595776,69.12543216587977,69.63509524875226,72.51795237082146,77.47437458534644,80.62172543900579,82.43889485034087,82.57972376749566,82.7442921341831,80.41122197608807,78.18082361881713
2025-08-30,80.15479299042917,76.9340666194452,75.25669330229603,74.89503943213201,71.96652749856672,72.65333280892669,72.8136364047163,61.507561757160325,67.37362519431083,60.002519627665485,51.52707957188415,54.18136163960811,42.565836712000085,53.55417965982823,56.28103216722042,56.950107838362854,69.13284134602759,76.81912190783483,80.74371546161555,81.16286305465258,81.28694292066571,81.3316293802421,80.59569562302528,77.84361590303567
2025-08-31,79.60598353810856,81.95470754497758,80.0787138186528,79.6394383635802,80.61611140303731,78.55585713535822,73.22131138425294,68.76143603232434,43.25503059264319,42.71726101382598,30.30125445208621,23.157032024525197,23.371438067069338,26.856834535726218,31.945836904959123,40.87154727064752,65.04014850619224,69.74304782228896,78.07296756933667,83.78113556780937,83.49185683449707,83.11682607033248,82.05124666976182,81.4740253458105
2025-09-01,83.76814324152875,83.2326847801531,80.8990173968582,80.73386047632657,77.4807351021079,77.50788519982893,73.78052380342696,70.28432314585109,78.1038264660481,78.86444745725412,69.75251380614762,67.45827458742002,58.24552509496171,68.97592386147903,73.71607193309121,77.75088225853753,80.57042312272998,82.03587209643322,81.51267005595179,83.2130325838511,83.29415104375042,83.33498686201958,83.27031056278878,81.29818552862993
2025-09-02,83.2734623097493,82.17830427971062,78.33285055828419,76.7302299831018,76.56743140254932,76.69611365594147,71.53111912753104,65.82019180197311,78.61737043230323,74.07735577765662,68.24727229446046,61.35711607895969,47.00265457896218,65.70157256845991,71.57199854580595,73.35957259915743,79.14752026811856,79.69117146584728,82.19707642055974,83.10605904861013,83.15199619869381,82.94826632156789,80.2442342655189,76.16591733063163
2025-09-03,81.22689013593576,79.9011182616404,76.68103067433167,76.18651343343328,72.41940389540638,72.62337053892144,71.51429317326937,65.83793842199823,77.02401255081841,74.34198710310065,68.54008376381876,64.41798449714899,47.82710047159456,61.38520893242964,69.06389814048981,70.04467404118964,75.4140904736602,78.62362046844888,81.10237605192025,82.42979768710931,82.14135120315186,79.95398908605033,77.34563880748767,75.43591107987984
2025-09-04,78.62229446882387,76.90427865916773,72.96992358757404,73.1107661168511,69.65933540989946,70.15505607687966,69.98287000395045,64.11108085438158,75.47056599121119,75.99355115086286,67.56761857976626,65.77557119845115,41.76748080885291,60.32624296175284,69.6657717482938,69.46943560491992,73.03198850441237,76.42775644146616,78.29426592873557,82.09910756859587,82.3991869023397,81.91966811411652,79.10078622642236,76.06110081408038
2025-09-05,76.86152450187026,75.58818111656981,73.22729889592209,71.76817066880074,71.52506754413109,72.77530424175698,70.25256861091763,66.09150469798801,75.12628839674313,72.66809009880484,63.537153930609264,64.30339582747129,40.94975520362883,59.58739958946535,70.42034509604953,71.98311259846646,75.96960612547561,79.66666100309854,80.23450675185691,82.60639705272565,82.67932811736247,82.50669397512901,78.76827965498534,76.45679729263226
2025-09-06,80.68088802801647,79.92169812934509,74.69583109083456,74.27409245851479,73.5679236453313,73.88699542188787,74.16320415182584,72.89777017909172,77.35497339126597,74.15343005029152,69.51392059728278,52.36045407816488,41.068800630279405,55.81999222529841,62.446171452119245,66.0429101904273,73.08253295406908,79.24756989355991,81.63244288687885,82.02622744646179,81.8129918162817,81.51597710227826,81.91588784325894,78.79380593410541
2025-09-07,80.0451838955087,77.28290367779023,77.04454322593065,75.89790963734694,73.6165382895749,74.12746535428472,74.26678954436547,63.76349923399237,37.37212007532719,22.76125583441268,16.14050660248334,18.10617447237061,18.250195881049233,25.88744630319285,26.622328098916988,30.747818045212988,60.43479431730638,71.15353517652794,77.38558856860575,81.61656420639007,81.86941133852574,81.35879195769677,79.12337523735007,76.44508498341615
2025-09-08,76.88115632022782,74.7256006879321,72.45715196025112,71.04311311754492,70.94179378635424,70.45380206235758,68.79323734118013,64.05678771928012,77.23538278211885,75.8981886751442,61.72802553099264,56.37745608911522,43.186887836202246,63.5030229589036,70.22146124850072,75.3883733772131,75.7597084455373,79.4297081611801,80.06239380936026,80.19483836814231,78.07334982046042,77.66868986180633,76.80528897329754,76.68512036385413
2025-09-09,78.13234668612864,77.41381932234242,79.37055959059799,78.72262885478705,78.15430447244312,75.9741879075908,75.74565734818779,71.89566520443026,79.81073266174876,79.65967323542891,74.51183215659485,69.8706588461043,56.428355063031496,66.72488763143966,71.67215758055315,74.2430505865905,78.74332348250826,79.99389692546433,81.21774222095351,82.81823766380083,82.3483020318917,81.50069674782472,79.83221690144136,78.82617195059565
2025-09-10,80.55919242933399,79.51598773625447,78.31513929869153,77.63952991741843,72.56217247577857,73.73320785162747,73.57650953263202,70.0910711797268,78.96426692667319,77.8152628099187,71.8720106366396,70.39713740726063,59.10277995266549,68.62957553782196,71.05201053590775,71.87410251492342,78.50510058796043,81.23847011868995,82.24131614816635,82.80510041564759,82.73615987110271,82.7583779416175,79.9141249967191,76.16123915434657
2025-09-11,80.47950887743171,78.43205039581767,75.62081101369958,74.437427376254,73.76179181111324,74.32028435341591,73.47760805024308,67.91054611519132,76.17106896859863,71.73195670142927,66.67593915440897,63.382263749282494,53.70568808468467,66.20973496026434,71.89693139690964,72.70401526265954,75.91928325362561,80.44253861939836,82.32038185987567,83.04206159371424,83.07262221055083,82.53984058443888,78.75844557115502,76.1111034978657
2025-09-12,79.67566765375646,77.32014046458293,75.56623254284433,76.13592957437181,74.93716838644913,74.80908666337066,73.94883210051334,69.5976875057277,78.38571928312754,76.85265738762126,72.86051024236312,68.67824187632618,51.2910715092598,65.0361941286735,71.77349912786593,72.5413049932606,75.47899223146464,81.04024523154193,81.62531180927505,82.23606900395399,82.42891453216058,82.32547366231698,79.07784263856955,77.08246170499476
2025-09-13,78.39736962433211,75.8494628723646,75.36683219093523,75.41401834774226,75.63983613082307,75.8893346825514,75.84618451681845,73.7045891586238,74.40478028640118,67.34295394819686,47.53862234942936,48.70196923546061,35.01968993612163,56.710240240963046,56.86072704985429,60.74858465876592,69.17895738489995,77.0661271146079,80.64887220516667,82.05022196068491,81.97396533228678,81.54666631370114,77.33164020910128,75.52978014945272
2025-09-14,74.68621383660518,74.36044287197528,69.45099529341512,72.17317339611346,67.65635010898474,69.39347705651963,67.98619533489497,56.998671021439755,28.384776111410368,19.307339678356477,12.461225259461367,12.094926325991247,9.334523070435193,19.202510989221405,26.92326676367012,21.42703998139722,47.89982783746263,74.20958382638723,79.32738102466219,81.8163059030069,82.35790689693337,80.42675970578323,78.55858658793488,77.6137912868564
2025-09-15,79.17293872801153,75.15009292721612,73.2886936658314,75.15647915965783,71.40644356806014,72.12322237910178,68.24750113372488,65.4872938012291,77.13486000111631,76.52151712982783,60.54138700109079,60.91904092649513,35.848875288069394,62.52596837682767,68.05673158251163,68.77586640031069,74.58087426356906,80.4124716181635,82.14778865709766,82.67642691269035,82.49267551869518,82.48365742331349,78.57284940796389,75.57821927312729
2025-09-16,78.55204493427324,78.14962514641532,76.72409346036191,76.29517139772678,73.50183526155904,73.79134972625344,72.4769410689211,68.08023688798467,79.11526241463243,74.742958986634,67.4909713048835,61.028423481846744,30.826200232130713,50.153481830113336,64.10031340717677,68.28393681913587,75.3971979672497,81.08078636217144,82.08376975205672,82.5655588180124,82.35752651011784,82.3507975767115,78.34542163321811,75.33948676567233
2025-09-17,79.48548678634009,74.20108364707941,74.89254248281715,72.60997462506347,73.82029343785837,75.14820999861126,76.37288979749093,71.4941305777267,78.57678489061968,72.58186879749802,68.0339059005,65.07293166067429,44.566880663766824,62.56704649604374,71.6291343321141,70.89674649189894,76.20694382967359,81.56651901745973,82.31052033344709,82.38940812930268,82.45542537636064,82.24770808063516,78.63407293921841,75.3536230349627
2025-09-18,76.22935488128677,72.63452679520869,71.09947373777612,70.98498062606677,70.10741099213925,73.3042112992662,72.1111545202523,64.94511650686654,78.23009035729835,67.68140028014496,32.6381785049495,33.171765801354255,18.627301201194058,33.289937570240156,49.70771866122067,63.26087496111654,72.18599230050536,77.81103026049095,80.58610976213096,81.15149122995302,80.94746497051621,80.32244140010599,77.5700101547277,73.86980718929034
2025-09-19,74.96758928580213,71.79080140024783,68.87014263152034,67.98008659606828,69.0100404239938,71.3677963764159,73.15456293863066,67.22111034068928,76.98946391870494,73.27722868420501,35.60773387702715,45.91177811967616,20.194464196586726,29.83262868255013,37.089659994024935,56.49529795248782,71.93687743249201,79.19880536719754,79.51704110345061,80.89255307916414,80.652914933138,78.19551999418405,75.3910601571071,72.28954200297069
2025-09-20,77.48723832272516,72.8499239128403,67.89098053247116,65.42158409086012,61.619534575841456,67.20877236732504,65.4018770261219,60.15267285511873,61.01446802441337,28.54390704427187,14.629700590867893,17.17913747876179,8.04963393985657,19.553711824508493,14.59929119490716,18.819617081814958,53.58043781823771,74.18575798421142,78.35487992642096,80.81255713129464,77.46455157918547,76.60283598731925,72.52897685063434,70.76309774260804
2025-09-21,73.94995226261021,65.48790341433251,60.10416074016414,59.03520238575718,52.57670811234951,53.755319453344704,50.552926503581816,39.28583039422187,11.71603268288505,3.957213925094189,4.23461983769464,5.264214218878515,7.655874055086127,8.122149838939976,8.08285328650363,6.8074959769637085,18.920681661693745,62.21596007559065,78.09638116356358,81.13035301718007,79.00087458312512,77.001566295668,73.7662400386256,72.20948888330845
2025-09-22,71.72096816013344,70.48984640630971,67.38708370277129,64.87028665202322,65.20931840858393,65.74130253733564,63.903444478242825,65.42278766511629,77.05743094607656,72.56521512841688,65.31216289938513,58.08061360869538,42.50555215761849,57.67119717091942,68.31301033596145,73.21306318096237,77.37914642822007,80.58876714262867,82.69559803391566,83.03356537030552,81.75554869064635,80.86304797674507,78.96950692752878,75.4696525608973
2025-09-23,78.38097846108715,75.32070805523058,71.30929376696017,69.83255247122305,70.85495226631454,71.68639612779012,77.32793687303207,68.99738897242865,79.06684512105159,68.03501463412111,56.30942654719018,53.72919284459936,32.803457795993275,52.208041582380325,65.230985240501,68.56587082553287,79.4724735539257,82.97550973698246,82.85943582544775,82.63601552251215,82.06380513489432,82.10418830619469,80.88045915770014,78.99760812885572
2025-09-24,80.23478508781056,77.62384894357668,76.37887495487637,74.73865155024691,75.64661802778404,77.98052167570712,78.6178206118275,72.255958940717,80.95403154851269,72.42285378111211,67.22768032199714,55.069128576494535,43.4105933872798,57.104483023327816,71.05307731429298,72.37504472510562,79.22925564699564,82.55392793192722,82.67067397603913,82.53499120880527,82.43375120312179,82.07911282385967,81.00503467022565,78.60682023593161
2025-09-25,79.62429414764026,74.48238159835611,72.5412297813094,70.52982544270658,72.88532650307135,74.54149840813982,77.76223114132164,66.2586130991222,80.05211637113173,74.40699556897746,52.46992287186095,51.4300096878999,18.69363667013667,44.040821309004514,47.86485140673727,61.83590748191126,72.47504901098917,79.8814599698363,81.56720669682753,82.27647781162547,80.71402959701267,80.3955145907897,76.25532237685697,71.31435852588613
2025-09-26,76.9430071055471,69.85511257810832,57.70914477934188,56.68833809437916,52.163400669371065,54.621864542798136,66.39467321123979,46.61478892412696,60.56171118579903,19.67417171980705,10.992805068477166,7.399753556643152,0.5484836259441798,4.890907469413111,9.227926410163743,17.50392617011723,56.28377075036543,76.43207759667601,79.00228083918816,80.91203387102902,78.27089441956431,76.42248913292951,70.93902358822868,67.38032554497305
2025-09-27,69.0194920758333,60.005723143591595,54.41661887090375,45.95501937921166,48.255864335718584,51.416575375762704,54.79762472582159,42.04801773650274,39.37146309289532,30.727074651914698,18.00751942733272,16.915052492246858,10.1762513720492,10.302568159575083,16.01880175869243,22.482522250275114,36.974495838968,76.7574162552288,80.25393466979887,81.64479270860852,80.61826542050001,74.948464236249,70.25895338204661,69.97956306441556
2025-09-28,66.65134967422811,62.55897827254149,55.17951427116691,50.87580546820603,50.53800035226625,52.510951112997795,48.88709156502521,38.51222367866021,31.03308199518335,29.220016177160783,10.143344099628868,8.876054686360053,6.651316031263631,8.758918902890779,10.073498119169926,24.73772659006733,47.80155429678135,76.84982391144895,81.19121196550729,82.19816616653776,81.86311097047326,80.00369410349163,75.41954809866003,70.67573064172635
2025-09-29,78.3215161824954,71.88444437890048,68.53706520419856,66.98432332915155,65.85948005022456,68.34141729972312,72.3490766416636,61.18624298036525,78.60583744097723,68.3716422244541,63.700951743288414,59.3510381333342,32.913417687375805,58.63701344038475,67.2628862938549,73.35513197259495,80.11836449616013,81.20199785397722,81.90995808626545,82.43021413003649,82.24201987081264,82.17915246690464,79.51353697344939,77.64840143080905
2025-09-30,80.60467749525598,75.64630181826482,74.31406962744195,72.62096279322435,72.46835090258199,73.52896937658436,78.83370205117082,74.31359345654423,79.08636953928513,71.85762752401753,71.12155175443232,70.54925020224786,54.40343181896571,67.50685716710517,78.38785948881815,76.97803781089439,79.49626837971557,81.45119232074758,81.86259191800504,82.32898845152982,82.08758070103946,82.01143794488725,80.5322485512323,75.6738263325255
2025-10-01,77.64838066763635,76.06757620998215,72.15803298036964,69.52054825688968,67.21770038868097,69.92093902517735,76.1949742818668,68.1137558498546,76.43588077175092,76.83809032211143,73.49929289129541,69.23759748393591,40.73222239553618,53.53215005503901,64.91945548645471,65.7066885681017,77.67076557254198,80.27925527939823,81.85104428916246,82.34407033651506,81.28870689764146,80.46018527322862,73.8652956079694,71.0067897022031
2025-10-02,73.8902752174081,66.94851464194522,61.32683550985414,60.86799275175556,59.99682261730113,65.75410149996391,70.44405343045283,63.75345286464345,68.92422158660023,56.2752004011126,47.66625192972815,30.750298568452383,9.372996730608588,29.006488274795252,47.61925028274071,61.26098682047734,76.07565471888216,81.84391587503801,82.24957488868142,82.21091730582592,80.67151836248884,80.05939112065347,76.48929397830854,71.44362989525533
2025-10-03,74.19583277905693,70.89143509827714,66.12829852630105,62.649795951742426,64.13016134634361,63.976811867866914,72.50021130348625,56.381652161133026,59.44322666129512,53.05765151828654,32.97995036796571,16.568080759955524,5.723092282577099,14.614903746221316,36.79927018184697,55.32233830334409,76.21080316319764,82.16555797496814,82.66926440723354,82.59762293539335,81.87912769071279,80.14282560290185,78.29920467812455,74.91123089218324
2025-10-04,72.72220261514991,66.78649545321798,62.337709708289395,59.19916182205761,58.63636466954054,61.86272313982885,72.7662773671695,60.52477131606943,60.39243417031787,34.39672939960698,23.55725416105584,18.393771248470525,15.400372693871418,16.727740159327684,23.088598614955078,41.60425986884758,67.40686865686989,79.2474189989017,81.45575562084029,81.55612058209181,81.42376568236367,79.40697126784028,75.44871008241479,70.31863051202518
2025-10-05,76.6959375992725,67.32358361733796,68.8038556648596,67.87100520813904,67.14002906475298,65.56603843710457,71.53664492845067,51.04863101144112,26.551166005383596,24.18887082426199,18.803808455675536,6.729413618351745,5.2651079673822405,7.180286157884468,7.603003810636299,13.586047265397324,47.180500245366964,74.2270268400673,79.52797847613914,81.0272785156041,80.69427194653193,79.21067080414078,75.14199708794264,66.99575369424892
2025-10-06,77.77117357896512,70.46261237096608,71.56168937442487,63.88914705071756,60.68926243064561,63.57795308748608,71.54169587198231,61.60506956068853,73.91275485812922,70.58535506719721,64.2735710430205,52.19461231187062,24.464942580264115,42.509402769726556,67.919597920139,71.92451301198136,76.69441167971382,81.20488508793028,82.17408536572177,82.22035784380607,82.13518198132242,82.02139409374925,80.04758241274914,75.46763419337012
2025-10-07,75.90356132715752,73.85048859760266,69.59211930972255,56.76380709677785,56.08055965830904,61.673009253868656,72.39162427622648,69.59084485028339,75.42926480330559,61.79598884071246,54.804758406417704,41.87135159610122,21.635497819686048,30.854822582529913,54.10180626493294,64.02856678825731,77.5161831840182,81.32778146255586,81.92294093924757,82.19990756557769,82.12530489446225,81.97281793877788,77.176487614202,75.98127330338625
2025-10-08,75.34123171052151,72.39926857927361,67.96765377267307,65.30302047047729,63.79497755797054,65.22420707930914,74.50892481235317,71.07751363047583,77.36483092948544,72.4100648059842,65.55186378404895,63.85360284491332,41.71516894405029,56.12647835979892,70.68497506380153,67.07595206977614,78.8534056670742,81.32402691313574,81.48735040133162,81.43921717846256,81.55126028679742,81.17995490678064,74.10506178239956,72.51828730394962
2025-10-09,73.11858878172384,71.59135914850516,70.59172851184321,66.90897158027305,69.51396708582254,71.92340041465448,75.30008858536576,76.23094675069888,77.97537587261021,75.76482396569844,66.05140822315116,65.526405222564,49.34122304519274,63.12184001780944,69.801553979261,70.42000391409863,76.53423321091118,81.16028422301103,81.64791707800178,82.08326783531635,81.8398080140652,81.71343868161738,72.62564856456406,71.46594513457971
2025-10-10,74.89106494519893,70.83412985190584,67.6712975822674,67.15707747335115,67.06058912242827,67.14174485479663,66.82283920385608,73.3887912636715,80.2660958409865,71.75461560641591,66.21089422523896,66.24651377916882,49.96103461020688,60.65081611672405,66.56384088424848,69.07246425467946,79.05512479181067,80.8663768675513,81.46208626824334,81.31647109492772,81.45627042947991,80.98134872671665,73.11237446274943,70.46120681726961
2025-10-11,75.88257059213996,71.02726711699704,65.7988569684197,66.58098503972766,67.13054269195001,68.38392357195004,74.08162239838254,73.67361000443276,74.5224393461769,62.44850977827229,46.75322149343088,35.746281708521174,19.71715254141542,26.419197410740864,38.858701147013036,41.25798639419463,72.2226732358908,80.28512616233233,81.09099129215794,81.1893969461916,80.93231765972139,80.63499285563095,75.88781614597944,69.74253818768447
2025-10-12,71.06539664613828,68.7942286024118,68.37934760091603,61.66231613327147,61.21563240763433,65.27323162279005,71.55106730201801,57.204313247039195,40.34165376881973,28.520077566809082,19.12025322724608,16.788073811770307,7.147830089334583,10.580178147629914,18.50079778499543,26.837312086662365,56.52468894461391,71.46502732227822,79.03880435672326,80.63674476354927,79.51616744995323,76.69621135597009,71.86960822686218,69.90215791960213
2025-10-13,72.41298946667663,69.405946170828,62.73994811793034,60.54000087522328,58.13071438868326,66.70928460822401,69.87405190355847,69.9544318352731,75.2297002709871,75.51627868817934,69.02790300140437,68.14830198411758,47.49509440408391,61.43832031607593,64.96317328006955,70.44154782463208,77.93190050849705,77.95429538682593,79.28295758111715,81.06625696813234,80.80599592280957,80.77143318588358,73.84819327838295,70.05221112502744
2025-10-14,75.87034160127779,70.0951585392872,66.29304436449975,64.26117197022579,63.19031107886769,65.93729304157213,74.66757166631552,74.62787634234134,81.26101375495128,76.15752999777511,65.80133229142221,63.4562498375643,39.488673942367456,63.667500081285205,70.21006728306894,70.85824952477316,78.53046557542862,80.59121211773605,81.86500849311399,81.72043927585955,81.65117731527376,81.72193874760684,75.5871036082586,72.05641719705376
2025-10-15,75.00862940943487,71.11928826853548,69.81908922113655,68.86339733611415,66.69953766221394,66.98724457613086,73.48279511599841,76.05593959874044,80.33539867805315,77.90415067014098,67.05503642626252,67.10563828393035,36.534964942548,59.231166950863845,69.74921840852654,71.49327829633955,78.47692691955366,81.33581701281437,81.93521543080152,81.90396963229449,81.83447202694605,81.3620958679386,75.76788062953058,73.48798429296711
2025-10-16,74.63387968679541,69.92649604890937,64.97090444075721,62.76937928030055,63.57167915761102,65.7815208575915,70.21055276212392,73.87924052344812,75.75102121808018,71.52774985373775,45.386225067114175,40.20464596075328,20.30990925098601,36.50951879278935,52.96615303160857,57.38949905690656,76.51699682908719,80.11381651781672,80.67785639490884,80.68648798156114,80.38498825087345,79.8986375227629,73.5515074609609,69.61427029659453
2025-10-17,71.29340496934299,68.47695980147031,65.99846352108926,62.71611613196276,62.91087895568603,67.60484607317738,75.56578587307168,74.84266551135889,77.52619812691995,72.41503625288867,55.00507041485174,46.59122717968331,18.975349389192573,32.13570600392527,63.1995451042008,64.09128252323691,75.48082794331053,81.42128488593963,81.62480396449735,81.56963819360823,81.56117453286177,81.36792893836412,77.99904214595625,75.71331515876903
2025-10-18,75.41224510852075,73.34410504768054,68.35483073551714,65.72870224823905,63.54903190917255,68.58809173882663,76.25701032985182,73.77664202949873,68.20431232187296,63.347424866527106,42.34343112020766,39.89078855054871,20.21028405053497,31.842889340408934,47.96545589757794,62.505220411403315,76.375809926315,80.4381734920458,81.88099369936111,81.79983854949046,81.65694621952515,81.1961286363338,78.48743314908023,73.89784262013495
2025-10-19,75.3777507231485,75.64168325507266,72.4400197476729,71.20836164962417,70.86659557398876,70.60332036336597,72.33267706758231,67.8719545247258,40.108053652401665,44.08178399004295,27.406756773339396,30.150259817748193,15.891288809631225,31.589685204736327,34.68334615375235,40.25815627565647,66.3005146604749,76.48684947255873,79.99672851344413,80.62157043841984,80.72415674502629,79.20491342283697,75.62166445689418,72.21201627922824
2025-10-20,76.39137134848595,71.95761276393482,67.07860139191,67.60439297655769,66.6256967545521,69.9031969251691,75.03105492535046,75.5001252891541,78.85779560583617,77.57366823670048,70.84177318706784,71.531059365568,48.51422352021535,70.19519160145582,76.76866716693517,76.49518487057905,82.11955297990448,82.10438621277525,82.06944830568871,81.66970797845991,81.77314146253615,81.71699578413487,77.15427683683471,75.02523152163447
2025-10-21,77.40832571889196,74.55344493824055,71.5533292242637,70.13787919188472,70.16170905094188,70.80565191403171,73.48540128335502,78.26786255957508,78.67702551472455,76.65033206317815,74.71409792053907,73.98032535425006,45.38019481811123,66.57036259526893,74.30614879753045,74.79990706106227,81.27676486895903,81.70594584462451,81.67552244911853,81.80931218984156,81.76069492987573,81.83136517603049,79.33404120859177,75.9080771544535
2025-10-22,76.29646785019831,74.06399015326286,72.66311024451127,69.73971038141046,68.804918170739,69.74110659636295,73.06036298066951,74.3233758299457,77.28276502110408,76.34627713739069,71.01786460539807,70.84584436649527,52.03868691693367,66.42456961692218,74.77591670683933,76.83501874001195,79.21706415647166,80.81278035937787,80.98634340361923,80.918179190744,80.9733384979886,81.1980623209372,75.82170660823665,74.25940293875664
2025-10-23,75.82178074024958,71.0465544433509,70.0954501353309,64.8988749086871,63.6488834801325,66.06085500381027,68.82249159262639,72.14326476178421,78.13065511673032,77.27343268934027,68.7676118326809,65.27129842283836,49.15572622148163,61.42392737378346,68.62468908452072,73.19585473946034,78.92858444931991,80.89886231952825,81.17176823007384,81.10089428178902,80.6803099390551,80.38218172331173,74.65508671523645,72.9389696092757
2025-10-24,73.57349597433426,71.68419078191202,62.87500853946643,60.061342651975,61.91692457304616,62.17115541053428,71.79130234518803,71.22765034391534,73.64809660287162,71.25158816431671,65.14988012053011,46.04021968067353,22.53899091961405,34.41280615912549,61.688613852300506,69.79418803638617,77.88311223668508,78.9504108983152,80.71282979100461,79.14717950150089,78.65243739319244,78.32588257713728,70.8377020974742,70.67932878898176
2025-10-25,70.56066989449934,69.82034040527786,64.75314783596886,65.68547537335824,64.62775168561483,69.34112343533549,74.92608104247468,72.19977937535776,74.6456587570641,61.913651744602085,47.97877409704367,36.41536537626952,14.528519338154059,33.67533772880413,48.3241753934314,66.46096959046062,75.38041141251156,80.81564476453462,80.89266583850784,80.76608354734852,81.5388630552603,80.1609222533353,78.21169841102281,76.47369036934977
2025-10-26,74.57723742441891,74.40186739190058,68.11597563815523,71.04165203122041,70.15635689719336,72.99763155104182,77.38719715824055,71.26894871120432,64.34896689329669,58.726719155873845,20.900300421304433,19.054288407522293,6.595042063764999,13.156657495723998,24.52033473095034,42.96299826703348,70.85932196870947,76.01194561110951,76.98090731819244,77.00539786105016,76.31526970965328,74.8300589953751,68.44780619530945,62.815611673602746
2025-10-27,67.24245285616672,61.688010359100254,54.00009611978029,51.53273153122345,52.31478202328458,52.33965341926975,57.831118339758795,68.22356734840925,76.14827065659048,71.48096749599378,52.61615447979718,38.530493536401444,3.1910381415525912,15.038824300397833,48.57309015815168,52.606776700798655,68.69744978665909,80.4296032187956,81.7030635745784,82.26972270764179,81.9601887037283,81.27475139748192,75.99689108467255,72.40780931640141
2025-10-28,70.68635406835526,65.89951319165415,68.64837612579669,60.71564681454856,63.967981588583854,65.86254457557904,70.98960918490117,69.35295173895969,80.41514769964004,73.08922534803516,64.05140511755278,59.56522594733287,40.09247246736814,50.924668038517304,65.4119126276014,71.55405172478052,81.54724485768041,81.84597843249787,81.63645805900387,81.59908383058095,81.87986607350783,81.56079169306184,79.32794029271511,78.59454854145326
2025-10-29,73.78725194647662,70.51504136538324,63.77009594222575,58.868997094629954,58.79752670577502,58.54384292458762,71.84854151847524,74.48496897471156,80.47766091387913,79.70600538895305,75.57661705758568,73.68712996166785,49.85145990826816,66.22181531304953,72.67735123050272,74.8809394863753,79.68841434957527,81.24616694584851,81.40847572636679,81.33927122946595,80.57855499573864,80.47349508286017,74.36649339695514,71.26397157307554
2025-10-30,70.16883474432359,68.14705278197123,60.955850506613686,54.7120514616594,58.14676290683893,62.1767691533669,72.00323656067171,71.31516208637574,74.6885698206291,69.54532377059071,62.0620225812103,60.06503201432993,31.763253191391254,50.10712609379193,67.84971652470281,70.90147721407395,79.67978703527169,81.34384793466435,81.29451985179328,81.3315490642698,81.2753977191595,81.28079800447604,75.00506357798409,73.20070588121186
2025-10-31,78.06615508852767,75.0471462092088,71.14433386458103,66.67169707706489,64.7625831914942,66.96123732800866,77.99249511360705,78.92424456132544,82.31125348641369,74.83053151343145,60.76012105000274,57.372770730976825,32.05966047475968,50.07543117602076,60.83257549811346,68.03863044596768,80.31191027513047,81.49887553773523,81.68200373404413,81.5778648402264,81.54861719339657,81.00548467685803,78.01991970109177,75.04000519867314
2025-11-01,76.01482118726318,76.11006939969654,74.46588474969803,72.73107812100827,74.00078671369269,76.45099025470378,80.90127951872859,81.44078968521897,81.3266827370723,75.4790725701751,64.84308836610923,51.1286113192247,26.08705409325843,43.22010392849713,59.68048181146359,70.33929365095307,80.18686477286656,81.26079511539851,81.48109617312056,81.5475282972532,81.60673391325156,81.52554345674048,80.13887889482908,79.725140711616
2025-11-02,76.2392229181294,74.99460827543251,73.08562231630066,72.55502645230219,71.93552495084846,71.48912498058928,78.0454971879688,71.45894235215043,44.713881380507424,40.12828239463952,28.034134416129493,22.127472877196208,12.323277347072398,21.653436679206937,24.511801929340912,47.32105391417933,73.97323655150372,79.01293535388788,80.726710675792,80.97032126371752,80.23490720332735,80.3868408740947,73.23073587789537,68.78103828075848
2025-11-03,73.92169847063892,70.63241515030009,65.76377144212955,65.84080954041254,61.18466426197327,66.1669259803078,72.43601772995748,73.59323099043802,78.28925549009284,72.70103803550373,65.61266987610166,67.59726447405579,34.693195271086985,59.97427885843366,72.2211562742464,76.0543472665576,82.04913156495748,81.8854314845249,81.70107920160919,81.67330925723411,81.78142342861344,81.66085800613997,78.91829607489703,77.1304523790877
2025-11-04,76.4546807694632,72.3594676402215,67.4659874165126,64.81999999741377,63.9625915348888,65.757743948343,79.93417429250377,79.92378296458799,79.878014459247,77.62542878959871,70.81841081569503,74.21926578465406,46.25844478948681,68.14903565155812,77.09149010591551,76.43685642506031,81.31736155686876,81.3034668587405,81.21214941140683,81.25539272307813,81.27624804354512,81.47455431610625,72.31834420147794,72.0763845111115
2025-11-05,74.41193438989727,70.06485595115821,65.55090021578643,62.16762911180803,60.78253462495754,62.59295467455317,78.38164205254155,78.52029712953987,78.81783034510894,65.95699590772489,44.16817990748877,29.745882289127422,14.592854667194311,27.62872994101372,37.49942336146552,63.90534269648559,78.16050827938187,81.4851195565242,81.22730408061742,81.1994701724714,80.90322006733533,79.33815096694013,70.99161502395599,71.93202646666433
2025-11-06,75.25890931588991,72.7570459578081,64.88598430200227,63.49757221665922,62.20566677613799,64.3614243108418,75.43312108672609,78.30588674839746,81.18211481549092,72.77851850773047,59.515180473649224,55.278142525143984,25.2953725660541,46.818756326206255,70.35878289693211,73.25310886977465,81.3341310601977,81.31343686443692,81.28996296633501,81.40211500285825,81.31795456189776,79.72468147000298,75.88540702097433,75.74020648780615
2025-11-07,74.67722316564057,73.83271902967861,70.90978347342491,64.99116493108217,65.0036067943985,67.49585122590105,76.81431844025548,78.28989897437138,80.35237735069114,78.26649047913503,73.69770850138119,71.95497699747418,41.90186519364514,62.54941081952474,74.58421438447233,75.80091145071903,81.26966041708496,81.44306448849467,81.37517981557463,81.2788176510447,81.27926031314749,80.95112628174434,75.59278823743296,75.2958211417285
2025-11-08,74.83041974697545,72.90360688369417,69.69525053537076,68.9472254032907,68.11923746889723,69.44023014818217,80.80024695554847,80.82325107825407,81.17871621964747,72.18421745333816,70.07696277195265,69.4972491281842,34.73596024260247,54.51773431364866,68.63076081126997,69.0392652323449,79.6094335808348,80.83273961541364,80.80873651149668,80.85976635773564,80.84836579558181,80.29077796772583,75.63504549548396,72.98555819875477
2025-11-09,74.11648050789009,69.85660745115672,67.33838272723825,66.0189009714772,65.75427366696535,67.46387971544677,74.60633451841043,74.08997494394383,47.825738231682855,34.87974770122548,12.796273972631091,15.04288528263018,7.178187841871226,18.126546794583632,36.95171787099041,59.61178955343051,76.86955762133596,80.88381463247843,81.09617473597761,81.01862762370865,81.02273759166896,81.11375875706503,73.37748584179701,73.15998827383261
2025-11-10,73.26383883454899,68.45262723982252,59.73901369468219,60.57495664430816,60.327605601753234,61.936354613125445,79.5654493059074,77.99204702112816,80.39987145730423,77.14501814780957,67.49513536661495,66.7334544936693,29.7925089032118,56.028191096169806,71.23111017631585,74.05199534903565,82.35572819471697,81.43778787548584,81.24581955620057,81.25987185345242,81.22599103263593,81.45146049251412,77.93223082518537,73.57796920289188
2025-11-11,73.18728813121528,69.64285360168401,60.17498333624082,58.1455996137445,57.19325354522919,59.73323949960252,76.85488929700891,78.33965162561934,80.81245865270095,77.82206962959636,72.79727001073837,65.83622670284444,39.07567463215152,59.70665779435989,68.84473535713393,73.00613449933478,80.41256690869315,81.16890183013848,81.13529491993765,81.13726081907072,81.07224980328586,81.46498214482581,74.42361365740767,73.93103362790211
2025-11-12,75.30852449695904,72.99454239385636,66.71883175844084,65.16442605550229,62.84694850503412,64.47863654292377,69.95232582688053,77.02167778177386,79.86843115194259,78.29393874721677,71.45675221696682,68.85167817057358,48.247854674517406,68.55866999569969,71.32999585023624,73.15137340364191,80.45191843433868,81.10574286340483,80.9978413153313,81.01520887120049,80.94844077073678,79.08512758802796,74.63576550336785,74.46918319000096
2025-11-13,73.95879420343189,72.62275362284059,66.50762670471244,64.5201883062673,65.36753979827117,66.60559433923768,79.10382909293956,79.07787518681997,79.68272462198884,79.98891162034928,69.84499519730754,70.99395243041745,50.32586718609337,64.25533060379392,71.76889931551437,74.37290526522119,81.22680019840092,80.59985412828048,80.49883559687805,80.14546346030012,80.45089770933765,80.78276779908548,75.08298628870797,75.83623380384816
2025-11-14,74.00892350805448,71.8609454020166,65.82280383029142,63.85378047197726,63.570290902733646,66.32102213685566,76.8157705060326,78.81469734823128,79.75215672770231,79.6952831456553,76.61262744527845,71.78193080558965,53.210304068185785,67.00153721886808,73.37012750099274,74.77443949245948,80.42573340273651,80.20305943652991,80.08773230296669,80.05574314121854,80.19072962282816,78.47778760823597,75.98906896393332,75.22724114009743
2025-11-15,74.80235674456975,73.48807259001418,70.05505612649831,65.75979030048298,65.30534645863536,66.46220506321457,71.57091750384079,77.08311794013454,80.07569253315447,76.69468365187011,69.95348976513681,65.96435277608686,53.39507048295782,64.61659680998918,69.76744675075125,73.98020785506631,80.69891218431121,80.37564104888202,80.11728435497838,80.06670783147771,80.02461159928947,78.0595413687916,75.09988318447407,74.46087072066807
2025-11-16,72.49815708088046,70.10098748417607,64.45710322485381,61.32314394886949,61.93143842032937,63.29089400128066,72.57619748928273,73.15274416295841,70.72054585222024,58.54995897578351,49.3923777843957,34.16521911385748,23.404375283149253,34.53118741621568,51.47428890437131,66.24096518778333,79.71288261230319,80.88810978349744,80.61049512718365,80.82006808412108,80.51496950989532,80.39283463609108,73.51639964883324,72.53023894662861
2025-11-17,72.52265606925647,65.8629235803715,60.515499452966964,59.441676118127845,57.08376999113116,57.163318430256865,75.04210088720755,72.83244933926309,77.84208143522802,75.1516169904388,64.73238296155242,52.425636453114976,14.972069010431856,26.987801415012605,46.43837161877188,67.35389824062203,78.66341425708916,80.81584191811781,80.92766164006795,80.42705174677415,80.03509861609582,78.41651391339416,66.76708730657532,67.11076410229252
2025-11-18,55.23673280775765,45.87147172218861,32.52367053221349,31.853108541900415,31.613926949991093,35.848241854346114,50.91717945735741,70.849825481839,79.02756542152,68.98186067222161,40.01291549151317,37.415132275913294,13.304067084917614,29.389160529603096,36.000505507292324,58.46412696487766,80.7392967004393,80.3665112437278,80.68852483673011,80.55679896307747,80.34096646434105,69.20317243861835,59.45998858675873,60.764253440984284
2025-11-19,55.47617673451734,53.46240573064737,54.086255893159255,50.912939950213655,49.55614991686651,56.675183940205436,72.1897265310007,79.1525653848505,79.17242335674743,74.05400741123157,58.60274593835928,50.16222126956802,25.6269479124456,46.975573034052296,60.27434875163654,70.6593291762114,81.05554722805114,80.84436342798621,80.90600587380757,80.71426271327678,78.6519919870406,77.16546982190336,67.33121831090034,66.4337019365741
2025-11-20,70.0562892341467,66.72826134833716,61.54388137457224,59.83935910665917,59.57445305707346,61.67429636140019,75.60651676010737,79.48291354657546,80.56536906492408,78.59014432463627,66.9705885374473,62.75699300474324,29.344927096005424,42.14197442582838,66.39260282250967,68.33063457041098,80.66845236970724,80.5899760387122,80.74487751289962,81.00146022242687,78.4794913371645,74.96758436979492,67.2906974155486,65.68188090652507
2025-11-21,64.46200161851986,62.38685395683961,55.969251966884215,48.474681441588636,47.5838464615367,52.93291193968355,71.40890346387683,79.06451299881664,79.90843098784057,74.59902544837047,54.33775621774231,41.48217717652227,11.93376610199919,33.85222113807389,53.10106025577013,59.04342153354641,80.249260638671,80.68749131851216,80.46886202146753,80.61611685765628,77.84481125640139,74.31111701663527,62.470254848484885,61.85276178316942
2025-11-22,63.734001127028705,55.480482008322696,57.21746154085582,54.44030033039937,51.52908547888906,58.935300355245296,77.13775116205255,76.93103336840205,79.66106047707693,74.97631956270699,55.02043557389084,33.26955584519693,13.773935998956938,23.342458034381004,33.265280303250876,58.796847614523315,79.70573070668156,80.57404029685074,80.58548243450842,80.62158977764759,79.25353813886711,76.16055613390287,63.97169637638087,61.46225779803588
2025-11-23,62.91865270607625,48.82005008676446,42.942048055411576,41.50838126385863,48.560446101552415,46.593521862588304,64.32652250911026,57.84604096503338,44.85687445182515,22.20985103964857,2.2937568315508132,-0.3819716172106305,2.066430478501518,0.6496676887351918,8.049837244610726,18.586857471320666,74.48470626018309,79.66285867550732,80.39059589570287,80.61594085056619,80.30661576593269,77.93167642975843,68.45957931622625,65.74415047332245
2025-11-24,69.57578519898577,61.74759328968654,55.221036148602344,58.972462882560905,59.031466148900094,59.74608260662791,73.44110429775219,75.61035399264777,78.20209513338902,78.37370376606138,68.42050068731776,67.84503824352015,49.09421276208414,65.17515139774437,68.1768820310525,68.91090340171276,76.06031149339118,77.50268790952545,80.41907949853939,79.40093734177916,78.54152950652853,74.23736403645945,72.290274282516,69.30059677183462
2025-11-25,74.38719589844919,71.20860614546237,65.58199594380021,67.27069338656254,65.17085552312663,65.96184556129502,70.57647924741396,77.70837236917444,79.743708786651,77.92539668021912,75.99175901934657,69.17221778727455,45.10159653990561,63.358603203702295,71.01947148932989,76.996846600872,79.40077943781938,79.84203700831328,80.17244262262977,80.21810481631269,78.5045116705922,77.88698112283343,71.60216987415963,66.17783274922543
2025-11-26,67.68382041977226,68.65412732942131,59.534933596557664,57.844943194096906,58.4374547352911,61.336905198462404,77.15181071823464,80.21353342940802,80.93270438131988,78.16050642525859,69.66067229527634,53.33635660105583,39.05616078799501,51.59446980439623,55.137539078314994,66.58952124220937,79.44929266677474,80.16958290179731,79.90251205792055,80.13158416420501,76.91516173345114,70.62771090797997,63.32282635796805,62.079849255274276
2025-11-27,60.33149129748118,58.373349098583695,55.00932263771582,50.30389079730582,44.61525640731014,55.233789970110465,57.62042063607196,73.7055155537848,75.11614301825675,73.51714379777447,55.79387020773767,50.74425102470402,23.861649800617077,38.711793712105994,54.603060566857124,60.81385705205869,78.4929452645566,79.29212997624954,79.28262722168664,79.33816124322931,77.51529794671795,76.22644049648775,63.27442996669144,59.677162892146846
2025-11-28,68.37842176633052,62.94837618663444,54.74887625296871,60.38169290614477,57.77029175261574,57.615573164200086,76.19407459052067,79.5768509901284,80.01220604225364,79.52089889110998,65.24665844152369,59.22964102163209,34.78601920309368,53.973237321372544,62.19383380205188,67.11788846944765,80.95666184138527,80.63087263453558,80.59322075284652,80.41569565928238,77.34265416056603,77.00909445010636,66.89584385811848,66.29476919500654
2025-11-29,69.9436209967107,66.75343315073165,58.7939537017503,64.00805700278596,64.08320568350922,64.85846496809339,74.9669308065692,78.54196811785408,80.15721952924928,79.4989776626336,69.03208737339774,58.37221043208335,41.67043719573188,56.96556231566404,69.4304522026747,69.02060506091124,79.77843381977705,80.45382169619273,80.51339918505995,80.32841288309835,79.1710608021324,79.77739691456144,68.18218436955421,66.72998493998058
2025-11-30,66.91132880202389,63.052634619967115,58.112702377370404,56.912885651790845,57.578189517814174,57.90466213302882,66.37475458425871,71.90924377234718,72.6329172744689,45.50268018072821,30.09424629024993,31.16620088098517,27.16473857515082,31.85112542055379,45.72551675208651,63.72971833394453,77.04326356929575,79.00944303388448,80.29332809650307,80.00705714693899,79.71958536202222,76.4573907031475,68.99376346581565,66.83456574518745
2025-12-01,67.7943120328776,65.38478830646208,57.19841138083085,61.17547901222789,58.589542136972945,61.564591046611646,71.99810541572434,76.40967789216776,79.31417722523562,78.8963514054945,78.48301953592963,69.98249727655097,55.98844936927882,69.52413847016236,76.28818496692227,78.12338463661841,80.19669620798767,80.38493708184623,80.34195308263742,80.38263387018476,80.55195640156936,79.17635414167322,72.6209637906622,68.0257172349825
2025-12-02,73.41446683728778,70.76540434586843,65.92326524362252,63.94500279250586,63.38744295018602,65.28346389243364,74.65523744214269,79.96476104911456,80.92784645421575,81.10318428450648,78.70374641344392,71.15798483674767,56.71562796770864,67.3772842935719,70.69253462859216,77.14600213400426,80.22420420791072,80.4249796293573,80.4200684452596,80.53788766552155,80.56692548099996,78.44522844191864,75.22668613287489,73.49605843022935
2025-12-03,78.74364601042734,73.02133220157114,64.25249699223767,64.05159028024282,62.860598093376076,64.67950680022646,77.15812888338597,79.65740028564775,79.42100072539202,79.53848359895015,73.86189356880868,67.41786447919196,48.75569139119262,58.601516872991695,69.01157649388327,72.58215154653216,80.41798657091826,80.17551155180337,80.20592779547853,80.19426089760712,80.51809525355615,80.15855467095533,77.73242860592478,76.01469351724676
2025-12-04,76.39410253840032,71.90488762934146,65.20033866270713,63.77242772813131,64.2366511924327,63.99647618020926,76.59977540746662,78.27584850800113,78.51891393170473,79.08376822373835,74.24049212239323,67.67427462774936,49.91418791888143,63.6726122057319,69.32901545940389,72.19184149622339,79.82284341620546,79.39920621765405,79.58459416424252,79.46890675041932,79.76924851048673,77.43377379045745,71.04987437837934,71.35950992649852
2025-12-05,72.21604255244816,72.78493765160157,63.94506698004354,60.858167159209124,61.96848640402974,62.154029169590764,75.5531022396644,79.91147839741569,80.59972793390395,80.71840128485026,73.49953894475912,68.98100292196649,53.80612644568628,63.782279741379085,71.36722895486172,76.40693461594326,79.99940719325471,80.10084022873501,80.11338414694924,80.14730089571127,76.72992941413676,78.18947939841502,68.19489935077995,66.51444659487079
2025-12-06,62.810254653418184,57.5711544252829,52.84916674207083,51.10865310719229,54.35764908391531,56.13361781128238,67.65451283768203,73.52615688936261,78.90632648272066,76.23966775248849,69.88096473318811,68.21107563356196,55.61093392934869,60.07372647676003,68.84223332649631,74.09524425628649,80.17069316996238,80.29908374001869,80.23452956846178,80.24799135660572,77.21004650088645,74.67939522410902,64.67069026881926,65.4778648984091
2025-12-07,65.45930462147274,59.105264988998435,58.62413724101402,61.941990057240545,59.71268270801912,61.96468512979504,71.78357729049573,73.27401459998885,73.83780219359741,67.07477000981189,55.41138533199386,53.634283417537304,47.59999398693182,57.4719532414,66.25629028711859,67.10821990757611,75.99694647973556,79.91406966586152,80.74226378955893,80.51656817507124,78.21154144580997,78.43028224807291,70.15535424591997,67.7468052616082
2025-12-08,70.22184930073443,66.54361372465456,56.160661030230294,55.3262538085257,55.72300777164558,57.26756835182221,70.77044463951461,73.36489951392413,78.84454095730608,78.5194087794251,77.45303566127082,71.89801464665311,60.99157647151333,72.2576325932579,72.62930964128334,71.06398228661442,79.96652838062806,80.4447101153076,79.927358503295,78.67538160746452,71.46541289579281,77.78165455346763,68.90818292731517,65.2159137453806
2025-12-09,71.85383720719699,64.12655239283504,57.209440894381906,55.9498491994465,56.61416033403879,57.85059717328793,70.14695847011045,73.21539611129488,80.72993632489178,80.60564571456429,80.78440283027952,74.25439561113029,63.826216343844784,71.750843937669,73.96963205731477,76.53445471422972,80.7290563927,80.41432661275121,80.36912496514802,77.85376319945571,70.67054741604444,73.12640262591951,71.00452615928499,70.07681373505079
2025-12-10,72.08205835091763,67.10622038346942,63.081556439291816,61.08578117428798,61.19759555872951,62.297814510570305,70.30986794977542,72.5797435395265,80.35878117387884,80.35837474783877,80.15875287033374,75.20104871625814,68.36827654878407,70.70396917569835,75.59665723196771,76.91855358268705,80.11762245112712,80.2183582084382,79.38005605291116,78.24787822643896,73.96132360376414,74.54589284141035,70.44553500237797,72.75135073563597
2025-12-11,70.82530848270699,67.17506902056927,63.06454575261848,58.947798031681074,58.65266605900733,59.66401787810359,72.30819797203938,76.18266796643383,80.10305664487359,80.3023101297642,79.82829581801123,75.08968933304371,65.30216087244628,66.81409275294263,76.70822712765053,79.78231514917623,80.03651973793366,80.09926226201956,80.12163507549037,80.03696356992268,79.14542159679895,77.77938992123694,73.36380059954801,74.32102662250166
2025-12-12,74.4146794796223,73.94175544264024,65.56040492344484,61.355575897554495,62.207280909156566,64.82555916479969,69.38525957033652,75.31720077621708,79.47851626183069,79.66205882279473,78.84590012663385,76.16287948333964,64.37456494335235,67.87957273653734,75.50429163213452,77.98468940020257,79.73220206940447,79.85679696696886,79.79698257711082,79.50996116806905,79.18010067096459,78.99238781334913,73.80317305096064,73.39861892082575
2025-12-13,70.85836612891264,67.37185974851212,60.47987896102184,61.35434287791419,60.75868623328182,61.90970774979086,68.31641793958285,70.71049728836215,79.43034788592657,78.93360334884814,74.50200200385241,67.5336580453023,58.89419922213861,67.33092367291268,68.89479626246897,72.39076432762374,79.62783208440668,79.9475456353697,79.96994305036867,80.00572562672292,78.61956609551497,78.4838334318591,69.26126764718437,67.82139494648261
2025-12-14,63.09977514659234,55.80623823965396,53.3691079418202,52.42605683742563,55.32539352684312,56.95873718068409,65.63132329369051,67.20437014767279,68.6620668856395,62.14666482364061,52.14127246999365,49.87585973363546,39.15213144541719,50.57831519317284,61.0337127155339,63.182778184981515,72.5635614495187,77.49316750602988,78.3866757091829,77.1024171068717,71.34146394589347,75.6654500794266,66.35154806606273,65.26826271537989
2025-12-15,72.19457625771173,65.01554872661202,59.38176109341712,55.265389210759004,54.77377881974539,56.48365938479798,70.95160865998646,72.48318818746422,80.59307740705535,79.41599872280526,78.53262830767379,75.31716138818207,50.15658414796551,53.848001958867165,62.64641211498005,71.56674402908273,78.64472843701189,80.4910131885525,80.15059779835967,78.58266728180368,73.48062344104159,76.89694450801922,69.87372893860037,67.21857849333212
2025-12-16,68.25263246530238,67.43864660706487,60.03752385253687,59.082049322879165,59.98980562603263,61.35327369326466,69.29687368412954,69.1968900418855,79.82983509043243,79.70555607035618,79.52762129119023,73.46171812560232,61.084247489889165,63.874796022847896,69.65336524272331,71.40156929616477,79.59022338265534,79.75972591497329,79.87899429242728,75.58992900770106,67.84641931380284,71.89174407308799,64.86497664581671,62.00498554474703
2025-12-17,73.1268165968863,72.3892277934221,65.91562064164049,63.05088558447333,62.01873802746386,62.620843513216855,69.32233092168511,70.76012181140742,79.55284493603189,79.92705833709994,78.95756642364088,75.09566293700611,63.243683200917744,70.15450172258956,73.5378718428143,76.47430844499212,79.76976261183559,79.65586911684899,79.64774714306002,75.70546249045003,72.48912685401072,73.11589777720066,70.65060615177825,67.61913260608065
2025-12-18,73.55180231862012,72.25432064232143,64.82599088739929,64.38986775747384,64.99873082668807,65.72413325816301,71.82636191240825,74.02247075723655,80.21175613185612,80.27129210375894,76.74722118595386,69.90077638821296,62.437959308416815,64.61517140168054,68.5961124396764,75.43237716688225,80.1974537481982,80.33109303189144,80.12300122132909,79.12800370196784,77.92232335833081,80.09378796391792,74.83349054109016,73.10613890432987
2025-12-19,71.73302019542716,68.15096033463597,64.15307500811694,64.3490645879812,64.59006355997575,65.10551901878125,76.71231014656493,78.86652599240544,79.92635366893475,79.78811033786036,71.16205528758107,65.0379632569834,58.34604142165475,62.31878812564316,64.87086346381597,69.13663485662535,79.70647129414856,79.7742728235444,79.72590910434315,79.41079585487672,79.29538293041817,79.23528846177635,77.19306755574283,73.32278013947105
2025-12-20,74.54355635968449,71.92700086804818,66.05261955648182,64.7420211158675,62.322679490368515,64.89418437749673,75.74808840948451,78.15162201148031,79.31366373679468,78.46585681609032,73.09205576875787,68.47156021403055,49.324357402408125,59.52204262907058,65.39958442214808,69.29813633237875,77.87873597533175,79.46581887038616,79.54713171695579,78.97926681362134,78.1887880547525,79.82804386355757,71.70660783705966,69.06672664171309
2025-12-21,71.17517750880673,66.52113335604989,64.26214742513076,63.346543388912636,61.93700593535562,61.048208148537526,71.92194271784561,74.07410019546882,74.38963906245145,56.855122208550156,48.552403158175494,39.28047566311351,31.845875863128978,44.54071992896364,56.82032167657157,65.33197952287794,78.30051809553784,79.20545544808549,79.6796148574989,78.09830990897659,73.35407963762958,75.24108268799499,67.1864729194513,65.58274051837651
2025-12-22,72.37227746835019,65.75969674279654,60.42244767503501,59.976773818782355,60.707362110162585,61.6529912623559,72.1191830401912,73.49547483610174,78.87300630158602,77.82214519808737,76.4865539794689,71.35985803936512,58.48643861470184,61.76558703593778,66.9847105811747,72.22556815487083,78.49591532036447,79.58694632457001,79.74956469069268,74.29133554256163,60.2045199082031,71.42786023854592,62.79571298021,57.681570317162205
2025-12-23,68.3881136044898,62.54124362489246,55.660952764052006,52.64309868252975,53.506518377251695,55.559741600168266,69.6253318607429,71.00311839322885,79.70766169343588,79.64573429909673,78.11895050269207,71.68427216943182,61.06144576144908,66.84453765743865,71.52634783173083,75.04450394437332,80.0060644192157,79.67546239029201,79.90789061393453,77.54030151873567,71.77604824368376,74.56321194730482,71.86810829292342,70.52047055244941
2025-12-24,70.94460376361063,70.90272888088704,63.13533839603941,62.51954609920802,64.04894894621282,65.18381898339356,72.69010691538536,74.69567792257338,78.75232242120974,78.96302299260316,77.89029793549139,76.45202495527799,74.46620139123436,76.31669251730004,76.3578594007945,77.82322770677618,79.1007153941066,79.23499693266199,79.19923522180999,79.19440288123651,79.35730600623516,79.25061133293407,77.29475393133696,75.33731454090103
2025-12-25,71.75294342528524,69.9339794849722,63.63744519184332,62.107506570293886,60.281048911422936,63.872231029625844,76.84555264035691,79.59916423665449,79.65923102763722,79.96667234126886,78.09745639125549,77.34634874501542,62.22326763285291,66.46324254763513,72.441395315869,75.56860476629346,80.08829720940905,79.80531803463491,79.75407669344766,78.96468776274615,78.88003579660216,78.81896327199645,72.68368975771746,70.64313607286802
2025-12-26,71.53446928376148,69.36357920463176,61.916493714451406,56.957488529665554,56.84073489166124,58.60838052337703,69.85805247529765,75.69540442798771,78.5372436944036,78.62058783660552,75.26352874407347,76.04657994551161,71.10428547039676,74.74001266546965,74.06126220416664,76.49352090113227,80.11904609325062,79.91887439660358,79.92115157904053,78.88024038263369,76.00920379577808,76.84526881581196,73.27712280377636,72.81120297800014
2025-12-27,73.03341845561184,69.92775062378847,62.168257456327325,58.25670640820143,60.84094611214383,59.8811659384424,71.33026275704411,73.1419446156234,77.83199216013878,77.24766222247861,76.95271102773225,70.22424227788915,66.97108207367829,68.55287569524386,72.5176857738305,69.9028198379265,75.34058185251862,79.17352519815039,79.39852811493729,78.4067219158813,76.61850227634618,78.90960932565918,73.39351046661193,71.10470113930741
2025-12-28,72.57832422797856,70.79092916782602,66.51973412064658,59.95396427812171,58.96200799850354,59.24716432958453,71.87482915419469,72.45762108505043,70.855458605348,66.51922697667536,55.244545967396434,66.71286360082918,61.42842057000059,63.569321520006014,67.0293551034782,69.79606190129886,72.46854288487691,74.93224345993015,78.46127085661621,75.56137580298436,71.60322131956833,72.99553042605159,66.35499916396166,65.08731145846095
2025-12-29,68.97554195864126,63.85713323796112,60.47357207384984,63.09753490937863,60.078263918902564,59.95155830049095,68.64376388141167,73.57840490666482,79.25996380836153,79.43480727612966,78.40660783820493,76.53312194627038,61.351343659422,65.09515597399054,69.75221830763242,73.51045984639696,80.83328761173554,80.53380984544673,80.37793223177462,78.96303081045147,75.24412635468185,77.55803163034334,69.99335140080932,65.87837908878483
2025-12-30,65.12918968085829,64.20508640716449,56.89851000311422,57.38892928526082,56.618719833116906,56.425472890078545,69.20926901927291,71.69826211043595,79.35386686778152,77.5386237322916,75.90711156575381,76.59120191541817,69.73281204209088,67.1019805425573,69.38262982545973,66.94306652932433,76.51036954500134,77.29351984560058,77.1204778651431,75.67028388388222,73.46421785688663,74.8852090611582,67.17039859154008,63.26556960586737
2025-12-31,67.18497606055375,59.166625942982336,49.83632526833435,55.242463916143336,57.61429423777654,55.37541627312961,65.37999494173575,73.26673783705981,76.65900141287446,75.90093444825774,70.63697129132997,60.08518670653674,50.805247082472796,56.87351758936219,66.28120819990413,68.01130264974253,76.5624487532921,78.4283236035901,78.48689936513556,74.22322466638424,76.53767769372415,78.70974812627787,70.72360943875138,70.9682112262993
2026-01-01,71.69883630336507,69.06873041043423,62.03013290252742,60.465684595033565,60.06672997369616,59.88036865619061,67.71132058323894,70.3964359941145,78.18860475312184,78.20041773884314,78.08984264793284,77.61062480309049,72.20942917375616,73.78751007167959,76.18906181806092,75.87791932204145,77.98046974901631,78.78211344463301,78.15541089750724,74.15917429473983,71.90822317447271,73.84302887447328,70.56387229561342,71.21716808368869
2026-01-02,74.25468185570037,68.51790062419101,64.38906109500844,60.34586781115672,58.721550248162,58.79314419641997,70.6940725748833,61.128412522205394,71.13495822157726,72.04093817980934,68.80341502518284,68.32789972312375,62.14005990278208,68.07834347193008,68.73341314796406,68.81128617523018,74.0104580814015,76.94084277183666,75.30425864605539,72.16059234102691,70.77297432460917,70.98504967077004,62.882915821488076,59.19092362505657
2026-01-03,66.82769547784972,66.52135517225402,62.14017690539257,51.09457452282797,48.07651441523145,49.59027357457264,65.99797018448558,66.12579741582832,69.072216160558,66.15117209768881,46.14947008350197,42.14259055647031,20.953383012892964,19.383649369286648,29.226182914392137,50.54362037415065,58.094135078054755,70.51181957234509,70.18645669270984,66.40814156439903,64.3368960375925,69.66271452531858,54.92308166295489,50.46370062758492
2026-01-04,61.86312007824923,58.21814406396605,53.00228511256088,54.77796670714701,46.64864253797013,47.55278398061204,63.98665947503424,63.38895603142899,55.63364178150086,52.06860124600171,39.48187322951785,45.92846627554419,40.7258188988173,36.38374756980861,38.29788688386085,52.14377204230114,63.495941006259145,78.96376089629933,78.97850699417005,78.7888653497321,77.12956135690315,78.4593694977041,62.22005844892184,60.36237838360703
2026-01-05,66.45050552269889,61.64490935679541,46.744462257726134,39.926342752273996,41.03135521747185,50.67303726555098,60.92133295966641,66.79644161208107,70.99272789949848,70.57366444322582,62.27631604679636,58.260620461171534,52.48168342544863,61.25225685906363,70.11880905749024,72.83635292520503,70.92233327664287,79.86876716709847,79.90610121623997,79.46466426351657,73.54281674313931,79.15054561456127,69.81977961550882,70.2169171649098
2026-01-06,68.89921369888563,60.893563056344526,46.26281010443507,45.38649579158177,51.40490887381174,51.63029731566664,68.86237563049627,74.08005613311565,75.88662729572418,77.54961666545755,74.89261625452859,70.06140323703093,61.1576472825061,66.27392044049392,68.4452584389309,68.32689506673105,74.98908294252367,78.82328626973239,78.51705173513919,77.93244271357494,74.64518177950187,78.28294770440807,70.63305231927622,68.1111369104899
2026-01-07,65.29446086194645,61.87353236787106,47.342269085594424,45.31901316965327,42.56070513736357,43.28549414289981,58.306905163591004,69.39709506467285,76.30600728676785,79.1013777246131,75.34342014668809,68.930090731883,65.03851148975417,65.26872794734427,66.45597297046812,70.07721720459145,75.88434572726374,78.7385041178587,78.45835755599384,77.12646257328824,74.90033079148826,76.48709417777118,69.12590586691341,64.01829786539848
2026-01-08,59.85948346601821,56.6839881689013,52.70700795812476,51.13375119359551,51.06377035739817,53.09331230666918,59.368178037600636,71.5641411667787,73.72908921871617,67.75713341527715,67.46206105799007,52.579534324859495,37.50684048501329,47.19532636617264,56.77534542543134,65.81570410287495,75.37806356535042,79.104505626869,79.28536533730127,78.06052530825097,79.5873115834438,79.56660966180219,68.32651395697538,65.6870352318016
2026-01-09,65.79461289524245,63.402745004874326,57.768782797419256,57.91130965289693,58.12163493206248,62.89225714652439,67.66453879893405,74.5889582984207,78.50818188601745,78.55637302626245,75.23839192827833,74.63842510776236,63.91716709774161,69.94671741485938,71.0230662737534,70.23794307206605,76.57822855256708,79.13722110164203,78.07422460148992,76.5571215815914,78.04168885668513,78.28768273018223,70.74259754646148,65.40838437809366
2026-01-10,65.77905164754193,61.80951330201271,58.09252519954938,56.890866389890405,55.74433030608531,60.15004295332418,69.0965207784298,70.5823407391396,76.28278492309161,76.67413835932761,73.4342789774656,71.16630931412196,68.2634022820174,67.27762639213023,66.96865237178535,67.23881720011656,69.20822128563991,78.62254930658447,78.28519396051657,76.25027098413914,74.61705948335873,74.1505969602131,61.972513254853936,56.24164604722072
2026-01-11,51.35140064686485,44.7326664063108,31.634717431681473,38.902866592687744,40.71177794518767,43.20385055286531,55.99168949262876,66.48608465568498,69.07930736416657,64.5627102697674,64.57188386197153,64.8171165009863,53.30728700207342,58.73911252643699,62.971345955661256,64.25969771779646,71.8536134924487,76.14024161683844,75.93714341150623,72.97791713083235,72.4047308439099,77.44155472280033,65.51744929494164,64.77747170745043
2026-01-12,63.073985998490464,59.72023299113659,54.75195111107084,45.97685230674774,42.98322613664038,42.58603329899349,59.27965162594241,69.56701392020291,77.86569768081763,77.27003275162377,77.25604722930655,74.88975154997961,72.5021341715885,73.13440181971755,71.93503833557963,71.23837113084481,73.74428669328846,74.91087899971726,77.13843125775632,76.92296478372856,73.81670333126843,77.44365243408147,71.45342301251591,67.75954121524394
2026-01-13,70.90879465316922,66.16003628421831,58.934632057178,59.3506427899659,60.042765821749185,61.954707438438184,70.67903278735565,74.87032464910196,76.25897049043374,79.29449047733604,77.69461413163302,77.20394235390214,75.1306650033155,75.28467328979099,76.30525042391811,75.03087266597409,79.13537785347432,79.28284915112509,79.61306687472339,78.7745297226088,78.16139173699534,78.00797780195545,72.53040147819755,72.91430693236293
2026-01-14,74.51403866150815,70.9841990829974,66.75715025412232,64.71887170538776,63.1769358480007,64.30298015404537,72.81844306264043,76.90033540944167,76.35136485763658,77.34999386611615,77.54238713134838,76.68428141782418,73.0666162288664,72.98205876997125,74.82561888888488,74.0285922413362,77.09488903084821,77.35434164588563,77.52331752012863,76.64444996773474,76.40118901572065,75.79678397438295,74.4172583049221,72.34212175110704
2026-01-15,75.41466274666156,71.65580797420465,63.07565250140843,62.717845484606705,60.23064454697347,62.697844915067435,74.77236935273537,77.14236809356785,79.04417950177188,79.23888566221228,78.81855449399413,77.94261823912944,74.82976308847795,75.02911765831753,75.02601599178824,75.7480973847002,76.58293120489152,78.65610279902633,78.09392356071939,77.29946943714667,78.234837850666,78.21621553450089,75.17612282148336,70.86613036787163
2026-01-16,73.04207845651705,70.99041583133786,62.84684912358088,62.72307544437406,61.83139608227604,63.53059577217492,73.04763423643715,78.91922968948403,79.95565759622428,79.94926599024373,79.09705310452867,77.08627320315159,67.76822615520824,69.19869185514189,69.76911838438271,71.63473127183656,79.59536868350577,79.62368350600133,79.56055208634872,79.53749880164574,79.0164186245615,78.42607899372473,70.97734358183243,68.30659776372842
2026-01-17,66.7002452116483,63.033962274880565,53.3499601080983,51.434907202997245,50.82363766129813,51.85073198779578,62.742521619188096,70.36354555282087,76.95347455522456,75.27485879647756,75.69678206188134,73.70980807650048,62.56268203113287,63.226965061738525,68.91027093793593,67.49799165156539,72.76822333947791,76.04111321433648,76.31555468614408,74.86030518344164,73.10776368005165,72.97584291101667,68.9256770910443,67.14642027468861
2026-01-18,64.40513564759102,62.34735708588641,56.245602537457195,46.66049895642703,46.57382268221526,46.85836420181368,56.75019894282933,61.98922725472813,64.5660168738513,64.4767782560204,63.14998976157639,70.861033816589,57.62829479479929,56.61498411694602,57.87567768171413,63.739444204269454,68.70592257712806,75.39978416643699,76.63893035329474,76.32465924579238,70.68006742927999,74.58170098651675,65.47319366880744,63.22217074517595
2026-01-19,67.97856379975191,63.90129358578638,55.0133169059165,55.347608987006794,52.89546369193028,55.75897921390485,68.55561102469159,71.17934472477208,75.60520923032284,77.84348376776961,76.90012498988752,68.69878551795036,67.3241570705002,70.34617831773203,70.22968144010102,69.2671927236637,75.4713872930924,76.4560368857128,77.28040726396186,78.61823451612008,76.9017160444173,74.83490877870095,67.86465214604046,66.73462272322055
2026-01-20,70.88719408130706,66.93326920220849,61.900615193384056,58.204738961092644,58.5528122719808,58.39482291557309,68.50621420836727,74.03638941816315,78.41857671584354,77.46731393194065,76.98923751436693,70.67459202311531,59.218388891800494,58.07564163084789,61.898832264002536,66.59690676128763,76.06959935477225,77.80598786516475,77.91314157825383,78.12218420376543,77.45831631074337,75.31158596417093,71.92826123992349,67.4920194412587
2026-01-21,70.9177365786795,65.77606031122743,66.74842508689969,62.60838748357784,61.58745767529588,63.92382895948636,73.62873663966438,76.99672551441904,77.75427233578223,78.50243219779912,78.3011839056209,72.41066720798123,70.67617435669352,70.48421310850493,72.01431224139027,72.5473979575349,77.19505030952894,78.31477231817573,78.32076706798755,78.07910527312234,77.64525863503735,77.06196620616913,74.26895911170469,72.66427192683325
2026-01-22,71.82908567782134,68.20335173487058,62.313552958488096,60.564384679302826,58.93615211441212,60.25030840354518,68.40915144686808,74.25911813622037,78.14294806307144,78.16826252645798,79.1073682216422,78.06805721692237,68.97678596403277,72.6602385684801,69.5433620960914,76.27104101070579,78.09240732018414,78.46591970252561,78.60845309902194,78.67899015619092,77.54108782013662,76.81868601884143,75.30198779421583,75.69938484026586
2026-01-23,72.06059473601971,66.41083242591982,62.47522181468124,59.20734209454971,56.941467790759766,60.64705955637799,70.3953343643823,72.1457641814949,78.25580267240986,77.78100855220194,77.78659454599948,78.38818698144192,77.88523376740594,77.87977985994839,78.0509601276408,78.14429598409475,78.31153393340684,78.41441163680672,77.89589905164152,78.50214534983493,76.2971207883742,73.12121080299718,71.4913931269121,73.9510992102213
2026-01-24,73.78592160245756,71.68516627362789,66.46363753686511,65.65764236351379,63.54338652380558,65.52098619032863,72.89392732938016,74.24963780364818,78.91426727500779,78.82715427805877,78.80817301123929,78.60735550644027,78.29387746574668,78.28571152328806,78.30237672612324,78.36156779444295,78.27591154460225,78.62454371435452,78.63324450236375,78.80226121375057,76.47319976007266,76.95233334321507,72.34424800440594,71.93553284253873
2026-01-25,72.05358272114466,67.24962962328001,63.50926441784117,62.53018103275203,61.81514934284673,63.2961907257232,70.63238052287969,71.41721637476097,67.16104745209526,71.69038404801415,73.15188270002508,73.6248809268118,66.97615958996094,65.59703343976395,56.14459780702031,64.87324995898015,65.30318482969429,72.86773848722368,75.1500931683633,77.84574951811432,74.01821740678844,71.52804475661559,67.77335430547433,65.11467144659773
2026-01-26,64.45001563873218,65.48266861707161,58.58719652659357,57.6033828278758,57.82470045517692,57.80701198586591,69.42649020637927,74.12629952246111,78.41650017142331,78.38910103423461,76.26145669480091,69.70141784569205,63.15161384376755,65.5868018962425,63.83502423585802,67.09197601045578,77.5295986281055,78.65685189954614,78.59507111386333,79.06032283490606,76.01207056539195,74.18670262359923,67.7260476197886,66.03893031370767
2026-01-27,61.21515996068497,59.05777594943334,54.79055855077743,54.88501335196161,52.41338912453538,54.46378801851305,62.15067688614154,71.64929614341594,78.52375624761258,78.73160765471293,76.02457026587439,63.734590828107926,61.68838064230124,62.54173746805096,63.43108681638766,66.22979824125808,78.88238861709713,78.96440832878001,78.87414467131804,79.0733416614007,77.79836993120915,76.10598552098209,71.33510095775598,68.39532382304328
2026-01-28,68.46978780186608,66.21113925952265,60.27228973291265,59.67463114286892,59.140288226163825,58.45473286877705,64.58397028487326,70.5754476077921,74.70498272346357,76.84445363713414,73.7037182966835,76.15463795836219,70.68716332102471,73.01105465914068,74.42788986498404,73.00763382316502,78.0625526231852,77.95113263883664,77.69246937023301,78.07663867588136,76.18006835893605,74.90544506760095,63.97618015995417,60.595840273775124
2026-01-29,57.19535392740296,52.17168821873377,49.68313718203274,48.963810340331534,48.521385076811086,50.60139697347627,62.71155179178061,69.19398839723891,76.5045351925859,74.61159503548171,72.958053114028,72.78040635605313,67.25225726645326,67.51381349064236,64.00537468364828,64.76812574624131,68.00164130099783,72.86342966835502,72.55673000597945,70.96052582053318,67.03103121204137,68.4195861113789,61.87595622150092,50.162838709772295
2026-01-30,60.02871083978359,51.53281438221226,47.25364457413768,46.29539207210477,44.457664755149544,46.85413908891556,56.56934727940083,65.17166735183413,74.652649441439,75.53910832028316,72.14996707971092,65.97739863837317,55.508161177023375,62.841787997671005,62.9694502420901,68.11442673513018,76.25353797121917,78.62117741703307,78.40657310114538,77.88409094874385,75.95366553441035,74.89350042071662,70.37740811336683,65.87565578598333
2026-01-31,65.03297519693392,63.27924717876252,56.91306623636022,55.229730092706866,57.644105279629215,60.22417548700389,68.89294946569024,71.9939062536273,71.1756172929357,76.3365380716176,76.35005138918046,74.96790367616126,66.26445982552367,68.12207686285895,69.20905773439974,69.62237712074993,74.39373804246762,77.65982193202714,77.90245874219262,76.96921352170497,75.30908343734072,72.99225300457688,65.06635286438824,63.254586462778626
2026-02-01,66.95351647690188,65.18370277577405,63.65418421124099,55.09070093518676,51.17409587282551,52.76533392038772,68.00134527573393,61.299461196684184,65.04769172496722,55.044810930677976,49.78409437434007,56.05829713167207,51.585080946638286,51.54373964597736,52.76642987310806,53.67659617306533,62.833325725979535,70.05525525122754,73.07000642412588,72.00442079974452,71.61652358125336,69.84851724586608,66.86146368369205,59.80464957766323
2026-02-02,63.78036064802472,61.88438319672952,54.86741253416925,49.76573011032769,50.383705277033904,53.48132749976964,61.72586230525571,65.79929187135751,75.81058615268066,76.8069915194595,68.09365944345114,66.90857030574728,64.12600452962374,67.44533767252601,69.77354271699215,67.327247571946,74.3251776192768,75.4803001009558,77.95579591147903,76.63426008807676,74.4590970880567,70.24411037166067,66.21349793391406,64.64476778394105
2026-02-03,70.49763530615311,70.05906632841017,65.23145653393507,64.09246013083177,61.33269576875954,62.54247101246356,70.78440814387129,73.2818183680159,74.017126186229,75.64268253330432,73.4370998238509,74.70701840183514,68.85979085680457,71.91170772793507,72.53300303966829,70.75320006093267,74.99913212705259,76.3926279095901,76.5631878486866,75.4336558688115,73.10745482479435,76.08958099340288,71.67990135310177,68.86930872754004
2026-02-04,71.54905203379089,69.97539383644408,68.21057454489112,65.34945011228938,64.53959086473442,66.93142828524009,74.35723089359499,75.11476008468289,75.52563294626775,76.13042299421932,76.24797332102959,75.43860781275106,71.16155006491779,70.88770063425319,69.75612064912166,66.55085354171011,73.67333834330258,77.22850089529834,77.63331734786898,75.48614865797936,74.19463256179243,72.46303285485509,68.43960198963846,66.19001612204629
2026-02-05,62.86896376249068,59.294921464889825,54.003783178583575,55.17286342099834,55.118571596856526,51.94219597119945,52.088245446654426,64.81258039481507,70.51544973027713,69.28245463369895,61.181135709787185,54.99164699735725,47.526550504625554,44.48111178838223,49.13774443161555,51.81209443445424,66.16178300479736,73.7786193215453,73.95950641914872,73.23203821694331,68.61454899108463,66.33077341235709,61.08464206525394,50.16840106572147
2026-02-06,46.4342256654965,41.07129829839085,41.01904174140942,41.84097203021431,43.26600367146616,43.99441060527685,56.5267702404684,62.0101414810724,70.51483918445227,72.1256948030535,68.3127162942016,67.68767336058824,48.54102896091279,52.65020382475151,58.13204293712491,59.59416005780356,68.25818900136618,74.39937618268625,74.43108961169052,71.51464769636208,66.95580038757004,68.51005815867134,59.78777955842783,55.00056858330212
2026-02-07,56.01100758053918,39.970791314068926,36.19128733229399,36.14321011738097,36.95166178772958,41.46127421907469,52.01268391900016,57.055396346841405,69.8577723243563,72.30368532229394,70.9936825922744,73.26842219994968,58.157742921826724,59.3417396819534,58.20587706262506,56.489715263866245,61.492276525781165,68.51672316607247,72.45808677775445,64.99200532893046,63.351825324126125,63.66660261932431,59.50575088474204,49.35925502881188
2026-02-08,63.480793963362224,54.00616047659241,50.99882505847215,43.70285106126274,56.05832220617681,55.673474980981695,61.77154125753463,63.82175227561658,51.199776272651086,57.157905178129106,39.4774075589239,41.469385184136776,42.1559911582455,49.89097680681052,49.51695245639664,52.41981206582956,65.11943223653299,73.58288036801878,75.58616470808178,73.21148633101265,71.32667533448384,69.73284399521684,65.06774044479553,64.20532331146156
2026-02-09,71.33484685295961,65.54771006680086,61.98786069173455,58.70310383544477,59.62270536575299,59.668234413129824,66.62527944976334,66.72882433239225,75.33312241951494,75.61482499698783,70.63418341379565,70.01177211568424,64.83575226957994,66.84359899638184,69.2022625488059,68.59045901257595,70.93110511985155,74.48992537740735,77.8580708005795,76.94902176286114,73.27751623471899,67.38287041092042,64.3379554928226,61.649798604456585
2026-02-10,60.663699435724936,61.2900628318317,53.11987737759108,53.98051624974842,53.60622145034935,54.47819309299287,57.33584814740972,72.34200750916779,75.12178980878359,76.35154644569222,74.55834303878488,73.50578228750068,63.32889273724352,64.82671084738452,66.15315097568957,65.01392891928423,72.29391527938924,76.50698163749327,77.98944108215314,75.28867953555697,70.97053692593187,70.52429439981789,64.27917023272488,64.3259527481328
2026-02-11,68.08972981358953,67.16868027592375,62.90105543518757,60.52298844937099,60.321887536071486,60.05202729416747,69.2224641899582,71.8442143173562,75.75279165359352,75.38211858134774,73.29333823787921,69.22729469763385,64.85833621854262,65.96311498261142,65.48197215095412,65.10512942888754,69.63206473952872,75.95699231454029,74.95779719854482,72.81267243750217,68.00276559232125,67.13410570958459,63.19514475468683,60.39158828980768
2026-02-12,66.23262339023256,62.21896154005767,43.63028876091316,43.649509257049765,43.7456037561359,40.16642134188846,57.22568475957355,62.585109988032556,71.00555431020214,72.74179925019818,67.71784542906678,67.8426042314753,41.15255756058906,39.65494827939882,50.59977640069218,53.659033240554635,63.841412635099346,73.571042714551,71.3871579064267,68.85995475947459,62.3371336444096,63.97065023420805,53.05718408353627,50.231728206896435
2026-02-13,29.978117494882895,25.56286949359093,23.81411847222592,28.8509407198919,28.434423179864712,29.27885517546921,41.74843700759728,43.013832233157316,64.5940527112155,70.73027340677208,70.78699367179975,67.6691663544123,58.57264589994362,59.329722600713865,63.90882642489814,63.16292007788233,64.30788946463328,69.48250719747665,69.17216212944308,63.95997100674557,52.286091104425395,53.86413623832572,51.16391916066394,51.64793600107781
2026-02-14,46.47971115821586,37.07450958077692,31.428412703829782,37.68612264621092,39.36217337910987,41.24585450203587,55.34741371763563,62.651059388485926,69.10457465866206,73.00051819220295,72.16007718842467,71.62640863496112,60.02413441558571,61.34075191736569,54.69902424770453,63.71294701280243,68.38139657876359,68.85945547183016,73.09131092178215,72.54354567957847,70.04276158455578,68.63027704829425,60.011359762383634,57.05587237478802
2026-02-15,53.82598358805309,49.70638808054343,37.9534279339242,48.236226505587226,48.476136762279545,49.62565332112474,56.632391906154226,54.77569653801506,47.49222797629639,27.76076427390319,22.75650939484824,20.481118010397132,17.273786442278702,17.484966524578418,21.169567614233394,22.83738090403741,29.91212421564961,36.87720625842606,50.268827266353114,57.25316522747785,48.930368371410864,40.01985661528877,30.315225037452738,29.685209716197292
2026-02-16,8.81044554985155,7.3663581642707525,6.35435032007952,7.19512114297703,7.45623089372908,10.546713398087666,18.886572461158877,24.168917083138897,62.12929047360043,62.02193866063927,41.1595575452371,33.57072679502863,20.200923185696446,20.09668591705366,23.301549890833762,38.85430174354617,42.776362562484394,57.42399006479511,56.637368242755166,54.41933157251852,53.33416381861128,52.872021478416265,44.44668069231159,29.884741577752177
2026-02-17,4.7047897316507745,2.2050874473393303,0.7957560664696061,-0.702298943668282,-1.3346490657888386,4.361859624899864,10.28432302131361,11.879269247978836,50.3591005078075,51.92154285603497,29.628031051475194,21.57791457214732,14.043901149532811,13.237684543713787,17.87034800546605,28.19967433655942,46.184319769531214,70.01849047905566,69.33941294041516,68.41273831473654,68.91867704597438,64.89776399666894,46.18432550783407,36.72336907452375
2026-02-18,22.326922073307774,14.471477212626462,11.650149629340149,19.257092369808205,16.689598315966187,13.615322806660982,20.161214519924204,44.39522210171254,64.86871316226498,57.99550678146071,44.84164401654715,51.059391177656195,29.919623212622014,24.394507321460043,35.894312302374495,42.54147809009254,50.12474582217702,64.60416454220628,67.62928824211906,63.564613357521196,57.41414440818862,59.93941818454875,48.379125875807816,48.564642453214105
2026-02-19,51.45877133780109,48.92687895555507,39.12010698562499,35.634045532468846,37.56836095614451,38.94103980826608,51.014829970916615,64.23933539789878,70.61040503989446,68.7555464687132,65.90744068126655,64.06606839694852,60.56435947910976,52.07820058501334,56.493140094306845,61.008849768509016,60.95684290403305,61.563399341578005,62.172075151366045,61.810050448937425,60.87376496457369,62.527621490912026,52.040385837905674,49.05519912505128
2026-02-20,46.10420791854034,37.30431187845547,31.654962079855277,29.45858149886755,32.44510214485283,40.90394411212696,46.42216071103971,55.43965097632377,63.624936971310724,62.06247483857166,32.78539645526756,16.438527380542865,9.647626886000126,9.20915904435945,9.099235743798438,9.979536025767384,17.53393935324968,55.30275080355845,58.85953581666846,59.18265796833929,57.27201852772266,54.34615688794263,36.964405153207544,32.74963095628276
2026-02-21,15.902594472308683,15.218504753201843,16.174424439700427,11.480336798868494,16.172810720682374,19.726641721233488,21.08341560712493,28.278582278519064,31.319555384991553,14.434944050107966,5.276270763466443,3.3251426561465793,1.2974536541383193,4.270098111847486,6.01586697620674,12.422933047368863,33.346445809619006,65.4654281574529,69.70660105160839,70.79829747442348,64.51968817032625,61.39997576280729,43.49724294992491,31.589732078043113
2026-02-22,35.365718565841156,29.33679944561574,34.18845060324128,32.74791884303962,39.7300770200709,33.85363733520208,33.343550784479476,28.18243989749133,25.421867066580933,18.658286506746688,12.543766995825274,2.738938976254995,1.1554914053132697,0.7390179626115424,4.378666804144469,6.75796686233016,17.25984147081542,22.346798242881885,55.02593981597679,61.12143892138273,62.32916409987174,51.68917045887754,37.57260798383941,28.908151974640596
2026-02-23,33.465106301918986,27.901760339792332,25.793623149130465,28.028015369297666,32.74867119674888,34.015086231034864,38.91153465641372,46.01496960185592,63.388088908384795,58.42441993278873,44.41133206109668,24.913679440056693,24.835424660408822,24.101613841605793,31.08970295164157,41.42772564431055,43.7410418526396,67.54659327308691,75.83392420391425,68.18594946349882,66.8510023926887,63.33808456634979,53.274402515645676,46.32010223115515
2026-02-24,63.79779577151428,55.09721794940953,52.275756858728506,47.116925304287754,51.947809914005695,55.306836799129364,61.33455942007877,69.36527594461936,70.29917132778543,57.63870993605384,50.03782395200654,36.98733370360613,29.21406725556607,29.444717423148976,31.860169393490537,31.061379147790568,47.49144390732657,63.702105299942346,73.15954026476946,66.48668544596019,69.80036780308103,67.1627866755895,58.42629038690655,51.32879752393011
2026-02-25,62.657764076628055,51.03243342269245,35.90321727497704,48.28583069068602,57.28482263811645,65.52016499249201,66.63307155310237,66.89660971903463,67.65966101148618,34.69956282670794,13.48893635355651,10.923656334086782,1.9661602927341564,4.54204839334304,8.456942547743118,19.78866618755682,41.867195037101624,65.94057612054391,76.38698560230608,77.4736564019665,76.61730797772975,69.3962010710863,64.47034187513115,61.87897890125786
2026-02-26,66.72789584233419,65.37385242738675,61.867938650256356,61.69116121259442,62.429295484543225,68.58227760490773,70.72850264826616,72.77071626101628,73.19561900667179,69.12228116808285,52.69402753246626,52.69288513366071,43.81363463429113,46.74863384416722,45.63289246470575,49.600554637965175,56.417267858293535,67.27353601092565,66.92528294027393,67.34509361212274,67.82476956821318,66.47577167622285,55.82394906278368,48.2039645454476
2026-02-27,30.190451001376292,33.336434378621455,36.520538606756766,40.25259401715585,41.61498871768466,47.777592226059376,54.44002038918233,50.16129746205771,53.25612377765481,40.38171698062483,34.553371343991785,35.489692070387996,27.530981521946572,31.46097227283899,30.715262013201535,29.818342160183807,33.953488424252484,48.39367254776037,47.6366983288338,51.68363445278948,47.40447542633366,46.36115696404859,33.303828542624956,33.8127033103361
2026-02-28,36.06012027421746,39.85994299748335,37.3445904499807,36.572299510504536,39.921734790466466,42.13088992568278,40.08944866740461,36.156334849906216,50.07826670330587,28.21591037098021,26.069440611069908,26.221529499500317,18.314522237694604,13.910002467372308,13.562484929549544,18.893869692058654,19.30835883708728,40.135993596997956,45.087070092892816,45.52501563705457,45.58587584553873,45.56570387847548,32.90513491184159,26.422027961334518
2026-03-01,32.9714002525093,31.834762242440863,30.75323329336426,29.998813667214847,30.57566972040949,33.82215467182248,32.850904568479436,20.873349458261206,16.18377860306554,14.56426420663657,14.18693308247879,9.504975556857326,8.629289141367291,11.068389961494821,14.645211546507193,13.6205774663178,20.773051693894324,32.05321309290759,45.245881471215654,44.81967716723162,43.64794411230915,44.8932532056526,32.40426593702922,30.34949355251995
2026-03-02,39.18601454682287,39.514529835038644,40.518067006807044,42.36886660891016,41.23505034649922,43.3268086714849,50.63726619972211,45.19800993635026,53.94946550692997,44.94146235489025,38.67323350324164,35.931620210417044,30.621483067786034,26.892873876325265,23.833129503597053,25.637669296482972,38.09465977892809,64.51006730740222,67.01625255896798,66.94448266634764,65.18455402516572,63.93365352754657,63.659391117214,62.366712908024844
2026-03-03,59.78375948385747,58.532859442714454,57.186459461532465,57.7354746326166,60.21150045964936,64.35107631795677,63.75761035722134,58.93998258657235,59.173675447053434,36.90990306077755,32.68278370084117,30.04071292267765,19.865482162743437,21.314909231834616,26.85481441958324,27.30821049657147,32.70551895119926,63.693997936014476,76.57522638181999,76.99528221058355,75.11617788977243,73.58181673734921,61.12442170436763,61.14724635109657
2026-03-04,48.13068346589155,49.935784258090735,47.359152464355475,45.53311031883039,52.249724655297335,56.662732971057615,56.432443087513064,47.809788869591706,54.817908221737426,50.38782717668815,49.12442429800356,54.55574827861787,48.037345021953875,56.31742122274059,64.28032608213412,56.50486750230939,60.4322125614774,62.76939517413549,73.13838895844633,75.7253280088113,68.38769973000208,65.46369263927,58.081383848940675,57.601251640592004
2026-03-05,46.5382329233594,43.32200948420491,42.20313552657864,46.55373550846291,48.73546797580012,51.08379743637025,50.26606060257988,52.61009230652876,62.066398978117206,51.323780424313576,34.883796931912926,33.22609650989889,26.308412683273772,27.515760406783862,30.68079696312476,27.274669716526624,34.05209297290649,59.51396242864531,66.75539255367282,68.44619812531597,70.62648225932965,65.72122918574226,60.05468309855972,57.75841387144728
2026-03-06,51.45689769623454,44.6927577463794,44.1072647019581,48.311164032638,50.564571990798754,57.948806810888854,56.809453340779015,50.38166019521265,49.598767213380626,34.52084855654766,28.829680624750008,30.854445309852355,24.371033343852552,26.098156881174926,26.980259385580375,24.4143752032693,33.05507011018394,52.266885852949855,70.0057075964523,70.81708027436024,69.78326174296741,62.521326221655265,53.30540562778738,46.55784162049574
2026-03-07,51.610822816910336,46.14780508486715,43.71210322234277,44.03829293715027,42.68077162069638,44.67979391255769,44.85540985753283,45.64910843544407,47.47343325942297,38.264504060170076,33.46268559820418,31.465539568965305,34.04948279420817,37.0887563790355,36.4846455169208,33.0455855611566,39.22352384413664,48.93249604964509,62.84318300585798,62.32388537409388,62.27363505093691,51.27268767068389,46.73356734918854,45.26869338523649
2026-03-08,36.5803968735884,35.635843741256835,34.77199715780342,35.27960901872478,42.267972042575416,42.83799693301235,43.00380414874064,37.36596205671176,25.760049338432097,20.647971182985277,21.82133724577505,19.403275347395613,19.141120385209135,19.59250247614211,17.031492443792516,16.86022784099767,15.689392359885042,29.410670740096617,45.216242278731244,44.83872231421465,50.532759439196134,45.07378159975861,38.53599762193031,31.29460825881364
2026-03-09,38.84525641089468,36.88222293233625,31.626318520470836,31.216290085390458,35.52657263043311,42.79453140128393,42.242405471114765,36.32223986502693,36.52671386147577,31.521107291654502,27.608511657178667,28.633384593314894,21.385887833022185,18.600628010464682,27.325496378586482,22.37371068457117,26.309788856399056,46.065434993642384,59.74169768547056,59.71608612751357,64.70133201526852,61.70484037694886,42.34796577935599,34.97801653753944
2026-03-10,42.762675842645336,41.29731958659262,34.96381116391765,35.87144613674992,50.34326132092169,58.855327179540105,57.133267770652026,46.652006485139935,51.62373108218892,39.06170616718319,22.43995008904554,19.024933393548896,14.641835575365267,15.40758425601665,21.42198941455705,16.174227650129268,33.88523018517273,47.70414747731476,65.44926498084055,70.06200583864468,73.76958958943733,68.78118400967477,57.87418047126291,46.300539143786196
2026-03-11,56.14557844854156,55.60655098747695,48.44597609007132,49.463733841189956,58.21257589224204,59.737019445703524,57.69518564120576,46.060976754037945,54.12770227182018,48.95841048006592,38.780129267387444,37.61049641472413,32.06076126877366,33.86541124839677,38.94221170453126,38.71048092572966,41.61916631583153,53.34053447249874,73.53532054670221,72.73507966621273,72.59837949907427,72.77676439734711,65.71619381709785,64.03842137245817
2026-03-12,65.75395953674874,61.918466576671875,61.42324537760138,55.055140024824134,66.79066655076849,67.19919012598226,66.89901991094578,64.75451348433393,66.21457520146474,52.83622832690314,29.943456364658502,31.84740837109755,26.236707816503074,25.924982832650983,22.495949156203285,22.590466779666876,29.480653504437036,60.927493310754585,64.0159754598233,68.96994082465272,71.89662055157768,70.13527580807354,64.57487736866122,61.595289679815174
2026-03-13,60.463221215873894,43.02487710604263,44.94000249247177,49.67449772915959,63.965624403062684,70.67139876265215,66.66913004191879,65.424342115063,69.14144928613813,42.67248293808423,41.02282255417735,38.96088890073862,20.388045768993823,21.041891912920537,32.07124632398257,30.449978398404255,35.22826492108012,53.0617447012672,73.05104584999535,75.35142842071606,76.06659330431783,71.29029721708243,61.35515869227825,55.64633582815286
2026-03-14,67.97805462435942,60.63785199015432,59.64012447188326,55.20763856146045,63.512942967863324,68.5488077348073,63.95676328718061,54.9299683173787,37.846230458089764,29.140962817941613,21.602243146605897,18.650188623241366,9.353660710521709,6.263355881976092,20.526359188893807,18.391808807477137,27.48959032669142,39.3683964889776,65.29085137715839,66.54888474730112,70.06937907802876,66.51014911099828,59.488393780698615,60.944578538511294
2026-03-15,53.09080160772996,51.80532695686014,48.92675187897903,49.087927794614124,55.81451269295503,64.5928918672831,59.40883518673945,48.68300791116096,28.174913088572623,20.26815671251319,21.321350023202424,18.449672604632525,16.33170086161122,23.52214469838564,27.009137556586992,23.332425680602487,30.07367087781258,48.74686892052429,61.40206370155483,66.95694238003857,66.30157166123497,67.01086809911347,64.63957954897309,48.63980933704256
2026-03-16,53.94969647417988,40.75146572740227,35.2885841613083,40.9080824839673,54.2044355314257,60.60170059622129,60.13597517056614,60.583995355858846,68.87354579931785,56.08817381620412,37.6169349996413,36.2919191206667,29.468265422181286,33.77337605911717,37.082004241416975,33.6598158709638,34.36495058025408,61.819822080772155,73.02744297962846,73.91012993209806,77.98796267144927,70.85062644446238,61.992736540444454,60.42883892140894
2026-03-17,66.92196558152143,58.525810255116106,55.92710092637651,51.69346534414039,56.371570623960736,59.10875346874637,57.39634265629192,64.8611854486474,70.27902583088482,60.72718569543339,56.58130172607465,45.41777684617338,45.417995394873955,46.84313889186892,46.65617840785471,44.43206527273826,41.894480529005634,59.153563275843304,70.12363997236297,69.33042383507899,73.31227329896788,66.3788430583927,65.31170781196849,63.37246336336797
2026-03-18,60.70146382345893,55.15428538197846,46.317669815910044,38.63227183612823,42.925854450395995,46.4975756960392,48.76900292256328,53.887656040778154,60.72832489574633,37.730801558811585,35.744219317249176,34.10921518025874,26.983746518595318,31.219232757362818,36.904377347860816,36.480835688579326,42.86286878604126,53.690211418941594,65.82098549925635,65.42325932078406,66.40026566692336,64.10163808523643,57.90753164250865,52.765762191329564
2026-03-19,36.31400975643902,30.37170059782671,26.531666892422603,25.38683340446619,26.842156207999455,28.03303160423256,27.880079855208045,27.960254644340644,35.693294268974284,35.64051217323298,26.898774574760864,29.792817738679485,17.582465116617698,21.227121537777037,30.365853817505755,30.699182828780575,32.61706817369217,43.70095517348675,46.687473519716384,46.98508497353156,47.89310648607474,46.17517690185452,44.44785827695982,37.90840638572346
2026-03-20,16.604640310537558,7.210313635434334,5.558464469291333,4.974016830978793,6.526789429785095,7.453636974421217,7.255385493807429,5.3165813113070115,4.7694157391185295,3.707539469158862,1.775034485524548,2.9474619226574528,3.3587515880486056,6.508959834694864,8.021351771848288,8.137079693048497,5.269735486678885,6.484182591243311,20.35950691001708,27.52972432891429,36.14377053481805,26.366145563843386,19.280327150103176,7.310273517754679
2026-03-21,4.6667522103825085,2.033113021060696,2.7382339121298505,4.210704978590751,5.509647088786806,8.136923127296821,8.257286210118602,6.317151339368635,5.954607820357115,5.197944706830718,4.1536468520761645,2.8639767260607143,3.166650147473771,5.03858756616088,6.694759363481029,5.877362396036489,6.534573740160795,8.72632690987188,8.847393468398089,9.98194006988755,11.646682037297317,9.643316414402513,7.24093747576841,5.073140116472169
2026-03-22,6.043785826125157,4.979895821769644,8.234491507879367,5.753446346965075,5.634581360432767,8.13059277297927,4.795117424965136,4.212472824912899,6.677282130015999,2.694196457021506,1.8890155259189068,2.034996996648367,1.7722860775998743,2.183371244983865,1.5205703330272793,1.0745853739640587,2.1458410299275883,7.660289145061419,12.297240740112915,14.403069764536983,21.431591276051666,18.16745963861886,3.775047272380568,4.335326665647971
2026-03-23,27.06917026930317,25.756019493862553,24.869435603233427,18.614806473451896,23.528940116043113,24.419510277009852,33.77617338444658,24.18065298216128,28.24545087973321,19.549954103461307,21.52184472088582,26.592056175210992,22.806705617956478,21.271932728671835,21.31380207902233,28.118757823187597,33.98432836827562,41.41791579381829,50.39224375093879,52.934799080841415,58.028369822838066,50.4913299074272,41.63641657522448,42.776036806325955
2026-03-24,44.746512337831206,49.19719015886486,37.920285902364846,32.90577495981461,43.36267457005898,48.665881533523034,46.002601814074396,44.2994686412126,49.1581967591733,36.62051602829239,34.13541337927773,31.928874772874636,28.176628232277917,36.31081049047071,34.665412583617,31.979528237284,42.14150050624631,55.29495062802216,57.935442262757164,59.49087426539476,55.82478489073101,50.519285319425435,42.11787708961269,34.1043497994023
2026-03-25,36.6729698798563,31.4074655543671,32.773829648024524,30.809522942966247,29.645713094159944,33.85484240764096,29.875142174269953,29.73678957724519,34.35446342965056,31.099722977890252,29.429880656878026,25.571459464738332,19.874065022740282,20.36055936879943,29.238459912491376,26.753564679256787,31.716484432865453,37.22013605630115,48.24236993492095,46.84968916739743,48.0090915598917,43.96948128016872,40.2960772002506,33.84416053581092
2026-03-26,32.088193029171734,36.98454577345474,34.990833472335105,38.095708916483424,32.11776256822129,41.50248205281177,43.870225924860854,36.36230839258488,49.29275781310137,40.33071343061827,47.56000443293686,45.59123896880944,33.39151381084217,48.46255230024939,40.50668360537335,39.587945410452356,40.63975107680944,52.59782654940428,67.81109298952231,72.16633152606425,72.57904869296587,71.57411325072047,68.99185200643109,54.531041355436635
2026-03-27,50.04159953989808,45.18977261422533,36.42544682187115,41.107641159063455,39.884550842696214,38.9083407581942,34.36582529911582,26.52421449712887,43.38539758642668,31.966980099970463,21.402180486225866,14.239104819881048,9.108812954115097,8.976710994273008,13.801551873838703,9.493082875318626,17.931463946148313,38.04254109201251,54.87382106111471,55.85792953470486,54.69560106070374,55.036992334207945,38.82924279085569,25.068504225804837
2026-03-28,13.666329076016515,7.559041882155768,1.5242728357231548,4.190271439619297,5.529017856244257,16.236114049241444,22.759663809539717,10.866684219052365,24.42141143452676,19.967377968187815,13.632729784949849,12.114480261928826,14.012676560896324,14.489657089435493,8.977403422882892,15.00420083739886,20.661845694333785,46.81169028451723,69.85351359215922,73.13857144716623,74.94682037404463,63.29518599215643,39.26249986458078,34.43587287272119
2026-03-29,39.42835392931721,30.499145038600183,20.553426855898586,24.209172528150095,30.00644313705079,40.43430600107365,43.16240027355012,22.079152073666904,16.502624013049612,8.898749695626368,8.655053184880732,6.375277119654679,9.024473524975296,11.629382936206387,13.852167783977464,13.435746133125305,13.116119176529788,40.23580176090768,47.314228762758134,51.290764143818,48.76025424207893,46.04781881831879,32.69831462414822,29.377102755219163
2026-03-30,59.27901813532557,38.321052582557016,20.850483185261748,18.954155726950873,23.562227740141203,25.39388122665902,25.885633672817466,24.029719935938,49.42925362442112,36.23013555441622,35.0268060096683,31.02390475345969,30.15009803334605,36.34662832211764,34.58997605478147,28.048403229167224,35.160221187096504,53.740285125731745,71.23088084266531,75.74764375025175,75.47170422782871,73.06049290022813,59.08454687268375,34.84137236500778
2026-03-31,47.253538108325195,29.775149926661303,23.574412726847587,21.672738758025318,23.6999984925699,26.5419756657301,25.436016203806126,28.83532301928144,46.35161995419103,38.55647214425788,32.66388003016,27.22755153154892,19.485410719971565,21.00817031929403,26.953619375829508,24.22996903284032,34.44340392981694,54.702524541093126,67.39061188985092,75.49817787541241,75.67449104146128,69.67695493208227,61.16494917411265,41.23215757576591
2026-04-01,44.34355358595796,27.31039948463069,17.49979151117684,19.464653241059228,14.485007770745586,24.99605912375188,30.952438913025503,27.80527966261423,38.30835595927122,22.00556620573692,11.650154075720227,10.204764121562258,5.142761264002786,6.140605526943263,7.909273826072992,11.271258861489807,21.32514686890318,45.1888562463021,47.10253106247299,51.786179454997914,51.64983821676607,49.18418087884814,34.15287791516679,10.468973271334043
2026-04-02,12.11197149096577,9.098796147214117,5.890972312697237,4.367641033417091,6.973335216243698,9.11422241140961,9.439408578130562,6.923635600701336,8.729383517851375,13.976235096698861,8.241840037434189,7.060227029501843,6.727252668918778,10.489133924572837,10.904668134613456,11.593124192763062,13.805244787967014,38.73647998347689,55.25178691868073,62.57170830315294,60.87802005519072,53.87049060859858,47.80388332057489,17.265893567046074
2026-04-03,14.397711463861578,10.619201377136417,9.825889418049128,10.843189762606869,11.636773311330522,12.26824699333561,13.099698823290476,15.69487956893508,21.538063209214545,22.345761882208848,15.230190202003932,12.793012019863305,9.244134057388273,9.213064207356359,11.168887999595274,11.135061762008164,12.205872383966062,20.463425191258146,38.44617502012253,69.4463850030255,70.22721993574012,45.72163426645772,34.2447379175538,31.046020611256782
2026-04-04,9.04936911237396,5.372196782078904,3.5520247550226567,7.932806013557229,8.188529613013138,7.047133849064851,10.063862614377237,8.174373196158427,7.848384760137709,8.083118308008375,8.275851754226109,10.465750430296513,10.544033864610665,11.56223623516954,11.957505241410768,12.540885713278643,19.24531866486677,32.93142573644961,44.09396889356295,58.7942219715313,60.560954602811954,52.78085236781544,36.458874652525886,29.494909718293844
2026-04-05,35.45833527236456,26.19779927311351,19.39434394897653,17.270610430576383,16.69514629548777,17.427597061083222,17.3586538658366,10.950388349870146,11.366935195019437,11.74612956287766,12.364576246014796,12.892305751845363,9.975362361009683,10.2717681430814,9.368562797946106,11.143709177717104,11.173478394672975,24.03980267433228,46.194710754948936,66.04665143692466,66.96077339576675,60.74252335119158,31.96165302531207,21.76658207622933
2026-04-06,30.81749889862252,19.374901073111747,12.03202918798108,11.144079224325985,12.367330000185516,12.697446971064826,13.139395074233185,13.557817014605861,28.56777222089929,30.425978363065564,21.134097299325987,25.359158547669924,13.461798060979275,14.746007146497837,16.433159115069365,19.413560125288758,31.346426087118044,45.114997562834596,64.06779280842403,76.9747198454444,76.68410831610616,73.64830437413421,61.769812582314195,51.6756512215731
2026-04-07,55.37326044339888,36.25389164561024,20.917691528143628,20.591706466358367,20.24677754065346,24.96809956923571,24.169400495343353,21.71539775371196,34.355563149913685,19.808157133988257,16.904159777918593,17.184812684731625,11.058071290918926,12.01744450808863,16.055788942589572,14.311008751060797,30.505064750814874,55.29772477183934,73.24722042345472,80.03074344111248,79.69042509484,73.40385338645605,53.07931368537129,41.833257784253476
2026-04-08,26.251361898460036,17.939589267092416,17.375153486154026,11.008686914848532,10.04057087883239,10.160354283084107,9.524323186018142,11.233981379797397,11.695250430497346,10.508590149361977,3.58225566927255,2.6866722956297404,2.5599939889486154,3.8822177494729364,5.076300163586276,5.704565688383752,12.813128519229808,32.10856046864743,41.148758937378076,48.77128365786539,47.01038096323553,45.4067211047674,34.48611372424852,26.750031522655267
2026-04-09,17.71477397570742,10.8862772883918,8.396194587992179,10.050885674981924,15.435338912116967,19.17149440098659,20.201349612224362,14.739014936458513,24.902161049587946,6.573666335609236,7.592637554410932,6.660010575683795,3.352323241325192,4.9139715421110886,7.167449034284506,7.594433870986678,20.586037759944404,35.105996286964,46.940030069903905,69.38907067687805,71.41635201283215,60.916042323861966,52.509958149123776,31.25602920749445
2026-04-10,26.019909511626636,20.82283456898695,19.65835700294654,16.564362543210954,24.682806921012872,27.76123136371806,33.09338275224498,21.768256362352638,16.074929516000974,10.725790245724403,10.429938303324633,9.930343145099236,6.631726379236268,9.286173071070687,10.777647503936983,10.597229014018376,13.469412292093619,39.86628835748689,54.12801203210908,73.09975387822148,73.62822038359946,70.71569179007082,49.674381892533425,45.89615861378288
2026-04-11,43.44926904202685,30.096234235368065,27.088261627913642,26.634611655708795,31.58150802156415,38.64856935913175,38.09669502855505,31.00064059998613,30.305714699494015,28.456651282113974,19.788641954192514,20.65871328345127,16.59838283038923,17.976839403763012,25.109745823932922,25.71612492157741,27.24309686137587,42.8195758738617,60.319451387222294,74.63202314682353,81.24913513966557,66.13634585028743,46.67725572646857,39.28060361680887
2026-04-12,52.45947897250374,31.306382450565934,27.781950759678033,26.71042869583361,29.033290846080472,30.744313758731717,27.846377809743103,19.138863307859445,18.668572340996406,11.086598577082992,8.454039120437745,8.295020615199018,7.837529622198651,7.755580792781182,8.271897522348574,10.365866431806058,10.228667452295788,23.279444415960064,48.39095899794355,81.41051969010218,82.96308422846755,76.7760173867367,48.30611194724207,52.94003424618843
2026-04-13,43.948406082663965,23.134858958681463,20.744829173091325,17.93044767782962,12.461497165746778,23.409780003180785,19.89353959785516,12.473855898105151,33.43558467248513,13.500048076833417,3.6258249875561845,3.810367812927079,2.2910974862752167,2.9854493442498717,6.177350176888216,6.217323840805116,18.91084996399822,47.133094364000385,69.28889364182793,85.53440959261279,85.46640713859182,85.24937992316937,67.81680397825174,57.11089011203828
2026-04-14,45.329800827303266,20.83598479320645,13.667995948892843,13.124542544726948,12.69656320537179,16.478956675355334,17.86679451938086,8.682241994417485,10.223797556006293,3.9029961924956194,4.268723905435614,5.329573034921555,1.8134577358284791,2.7912479242897508,4.10691549320779,2.893089965325324,5.4859780686568556,36.71137848280795,70.67211532121699,82.73423846597704,90.64918302928935,81.88210489458307,68.11820456911056,52.42157808338213
2026-04-15,53.64308096761956,34.04700964616177,17.86564855486607,13.963782871211794,12.197566500534613,11.827092051632786,11.898447855405168,13.66390392739855,12.652630969561324,4.379454773513053,4.860596110425339,4.175345950896871,3.2635796582047427,3.1660659438957373,5.3314007624235344,4.709317097718108,6.483377498800474,34.204263382712675,55.7615444686512,84.15256354631775,84.59511444252983,86.54558494119979,55.61156411381274,39.21792938761134
2026-04-16,36.08079829271379,30.286254906047613,25.90344907239018,25.162471384932367,27.811192516213392,29.597989320696616,28.186550378908084,23.871662079103682,33.19801181605725,28.16294113726757,16.832064721844038,16.262236518873422,6.5841156202295315,7.981907697399962,14.67481758174977,14.299689815071577,27.43761278739578,43.80148315987221,73.53621580513071,86.04050743193794,82.48919807032998,80.79943408359266,46.74699945447387,36.0005270479937
2026-04-17,17.54959484107986,8.68237417268365,8.599239805445931,7.074414860006025,7.02254894883249,8.720927016518175,7.040809698940044,4.449526601731351,28.331780624460237,5.753598749224844,2.33987533037747,2.452842026058834,1.5748669358786427,1.8325306291772454,3.0126844832984414,2.2513532113931145,5.257591201005828,12.23402433961397,45.8234120787392,73.81067537037907,67.12591835072394,66.2450229941981,36.79850490968064,19.071126076800123
2026-04-18,18.271947142856746,13.986378759613006,10.464926915085064,9.329001735434161,8.939500281105431,8.654695051235256,8.689824657160369,5.516683621058608,7.959358483580316,7.283649260732272,5.093973608570366,4.694790721399271,3.9120655952406858,5.091569678119552,6.136773595432549,5.984525644812553,6.674068096466828,15.046247282564684,24.783982031180155,39.14915592452662,40.852276935801505,40.37238752434665,20.468156901148884,22.02725075053861
2026-04-19,19.351065471539137,16.25093865281524,13.990482650971114,13.8707958228995,14.004987039073075,12.945409971416712,12.83755601399476,10.710651795304228,9.276663494666716,9.835389457696582,10.440401104026858,9.881336196619598,9.886109133651326,10.900623056411492,11.26388326885774,11.774848435915294,9.820192530569468,19.252719987052014,19.011287785918814,40.10943128430748,51.40243595673154,50.175639319718464,27.11334484697168,19.833813861148634
2026-04-20,25.92823563538362,17.190288373404858,12.080090976310816,9.601211889876334,8.632616545230087,12.440102019188533,14.457648805711186,20.06106485621848,32.712315924662974,17.330245613932245,8.97981117286871,7.089445936297788,4.482558323475213,4.4889360447971125,4.677534079076025,6.76981559324348,14.0144127862458,34.48620150880656,51.22356054111809,80.54386430550774,87.12651775292242,84.43570914385681,74.46317810193827,53.473503508827925
2026-04-21,36.22414056918754,21.838721952037197,22.92752511857117,22.77299949992337,20.59504397565854,24.432864438912834,22.02251780067921,16.145384843242905,22.164247766810387,10.513565279199348,10.006214843632097,11.023893065124884,3.969191452007581,4.835989054817772,5.149835017779366,4.40231784974515,7.110427098304515,20.27748761812389,43.17343472999086,86.5359335291564,95.93440445504126,85.03610027673881,40.62203031345739,33.39000409340559
2026-04-22,29.325498030551316,17.705569132468632,12.762312805285001,13.244132833602382,11.57762383325827,10.990735020552192,9.666978879157186,5.736243260011924,17.98730060224813,9.395341279501915,7.102816692202483,6.810432043235744,4.8452471187184845,5.567890234648896,5.734480596411693,5.601297757778163,6.736191443885589,13.947753683791586,33.848625538383075,91.6411857418932,93.13405495456134,66.37900957728169,39.237040871098856,30.056341274026085
2026-04-23,15.656386515182753,7.633723262334278,7.620097576316962,8.003911985241277,8.604066380942275,8.841203357848359,8.83724817907035,5.945369022699296,8.42092968353952,2.9492807862866104,2.373580466046626,2.4136426236122044,1.886975626919349,2.291364325324809,3.3260117718583873,3.806496631347175,8.633546243981792,12.530106640992985,37.995543380771764,80.80032538001615,83.97915560888481,67.55216182180082,41.814653981198255,23.3815456149861
2026-04-24,12.139484868411822,10.717281242069893,7.873062084815141,7.014215213584829,5.368414524330949,8.890802377698742,7.263645995416931,5.6616482495581835,4.986489033950085,4.834054577183226,4.0481846078500885,4.023698865382118,3.864843774424492,3.893887652336537,4.299950354782197,4.992196141224645,6.7837616924126785,9.336008364536987,20.480206073196875,43.98817987036849,56.13160629752618,41.65689284102678,20.75533573968125,10.326985951445522
2026-04-25,23.669411180820234,18.453839541048282,17.611521190713272,13.387600525047967,11.242570396342078,13.652238884751265,11.342020731339119,4.781824524305955,5.368574304479891,4.205584588629101,7.487720924024078,5.616861810012028,3.6794659043802262,3.474997994673834,4.584119123719635,3.09417157159377,4.474648351885513,14.889658186942608,30.412045189178315,56.36280626721359,61.70304522077129,52.88330656467577,30.664212853341446,21.85855790928553
2026-04-26,15.490832376116911,12.112087733714887,8.999860359361191,7.461803452034954,7.245273979639257,8.340518338845081,6.131996404034556,2.1984769657320804,3.0969859806128617,1.7869093349962755,1.1403194588467658,1.5167481538740593,1.329007560364723,0.6720017292449584,0.8916818548579298,0.4008641524183288,1.5864395625301062,5.094965914241855,19.583403496003854,50.87439699691638,69.73397587076101,55.56515820683246,29.448879899184,11.05113042380463
2026-04-27,11.548669748167695,11.930928294580164,12.784479845053902,13.670089179908993,12.515803829692514,4.507321924920063,2.814573583798364,2.0902033934512154,3.4638749581159893,2.0211235409640156,0.7530847691161491,1.124642405754086,0.6657718942367058,0.686865921569643,0.8532133976497984,1.287693515920063,2.1505507281633696,6.198726875278392,28.84990488385191,44.14871950001994,56.52259445927089,37.40225720267675,38.69658806655602,12.037556650157294
2026-04-28,6.622465562281518,5.813723922796763,6.285916572965737,8.001202619936818,8.852837163852344,10.285359710688283,7.682286321202838,5.322778514861909,4.10729256618867,3.8475982639777637,3.0862657731570895,2.920739044921885,2.6730260084414605,2.5404930946798125,2.6150145419420463,2.4175231997837954,2.9246874319046614,6.224149050358944,16.769986882690752,43.96277527153152,56.016021914531706,34.26611547943256,18.46730321670542,13.10926241878959
2026-04-29,11.804770328476065,10.609158134281799,9.916815593672238,6.896242652544448,7.7489594764896115,8.69395429654055,7.495154612509196,3.727774775953445,3.5120633601823723,1.773597627271559,0.659712699781544,0.6755249983697503,0.6598644784548955,0.5001495888712554,0.47446471999861645,0.45179759974325107,0.4449904077368502,8.44708261231168,17.0484774757506,40.24512364118288,70.64575888319999,57.35981750786134,26.339415057827996,17.429907470713793
2026-04-30,20.1271561966025,15.214064701948729,14.027312609717134,10.481291952062515,9.337001088339306,14.323454200998048,9.463164809496377,4.0238115101120195,2.9621864327064227,0.8257997488749571,0.5730348797714261,0.8490420396563472,0.6571337167445813,0.657085932132146,0.6060712168794552,0.7362406095886089,1.5949745362676322,9.263257851681256,19.813160934386342,44.32872062299599,69.57336251698149,53.59870914346778,25.09356023723683,10.250881451700769
2026-05-01,5.913895144081069,7.733609872923783,5.07607274819226,3.431747373663254,3.5759438966920336,3.608941401716589,2.6200491026368997,2.939360009212502,2.031170018285369,1.2875077458285678,1.065653114430868,1.0464090206310779,1.1984353654562827,1.6567020550478428,1.7226340775524351,1.7214569596480784,2.774260493726137,3.9431250874908894,5.166714437653062,24.957834420568357,32.83412566652173,31.262701322728166,9.041833103449672,2.532368539121271
2026-05-02,4.969364256628348,3.7552034370293534,4.403737151660317,3.950689707397744,3.85631139957371,3.978895921951444,3.983194189659942,4.05475434326276,3.303917454541962,2.0700124598397904,0.8281334630216131,0.8751057002075153,1.8274337495422703,1.8911119477511442,1.7281125818703094,1.5657712239120503,2.158243177422596,6.330413828921054,7.625132627355638,17.087699160918454,19.694751729485983,19.49398067533786,10.602780294962866,6.997672303362564
2026-05-03,4.8698319159465955,3.418090572547498,3.108413551406176,2.90488392801869,2.8832520767680374,2.9976080287438482,2.978274650217761,1.5134881516272582,1.3095794923371786,1.3657507407116707,0.6628534606413921,0.5713899219881735,0.5334420816504121,0.34100388625791284,0.3397959868323307,0.4801575575563076,1.3243902708927258,2.176621583810927,6.526385321443553,8.095736449382406,20.83958103886233,9.832242986339708,5.243458367124553,4.033817051909827
2026-05-04,3.6136371576213224,3.4138971113557144,2.5561504981641052,2.1300287354612335,1.3463408250877846,2.3227101157970647,1.6382388808816422,1.7244262369475785,4.949493196065545,4.565907523101806,1.871431354249493,2.081633154097275,2.021779416263165,1.8639154804223246,2.1529118648362298,2.0088582233718326,3.3780945443650636,11.68846012788435,16.235949255753393,27.728008028865254,52.309794686679744,36.03266547596163,18.394057706107397,12.18460478970297
2026-05-05,33.98249426323976,22.96920101140434,6.616808871087395,5.508065862722945,6.770159869523015,10.284036375446949,11.009066202552338,21.80287942177732,34.96087961391143,34.03151370390717,27.719133401922207,28.688060600309228,18.81714662732734,20.746255221944615,21.820762072954857,20.701091303271575,29.47478604953238,39.129577467738685,49.03735203105166,82.09068863254429,86.034096387716,79.35441960117474,47.61068257589952,32.901140260370845
2026-05-06,30.599738986157604,21.00757879680514,14.414673712393093,14.40541616470774,14.524503126361866,15.912581573045212,14.542754827887634,19.278186598760037,41.037173417027624,39.377412581948036,27.76298652558203,28.995702697116798,25.962349489794036,25.95386210436833,25.25711643546061,25.261397760041614,35.68656907298968,54.06454411937634,71.67890940273982,93.7099205761608,91.61201187253822,89.11336869520132,79.17759923440913,41.66329742563291
2026-05-07,20.58720125989332,12.59426112570504,12.96415858201593,11.301510772496002,10.89298843321046,9.599013850190662,12.107598657722624,6.50490782495213,9.892393156610723,7.248765945459155,5.574723924107413,20.609907759865727,4.607827753285993,5.976752095329719,6.372536481779045,21.244361124234697,23.95850064588731,27.215372732944537,45.8778594617672,87.2268333348365,90.97111260595855,92.51969108651646,72.22320067813212,47.194696294131916
2026-05-08,14.404604508066278,10.406346097334838,12.083221872087526,11.78787625581213,11.703773137818603,9.293149429057532,7.7614017952245025,5.915072879425755,4.176982917581919,5.546537203895567,2.3964172712721123,2.598381653094552,1.2338790082610869,1.928996536667926,2.3370136366856973,2.420861947742416,6.304677424455316,16.12465383189218,18.503164233814157,75.97620187074442,85.63232682752667,83.01372615363745,49.598309084280885,26.51620989463845
2026-05-09,17.019729039118694,13.098458500671091,10.22790419770638,5.632445241574565,5.279695301723361,6.800681413939444,4.848482237059543,2.843690398146857,3.2160445104181816,2.0767755167912854,1.2518811418978237,1.3939687870418422,1.0161811262165916,0.8588406002536131,1.0815608927845102,0.9768764692402485,3.72987793188109,6.774175647178319,10.680737405420674,37.474006096155584,63.704293618007156,56.76909442479586,24.6354764155105,18.098667475201413
2026-05-10,20.693927564604742,14.556222892512492,6.5282456509810345,8.397295432658156,9.20213780220341,8.922440347109983,5.650051412287031,2.2562782266950197,-0.15202009862862692,-0.41225570490367697,-0.34480745535044516,-0.37527941465990594,-0.22499702152986922,-0.31241897025608484,0.2256645837104999,-0.25142272416481937,1.1094309122594788,3.0886597124546733,10.047037280408816,32.15953740186713,41.38609496474191,37.926283923787615,18.845851136157904,10.317734628257663
2026-05-11,12.870617585054264,10.455285478053597,6.882398440098771,9.868841824569012,10.140182439169891,10.232907138340567,6.263860153716154,3.5360404793057527,10.305773184183984,11.94343147389436,11.254468758823482,11.218294177078862,8.73196821190325,9.255498223554667,10.774417078855192,10.337953958158854,13.534899628224727,17.32661555149529,28.955812036629894,38.62767272119636,82.83333166767538,84.4709110398051,44.13169607986734,21.685732761973167
2026-05-12,16.692804524688547,14.958156733533642,11.3100070265132,10.688038315034278,11.382002991223121,12.54261095384682,8.952537029535089,5.722978699792102,10.747133318931244,9.361242422992067,6.1729846754915,1.6550301847839737,0.8450896812159143,1.5169952324972118,4.272354907755261,2.00957115385407,7.562265762312068,10.823341916656895,24.287545381060927,44.33259042544828,52.49333440078084,44.739960486508735,20.60009273133862,8.870987089837294
2026-05-13,11.09090852669394,3.4264479256482088,3.3150134920840393,3.295927734054341,3.3850507655538724,3.4309148868193633,2.4574318432689033,1.257426541620314,1.0522141577647768,0.17362785431680272,0.3336325455641405,0.3804196161442332,0.17949874867165785,0.13903161208000017,-0.012352306757764036,0.0255794543457362,1.1311159567168596,2.4509101021910435,3.2358325724763963,14.446478057201597,23.98933586475203,23.54477105230854,12.220806079165357,4.883441775231992
2026-05-14,13.489773195483044,9.981530760404993,5.4678381594731835,6.648153158066396,7.153410589369181,7.382798782811954,6.302250401790032,4.652280407326215,4.616947137634515,3.8454189269010244,2.784711692472259,2.6428696797415974,1.1979527919469322,1.670237023385191,3.098588501783503,2.950684957716751,5.933085915910801,10.813090559621399,17.991440527525604,55.374091974625266,87.39312606668692,83.81541927337014,50.25611506433307,26.83210747377221
2026-05-15,20.045970105010582,9.03123341078616,8.815779698460515,8.220474584530413,7.7714713670216256,7.975806930185849,5.7616712570131075,2.974589046534227,2.9063439081314604,1.9913954827461968,0.664452648611498,0.6179877167766515,0.8591645893188615,0.9037272417202346,2.0238427670104113,1.7557797509924915,3.4167928274911996,6.909636207665638,22.05107271938864,41.18555694467223,85.89898605417751,80.62193354244727,45.668052536087544,26.14170057103741
2026-05-16,19.47681830656022,9.291318446683698,8.833272367215159,8.756223249798962,11.350053282278386,10.78022663516831,8.358909871906512,6.958768712109872,3.579482242136569,2.435649395530946,1.7375617036395472,0.8339643315754559,0.23625124024890276,0.273592910247479,0.39024440230946444,1.5979708366239236,3.25114336735096,5.742768359561847,14.69743434533233,26.66155990956649,36.172431807520894,35.71518329963425,23.13683019979178,13.689143719340652
2026-05-17,2.7427398426724596,3.052983123240265,4.612344586267315,4.312175353159488,4.640716517596961,5.953121654103928,3.2710822784767615,0.09333454181610489,-0.8657464005132679,-0.8602168895996303,0.03394396094941313,0.026169841036123628,-0.20121593964302037,-0.19336559140054924,-0.2517065292341388,-0.12690036613655006,0.1056197850456072,2.13684657244399,4.310156270973432,15.647549153998957,41.947845997987976,29.145084869414386,22.965268137055734,12.770312220125993
2026-05-18,16.289912546095916,10.959321526839682,9.004920262110431,8.713627069276356,6.452724554499044,7.287033763387547,6.030244160088363,4.8054026671523555,11.509942690561411,6.838170658125966,4.46393385818232,3.8195757083206336,2.9924698755783483,3.390123007469468,3.708824590023648,3.9549432627190324,6.8250970624466705,17.129325658151448,27.557032688868073,45.804332639267066,87.02197072162744,86.1514076723802,41.285867723987074,25.249926129867646
2026-05-19,47.44398591115855,32.36114049192636,13.392505830136617,6.762018187860058,6.707149228021275,7.297225781889532,6.802536054191295,9.464804741736565,9.518378988235145,10.987546932635807,7.9975055284106595,8.607814440827752,6.437881159530651,7.904882237870895,8.223002222544817,9.549287366632495,15.749962549676122,31.155132583348625,37.907306306655244,70.19421340811705,79.37104832850733,71.69046109423178,46.32205168466884,28.294237974117692
2026-05-20,15.507461582732082,10.85449844584402,3.6715356028693495,5.343954714931432,5.307667429981337,3.409320356251952,0.9180000470956341,1.0944685362253923,0.5672728774941997,-0.09065367168395526,0.42890370801710165,1.1107099040948585,0.8753405245220882,1.144447532581169,0.9983950928668496,1.0386992973291878,1.9917350536055844,10.66790266734941,13.94136713868039,72.45898854020714,90.82898887628734,91.12755140345158,47.669939237194086,24.47920117882518
2026-05-21,12.165385095690663,11.468675181331564,8.516611812298159,6.999563628348684,8.451112119687876,9.882277729829015,5.889396383868262,3.445146131834949,4.9201134814641705,4.175972715645092,3.274914186550229,1.7341545058216365,1.3646564373245835,1.3250398602714772,1.883721185424729,3.257828703634848,4.960572003106569,10.976237512709096,15.01415491735584,58.08631606229855,96.12372043033538,94.428653485997,43.478136452514114,13.656551866419887
2026-05-22,10.772723653221384,8.825822239236285,7.480499756874498,7.432528278741739,8.305927298111378,8.727147418529052,5.1003195530578225,5.654498662853443,9.26335808859791,9.387379884467878,4.089729205969807,4.312070140257397,2.471915004837894,1.8968264684882563,4.1037898924267555,4.5703543914697855,10.646615199684467,29.564016973183417,30.073630540323872,79.35300095268433,88.84613202930142,89.99130746193042,53.82124740265038,29.036632997171694
2026-05-23,21.772759045712274,9.638203254098757,6.790319618273466,6.670555952380107,6.462999100212496,6.283551752456992,4.700816823076676,1.9522796063856287,1.2488057969462936,1.5126063790744224,1.3834769757248584,1.1765981510076584,1.1825730913124988,1.5932332511773264,2.656319101105778,2.8124481177982905,3.639894979886941,19.39024122961287,18.343811658989257,45.192493679873955,78.86104561646536,66.5260228553338,39.15094846748627,24.319648581133947
2026-05-24,8.860902034677475,5.187460974066905,5.169514372559488,4.500146062497831,4.591646923942338,4.669150197295012,0.6679389441713515,-0.21718844672247434,-0.051125510908351365,-0.030850628769205357,-0.07749305219128545,-0.09791282937001469,-0.06607599001441952,-0.0611185638075097,-0.03235587578525768,-0.16571070307652103,0.27035486578934914,2.475234522617177,3.34746686417324,11.127996988697948,36.96124273883771,37.643908699483134,8.76904924970315,6.858856940045393
2026-05-25,6.188068590778652,5.895645570621705,5.23742477472815,5.27111390161401,4.534851592733777,4.054643678551435,3.3495413764067434,2.314451675562878,2.19707297945006,0.49061668767458866,1.0917491472354686,0.46880256119144387,0.5544198599282263,0.5712981215989591,0.14742922358540075,0.23862751814259853,0.9168247331708669,5.731421427702977,15.418789252103604,27.937849950487806,79.73736807175213,37.88587084451583,30.82021273887364,22.862312326587315
2026-05-26,3.81100251398547,3.5352464538465873,2.5317473014652756,3.6621641543717014,2.702322932747574,2.4271203539763606,2.065905804332371,0.9906489799706866,0.41553978358066074,0.014076468050103395,-0.012200209861681664,0.24597119463121728,-0.008810475849432127,0.022586979827046112,0.15118297958459162,0.08263226704816054,0.10437785915334628,0.9197020545155834,4.934859329041259,6.797543904893043,33.65443129205734,18.81828970688895,8.841184414695158,4.7751406537847
2026-05-27,4.6149518020871225,3.022372631847647,3.0413823748088515,3.3492832856188888,4.258725705693359,3.1383550821088466,2.466028534174933,1.93772719504966,0.9439252985412464,1.2556716301340782,0.5950386324217488,0.6412696576158835,0.24558311010952408,0.5878695696469899,0.5947932491676031,0.904627057533557,2.3442361773113607,3.4060742809944613,5.922746912938655,11.44711523110071,12.785562876858569,14.457061193648247,12.876148594228802,4.738976201583335
2026-05-28,5.535054091026877,4.57409706155567,3.30176062720042,3.634272628457191,5.412032999528358,3.982106970322965,2.0475081581572425,2.9868995609234865,3.1423300041489015,2.890052182132273,1.092693596717188,1.0621566036968797,0.6755069886888773,0.7248946185070777,0.9889813409474845,1.3152774031800283,0.9420163445774209,5.246742766762598,9.19557775874231,12.633641871362395,18.725345847885013,19.776460516238497,12.66090485288156,9.930367236719798
2026-05-29,10.201118120777695,6.548061185346621,6.799956723127005,7.431595971214674,6.465634359321163,6.655553213797053,1.1231639942942768,0.42927282575109627,-0.16723414188597469,-0.11031423612884521,-0.08104625912193841,-0.13053824738726913,-0.2719195120316682,-0.2180522213325758,-0.10137128836791186,-0.01982428430377171,0.7002121621949219,5.6210722949980365,7.755776821683285,23.982058659392052,29.278208063965476,28.548925977918213,19.758600992063037,19.652015473708868
2026-05-30,4.604461305170426,3.7753287180777715,4.275475078117711,5.217537824166739,5.777206750135565,5.040308609891637,3.517568190925466,1.531747258463721,0.8973591526659807,0.9495611309770754,1.1581014781380365,1.2093322706460974,1.1798796453779694,1.152831558782127,1.2718277781717409,1.239475735398762,0.9676497599108393,1.9328121075664122,4.912848296346298,5.695641607709362,7.667329432113673,8.38187377111563,4.683374330573316,4.49575937719292
2026-05-31,6.044651786270571,6.261186383801733,6.338176255304386,5.592005405971086,4.856589349174318,3.798584340804638,1.1801367892638248,-0.19160948003395203,-0.18592208241670405,-0.06893438446524461,0.007384408358516461,0.0053723466062838895,-0.002040494939748507,-0.06683841990346703,-0.024125640705912114,-0.06331822156729244,-0.44191176189120335,0.049293423365713636,0.04073683327805586,3.077339791487811,5.4388970336744675,10.67446879079081,9.258937892600851,10.79648695733293
2026-06-01,22.89812263809138,21.895326428159404,15.640271004920823,16.07382665110497,15.014067573261544,13.912783064468885,4.436155024876995,0.9260804180848019,1.8248188564602037,1.5081355354500636,0.38972537142436997,0.38611730462224997,0.33187675357639196,0.4180727451219257,0.3507038886353807,0.5613535019886485,1.452842403320683,3.141695428288536,17.88367793587381,45.60354018761221,90.65262308722072,87.4384848904562,47.355136433074634,28.415778160163477
2026-06-02,17.408718017418614,15.14408633921081,11.03081410611674,12.172968559397289,10.579316326704054,10.15581697665508,4.75482837385355,2.542356795525237,4.802271926613449,3.3930068887801537,2.501337733971568,2.843341868624664,1.926992669682372,2.085629447990764,4.3624788065645,5.176359172709283,7.538045307239674,14.680679533268561,21.226870132902608,43.741123882886505,90.88214869557994,84.84940216765803,54.91198360461429,31.519094389447833
2026-06-03,38.95217497453642,35.956523000731764,36.32742087003106,38.181373186726304,30.181245341636338,25.088246551509556,8.966721924597953,3.7125214295773064,2.235250419650642,2.071402338788055,2.0513058385815204,1.6231465733905437,1.0030611414839712,1.1016916221694075,1.6563549835304514,3.0563486994150644,5.106034425855147,9.02629529373315,22.669215649549503,48.72075547012163,70.0057914012189,69.18256650000758,37.142140077026795,34.468133016243044
2026-06-04,27.265864899865967,16.905087916989064,13.773226349690079,11.958716908254335,11.595845294322531,11.12783268934508,2.4983740020034837,1.5753009704400434,2.5524124900667844,1.5106687711413815,0.6056391172142986,1.2552281761839694,0.22939957904040736,1.5101152282746042,2.6039663556699546,2.3385353437831657,4.058756233786864,7.646776809733784,19.116243245488807,49.96254391119762,90.29301702377433,80.19935859619132,50.29819601528166,33.18711805069851
2026-06-05,26.482856946827145,18.751835575736255,19.995088024391396,17.74941440465396,17.86365812492319,13.675451496949755,7.856891013999635,3.730957575502783,4.051099908225175,2.6010456574340157,2.1958152483117566,2.4875071004443394,1.3214851259843248,2.5425275490904777,7.794129053968943,5.758811752333886,8.907838999222838,13.907982547577157,26.8878207362619,53.80627436414808,78.40589930582567,75.65871585793157,50.664776537807306,20.404741673893493
2026-06-06,36.248162883505124,27.121779289801342,23.70303954723321,23.810595723179006,19.869704508570347,21.408484579594496,12.738529757895583,10.678315239407457,9.04574350348678,9.000531746374651,10.355231232085085,9.395518016532407,6.015726830821044,7.250642516242065,8.361142285007865,9.787527589494081,16.05492346467316,29.795294235053266,41.34352458739503,79.8192383701376,94.14742165282946,81.1458083908598,51.436980920842956,40.96247080498205
2026-06-07,39.44514217571118,22.066316145890262,14.503286373761178,15.141367430037302,15.78346044226815,14.860436700028728,6.523811886334275,3.4081012740059125,2.8537983022359232,2.2134916828171374,2.3757496848857698,2.297224106793278,1.9220666472134722,2.1386276759900817,2.019757740051657,2.4817712458759873,2.628083921009885,6.3103657321339,23.11365858650461,35.342350610406626,58.030861471543936,49.09146593155685,32.89387572896894,20.643941409618627
2026-06-08,12.19394055840326,10.135232258152502,9.61479834162568,10.290728586318405,9.852579110503447,8.39455867227236,5.434092881142945,3.1977855401277724,3.699488250985345,3.517369384012237,1.9992494572160069,2.977315738048811,1.7626352677433532,2.702936856874814,2.885456040759122,3.8057548414638007,5.04426518697468,8.452192190916307,17.374258329562156,23.618057062060377,32.19957163004037,29.699262996685892,22.277165502572753,17.160835301223553
2026-06-09,18.642701072064927,15.54635311930091,11.952603531150626,10.353128331746717,16.13402614243909,10.214967181891327,5.7458382689410605,3.2491713151674326,4.273991567661354,4.488504365069293,2.919726384392563,3.301839284438503,2.7163926731028467,3.1530273227264893,7.344985678363683,7.815482402521024,7.138312269317351,17.839053229031073,23.586664265742154,43.65861387022652,58.76497905484883,55.367701977898605,33.185848936246344,26.60780360199775
2026-06-10,41.91801924058687,29.16905021022612,19.647662077111512,17.60767047700879,17.677330115422695,14.461524337983366,8.00130789099547,7.945079914723013,10.170826433393657,8.287345873667087,8.62480704720313,8.387800964859839,5.314805418255763,8.615311779529984,8.85258151532006,14.104366269756602,19.287174526364588,37.412623991226006,42.85733045690973,62.279334389398194,84.70268046356509,85.48304818024953,61.39986805628927,35.264340623162894
2026-06-11,47.462029056810415,35.02628902302861,26.55542393705763,27.31965611705,29.95660449613174,26.738689002556107,20.47779023038863,20.854432659726474,22.362232522654775,22.017586604328034,23.166164154456588,23.14203334391537,8.26328956330624,24.120523456261456,22.320603644094906,27.755904239322152,37.07692466626884,61.547098857186775,72.31793424052628,80.00756345201282,91.99489660552338,90.01344289986073,71.57996477338347,54.944932053420196
2026-06-12,55.96754027558967,37.0130692484971,25.89996624531406,30.170652030259124,35.31169806213936,21.428814731325236,13.978935906734229,11.007439856908109,12.652967285600637,12.930554330214042,9.962473428265508,9.269530433101497,6.18942618958598,8.401634037913883,12.192902435335764,13.747231628551981,21.51216133468899,55.47728920558507,73.1677842822575,82.84710935556106,87.22757668877243,86.87416451369802,66.79666430848826,52.45848630764294
2026-06-13,34.48025443907747,29.21733171108963,23.44599707620468,21.017389099764706,22.005786618004183,20.972881544261206,13.507383228317096,5.581238581836847,9.913750481921642,9.829438540812376,5.953183776702493,6.082749253253749,4.71053082390705,4.951723831570854,10.772504579956081,10.228546033176599,14.388382819494801,20.813849346924076,24.9269933438293,54.73214330759389,60.59013404092864,59.72492447109293,35.43244026828784,24.980419555456425
2026-06-14,23.389029210297053,12.77926453604691,8.518238246224039,8.564991402889444,7.089619111297052,6.657366370966436,4.6741806400318096,1.5988861378049666,1.9542221404843196,1.508293660901645,1.6192546785958506,1.4971229635861043,1.5153934701423801,1.8601061368694467,3.2396028192690656,5.279318171659917,5.201177176620316,11.114421770296845,18.708711905572468,30.26471774166106,56.841097862236126,54.76045325569783,36.2404123379588,25.16110442969251
2026-06-15,20.04707875858396,13.22868415205106,9.04376232497692,9.61394089683798,10.352039348463691,10.075492433844964,5.888305926011962,4.848470585104957,8.88616038858745,7.054318312570003,6.057110361955682,6.088256523821444,4.7967309675838745,5.770775949388593,6.471490504493684,6.893692181552647,13.8769194871105,26.330477050592247,37.583112705921195,77.23824269545545,95.82197576001352,91.2535083520167,76.0044982856661,56.654451750163766
2026-06-16,42.91802013381912,35.30980740205362,30.947616067978238,29.199457484100815,29.40566241732764,24.412282067242117,15.384280412334496,8.041296043258363,12.717405635222791,10.127436065191128,10.089579115862602,9.777179396760827,6.867446059793266,10.143560423287909,14.193649490034543,14.620470560912008,20.553374267411556,35.98413473144998,46.83663335300858,65.34191345930307,93.07036975375436,92.89494774069396,66.06241455400185,44.215955757694964
2026-06-17,46.29129458407239,28.772238036697807,22.898508670725295,24.768729169782667,31.23998458659284,24.14755471375285,14.962710399218915,8.26987634745484,12.430549606784918,11.097355729708974,7.616073091101267,7.740887978887108,6.665374190944102,7.454001177318627,10.380433995643301,14.823889374974598,19.48402207184378,32.43782256289335,51.09287050950292,84.72975142135947,87.83836499029997,86.07239754305107,69.82349078448104,44.530700977143276
2026-06-18,34.32940296675212,23.816171548794596,18.234988655529705,16.109614158364835,15.448561193418662,12.294379821324023,6.718669760134233,5.081956861743647,8.418922775140391,7.142330985894303,6.634007486073805,6.715076046308762,5.304580864220124,5.638642963771815,9.638743182703722,11.281242882804456,18.3740467772459,28.67522655891802,40.24027872025646,56.782529249905316,73.18770407676995,72.84832438040385,45.150763479493726,32.99226019445333
2026-06-19,22.67337141818832,19.330097786574818,17.070239024779635,19.46796125970963,14.195853797099854,10.53785097684416,6.155406805324118,4.539757874348262,5.9059057462266304,5.816665888664661,4.966506103958485,4.857193137981701,4.70949089940313,4.587933119430159,6.5638999531178355,6.491268389483072,9.241572245306628,18.16114897056255,24.955546425322282,32.011988839916185,45.022615331137246,39.58049290825519,24.92505311780724,20.314488978250143
2026-06-20,18.266689083581632,11.619206686631802,10.290990748333183,8.464033112279605,8.589346534824047,7.2813438375178,4.314193024483218,2.6017654964465278,3.754442229068397,3.5895669402513404,3.117559085816889,3.551167656074329,2.9514598957262095,3.101889902823043,5.501189382194059,7.23330271842233,8.835800100960169,13.420360081718577,21.418166015938066,34.83848388041191,46.058731691710285,39.508833900631,25.90521641512425,16.618803712180792
2026-06-21,14.069336403670153,7.828947324091133,6.371331089280221,5.949811824872653,5.799956048068831,5.459490821034844,3.8681469737381873,2.119480190823762,0.8026287159431764,1.0076632730557413,0.982227469235499,1.0813431357912986,1.2347446594966265,1.0459876920884768,1.2264669581642396,1.2405984124853162,2.917284168350422,3.646427753145916,7.614691434137572,16.203637458105593,29.272580788597477,29.236062652556267,15.403353748689648,13.325494738994559
2026-06-22,10.820620518419462,8.949968655603065,8.411649209872257,7.760968349032305,5.428754142885061,4.120905849928879,3.1651809285459116,2.280348200599253,4.156293623079269,3.154778924057429,2.7983612416006403,2.920663837904936,2.5039734603613724,2.810902096503507,3.7885564201491,5.209679667474277,6.937483841431408,15.367339006696117,23.649270739099922,39.476947693717364,40.03580721654087,37.533756915585336,26.038647922927026,21.190215787993885
2026-06-23,31.17756286916688,28.51949485541612,22.235025451844365,14.436565394723592,15.941050020052,13.273797129574836,7.37604282419498,4.552633329298811,9.467643578542189,7.851881820415953,5.002250668479417,4.451220843498164,4.002728759468551,4.03989288572873,5.2357389486508445,8.199226154207045,11.006315268829601,22.306931198003355,36.14094035274628,52.257212646426076,71.02763907303932,65.69925892527493,43.04648609259507,34.691155506287046
2026-06-24,48.46080050094171,32.61013711461018,27.35655621624179,24.99327237350683,20.744193038688717,18.550573110821357,13.853140694380095,10.352002314783867,13.891678310686208,12.953356035655732,9.773469716469773,9.050916806379565,6.822655969828705,8.492888995528535,10.764615586605938,12.827513747710805,14.484074481226157,29.116276850580306,36.179654643690924,77.6776843523725,79.75741299709333,83.24639657144142,59.16755751342092,37.021530260606745
2026-06-25,51.9135247067198,44.77639806065877,36.77149939757845,42.88001514385584,40.87791493578883,29.221355373750736,22.503611473359925,14.430183465721319,23.06098137353826,16.391744351427626,12.028331583481656,9.950636480789848,7.415428446706279,9.585039174816945,13.215769534614488,16.804371697619423,18.951757954295505,41.2426054450064,54.09928747820239,81.94006748123452,90.10276705188932,90.77322008586536,73.62163951757891,65.88353939274856
2026-06-26,46.89037569104624,41.40466708896582,34.394477266862175,31.829869740051908,30.575050981083574,30.532281766057686,22.235092870676777,7.465679723884971,23.261423615023414,19.774238468413564,6.849751672087721,6.210975049289577,4.531305971254031,4.675742093726127,10.162437591474276,13.970787168798683,25.24967730731809,38.363399959494274,42.03612598063946,80.12901005949946,84.53328083383711,81.87853142670961,40.47001156956074,37.21057283261214
2026-06-27,39.07817581228938,34.1391821355882,29.586128847262835,25.292662721821625,24.127703497758695,23.867389950794735,12.45780359049905,4.7303076574376135,12.533383704274087,6.3485104227163935,4.472506538033096,4.9827210455845155,3.539420790345205,3.7994571166066744,5.63160150242979,11.366691148919275,15.622414485595266,19.31099287080139,23.954096701210272,35.213232822260565,47.02425347111576,46.519343310066375,33.10275416129505,28.557076162543222
2026-06-28,37.12889577379967,35.5640018392096,27.799868344141643,24.369353548601374,22.45353546879902,18.825741840878838,4.024847394177911,0.7997655354625759,0.4343761447961169,0.6106707519788904,0.610816750684037,0.8454989804321003,0.7856430015096055,0.8264061103117929,0.7736821077797421,1.0764664986846535,1.3151854744203848,3.793045723849965,18.194876982304002,33.15661495734847,44.82631024614846,44.52619857582805,31.03856429800621,26.13107684620954
2026-06-29,28.86482038576899,27.847547525412438,25.002398393262638,19.86236650029309,19.71940373488361,12.35275284613617,6.580369013605414,5.13773278789239,8.663512970018328,7.480743878452574,5.8484647011410305,5.687267289494778,4.253937289061996,4.469800210628147,7.397051714382964,7.131966772702772,10.234056780067396,15.947220138955192,25.856537047937746,51.19799203553886,69.57348508608347,69.44886148081797,39.81467171705606,42.594812463152216
2026-06-30,40.00726188234128,35.321445956182494,35.91428898836744,38.06185401904367,36.17319862817312,36.85241227963653,21.985610847742752,13.771946682879618,28.416217516859426,29.709047862797068,23.17200855105333,15.164370638942984,9.686299590414345,16.160945787592993,24.85500301945988,26.575990534343916,30.827301541922733,39.17193696007103,45.19838068138423,83.52685067069304,93.60206226116385,92.3816453765489,79.3829382220921,70.32384393118397
2026-07-01,63.89839219734227,46.36526903700828,42.75456549333122,45.17863123125243,46.700392982799734,40.712602989297004,33.15213913452019,23.34630515445583,39.667118857764265,37.72571784995212,33.24948076657065,32.01560875412543,19.066014953408484,34.19241752039708,37.639215634317466,32.13546061731368,39.40768165655129,56.67557076988853,69.20484942472672,86.0925528358252,93.5887415315048,93.33308395277916,88.2045135440584,83.51991721912181
2026-07-02,89.27933601557848,76.24162670330097,67.9202859417091,67.1820740869775,63.41392688123653,66.21935802437108,57.56879568039123,23.86885196026573,56.81959895570039,56.48457481983526,51.763329686266616,51.343782917747916,35.76884903093629,50.72311927962015,66.31774301771729,70.88579946276325,73.32281531295732,83.04812452637958,78.50906177886627,79.70431675356684,89.95774564580687,89.35107097035618,80.07018609894058,79.29590329584072
2026-07-03,83.23458394890889,78.5502970588811,70.8486460495975,70.37224762034644,72.62379705218635,70.47272112198914,67.67550620647275,49.55054796365542,69.84220164744976,68.86981689706305,63.98183687561296,63.161912426619196,46.298875021030106,54.41597020474961,64.05749433533636,68.96608974921402,66.76554653989461,83.61027914543014,81.0883443102058,88.32270809703846,95.2487981657764,93.85161676941924,84.53274572894925,81.62023635068842
2026-07-04,70.95116805382916,68.08487312619181,67.4898177732066,66.72173504175042,69.48014190992832,63.35454963735712,49.36371075189877,33.07989516399373,42.815694163766175,38.095001058959916,30.955083068317194,26.340644399109756,23.181133634448287,28.058103935678986,26.40612160322277,39.96712622453545,43.64906545758838,55.38061016767146,56.30979753360207,62.23228043008244,80.85979067287542,73.35240648354525,53.800108044395614,61.22526263432638
2026-07-05,46.728293449819716,45.35518303000822,44.01985277907406,47.5161800630048,47.91378433060401,43.555961920078424,30.498635101692066,19.96321945966951,19.85857626213163,19.48392794609581,18.438311714153908,18.86470550407021,6.313014739635102,18.73414221797329,19.250422332095,17.475267331286695,17.679687399868314,18.935974011677516,28.919980527272386,39.5770226932236,52.921323432523984,55.685940914383146,46.26986299589885,43.2864374169148
2026-07-06,59.30526836969312,47.9283537072722,42.41493088126603,39.949208933149016,37.17381935866407,34.11489555894732,32.422673233556296,7.684377545729106,25.798319020517237,28.421083826157282,24.4950865725913,24.622534497083723,20.16789410995391,23.49766874306231,25.79184712552127,25.70133445393808,23.24113402934921,34.36608005463402,62.63748893711131,77.99173028019611,80.35891908572576,87.31552378126693,74.13713422322282,67.39887499695763
2026-07-07,54.583689262594405,50.207177658269195,42.92566328897342,40.49195647043271,45.02071269265449,34.249371640685865,33.25025551352858,22.669005709924388,46.81875344198436,45.07094754018845,36.31812831718492,33.758012699801135,18.745390683251998,32.47549818722603,40.670046373566706,41.801625262669134,49.11232342672795,57.131547329085464,68.83024493384534,87.88454084087536,89.9410649890448,89.3583854255044,82.93521958395033,77.01089880467774
2026-07-08,77.36124027508195,67.77907188449707,66.71194265002202,67.39171563421188,67.2425630147606,66.04432757972805,55.73210258434643,41.213787622817144,63.99627822553976,55.49734315951161,47.409086290907986,50.5024807205514,37.03005106206526,49.638049651541465,56.58081167461731,58.70515752847454,59.903315709459605,74.55778200547631,65.23761713371937,78.68091291250552,90.304832808798,94.0605210310041,80.64596944936716,79.32672478371343
2026-07-09,72.13597042685184,72.24231054236468,71.44922652341155,74.6343737293768,74.04124738866291,73.551277028295,49.18254509511635,36.25763130539138,58.97856368763074,52.41015713910596,32.42161594679732,35.79714878445156,20.15587977270943,39.81057819410737,42.941395295246956,47.34833283241752,56.84435661455131,67.96190289244353,66.2331838379789,74.54920366395402,90.73807747228547,89.49528121758303,74.6361232773414,68.35726766136176
2026-07-10,78.805746962167,75.57405637714281,71.95465740568204,72.92257256131988,72.37032074307587,70.97338699801635,61.098057096292834,55.2644495395835,67.99068942151115,62.481322018765326,52.16642931845802,48.89567979038235,38.176069813120414,56.58514537386918,64.66531244207196,69.28222385984665,69.7430531592758,73.19839881461394,70.83131378819047,72.66700746925913,86.25279367857631,89.13300078736738,77.83112103938272,75.78732830976932
2026-07-11,73.34942703961569,71.09602471914741,70.01838322467057,71.43288388495456,69.05922519783941,62.81636739497103,55.29648934251961,44.05674104814426,55.96688594562297,57.34227296711768,46.701537915372086,47.25461617015634,26.509350979980518,33.00263723596644,46.67565124997786,48.91695612846995,51.81810610793438,50.333480423451654,50.65091870716069,74.06981798729662,89.98184821266001,81.9489859572742,72.10322745997739,71.52266723968674
2026-07-12,67.49294953032613,57.21809686850333,47.80825807190125,48.1963679668548,45.10319585144789,38.80298494560123,31.538789180461052,11.631880396023226,12.57877962404286,5.825163390952457,5.089237472004594,5.588769615914108,7.535325154232048,8.012978569137417,15.442874220276936,15.265275855609328,21.046408080314464,33.05196087971759,49.0203346211656,61.067386459683945,88.76972837128261,91.72604889181369,65.1035782459832,57.98450645510828
2026-07-13,74.58503544285159,74.81384205533298,73.39171299278057,68.51525495274139,66.13798601114388,54.83073400968212,46.38074149249346,28.832025242731273,28.63706559977164,29.794528393934222,27.254760319165293,27.286803291178668,22.037094283792758,24.655464588723724,28.80137261806661,28.26205609057421,31.05779615605779,50.49561924788748,71.22824626456676,77.01049653633883,86.47887289545926,86.00303809042937,75.12444596387466,73.32532214743004
2026-07-14,64.71221460980195,65.79022846452999,64.72402812458665,65.60902114235905,63.53909318854022,62.14831730128709,36.63399246523377,27.37552754265091,44.07487386153366,41.24216163034299,39.03833522337931,34.28936590346715,27.144053619918537,33.022765522842,39.86831610002518,38.22939422098991,56.08745019545158,61.40652450359749,62.74560834960176,72.7553293991383,90.11038670755362,90.61065219340423,75.09726687495872,67.98565773923026
2026-07-15,69.17944819889246,67.43175378552978,67.5604479987606,68.5364244629239,67.00122617214653,64.09662804424745,49.954486679923306,26.526883604944835,48.36172691692697,44.200321588756424,34.13476199797073,33.28516118157882,12.648450754904035,29.769528889461025,39.255441532026545,44.75577821682348,52.851529612753176,60.19846755715405,64.78399074054339,80.32718685616217,88.95085315408795,88.7433270556375,76.90842858849189,66.93753327201946
2026-07-16,60.27093741624566,62.674472774416586,48.9214923333872,55.41008709040411,58.533721469619316,45.011629316542006,40.733993513351294,22.262263418865576,33.575689724649735,27.889709945197765,14.331315325547507,11.905446219123956,9.532756767927435,13.264244598083378,34.324057097722076,34.458569407406564,30.056122287862877,46.60292539474698,59.30663236809286,66.48417041609024,82.33044327706524,82.80976006532862,70.42499716656097,62.70456999844535
2026-07-17,74.29769699202878,75.38725762792176,70.99282608314593,71.33617316525819,67.87273643534134,62.67658114064138,55.62406082860073,35.587695876708494,52.82639521505778,49.46190095838101,36.71837516556523,43.132114467360616,22.15829079773026,36.04047110889744,52.81768254852628,52.41440874547923,59.149894321578856,69.85043954450535,62.244884337979684,81.04282818262696,91.41968984840219,90.65714802822217,73.60892628182991,67.77572610130944
2026-07-18,74.38763915977164,72.75744561217331,64.62920417931065,70.7564632763617,72.18189726295242,62.39519230248918,48.47948234507956,22.110111673067912,43.12133791368245,33.96067884682353,18.946525900510043,20.181708484428516,13.509088107089855,20.354389047931036,33.37733827248079,27.03239575613889,34.82651590874146,55.08403402115379,59.72892871402336,75.90959612734895,92.00133467830773,92.33784833002059,74.3154359195638,67.14204670504752
2026-07-19,78.319702428829,73.65804337854746,72.22964901773811,73.4211913678209,73.7841832862424,65.03572241989738,54.283909375472355,23.74893327741852,18.30964592429792,5.917578935160393,4.898255140189928,4.768164337665113,8.100332285904452,8.041076660859263,11.437296536618158,10.009071099298147,24.897017648176007,51.34383037632943,62.49978405518813,78.90495391752697,91.74763277117793,92.84056043137926,77.5791897233544,75.01248155780934
2026-07-20,79.92318887722499,77.29957338687836,71.7011775391681,73.33086987187812,76.92658613796212,74.16881654832817,58.1129495510052,42.7466815402741,40.824681161827804,46.239112655322145,35.84729464183993,34.738204911217906,27.67258798734872,42.03059780779375,50.43952424988021,46.96328428552821,59.050736983770314,72.87762011361662,67.59876876547786,78.88784567190791,93.68241075121784,93.89178646380226,75.76416530692406,74.01211000286962
2026-07-21,78.64068239182063,74.86986423335725,72.02684186488476,72.21018386510633,74.25537504415179,73.0396785139117,62.93154321798768,46.69682380505091,71.91027133494859,67.8371910719948,58.90418026470266,57.010665797789514,41.52725190637234,52.58726390586208,64.030607037451,61.97089022745804,74.24053849390876,77.33056832585281,76.37942736546111,79.79190110266966,93.15243313312128,92.7218239541847,80.60784882313568,76.01433336792854
2026-07-22,75.33668095951795,73.41022486159001,74.12620239120655,72.36513156550023,73.49983188933497,71.20729340512918,55.32503073980191,31.158848329416493,56.42621904297594,49.18273569098849,41.80789980062819,44.26307586832029,24.322176003088757,36.51891856851546,62.510117430276004,65.10386377757972,55.54969080421182,72.55164742376422,73.18090296121599,90.77639583356533,92.85945762437368,91.8789906657118,76.69576036210806,73.09059511859846
2026-07-23,80.16884381013708,80.07758133847106,78.18237458217254,76.02154164403409,76.1473895480473,75.8452436210074,61.0800103156317,43.23473870860645,64.38559819200238,60.48601644672312,59.78571103115122,52.165011210481374,35.44272790538458,46.63083506085088,58.333793281591525,59.97810828550911,61.26054564430315,72.13343612746824,72.2738732683983,86.52096354270581,91.71139144636301,90.26259512615182,78.29654262930826,73.15005994636745
2026-07-24,80.21989235529996,69.26023891675193,64.69467455540753,68.88562150435276,69.29294104011478,70.24369092919999,55.90561932547974,40.31663653954366,65.09203045992773,64.37099965039502,53.27346988944664,39.45236454495191,32.29080626810033,37.10162003510641,54.691200546976425,59.41969424919684,64.07738591928792,74.86805833694302,73.70139401755597,77.40216460779365,90.70921933971526,91.29868375504809,79.23656074854854,71.93212860862982
2026-07-25,72.51079040254577,75.57511655244315,73.8495721773713,74.1392624553478,73.83642361766266,70.606942567543,60.14315640571934,33.156081333888075,55.976377434090296,43.940544847933666,35.497791997226905,36.0256010195715,28.157623147838084,35.46188141667264,37.04861979221903,35.3561508374282,39.45033324218807,69.58348683631674,71.8854471336018,74.31847214891812,88.00886699154667,86.2347383075982,70.94677810538037,70.83902081380324
2026-07-26,70.18877333667277,69.03785923298344,64.74478116677354,66.81115455730641,66.60785934676811,68.55131227162141,56.63573702132965,33.675272221635545,27.94785389628165,35.37572584825268,27.94949304597046,25.819271589250167,24.071464213849552,33.725809580455156,36.08403175036986,35.726561641641545,38.22641297639344,63.34771894485043,67.39329806693753,79.6208758721532,83.32380810648782,83.5595175271073,73.58203480268342,71.93273067960337
2026-07-27,75.07137013434415,76.32562460051989,72.78367119518315,73.50530331786109,75.6884486676809,73.50877124756518,61.1929980574137,50.59591298103176,57.08297197395283,45.25437531387757,42.33176121825925,41.307303588554106,30.34941839776397,35.71509407177649,45.91509803191452,45.92271191931291,47.05250950213073,72.14846802351502,72.85998758642823,82.10924746232999,84.52048322145735,84.34137841751445,76.19525077227468,73.64201205505678
2026-07-28,78.75223603566934,74.7366821693857,69.7814358246902,69.10114753877745,66.61789550333883,68.88882045883774,55.78336956951362,33.3479937205159,61.51934026126528,53.31475473528012,37.218000404263556,37.476470759008464,20.823077275405524,31.082435481669084,50.90182534062034,43.102756055187,56.14441966512935,70.34475067096406,72.06821871790648,87.23457396679035,92.77315382777165,94.90943694917156,81.96051458544206,75.7619346513727
2026-07-29,71.2061329743946,70.57573354681,67.49510963379844,70.50155710738969,69.14435455970617,67.77095195283549,62.38228563621191,38.352115190959104,60.432373892474395,41.88104725424427,31.781002815736638,35.602091010301145,21.996455166137594,32.54941917267219,34.69296073151154,38.37248876808301,43.68281121931419,67.59998199344571,68.69661727007347,81.30709919144695,90.25677185149347,89.5413006131917,73.04829833756362,69.46443504119159
2026-07-30,51.54790940417928,36.807240597022144,34.6107281060745,38.42881629299676,41.9335545643458,40.959941792247335,34.0076047836509,20.569885941295286,31.37178595550537,24.907954860303814,20.972776895637146,20.764843815488387,11.843997702717205,16.83934102156096,24.28596344169743,21.663257371220507,33.024482579151744,46.04957086985996,43.77788968013489,60.3746981898783,76.88008015953395,75.07990354160704,56.234549431447554,44.54375666024925
2026-07-31,46.96457684608816,43.89535492198343,41.83750748176125,44.29342746103062,43.69742825970348,38.07033885919705,39.28500372835939,23.879004017078824,37.454662327099435,32.12067492761009,29.175206563307622,28.639209924557967,16.925591898056307,23.021040929332276,29.530301204334112,28.20406463064559,32.972901310159834,39.876133684464776,48.44243501187189,74.4332924115265,83.10127531850522,79.92358690912052,56.427471284357445,46.69238696716511
2026-08-01,49.46064599082559,43.06598199085244,34.31868671113884,36.35509618107981,36.21023457719023,35.25688664574927,32.13080009232249,21.642760608779614,35.03007698769543,29.41412290430679,27.60561652203912,26.860899677820516,13.276740977992175,17.608615841770007,23.574744437544318,21.102031136797308,24.645767507655194,43.212928815049025,51.282255123880084,67.53384256034549,72.37719170021671,70.30602743236233,63.51548694005087,52.68809573011842
2026-08-02,65.40242540591991,63.38819311843627,56.16887725226885,57.07138320753216,55.36920934366908,55.98731079927044,52.590402962208216,32.130045508622075,24.72386172124277,14.558242996494544,12.856759908748995,11.172829429780709,6.342542103325067,20.08258510031655,28.714802560227493,25.592019502999126,22.33288652318573,40.57281366953649,54.77770554066178,81.9575590253306,85.83965938699774,85.44862375559093,76.70185708255464,70.05118134124166
2026-08-03,75.21456191748734,71.39511770486772,67.37390441917339,70.12521829919612,71.57768920726696,69.86389763306411,62.211750177568454,34.69508206521695,42.91640286174179,39.130494135627046,27.135581363529347,33.02036499252399,20.085450027581658,38.52392864965209,39.502607592047035,39.3476660897127,51.796204805254575,55.181011604371385,65.3361703224912,83.64119678000897,89.01866112810237,88.90488084630373,82.74940018001075,78.0653240540144
2026-08-04,73.1232638464538,69.37196931712612,63.09170753554586,65.21506101670741,64.75176527659178,63.21993847854146,63.10389160866909,49.488233764984656,65.4651473915509,62.949783267990924,50.755103168191226,54.63145977539113,41.179128814941635,47.017269556877544,58.13643759024939,59.7673103684036,66.33753571965603,65.63266172310749,69.89117647717721,82.03900582193822,90.1174388072019,88.47805111061456,69.66747155509516,64.7934462300751
2026-08-05,70.73053898674034,64.48096935133935,65.0818421205822,62.16752467488821,63.11672518100604,59.05542852072018,51.6956459413152,42.042457432319736,62.925878986166715,60.79441197110472,37.98551520022549,37.21628545464614,30.74208382816938,36.17647256642652,39.30576146823521,43.08903409860474,59.88715720489081,63.03658432315638,71.4702812105085,86.41428019567391,91.02451392154747,90.54915842593488,76.24202565979584,70.92466768091583
2026-08-06,73.58587472018513,71.98688115951686,71.94749549745386,71.1906991566145,71.87329584625626,70.96921094418921,68.08316706108926,54.61651175639715,69.82904658511943,64.20657948212771,44.87964283247592,44.43542253447277,32.559432749665426,43.469151545284056,46.22612394138669,55.75613224079876,68.39704874715056,73.93313543104388,73.31010158110976,84.77161950438624,91.31815834956274,89.62735466133897,77.4747229212753,74.52698836488827
2026-08-07,76.71110192004383,70.38345094737384,68.67486739006912,70.9047485965933,73.56867889389255,72.2243879896965,68.4505449961095,51.53530297626853,73.52175737466295,68.51110718341366,53.09569309185671,57.17589174766811,31.284794232656825,53.532227228807606,61.26053455184546,66.80402964947936,70.99916370628851,76.43906408872563,74.36207761782656,85.72421243540666,90.48462528385052,90.13431156490262,79.53386761941869,74.6340995048085
2026-08-08,76.3409002835923,71.52719585157884,71.56413867393388,69.77831971118285,72.09991851573056,72.0515019122098,64.07644349272508,42.511079719819215,42.854389738638034,40.261073856141195,32.56243286317417,32.28703923290422,23.643360756917062,37.739627554556925,49.365151235638955,46.23231763730419,48.44699256227389,67.05613933868968,68.11999198875668,83.46122779130964,89.46289039042891,87.5770673615475,75.72968526454387,68.49475452657296
2026-08-09,74.55497394246838,70.26574162430757,67.0028334923514,65.07412123491144,57.35160219948824,48.41578623157922,45.12211814979233,33.357272091984974,27.55614759707648,15.180477007935531,14.944427337039764,21.16150711179545,8.412152737939556,25.19331316713639,24.99439696102311,27.265826047341434,28.432522871237904,30.538418299202398,58.73767788600602,65.97627018823448,85.20752396159716,81.20835954262375,69.52379209568879,61.925519012133506
2026-08-10,69.58744595776368,60.94612934589566,56.42764092814999,47.784945042164445,46.79655510059587,48.63669688508679,45.19133018041602,35.4832898952703,40.98353088618723,39.236838021103104,32.28559124991905,34.225772621786824,25.915633074298796,32.847647120596136,36.575716357423175,41.65464104285384,44.3365460347355,59.19245287725872,68.59982822598332,85.14869301574977,89.46080636368627,89.01657690045968,78.2532436473078,74.15756121832125
2026-08-11,71.33609965837573,57.638202162925744,45.22725773751931,43.245079444402755,43.14795078740794,44.99435410854467,44.278039081814406,34.05458856120499,40.12228692652077,39.293317787616004,37.24553584592494,41.75453146106298,30.138794909645068,46.963134124311516,56.6876248219453,58.43516573386791,68.19138943104653,74.63780407825165,75.70140878456155,83.1049196421492,88.96713870489396,87.70253570788266,76.57094885596803,72.9535581385463
2026-08-12,72.98915972796762,67.7149776431275,67.27156233174996,64.85051380205509,64.23780026623776,65.44341084511599,62.480746358270785,43.78281960778982,70.54886984988377,65.96015624642006,54.16986650677842,50.535993353235725,36.883621428780806,52.70523320147668,58.2742728910399,62.07297876903595,72.21584765537173,76.77653497591577,72.99681029103817,84.1481395609316,92.04533754477355,86.99050836713097,72.56626993900296,72.2924565857117
2026-08-13,72.28035649256151,68.44670432105166,65.16508266997668,67.63571811080405,66.56226741186033,65.13080917837105,59.88906956284455,46.936481016403725,66.22166986223093,58.84199819550101,47.793734938605795,45.41994277681085,25.21402183921999,47.389340587624766,51.37421684658377,53.067041808445225,69.09499084636509,72.46439977879376,71.39426445935516,79.85791496806834,85.39321472379335,83.25978292325763,72.62573270789031,68.70414518513095
2026-08-14,69.19461930696173,52.89249421667515,50.20465154141928,48.676925774005056,46.47273656111765,46.92555774991174,47.875914265134014,35.91858911118822,47.88826331636164,44.881247746986084,36.266357913854584,34.72386535098888,22.91411222870871,30.700249402911496,46.49083799537075,46.304134819793944,54.32988222085798,63.84142083866068,59.96049477677579,79.3929643680757,83.24409026662424,82.41082442466825,67.21858691172707,54.122534809537335
2026-08-15,67.97762232394993,50.42289941593193,45.735105731376905,45.00182671301526,45.839032508803584,46.54485398799248,44.530729384898606,29.645783257814657,37.42768457816225,32.800753656932734,33.74622526232099,42.1191664296398,30.666527019950266,34.31588545068908,33.84091910140393,33.05486738189208,41.32807080892375,52.958190440949956,66.10864577881182,75.12789777475483,79.08684364374322,78.13447300166084,70.99414770926698,67.13183614810907
2026-08-16,65.10498823687303,60.010797433963184,45.26284910083843,44.364309280107385,41.31132091279378,46.94491080468346,46.13424073440906,26.539292254023447,12.254529583720402,6.160692488647266,5.328882498231398,5.996407517778419,5.091777685798339,9.797156288937074,16.402195196159482,12.707032747734468,24.924475238866773,42.11385147426585,66.20090840270602,76.85928439438736,83.93444864143042,80.80075359398869,70.08849865962074,65.27577699764234
2026-08-17,71.64030418691024,69.19595021011915,69.09692088659205,65.16347374391724,67.75130265025291,68.8198922245148,65.70189349072675,59.82795324921716,49.825102811482076,53.91112334471404,45.145770054670635,50.07111026874868,41.52596470735533,47.40374732080024,64.23836004947019,56.53251064615607,64.43003943241618,76.51057355845687,76.03709353699672,83.928085148465,87.73784265651007,85.97888016048528,79.31207793973354,75.98090550300599
2026-08-18,74.98653373848057,70.59575881237988,66.62906105730296,63.89655733265843,65.91341408359816,67.11326032587739,69.32543665805132,58.61547673505092,68.37865504587823,64.34164672841565,58.99581451710636,60.12033542047309,47.48375083039686,59.016021176701884,68.34599486169255,66.64467455458411,72.3164584641344,75.29330718641532,78.33171577624996,90.50249479039488,92.21474134687057,90.73790882806178,79.57467528612699,75.62389363318748
2026-08-19,78.63643248533462,75.4326265470547,72.07211163979403,69.58464947850041,68.89180484122907,69.36832034975633,69.998476514354,61.197579444847946,69.76154356701863,67.85918864985206,56.92309930023415,52.390960437785616,37.736233599350875,48.49867633323471,60.682823320412226,61.80773178378812,69.4960989993766,77.00992590541951,76.42248816309515,89.8261531050602,92.97532670669146,91.62175995569497,74.42160918585068,74.75552242280459
2026-08-20,72.35975297658213,68.79807845495586,65.37053042213553,64.7385277890567,67.81149922068529,69.44713367666147,67.730022112096,55.36764876577723,66.33048560705642,58.35736113908607,44.421548167931284,43.144914077040376,32.09925547434763,45.80763878804968,54.81019097794024,50.34572790720546,61.67274462757631,78.34516308489941,74.19905707237874,87.99849829611043,91.50475253290864,86.78685822000702,72.15684364010737,67.96263838051223
2026-08-21,72.95463008930751,69.72341990590417,66.24530840382815,63.289904395890005,62.733680612221605,64.38761605145872,63.50286432158778,53.24773566878391,59.28900438216849,56.98198453090487,45.69986571026665,44.11441147833411,33.646608815786756,42.1753219425172,50.39742365395748,60.75480459676775,66.77848833425078,73.37856652057418,73.47021182622682,84.99059347628695,88.89655584952142,81.90223183900548,73.25240224227743,72.13211887262698
2026-08-22,73.73080805133267,69.58812793241061,67.62984512856839,67.82782597172248,69.23050901184293,71.79145437058963,65.64210706781252,48.924214625875116,47.28736116890264,35.869486613473626,32.47345173245776,34.38579610175253,22.35610765889111,30.11947130152401,40.20170858123655,47.007229230484754,66.42838766456636,71.85019850774374,73.17368565119111,84.83859192255733,88.56231693187482,86.8614386155331,73.02129434474257,70.69805656456217
2026-08-23,77.24888439414397,74.76329715381678,72.45029002101201,73.16736994802883,72.65110835425524,74.97442719959929,71.34983783755507,62.328788717781535,47.14613732537307,40.904189246082474,36.22547648558019,40.63537791356558,38.52072818731905,47.05288803687751,46.520150725106625,40.266893338560614,44.278615579865146,52.20825931556228,69.54794905842816,81.89483090938343,87.38657461461771,81.96471313125957,73.826384417477,70.37748274134944
2026-08-24,69.9264128610211,63.70008924948401,63.13656746213848,63.3544007773266,65.18614046160752,64.52274688044032,64.90008822534723,47.33994087727842,50.73530869666958,45.54267232275846,26.18025348546172,28.756310869679357,22.545492878239465,27.779553521219704,29.07956920659947,41.09123659482681,51.28064411147081,70.65118676761648,71.92135840913296,81.68564368225678,87.80498971670205,86.45283315463215,74.42645626409396,70.16897808849954
2026-08-25,66.39457603262449,57.03486853473687,56.587589038866966,57.955435505481425,60.98794646725918,59.83082583284375,61.22558090738877,47.35072965941061,56.66214907039295,54.58061265907422,52.19815569145755,52.666847344683,40.417441655018465,49.05055862385514,54.43194522790152,60.08168019077707,69.45340474825632,76.83139901586176,73.63347760703263,86.75795543058514,91.17194358485368,88.61079179013407,75.48668435610438,73.50915380799
2026-08-26,76.3903356496149,70.61081974350631,65.68480238616594,64.34159271277922,65.87026186300523,66.98611936086516,68.57793460760195,55.24406941489456,64.89256151365362,63.06307531810998,56.45665581291276,57.4329924000726,47.10468757440661,55.444321045781365,63.50291579712204,62.86571216551347,69.79457184496238,76.66225795421916,71.81868070032257,88.16467553645661,90.89814874739386,84.58028378584513,73.51888655147151,72.8674219108131
2026-08-27,77.59690396435289,72.01535531282288,67.73554066443393,66.27992446741122,67.3686451467391,70.9710730017049,67.07151224813076,56.266519327552764,73.24801792463255,71.56941494359006,60.05607914534823,55.67436381280248,39.16875800595629,54.003078275431534,61.73921880779612,62.540316769269964,70.29655461708788,81.98039429055164,79.87945581381302,89.552023867346,90.77294150317412,87.81910271660122,75.85914653999512,75.63344232097823
