,h00,h01,h02,h03,h04,h05,h06,h07,h08,h09,h10,h11,h12,h13,h14,h15,h16,h17,h18,h19,h20,h21,h22,h23
2024-08-01,83.51121387816843,82.82870669108263,79.16593955520595,76.33361208419227,75.16910652463896,68.9992542174306,64.55231354959302,63.14658623827559,84.23455119510234,85.16152439302266,78.34907370077823,77.51320302288637,70.6667917360973,78.26075802689847,81.88405594307368,90.73383298420003,89.52460749996632,90.72466116307336,89.85819882891153,92.31154941132536,92.30764614187493,92.33502534713391,89.5130779854223,86.36455319787774
2024-08-02,88.01186995620263,84.33705965535613,80.03262497753605,75.48546839863813,74.29364907208847,70.24908643553051,68.33673966707597,64.86361644160479,87.64644403913921,92.44025286809072,85.89792198464936,85.55782210757097,67.0616283991005,73.0309278416971,86.2964341560233,87.94673275325081,85.88185962941233,90.29014382470186,89.86694628370779,93.16451228566677,93.30859532265711,95.47073847447916,91.50918733796222,89.3807320865676
2024-08-03,91.0990390401749,89.13906903092683,82.37704475417505,81.45109923320842,80.6414472204474,74.01296952403194,73.88084790974575,63.614077000328095,87.09433911457194,88.84697741890707,83.54951309884217,74.83097897151882,59.86844006207332,63.3519691184675,85.06081432198384,85.19375040600117,80.29466789174646,83.20433894568652,90.99597747691652,94.56327122726357,93.88677966536154,94.70696862506664,93.4127196587383,88.96214712751137
2024-08-04,91.0104090093036,86.42315144521936,84.94737555470991,82.82495359131428,82.84091075864117,81.22973627068616,72.65689752129141,61.73905263248801,67.32717005811455,73.05453269854445,58.66168778192748,55.08832445715196,43.330275405100814,53.226121191857665,58.30243509194408,59.9730188325105,58.48153159331338,78.59670599933888,88.32869287094576,89.81190997126626,89.83938381484214,90.51215501306302,86.28714035506168,87.73063313109304
2024-08-05,87.64805082401837,85.75627541332642,83.26903908845644,83.25165811540467,82.73680267863462,80.68984577015902,77.4492412173663,72.52797298858927,83.21714865163892,86.46434064250617,80.66810477256986,77.83235670723676,65.3180320488474,76.73422823504123,82.717984856514,83.07823255855948,81.35333890220586,87.58934835882576,91.646137154645,92.86609415144011,91.96743322018064,93.34341135991647,91.92174125009704,90.76211363541077
2024-08-06,89.84230770483549,90.70305600123437,84.5007627009011,78.65056854721456,79.19487365740565,79.66372484662536,76.46807492553336,71.3973404463518,89.72669584847355,88.4723887556752,81.10490296886856,80.74096313452043,66.80525542372871,75.96362150054561,88.554764376998,92.19904033903757,91.83325106759376,90.85441195882794,92.92250772568853,91.57969761464263,91.23367831858559,91.64341542525544,90.75591193161078,91.02722841627353
2024-08-07,87.80642017872918,85.12018700347525,82.18004065815165,72.10999583110237,72.09165332068896,71.92824797187052,64.12261023493338,63.15946310234942,85.90225103312525,85.89523240159197,77.90948010068723,74.25005824287368,57.398999657515034,76.17529152049018,85.73940011690414,90.11201100010281,88.67500104024022,91.2995925195148,91.39369589050317,91.23662884913593,90.21691768457525,89.94676952561325,87.9654326473623,86.77347635522449
2024-08-08,89.34801742648284,86.41105736329729,81.44679299755897,73.91816635330966,69.29722341427811,68.10609817403198,65.62619535943517,62.09840088469477,83.50729198503056,82.27826907147106,77.23160136761153,75.31405851859435,59.96439034775161,77.94808452831461,86.18479333541767,86.74559174500003,83.24642333890804,85.6063860474445,86.39451965579731,87.49126375407516,87.58385241696489,85.63952331888856,85.98711782526067,85.95109222170004
2024-08-09,86.61636067248743,85.83995352659096,79.95154526741668,75.21893993630555,72.94522327363643,68.34627031832012,64.81614484051474,64.18156326414251,85.75899919900813,85.89023392392262,81.4765191315088,78.22341035549378,61.947492609318985,71.18311383331393,85.52869250624003,85.80094260472167,85.15479487470377,87.44157557484036,87.89093834415813,88.85921337824905,88.42765138328188,88.94799300224226,87.6720073684812,87.24307807037937
2024-08-10,89.13389473524549,87.86468209284152,80.73845962020413,80.07144152673054,79.45440681368258,79.11192103841857,72.24682036243414,62.9445749120099,80.6473370100137,76.38806980176797,69.00958836996287,67.0666574854309,48.33601419342234,56.16325899358986,69.70348442568961,74.6621005426729,75.45403418990165,81.34456923955605,86.9621127017187,86.95523213675062,88.26141261998058,86.97031582310575,84.84859332716806,79.65730103830273
2024-08-11,83.91965688120969,82.42437042344288,74.18946258222067,71.97108095163891,69.91496548112129,70.11386432553675,65.42327888622249,50.76014240648193,61.849694393232554,45.910649014741665,41.995013171637346,32.57689836327773,29.109893200689037,35.42133123065802,63.421476110032614,67.94219172356226,65.31822699495183,78.52711605117686,81.95599250896205,84.19001292891191,86.10186732535237,84.79404130171433,81.02183176256108,73.73805568971872
2024-08-12,80.61584978738962,77.34904007460526,67.93640411939114,68.46297915095634,68.0793382950256,67.01698693500796,57.998647467405114,57.71075745279127,77.73662978517086,79.57467725886754,77.64172048499262,75.75919132827121,53.70910598996295,65.37556890808595,76.5083901939521,80.6196270910146,82.14889971127293,84.95790384270305,89.09603674073588,89.74723840627452,89.5681677151959,89.32623141633698,86.66108052896936,82.13810253838982
2024-08-13,81.10501232517838,80.78669672108317,78.80091865876024,75.02403457965835,75.52859768103889,72.80594226369516,63.86053391220307,65.64600318757962,87.46173822870709,86.9762354518164,82.37553600357992,79.80376918143297,64.04321789541905,78.70036626510854,85.64483330271655,89.53055984053437,87.64868496224565,90.63318971646139,89.40267099068517,89.40035874887978,89.53543436349977,88.4497995378111,86.7883188826348,82.5706396214494
2024-08-14,83.45641574733958,81.23467193976829,80.05754838856399,73.75311571325823,73.16931808517589,70.40045327653003,66.15664868768046,66.51855284143015,86.50377761698631,84.17461651817176,79.2045260998963,78.91007542442725,63.94306025009587,69.68605552863863,85.90731580453969,85.11620324052905,82.23509374827054,85.58798451831733,88.14760743307785,88.06439114589367,87.72650489501511,87.94241379333936,86.31291835378318,84.79108267276415
2024-08-15,86.35980339572733,84.46175089827848,78.19464269259957,74.23923980544224,69.31787469361547,66.26778714147716,62.16105865908636,59.466721907469676,85.62725689815218,85.64007240952618,79.35699842202425,79.32729012661927,56.28569159307088,64.49660863476298,83.30924168768672,85.0127527407283,85.65778054471137,87.07268376304039,88.24621493266365,87.96554524414631,88.07001229102772,88.04116298400609,87.72406756670235,84.58750315625436
2024-08-16,84.09854370312864,81.86454468692027,73.9874270100166,71.47730639314814,67.69633531305088,67.22902768796483,60.547230265198486,57.41949519853337,81.12505285713794,79.43002623442383,73.04065462308449,69.2532248585154,46.68511336069379,54.404061201121095,73.97922440669508,79.667517689971,81.79477398764375,84.955621184186,86.28989538564517,88.69223844818163,88.66998003007521,86.32001496084808,86.15685277945242,80.72910238276627
2024-08-17,83.29490867872231,78.14983687095003,74.72341356798162,72.01698113726121,68.54107783357259,70.31801527713898,66.70844337353361,56.10782216971641,73.46361608233268,69.61066587369025,60.17136096669057,57.14518430316732,38.65624701920584,45.696007560018714,60.92225972718527,66.46724076369851,67.0012642681544,78.83842753628643,85.81366467069246,88.0495479984304,88.75180198063286,86.0377020171118,81.52549127095017,71.55197563699718
2024-08-18,80.80707543730782,73.62738234699256,64.83847350567368,68.62782665064243,68.06713265213965,70.39489089516891,58.478343419268334,44.612533749222955,53.527132024191566,52.74673219611448,55.28340011493007,49.42673310606205,39.76964977137039,46.17638060625662,54.072582164051084,60.28245861643184,62.27778885210962,75.08470963371748,85.46260496936223,89.51814673738464,89.92240489464587,90.19847688045037,87.4191372217386,83.90644212190348
2024-08-19,84.5003657916433,80.61876676321211,71.43363610254688,74.09552544961997,71.91765900981154,72.28091960413346,76.34615492791954,70.94605439054764,86.25205637994186,82.62215855067296,76.3247384865386,75.97106276836719,65.75718428900427,72.39264532643573,84.69063881169801,86.8023827803917,86.18988380076279,88.3508864494024,90.42548449106752,90.23096664732397,89.13126401398266,89.49468326240395,89.66767361912133,87.39210006124286
2024-08-20,88.06121085363407,85.20866844277074,78.54370818345562,75.4083454394031,75.59400311894332,73.36661495139019,72.35530641832369,68.41621673763747,86.81755203830481,88.53529826235554,84.79579381315126,83.71248287317042,70.68366080652973,81.21162466649182,89.0197191402704,89.91845301601741,89.29497122760888,91.53204656063113,90.58807373445246,89.40225463701698,88.07665168684086,87.90656830412426,90.04879578729373,89.73443505383983
2024-08-21,89.80724687215877,88.11231013700572,84.81296238913788,79.12775996670497,79.52527208077643,78.94893040018017,68.61863092744025,66.90845140216248,87.26654476380929,87.14880338186504,84.47346588245736,80.86329501842351,69.03679005753683,77.55779852582961,87.1016593352828,88.15312812306726,88.70256168088072,88.650761168108,88.48204814082631,89.41262419939665,88.57714903087906,89.28743547256049,89.6764897430297,88.27460609565172
2024-08-22,88.70414808219513,87.57822499630682,82.95956791515998,80.55755961754973,80.3494156586651,79.43413805994133,67.26926261699377,66.56259431109633,87.6464004607896,87.73703495754035,84.24718437781455,82.82492856634352,72.41590171595864,80.09015956761927,85.37282727637093,85.956142655505,85.17812090850914,88.04156591696517,88.22299070604666,88.441792096304,88.3212147149919,88.29477747661457,87.67842896387066,85.81001601082583
2024-08-23,87.07089690184047,84.542042442501,77.50339474526432,73.10764885137576,72.29368512955273,70.86642400069546,61.90617746205361,59.64941148725193,80.95324927368121,83.88785999402259,77.98480020375963,71.88210402438737,54.71695027914859,60.539792011747586,72.75769228205694,78.45900531018913,81.03708926944914,84.99450325707319,86.75486411874955,86.55445755004503,87.25703869256814,86.566894434211,85.58657481096965,80.17801893989332
2024-08-24,86.33892606501281,83.42335332062497,72.65240742943335,67.60803942763413,66.56204871470236,68.59706923450352,67.33205013862617,60.75899965185653,76.41762578917974,78.36432011677537,74.88399497159398,66.2021637582613,48.07376833970306,56.86925932969522,72.14972468724899,76.07401345449821,76.99012482875449,81.37142276660057,85.4216991981421,86.03228863700599,86.18130323588178,85.83679228677002,83.41677397571806,71.82975925788854
2024-08-25,84.2381584917852,81.37951108394937,75.66961137603703,70.14543503411501,69.12344864741527,62.30004963294447,59.16149939796044,46.61240664642159,62.251312960548944,62.4845842218992,46.33182430761338,45.94314755019653,38.96833978931574,50.417443392044696,58.07400898754787,63.450719302771574,63.785878026142534,69.00482396662113,85.36905761209889,86.40754325766957,86.9129494950582,86.95125724179742,78.3942596246867,77.50144114904259
2024-08-26,84.15194424970933,75.81341737458214,74.52736758509185,67.80553875198105,68.9739253643101,68.05098149874264,61.438159953353555,59.74766903621503,77.472737437845,82.65378546279476,80.58050607071394,78.02364140724006,64.63024982549696,76.49173473925389,83.3005765459556,83.17260716381206,86.3337502669258,89.02995212657466,88.0806542038901,87.64359129602491,87.71483423728736,87.7070520980808,84.918871039949,82.89465000408113
2024-08-27,86.57856953840168,84.20820719745164,81.37136738472586,77.25891662366996,76.63511765794891,76.7409930048574,64.99444899934595,65.23701724011448,83.48089133333451,87.31459485305125,83.56301377027867,82.1544924273395,67.60566715953716,77.62225820193957,86.68649001077992,87.96110529598953,88.38822239035584,88.72261604847381,88.20312812895872,87.44359202813213,87.37996519456418,87.69870306586172,88.33405116964919,83.47926670432709
2024-08-28,86.12929916350421,83.4076843702892,77.7804107086728,76.00334375528911,73.35998931996568,74.513338871366,67.98185437427806,64.2164860096591,83.90357171658871,84.81663308516679,83.69777153017246,83.32610122572643,72.22656311239245,82.26606087467698,84.39818190016514,86.57537072779986,84.99369084247111,87.19335093464917,87.64760090032938,87.6686707403385,87.49989378317889,87.35471594578397,87.84573660910297,84.63339031924684
2024-08-29,85.30535220615229,83.04150346578541,79.9865147425805,70.98759615285186,69.72199142252134,68.67684872354795,63.894264571031464,62.8383807121624,81.0989026057573,83.0490874618805,79.18764179446116,77.97836115580812,64.24259118586416,77.0447134824905,84.30483324273168,85.70874993382631,85.64888728275108,87.3260555836739,88.52914088886835,88.55083274712948,88.21103897175003,88.2892196594832,86.86521389822796,82.28075000205936
2024-08-30,82.11049008223446,79.9741349497268,75.07030554403774,71.29305243634323,66.85049379478791,68.21874939924275,60.02019601826692,55.528761047686096,71.424386733994,68.90022130830081,61.58437573588928,58.9236225478195,48.15318824193244,55.40883374900286,68.64102463465457,74.65175416186972,74.95940868212331,81.92834297064286,85.55056748051152,85.24938973338175,85.21558580770129,85.77219838013137,86.05887374193217,82.09282837181141
2024-08-31,87.59648304328357,82.05434948859177,79.23153726886132,71.44210754141086,74.17526477880062,70.41659795255856,67.32627307967356,63.75068972264265,77.68084076298054,79.17359668581012,73.86513206345656,64.25738510642617,57.09297096117387,64.67886026818422,71.07268317862304,74.94485111685326,74.2422390540867,84.46291467029421,87.57928660959595,87.6296464348635,87.10757504749154,87.47644166237998,86.28332173236784,83.21526358507768
2024-09-01,80.63852114665043,80.60086095211506,71.87470163423691,68.68382497966427,70.51524083219428,73.49157239645454,67.93873867084392,62.293044296194935,64.94612567441206,62.41479895139731,58.41013975604168,51.10417838674646,44.02185791033669,56.21387662828478,66.71780037454752,74.65240666010237,76.63995590188287,82.29577376892333,87.87965163682337,87.73553279807392,87.54716520601866,86.31340237945602,81.68727358954756,75.20975769193382
2024-09-02,80.30978996034456,77.2805031812067,75.8917149603303,73.19472760003546,68.43291708097634,72.33845381134215,77.34343136952118,64.06340036907328,75.27053021049448,74.74747826460064,74.02669563845919,72.20902016721801,63.544829577720286,74.61682718344636,84.98429942356206,86.20444683312581,84.6495795228903,87.51801357523276,88.59775760570486,88.86152252606763,88.7033958990669,87.58015700416163,87.79349205644709,84.49682965074794
2024-09-03,84.20713811629696,82.01679921312653,77.15069257165375,73.28068583500641,71.85997013413198,72.00940203542785,75.54778790677747,68.08052991229539,85.28108595705389,81.75005076591144,79.80264329022751,79.00356916814816,64.27893435196253,76.97933246050938,83.49052602882747,85.20580086258772,86.16374586026367,87.86886688405579,88.2114701623958,87.89144222745948,87.7926630596036,88.0651723315369,86.03589223704442,81.23599245996802
2024-09-04,85.2673674443855,82.34088480756652,78.92140146090235,68.62345250491536,68.201876326743,71.06648260007198,66.53796087273896,64.79372431786142,81.16681481399178,80.05124061919274,78.6683997291298,76.1732545803928,61.99801806783957,73.93667550937555,81.54006631135431,84.88808048050419,85.77441214269132,87.49607377632341,87.35230438911512,86.98442923982013,86.92643552895446,85.18369716920705,81.30426412701227,79.69060173477882
2024-09-05,83.2550915212044,77.08322074475844,72.09683986555332,66.45929779957187,66.99643471201384,66.57570676450537,61.708170483817135,58.66023243204086,76.8300001220471,79.3673856295587,74.44683220290996,71.51239644883104,59.28066767112156,69.34448733766318,77.92076394009247,82.211609555488,79.72073570058025,85.09144725497413,85.97652352914379,86.63201550382442,86.45081791469444,85.25315752275192,78.72995609164333,76.50570403046045
2024-09-06,79.19701046059795,74.27828673058139,71.90091443539954,68.9889399004271,70.1798335885262,69.9039468494935,68.0221632092369,62.99226652612188,78.78489021471648,78.81307495119468,74.04248479900883,70.9748594074999,57.21510045290199,64.85586989872476,79.66120021159057,83.82401454977946,80.77622362413693,85.88844201855122,86.66092574693937,86.66451155367095,85.969155077719,84.33119834867209,79.17063812634242,72.75886051954453
2024-09-07,79.74770236353996,75.94208635371622,72.42963649402888,68.48113640804469,67.63724855660655,70.18905062110767,65.46121205590913,62.03065138983268,78.93241340081627,76.11665353872151,71.94290212153625,72.55460135715784,56.23456558609716,64.76355247454617,81.16105037452945,81.64166277604382,79.71592762332399,85.4150387757002,85.6681188001691,86.68362539770264,86.82111339031778,85.43810994132012,79.6073297029329,76.71348029800455
2024-09-08,81.382031337645,79.56850765103864,74.66036384790333,71.76901383572945,71.36447231052965,75.58145576293748,71.42884931940064,58.80583045334546,53.07238819573533,48.58873204872814,45.58549235159564,44.489807896520055,36.8423892253958,46.15571914199243,60.672230251192275,61.50444823209242,66.89790554631057,79.68676351781012,86.06716499556897,88.42411413136327,86.97427694178923,85.68877937409455,78.82873563057366,75.99212898520257
2024-09-09,75.69043052425822,68.53617704452806,62.441687535258495,61.46791903985777,60.43743645597283,62.69152781742504,58.498952258700186,62.91451893845876,77.06951769105258,75.02058414269023,72.10855835577306,71.94900110631897,57.41210346757424,72.74068258513927,77.11415971399359,78.58336859764651,81.31937991853121,82.53431737464942,84.69558361634287,83.36336829849164,83.98243788210627,84.59852602032338,81.85200061064427,80.85544443450178
2024-09-10,85.21318228102402,82.46235744597499,79.22736812569536,70.69926406462956,70.63127109142114,72.6535020078825,68.31711190744545,67.4576378156632,84.44045829269432,78.9298952131093,76.2345364088699,70.67007380181806,60.042817934077235,69.69210702746905,83.6443724188852,81.5258830317321,83.05680444035414,87.37410530346774,87.16729459871203,87.59962421727917,87.89543196509256,87.90587645243697,83.32771958139513,78.27160075404029
2024-09-11,81.84301259399633,79.33157956563043,70.00775454214877,65.91475463189033,64.48158774127342,65.81286261478594,61.60316980524614,56.11857122056321,79.00554821574917,75.18642709343129,69.5885398067662,68.487991268382,58.22820377626905,63.69734786735412,78.4310505989519,77.12772032925982,81.05379384900569,86.83306492050859,86.8980576140978,87.62892190581435,87.56941572859539,87.15626561245809,83.70942123663126,80.15035829538303
2024-09-12,80.74357702946743,75.73855879244664,68.79400321188135,65.985018625672,67.27134290928376,76.12104085484526,68.44480673237587,65.22515023982407,80.10790270785158,79.28067464875362,73.37460530789748,71.58088831978664,59.21363170345746,66.85485849608084,80.80803655209174,84.28571241136446,82.77831844343127,88.83848837194687,88.81366551437243,88.97125568546669,88.71953143045143,88.5838718153648,84.90199019477127,80.77493577122138
2024-09-13,79.56659317291165,74.45252920251988,69.96656367936387,66.86677919485831,66.46852095609833,69.73083917333734,68.00476415574684,65.25116041748834,78.88884860892166,76.3029862046104,68.41949744603532,72.05080641466945,52.84108684168497,60.9944779280499,74.61873737450036,75.7236756406249,75.90529941301085,84.24568207798899,84.64543827230912,85.14090049862929,86.45296771680619,84.6383576309419,76.94116338105196,72.04023474990768
2024-09-14,83.47229970565635,79.72343426586815,70.36608020730256,65.81653408175352,68.55543654368634,69.93609570340048,65.13113355400486,61.37434234301018,72.30510398866268,74.0199956367995,65.81016987016157,57.802937761998216,43.70942016749483,51.830276198343014,65.74873756169018,63.33214547306987,68.55282878474716,81.46299085230385,88.11701121851816,88.5389626362104,88.65168200823139,86.6297350043436,80.6330223463228,73.2182411430723
2024-09-15,81.63827504162012,78.35579215476989,76.61301524559946,73.51365723657727,72.18770368591413,75.01098956862842,69.62793711331871,59.63668484512629,47.69549179591354,42.93977404562133,40.305263134845866,34.77008882208809,29.513699690785618,35.43685099837458,46.02160168289436,49.202208415776646,58.99603253650306,80.64729500804106,83.22957213634035,83.84058333155711,88.16264599468437,83.16915504418382,82.0206319223269,79.56284028609988
2024-09-16,83.3458198425045,80.96063196230327,74.61694574369331,70.65135182697964,69.5968977710158,75.50892855409046,72.91852483888925,65.76825721558524,82.41899222873161,77.77932778161899,71.07124026980274,69.72808370562578,58.643358081221855,70.03231428633569,80.7371067376733,84.63594598628752,85.88779540965989,89.00874604421833,89.02268774238448,89.8486419915088,88.90369562388864,88.42679702058263,86.92465759992739,81.64913718338278
2024-09-17,81.93507259103173,77.3387415827365,68.22760338400238,65.45139543470265,67.9735553267173,74.98387367818951,72.64462696628782,65.94476647521257,83.79429926522943,76.17993513330579,68.94016842299655,67.69207626609699,58.5748828784383,63.097625385135295,77.88430898998354,78.64048314173274,78.04219246077774,87.57292555356028,87.27441055312664,89.0312345048447,89.36597348311726,87.4025603982262,81.27527176190942,75.65028464684946
2024-09-18,79.73130871612712,73.87943320855356,72.07552816850506,68.3239055799536,67.56220967506782,68.45232901316831,69.17394820444976,67.30823613455954,83.16572726245843,79.25474226956224,65.72454949624381,66.4360466907417,57.15505039987982,62.841616039484585,75.08224875871599,77.16631314090233,78.25516718717138,86.54611664314055,87.18575532563325,88.63193722485975,88.44754301596748,84.19957399383135,78.61978400666551,75.26727639649349
2024-09-19,78.31712310550513,69.02013705592843,69.41389623421337,66.34601537972604,65.85719129792982,70.67959039804668,69.09057076509998,64.91152166709847,76.08445791898698,76.76087165653301,64.13122891956029,60.932080760033855,50.70365664838428,60.643066192777674,74.10585598652189,75.77429480815681,75.64165537155762,84.80467120904454,83.17023906332773,84.58379035726843,84.6950287274283,81.9105430163459,73.78480124989011,69.63033154042188
2024-09-20,76.56127384817312,71.67656810987424,69.26572785261048,65.46889066277372,64.96416399529137,67.49860817776533,65.59612275592347,59.57419998426691,77.9648571271602,76.30315664961904,65.74651452021072,64.69784885217616,53.01723988641939,58.518959105075375,73.19686568274597,71.85013364269696,71.83851686897796,80.11208086049335,79.67198153416642,79.43321236129017,79.12920785385768,78.49058181115423,72.80296481489732,67.29799240667056
2024-09-21,75.05903618849548,71.7606215201622,70.11222104715726,68.40178256303503,64.30472062394566,64.48024028550194,62.48272424693913,53.85988463032902,71.15336747088735,65.42668974432439,49.161135533257486,49.032516579988105,37.96434856098878,44.02569998171819,58.99404532571256,62.08252635757094,64.94092610973685,80.6101570813344,77.56269574081662,84.23631182943282,83.22792472157758,77.84904587863258,74.85175193088384,68.20773595511032
2024-09-22,70.98605058886743,68.46195439154283,54.796158609877764,51.63476658214524,49.67340665702459,57.9379534121286,59.144606884480794,45.56571538875773,36.83780313477309,30.158108111063747,22.875957938279136,24.227304234528816,19.95712217826741,27.468417365164264,41.05652006179595,39.59731912314854,52.51486456007707,65.74576063175223,76.70091615618364,82.76413917186406,77.27845921080551,76.78923283404923,72.05160225642221,66.93245977474582
2024-09-23,74.41921731575827,67.70071381235115,64.01206556588993,62.48825367110965,63.405320568227246,64.91872533404454,64.95918789341391,63.04749922556965,82.3843738574327,73.74443922084993,62.956707248769135,62.72907499955565,51.0274481270843,64.60321351056368,74.25471249491206,76.41106001491957,78.77648707162898,86.01459267762336,86.21021119660743,86.04154962678074,85.43336470425716,84.16615317297634,76.75663203753058,72.89868267682269
2024-09-24,76.89500873150993,71.92497782510601,69.90465443827122,66.36020392865636,66.07007747733837,69.39488196491357,69.66718702318893,67.22428932973772,84.85356840210555,80.51921175211099,67.21944975737797,65.99814285745973,54.77156078359267,61.39244366027888,69.18335563287114,72.91670686233299,75.53235248759658,86.2453192336226,86.29062725329925,86.99898546896964,86.788872090224,80.29352782317925,73.34364122362366,70.12658818860017
2024-09-25,78.87302031856348,71.26007658903576,66.61685139559053,65.37343993089755,66.52244503859225,72.77953588589659,73.8770103772442,69.08497540031559,82.92384247069344,79.48198172334888,65.22476211730624,58.772105947727816,48.076487614783275,58.08075506176987,76.3575525753336,79.16280561628761,78.11606923343682,89.53264458376616,84.71308657918274,89.00122262537343,88.6305549557898,82.62958291068355,73.0140641374646,68.05787443605752
2024-09-26,80.88835261916604,72.86205371905194,68.71959784097022,67.76834821373981,67.16074476467051,68.80765260973654,72.98576097891733,70.54999666828408,86.72388514726042,76.52111876427512,65.30559458144094,68.41152104815501,55.432025720643374,63.85948073766927,74.14567807149172,77.63654707707602,75.73184807079267,85.32372832007334,85.6212954362791,84.79825280511126,84.60838305159108,84.14428567763731,76.94995593942637,71.48906149257401
2024-09-27,77.81364477299017,75.04132974869947,68.07168737397872,66.83992182548465,67.73262664374123,68.4151011336102,72.48631132407348,66.5273923313177,83.8555448564402,75.34330691043857,64.6985750830283,60.56919293414892,47.130474699425925,52.59155722015923,74.20757293906209,74.63728662522139,75.23186271395679,86.81758483501478,86.48753347555264,88.57707211155642,86.77816986813238,78.75040664560181,73.21330522121747,68.66608764410302
2024-09-28,77.00170265187167,75.94223821449695,70.59411254464507,66.98157007751655,66.92570214675742,70.01945026840733,77.3811194139082,69.34100083920893,73.6678819110015,58.96283656564387,58.590030919242786,59.875566714029745,39.19905216192997,45.4073808603176,68.33720546707914,65.25946562190883,73.19763037016662,84.838286839853,85.33612567623497,88.19335685639354,84.7964837174854,80.96251594482268,74.2984294071994,71.90425678813583
2024-09-29,75.94587905348935,77.14018872351708,73.2477442730261,72.66690130806187,69.41085587551417,71.19136909827773,76.13573506172618,66.64648103165128,53.175070742307604,44.97586739315418,31.763688051243616,32.205714648787385,26.35612185328474,32.741086272714206,45.37659915996388,50.391068965117704,66.84284750871603,85.09302090053907,86.88561916753362,86.33278076483857,86.90949295414406,85.50393793657862,75.16801913624577,70.6265741554805
2024-09-30,81.05263209258433,76.55651491497217,71.84224516786874,65.09938163578332,63.39040661396198,61.34829287790364,60.240378503815315,65.37967380036203,79.21137546179256,75.25194157043116,61.38701891561911,57.779843674162194,44.334429286497034,54.4555064848894,63.72240215820699,68.70536615227039,75.41205991003845,88.65390395290531,89.42505209074447,88.83280434234312,88.96804942394597,87.32226405345804,79.15852538263789,78.13078074655729
2024-10-01,78.67521402864229,76.31521198985942,70.9633655946293,65.30543411882147,63.09888485531724,66.09890102507549,74.24163880001763,71.5354290119402,81.52146339584817,78.62300180302324,65.6977178827833,57.48900813933534,46.32605804416723,51.497395986460624,70.29931713784737,74.151036998471,75.71141845629711,84.99409244468549,84.46298025258453,83.72925866424114,85.46784473132941,82.63846643358166,72.56754412316019,72.41603390815546
2024-10-02,76.88758885005835,70.84815997405416,66.43126838210871,65.24009793311339,63.12149799062896,66.83338192663537,73.19460278462864,74.63230071818809,84.59207328401386,75.20551951827905,63.71905576417056,59.694709541671266,46.516384102292136,60.46296378731474,71.96408419320795,76.36819238020743,72.11784490162438,84.7230464273264,85.66157476799306,85.8495938553136,85.1925385188869,81.74612621159913,73.00954877698025,69.80140905731639
2024-10-03,79.36383189886774,75.85729212686994,67.46785844788758,64.85773522462681,65.34959469077026,66.87424140053353,74.88680206940896,73.33925243559587,84.83396947365024,70.55464663046207,61.233927878459134,57.75047770603565,44.897479986884946,55.06565726849473,72.15026492205465,73.99675950446043,74.69266001212245,86.24382175518032,89.11019962100092,88.4701211264544,88.21246298458988,83.78784812055397,76.25223895835224,70.06580387675997
2024-10-04,78.16578810593923,76.28262475969302,70.9031958754509,67.00039930490209,66.50843411537147,69.9718889489141,76.90164114758745,74.12218143969604,83.03884505586385,72.39491041655279,65.50873800157763,63.273628480579475,43.386334236108354,52.92362054313162,71.605748288878,71.22565946398322,75.9052212255155,88.56916297495816,88.67942124794735,88.61064833353814,88.62416171897046,89.14569471325939,81.11222848650993,76.80405863216727
2024-10-05,79.23744768637401,76.48449990828982,72.26750675315157,71.54308323826515,68.77392800201818,70.680890693292,75.62722333740395,70.67959903619924,79.86216760620945,61.6705753980419,45.74422361957804,44.9377368409529,26.959132276668537,37.10574842535016,63.94690056316337,67.12056216586105,74.50496170930025,85.93858438039143,88.5832608841515,85.8904368167404,86.84828570541443,85.8875572257767,83.46956700013894,76.4068980758904
2024-10-06,80.64536863289528,75.49959593210919,70.51545159471813,61.944506890952006,61.45859227307041,65.14148340208664,75.30975334159346,69.70430782540944,42.701768130984334,34.904496350537734,28.778863735185446,25.50492791022289,13.002627702824569,19.64421049333309,21.689261838015682,20.19151195072223,43.04097914764927,81.59231047598655,85.9149682948684,87.0903347321742,87.41327743341104,87.19432551016028,81.01821686953178,73.19177978577834
2024-10-07,75.606746779703,75.91160717903574,68.38736658798038,68.69406440653698,53.33965462871192,66.40175203489166,76.46762723223155,61.779605916534386,81.402218272505,70.89858396761021,65.35442879657151,61.85102425451976,49.7825632822546,57.18283596012106,72.33209251166409,75.45190733927025,75.13893774525506,89.05389654822194,89.17201868946682,90.01627938272674,89.31708944460841,84.15565556165915,75.43019568208261,73.38826117015482
2024-10-08,76.2106291477611,75.78727514396193,73.18390016088222,70.90469575803739,67.13628274286144,72.34395553443761,82.8694490152797,81.4171855791012,89.17425956526968,80.6042544061798,65.5690322696852,61.299761779342354,47.64712627515187,58.81330903705369,69.12043359859554,71.36734202342852,80.27182126606311,87.95598025584927,88.00439668486045,87.81160971223159,87.75498748446024,85.01262828123056,81.17732515698924,79.62657598220991
2024-10-09,82.51306647783285,77.13500159038583,72.4650085500425,68.69732207053241,67.64765495044689,70.48974473024053,75.92207207582311,75.54370512789355,85.08530655702951,70.77789624266182,64.0107549595199,61.06574428508589,42.59953366452046,57.5966037460569,70.58464195697135,76.701314550439,82.40466715293599,88.12648855203761,88.02537928678393,88.21667943835148,87.87625913179525,88.10169271498836,83.8196126500043,82.174010518372
2024-10-10,76.61067944305039,75.50068660498073,70.13756358007753,67.53024417675192,66.8490372403666,68.71879907543186,74.51731635366818,75.85676831422218,85.08386177985786,77.43487360975752,67.85948222282812,66.00889513176114,47.150050870810986,58.14723626800398,64.03578927488341,70.91194430817984,76.89104289636111,86.98742558083885,87.55622410583318,87.55235251354323,87.63983741411322,85.73561228239775,78.97825962322268,74.8602580063255
2024-10-11,77.30887299833502,73.82739933321365,66.81142915770118,65.59538549933367,64.00878844431483,67.5335363161834,74.53557190028306,73.3997380224451,84.69743766236799,73.99282078357382,64.62625881231082,61.44051113937621,35.86112073555705,51.533015863697585,72.6391905979091,77.17071779807829,80.70382838393645,88.30284545492326,88.221946104191,88.17893883575543,88.10408052165255,86.9314705007281,79.61268966203569,73.35115975068253
2024-10-12,74.00586816164078,73.98100091617268,72.36414326421621,68.99414901973165,70.72416600151483,74.88083039540227,77.69963613271719,69.46067874879827,78.53749602866168,65.74828168684317,49.97738775312334,49.679560254007555,24.390668363825338,38.297797797811825,61.4827272236499,64.14258294140716,72.94169226506979,86.80942217585185,88.17025840108452,87.90206472840413,87.84242509591526,87.93504973248804,81.99598170198199,73.2528292288665
2024-10-13,80.03300345843917,69.47737611880477,66.24745227522908,67.31756382302049,56.384047513517686,58.406097871758774,68.05353785510687,56.011162725887516,43.011152262374736,37.641974372147395,29.885939606430895,22.369763854995288,14.75792338440524,22.891951664778897,38.479201789731704,43.696389904998156,66.272355300512,81.15669527228626,84.65320862115564,86.09159885182473,84.19238009375789,80.54989599219978,70.83087401669422,68.22516614791598
2024-10-14,75.08182511721111,70.65371898274476,68.12637754578745,54.425253594958384,67.83661143344955,70.49627145280432,77.30192350846741,72.83492455540329,82.95060314318312,77.20710352065149,63.735019127344536,64.80006846567522,49.88107320657644,62.90015933667729,70.335012135942,80.59283014493889,85.09261707863377,87.86352683637354,87.81734632066289,87.85096902251632,87.82633596931701,87.64509479011461,85.07919181958921,83.506733397404
2024-10-15,78.93448707328753,75.52589670276207,70.97609167574277,66.45071565386529,69.90284034174093,70.08053974132895,73.23516263592845,74.69294882179804,87.07825749843762,80.55695657250999,73.91660982493308,69.55826815875706,47.2884281041412,58.05963327330148,70.7137204546241,76.44473649492174,86.29438277399802,87.96691262104964,87.95606714969927,87.85243840271859,86.25731839456424,84.32085223263816,82.09385167657274,78.84374146802024
2024-10-16,72.81422428620357,71.81148551888049,65.42719921958208,60.630810017672374,59.162702052758604,63.60865847275733,70.50539459176206,72.24978536078666,81.023747327602,77.24927293254288,68.72306965359881,67.55158303570802,37.640761934416275,51.57947292160255,59.94277060923306,62.67000889066013,73.8257155225463,83.97549073931266,85.69936988973826,83.43450646262885,79.48382318125374,81.35344331394228,66.46288451160396,62.170103975560494
2024-10-17,61.97153494814123,58.249899622901,52.32765015048702,53.026817444937556,50.61008450731876,53.00874269580395,60.295722187216555,56.604935985682374,77.21980088393798,62.75069818953777,54.84934052686349,52.01847512436603,29.139238945943937,46.408798837932856,58.086271835368215,63.233961344286776,73.90131196973003,85.35789902047,85.97283947459098,79.49263701026712,79.08500357320722,79.02445415060986,71.98017311683545,65.94091732525388
2024-10-18,62.065664078532485,56.95952481764977,57.07972619808201,52.41040243675634,53.2438475207659,49.81068255563427,61.433646239328354,64.74913573463232,83.95258815178794,73.15709012051578,59.655803770204386,51.01780917234284,22.672227112536103,31.99527705682851,49.693982181461784,62.66669282688872,75.74407589993233,85.15112870899229,88.12046406622362,84.99272695963599,79.43720737634654,78.05207229472153,71.86814213675004,71.95436977229859
2024-10-19,71.36022343835442,65.80456983055133,65.2655327713579,55.29728580015324,61.1748719365196,66.65888125273985,73.11556175769995,63.49573992483804,77.6169876941537,72.42698144706995,56.67615033444738,45.8356785626323,24.562983131411734,32.78808512903994,46.38493786856733,53.201807880210254,72.36570967353438,84.72663449337018,86.71017132470499,84.62612863714598,84.54353908687256,73.33103034641265,68.76739226408695,62.807112241824896
2024-10-20,63.28999896980269,68.91147848202378,63.78839936384759,52.88840285782988,59.34692470598722,61.95170232357072,62.367404884148634,48.44571809319135,40.869104746224785,28.40418650388951,21.95955821982899,20.648547914088052,17.133869252964217,20.433744663063944,25.73222812575764,30.724039833049556,60.148505954456596,73.29422596972036,82.82002034306035,80.05549988408366,76.15738371996979,74.15561255793239,60.32090555686423,51.59727014954362
2024-10-21,55.737963625680585,52.717195396907094,46.67130791541981,45.88215542471547,45.10631755568999,50.11898136339253,59.44764849920759,66.69907837384407,76.50917050063381,77.14097388384029,67.27689976866215,60.715640499181255,41.47728306026953,49.170661555599644,60.53070737824376,65.65525510910227,79.00898135285964,81.48299643524406,84.37382771298573,83.41495785289025,82.5240543703683,74.92283666673447,72.52002213860361,63.49673993766974
2024-10-22,56.106661429823426,49.860114208705085,46.78778690350608,46.63232958820508,46.37551079486187,48.23352234502364,50.45270064892953,47.73082474450124,66.42050265871836,63.112948215322724,44.83130358138054,49.10672305134164,23.71044125310679,38.7590127384526,56.69909468178291,61.0705056568448,75.75086078992368,86.15695511298973,84.4499823830006,80.85278254416784,78.0567939969666,77.60774058231621,71.25774297005104,64.52150259404773
2024-10-23,71.31025947670818,71.42613331479131,65.96464015818509,62.97152423252434,61.09579298565543,62.26614124082677,67.64945644576926,72.53399408948177,88.08159716822368,84.1945439329306,68.09555882119022,62.55526107116425,39.00760964668706,51.40270274313193,60.43292243683576,65.0274249787902,72.38831945207815,85.67243653556363,86.80408260202165,81.79373845061322,81.28970203217806,72.99642937208681,66.10374518613652,62.5242768892813
2024-10-24,66.1661770821069,69.42697248935067,63.468664852978456,61.984464372358154,58.02128202538273,65.36966190727276,66.76388884271589,62.21337541717934,82.07484853352783,68.50898649383214,56.42285969349129,56.57042695373964,35.87868948801233,45.658572074627926,55.82076284393476,60.34209891586253,66.44041171862328,86.57254139755108,87.13763656295211,86.91301904075746,84.12451984978405,83.20814067885343,66.66154441488584,65.1594151651318
2024-10-25,70.5387948645867,64.97024476347599,51.58311293501372,48.31932264265434,50.96756223011363,49.234588193078196,65.21547691764631,65.48669243544616,82.73476041924717,73.03366661330587,56.37502558241434,46.368899799630746,24.072151183035864,35.386648825961394,55.95016212006632,61.623682829222204,71.51672211407568,82.81325096013656,84.30623124789707,81.41941831238091,83.02043859414687,79.39028491005843,71.04024642292823,63.828268671847034
2024-10-26,66.44724411639262,60.293365890079485,54.83741353009358,51.53553185779725,49.90585462597741,58.80009690039518,67.60626512296189,66.77375464373968,71.14956313870731,58.442474158139056,43.7355456424105,41.57735147650997,27.048061210451614,35.47153225172655,47.59692785200998,52.19908617065237,66.26596347844766,82.92805151073672,85.58724014649917,85.16669337465657,84.5784843000585,77.03247720789997,68.09781806551044,63.18063413780187
2024-10-27,75.63437801724501,74.24182395292215,62.075438959856115,60.23219424240319,60.327829815822554,61.52961581862821,68.62646261504588,57.130907825336635,56.48895863850366,39.73899498382402,29.275144371203076,18.7061892452503,10.945211283110721,17.59585926261957,21.164205814743337,32.3514677979229,61.35580188619336,84.10474024915719,87.10445533343041,87.59881834064981,86.38308322983752,84.25248533441577,73.59440318781905,71.1046519608318
2024-10-28,72.01682487273794,70.9720928330913,68.27267456394154,66.43036408698772,64.52700678075993,64.18884527319659,74.75815102357129,71.57467759762389,82.11417731142453,70.40971253554267,57.662839916527,60.00909095784196,41.43051285669377,53.996028804646286,62.20024746640046,71.47614443095965,84.41494045488825,88.30393262771973,88.33110468552552,87.12837982168439,86.92634815063325,86.29018541045355,84.42943191396078,80.2656728534924
2024-10-29,77.35027846773033,74.7316680164576,75.10418526060008,70.19710319656575,67.01085087650188,74.11177188928694,77.20953206135607,77.93517321145154,81.47720798352132,75.80446316361025,56.31935717897299,56.062609074024,27.893388419243013,34.9349007891204,50.846091743435615,63.24871539825486,67.79765541476834,84.92699391314278,86.43216109609142,87.13641404610762,86.19243397549067,79.74965095609625,69.01248096383961,67.56332305476981
2024-10-30,73.45620707189023,66.77178189303257,60.36165962304199,55.829344925013125,54.49801047403892,59.56175615477475,63.65910018477786,60.95927193720629,71.81298191282127,65.80185290112587,59.11859237531766,58.72330260359903,29.63313604510581,45.869467426772076,58.38710408076226,59.47673870667665,71.93148042015956,84.58862318125534,85.48264523840835,85.02463049357488,83.02626139350122,80.66309499865383,68.93442976609607,64.81266059476378
2024-10-31,71.37946741751942,68.11060309121696,61.20996368270437,53.15073407500606,55.30911426253675,55.48840182805421,68.7665728269491,70.62787437796179,84.34302356889714,77.09386239091972,61.23122858160862,54.55514743659033,32.33772147987944,45.39243031634727,61.28509154314413,70.15371930321639,72.51240179614709,85.03048729701383,85.81660180145684,84.92780733545827,80.99102989960717,77.01151182121471,69.83547484230306,66.31124746793476
2024-11-01,76.04289306692935,68.88870520174883,60.34557621971038,59.28519413974434,58.81049476360055,65.90418380534689,69.12100629009097,74.84025125304149,85.98168789943995,75.42322074836558,59.70408733694086,61.055450764734374,39.064393848072534,47.209842166395966,67.49390996364426,71.89252708660688,76.49901935887694,87.46364679806102,87.71375613406485,87.48989248989488,86.61186566119432,83.05162412397851,73.01875734942742,69.97958493569077
2024-11-02,77.89962753827461,75.41226168017224,68.18628807182479,68.1808022624963,68.13117967610569,71.03055658549735,76.24971660107764,79.98702451649615,87.1760052755842,79.89202107838257,62.590935952523616,49.91025520287308,32.83006643191088,41.32600115657307,63.74014520109715,71.57188050162185,78.91340501050314,87.95839377345865,88.46397596269844,88.31912226074857,88.19728017893209,85.75975225540037,78.74617680632656,72.03979061593841
2024-11-03,78.1726870826886,71.10745075170523,71.06881054333572,63.68400175429885,56.524111346739055,60.95138349563695,68.17634533627174,52.99439814788375,45.990646833013294,26.787875044993847,24.05844018923669,19.1690027540813,16.154964613036306,22.92175744724609,32.94654903171901,39.0618207959494,50.50298118068492,72.16684254055187,78.92710457744334,77.38563046748874,74.80058683400725,72.35153846526374,63.805394524430255,44.94197662379664
2024-11-04,57.92754088248155,48.09309186337674,44.85672762053094,41.46862093578233,45.230503628452865,48.03996830506485,52.1665194173009,61.58054288061753,80.35557584410174,79.37460271266329,67.40267370481371,64.80298372182327,41.71685012509425,53.89683163760346,61.64605659942153,74.08399773938733,79.7282120325825,86.87869145820075,87.1029712897987,86.43405115019726,83.74454835954771,82.62293792083749,76.04385365105581,70.83882517902143
2024-11-05,68.41355794414402,61.600463675861256,52.548491864046014,49.631267487232705,47.52531764401595,48.302511500435315,55.74821950337959,60.3245650484021,79.39163591386644,76.62474794704164,59.706744269875585,47.64171463139647,34.840284298845496,42.08686045459362,57.31555760670986,71.53355226164688,75.47800274472577,85.51002128905462,86.22471086065846,85.7719017223873,84.27784892791288,81.0808650747274,66.1254781686177,57.225913221804205
2024-11-06,66.08666476271777,58.58503792899947,47.174219201650864,46.168997449629146,48.80585572092645,50.900284373167885,62.84830989011055,70.96226869441495,86.73496782573382,80.85920603804948,60.76452893309236,58.35132321759463,32.54361275313763,49.225734442489475,60.21865676081483,72.87541634064414,76.28431541245497,87.77680045670037,86.72151964211942,85.29034719211403,84.70602712364409,82.44454569725687,68.02036758380454,64.07431738649092
2024-11-07,73.44428354833794,64.09348491491853,56.198611384917285,49.98866069456072,49.87983255418979,51.63445529982591,62.32871009291375,74.57948362249071,88.20877555050399,79.79967099274499,64.06302151347015,63.3848192937495,39.529476679504846,50.075785821453444,60.60160918084079,74.72494107830994,78.07523072053571,87.93586154781654,87.6137208904622,86.467731911055,84.99808666627796,81.63638677122012,70.18006366671938,65.36917212701903
2024-11-08,70.1113047475196,62.545383351639266,58.614303746986195,54.291272428570714,54.87531562803197,60.20644479009029,73.57887711458682,80.76874123493761,87.09820831361647,84.79298696908413,64.32875760613214,62.36790199933252,37.71308013406074,44.53231505641292,68.31103995959921,72.42398616682675,80.0555981338839,87.80316411774459,87.94041526842042,85.87081009152531,84.42585561922384,81.24824967061005,72.24307484602944,65.65473069795111
2024-11-09,70.47941109640848,64.87750429372083,62.05394507512872,57.719619182129975,57.36633976671373,58.37556957044206,69.92211026560052,71.2398612050388,81.01148743771405,60.434452438336415,51.8732107538754,41.4761716998541,23.876549734761824,36.35461883254973,50.81929623424956,58.730702998999305,72.57243100932989,85.70128154799778,85.9348637478353,83.34657197442925,82.69966029046152,75.66387798412522,69.44750027159415,68.56139372982734
2024-11-10,68.88289870690933,59.78996258109313,51.11660270715829,49.01200614000072,52.18289512084179,52.09626940846867,58.614666285164375,55.42595060280779,46.83547671321875,30.384530000094642,23.954455390192315,20.390957532003412,13.488318583528018,14.551900503777105,21.119951619667752,36.44121812195567,62.97713192130205,84.96644682998333,86.88820531636988,86.23868476795978,84.53100652940155,81.90661963187871,63.44376010254973,58.79239002811279
2024-11-11,63.82942154040671,62.74567562929785,59.45308326763802,52.461080893721764,57.43458406805727,56.55805094010472,64.12729309695945,78.15922829743695,87.29130452917352,84.48942981537363,73.60978584905796,64.93547980399829,50.405042148114994,59.332413552394236,70.82982011278274,81.02270521942303,83.87147983193094,87.42267685967268,87.56494056564189,87.5634598197271,86.44233062975091,86.19836032667943,77.16067021264355,72.38286134497257
2024-11-12,77.67950502305267,74.81262156439705,66.59039874365324,65.66775350733074,67.55474967050796,69.05295718939882,70.26109721691356,70.71216400245811,90.30756712000463,85.43273193531927,79.28321127181796,78.5934671146911,56.888635513206566,69.34651031607723,81.76106615968654,82.57203565066234,83.5401018591157,87.81953943118171,87.94396411892578,87.6576186519443,87.33127494591348,87.33494001719787,80.7114413020564,72.79361567814587
2024-11-13,74.38107960359233,74.41623672257003,67.68666360334996,66.87960328683488,64.91429660245117,67.29556177970261,78.62842416694336,83.96044629997606,90.30137783968934,88.99958352540304,75.80727011802115,75.07690723443983,54.41243823515277,64.89507307827395,73.94274944803273,81.63676367144565,87.54376509951565,88.40309682972544,88.26326074863184,87.90221210406584,87.95786819282945,87.78005670634316,78.26399247012432,70.38667155246289
2024-11-14,78.00566206589785,70.90031708222874,68.55164498569164,66.0387311623301,66.75181538285243,69.46697795325552,76.90431748029823,82.1091665516603,88.91490544820851,87.58738328343804,77.18549340579438,72.58019787931869,55.69612656954013,62.056841485407645,78.78673636845714,82.50754554748954,86.40018653811785,87.99794408728651,87.82544178398815,87.77314517445907,87.78610979312553,86.60937657506452,78.97926292376648,70.5587332020996
2024-11-15,73.3349117693218,69.56511001858033,68.18191789725358,65.07017889852142,66.49879154233614,68.90220929572217,72.58862978999525,75.1779484716769,87.74426233667207,85.2380505511254,78.25781750690005,77.9211924868115,56.19285303656378,64.43889429340105,81.78622190500057,84.88641409492861,85.09423605817764,87.74455532814365,87.32890446399117,86.99970604097652,86.63622359334923,83.83208042730001,72.50042998759541,64.0450944928636
2024-11-16,72.33789455429694,66.8527666179835,55.48689040984056,47.89333678970844,49.794410891935726,50.362311675178894,55.95995791207402,58.56023152885056,75.03637549691071,71.46188201948509,55.62377664814836,41.15505711072565,36.40040695036734,41.89748752271716,47.855474502417586,67.97207792953343,74.71525487571193,84.55424694377686,85.63250269158397,83.54372181575657,77.93979665779612,76.23573973788731,61.2967714010251,58.305198513780894
2024-11-17,57.3743948018772,52.04137846957267,52.1500048936177,53.25316439466109,54.575963016661625,55.909081795364095,62.06288690404079,56.70973433813326,55.46379758287825,52.325075212566745,49.55480959818088,45.747708913884885,33.14358029127177,51.88237776511325,62.480039232155036,58.12012968080975,71.1121379636883,80.97608186593492,87.30384154501529,83.87293998498315,81.203066870014,78.841471192242,70.45766549930497,64.04319811328541
2024-11-18,74.86018814419141,71.00463678908372,60.67871455721703,60.711694102725914,59.59592753074025,64.24449614804115,71.5079788186572,68.98031159851269,87.32462191325897,86.93245067553546,79.77092447374282,78.85047430659021,64.67057629633197,79.95467795855275,84.59808349917209,85.2426843473426,83.8031712003722,86.61794417043862,86.97040397516716,85.95784841843617,85.68438984177797,86.82397114774001,80.72840325670893,74.10234850204682
2024-11-19,74.21828081688959,70.82465675726516,68.26359599950742,66.93145924993067,65.1186652782592,68.51764177547348,78.17696156492913,81.5885463715182,86.41418666775007,87.82349590968158,84.34224838651298,84.23457560951316,79.87650838842792,83.42356560556952,84.92615762952802,87.59015708539303,87.95609928779606,87.76206961323457,87.58593139295922,87.59003527485066,87.51273865135819,85.71511501296632,82.2623685727065,76.782396007834
2024-11-20,81.16965342332539,75.84702971473509,69.04210047607114,67.12098870100189,66.94041093051057,68.9087251428079,76.54675471583909,80.69268011101141,86.11939042231175,87.38306551084767,80.79321243155718,76.77876757344625,62.488670447868024,66.98115149024767,79.39896754552088,83.12048122836983,83.52855660875785,86.52904903150493,86.35177801895883,86.54608502788993,85.50739984481817,84.49134319025849,75.19911385785414,57.03749282347713
2024-11-21,60.7296033150947,52.7216982704866,53.25686031645289,46.960295113868234,49.07017576981218,52.38874410595905,58.361241958232156,61.89560590014237,80.80331876781031,80.48856001325916,74.85652418349478,68.72538881579311,46.48283226787064,57.13974135057842,72.02428447825777,79.89140496404504,84.96288300392851,86.81605025186593,86.66545784927703,84.68444973554672,80.96816892674507,79.75597061302344,72.35233689633054,65.76053082150611
2024-11-22,71.14110776977155,70.99244132240146,67.51670802222218,65.28821030225795,64.1740855708628,65.37539156372411,75.95677076932559,76.06008056546807,87.22961675169462,86.40521091553374,77.14615794480363,72.5823247380654,47.025826109372375,55.382069191408604,73.0301743105454,78.00173143965515,80.56755648861873,86.38102451299709,86.44989483161157,83.92785436386194,82.59875193962144,80.48787239769207,65.28017487820509,54.84776736282353
2024-11-23,53.41166157470324,43.952430140255316,40.306821454593454,47.26428732725999,44.39849984810058,47.383852714010885,53.402372224680995,51.683688826543786,76.98780494781877,76.63118003035422,74.33718763586566,73.77731725849951,46.636425194584035,58.99411393873401,66.20039531726286,71.8472415793059,79.52408476946225,85.96002011139615,85.9680732871978,82.83959722325056,78.27117926658873,73.7629082788449,65.97356726611785,57.572150037115414
2024-11-24,45.11548294506665,45.17319638336054,44.843885418440095,41.55997573547701,42.90483385764642,40.778867998668176,52.34780768756185,45.954271133812256,48.98181476771538,51.47528590379182,60.863985037685055,54.84836084387217,52.574848982357295,66.48438046447178,69.20838810727336,69.68965456220508,72.17395119142427,83.74388232484235,85.58153491315802,83.33727852877725,79.6569125725584,70.97512158673258,65.6604829757194,60.97156189588782
2024-11-25,68.01552148358232,65.60286376541667,61.1292524124701,58.97196336460087,59.428865732666836,60.808395893615035,70.82865726736007,74.9142653015786,85.50886137338411,89.4636625775633,87.73551819509242,84.52493492224778,71.98229364757206,76.3896604063364,81.8432768707081,83.52677678432154,86.10274667442266,88.5998499985611,89.21429770513366,88.74389049518216,87.51429720987201,84.30231377348115,81.67234792004976,76.75818203298348
2024-11-26,80.2710001906542,74.68760877730979,68.50458527603928,66.18833059186075,65.21638922918603,68.63929556205828,78.64479215012965,82.75991405504145,88.78479428955842,88.94815707300377,86.44291912501039,78.04858663110159,64.5188334797961,69.08023995465358,82.46710103619237,86.51065604752833,86.43534421309845,87.26724396326719,87.45515402182326,87.30267618646243,87.46969035947231,87.37074099484617,79.91520976369706,74.24665164464051
2024-11-27,82.43486399264619,79.82556774943335,77.79980365928255,70.5857478091762,69.45205804322329,73.003132965903,75.42381473650039,77.37683769223881,87.67829945413575,87.79303414200783,86.22402657684735,82.54719769658226,78.65974205198849,80.41901806603657,83.62100467910435,85.17506268864668,88.05311235576819,86.92513189616778,86.96436406365508,86.55639003729608,85.13147227012395,85.20419747946625,83.00681085949944,80.07153422348752
2024-11-28,81.23391810534446,73.20966802876524,66.70144204939594,68.03409676176902,69.15693127860352,71.29246909395233,73.04692548582383,80.51949687329497,87.05786642232071,86.71846030832701,82.79973636510793,82.35524697767758,67.06157449024444,79.8394216067476,83.80474545379298,85.99283224118291,84.75405292601286,86.85489926542778,86.79100879933762,86.75786290392048,86.72470578204828,86.41381700450373,82.62175411841476,80.85444617434993
2024-11-29,81.85038399423301,75.26718228620167,69.88675139188537,68.6251441557518,68.65382268819589,68.81014995276675,81.1600687528812,84.95950917812395,87.78570286141994,87.53180143126458,87.50862078378663,86.67917246153901,67.3984269549084,80.7329781336854,78.09453391050371,84.8507463293121,86.40300317148237,86.97484353830602,86.58295215529678,86.07927572657135,86.23628033747543,86.10448875454117,83.09730760385777,81.29503836915701
2024-11-30,83.05574538414771,77.22305292870865,72.08456577357524,70.261284046617,69.18469341790127,70.43308760653146,81.19666290823741,81.28474221873054,84.41567197181352,83.87800936595946,82.23422545729319,81.24569269877556,59.30324088253285,64.89341058517512,78.50205673400968,81.78687601229147,82.8283833029722,86.63321224119332,87.02373006219743,86.22350502746764,83.9162275240993,83.44623325416714,80.68644535596313,75.28966273025205
2024-12-01,73.43909820404406,59.90208481697827,50.990713788368666,50.79179488023464,50.52495900657955,49.47670314639434,54.6730666332754,53.1351075433396,55.62087474577558,57.171337570415815,51.17525446429467,45.79356515700948,41.16979675932982,45.109834482161396,49.75672853281628,60.14737300699115,68.50964432294906,84.44684352744163,85.81331959049241,85.93134251500949,84.66356908059598,83.74440054636558,74.88742103148859,69.46353453637052
2024-12-02,76.26903429664152,72.68789625096319,67.53353686224476,63.94606502256582,56.791291444715185,61.092300148250594,73.56725851345222,78.34781128504427,88.21239508865422,87.37940510381479,84.1971241539098,77.25690590540076,60.75587151708644,68.64162034499843,78.75901595400796,83.86391234256484,87.02732851870128,89.81099887651118,89.48001488980405,89.54870327758827,89.13574524205946,89.0462440700026,76.78928186800516,68.8642574106538
2024-12-03,76.70891040414321,73.33531558776818,69.1481597728826,64.86113906423657,67.61230520636656,71.0616558247059,74.06650227094124,77.29087624909259,86.80062847197226,85.79849617850796,81.6645967599797,79.6917357430975,74.66231792715233,78.23418999424133,83.40204767044676,85.6010411528261,87.9951327954666,87.37671122055426,87.39833734729379,87.60014981887963,87.58663636986569,86.44811689841809,80.17445943703645,78.94413742893202
2024-12-04,78.00152537249555,71.80466017769199,67.78507126736653,64.34398081942457,64.7076777315145,65.47633819304325,72.02208094637056,78.03370664610354,86.17882296270106,87.38231953036471,85.42373550417072,85.6993846823354,65.86379144068994,76.31509440181392,84.98716019717298,87.04086200333873,86.96690127475775,86.8584105337869,86.70747414699744,85.6684251355263,85.64434876030671,85.19462318355981,77.33827453132392,75.59438181557044
2024-12-05,75.73440181437206,71.65656089913942,66.35623518209975,65.04486245738798,65.18511843460689,67.7190677339085,81.10305364323978,81.65449188864105,87.01202570836026,87.2756830647047,85.84804201835706,86.4979933287536,77.14835215440507,85.18451377934062,83.33746519792955,86.50866926631632,86.73048680225504,86.5736531177396,86.58084189101449,86.33106355759038,85.85953884136494,86.22717772568012,79.45417518181304,78.59742297449719
2024-12-06,78.1518493988525,74.82797043768028,70.01231813101836,68.40552974399297,66.23946611971844,71.14437519185016,77.91464292598255,79.53008786544966,87.34940392298178,87.26235382911979,86.89560892315399,85.98809617220215,71.13464378900952,80.65444956876469,84.60474689822003,86.72460625302699,87.11019526293632,87.0257675127211,87.14417434926803,87.2816122499825,86.94675138468155,85.66152633800256,80.0453485192104,79.19475443230327
2024-12-07,74.99133803589245,73.16804181410134,67.28049662102387,62.915824340276224,62.88283631465654,64.82785076351364,73.06226794139971,73.0248340622779,84.04761712530579,85.57683789100889,76.22515897528345,69.67646145666572,52.22576898815187,55.8025446451236,59.890833047992366,73.58752352580288,84.70158042457129,86.64293348860073,86.82013483346839,86.67673405702573,84.49298980015702,78.49326659699562,68.73646384831187,61.15470707196623
2024-12-08,60.45381555859672,54.38032711159887,49.740327085999326,43.41558522378185,42.7080324486287,48.08969077539095,62.45999861359355,61.55435941053841,57.31815576931846,58.970871683436776,52.68358743695018,53.33602752846864,42.64617286368549,48.56562102085588,53.10205247203319,62.06846074735528,70.83665171999749,81.77498199985148,84.4232950558906,81.6315573488253,81.00125787799672,77.1453799876988,60.20948375348688,54.915762519056095
2024-12-09,52.240667255544636,39.99872266573123,36.63906311182069,37.406829508854926,37.144525083517365,40.84130561910876,44.52926884982708,43.655242335583296,80.97868305164837,79.22826444754821,71.57695464250787,76.42295621930501,58.28434292510908,59.31767497691513,76.00948225370712,79.30671148007856,81.36355037290046,85.71854579837087,85.86338753087713,84.4280139145679,83.63402067083169,81.82850375454585,72.65271320000032,68.26520573666994
2024-12-10,71.82452161001822,58.23611503882329,47.48430516297216,38.9436200447486,40.4937123738614,40.679719558482404,45.828851023741684,63.75045525984174,85.00265646473075,84.31149052507533,74.45325931964695,73.61922329734311,50.5288396696444,65.7690478460817,74.74636010063159,79.67454990365165,84.9402326034825,87.11686762059212,85.8056727294734,83.46445130395182,82.26726890938897,80.58345744241407,74.79301312372424,71.96509612398204
2024-12-11,74.08848060477652,70.10698442432545,62.490581241466366,61.607866445090934,59.85046540993653,62.147258815274256,66.65353175644,74.43802875203266,87.5261040663282,85.91603040913624,78.7497828162448,77.75857520171522,67.7782527844264,76.68403981337126,80.61430804857048,83.03417355997792,84.85506584107623,87.22285715600594,86.13122573112044,82.03259820245509,83.92371067419623,80.67406253858725,75.01519664986822,74.19270742489603
2024-12-12,76.76000889655978,71.04621290619717,67.23182371038116,66.43520974332297,67.8521044393036,72.05794216430837,73.08969585445719,76.34818831663779,87.65695605521923,87.79464516220997,85.41744233738956,84.23459581821096,68.05886430505927,73.98190221001684,83.88358898463615,86.0202700116189,86.26343976998861,86.67573254165337,86.65685317993446,86.50401573507459,86.15819967567921,84.57089616830181,76.28944347396454,70.20730953145215
2024-12-13,71.33297171301957,67.28300372897434,60.58293316910529,60.20942592980542,60.34519590203381,67.73591143562511,73.42151392336432,76.60806076553439,87.01449284323003,86.87567924300157,86.57680827915043,82.35562811343048,63.99394718580671,72.05786040589646,78.3660328459018,83.43346402439175,86.39268679881603,86.2366567593872,84.73198895763414,81.08393038419688,80.71416574161957,77.34871443392382,67.98420455438934,60.65033755789635
2024-12-14,70.5452162926196,63.529052888232606,60.730075825552944,60.03201506857946,62.80987687388017,63.993947253947915,68.0651662988725,70.22525379855182,85.37351481904334,84.66598930353098,78.94188038942885,76.31088829868213,57.74079280476812,64.18938947197212,73.29339927932297,80.24950626597527,84.41908539730302,84.7905844735285,84.30183489937802,80.24913993351477,79.84421033884968,78.6239599186336,67.9565955832777,64.64333340834636
2024-12-15,70.59919519757486,60.0917773705318,59.54876922653923,51.48651016904202,56.8151155604133,58.30368875118324,63.53236309383761,57.16486690144995,54.437671441868254,47.56119656203375,50.30687243556973,44.53509309370923,38.805487280781314,47.93308304861147,49.72097155019825,59.15008497954479,68.08159354662976,81.02570080083568,84.38524382979054,84.86326277600521,83.68651476009289,79.23195939250296,67.57853621872489,64.52166521379907
2024-12-16,72.99005051040965,63.14390731682598,53.002577704752746,44.962870660019455,45.53044869189769,45.619500936485636,49.95283571746475,60.39688075552928,81.28468075520844,80.4313815641455,72.86439415524804,63.99867181699212,54.7364958072535,63.26748557745687,74.26766854590905,81.58397119090344,82.1360951695725,85.85411922554927,85.96610944580851,84.99191664321019,83.76541690539408,78.81899124153439,71.42434766333608,70.3558071332307
2024-12-17,80.4301653266267,75.45893616183537,66.06529204165645,64.45458008362299,64.10867139394452,65.45899081525688,69.69898024553862,76.56985867912435,87.45217822401574,86.41053333417119,81.73867037053539,81.80876222310982,74.69686781125444,79.86901235254837,82.65424041089373,85.14899577132859,85.99050557223794,86.05355137872411,85.71742749702123,84.37606183454888,85.1369552382484,80.19909866567691,74.12959551770616,71.83164021834453
2024-12-18,81.28277740098818,70.20860913652419,66.49832675701504,62.22198857273568,64.64576827522194,70.86917618790453,73.23001950977103,75.8539780343143,86.10950703516639,85.55317831169249,83.93276405364398,78.914871977602,67.43372246332545,74.2989469143167,82.5102859601798,85.83699136001209,85.38877583981615,85.91060638539547,85.68221886746353,85.76528237847101,85.63832568533506,85.48563271702338,78.39762508748906,76.98900325497758
2024-12-19,78.85479521523163,70.65440023185775,66.43877441667183,65.08556757070498,63.68341119053672,66.64747368253046,75.76023403283935,79.07145692940759,85.02216475634023,84.81880092718636,83.4812167216098,76.10457440422088,59.25821173645379,70.64795615236099,78.91764572610987,85.31559747274405,85.09383241783529,85.03259682629734,84.84875976067121,84.53171613559324,84.6319698818089,84.21339869805817,77.1409122287035,73.29320476002368
2024-12-20,74.75765780253548,69.54863601068378,65.19453643492288,62.52660055028224,63.40188590840255,62.75003748536679,67.59716863364231,78.95705433140384,84.79569506928678,84.03364589753302,80.82590264872393,71.5234792657071,52.00470184774988,56.38170686787802,68.86036497297093,76.9797218612669,84.31127439935494,84.50596411251657,83.76362777989186,82.7978118229481,82.71691515358152,82.1079208277183,67.43028986639115,59.730280999226295
2024-12-21,65.1718958883057,60.49564255611042,58.19302204502966,53.526297625441075,60.74562402637703,63.85222436201834,67.73050674105255,61.9845332472634,78.05820501568292,80.20421792363427,70.54023415849545,52.587509171473904,40.91813805038998,49.81850408204449,61.111597643189214,75.28926278612748,77.45316883893757,85.62910490852322,84.6878532010752,80.37247811608349,81.60100282983042,79.79579061459044,71.36451568886613,59.70057588122457
2024-12-22,75.51950308737125,68.9022965101296,67.06926512810078,60.690075296354735,63.579912462513995,65.80195187104452,53.33638733972121,59.42582620382017,73.24164108053377,71.68379286613293,57.61716182817467,54.46110715345764,44.6235737129671,53.6181231512113,64.89577221877103,73.99723139971805,79.22170092242523,85.70047597956821,85.63793987308918,85.41730301379658,85.42484203454151,78.86842311385413,68.26185220184932,65.45676467113482
2024-12-23,74.58298837476451,67.40602964507201,58.44313195701123,57.99212411209861,61.48479705987414,65.4995597898304,66.43654209916629,68.15944723023632,81.05356583687498,82.42663947590334,77.00499799601594,75.7220117597804,66.3849671277755,74.44200663491064,75.31955830283809,79.25052994677003,83.6181396337189,84.99222975764698,84.96476751700776,83.88783962075634,82.84220010844646,78.42506208847172,66.03446065852788,56.626529577936445
2024-12-24,69.7149806425726,52.115779317357685,53.05485341529056,45.2487757381798,44.97631448658037,45.10814981452118,54.5979065861999,69.5726410690372,85.59670473427555,85.66679684570738,82.94614596857733,77.26555376896643,56.77051148313001,66.06371274049332,79.45955600291705,84.83257440124517,85.41046746419316,85.78140113163754,84.45897238559307,84.48781926125736,84.47944310844301,82.60620896740538,73.59545974946761,67.89418271089187
2024-12-25,72.32121620032719,66.98242413044527,61.61097327020715,61.62925563045226,60.05073291867842,62.44644512251908,69.09265761789572,75.39478271080996,85.9214643257726,86.23402847823789,78.60559353060394,74.79253979640295,59.03483475258838,67.93240003809734,78.92737899358646,86.20049244450007,86.37422932200057,86.07293134903777,85.47797694833355,84.68481041232181,82.89594807635507,81.82154186094655,73.50798723549012,68.42118354541365
2024-12-26,71.47431591065269,68.97640709543306,62.69147186036126,60.453415677038535,60.25058315254248,60.25006522318695,63.7619218138081,71.44677157404541,84.24029771251675,84.64874995867042,82.4391370502054,74.60637951388125,56.04515674817104,64.43700541427816,76.64261332818373,80.06859496827384,84.87163867538975,84.98814687241006,81.61060518266106,79.00989151573363,78.27888289256286,75.57347344971235,62.841850948629656,54.720971653642636
2024-12-27,63.751638493791155,60.60325236480704,44.91361118492095,41.83926778240442,42.639161514561586,46.02816210493221,50.801130826104234,64.00268883959384,83.94192621634559,84.52228119719994,77.51919797875202,67.62174265145656,52.14088986974793,59.14848198990586,69.87952213404084,72.6225076332982,83.14563730189278,85.06409763137226,80.08773769195028,76.55065606758671,74.15521920053689,70.13894769896089,60.87923807297101,50.99701682420188
2024-12-28,63.917836502882615,62.17451692682946,48.457298854994086,51.80573336771161,46.794623007389895,51.9342229535331,57.51476887654917,58.017915515888994,74.71099157470066,79.20180353949307,65.26885985640904,59.871750057570964,51.09117595104255,56.06281746085734,70.4502336517187,75.22918166142492,78.2790712405429,84.32062124290805,82.90399872574677,78.02557171636725,77.91099042963869,73.91274662087187,58.36058259344847,51.60775553260066
2024-12-29,61.4148403569801,46.917894219540614,44.52527014096522,43.23719937120642,44.43036425867515,46.2529058725597,47.159345156469904,46.01008163242345,50.40058264750967,54.100269258925245,52.82779568485955,52.23093560017632,50.47911883918959,54.42290693052735,52.27772459092077,53.889744660872665,70.66540758561206,79.92458830683356,78.38157710339443,74.76223715035178,73.27112750052501,71.68407004132591,54.18163023904098,49.89049018779338
2024-12-30,65.97496698374994,57.187310395500454,44.809224504776275,38.5865081379626,42.780330578242385,46.009654988104124,50.985885761413705,69.52863196064514,79.37931446989019,81.62266317909406,77.54785255117942,74.9993350155855,65.57241803474882,71.68045263025618,77.10014902444071,80.50897880492458,82.6349539112007,83.47099039906345,82.01488838398116,74.75331068480207,76.89998616654569,76.52681038197446,71.837902541349,67.56932845456957
2024-12-31,72.43920777042888,66.15358040268458,63.348673729012695,61.82963475204072,61.5546521552928,62.37329632810933,67.07076742559396,69.07655201888552,80.074405745794,85.19402222651928,80.61855069140339,79.11804687288527,70.01900565372715,78.11147350353527,82.05227626567132,85.59122487975316,85.94709141345459,85.62378216901212,85.48656561161278,80.95349993166329,80.64581048674575,76.90259594442523,71.64823972182732,68.28021936677473
2025-01-01,70.04508949994008,63.39043902652454,56.80638839216949,55.13809372138035,58.249384795945815,60.43585323946999,64.09516969205976,67.31338667231425,79.64505307319594,79.10877292233624,66.21890380261918,59.768411801475814,52.842569679975945,55.31723154438518,58.67087136207701,69.7951357507038,77.60900877465522,81.86843031607575,81.74973848845116,69.80617004997487,69.74215444606216,73.71723485603773,62.90075079246563,63.1502097532985
2025-01-02,75.87658046443988,68.60718579885891,64.70275506275571,67.78299173993906,65.6813793716071,69.36462423892674,74.42058674676812,74.10289632908807,80.33314994300653,78.76360690358864,77.26582945369097,69.80398897652839,55.68105197536032,65.29878851805579,75.77277063067575,79.79058651614598,85.17567536396763,86.14085438910115,85.18293625250071,83.41540249197227,82.84541572672119,82.43925141080824,69.6842418021963,66.81493063189762
2025-01-03,71.67942752313233,69.93402179889601,60.60946766740159,60.20047374258685,59.81233839707865,62.63883010078597,66.47360948932007,74.135691863408,81.46801768387493,81.88979819759022,70.70425320762709,63.30282699756359,52.11998257016369,56.88487795869076,71.53132874189122,75.06273330124472,84.6557333215153,84.0356194536972,83.39887168321363,80.43014838860016,76.41494012312255,75.43374222892234,63.7589323277578,61.10940058163819
2025-01-04,70.65175874464263,65.64197392962744,60.64520480930195,57.7347371995014,57.313775520870216,57.55050074237918,63.652251790599045,64.66189154164628,78.43423122276756,81.146869879128,70.43622253836993,64.9043767947509,55.58094906957935,59.62973130563313,70.62128504841733,69.84867107639084,81.12298161445021,84.70825515849059,82.81835680239877,76.37508784267821,72.85703400741161,71.69283282222626,63.72938786901147,61.295856538547376
2025-01-05,73.8198584279046,72.85546040822919,61.85698215019236,52.478017290487905,50.44003221938313,58.18204871722605,59.336993953053295,64.85666433662897,75.03096531629478,74.416699000092,64.50731543656956,60.59977347169696,60.78632972694905,66.19533064098704,75.63434617961816,74.62575951624879,77.63788508854043,84.31415205210403,84.35067990579482,83.04401420986889,77.19789086413732,75.88762067493984,69.0043198688561,67.52777699775821
2025-01-06,74.5481722491401,71.05697989645607,68.12204635469489,66.7794144795832,65.92290940849246,67.63330855182383,70.75081213742685,74.31631048969058,80.8335980004531,82.88386226616102,78.87181489772969,78.07633145363206,71.28142455256759,77.13143443032703,80.59843575225057,80.99381238668191,83.93421740406112,85.736571499537,85.50956208492127,83.68078329301774,79.83262734383295,79.4813970125583,72.12754369763424,69.55044409296787
2025-01-07,75.54732002376417,69.33982165720856,62.168574058017676,59.91843427718542,57.764398931393735,58.288828588368936,62.61272784778213,69.71030847468188,84.50549661769821,84.573560054223,80.81116474677668,74.18665216773637,62.76484802447452,64.48335268329815,69.4326260292382,75.94202535876043,85.04395646230533,85.50242908929602,85.0075887055889,83.3590402664818,79.33111548611815,81.65485526524651,69.32786673754363,61.95476562523889
2025-01-08,69.0434850475914,64.66577259395035,58.54830287316232,58.704124676345614,60.62463122695765,67.31284949503687,71.4387612820952,73.34918975789184,85.16469053713196,81.62763539101023,62.693345011903084,66.93839985053532,47.85788319778537,49.18098377680528,61.93095813773484,65.2533209523738,80.85584025878235,84.43771213151072,84.17012755753844,79.51469560057365,77.05770137444041,78.24608316753523,69.28990586343647,64.33896435742406
2025-01-09,74.72474846909313,70.60342846074397,64.23350709815064,59.84234045156195,61.456824312522755,62.25888723174115,67.89927703514456,74.73326617638541,85.0601017717974,84.85485072998829,76.62888125300158,70.86256082085909,56.17812110091427,61.18938756473957,72.31618277111593,74.06086838712912,83.10097829217466,85.09353923969505,84.98198459517096,84.47223094886266,79.41359062939158,82.05701430158759,70.4362445509857,68.91198272019629
2025-01-10,74.91944598220317,70.12300512377189,64.93987606978074,62.28797168623174,62.18269192368444,64.55547439188695,70.75626111081027,77.62025587886964,85.55578824605804,85.50445529725283,79.08752652477882,71.77942132655174,54.910073473150526,58.53234803895544,68.97039886629437,70.89415829869716,83.58523197336238,85.33136355328094,85.45145549890668,83.11316461868161,82.48254306200504,82.3675418255754,72.22844469596903,67.84555756066635
2025-01-11,72.31838157763698,68.38999257179144,64.13261537164246,63.654097587608526,64.64755361036377,62.56905496766447,69.83927702150285,71.64407988631278,84.27822105245168,84.41285554511457,77.58866891072105,68.53280682881352,57.57912991577213,63.24024526569576,72.4100852164942,71.79748308758988,84.32606926014306,86.12990622581121,85.65471767351035,83.78552417812466,78.68058287918146,76.60844222807827,66.00675675527995,63.630015197498636
2025-01-12,69.32994198319231,65.95137124630249,65.83920636194878,62.75772995708567,62.263009852025995,64.82759733696129,67.40395341408079,70.63904466727857,71.72362762834602,56.64497612817488,63.18242191027448,62.68349287203577,60.57666446161007,63.4152490496039,60.27743120069927,57.93381283189986,74.27024963986696,84.51105218335258,83.59247997626754,81.31284875535685,79.55821551981445,78.0587994911875,63.83167581439983,61.23131183320568
2025-01-13,67.50566428371353,60.68587828204603,51.47224962732214,51.578022302997425,48.806133004684845,50.49855328855245,69.604867901361,75.41844825104904,85.44430254231405,84.86938051201433,77.34264103031006,74.46601942386404,61.97012126864186,65.64837204689995,69.59059417719934,75.55554328752899,80.88090618519801,85.20137890079043,84.8416719086075,81.41846592882413,78.03184770683983,79.97084087579282,68.28394032831838,62.92064546801754
2025-01-14,68.49842815071472,64.82537192289004,59.15213403306065,58.945347968956725,57.897626610867135,59.60266792865427,66.71553611972928,64.53582018089153,83.82810277121324,85.92758570110661,74.29101236900793,67.54095929185506,54.926038928696364,59.88270897937459,69.86669935083744,75.03408414253887,83.76832140234538,86.09950502628972,84.96836520911991,79.7827486277477,75.05889906775764,72.13965071710999,64.15780659299665,61.944978449420354
2025-01-15,69.72978007869757,65.38709072089787,62.53308961323161,58.09385951699576,58.81790044639606,63.34593876020083,64.69515321653016,66.77358798094347,83.95513976917863,85.02954765292483,78.33111972702352,70.8327962770716,59.506722412054536,65.14535637932742,71.22678738180274,78.26575451835406,84.33240911386098,85.10110705343449,84.40223696955071,82.7017658587499,78.24249783105566,78.5494871591593,68.85419230529794,69.02507510738718
2025-01-16,73.43404097904295,68.79251643904102,66.22247886816339,60.249579894006196,58.011887784293975,59.78551094106486,66.98908488500844,74.65060387149568,82.18181458748735,85.09662479719444,82.90330633058187,78.42586951788506,63.36544160671184,70.91544737062745,76.88797632672157,78.80716096556226,84.44762829851398,85.19405937701511,84.99371956346624,84.63641883394607,79.89595978682269,79.80830449979707,69.72818543621041,65.70284496617083
2025-01-17,70.57196463986934,67.18166081470295,61.624657506706924,59.3515704055023,60.81695694373505,60.30300415126271,67.00951692024745,72.70387487400767,84.57190971305637,84.85213277470643,81.87441440521276,76.81257373370619,62.34036198605478,65.55765364443184,76.24844347354153,79.42731077396618,84.71273215568425,84.79118143564158,84.07659400567186,81.21599661756358,77.87348893298775,77.52704410087536,70.5527409556843,64.98002237041003
2025-01-18,71.6014838924318,66.79726230503393,66.48946759754405,62.871238741559495,61.7311784453662,66.1163903731611,68.36547078963876,73.26714288398185,83.92045849703244,84.14693957908854,76.76230578519248,73.62789984081293,57.95930165535309,61.12209464737348,69.60582610214709,74.30987107290318,82.51895096371591,85.00105554731081,84.90374337297254,84.85514994224758,84.07521146100189,83.74216908495734,70.84001556685322,68.28321128283196
2025-01-19,73.5792879612993,69.64293991891671,66.47760385636859,62.98283524635023,60.86231751441864,62.11401143327112,72.19907127648315,74.49161750660629,78.68569104022431,75.06971623905231,68.03230033297717,60.87006772152831,54.508556162288585,57.65324779917282,62.13603904582735,67.26166574552042,75.88391030382785,83.84157463442962,84.77318049460479,81.76652708780388,78.33674242604333,77.95066784480507,68.49044094059889,68.86087269899515
2025-01-20,75.19224834673268,69.99041724589581,64.4504480670065,60.27280204879221,60.00177556580238,62.04284216689676,67.83523812091052,72.22337515236973,83.18673497969172,83.3060537168199,76.19840388943727,73.8105962267368,58.091095751922644,65.79562396252672,72.87504114936418,76.32950846994538,80.43672861620351,84.07863359839976,85.30445373188653,83.93005301396764,79.19762428057061,78.03749718455191,68.92672703520604,68.27537346398016
2025-01-21,71.20206504253674,69.52643067992953,65.00723298534571,60.120552943903725,59.51608723845344,62.72728412114982,69.47335430717824,72.02241800282671,85.07216573837344,84.46051179208985,76.27104386516041,66.52676809985898,54.9907216505377,59.81300252999545,66.13334262638534,74.66850663488304,81.81471953537765,85.33149930298835,84.92413808696425,82.54102434990858,77.99669222168605,79.98325260509654,68.19351678629822,64.83002925854424
2025-01-22,71.20958842880395,69.44381500599734,68.05322075814722,62.14049776980554,62.06051776395547,63.499455969650114,70.65300017752159,75.53878842436633,85.20051363868741,84.68322753016854,77.33923219937503,75.44953548143188,64.51654939102343,71.96572588663835,76.57804057753334,77.71815219721563,84.40504496594666,84.6245686299102,84.44334449014498,84.43048736721289,80.43009894229677,80.32182378968878,71.29517461148177,69.28021917992717
2025-01-23,71.58078229315343,69.31199554711206,68.1526898395205,64.21694056313834,63.54621659716746,64.04903922121338,70.59466678590336,77.060972136516,82.13242472073199,83.43495483275255,82.32238290688998,83.1909920653496,70.10275692171778,73.0491402078384,79.32908196903833,81.81267663296302,84.49937007614527,84.58576980239604,84.3536890013491,84.13148692729236,80.99078628632311,79.5702967736456,71.55486445881037,68.86411850595627
2025-01-24,71.97804671536676,69.22274555417104,65.4332813675658,62.592348194787014,61.76550810682282,65.8545720166039,69.18962763989478,76.48891787687766,84.52426260799058,84.54374792356296,83.9465422909486,78.08496589620292,65.13488361463168,70.0454158209259,74.72218088555798,78.4782595926966,84.05123727160259,84.40604089477796,84.41827914747783,84.32465759814582,81.74511640595874,83.64911829022222,74.27645518535205,69.22639242623002
2025-01-25,71.43555875949683,69.9196870883945,65.1309341736481,62.357009638386785,58.89264677771002,62.70157415452349,70.08027729537066,75.6720985837911,84.6892036440846,79.97837724571167,74.4512103971638,69.37518890127822,56.20289329229326,60.41848763358576,69.33782226551374,73.22189844976556,78.88972217698417,83.98222768626577,84.54087162021516,83.99554184568304,81.63891936008794,80.99840191820167,75.95779698711067,66.20294605833959
2025-01-26,70.73911186131204,68.90561219958539,63.79782986138585,63.96718919866634,62.93058264713004,64.32160148628464,70.91954923867702,73.15902985838912,77.4321898191676,71.15421280026345,67.06266844019426,61.13373097570175,52.367735135166825,56.53501050629905,63.284325161971374,70.48431420217632,78.80900005098482,82.69757911405297,85.03887727411643,85.35637673974465,83.51844597747721,83.1113821066156,72.16015654082753,65.31928969317217
2025-01-27,74.35851658233776,74.06514397706812,67.65446169259606,63.67371586690369,63.738876836114926,65.86795447298925,72.67868920346598,80.4492893034955,83.10036496263918,83.81120434557538,74.8543945576619,71.47134716822576,61.34972927397671,64.76022986866496,70.31722291772992,72.34590881488255,82.04844040709965,85.04937445479942,84.98706852947615,85.08195736448302,83.98335628068918,83.81025246495435,83.20290813393365,76.42059297832728
2025-01-28,80.90843621300799,77.33250590702048,69.86114219074774,67.38810524913528,64.36585256813697,63.95288099010184,74.43448350005787,81.10076088203863,85.71742772171521,85.96543172352247,79.7395233966362,77.39089622836507,56.45337364944645,61.07743932430926,72.35151108116547,74.70008218793184,84.0949919338611,84.30417202135257,84.53309067936992,84.27852426301325,81.58930094650798,81.1054683929546,76.58455083003072,68.0723463905984
2025-01-29,69.95609040579372,68.19301271798318,63.32452513235179,60.81286301182093,59.32370405972504,60.66241038753314,64.14998985718171,70.77679708818279,83.74913749514634,84.3324675419518,75.39750895463965,74.2055340160191,63.08086253895295,68.7672393533025,72.52589576516556,75.55940765742967,82.60644889954473,84.8790776021187,84.53868605511664,84.71214894446338,81.98356443466375,79.43064127834457,71.76472242893587,67.61428473557653
2025-01-30,72.31178295992335,67.27428428457445,62.16788473409027,61.69901190888828,60.82317339475182,64.21016268062044,66.39062241459222,77.68880212902141,84.68469970362764,83.61830116194636,74.85571947745095,74.34800169271801,57.79167820241596,67.79169022172287,73.23542802504512,76.12236949441522,81.42778631761244,84.37909389965313,84.31433240887537,84.31336993908481,83.4417078278334,81.03585766159426,74.31128365735934,69.32669116232158
2025-01-31,77.95752061155103,73.85528067106023,68.44437581028754,65.46818041359164,66.74956206803417,68.90616503689718,72.03507748855019,78.79658549993934,85.56514966962774,85.46873472926794,78.65333705911966,72.71131071133179,49.840312694143904,58.393673206434954,66.16089069052006,71.66709647756839,84.41563700758115,84.38145648568148,84.47666990243233,84.44057436452397,84.93115175411695,84.98262838084779,84.55936549634639,79.44712983242626
2025-02-01,77.7029353590044,75.61111932509564,71.05874971537713,69.74149540239715,69.51892730797816,71.3409353872224,76.6900839353625,82.10444004514764,84.65382542504084,84.44178674671575,78.02927987710933,70.775824324624,48.91110997772252,60.68199137499131,70.52388983159648,74.8867401137712,81.61710899866608,84.03223702785141,84.39364916327806,84.40513676704612,84.62396524448408,84.60189889003325,78.06716562036664,76.34822780378447
2025-02-02,80.7227772163549,78.33326863991013,76.56792320194339,73.37881276827312,70.41235632945896,72.63067809089227,75.62316435850119,78.84198433513149,76.52339759657782,61.52221017251979,43.06834180326546,37.99099050989826,23.196904255302467,29.013177400373447,41.66798148566959,46.81852558654255,74.28208184399084,84.01020307607202,84.93655488269634,85.00113941595835,85.04969141509531,84.75712497554666,77.66411219751907,76.20174570388522
2025-02-03,79.33698515016225,78.40667587076122,73.18523115967213,72.64292949740265,68.42760473179231,70.18723538537299,77.34333931328273,81.42610474308574,84.35812422996814,82.70133087571709,78.4490789589416,76.06866918137007,54.61214875035919,60.09489966177048,68.93755224890617,72.26495691029588,79.9242906925432,84.3053319896348,84.38254083874729,84.4036065656125,84.15889729443451,83.80388443106631,77.92109785684212,75.32875467313947
2025-02-04,73.6436134507349,69.57802309225241,61.346302776506484,62.7552692788508,59.713674761538556,61.10933798699915,66.80804146045266,69.13942216605093,83.30547146816518,83.15841719064332,65.15776113997624,56.07265869616181,44.391176564480645,45.37343096688215,51.51633367485541,57.66777067631682,77.45339029000094,82.61784390545162,82.70842663905177,81.76302930896823,77.37486616244345,75.22822793915216,62.771498755235896,57.025241507303235
2025-02-05,62.79637670697457,59.673109691296034,52.93567668261743,45.72036361860881,51.80835019850099,51.837307821276426,61.001712965364376,68.03726376208759,82.29058492862531,82.06201339879073,74.43922805810799,69.49559373785766,51.64452647123886,56.51603855543844,62.66111008172984,67.13590658217042,73.58070825757446,82.93054547382957,78.89106547556844,77.85029766951608,76.62535601099428,77.21221211379793,67.27229645970075,64.26457445970792
2025-02-06,67.53846822715781,66.32466025164034,63.0108211091576,60.012518075576274,60.746175482612564,62.49380164445197,65.59195727842837,71.15917882840506,79.46008346980396,80.19971838450637,76.19396168944294,69.20627454731158,56.31741386169266,62.512765739746676,67.9611882996443,67.26566938970608,75.56227314948018,78.59308651200561,78.20290568862445,75.01672491646008,74.12336107766104,74.20679489568299,71.19451284062248,68.61162035090831
2025-02-07,69.73541480044776,70.08609681516212,61.79583087839914,61.797141824569174,58.356119471300644,62.19789614509965,67.8569043886739,72.65545202886311,79.44546385023978,79.10206360315254,73.59626878578904,68.2746087550432,57.30496586516277,58.28200296954568,63.308275804899864,69.79392184190762,75.67237211114033,80.54619358772018,79.5255453493175,78.02368081097082,75.70812437035141,75.20296851852038,69.95056769829453,68.99059139476569
2025-02-08,72.56893814791147,69.61748266534991,68.17870599121218,65.90822525805501,65.89066801211389,64.66425771533655,67.20778533680469,71.97984125871899,81.3286656470651,81.32039604371413,71.95761822492118,67.61274588676987,54.83316755528529,55.281868373734255,64.86852198371598,67.1610030781726,71.74344490538304,82.38640373672115,80.98448808466273,77.6081781522109,75.99369364366987,75.07190480800416,68.53062863257998,63.406741724119414
2025-02-09,65.83261877598464,62.37277860355949,54.213761774268384,56.06154499271376,52.83964731173743,50.50456564807575,53.95836129383898,55.04496638853214,60.59207945926899,53.24809198065023,47.77917512635357,41.46571854971362,31.53699155130375,35.57070966552663,40.8331048886657,42.780530657475914,51.17966864568362,64.70527631620666,74.31036978061384,77.16309204077517,73.66505305423789,70.07345689180335,59.13416950842715,58.50690595666926
2025-02-10,69.0608058517804,65.63935377036888,56.46518917821857,54.726892135128764,54.125548158470735,56.03200744405979,62.7576829898966,72.22334232982774,79.82269537753646,80.57754614684441,74.63884096035174,66.40975612451732,59.82002175106339,63.6582501979447,68.22747025403224,69.55085544478948,78.88654349481816,81.65816692261416,82.0254718220533,81.21574013283063,79.90594804867003,77.75758803489094,67.7075724376676,65.9885648683319
2025-02-11,74.50257005996801,69.52065144658928,64.81521230759577,64.38164841126327,59.66178861015538,61.5120544840604,64.73563860423566,68.37828394037393,83.55505474810745,83.8434446491646,79.74119022453235,78.2984678372174,60.9344456071299,69.38735087708223,74.14401346716406,78.09004338216319,79.03528100728634,83.85238831468111,82.65982884678053,79.75078258725613,76.78391661531487,77.72522633410135,71.27218611091489,72.63285285629259
2025-02-12,72.20312526805148,67.74424952004273,62.56116071228004,58.67408459872182,60.21548108671854,61.707585028352,64.98150253963755,75.46217291860802,83.39570652676589,84.60219726898394,80.09756700215777,77.55186818372661,68.6726926540467,72.2015752983083,78.55171375974872,78.63950289562757,78.70407458440793,82.09241449795786,81.99803793803997,82.3725769116029,79.92547260882337,79.44533016501025,73.08644979502742,71.87346974567912
2025-02-13,70.0381121006603,65.5805915512779,61.75578769311544,58.42631733616099,58.85647160811674,59.813474029726805,65.76897638633253,71.06262215920313,80.98730773315896,82.08328873553027,76.92723953169288,74.12393427488601,61.67160237780486,64.1842747990317,71.38139701179207,73.30720282307391,78.16625321393006,82.32910425809116,82.8354993900011,80.22936907677283,79.17362697461365,76.92255981918309,70.91077596784623,67.18169789490622
2025-02-14,71.11828784496295,65.29250768472956,64.15717176722482,61.23300273091017,61.09721271018916,63.967250661723,69.95049591206161,67.80784748303643,81.23066094847275,81.96825150635127,78.88312462663038,75.65431081975795,62.321862261921886,64.20866678691459,71.00282750429507,70.00715939331675,78.42326329182822,81.27256443880769,81.33547364885034,80.38054148473,78.91606203159836,76.76174955031013,69.26118435513261,64.30907503467986
2025-02-15,69.06554653371143,64.55360998918864,60.992199594049936,57.79056195065409,56.795392080083815,56.50886847959954,64.30121838822336,65.15380390158376,76.21335966592282,76.17815490244718,69.96261580799727,67.50140359911023,46.110269022965454,50.47067461962116,56.83329115460613,61.50968322646585,71.06613885439504,76.2927513882158,79.064048352355,79.32126977619467,77.79672814196988,74.89215769158177,68.40426348193984,66.3949605063118
2025-02-16,75.02230910874773,69.88406883615842,65.66242166194937,61.766740537688094,60.904288014651854,62.80496263577645,74.4733516376843,75.4267545999293,71.82996199983852,64.3716698647512,47.48812743898811,46.3484667629863,30.68080561657451,37.73576537292302,56.46075926347392,56.06887702655738,70.74082510418569,77.76360446415197,82.87273758687131,82.0528916464785,79.92834849579923,77.05025152675593,73.96796708495205,69.78558550557831
2025-02-17,74.90468354460877,69.79290164003591,64.64032740415827,66.34707958417961,65.0178658709746,68.30728186748368,73.8477092638859,77.68030297553459,82.79883926756274,81.74374721620568,75.01815858596092,73.54228943232333,59.36996064384434,68.82472270897941,73.46788983274843,76.48414416099509,79.31537847919557,83.30438145492357,84.04733562047133,83.61519463744108,82.71726202610874,82.31423359942121,75.58891119589012,74.6214242119143
2025-02-18,73.6955763023959,69.35005248171151,66.00998703910787,63.0307650143831,63.007130154452376,64.31754948724775,71.83256873441616,79.22372112583918,84.46698104161008,84.15868654778765,76.8684442516285,74.53808452374072,65.22985782428864,68.26234385371374,73.76076572444728,73.34847585474176,77.9734618460933,83.4798000420181,82.88405201808567,82.7297215351769,81.19730972967018,80.95419268868909,73.01452881087677,71.85136931549391
2025-02-19,70.25292222892682,67.99335665998791,61.373590406016234,59.18026093668764,59.54215740792798,62.449691027989566,67.57468800585593,73.64483114986218,80.81001746908443,82.70091955277331,78.37786684684357,75.95966964422175,70.38717201173468,73.99329407116272,77.55529873364769,75.73834067689043,78.55407708729294,81.81445254889013,80.52157737957167,78.20281649106313,71.44273433610803,69.90834165304798,63.71782916924842,61.008418033626334
2025-02-20,69.57700840628834,65.96206627562002,58.161422117865385,56.570440757737934,56.02381677192837,58.64931958401966,66.19688605567232,66.67636066441277,80.58351410314924,81.98305932889944,78.29305429089612,73.96432680913837,63.95790788600632,64.69149913205263,70.12138831691558,70.66664016894313,76.09644707360542,80.7172266661479,80.33736098905855,78.14402133742608,77.43926688841692,75.02525598224878,65.46571369522854,59.72300149335779
2025-02-21,67.60885048814616,66.36117797730807,59.4005283600979,57.3997156227428,57.175973134978356,59.84744059204957,65.04148317808097,67.77272772711568,79.62815738973232,78.85914103302687,74.70128684154298,69.96259073636537,56.87414818123875,57.48934471504937,64.12367120737999,67.89553066649836,74.66148760852754,80.39597036357999,77.76884335743642,77.39676688313351,75.1966220651357,68.22725366634533,62.94851366303663,60.28891538476187
2025-02-22,68.60915640697128,65.84129670042302,61.65775513132263,59.71269172970848,58.1696885975959,59.013772710694575,63.468396743084135,68.89235668979055,77.59158066618468,72.87293717503157,59.36273578752342,57.653585051263,50.71187768892383,53.300910731727235,63.507458297065085,65.51115187306362,68.32204308507357,78.31634409272463,81.02459010684602,80.79507483882163,78.23215332910134,77.2755771015504,70.5034948741797,67.54527334006012
2025-02-23,70.22348207933882,66.73310070355528,63.53454405286192,66.06240995722686,65.09398354378656,67.40286716371487,72.49749831074213,75.66558762803808,74.07678807474964,64.94429656663564,55.44715133922698,43.48858370899535,34.18995453854715,41.38000928129851,51.380199966890245,59.13093993499045,64.65682359375107,81.72626683502516,81.87484873745184,82.83681662877107,81.15915359467726,79.3678209382806,71.62839977092038,69.57640574053688
2025-02-24,70.41522750257747,67.4175067899622,63.85114647067532,61.15121097602639,61.751432783814806,62.66288308505077,71.17960530828039,76.29900350397918,83.17477531898787,80.57342681496023,72.41714218162468,66.35593568276305,57.969115019991435,62.126948970288524,67.58326817608065,71.08996442946808,75.34193895034568,80.72525489659829,81.43365310219006,81.96272831714379,80.97385488951707,77.94753226449738,70.36513145902472,70.55780292576429
2025-02-25,73.98627985692477,68.74474423023011,64.58909424937588,61.52170928128155,61.916475306672766,68.8463229504001,74.59204996607174,78.18714127902612,82.89823713573513,81.04866419015148,75.82382138605612,74.10598325031201,64.2736032513726,70.85547141066344,73.98417906904047,76.14618096575772,78.12008013572463,82.0159464532254,82.91708876224187,82.23153553528843,82.37634970526852,81.9510196767686,80.87499734349151,80.58418743516054
2025-02-26,81.77961819629479,77.19247435473216,74.1109967795892,70.41570647151288,67.94240401792611,71.92108765918704,77.88334137733143,82.53310269715563,87.06831881097098,84.58321405226255,78.78803389639626,73.07139657822893,63.207438961543,67.84499315201685,74.8654916445238,76.31396494738404,80.9373143268763,85.62680057478705,85.65876864274306,85.29360727693309,85.65630088407266,85.51523531762616,85.04463133341322,80.15088996167782
2025-02-27,78.30027287152981,72.20999398093404,67.83716711974895,61.57545615253965,59.820609026209205,63.83474059900132,70.61105359873015,74.39015875399215,82.08513805930568,80.95847174341546,70.99573324956528,62.675425431419484,50.80121792009891,54.23092093924872,62.71863327538936,67.26168588546123,75.1459038143065,83.30584434709327,83.37188742103096,83.07326085512233,82.61041279936262,83.01282954921457,74.9022577391169,70.48465827381025
2025-02-28,76.32077068941749,71.65513527569632,66.71759332999292,63.216748009299714,58.02284621649168,64.25581193149738,66.91978903572605,75.39288630279925,83.02364737651747,77.54753751574488,62.85986743082293,60.62453016876215,41.1919857024203,44.95020499221051,59.878800943870566,63.45239224205183,70.6927514126859,81.34753547807912,82.67830983436792,81.46655742546959,79.35909294011249,76.47794651951955,71.61079178812437,67.40119978291433
2025-03-01,75.00188262670483,71.18311687263636,65.13273514770383,63.70230417119792,63.4402092501866,65.43047909767188,72.96062172958223,76.64963089173109,82.43015926212195,78.29599410022031,71.2464519690262,70.15357572200705,53.293986822492066,57.466430340413865,69.9863965926289,71.09215282036784,74.92599808372997,81.49504953389255,79.97252229910889,80.6712437767829,79.6228116907657,79.29197209795905,68.1742640210647,68.98024503790448
2025-03-02,75.41008361407113,73.12212825746059,67.35204149305363,71.10798745631763,71.64772048077556,72.4343466609687,74.97559009569864,74.59574308752147,69.28726489687851,56.89334497397886,44.95360872956006,35.051032126918145,29.241221521179465,32.338783362248996,40.43214352545311,40.99964008476258,55.691646263211915,74.44454190404805,79.20691875629298,79.7806044447386,79.8080115715805,79.20330420797593,68.31718453681262,66.83148010729116
2025-03-03,72.62218607781038,69.07761831780047,62.727863963807984,62.679091389592735,67.09098722919941,67.03492587177855,66.2355332091526,69.038737497073,80.21356920858773,75.86418965642817,64.64046967428173,58.947965193411044,52.20994575628921,56.766087497988806,65.03608659198493,67.7001547796305,74.50430913110372,82.29813147810306,82.0491395961973,81.73188257790925,80.53415820814855,79.84328437590798,75.44553004070292,73.6218705551809
2025-03-04,74.0997806906792,68.27346847270412,65.0586255933432,57.35503513184408,55.70174203426809,59.90783691350755,68.34335682948847,71.51395326072546,80.2907634550836,80.27436604948367,75.53250165206174,68.45912606556082,58.31062795639032,61.221821608465845,65.91496401709696,70.12309515608922,78.22090405318018,78.92263454463058,79.88287721898686,78.48510033440701,77.35895818872237,76.0805081575763,71.04580672834345,69.07670243327318
2025-03-05,71.7463598021393,64.3819519175341,60.06318366850452,56.58704268349528,59.56348874848782,61.22204073330587,63.447141079798755,70.72616757369893,80.28936452804838,79.14897935685858,65.84363724760018,62.82813421415687,49.865178884484244,54.73994969345641,60.22657559256104,60.62847689574944,68.6326538731648,78.87447091662612,80.30772856945671,78.82020992612931,78.2733926700861,76.21859046141992,72.93881645122306,66.15337327165682
2025-03-06,73.8464711272103,71.28103356904003,63.04722942088575,64.07294451920234,68.15447300700667,71.07240999080067,72.69739115098211,73.92391241753161,82.39502904298959,76.51128092044385,66.37984880536071,61.27950660889172,48.621644327326216,52.61734696621843,62.49379444188909,63.1465562371179,67.10075005666013,79.56308011917682,80.37767408211486,79.35813987138532,77.70083603600061,77.28218349701525,65.48282324205776,66.99718360089935
2025-03-07,71.34670695137937,65.72044923701712,62.70215573667637,61.70577919449634,66.1500652154029,69.81602262809642,74.34497030096786,73.97902988021406,79.11412078872829,75.28418444843572,70.44949512472549,64.6636994334687,44.51118596935475,49.17815836002225,65.80569605401288,67.29358691920521,72.60792716865198,78.20157504026812,79.0817680790392,77.73822856075469,76.92057745729417,76.05305008156749,63.77466222224829,64.64654330645753
2025-03-08,69.96326631447155,67.0124188441209,64.14645447096267,67.62012997861346,69.80937299417933,71.09523340819783,74.16650480996232,69.57487598549447,73.93387102362362,59.94023532373101,57.257913478537084,47.58438906509193,36.248065999693345,41.40801684610128,47.86079896335971,48.57310323484099,57.65533753223633,74.29477157900327,77.86705796874074,77.53367008679636,77.45809498671011,77.1519120104888,64.45998255229948,67.21256596062125
2025-03-09,72.21724288113109,71.00972591085537,66.1482113250179,67.03920963481795,73.05867019792237,73.9027658814607,75.10753048655323,69.8321338078294,54.7930929933842,39.517557233686915,26.97164584332599,21.625269245677504,19.30913196992831,22.11510716313634,31.11615626324025,32.14105036562833,51.637864499761065,72.72080685111597,82.89048966625653,79.84714558350052,82.91960840315632,78.21473027010282,68.69733201224119,68.70415569338218
2025-03-10,71.8002646255083,68.1697193537549,64.761530960596,62.39165968235592,66.7561047470633,70.77070944623671,74.15243819126563,68.94219862038854,77.31695366794193,77.35007398039755,62.01572555910689,55.192038500492274,42.39926931430886,51.86786461985959,60.77062229873655,62.94849767573411,70.88864018875776,75.55869211875817,81.89269063894346,77.48755190987411,77.40077254133774,78.60408067333381,68.2783149449028,67.28057579132745
2025-03-11,67.72555337555924,67.30543818769117,62.614903870342175,58.09816844006352,64.54323424814338,65.65020334131216,68.4664006074201,68.57148804386401,77.96131197660524,73.18417585039532,54.9194259871636,45.28535022312264,32.93158219314585,36.65138410691482,48.22911849065473,49.0534240608659,60.80678624993507,73.03152363132617,78.02242064939755,75.78268242964187,75.95166933254355,74.77674671002194,60.81642125703099,61.01562692538685
2025-03-12,63.08512670629335,59.70477082220945,53.480986521167985,51.33262531829569,54.938119759442316,58.148712973249204,61.097577389327476,55.29611474975094,63.68077125112787,49.04377262976426,37.042342905811296,26.658182683272887,15.064716176922374,18.11303861115682,27.938102353178998,32.53064666968676,42.1361661341405,65.57566405789103,74.09351154682417,74.25756277508246,74.58606620885237,73.52227050567271,54.06084001295338,54.88713068690353
2025-03-13,67.04135006546923,63.207220081222225,57.78062939136284,55.89641691016736,60.308270087178414,66.11028455898624,67.28873937414298,64.58113887788468,66.48456536778941,54.74008535670993,22.1201691563378,14.008664652250596,10.799690830750214,12.771542031927519,24.404662878862958,29.60367685553118,36.15521724678704,67.59097659377382,74.95674876949748,72.63801639252233,73.94735526994226,74.72255787670242,56.80142987336113,58.031463479172835
2025-03-14,64.5997205835463,59.986313632211925,54.828357177860646,53.056332181315035,61.764983270020714,65.20298365557693,68.86819000645752,64.03938686678201,63.31042413176059,39.22968430425632,35.23326306375189,21.339690982797382,10.331681292321997,9.060574734577418,20.657428270651227,24.750919333975634,42.83988416363588,63.220738487856934,74.2253032661214,75.00964704721746,76.79856792500213,75.99624694022582,63.039956355194796,58.66349194568808
2025-03-15,65.78631526679249,60.03020349997549,57.78177306777795,59.15833333838175,67.91676201718671,70.49648825690448,73.8325266837655,61.371025317544,54.12940803587316,35.06641589288783,16.146145636164466,12.426861492831605,7.816261681198104,7.265496621064443,15.148229956035506,14.878655568722458,30.10119361611804,62.596104193765136,79.71270135739546,79.53369911726956,80.73882507102971,77.84993676969658,63.11235816559552,60.77333798502423
2025-03-16,64.18754384171167,55.01692900127855,55.17585250134081,55.352926866512284,57.521764672687944,58.348057675537795,60.02675649134956,36.40950121718851,24.649793244982938,20.49057365028096,16.536687808895152,13.841164080998288,9.863070185743883,8.23887465853414,13.33310604649353,14.999628685646172,25.83102028858297,60.68059175777518,73.16358575593009,77.28356352552203,77.71287084905101,75.67455397899971,61.16991065070817,58.979027921200526
2025-03-17,66.20201114277057,59.99521164104497,51.59310606337008,51.84014471178074,62.23155726664994,63.36852596290476,67.3188071194864,57.06705335321799,59.615543959266134,36.263987147934955,29.614649122642852,29.427294083895717,17.1487352428538,15.18758347509672,23.9065350179755,28.131478896055096,51.005617014385514,73.54573152025436,80.39772721087657,82.0004046845783,80.80209118301529,78.30892740263852,69.2023104056676,69.21183245891962
2025-03-18,70.4588341845647,66.156513277801,62.02533322643081,59.78569164582919,68.36960414967005,68.79232486830396,72.86818978165442,62.1146691047926,69.7559813904167,63.53031621534385,42.0331708172604,35.0292160476449,26.899777575670377,25.195559603203414,35.658566370353995,40.86198590377904,50.09351493987868,67.60270002139532,75.21467314846954,72.4379435632385,74.35461277709412,72.86224456236708,60.69536102565203,56.55153922557797
2025-03-19,66.3703805193328,53.58435351128783,51.07388223103757,47.02681860671544,51.2139453372262,56.09331206747636,57.0402653412879,50.395633996091306,68.15221421021691,57.70268361848378,47.66736249574873,46.084855442831376,32.12323967749123,33.472230480420855,40.5736528185856,41.133556663049696,59.97287616645697,75.13185152188757,76.36351055525516,76.7558742656903,76.49598228635567,75.20128204073545,59.693460072907406,59.108895801427025
2025-03-20,64.5098943710939,61.82776505193049,58.40234455552417,57.24613138231301,62.3553923516324,66.4849126989526,68.91126840200661,57.8972403091129,72.18681649078884,70.73044851980957,62.09422166948973,58.877205049619285,41.51554323031042,44.41168419641199,49.98346039373761,55.29709685614891,49.01780532390362,65.8206289734605,75.48275574948791,76.67232804068614,77.59953898628753,76.95003616452401,63.48030500021343,62.44272788202301
2025-03-21,66.01267950107244,66.77154799589614,59.0293029773744,59.01299193855351,57.590184212528406,60.72958450654883,70.1726523075608,69.05306264886583,77.81600125941469,74.70969895083167,53.48435122003791,44.336050737079475,32.79388675783398,35.692728343593224,43.77186484468545,51.62878324943698,57.941259468608855,67.7669922491217,77.71956739998225,78.06588090036858,79.72385732467627,78.55606121293069,65.13414070230192,66.1357977373913
2025-03-22,71.61953236233077,67.46545083720612,63.168557716264246,59.543902755339836,62.29828536424648,66.1017216434819,72.55632970153144,61.04405369191495,66.41120901890034,52.688923417115255,49.250466491241546,40.735090802751316,31.585910864171666,30.938718202102855,39.57232956535335,36.81740200774624,54.699820829725695,75.40501213370142,78.88556219104657,79.83124065831471,80.2390286558024,80.0633020262501,68.90341604908795,72.11419607462702
2025-03-23,75.99460074617332,74.00368902666887,70.57159550482389,64.10015846213729,74.72311553839032,75.9179262174534,77.53116995489526,53.22135651272517,36.92219629774659,27.38334196975319,28.3377562666906,23.57978589381754,15.643991983900209,16.983782984658284,17.481323016085103,28.05207539503986,36.90079394934004,61.34180340774307,76.90120539025293,78.80607493627744,78.34362322580706,76.80738148178997,68.53980435823722,66.10355142997692
2025-03-24,68.82518395299603,67.35945146019519,59.76526977530883,52.56244604367158,63.04774739954717,65.86572818265597,63.43476390736327,52.50943283363936,45.62387227161936,44.1517841376655,43.61612079156397,35.6911045966163,19.025836499011934,23.227391821937573,37.86286217675479,45.4177068777198,60.14082315439226,76.6355324351489,78.89561062879265,78.55044253823606,78.5757488502077,77.64829440157692,67.15839678735809,67.4988832124072
2025-03-25,72.50958181277157,65.91460544255293,63.31274417868982,60.00061879629309,60.139217736822815,61.556239943608084,67.42273285239337,61.89929382319485,74.32418968163093,74.27442552066219,62.60427852534691,58.32816724774733,38.12392464952586,36.06609135181119,50.31266431615544,55.22213157709611,67.4590371823386,78.30595827253335,79.18604669574079,78.95218377890136,78.83246237332335,77.90794528992578,63.48220361425179,64.0257251369534
2025-03-26,72.10744942127808,67.3139096877611,63.371629663271065,61.89037881488602,61.869731187616175,66.11631831963619,67.51964356495351,65.62718925903415,79.2850792922032,78.65793527665986,69.00006405869395,62.29190085783357,36.82692457575206,42.16762180188869,62.82205503964972,64.04067819911842,65.54934410489064,79.02990849240649,79.95368046956267,79.95464886975407,80.82534275882358,79.65526933567556,67.58725494218487,67.63399144637941
2025-03-27,74.35372582866607,70.21088217191839,60.67698793157915,60.68758054511863,59.93710569482833,68.03472136141822,69.77409060457346,66.67391035297562,78.53431836288617,76.13535338591282,64.10059936951352,58.430817841755804,49.896662535230504,53.93239143232312,70.23661165730427,70.62793112854949,74.31391234072386,79.7292098548215,79.79584107519014,79.9590360733268,80.16276011785952,79.09265155642603,71.70937185070031,71.19608830380817
2025-03-28,75.69833147286865,68.68146045650735,65.06445045868476,61.12535533889154,62.97716826303686,63.45776282831025,72.70825161330966,62.56665168757039,75.55292141649392,74.49035903786712,63.98231110652934,61.803105715129405,43.82060663774996,46.34166233745017,65.10453992400403,61.319243141545215,62.86458188700695,78.6442259144566,79.88809382628162,79.99461428385392,79.82968718213407,79.74704718536408,70.47534162489877,71.98261532812477
2025-03-29,72.80184423024379,66.6344177018028,63.84436401326577,60.6691486626301,63.37398630082113,65.28488653807455,67.27436215728623,57.83040397705147,55.86877308349527,44.17966878608129,40.37237504069969,28.839599826318263,25.216551346087922,21.187307128811618,30.094148590018683,41.375220352521126,53.114639261171675,65.77468675428136,74.71647706565503,76.5826701632934,75.7876699164695,75.6941481976733,63.411994029594815,63.57252881995017
2025-03-30,69.27743877325136,67.82279130752833,66.99913839688418,65.13004907649308,67.06678412339895,67.50416126384069,59.10155743025823,35.09872377828401,18.344086731238736,7.817611430679958,2.5275365251229913,2.2602264467150945,4.982536323884395,4.307497274404895,5.868380239155765,8.249485346035405,17.453744122441567,43.15289337852368,64.26186248655763,68.99482823469502,73.94638300239372,72.45391693302771,62.53643812848337,63.143539086093185
2025-03-31,64.4824611574757,67.2859053989804,58.07953059668295,59.33478887291616,63.88872980635434,66.23946560637941,64.04898576258643,49.16286233079171,51.57795787742447,39.690061503243726,33.61177960695238,32.46247514217562,21.52425805156092,24.475017243619032,34.60946553513021,33.067082945124326,47.15984754834492,64.08623067827362,74.46643858371213,74.76380071765728,77.00366648503311,75.57332121094548,55.08713994649246,49.4786474446147
2025-04-01,62.93106525103527,53.34374873531679,45.19387187513841,47.40197377926289,48.83494445577139,53.214109323067234,54.80487663223512,47.00987302361602,41.2817927419629,29.35856095981722,25.32417157690937,10.950528764724556,3.0084445415816634,6.587383791769457,19.59098491200533,22.318263156759638,36.09208055857419,65.8657810110274,71.60603651006892,76.66835778619956,76.7000514662972,75.79355301708736,56.30653582736227,55.41095481208978
2025-04-02,71.5089585847105,58.068581981361795,47.03425073570161,46.7498889808588,45.43881179616539,49.73801777141722,54.14578561303737,44.92148894418358,47.11426485499565,44.57931095104673,33.8777083155387,33.5200947664256,38.35439295041502,42.30171573425722,48.629292981911185,58.25814029674722,65.53178411263018,75.02884194189431,76.90227760417096,77.89944075585203,78.88299372373142,77.6840947537034,71.07092480254842,68.59993407168326
2025-04-03,73.61669920193656,68.66027747338153,63.91155484860867,57.58562345871128,55.6636176598073,57.259406221484035,67.33049381169111,64.2193086549474,72.05217435303672,70.56504383542402,66.58702812079548,63.19725756588544,53.676260288424416,56.75610101666411,61.40499752903379,55.56593075802352,59.61517980663861,73.26404490005442,76.23544774613515,79.46254461898253,79.47707121054974,79.12661448288678,68.91505144239648,67.74074000775026
2025-04-04,68.76050258370462,65.11109786697313,58.201808387189125,51.32743030359801,52.296684904475555,54.267227542425886,68.82131016034563,61.12805230084609,69.87790005629329,68.62572215632187,55.704895778319916,48.24917715060497,42.47904356284018,42.7091790214828,53.38426235721676,62.138999311269394,65.98759288234936,72.67499391015978,77.21268403963542,78.3281529997737,78.1379918517373,76.77493498643504,69.31353069796573,66.11371203872821
2025-04-05,68.08914710401153,65.24538652350829,64.12418899384579,63.16759210092372,65.27227788626132,66.77347220082736,63.55635034189833,46.421619540406844,56.58685065286726,48.26325526007909,35.5610654254513,34.56746123159983,27.04314216663201,30.460354299084983,36.23630841778693,45.04826701832697,50.619457005635496,62.101995361642416,75.4598376166158,77.91712703290158,78.85679624320524,77.83604013412655,66.01668774666464,65.48795304931586
2025-04-06,67.6946724688991,64.83650806886554,60.936922920791886,58.0348979737003,58.083256922311925,59.79324445170844,66.89403109832456,41.03933993447631,51.81341993746073,38.59421029645943,30.40117579458373,21.718024628858753,15.766841143422543,15.614398976655814,16.727592622098975,22.465959871736704,34.99788534217599,61.66704164462962,78.07630950831053,81.50539067242855,79.27719110193877,79.08511594130351,60.909337635438746,55.55482217985427
2025-04-07,72.97167682026227,64.4563684984264,57.41795790200407,51.495538672043295,54.11645461943202,59.721569354431416,62.20904872275173,49.90722823604823,47.77236100007237,46.00096436736316,44.96217974746846,34.416500796877,36.09588121437912,38.3855823134428,44.11453299131617,45.44773208916875,50.551700389691135,70.36126468693816,77.4000504768438,85.46524114166245,85.1406773980282,84.49387165877941,73.99156400939907,67.81965948797064
2025-04-08,74.63605670144806,68.12757925677082,61.6808588703865,59.15364961932704,58.39698434101953,59.66724344555256,67.22124961713965,57.986816345825765,79.16837205248939,71.7889542165349,57.98586273432666,51.0684519178512,39.314209157297,43.66275795216489,58.9582643521555,63.11089683252914,74.23816345133645,78.92250695721492,84.83503462692983,88.29682765126277,87.37540718209786,87.46669145628452,79.32274764705812,75.89781821831883
2025-04-09,78.89514800265296,76.71145997203857,68.27369045764223,64.24201588583034,66.50370982302044,71.6055663746607,77.20522035933267,72.89631841698467,82.31376987897312,79.97419940589666,67.89212584386317,66.48650481744923,57.29193065007287,60.517925050754435,66.23416770045156,71.33975975242411,81.05817326218981,85.63709130646382,88.13001592792472,88.12721322429887,87.95324053387573,87.88916676922406,79.58031558769125,79.50977342413712
2025-04-10,85.25563455237182,77.23970654962193,71.27686907899196,64.58056653012856,66.59481483900406,73.69371572821613,76.7488525766453,74.31915916033091,86.99765575641725,84.6951978077071,77.49072452810461,74.1091989923459,52.51627175439738,53.428873732181565,60.974471987033446,63.2204887523905,74.63258850780456,86.75110132207995,87.59197726477284,88.36802072685394,87.09765147412197,87.65121890406193,82.77489460262797,77.33505352624938
2025-04-11,77.36645388183385,73.9787379679819,63.234774564859535,63.21774860092671,60.76336117715625,65.61535723410395,70.85315960587742,63.765363974854765,81.84254285382191,80.03164073737173,72.13264322525532,63.91589754866155,58.82608055007793,55.997057977360726,66.26419236453461,69.38405714458433,78.22664430027487,88.80162935620899,89.7973540183351,89.75652828280285,89.1505203178123,88.79525744403028,83.34868781592792,82.69255138720729
2025-04-12,79.58729638383643,74.19919466162834,64.95855030027083,61.99606762170355,63.799379713883546,67.37977318337326,70.30123630659824,56.999166307663224,68.97593213870583,68.41679151448442,57.781922877827135,61.47688292385389,58.775312878661765,59.27912964869415,63.246168663426886,63.45158658388468,70.37481390964538,86.2574219600143,90.81170950875679,92.07304807007287,91.65248677152894,90.28061885842875,76.24195893162273,74.93437514315993
2025-04-13,85.66691497946364,74.48472368173545,69.14286651994965,63.29850771399409,64.28633679939604,63.694415946807894,66.09664854482953,38.25926587395927,34.737640142202444,36.190702753781274,22.049380972675888,15.237121181208456,9.970577868458951,12.454903390176549,12.949946757653148,30.082570719945878,40.34333336119639,63.35448670140228,82.27173374807101,90.57466126825007,90.36342798310265,88.44071950947105,79.78454320075136,72.36536162230703
2025-04-14,85.26224503874685,83.46936099882444,76.03440021172014,70.1498938673585,69.5321814371593,79.78877499348417,75.29658480881463,70.03001696412437,81.68765453924401,74.75045126544472,71.42368030569993,68.72049329806381,57.50672895084737,63.67359075008596,68.49064575445747,67.8612141375664,83.74780678621129,84.17333871128403,89.8129499215199,90.81069211813926,90.8632452002404,90.66791106305092,90.80771167173711,85.72479704004188
2025-04-15,81.02209652447152,77.11725770994602,73.92834962975793,65.20465772191365,67.47504470408724,74.50092453600531,74.52280370462522,75.26907755480764,90.8123263576761,89.9811957250432,80.33152143805091,76.40563519532677,63.30924453533154,66.96538795824006,72.88777045681537,76.05996482475715,74.25676442466907,87.87251238451707,88.37171176068588,89.08592694690464,90.72116776058145,90.02399191459381,85.2319918698388,79.6451083897128
2025-04-16,84.21809043776278,77.93497559458675,69.90382950999074,64.88768311907964,67.38204012806402,75.9802303037332,75.61385955755406,76.03493737535857,90.870197163493,87.89290422397436,72.96953156789536,76.32393061721207,57.41618817517114,65.02218666304378,64.71213175257063,65.92278384226658,77.0834159891622,90.10313655547101,89.74147090869187,89.20241872885833,90.12773032522524,90.17167959561918,89.05021182325828,84.34208483841829
2025-04-17,85.3621924591992,81.84222193472007,77.19575354514167,73.92850637135297,73.45835248544033,78.49592202743655,74.88728892423275,72.59711320091607,88.80071450314801,86.0027310533438,79.91182578446265,70.96226640031621,57.7107255688285,57.1919401107963,64.72994185059673,66.13459287146347,76.2032156469474,88.30942040438259,89.70667598792953,89.66961352708874,89.86566068314096,89.84855075311854,91.09602123661335,90.92686252101635
2025-04-18,87.84552208522389,83.30880906226554,79.60854501177542,79.38306080911578,78.79880798074629,85.02051604384874,77.07181298382059,68.86371563350653,80.559684821114,75.86509753796726,52.88435474071735,63.407499217294124,41.89816852033842,44.24251880432933,57.363300616544386,59.08551109818179,71.27988362895155,82.8038147015187,87.97969646949804,88.29952131132144,88.61241051549389,88.56668294189093,87.19259762675682,84.54224193741635
2025-04-19,86.48931051128301,75.87085244850445,72.07460160827553,72.12834958915147,72.72438282537485,77.51353078076706,76.95572540446354,60.69991976040921,65.65562869736583,52.74583354641916,44.19906317118215,34.610570344449094,27.06862108166322,31.970597446866684,33.71947501920753,41.762347672949346,55.9962880090275,74.38040503935768,86.39958292809945,89.88799289449456,90.38316868690204,90.36733852629153,90.71460370783453,85.87696832097159
2025-04-20,84.75898368656615,80.81086657283375,75.75086283969986,72.29276484188325,72.35308907364693,80.45293850263333,75.86316965581578,52.21980947350269,44.834526170288946,21.177225406594438,9.55133893358498,9.2651880736065,7.834737333811786,8.87211886527773,9.887239460323313,10.143680507592908,20.72181734427927,53.051899618609475,79.67702476545047,89.41863214114947,89.47424453860273,89.69818895756742,89.37278865995002,81.15203891787786
2025-04-21,82.76355773559575,78.40252216060573,74.25369430517561,70.58546911766771,74.08417606676318,81.5893830148691,84.49332359967894,71.7670985987599,82.85207301602486,69.21773495333048,51.23963991559947,57.676101362344,39.370292661066756,47.43888640459197,48.14203966444787,44.56402788207944,62.08296195493858,84.30390395785014,86.68263848461578,90.54177750393502,90.41217873518006,90.34287889925497,82.44356985722018,78.48042207671723
2025-04-22,81.25793013604721,78.66466626273048,74.0337589912825,73.33590968334687,75.21261679098555,78.81246135388427,78.08967943831954,71.51312203220992,83.90373386048797,80.71332909443477,59.65953460438516,55.63207699856302,36.11277031972982,42.24124581881147,46.708398861182005,52.600111875494015,70.28481564790634,81.20617239698578,87.9146950357238,88.95182532026512,88.89026475804903,88.85885484937094,89.49138202052066,86.32342277562947
2025-04-23,82.07281888570469,77.15146838704713,71.38765052834522,71.73872874763971,71.2435862101305,77.79663052372932,71.26504762966798,51.57893914903227,70.93821599155225,55.230973840107865,32.469320967951234,24.987810572657214,10.230285878718433,13.62293173172775,22.041287231003906,28.357458980075233,55.036426287421136,68.35766634967369,82.86605999898174,88.48720219120658,89.06814999916534,89.01551490809213,89.74575757952724,79.776808732838
2025-04-24,81.45696725983383,78.50264020005304,75.20243094906346,75.32401553098914,72.75047050749563,79.22950564950271,73.02358155149163,62.63445864516651,68.03206419480637,56.62860162533587,36.54745255939483,32.68832735763832,24.926666884197658,26.438311794861118,32.09908003606422,44.64490141775772,67.04452079800132,79.13777017093044,85.51126618806803,89.29195159183716,89.24325723239089,89.55986561065056,82.31054989018311,79.48203350190461
2025-04-25,82.0304990394036,79.44094958725042,75.31171015045066,73.21825431674924,70.37483582432698,74.61153672309544,74.06068752123888,66.92789620710539,83.7555344565783,74.77798827327997,54.37303389508962,51.804237774827776,40.40393855372767,44.83801514499595,58.058670668289395,66.92267738229967,73.97221309439256,82.3840012855755,87.83231751512683,88.86880312654726,89.00413674864731,88.89350286353444,85.53277354658994,80.41014996258536
2025-04-26,80.8736499985024,77.45925807032017,74.58358684921724,72.8566228524919,71.2397450482842,75.65555055094065,77.33011607125296,59.84013342093547,72.47934861198355,71.35055296223989,62.969210593189096,49.83629327011342,28.584707954636887,31.472780462810647,40.26656731902207,42.79198298752633,58.38712376451924,77.8899810274719,85.2119328854549,89.54996836494232,89.63363245987607,89.38068499600186,87.70250845335757,82.84586208113782
2025-04-27,80.75737161913814,78.53962993897332,79.65347068394077,72.5899897349863,68.76617822999738,72.36048183939015,72.79295450603999,39.5979462686662,38.581071265561754,14.323022944068612,7.73099022367497,7.381672607253456,3.598086593667534,5.582380242499367,6.111902543893183,4.441464977424667,19.70487509854957,44.129234200998425,74.66610249255123,85.43912813723497,85.4796442849559,85.26678488965999,80.28826116630282,67.199959558512
2025-04-28,71.68431954760322,66.10976909527352,52.09741420643326,53.07975758102612,43.16872432183251,49.1607476603017,58.72386128886123,41.47060302722223,54.13142975373181,50.03984421503408,47.52069761289537,42.79060920441565,36.29338879471572,40.3760056698623,46.97593336635421,48.74880195640193,54.891807752511724,65.76760756557789,81.2917160633094,86.61958242384995,86.3171590134377,86.37465632919223,78.11202443600561,73.55387335697773
2025-04-29,64.87838160994743,56.39901161184757,53.24424177615764,47.75273666847135,47.983401002136745,48.17316395830067,43.76840863420135,41.86304511214053,60.68912484918336,45.28599332102192,40.97846841264918,32.762106572043486,27.730601598948372,27.219381280553478,32.1732352782608,34.38523523843223,45.55681500054629,66.29450579042586,78.36691237866538,85.86857262351195,88.73932628950824,84.42615165313698,79.95530347308711,68.37969837896014
2025-04-30,59.34853134340861,53.735198167173685,42.420704009829656,54.39766534790314,40.02587029067252,39.78506234279858,38.98257633832482,37.653436777841854,41.70584284431492,36.13667597757857,29.13584946104557,27.74863365595184,23.76173092682129,26.381041359572787,29.449038446201836,31.63141190055209,44.95998210936494,66.27656013026632,82.501914677075,86.89878978267696,87.10937651335588,86.89189125503947,71.44466685515077,67.09519714759514
2025-05-01,73.21348025555967,67.72502777850002,57.766094257051876,54.42742617985964,48.372021021174504,48.96522290314984,43.081396365735806,32.61778670932135,61.082721779192525,49.18310006432573,23.261878506787664,19.49378142357519,17.894657329556953,19.197101586531037,26.475859123491087,39.00903016406701,48.70928298190163,76.9230222378192,83.88789267572085,88.58415379797853,89.3446624967244,88.99569991192998,79.72909154075202,72.0076938637735
2025-05-02,73.82545714538195,70.26049991808148,58.4539498124798,48.885692031930766,50.70121792069698,51.48885424166919,46.90824041366301,43.88566642663181,61.03660305973785,53.57978478849095,48.98654193231139,42.68869396796376,28.77673106068985,31.069094747993105,38.43450180751015,38.905904534606826,47.31721776114443,67.52768372981446,82.24614329458862,88.53872925956047,89.14577717228589,87.33004044864123,73.49130870593989,74.3310972058958
2025-05-03,81.78695068916178,78.5225164575884,77.11344511027079,70.65312316756793,69.58901150592119,71.58115026242444,64.25650344192435,53.07906561121667,67.13978820569098,60.08388682717235,56.50116389369368,53.15246458062689,29.484488010884228,32.12318395197404,32.50084747729811,33.11130605070818,49.028969611612894,74.25581330619265,79.44861792182554,88.35235024060722,88.56008768876599,87.55523737141809,80.7233089940481,79.6942020120965
2025-05-04,81.34721961436595,81.43991494608036,73.0627255107618,69.85989981923247,74.14285370483364,74.04559838191659,72.04555807845576,44.936800729990125,32.704179988831406,22.80142406139112,14.029665491548462,11.377834516929466,6.983173451721228,8.744239689968984,11.520037821110964,12.655680878259798,21.850932110503404,62.63990568343274,78.20922760841104,86.72953019315403,88.81227058480265,86.47927644378869,79.32247812738974,80.10051783926455
2025-05-05,76.36312178123617,74.09666837770061,66.05925636575896,64.7586007126508,67.37207528515326,64.59549665184993,66.02375666765612,52.31182765409976,67.44902331604487,58.11534436166082,53.33632425097043,50.108541741725226,38.663816872965235,47.491669149107516,55.51543827444803,57.25383194490781,62.157484824240115,71.04427924000589,81.60424389173272,89.43585127624503,89.98133525173228,89.97958619417095,83.92023422754302,78.22949891379271
2025-05-06,84.47024225795032,79.0353585619157,76.14077713293895,73.04862585068847,73.90702712686509,69.79800613010147,66.98120117715753,50.32742629481542,71.58796470021946,59.37687100352493,36.982180939625046,36.0799891220354,29.604019462118313,32.606830073970734,37.071402951013766,35.72344330388993,56.92749558155612,77.75962659165155,86.02597963437597,89.15218350626748,89.39094621251728,88.35047162668886,82.53900207431374,77.98915063373389
2025-05-07,79.9124440136338,76.94130054056635,65.20061242053478,66.44793191575562,71.98541934175194,73.4597625538852,60.84878807245033,44.35277554616441,70.18220164867046,44.0781616189305,34.42302602252672,34.59305964449848,23.977358430596396,24.157530312578494,29.705070169258796,28.81974027506053,40.757593864511804,74.22193933621564,76.0569685451413,87.28513843371555,87.37576254423517,87.21254426714849,76.54838088486248,74.6137752235978
2025-05-08,79.52775429979435,71.96988737749757,65.35071873138452,67.6373808215291,67.88113514867385,68.43774406137722,49.39363091195529,40.473639810672665,48.687356095950115,41.25977831429255,30.28283844011886,31.599235867978866,24.889590990907564,27.614741582962427,30.678873206574572,29.671664560869228,35.094091184082835,64.86209731060724,72.00808249886167,85.92404809340931,88.13956959359717,87.86892884957425,78.96867207178897,76.29889490020642
2025-05-09,80.42212462000411,76.04575468548829,71.64895569604238,72.18505005706008,72.23011181370377,70.24622761057334,66.41363466198031,64.3850228460413,82.06475641061799,76.60260883209853,58.158926810220244,55.55255037165425,33.99540516297704,31.99610320841874,44.04606394689491,46.8548271028504,63.31177903239981,78.19219966855803,82.09133885393443,87.6583501721422,87.93651009598997,87.51642704110215,74.64227652308928,74.15973250275857
2025-05-10,81.53416570870662,77.5522797682948,73.90494031553553,74.38046673224964,75.6830427984171,70.28773771377737,58.62751197011984,51.81263832681096,55.648110454274686,49.26830035657314,39.54809036180875,34.49436730611545,23.036721887708797,25.680217258577173,40.18786442981324,44.40999253228956,43.98110221070017,71.05609429223684,84.87521540092918,88.65973083246772,88.85021449210322,88.49022271190323,86.47629897913062,85.51099789394519
2025-05-11,79.05170775686466,77.51396253282181,69.78269601852554,68.12205088075234,66.356965037919,66.03136675760932,59.55942623122406,31.255890338502635,13.160837613941265,8.56507587573487,4.493054174263819,3.001470923290754,2.2657479673905816,3.108908650090579,3.607268550309868,3.844476799284797,16.498126921105047,35.16913302446794,70.41205284523855,87.21158817236977,87.31710692166706,87.57957788858904,83.14392895717884,79.79305378170952
2025-05-12,81.48805926291647,77.94751089887473,75.6538718436509,72.86774837409834,73.74858657004268,71.25513716377051,63.73154344193685,45.05905391699804,81.42650499953142,68.94448392567439,57.68414675622686,52.762899328475214,32.44033182734279,36.802312538987266,44.882098799254834,59.66888061194496,68.07623908569751,81.32672042605708,84.29437927984932,89.36062407685597,89.28191991006335,89.44487735064158,87.13513397840407,80.91051297531848
2025-05-13,82.04684935484607,80.03722856691847,74.40861958704895,71.4486747034851,70.40665408831683,70.33764678070858,63.226812895587315,45.630143641257824,74.77412827386203,54.37869523109911,47.64401391998294,52.39900096134464,29.156715346037092,36.63874362532642,38.38953497846537,36.21708011269002,54.7802866734663,73.67014912299705,79.00347021754234,86.66383675973353,87.74572697054921,87.06821692022186,75.72187920765764,71.28973544037352
2025-05-14,80.27979411717727,73.61170415321425,70.08416449270402,67.98101376194785,68.74058641727123,63.79673412570108,51.14916890619637,43.59874919132012,65.05779153754874,58.764824853895874,41.778718995200045,41.2274180109978,34.64712971876979,38.295390579272556,42.95281047456673,54.39815798681802,61.00227041587101,75.62841452698446,75.27386025254012,85.43890173374979,87.45541087800487,87.37535444689638,79.9577178871034,78.82522142846781
2025-05-15,75.10855880255008,74.19946994908871,68.59667650323296,67.32228638686345,67.45000237004291,64.49291891647304,63.296514324489614,57.63813887246756,77.39940818637201,72.73657068764561,57.86084061288012,51.71712131974991,33.122356422416544,44.370416140351445,54.985858431757364,56.740502885006165,65.88406907213012,77.93199555172744,79.07727982512893,85.78311157052991,88.02165894874905,87.99738903300224,78.09310873341998,75.97639378384973
2025-05-16,80.82798434295465,77.75375308945597,74.59876665468907,73.99559662951305,73.97501880391431,70.18018807428535,62.248846029836265,64.46445913544204,83.45683892046885,77.4984294831682,47.65820554217402,39.809374776488774,25.86489846632786,32.24316007582189,52.55580246379355,63.77031124938899,63.10743466161681,78.60047342137955,86.64649480267774,87.1298933165263,87.47494777300206,87.40619695123515,86.48791792081589,76.81941580566968
2025-05-17,77.65858837722875,58.216102686138896,49.14843113873113,50.27624200193808,48.165539554973535,51.21577009011101,42.286467429575524,26.636180657122896,47.60092625413916,37.63726716991937,16.12410093446957,14.796157959886902,9.21078424476611,15.568341214844958,17.006968314606173,23.254416564925204,21.55497678389058,68.07542177248429,74.95374566927792,86.56384012592,88.18689083553406,86.59818085816897,80.50924367407207,76.45512881225261
2025-05-18,77.51185152995569,74.98012772054479,70.8252030078726,63.62184993078775,69.1541810010304,57.9708548911687,38.86704958919378,21.48007351990294,11.919538779303691,7.528529027877754,4.172936830132411,3.046571105517513,3.6377201230970786,3.5996217010089886,5.602359231393908,6.023854090998955,18.209033076777988,33.92219351386641,73.27072916385968,87.74053709245977,88.93603922256905,88.34292179253072,85.54619407731116,80.7328613840111
2025-05-19,68.92421831718707,72.98874912560692,67.16994775194337,68.56692995891666,67.9891642371733,65.2178370291158,54.115548204641506,33.22003076619038,50.88995357318766,50.56825862101707,34.1252512500793,37.89585024023117,26.66567379030818,29.913701844710594,34.749800594003005,41.02836341954381,51.37908298167295,56.9354563446537,72.71045282528249,86.58947810145744,87.17032270823191,87.46246384354824,76.47688156927605,75.73566843535858
2025-05-20,77.95139519311775,78.58123090046263,76.30173606033686,71.66169299689652,75.57938998835823,71.3368812050396,67.11634144133339,46.577763901606836,64.84638559138318,52.969055420828376,36.44677256926785,37.20328489280254,26.43684448130301,32.00538363265129,37.261947510143685,40.331145447133366,55.490970111476834,74.25321876506912,81.71946730089702,88.35640651666289,88.52331612188657,88.43353521905946,84.67791888979589,76.84344727977499
2025-05-21,80.0290453541442,78.73076813243425,77.36277562958976,75.7301115326982,76.0438045533948,74.16016917121821,67.67852417887288,62.84895105953139,74.8306938532431,60.48955573861061,38.12964195215505,36.37448595406232,27.468945243680405,32.32669295075433,37.095552046043785,50.78242935670825,66.9742352905694,80.70798171773025,83.24424739686576,87.88821614112133,87.96161978538034,88.1724195500047,81.00676860167985,78.79156591652321
2025-05-22,81.56670953868712,80.60937262434504,78.52466454013037,76.17167706701338,75.55775319362522,75.58848004712067,73.8222523144436,63.88593620812813,83.54243806819854,69.43014724289415,51.30468482634158,44.059978257580624,31.255741560707612,33.45677080838906,44.81250041484269,42.83449499641976,72.1427622725142,82.54852481777091,87.07244221649773,88.03576521729406,87.87292035547485,87.7574885824058,86.89385773381521,82.82528339156885
2025-05-23,81.28077091856429,78.50343972327522,75.71132066893328,74.08835136024486,75.34281608696934,73.66328421626163,65.35281675010263,47.58585633973815,81.32037694630378,67.92718706825912,54.35295793033042,56.867763313594885,30.782216910471192,36.98689387377805,51.84322818569347,56.050603211661844,63.85040931849772,82.89876730052774,84.57654896549943,87.38738850527763,87.3105698241367,87.45623638610148,85.67914383122974,84.02175137490985
2025-05-24,85.76581894689576,83.86886852230045,76.12065416985253,75.52564025635698,77.3747233629739,73.20774346555832,61.28438343132023,48.398532142277915,57.520836704176844,50.65998223624951,47.93886619375133,46.00107652343228,25.134594632632165,26.110758791708424,46.5766465747631,46.508553704384724,55.307346369134955,74.87554008727257,80.82679999737512,87.80714035581398,87.97619503205601,87.85710054422043,86.15297112952095,83.25970196543265
2025-05-25,82.72801540964049,83.75518571042528,78.82774412097044,64.48007149842572,73.90136586919897,67.84022995766567,59.87031515361979,29.26397984393319,18.096864454207658,16.68727562616865,1.6105124227604863,2.0345852581492365,1.9842285158940403,3.8558425650056636,3.9097703060154347,2.437832108404182,22.427697749627825,51.347991810062105,73.71089043373853,86.52642306219656,87.9775966799889,87.99687150195135,84.26325050036716,79.2145370895211
2025-05-26,76.5156695268621,75.07731796088194,76.18357433758935,64.05473727969174,76.27930989888844,71.34578112321462,60.40815944647459,40.00820825530772,52.4518883665884,51.3293901687577,42.85319489303491,42.492244603417646,33.55171399116573,35.71604258355259,41.00369311396063,46.08304837010883,61.93008969765596,74.33465834671934,87.6048273251115,88.64450843682883,88.55462113931902,88.45545002891998,85.82753383669018,82.92655665892316
2025-05-27,81.07535544645664,78.88451051124355,75.98097687526165,75.19855993994702,74.52977865971538,75.7716270737801,71.39507326591064,69.83402944281103,84.42072550187115,78.75068725372128,64.60243823562425,62.037089041923586,54.07459205580333,54.155947694812326,61.13940273360052,65.13001737796131,79.19448145654214,86.69987370299317,86.49812690731012,87.9069020741731,87.81571016770411,87.94711718876195,86.2318470856595,85.93233871586905
2025-05-28,85.5410675274163,82.13031929765108,75.44422652484165,78.28973824929388,79.74841834398985,77.87729828110133,70.13495988184158,57.67603242005709,83.5592625369762,74.38563356984008,69.57416343956831,65.330649981107,40.97973051563872,48.87014921030889,69.91794941131276,68.77373349392032,72.6586231080983,85.06544047231334,87.79777076647937,87.6644137971027,87.59708073031764,87.50918553056538,87.17990928344996,87.19831757458327
2025-05-29,85.81952433985214,81.41670726896479,81.03151737628139,81.33968737028034,81.19798862299815,78.83949132634501,74.99839992520377,71.361918481592,85.3763230339585,79.8857314562514,68.1990509351547,67.13648278468266,52.29374684651331,62.43815603166533,71.07864232176932,72.64421974927424,80.20363197087771,84.45612579585328,86.25290248298806,86.63811528590497,86.23375536782937,86.44457658569421,86.42360063853148,86.61016331397147
2025-05-30,85.69962430711767,83.1629120442975,81.47540605884642,80.85846525077388,79.39536706592875,74.48333907049297,70.83153100328371,57.23467852693384,84.09419051070823,81.9224635842135,57.247411755465556,60.325427040781,37.19898856745736,50.6983759243765,63.82664980275439,68.9753522718334,75.16837940617236,81.70293658645767,81.55683407204727,86.20486520536788,86.2258046413063,85.91634103717712,82.42013081120575,78.07878173360173
2025-05-31,79.77135193858209,78.71461640252541,71.5298630110193,69.66792891016456,76.31043695824837,69.86483542693615,58.75252954567464,32.148156211310834,50.624911959775886,45.35767595939399,39.43550288663948,37.37195715548979,18.426022576366933,21.100847942075614,43.04179249347781,34.81287835084264,48.70209010142884,66.62246833628893,69.06503176915402,80.88364065317438,85.44155971837327,84.82652700607366,76.1004212703979,72.51969864231519
2025-06-01,80.69203602477944,77.04265995473143,65.25227392105104,66.38600662508564,64.35810505569137,63.874981055524124,50.2589149306649,22.11943933382234,5.406828393681678,1.2885363136612265,0.39510950598175143,0.8484379136376743,1.3394512296868524,7.277732449817257,5.869533943778848,4.054820253716045,18.44369905877257,40.40404986974225,68.23847504837512,84.42922078110799,85.5309623999742,86.14180174339266,79.03223648147879,74.78240697815652
2025-06-02,77.51662442259281,74.13394039514387,73.21846015985876,72.34316050219022,71.53800618466961,67.2933579946345,52.70245604783692,47.5152633407294,78.90470321844872,77.78669548820159,73.87572614847726,69.45711454725647,59.24456829627473,66.73666846100741,70.85577747313191,73.16521310100455,72.68136007341218,78.24595254217607,82.92782688141646,84.8200058039712,85.51776957929283,86.41635143845704,82.94152406206649,81.82159868282903
2025-06-03,82.2413520714466,75.36163258882443,74.86274173204731,73.15031362195663,74.80828751190334,73.8685692303778,70.06993713747943,61.09513743550771,80.80057277411706,75.65453473297646,64.91411070831997,64.8123683765994,45.05809530182427,55.091388865132544,65.32346038821298,64.78420033867461,70.84319640788762,80.17532777675854,80.61197770707885,85.14145589142542,86.1811353301523,86.2415113257511,84.46246511760528,80.21591915391451
2025-06-04,81.02175194300895,79.9946513768097,80.88434306421547,75.37948893612494,75.86158792502049,74.84801925009526,69.19707131113712,66.3133217818423,78.46452540435943,75.27383398499254,65.94626539300498,58.8170328734069,42.35379887988198,54.29639308222769,64.02044231620249,64.28599860195844,70.51015891428668,80.50246875573814,80.5569476633675,85.22433215228415,85.85305775119302,86.26717243829823,81.75189624485661,79.77974996493069
2025-06-05,67.02768624811125,67.54465445047356,69.6634651782537,71.42486012030912,74.10455459187803,72.4957180377181,48.82208269617864,24.44508392933669,40.82515199185076,36.65694459283785,31.55609977489833,27.66416842140316,28.13335231842602,34.228940226936245,29.41982250128677,29.244603032627392,36.36624380963832,54.20670865266296,56.673463887746244,83.0363502861789,84.67891581987823,82.85746870877574,64.46531608805016,65.29839932210294
2025-06-06,54.47218750936327,54.769372840823,53.29845354526689,59.69911084711725,59.67814867507452,56.330887987488886,29.90573065082814,12.402410410455039,16.424926239380007,19.648577436866603,18.163208504754188,13.763521336426514,7.941488046131347,9.87713755572204,12.182931508338992,18.219336049159036,23.43736358565606,26.883633699340606,38.17329867286339,73.18288644644774,78.39375104655673,74.53074854183718,60.12689035924182,35.05529608465021
2025-06-07,46.79326333032306,32.21109372918032,30.89539408430838,30.853644804148352,28.25282638596239,29.870814070192278,16.25953776295887,-0.819874230164423,-3.5615080340926144,-6.526261665720625,-4.873931451219609,-5.639766509277987,-7.542617883777061,-5.23716891559238,-5.444215395470722,-5.338564872074382,-3.085200496602094,4.153123316598106,2.5706549124488123,43.330420710904825,55.71968488590078,54.31147500007029,38.98263950848249,36.2066153857185
2025-06-08,45.00314673725128,37.886597787458385,41.4019077289236,45.87400519254225,45.50123069673771,43.18823968115631,21.333817390922327,9.163159437529195,2.6870331361377,1.0962654878168359,-0.08337898973579318,-0.04133671896239882,-0.8947845479849788,-0.5724915103364752,-0.7985375406020392,-0.8576222811514917,-0.8279567442956344,6.547167609038505,23.687032952048934,65.72228539788404,78.76782295888394,79.10966567428133,55.944509046750106,53.05247674649149
2025-06-09,51.58938243215541,48.52320171445978,36.48599156205459,43.946662013398544,41.288828921459185,44.29150525814347,27.87829210869299,12.712296065113724,18.42592919962605,8.382177086002264,2.6167261739589023,5.604323294533058,5.79260095272289,4.447585375374367,3.4696333997306033,2.695396270238497,2.6819805380707185,19.29994484601074,43.29016085310882,78.9900045308159,83.52050875778431,81.24538090891429,54.93296848350166,57.4338878840632
2025-06-10,71.45215027452497,70.58370928545916,76.07120792963964,62.88829318603402,61.89576859414111,64.78271487746673,37.79004985164192,18.45847650869743,24.658007683228398,24.901749188890598,17.93759565167954,19.047360547301096,12.63058743234806,19.768097306856117,24.126558903028624,20.561208804452086,30.743802588318243,60.57128473339468,65.26617444423543,82.97678470969625,84.46574957111996,84.81092672650011,65.8094863237149,44.10054652841091
2025-06-11,63.3620157004512,64.1922951568973,60.337539318325426,64.25334057889252,64.42026791794284,61.899943281449616,39.119116431824715,31.328236667852206,37.71771338755963,37.70183239922299,32.00768655008348,31.66669988131166,21.24538260509699,26.00658780122966,33.7643831415136,34.90865140941756,45.02487988463021,62.23628246170988,67.58748668400196,80.80097275799278,86.00483713772523,85.12289732900679,76.86084416193289,68.9657935037198
2025-06-12,75.32549641576513,72.29317197239004,67.62557534587059,66.90839205954254,69.94441414915717,64.36476216477375,45.68224815093489,35.79109683300986,52.740483377286836,48.63788883604064,45.73508788014396,52.32296507902284,33.47617080656242,48.11162000237873,61.72039003157211,61.61406058735966,67.76852920832903,74.13030719027245,73.81514983612,84.5986487854364,85.46406382287151,85.44203729804919,77.95069537586065,72.78614560911542
2025-06-13,78.38173977958027,71.96217326907288,66.53935017155959,59.37065110960848,65.47238551069138,65.62809954766787,47.712499779981904,41.73543222784434,53.71326441192314,54.04201581645886,48.679799419025784,47.84770082785054,33.54314269546913,41.17159426449566,61.612949785585606,63.529624169904814,66.73478347468186,72.01509991032668,73.24785835696147,82.52152263545378,84.14740458413024,84.48756664972916,72.29424602040405,67.10045506234094
2025-06-14,76.81474737220243,71.1295129955418,67.74206788546549,58.80752202395209,68.45513466975468,60.42402536705131,47.76090034434478,23.536900625343232,40.729612427079914,27.939630887439506,16.762816140402887,19.341067355470766,7.972464872853444,10.153020599383998,38.1676683957293,41.099720032331355,42.11282866639899,67.40660221156503,69.82308384897935,83.9059053601252,85.4071638131066,85.33348362878841,66.70115094956304,62.87641586279743
2025-06-15,76.38263726021458,69.19856329372955,59.528938993656965,62.424211694299274,64.25011169238675,59.71603596968403,37.52003440430533,21.39373693068382,9.452385750939388,9.145580244059047,8.380660777462175,9.65819605282179,8.57952258663981,9.734411472479978,10.147638978951692,9.731142096502166,9.695889344676482,28.56242946904531,57.791596932707655,82.46762030799586,84.93884670947709,84.94465260267987,70.61634255676772,67.85376362558999
2025-06-16,77.56625998781662,74.52210941979482,72.7004012841169,71.52021906557817,73.71437949411697,61.68509634932581,43.977148710995294,32.184682065263914,69.97496315505808,68.6220931686931,48.43526913824637,49.00764574202308,20.800775015372075,24.770331134247833,48.846364008519565,50.10393764004135,65.74838069540714,70.80596640305785,70.03744730707383,85.37961240874004,87.55333055390808,87.42538665954461,76.17087713872755,72.52417770181316
2025-06-17,78.06290344154921,75.02760626459367,69.35172731425202,68.33755845149763,70.90394219402405,67.0416542187519,50.92242672485437,50.2886395237391,62.10372744878425,62.25603605375687,47.492510198205096,43.98225020496176,29.82447466168112,35.55222202523768,46.180401912261175,49.06783739989787,66.5823083364108,73.9374909610753,69.22987846418737,85.75879844295017,87.31913769560873,87.18075073178736,82.2534635461844,74.38508541446936
2025-06-18,74.69094162627417,72.41664378241202,69.72536616348546,73.71434452124922,72.90269011780434,64.43489879259681,57.71473956345491,37.77104400306996,61.83721096315962,60.973763709714206,41.14550341558579,40.844208964811195,21.11950525241887,35.55468719565913,43.16312005324394,46.19519767790691,58.52516084904011,67.53962331416994,73.21540308299082,84.23854342534037,86.61617328798312,86.96416516029107,77.86578585439923,76.99283630917921
2025-06-19,76.1218460026485,75.04486228087544,67.19570475110339,64.23910436238022,68.58317375055591,62.992926243384396,62.113015440604485,38.50581285956944,78.55851488383531,73.37593565214091,51.583440095197304,45.44686773588602,30.495959501635106,43.230798946599165,53.13811815411547,62.663287878548736,73.09542965599704,77.55645228290575,78.83514237983533,84.13209012593583,85.97376901835815,85.81777480087035,79.9899951716373,76.02201654658967
2025-06-20,78.29690371518065,76.20318505104866,73.65676147841914,71.33263693907372,76.064549554645,75.03703866747372,67.41999800939452,49.097210120053596,69.95770545231741,74.80495876303456,59.660207876187364,65.49509149453725,39.49183770812403,49.650180139156646,62.5052211605907,63.264290732404575,74.32747563072162,74.68919785602779,79.79042188144392,86.25432577582016,87.09194731911393,87.03555090574076,81.47596500270522,77.98109536171302
2025-06-21,80.94827845627692,76.84994468969153,73.93358804484416,73.06206848416399,73.95204312974144,71.7570270454868,65.64051091131854,43.068097497295405,46.539819444089325,45.047583181271506,38.4191130249202,33.0350173701424,19.021612462644807,22.803966819106204,40.353291402614154,44.03267230358305,52.04575116916141,64.13659993553775,67.80083334589085,83.50885737891315,85.98061777779157,85.40740319446734,73.23747797950902,71.63084995648325
2025-06-22,66.06588745873634,60.17567760462281,51.45645349676138,56.70624957367877,50.60885856482029,55.96843918574425,31.164038035543403,10.136047850787309,4.7988992397624495,2.816575913818702,-0.20616313924683785,0.9545579155510774,0.17185258044626014,2.2670333588312013,3.41712299893922,1.8171256771135122,4.451007090566644,24.480254278806665,58.387337596610884,76.53923368074341,83.87623969602568,83.89390521689464,70.87720646330948,67.78839503441314
2025-06-23,74.01971248685906,72.07251694532172,67.4078735903119,72.17667637848452,72.61502813369785,66.71496377308308,49.6581263621492,36.9812313844323,52.80473720954466,59.5851917356043,46.69559761065629,46.09705090778322,26.622879164221416,40.404568539055006,47.552238658204544,52.78213673285667,67.84160504906554,74.01436950623858,77.20100599761707,83.09861098552629,86.2903243258861,86.89297122252772,79.57940420262595,79.52083402994374
2025-06-24,76.58748176090026,72.30015829157064,69.11239257317882,70.46758897570525,74.76474933156003,71.92654659438533,60.53127861116015,43.639935351453566,68.41893507844398,66.81410926171675,53.225913420053956,54.09768574277753,33.89156481408084,40.55237002417148,61.78643278714081,56.1939287039837,66.7029616175878,74.25169733149663,74.63456266664546,85.36453322015937,86.25621096430054,86.3088189464764,76.78777874349097,76.19390243777698
2025-06-25,77.29461087801262,76.37543279158848,72.53130460231137,73.21362111128687,74.40126144500633,73.6722476152198,69.82924099649965,59.568258831239085,76.90371975908107,77.32199158338553,66.38646614375845,62.15737362974067,42.04410756088295,55.69437877448694,67.42208362892562,69.79318564338024,73.58884469406054,76.74693984111292,79.03982546035682,84.78884911045911,85.00769908895515,84.92020650325034,80.96907269313837,74.79059031864814
2025-06-26,76.11200548348778,74.07339272572581,74.20985329776802,74.66763512445665,73.74138146974923,70.35223110020861,67.21307717263933,53.0631727288367,72.01462619794326,70.43793606004623,60.61340812102715,63.78413473175174,44.0753536152911,52.59718321749207,70.54807423140873,71.6982685422607,73.94420670747479,77.36063723928491,79.34873727330533,85.86385808592107,85.79431141271142,85.71059192791324,80.15255163778542,75.21493367545216
2025-06-27,77.58190107473955,72.92654482936071,73.26085620902958,73.02493009458068,72.59338337454597,70.10934711777037,67.92564187741998,50.657166343514916,77.73719757251342,74.86646486072253,72.79676268082825,73.53482639336617,57.43249419648302,58.062938799210606,71.26606828815947,70.68201331282155,73.32430069585199,77.91699193579343,84.56691634610563,85.8439154201497,85.46473048453522,85.77721523872094,80.40953702392707,74.41754757749464
2025-06-28,78.22333455667926,75.49515516366003,73.80984586088796,72.449924672814,71.6460485104481,73.16578377717111,63.492438856123485,28.632629244711293,48.823958945648435,49.28365744959942,38.74924940004364,39.712381146829316,17.356159330216222,18.934320109073276,38.84681382287086,44.38125067265425,49.550401421194145,58.73363435745269,72.53291561908927,85.05553545593766,85.65458166596368,85.67778895800603,80.25271954505948,75.32961809443691
2025-06-29,74.49459285405217,72.64013971912252,69.19878169249385,62.42244337699573,59.60195790592363,57.05161223349212,40.3206354068716,15.787919078728168,20.5605170265714,3.918293973444983,3.5847219228200164,4.9607289399702985,6.900297752740481,6.950715458725108,4.874510481091719,4.798793539425874,17.55656342465169,36.14103790460531,60.488161649941965,81.38017010340663,82.8550560669128,83.05950020171058,70.77783353329974,71.78081071913476
2025-06-30,78.14747723520144,72.20264453684734,61.46092397351614,66.28772898934699,69.17701887726884,66.54611110782965,49.418227258714154,34.487849468673645,71.95160227887554,68.04189999381244,55.668504445746386,50.54484932326377,38.60633688584283,45.550318711452626,51.484934673326045,61.80110292332886,71.89250689062172,76.58155578990912,76.34151505271615,86.3030100003666,86.4398343962961,86.34926905662165,81.65293883796205,76.95630047906516
2025-07-01,80.70251999390823,79.82542135160921,77.76633858220627,76.7385303617692,78.29384926835789,73.1159403365935,71.2930781124811,61.538223767342934,82.86337392367584,80.62692834961202,70.8698648614202,61.57558340185149,53.60203364161053,62.508959507730914,71.27077255778028,72.33445442375864,77.81674661115372,78.33695735270031,78.05806528887511,86.5691579986233,86.5546903302689,86.77399760918851,85.9965232883902,78.88662160283133
2025-07-02,78.56846934020305,76.32032377696771,74.20766131583336,70.87291167503201,73.57649049077395,69.63434973449665,62.22999930919894,49.27649491524942,76.68189014927385,64.11614235075702,62.65068227237217,56.20344657029859,39.0550815293589,52.26893451228938,68.42185069380311,72.5533053162003,71.99455154047101,77.06990493822681,77.35844117687485,83.00973526072934,85.02708006824922,85.1768493597785,79.31564809050137,76.88287457694506
2025-07-03,76.38026091811469,75.64748722858509,73.25060050978801,72.39183965064178,73.36183314486213,73.36758244979366,73.17675793786297,50.490235869891734,81.5772303020599,74.43446216462834,68.68617424607815,61.596303389404554,37.85188886770649,48.582387911760684,57.898288964391234,68.882822547967,75.08765856786938,75.61680207304906,78.48798382289594,85.46950568776892,85.66900363128023,85.59889931076556,83.6583136712459,76.61514423491523
2025-07-04,77.77580036521907,76.88839302081854,75.44374290818517,75.66791309001076,74.71238607461501,74.3503743778919,70.71030248988549,46.992334738569,72.42491518976337,66.61559539569069,61.65849423476593,60.61186901935363,39.05569313462423,49.11374690791163,59.82898971017987,65.11785979376592,73.52508362506151,76.59337229083319,75.64369437477639,81.77991755468109,85.48259658284253,85.47986884529162,80.05131491200233,76.99087308111235
2025-07-05,79.03512717306216,77.4617796057718,74.9837431729016,73.94244848509861,74.75963351064482,77.27549950835324,70.02578436408794,48.267421458296525,63.71149326475347,57.03470071654217,44.898545943712904,43.71408735526426,28.973072187488242,34.82544620677343,52.61264994789082,58.287599930441225,64.51845430841473,69.05493090127374,72.55337861064537,81.64294467027626,84.63284369181314,85.71249610538574,79.2179249281816,76.2405172182019
2025-07-06,78.69262485639881,75.60402608901717,73.0437535541767,73.70752957676783,69.42304080218423,69.87593635798612,61.44456837037028,25.992318113749793,27.75079244902914,24.612475028968532,18.705696598842568,2.849868305493489,1.977537656493822,6.72049712594248,12.98789042299259,15.855367633365564,37.668066790999816,54.146990097846256,68.57264572391986,84.02317702616702,85.84855894017298,85.48343196283432,80.21433029469434,79.38334953842916
2025-07-07,80.10129703096628,78.24425902902254,77.71922135387578,74.29161172820146,76.00254051295823,72.74807015376362,67.58466513072396,44.61536066469483,78.48424404712458,75.20213847001165,68.50221262037121,62.21760835559055,49.86949177574877,59.75380056095421,71.77968879586636,71.26943966452836,77.08935244024222,77.48161154267665,81.86672679944034,86.63630303715598,86.33511020744395,86.91113628712127,85.26572393288261,82.81017834322031
2025-07-08,83.16071510613115,80.61560380944849,76.96613579635954,76.72521702618764,76.50872995806199,75.00608989055351,73.957911609066,63.79097144674767,76.87574015706302,78.04373352806732,69.62426018184131,67.81221235422286,52.08565124492505,68.07162491589811,72.09288838469152,75.91844286045206,82.76286284356752,84.85114649630029,85.9049475223806,86.38104749244545,85.73971755018908,86.03372508708327,84.65856544964056,83.51962407050584
2025-07-09,81.11768798962673,79.2509562943286,75.92368669180044,78.70311026570295,76.88193772121271,78.36783095869107,74.07601668267975,65.37769488820209,76.98056869069539,77.42498846025299,71.64918878079718,65.99360415798982,51.14019662319175,62.719052131211136,68.53957548210951,69.11400318589844,80.90628034524396,83.633147887893,83.61353215997752,85.33770484502452,85.07031966363289,85.045090620113,84.31596508504083,83.93281155492194
2025-07-10,84.98677714257452,83.78741178355968,83.27608626039769,80.93475872744823,79.55605962706771,75.65694026077198,69.67256623215724,59.7591339485208,68.35684865379118,67.80419714798545,65.77221791949839,68.01307172452032,59.73641007575136,69.09399342816059,64.94998211228514,71.19235651338857,80.08548988746982,83.92398906084684,83.73148148717836,85.14482999658486,85.0958071887927,85.25569888807955,86.75063010533437,84.46919378577824
2025-07-11,82.87422347907965,81.91204792350914,77.32941404368468,74.95929574399499,75.08170945148375,75.29564258878777,72.85056494038598,60.3798897525072,76.77980491499551,73.99240621417106,72.09715733325552,65.64357611021816,50.83596774929966,62.08153687967703,70.14728842838095,73.66144039126326,73.3653318114515,72.6155702389993,77.05144972415683,84.56217755762133,84.42444791976777,84.84577528607281,81.74025872195136,77.85659744980306
2025-07-12,81.90585937010614,78.45164861920668,75.65104217758824,75.53032055030761,72.29475620255053,73.02926715570909,66.95410692492605,47.658339484859624,71.96243538169631,59.823452339079715,59.32640895365802,50.63729300549852,27.36104443123641,37.36444271921489,45.089176966636714,50.43372704635165,66.18226062396975,68.5687082751258,71.06312204507923,81.57374358889317,83.90633942128817,83.77069358293204,80.45005300685179,77.5085778819642
2025-07-13,82.2052141022174,78.6388467281681,76.79125034666636,69.96165265839956,73.40394535188767,73.35725482915699,57.888505592132915,45.85220948226285,30.808673265153594,7.652031249597681,6.117785932893636,7.6369897992620155,6.298781129522739,7.287613617057905,10.86360091297289,14.962775272190546,24.920659633565595,51.32080001128869,72.83040164900218,81.96469572801045,84.20063312194314,84.12678180496707,77.20902022340815,75.44495991827095
2025-07-14,83.22245089710317,79.62650696572912,73.4585701170819,71.60466911463767,71.2581652565636,68.38483475374373,62.31677936288608,43.40108396850942,76.82737944605874,74.64528113705724,66.49206268142899,60.43721792941382,40.245800267323474,49.55348447792429,61.64401387909746,67.70347708274568,74.61063610999086,78.97234963805539,82.87567778284446,85.38480198133921,85.64801239801334,85.63097014361253,85.14459907269581,83.01895468055342
2025-07-15,74.03532092537715,66.96415429706045,64.14680977753984,61.74337609585586,64.45808321886938,56.97098154888391,49.94202132014283,40.26663461634898,60.94382257879361,58.10263985973052,47.859621924108154,39.98974556295176,32.79796399120475,46.06972516737583,52.065092998434864,45.64350915235252,60.89582985870139,73.19971365854941,82.15134288492308,83.82566749353168,83.90287559516301,83.69001675656385,78.02671188492161,75.76547234930223
2025-07-16,79.4485489073297,78.35656511293061,75.94938326323661,74.18844669412528,73.80608758203307,74.25248139312166,71.75912753305953,63.64455358114673,74.0620946196542,76.25561241668153,69.96126435264105,66.31441835693552,51.7364425136565,64.34426484400163,68.68817398396733,70.8773831420903,76.6114225098646,79.08119321326767,81.64283932497722,85.71497994144532,85.39573374055661,85.4796403225229,82.41069004283136,81.51523791032024
2025-07-17,84.7601324723511,82.75656522685532,80.4506014297754,77.55570173922867,75.78833132190266,74.68868338874599,74.02842172825275,65.51304063819087,77.08514794543892,79.14012454313554,76.58138946434674,69.23017444103596,56.60577547214651,75.07786382341409,80.76950449279025,79.78114283051508,82.16567925913475,84.29891020238186,83.86409729453439,84.90183240104669,85.04936683647212,85.40851567855411,85.46370566746339,84.37664903413176
2025-07-18,85.23718866477394,83.8211649307387,83.03181686184327,82.14525208442235,82.31992137159125,82.6379842041889,76.33789747308987,72.33118582749792,83.49729407075391,81.44314934280825,74.39056399163371,74.87582102635471,64.84434438532644,70.26885317709636,77.90515676716673,78.89677894269614,79.95439733571905,81.67907852340127,82.13307818114755,84.35763826959501,84.90432267573958,84.75132690855591,84.90380300596216,84.18009162546034
2025-07-19,86.01012410400047,85.1682284982813,82.14669602940042,79.68729683236398,83.89602950785614,83.2312996437325,80.37136823699208,74.15443821445933,76.0943088098398,71.03944194171095,56.84985892422867,56.89551810763993,51.20928617188723,53.1937628573702,59.75097280395975,58.95045097241028,76.05638922362455,79.94431021637627,81.41721868232668,84.9765144165728,84.92208687006715,84.99277086239412,84.22778044866757,84.18426307358013
2025-07-20,85.83014894419992,82.99682621954113,79.96578396186256,80.09594651491071,77.50688773981744,76.88376173584315,72.8156453771618,49.04977689443554,41.398183641919864,37.86445487801529,23.339983033175304,13.911348484818692,16.44690023496627,24.851148178674908,31.394141358226612,32.152670209130115,48.92104608033215,70.46680387369341,78.70152044219239,84.95408785151493,85.06660194024728,85.09212245590378,85.21619162652881,81.06732139485163
2025-07-21,81.92650467311296,78.66067234292254,76.3778036063967,73.08425778828315,75.76022799498841,76.1872750709902,75.16235240347743,69.85253397725296,81.8840784754709,80.0193004175405,72.78447330662819,70.2795763392281,57.210983656210985,69.8490023373961,73.92963606546942,74.27112852455781,79.13007693302919,84.08594187990424,85.45119598429613,86.63817146794041,85.46878875103064,85.38798855845667,84.31974595529962,83.67196011019696
2025-07-22,85.0586347607505,83.30478171130609,80.49178037633779,78.09447783794083,76.34490306995475,75.93609111784247,72.30849252841695,67.60029939280696,79.59867384260859,78.55744500984916,76.43030509827392,76.55588446290467,65.07161054257435,72.89904184968192,75.7854747428949,78.38901216090568,84.78383321513094,85.59927899277798,85.78457301702807,85.63550456937215,85.2406075591395,85.00226915343801,84.97491182733542,84.87157259400432
2025-07-23,85.34836017814796,84.51227335548893,80.93568638266348,79.8217431784423,82.47136758301156,81.64251841694926,77.18065735437284,73.22281172764615,83.18037214867032,83.73117599712228,79.03133531360606,75.92530503639765,72.09670042199521,76.36004178300966,75.3077023936855,79.21735905151726,84.30479471514435,85.79973874108433,85.63479664729702,84.29867511807433,84.54032427388424,84.50208659828883,84.94483154144295,85.15901510238885
2025-07-24,84.90508608964632,84.78166812139989,84.43833321488286,84.07526302537322,83.1022977352443,81.21705101217786,77.34559847315161,74.25976979596905,84.51743730604399,84.14527158274207,78.9262992350402,75.84618014310952,71.2423251665005,71.8105526052717,71.06021251432169,73.94029511979441,81.01541348070955,83.25035122925684,83.81421107351018,84.27025763266293,84.44207237714791,84.28969511315938,84.25228254914364,81.5942895244603
2025-07-25,83.77396504403515,80.42272546434131,77.38582048658134,76.76605234140398,76.19666523634159,76.10895413073055,69.41727805694572,67.64469918432538,79.28003580147872,78.02142636766781,71.74477483703072,70.36589537833974,65.04326953424498,68.37523138874977,69.49883747578657,70.05748413756648,78.87952934497049,83.37459402555717,84.29842148445412,83.9463581262544,83.85406845639845,83.82757793315035,83.4152108651169,80.47514796578479
2025-07-26,80.96684225323239,78.98022665019018,75.42034118095765,77.61552628704251,72.90004830146023,69.77656162032713,63.92704000253389,60.40581945081639,71.40738702989437,71.07412820384745,64.95518517873285,55.21454450644998,44.4082698288585,49.909142873668486,54.722323545960094,64.85448775035617,71.84484284211925,78.35171713228709,75.54933772991511,82.25904672258463,83.94337474791658,83.93889498475178,81.97870894453037,78.07644056164717
2025-07-27,83.67146035761796,81.60355291118239,76.69924485973704,79.3514625557891,78.38879994267266,78.4203745782819,73.84669005022978,64.65319732820139,55.76864155059277,40.4688329453121,41.081120488480856,42.23553062023583,48.44006018920143,59.54384755348422,55.62839061292867,55.869465359861124,65.31431696620798,80.81407593749685,83.82687799271513,84.60528933639392,84.61534423186042,84.5905903261342,84.24092893555456,84.39959568931347
2025-07-28,84.57671131626138,83.96457078952497,80.6074633267191,81.25969571530526,79.19231424913615,75.95472423873191,78.99943104784957,71.6734165736637,75.60715581687602,78.20890447894824,76.86696528710674,75.02857311902946,73.4655683038285,79.98607148127724,81.34641727545471,78.67276660809115,82.41238369352494,86.47287980574073,85.91074852537342,85.14937449725186,84.21389636022286,84.14369904166037,84.44705491529308,84.75584056265836
2025-07-29,84.80491031602661,84.36826016331786,81.70904247272388,81.53345228801827,80.36386090943314,80.21259115254527,79.2873094383768,77.569497507342,83.91033423345237,84.47892301092729,81.07828931342165,79.25892687711331,76.25177026495996,80.1900999808015,81.17950035952876,81.28420515970403,84.25174893139658,84.09149824311297,84.02691824770628,84.17922823979414,84.03613965353863,84.32448520348443,84.50766169688325,84.3653637282623
2025-07-30,84.53528571701096,84.76132099012622,84.54788193728272,84.39048266841233,84.38765593607422,83.67639599543958,82.72436051410564,81.84052005918221,84.38380242611342,84.66119669003696,81.59237154705517,82.22804309778768,77.64111653396978,83.05766283907454,83.2569880002994,84.13517279175241,83.16494633705803,83.83280462369373,83.71088806720822,83.79675473617604,83.80839059648329,83.96471879725551,83.51776906564764,82.15445939460975
2025-07-31,84.12142675285159,83.99891264168042,81.69907112636847,81.71416909179487,80.05455552438882,79.36420624271094,72.88674862698407,71.11602372817555,81.09578800252818,81.89289600192717,76.44477791349541,76.52110016453891,67.09564673087404,73.29553852697994,74.89775383806958,77.83406395006611,82.29084281586802,82.56144675228909,82.3160778682519,83.38738753222563,83.5594290915216,83.48934119847313,82.98626141146048,83.39576731729643
2025-08-01,83.92716779398089,82.62981134232783,80.30022536457275,77.13535794152412,70.70244178215786,74.47791662459045,66.9515131929494,65.33644442792041,77.16720615781364,76.81981628944776,70.56567698270042,66.98043833910138,61.44754797622061,68.55239258734244,76.30226969559436,75.69629620992526,82.16200683622212,83.17094055133478,80.12164043050564,83.42592855907819,83.75790934751616,83.54181824544466,83.57845394353559,79.21091339883078
2025-08-02,84.10779085097647,82.2624744531054,77.1812645371563,78.354516390921,78.12872753460347,75.93243937455608,69.38006484506059,54.53779616000762,67.55505953210006,63.63053580035488,60.64071452812397,64.24517796383952,51.78963565180889,65.00877016747404,70.20328449559867,65.42289855796434,70.40853311119245,81.42277178556225,79.70038016189261,84.18340292331001,84.17046797885487,84.16737362597256,82.48837561329846,80.65265608224911
2025-08-03,82.52819971175744,80.52487050914266,76.02699942470731,76.40504085741453,75.9546585222733,73.77196556356205,73.46821882338844,67.51733118006416,55.79517503444371,48.00944069046566,48.5092560358727,53.89274003207475,43.75901533152524,64.97910469766937,68.62582409952896,68.83118283037842,70.61924318596647,75.78425883428912,78.56449422198024,84.04325275708445,84.07505100438354,84.12598298171659,83.95523753794751,81.00361187658588
2025-08-04,83.59324963246797,84.00651207877513,82.02657922087373,81.93978444618813,80.33310704156222,79.4908586498833,82.33593116183044,73.38832141519018,80.58948857638909,79.81611678820713,77.43302723591887,72.46354733185416,65.85971203659456,74.27811109201765,77.2915736428182,78.82044758391557,83.00224283762148,83.25330326058976,82.63294818085267,84.7077591703466,84.39415490270454,84.43682153419843,84.59218965773823,83.51155622859734
2025-08-05,83.35160612004138,83.35837465156068,82.21698678227149,82.21555060106473,81.57572235052724,80.51221982007226,79.97698295555925,77.64278223456002,84.34449458618792,81.62109821606798,76.24592091314464,73.63490161149427,62.21803501742473,70.28538727745094,74.00954533037203,73.86809852248213,79.64549341770172,83.61063451141,83.46734280626669,83.36133143325877,83.65569169914087,83.61667346560296,83.43962958950421,82.00240553830736
2025-08-06,84.060993031767,82.67566900219147,81.02178873241296,81.85495614815716,81.623492024534,78.55215164878268,74.40641237720212,70.63116180572702,80.60604504132752,79.60445140879436,74.96746892663542,69.5915282638011,58.022397172279426,70.91276690103986,72.61191823491221,74.12857161016689,77.758267464757,81.99280153910655,81.60439342909979,83.70925983360637,83.7488398573793,83.68766538169318,82.61248168703676,80.60203157940866
2025-08-07,83.57935903928407,83.11859206891356,77.05652883430339,74.02832217958068,66.67783429308045,70.32317793487371,64.6479120093107,57.762029347506534,77.45145496855949,78.40430769292584,66.58690933354961,64.38343170133452,54.36406563125362,63.70804635919019,69.26716461190901,72.80299540270033,74.51472589461015,80.64241738578666,80.28804663041916,82.08473725961423,82.07186954159835,80.5590904844102,75.48739370339824,73.74026404390983
2025-08-08,82.89995075751531,80.2037828988703,75.4383209613473,77.39263813719674,73.8481605458087,68.24948514818654,65.05882055262305,61.64074841882309,74.9740749158063,73.89037716385802,64.08565663578754,62.99045458563431,49.1579179501316,62.65442264552477,72.9254699116444,70.3326717455678,73.35033154188451,75.80810378892961,77.63667758028734,82.70698427509451,83.56100280462626,81.60243463949531,79.88705870679335,75.48341517538559
2025-08-09,81.27404609563371,78.2314076932534,73.9862173199092,73.83379152032724,72.3217616899899,69.86101660075543,62.87169390838508,54.94060372883375,69.53314100609649,65.6265992026968,50.23629343028056,60.725818584188474,36.77199043247797,62.166571575743255,66.83610180623974,68.88243562594009,73.32705279948452,74.94079978106006,78.50216877094441,82.69989963076418,83.60957520429534,83.14673087486871,81.41391370134373,79.86035310369158
2025-08-10,83.10705485724658,81.33374555733003,78.6468005724342,77.61302262727565,71.50087937218642,68.65129313845604,65.34926483088117,44.98278868595001,55.83704442724596,30.787825156823853,25.524181712160132,25.47198949052447,24.214977733432512,30.063173517970977,37.42712074650781,57.25983234055215,63.29952612869521,70.4540841821799,80.80141231190197,83.83614819418486,84.13792669936063,84.09308670504349,82.47434170465856,77.81973212348443
2025-08-11,83.053175722667,80.25755391488772,78.51850328438812,78.0163524053349,71.21545930294239,68.49825757266704,63.622342159630044,61.35284297001868,77.33913062745663,73.58587911334664,64.20464908111998,61.14031283422189,49.7962340418514,58.99058353839465,62.72811973099541,68.85729592749779,72.86491924168554,80.84857694292128,81.63677601547869,84.44953111690165,84.1539767308576,84.13809242614136,83.77162253396911,81.22450694040774
2025-08-12,83.7677548187755,80.71091035185728,78.4300332677474,77.91828278789073,73.57919263494489,73.61750561836678,68.29842135825147,63.342278450050784,77.12340090976971,77.29801329411502,69.18050965421625,69.8595246268495,61.52346274301079,71.07039016431307,70.43053508269455,75.75631908533725,78.00815895136554,82.0646797947885,83.68465498185584,83.96450579589224,83.9204398490702,83.90350859006928,83.74555430084656,80.8335421486558
2025-08-13,82.34172717400837,79.89412396120713,78.9818708797974,77.27898430895108,76.5097173651559,69.22062058851672,66.30822359064737,62.34554117899621,77.36708794891793,75.69897422755128,66.58373872586733,67.7086056030668,58.60846051441063,66.87845047951872,73.38605429117386,74.13964879863073,76.66361177666508,79.01028831353257,79.38046448704827,83.82518597258853,83.73409219369024,83.73621846132268,80.04493283565489,79.92581276458459
2025-08-14,83.24468307452663,81.57335054558962,79.06159266305903,76.79794771725841,75.77395538943912,70.42798394331622,66.88487457657344,65.88037430563044,77.27632217887405,75.13912324021553,68.19225330425407,67.73874691817633,57.81063125156802,71.9036943744701,75.38215665906915,76.90320000801637,78.24462882715048,81.4793761658964,82.11279839026417,83.57153088751562,83.6825500734171,83.47734812923602,82.35455166425172,81.16256063349451
2025-08-15,84.09831006448874,82.38180501420064,80.6198338100075,79.02430164565149,78.0518128367117,76.34599349614034,70.93097566203403,68.43437999691474,75.95359610709161,75.16229956694386,66.37684284893623,67.15313390462667,52.225113726271836,65.44545756682426,72.64085294405987,72.34467184709416,74.83945474449784,80.54679117267678,82.48353127027218,83.75366743315475,83.86204492770155,83.75054412496053,83.12427453043404,80.51937131247966
2025-08-16,82.6612383637969,80.65847877578574,78.20286874162618,77.95599132740082,75.5305089200777,73.41104464832411,71.81186466647354,66.82189156366329,68.96015520481691,64.34222727068537,57.79414067326385,54.28179099742243,32.64896705347073,44.38967054544739,62.45626306446403,61.805864708048226,66.76290596135361,74.30671724643447,75.74677070114542,83.56480482395453,83.39674204560869,83.60807504403081,79.43801115451201,79.33018310352628
2025-08-17,80.99978415791188,79.65959729469284,78.29047209442109,75.81340503607225,73.8358122750362,73.54707385894943,72.048455695411,61.106557021555716,45.443404512151844,27.969490208378218,21.927586553137065,23.65134132299756,19.90507843378073,26.297651656811734,26.492171253518155,39.3286335812014,51.377738014561196,72.78869279781182,78.77292934023096,83.30981612634089,83.2743858018039,83.25619836405826,83.29667686407541,80.95549651517352
2025-08-18,83.05454759907683,82.99939397488873,82.07858495880288,80.8600286176768,81.8630412960128,81.35164797562865,76.54075176646765,72.4572067438941,81.39490778636646,78.37548310432756,71.6872668008734,70.9344345353012,59.48654079358967,72.43215565435416,72.92703937328362,74.28250932554431,78.01146655486151,82.66402173451851,83.8591282529142,83.79208429619406,83.75090909592842,83.73611616103301,83.97289864439861,84.0785347343923
2025-08-19,84.22215361988816,83.0784267064789,81.99836446902306,81.34856677016882,80.26998867526967,79.21507173490777,74.45451123447705,70.7494680211192,76.95976244796297,76.90973963328143,72.0477286419138,74.7684923899203,58.72817264872091,71.91595769833467,70.36448495142054,77.65354995241098,80.84609250023948,82.22907926789696,83.4670104643261,83.63467450400202,83.58488627398253,83.59737217378563,83.36574635448994,82.37106054882403
2025-08-20,83.43827240308468,83.18102871148831,80.62907302444908,79.96248847576291,78.15579826065115,77.6548782318983,71.38688676567838,67.5992799138589,75.56187213666826,75.35368929866887,69.03569012376819,69.19505541562737,58.46190542639451,70.88262536485766,73.56069869296738,75.2408531851205,78.40275151594327,80.48793427232822,83.029066036803,83.44005325432933,83.44787133358277,83.41434737532036,81.95893064970421,81.18467593731627
2025-08-21,82.15194802078379,81.83680995188769,79.00797234368837,78.40461861483323,76.52168306644546,77.62143272390328,74.66383936484932,68.50309538175537,80.39421948438965,77.45379459800235,72.66068496239589,68.22368938095886,60.01927676657047,72.37217037830155,72.2769935772474,75.82390539868264,79.91166819189371,82.33910799028122,83.60046948308296,83.69739396709099,83.72375050007344,83.71550900001814,83.67417735926537,81.44699504144533
2025-08-22,82.01778538361773,81.8095433760255,80.88439462566404,80.90769628868327,79.42035040979033,80.38041862065049,79.10428267245642,71.40783796141925,81.45125984091207,79.0123568289041,69.67216878664779,69.60474964492755,54.01448778836663,62.686720857540784,68.68185208337891,74.94173131299542,79.2538655244976,81.35852656771564,81.9764118037973,83.3088413632858,83.13031894655258,83.14446939737343,82.52319252078905,82.42642518574348
2025-08-23,83.68802212721187,83.24773361061456,82.3218241395055,82.66566993984736,82.63112003322415,80.818957087616,80.41334629669566,75.15294847666495,77.19632517489364,72.08994188155806,60.873590413904545,57.345984243698794,54.46987775206076,49.770572770546416,63.730389249251395,67.20287030425118,75.65148413867665,81.05265591730128,81.34155538039407,83.66597359214076,83.63020638481893,83.6537639715777,83.68590129799824,82.73077732049768
2025-08-24,83.4451447488994,82.16969808773051,79.96986950642513,79.13482147235091,79.56039645532786,78.75382265780978,77.33381029096111,65.51002970715658,44.761213833670254,35.94321655086257,38.336010127376284,35.07393190588527,28.63309942472899,44.92307511726545,29.1191689433582,35.421227896210056,56.22305575072016,71.35881405709301,78.24269658475644,83.08279504996979,83.21965834921139,83.32349712684663,82.16453216285304,79.10790849633705
2025-08-25,82.18257400873544,81.70681364158307,79.726964603563,75.89614004550702,72.83368613461255,70.21531929672261,66.88880714610332,61.40887186791483,77.2010315875676,76.78121168152792,69.46051509203713,69.05068142763369,49.90034564384865,65.69826213957887,69.40949699642084,71.55411556269702,79.87921294432402,81.31090777369188,82.60651459653705,83.97425939612391,83.92261811273617,83.89350797754983,81.81247952641293,81.05432029171205
2025-08-26,81.90206702789682,79.39453806442879,76.5795094586695,75.90954246209117,72.6984441992814,70.77439194018301,68.18286477926608,62.02590609557052,73.44849685015852,71.7596651183072,62.78866982119432,61.202969220967404,47.291692808402914,60.71736759092354,66.05730935524048,68.0471003808705,76.64984605333352,77.3240763123374,80.43863211564118,83.03674114031222,83.10074511832534,81.316673233378,79.12892679981195,79.68130830405732
2025-08-27,78.97879526356697,78.62421266852921,73.74446253664311,72.72326039383904,68.68101332937565,69.06849516271905,68.03692334623081,63.28133785734612,74.5996174609353,69.11295606818153,61.69114239633459,58.64984951163066,41.05087324888957,57.123137698632384,66.04420718142407,70.84522116058119,76.77409783126339,79.79595425623341,80.22239278159194,83.18345841289747,83.20601970112611,81.04050399103117,77.56733356799788,74.53734208903032
2025-08-28,79.80993719991196,77.20220329828499,74.83618454281718,74.12937979404568,69.70790687585963,70.78013692055524,70.32206581629882,65.64969069716946,75.86995283330519,74.37141028761484,65.1598199333726,58.74883400411967,44.16885346683469,56.60955827850135,66.14034454315096,70.62813395325743,77.51020005877184,79.78036983188372,80.1666744003313,83.06184600331495,82.96876322112038,80.44138257430748,75.61955791493111,75.45822053666659
2025-08-29,79.83776880648517,76.61597696394992,75.38527446665512,74.57073571639594,73.69739419070163,74.2780361170136,72.85567517613609,68.47971114019721,79.1192435470599,73.61192829003014,65.34874574029637,65.14294733536484,48.192090227783396,53.418727573154555,70.4206680083127,70.71049300666456,76.06439794087225,78.71513613646273,80.98807542613393,83.39605772982875,83.40437654793998,81.94033309048493,80.37000830455423,76.92023383127537
2025-08-30,77.14075356223785,71.35348292536669,68.40146756966928,66.62230224038481,69.33341731839548,72.23835630298817,71.24915912471495,56.14886173557142,65.88884323885048,51.57285866554369,41.95120382693729,41.51895246920696,30.1248598542599,36.63463856858992,49.82958877229283,57.11665915556954,64.49619058493165,72.45828602801743,76.5702760943961,82.29387391035083,82.33666459554041,82.4015670772925,79.0526591441758,78.02732222321825
2025-08-31,83.72064750819078,81.1148661049315,80.07369813213764,79.25553768112057,80.14374320501175,77.86271580362445,75.80599389032893,69.21910286296279,46.584522756946676,37.062249191976534,42.78659918336919,29.129460907818878,24.337856995030243,29.281032763110197,35.60595422108677,35.48118043478451,62.866428857238176,72.79054541191968,82.563555263563,83.24744291071171,83.20983254201184,83.14829859595085,80.99703879908868,78.35617098686667
2025-09-01,83.00000080805182,80.68983649978586,79.30935167466704,76.54346081794071,74.8499172823654,72.48297921869592,74.60236444348095,67.88290471952322,79.32209548474839,79.39593551234377,70.7664661945634,67.70688109169649,50.66914225483623,64.93167543723212,71.91047712503449,74.39690711614348,77.6356453498771,80.37298920488476,81.67120467897885,83.02503837511104,83.044779385518,83.34619492071896,81.33885635623606,80.91293137503521
2025-09-02,82.98311243355677,81.42018684594065,79.35592881921654,76.47209721564886,70.77854103134503,71.57117011582193,69.66318533116886,66.61472581667121,78.31233875003288,77.82840250324382,65.30598102313594,64.68177500358709,52.432825789287385,65.23277203984597,74.65510018784472,74.37089561042927,78.03248238947337,81.22127599755038,82.04651459917618,83.04864165366,83.05126518169277,81.63018450623971,80.11494200550864,74.67282872222354
2025-09-03,80.69194586009935,79.25869309655192,76.5946934441626,75.52893867210942,70.43847598284394,71.10852800824243,71.62694160151538,65.69242026628274,73.37882791491609,74.6383699603351,65.81982181124307,61.88871355630316,43.394540546782416,60.38263697525048,68.41923476744942,69.08544266698415,77.18551423771508,78.68462152658189,79.4057430081628,80.70167632866257,80.71428293886873,78.98257708799622,77.39825593829764,73.82552761382831
2025-09-04,78.69141949299531,77.32428340612215,74.95006175920925,74.61252625779547,64.1355586953727,69.89446001815483,69.21852853214016,63.09781040708419,76.56062042141264,73.37261016675285,64.90776629817516,64.34388926078311,43.661345877265205,55.48910306266634,68.3163597661946,67.65329744569763,71.48907038237337,76.73967475324278,79.2613782276979,80.83517037651197,81.46809442816036,80.59975900615666,78.89437537036162,75.15914760846658
2025-09-05,79.61626892364565,76.83673779588085,74.77168370797969,68.52418977970524,66.8954209413112,71.73847554175796,68.91628754808555,67.3362888837306,74.40956748831574,70.85040466562717,65.5060945758998,63.71717157468478,45.51416151509184,61.837723341445525,70.92837364713272,73.2527004831367,76.93383133996802,80.13103386629497,80.86787813604596,81.67977333553654,81.71717400209103,81.75843819968989,79.94801328974303,77.95113286993066
2025-09-06,81.37514798535285,79.7370396852259,75.46561392811553,73.62598188685396,72.5568408517475,73.88582015675271,72.02572811934667,70.5621664550358,76.8094881504326,73.32762272964264,66.06207780481206,56.638002907983505,38.024508252687575,50.90968099367756,56.676138696958816,61.11059239305187,73.62134778638277,79.36178115534695,82.05185731647555,82.45205014028801,82.48119412333597,82.49557932773824,81.94322859896093,79.15312298635078
2025-09-07,81.1049083189096,79.3279464856285,77.43638950436495,74.6950973976224,72.9752799762057,72.12525919813788,72.39701708030621,58.70726904605291,44.06587899078114,31.144341696386377,21.090197846242393,21.880204761962567,14.111388992921029,36.68549327637231,40.323861855795926,31.989661252886542,58.55849160750217,69.96657553511399,78.64409352747454,81.83865568170872,81.59137945589592,80.75382324893032,76.96561830545389,77.08703981442663
2025-09-08,78.03680655059092,76.8044355321014,71.07052076895073,69.50133322616331,68.32122994219061,69.66760487058865,67.38462835384252,63.532383740281404,76.38916061635442,73.90385025692395,59.60953510088757,52.34079078041402,39.98506275374409,56.4798172948921,64.21057192557984,70.56547211618732,79.91800398486296,80.35486935865197,82.01224506687646,82.13950036088532,81.5061167246024,80.99597359420068,80.55968494424238,76.54335050159271
2025-09-09,79.81637902584194,77.43944605416911,73.01965502511213,75.46083874248204,71.50172643793972,72.72499816206884,73.4183572215155,69.53208047554276,80.03880916635741,79.92169710386213,68.51041782536554,64.05782321769972,50.13545992364538,61.232254077429566,66.48195344995888,67.15710700421803,71.66782148316709,78.56276196762549,80.02912566474053,80.85178048487826,80.51853695993957,80.16453932281208,78.81331468980046,75.30188885022173
2025-09-10,80.99367757867763,80.03455147188089,78.26802009850414,77.80830428176043,68.62636924130561,72.5118707353544,73.39476840346573,71.38110348213324,80.04555594629524,77.89905096278714,71.62681271442763,70.8401928775125,49.96059521304557,64.99764528840603,69.5848010893808,71.27121078188182,76.08094600111897,81.74502383380381,81.66876376041537,81.9460406884472,81.84349820165443,81.74054012816336,79.54065442103504,74.37955048931391
2025-09-11,80.64949176254872,79.38430263370026,76.03357562167155,72.74190741580455,72.80559380810361,74.42769398605135,75.5237243625039,68.74532005522481,76.22289393509612,72.51326046492683,69.21417437150423,65.3685528463656,48.635775180191615,67.87186938027202,70.36644336328416,71.89188935234232,75.3391855588259,80.14095642953656,82.31452854177483,82.42791420809077,82.24113026784364,82.10674595320428,76.70558286284543,75.06223889392584
2025-09-12,79.5425571316246,78.32871370148338,74.56965480948821,75.41704464850318,74.49757074311208,74.7447310582932,75.55589302658153,69.61914285451613,77.87069313514073,73.89304431693692,72.03830255596121,69.03965813393054,48.15614008035512,59.85278744476622,70.64129135063463,73.06344606513852,76.95591963202622,80.83826894497307,81.73837739439476,81.32927823098959,81.4458643979265,81.94905398280386,79.9852201402939,78.61351421716981
2025-09-13,80.30100807765042,76.75193542615983,73.52457688675918,74.42638005541963,74.31563080525393,73.9450109130048,74.13189225312125,65.17528861994198,66.99285591549918,52.75762351499515,51.73097366845368,53.062983873704496,36.593152066304846,50.28369259292312,60.59180366814733,58.92015951237539,69.58606980879357,76.9658834187208,80.02582783500596,81.3857153899493,81.47148019870636,80.93498911563194,75.503599592184,72.28857288676643
2025-09-14,76.43308514266052,74.15209819433998,71.6459485556929,70.07132308345305,66.47698881018414,69.8537118016466,69.03176126130225,51.7315166827727,18.45845066242283,9.15071874924656,0.175708953423551,5.069154675082348,4.3104232920004915,7.09399550695341,17.174482809206435,15.808650770816937,37.92838829797749,72.44397943237283,80.92579106723721,81.63534748547714,81.77792038286493,79.41709414815486,75.4574075044849,73.43551006124844
2025-09-15,79.30653373020283,73.65669003241399,70.00509437802582,72.0399119588553,65.59533594330833,67.65922629371762,67.46894614787945,66.23905359292243,76.70498780682412,71.74377581341325,52.436301786002296,57.09322758248724,33.78650673903754,61.07760943543629,63.5472600658096,66.17929330645512,74.52762679255247,82.31457833894186,83.39671346412331,83.80836755598268,83.6417986960722,83.43397446299603,78.94169146851844,75.99738945048894
2025-09-16,80.56700500255322,78.98803649714048,73.49898801180146,73.66203259252458,69.55660360482852,71.01950961268025,72.30249321438197,70.67558323710085,76.68956203725207,73.2241301048736,64.78110210081562,60.4305044967897,32.19818291085308,50.163308560132464,66.43321874618557,65.35240839993509,75.65262873407063,81.33585238898635,82.13391878754351,82.22616300644924,82.03460463718966,81.76153242584559,77.69451922483647,71.61825967197015
2025-09-17,80.21219586067312,75.36912790046433,71.994551041528,69.8619060818902,72.56393383908326,74.0641964026052,77.95628692733466,69.33759996504425,78.00188547566147,71.005400097636,68.83422845542667,63.49980010971757,43.664790284258714,57.3415546621982,70.17082539305446,69.97155772333673,75.9858524215369,82.00834061605026,82.77389452434501,82.68702001793437,82.67745767414263,82.53577410773956,78.84915332325573,75.98139875132651
2025-09-18,77.25772748233119,72.69942909357736,69.3315280946359,66.76421768743579,65.92121619256532,70.68120200733757,72.4594305080159,64.07413847848952,74.96728944001666,56.20926019690178,46.669013875642186,41.722811742128975,25.320956882955368,38.230145282860036,49.370805602965916,63.19639022967483,71.78338959870236,80.65987459768496,81.63118152234516,82.02259430464301,81.93255623922369,81.49243125524899,76.74990911638751,71.82331892663613
2025-09-19,76.84661084826203,71.73782129065374,66.04614825087229,65.98071036145889,64.9859231360635,64.24925359144133,73.85035567114191,68.52920844739427,76.36038216258403,71.3015888848856,43.106979286604364,39.763218804006506,20.53180304226493,32.12240960094495,45.40942430979497,49.96597162373233,69.74384400081131,78.92091478147934,79.64691864022741,81.92833854418289,80.09644155058399,79.40495503150471,74.0116548233126,67.48654696386482
2025-09-20,77.89687911308742,73.58064749157202,68.3841281030757,64.831007531289,63.31116949665812,67.16004900212015,64.65307033162563,54.33599241418337,53.98229140126609,32.88516981353022,9.658837770825476,13.070445641499221,4.75497988068037,13.981525139061539,13.451520517857043,18.974379972072747,51.707935970656486,69.33737982056569,78.03692467904972,80.13343338176881,78.53264654632692,75.88360210579226,68.9789879493444,64.64265698653111
2025-09-21,74.70650258565844,60.21215497806756,54.352749874185726,51.42901908497457,52.63420676667265,53.36980545818732,53.93927713200413,29.109468805094515,-0.5318586635837006,-0.7113520946917995,-0.9252487531378031,-0.9595063060690161,-1.3428300669472912,3.080491898120433,-0.8637133078780688,-1.8441773309131244,29.19591548685396,52.73079648986839,75.85921128600846,82.30274722589834,80.01309205577824,76.18771394125314,71.48176116166314,68.42827141506652
2025-09-22,73.61651641087545,71.6228515071631,67.62995938970411,66.94354312369977,66.24284488636825,68.21616840403185,68.62549164604796,67.54436913996095,75.12220819478459,68.63770241930943,62.63680953398644,57.25943995171673,39.08199593719962,56.22549947525237,66.09095427223808,69.59582020720612,75.62642508523604,81.4803322571376,83.15662871121678,83.2846879469851,82.42032792654256,82.15026976869251,76.28353588719081,74.6607107888246
2025-09-23,78.32330410383844,74.5513745121679,68.06087263458966,64.31038374795514,65.80792807562648,69.5894037817466,77.78724697600234,66.71634032395451,78.58919705328198,69.89741034671198,61.82052394900352,57.66786956897637,33.233698631205776,48.34841363772109,63.109912503152145,66.88572259973698,77.542460852875,81.66679266519569,81.94811786508475,81.69133089175877,81.5835729887632,81.95180416346366,79.59997030104151,78.3135033879793
2025-09-24,81.22123056101844,78.69026667446299,76.87252465944552,75.33992581995737,72.11599179013427,78.51722700718709,79.24324894791205,72.03300092163049,81.3351546363323,72.07139473235024,64.59992351220058,59.77920073736152,47.77351921768233,55.48335583285488,69.71887711281386,71.9132628578869,76.60247816920413,82.36570000379469,82.76288436271555,82.52584769759976,82.40711998570094,82.38603890383118,82.04776064574192,77.22482099775652
2025-09-25,79.37994839048838,76.06996172692185,73.06208209041885,69.91485579678854,71.46938151284913,72.92747391490234,77.49398956195674,69.67989672622875,77.76844815761275,72.18734819775129,51.50517309473784,53.70226038560304,27.710009072292344,45.463236880166285,61.9045365738971,63.97400631990093,71.55445328730886,81.88420416388774,82.36489314365296,82.14555095632258,82.17619109829975,81.38510119895469,74.1840192321222,68.93881761928942
2025-09-26,75.04537425045794,69.0134305795212,62.40264866231611,64.19834418206851,60.78049245163788,60.44084079776032,58.826746569516395,44.97327896271577,56.128539927189465,35.13607208092237,20.532538334168727,19.136602051396714,13.038918177460985,18.18653170852775,27.68372449146137,33.29669119772522,59.375421033988935,78.22193012164075,79.95131703490922,79.3409137225782,78.1704590673118,76.87050622132928,67.14108078147595,60.08231775354715
2025-09-27,66.62906052762033,49.288562760275234,47.4984779764111,43.411035766075756,43.04444374471822,48.961123183488844,47.860545448632315,36.231616802946476,33.4608028162425,16.070128207453607,7.697278759839521,7.030879242408962,3.149006794311882,6.26802676237763,11.327829835544524,11.220228461794871,30.03867293821724,73.12256869508327,80.4255906622566,82.04915317635303,80.61020326165279,72.87933220569272,64.76677642978193,64.83425524910979
2025-09-28,69.9011518143582,66.36490564863783,48.901037854171825,47.669788258427985,47.68646572810166,53.0793895407026,61.91894497828526,31.196360257976977,2.335284601848909,1.5732712887393692,0.5663848647961173,0.799299631588633,0.18628153040726808,0.2434906817571896,0.1442085319737761,1.1402413114201675,36.400090559631366,75.91674955687337,81.94812718209128,81.69160692517846,80.71042874441935,80.50222406243458,76.81923822528195,70.33423544524469
2025-09-29,78.40854971183722,73.24560495544978,68.2013177987287,65.11918475780833,66.86885102536705,67.68754489541811,74.4122375491623,60.76154128203296,75.72205136488307,69.23245840057798,57.59213121738676,45.40139552644104,32.86284588455223,49.77502192409971,62.50626590696173,69.81839850359103,78.22896185597119,82.356781228088,82.80929504807315,82.75972363696202,82.35912155786244,82.07733034907376,80.70237256413071,75.29061363980354
2025-09-30,80.86458204343826,76.91618801389687,75.029947464914,73.55321038439065,74.2861563043404,75.30740172849777,78.12735489624177,72.04944160478176,80.60743711948557,69.37744828620022,67.70909559852461,66.01428730912683,44.831801071120715,53.91123296518928,69.3084497265835,72.94058979180559,76.9928866223788,80.34085244494369,81.03667322615802,81.10538203826401,80.7798021701729,80.64394662999227,80.1800301139575,76.09279445996884
2025-10-01,78.30182159822948,77.68654889895949,72.65493322250514,67.82430343686423,67.73441392718786,70.09892661170615,77.67910983005984,73.13208316577924,79.06249157805655,77.59189397612649,70.46097205581879,69.32023416114295,36.650401853873525,53.00570302381807,69.35948609099985,68.04279508340494,76.7427462072551,80.29425314835423,81.6488696108026,81.58043515715399,80.7151475270623,80.58738882594602,74.93907864203848,71.82946264551785
2025-10-02,75.18094581321455,71.84629155910224,68.09183550775646,64.58699131654959,63.342988173198606,64.96129603236061,72.04966746729052,65.70163007663109,73.92977032721832,62.598382583589434,44.08606581398047,42.18963021418163,22.089046456035657,35.95268130385812,54.2577985986516,56.236987832475656,74.06721115368697,80.31210946873775,81.54899056475655,81.93295549796181,81.61973132243953,79.91682433671221,72.51139543939189,65.99985411473631
2025-10-03,73.39496104892164,72.71004907171721,66.37787691777075,61.58721389812302,65.7396116033686,67.59968186229707,72.52736220911831,56.41892777457685,65.09016484797118,50.706291402054184,34.34333140223226,31.048749641493426,12.948181940266855,23.419731564453837,43.34124604169158,56.18396582859819,72.7941883999499,82.11634312512358,82.74638760584614,82.44046296336123,81.700590896319,79.5551484442594,72.22803293922424,69.17012072850085
2025-10-04,75.02109015797436,69.18582996307653,64.23943783794692,66.8079567054849,66.60015294461077,66.34489623905691,71.60406225206994,53.457560934343434,46.64225456664796,27.07177393691549,17.538146024997104,14.343731891546609,8.410811415058962,13.61358297163289,20.264237104969723,35.19107580117511,66.44270106800263,79.68590720752088,80.2675984626459,80.97449490752092,80.92510045134837,79.933177762304,75.1923273599031,68.1806906586035
2025-10-05,75.25264844685391,65.75502913731887,67.08061961773177,67.55003534044597,66.82400147331867,63.47134026515387,73.12545508051132,46.55142466021001,13.864711071700688,2.656976695271734,1.389526786637545,0.4927811060835481,0.43647137906695677,0.7543365127741294,0.748040503058948,6.52113743927345,38.81090083031189,78.51500717140324,81.80063586652378,81.96885302421336,82.24838057487536,81.00499147160217,75.07366878252815,68.34342658262607
2025-10-06,75.19076484234321,71.20091694861205,71.3556008540984,62.08158226255865,61.5218592441416,62.214833704801876,67.70680365318125,59.140318384978,75.62921484905183,71.11113127557655,59.392314078052216,50.48716490543588,32.4907558251006,44.91637885134949,59.479082860488724,67.45286247718684,76.09886014007928,82.10229106575157,83.08342508443769,82.83288031294512,82.77521327623793,82.22794619479347,80.06668019707095,76.27501067459144
2025-10-07,76.98355858611859,75.23907375979384,73.6014905624596,55.12989176467805,55.43092839503286,62.59621465421972,71.38871497131065,70.5914920225601,76.13591784934869,62.58962674096868,50.28003162242415,48.229513742330965,23.632737179315477,32.887005213951504,52.31023427584332,64.94776082511444,78.55338604422971,81.46825786450131,82.01201347532368,82.1321107341745,81.87223644266359,81.9131883993929,76.50338402414378,73.49142955805773
2025-10-08,78.88949265383984,73.81120385341485,68.65312996646362,67.60341461226257,64.70062211500615,66.52213476637912,74.8546118111908,70.88202481111338,78.78947728337222,71.8870948951034,61.06964576495636,63.58903489258557,38.169593494204264,55.91048677434111,67.38388581053478,69.06817039957717,79.16501247498167,81.48559161423577,81.51428234558787,81.4709516711245,81.9597228690833,81.92813001277361,72.50921898342438,67.92969918124132
2025-10-09,75.31524123880205,71.85439211529169,68.9536912313855,65.10077187554859,67.39155391986911,71.33008332056534,75.0155657430848,76.8388874968352,81.17550689315208,75.58692675695356,62.0034298593245,62.70471885333056,44.73492693181637,56.29996027887753,66.41945789883984,69.58815315076136,78.47715613903532,81.66122983958965,81.84143541700251,81.8145767814376,82.03299820278693,82.00737943011318,73.49029427045906,70.11606857364136
2025-10-10,75.9931344304037,72.93282781310263,68.16148976851143,67.03142333991187,69.37909671236736,66.92551907341037,73.31400516724592,75.58868217338687,80.77280671163076,75.28803439199396,65.76674598926094,61.31552471820702,43.72994677446349,50.59191966858823,64.07327637096188,68.1529680132731,79.41413022645222,81.18468524619801,81.44901663503782,81.30501383429085,81.34613231022493,80.43386169478327,74.33013331968714,71.46487691597808
2025-10-11,77.86574905712804,75.53711662075918,68.89209658830224,69.0658337483205,71.95343074308443,73.0995233671039,79.2942298638188,75.36819760337409,75.63063196381398,60.515399486996955,48.09739274485092,42.40945990370742,19.560764450306454,29.85174789563782,40.418806402655605,36.52014942019596,74.23462181645989,81.27861491736464,81.9738011204714,81.7891846754759,82.32505152628832,82.42689150858598,76.6345235680358,73.04159302749126
2025-10-12,73.85824939964495,71.5577237498311,65.0747615632549,61.00782189634904,59.11586442180539,64.68213096464635,66.72089745455347,59.49323423968073,31.438251450260022,19.882409104604513,2.917559279780226,1.8230794183917614,0.9683300513274606,1.8332257922662802,1.9317868136384326,12.860846529970264,51.7667334658724,74.95423372910349,81.8051694782083,81.63355974650504,81.53854532033617,79.52128762386327,70.01448019876578,68.70320147262103
2025-10-13,74.49548539645974,72.63794208938491,63.25531034905985,63.742875806324484,63.318650664349086,68.26258867113675,74.55585271767073,73.69592684278409,80.18552036817756,76.82805616496188,69.07726317505632,66.06389563421531,46.20273555155491,57.427065843620156,65.86284722679494,69.44417104417204,77.78724163470467,81.5041287635591,82.9142266089377,82.200177189846,82.06123446905283,81.68154236418133,72.70874215047974,68.23542775945403
2025-10-14,76.58131105396532,71.11808471217385,65.62555300999598,66.0901490101337,64.70155150238713,67.52198642744884,75.50374633108815,75.40376012822007,81.61188382176861,76.78536547838462,63.508538464048776,63.219956272027765,34.26460381804448,58.85604067017373,67.73471589566141,66.5646990321388,80.10701375541471,81.28921154373423,81.82250015618298,81.95419229502808,81.81237509706848,81.84015035227839,75.71032960621432,73.71335925589118
2025-10-15,77.28805982266704,71.61142289924703,70.25865962617665,69.3686968647736,66.2247593783378,65.5071537491763,75.14784173222114,77.23712020481568,80.45704819588492,76.96951959005634,65.49195879596584,68.2616816149077,35.0918897418587,58.342227707795686,69.90040622399151,70.89134300046275,78.84193025079922,81.55114314471008,81.82053100787323,81.59243621412149,81.59278799682001,81.3471379476174,76.64449929917281,73.56579180869723
2025-10-16,74.70339440912014,71.3230622092948,68.27439965105356,65.76417672895273,66.3042402471655,67.18554654225305,71.77201531350619,72.80852803493357,75.69827322576414,73.12466329625907,50.17563294716755,48.443908726692904,33.52732009837634,41.05584379214119,55.73503309285319,64.4064602252258,74.44309029113022,79.60084884592942,80.55480937309125,80.61715759713674,80.64027280162202,79.4208498636362,73.79723929818101,71.62400314465643
2025-10-17,73.87970042370462,71.40806707670107,67.35712786775832,64.80250853014327,64.89300863492434,69.19002494247664,75.02667810703788,72.27099112072436,76.86307357834629,75.42243343358726,48.22332527876013,46.83200917649425,27.22549334272362,34.0173011931947,62.184730912420555,66.75802137903896,75.63593718280762,81.62902140613188,82.0141677827128,81.96122075872955,82.06809691881269,81.78758467097896,76.13218402607208,75.29907462535473
2025-10-18,76.50068725161407,75.4170768280575,71.14782984601545,68.05595854609845,66.51530451153596,71.84948329755046,79.12696896398671,75.24458174622089,69.4168280195877,65.29252526846116,49.14097726679248,41.50951523350392,15.722280199727876,27.163391154786062,46.76091356553352,64.57949823182807,75.52651542871999,79.72725118759747,82.09071063152821,82.00077557537134,82.23688392495302,82.29572912475174,82.15069732183078,77.60725478114539
2025-10-19,78.41170884009777,76.39779752436749,74.28428878328886,75.16745082896242,75.38825497427551,76.5191020419211,77.27426123598735,65.47436242720794,38.02184107224531,27.65661714178002,13.328581115874565,12.107189630113464,5.664741018351751,8.972953789278003,19.857688647257955,30.994479410243702,61.207179053358736,79.87444323015659,81.14891369708994,80.64471393107235,80.99225633502063,80.47061781770331,77.23815187656756,73.25907902597118
2025-10-20,75.4324075495554,74.17001315937556,66.9220979541836,67.56606796781263,67.81537773753364,69.01181059209901,75.92294301017593,73.63660214773618,78.54386958942507,76.59888266050346,69.61985052839513,66.31124764949026,46.62417395964816,60.64055501635069,72.2732633384541,74.03547768612722,80.03426379374272,82.05917212596562,81.86146541860595,81.75160106292914,81.54558411373675,81.67701800054597,76.43713291532352,75.14203760432645
2025-10-21,78.48922924543787,75.2782586815862,72.52902931266266,70.06996265190918,67.79085981799992,67.32722167947796,75.41051664955147,78.0895432818736,81.68597619588124,78.69751973942499,68.47991461750071,69.29894680918916,42.61813683948472,61.4461962934299,70.09523762988984,76.69707284668671,81.20281497109421,81.67968928435779,81.50409185999341,81.41114711018976,81.36676469402211,81.34871208004188,80.91909298659907,75.04017566072639
2025-10-22,76.04379543955353,73.23674722842996,70.3415647604939,67.1578066701758,65.2332487935968,67.5762145545664,73.00695973422029,72.39032851557727,81.3382407835073,78.10870353044982,71.24473935028718,65.86597627040838,44.68913268150153,61.036857171310146,69.90630062503232,74.9896342913212,79.88972404916443,81.02389509755274,80.62988550330941,81.04335965367777,80.98487971061816,80.24694982044569,74.6783799327873,73.73567389565538
2025-10-23,77.48085288243749,72.89216423958939,70.40252454929791,64.34898403226626,63.54902672441488,65.51785085831172,73.43799628667297,73.77808418881676,78.75091593822152,75.29086780131601,68.73014510457794,66.95415854046628,46.42332376099466,52.559687523793265,68.47823811118035,72.82795963571303,79.39257097537097,80.50160835129509,80.43018101440775,80.35715923035478,80.43835434154,80.27141793984248,74.44719878492087,73.48595399290373
2025-10-24,72.98525226525021,72.7295175312238,65.3142693382547,61.232613634146944,60.3948977600967,63.42076333626,66.9210639448904,70.52060713362751,75.13326302811896,65.00130492072502,59.37590456564093,48.51924595186904,16.137290121514653,34.034124249589986,47.77059048048704,63.95563349464812,76.56008734735451,79.39894944934706,79.78431634021109,79.26204769767776,78.68387510999868,78.9888853893855,71.84811225739774,68.757382854511
2025-10-25,72.654545728992,70.9224297993216,58.92363081090427,64.4051263097866,61.64424665624567,66.10369216217644,73.93534017488687,72.60802179211211,74.00671558659774,63.164487852377384,46.86024030947973,39.5969761777387,16.843267189235572,32.43646355057452,52.72514427081158,64.19543745082251,73.2765770598872,81.24577914021188,82.21707432994006,82.10180669805713,82.38026252387264,80.90078332793037,75.85019032259187,76.43108448971539
2025-10-26,76.41273620156471,76.72518348992023,70.74635719474603,71.65911963009853,72.20443675405025,73.47358417457727,76.65716817410492,60.02640154165233,48.13752047879536,40.79412363248459,24.930142677935386,16.824100906399707,6.813145027567079,10.17165185046363,20.270492581906673,41.229865757217254,57.253980109345974,75.21064648824907,78.86544697132751,79.1784539609286,78.94695622941879,78.56319296989972,70.420732174759,58.274985372173404
2025-10-27,65.07967490063497,61.3922628846875,50.90351609648352,45.1360582568725,45.71095782724121,52.37517702187226,48.18203899161807,50.64807444244084,69.24849601501774,64.19697065409535,42.14402832710417,40.24838697406745,11.757136240298024,32.02363979922445,38.36103595147924,40.49059068442824,65.16150070690581,81.66871474343777,81.33607584325628,81.9302993222374,82.07281792585911,81.82039340722126,77.67303843051187,74.97851192050433
2025-10-28,74.58607213240191,70.15014552175471,68.20732002124434,63.46617027120664,67.0107771975085,68.27536178117035,72.5510001511248,70.10879217285792,81.17933191251856,75.0977171444611,64.19722808063675,52.970676392970354,40.79326385509656,49.63659140442697,67.28351045163687,70.70713182439802,81.09287770354521,81.96116146050966,82.29570645005685,81.83634726379421,81.7338828300844,82.00158662706764,81.11071891192681,80.89985596631097
2025-10-29,70.51030710650198,59.11053757177561,55.09547415815121,55.87432184900921,55.58760499713632,57.35249911427651,70.97025637567694,58.830800073758255,71.87133483357164,65.70533472591656,57.65765574461429,51.71538656216206,30.81463325866945,35.02153793388385,47.59960665944152,62.04788494672342,74.82780243004314,77.4983956215069,79.27517463656554,79.50531259901705,79.51073190568002,78.48571164127131,75.31293786472253,73.3163562251294
2025-10-30,76.19478872959846,73.77530489408697,65.68254450496676,63.62741277878668,66.44002615109508,68.5178214168501,76.8003745672351,78.54032834250872,79.5010925266129,77.79753556642652,70.17923310896406,61.1241041624605,32.41936127599743,45.00132817614531,67.0744115218847,73.98491321986548,81.23686035761953,81.89767786479501,81.77757791141006,81.6590954242147,81.62345503517021,81.5972954046671,74.18835477803452,74.45751900457546
2025-10-31,77.83260188159414,75.84677442207354,72.16940203875956,65.26306473600965,65.20077254216187,66.60779630123062,80.0126905130376,79.76785262902474,81.86756626888622,75.80180544185443,57.401077621693354,48.43165435465652,28.584322257597815,40.36204230642678,61.13114543412237,65.89222457949938,80.53811356544338,81.73222752883049,81.80939996342003,81.78301419907487,81.86342414384836,81.89842645868757,81.13311286718363,78.41054354476047
2025-11-01,79.998033725638,79.60634568038773,77.52244468030528,68.4654439584816,69.7502941841227,74.77313130927145,79.58860021149901,78.85113345179492,79.46063228968994,76.85908333382332,55.13884589987829,47.59106159794549,21.940646145900114,36.119341527847546,63.63924544819116,71.36050351112833,79.09158942417898,81.06912921354824,81.54046475498956,81.52699786590469,81.48772829478082,81.62167349500005,81.36191095447556,80.40605612753157
2025-11-02,78.86155105756596,77.84187682094075,76.00324659587768,74.93369906951568,74.0277411034507,74.77485093632717,75.50463686444525,65.22515514093017,54.50243348823267,34.266207078663854,14.66749020832503,19.08555324951873,3.841276363060406,14.993261680837064,21.311010173170835,38.04393635513449,75.51800901735687,81.58493610872013,81.72354619345886,81.26984476015592,81.13269649625887,81.16305562175879,74.9653415494148,67.72652307948813
2025-11-03,76.2742826332911,71.30576224837033,65.91287979089782,66.52985944138257,65.23830903011988,67.3720945006618,76.79766111726505,77.26528870359718,79.84754154664483,73.73797246829143,67.75964466662538,65.92951599434338,35.682593453007485,49.687576784369796,68.98675562818448,72.87934573067588,81.83341692472428,82.52750180165613,82.33137694522622,82.18998066499285,82.13096596120187,82.0908721507872,79.77463405011535,78.96825959987363
2025-11-04,77.45270176768359,71.99525618632909,67.66591457778584,66.21309787527981,65.88931876650224,68.0371310541493,78.52445374858793,78.82310918386052,81.87941126350414,79.70085965519658,70.92468901941574,69.22235126795809,41.514906646655376,60.11000400126765,73.55885619277905,77.82831252646601,81.86311473904802,81.65541150483068,81.59944524227718,81.26659737631604,81.28201291214516,81.3442899352047,73.2635109915091,72.54134532937219
2025-11-05,77.60518867068359,70.92439657044117,67.99103632329457,67.09106740482336,66.62486624241481,66.96763709078881,77.0524986676918,77.06406213174247,79.03480220888393,69.2899741150263,50.99390620105619,51.20392588628447,19.96654356182269,32.654576168186374,48.87945286567675,63.12336421479486,78.1261967629631,80.6721783895353,81.06649553794792,80.37218976297093,80.30657506172527,80.3302175026548,69.28044584819494,70.40350052247278
2025-11-06,77.23594088972892,72.93328651751995,66.33090655702169,63.92604149337373,63.389922156569725,63.947814432740685,74.0524518079665,76.64024847084121,78.68458512222524,75.58754927910864,56.85255052458212,55.88186494155898,29.34505715274177,42.18214942719054,66.38459643816145,71.95988714118212,80.55122870929577,81.897180548643,81.64927791886689,81.61115879181898,81.26673736084867,80.04797088703432,75.2710075244207,74.20319068632183
2025-11-07,75.47763771595946,74.60330209312751,71.11756028000511,65.55907371814793,64.37550354096962,67.58341693704332,74.9375941059288,77.36060315892846,81.3296748266266,75.23464216467862,71.48721532844493,70.53726516685268,44.02443000578943,56.24093380991933,72.50283352457953,74.59124724187815,80.4801262764148,80.93844188590953,80.92764740030593,80.8958440540256,80.85852603654286,80.62786670150518,74.93705075271117,75.23719043557176
2025-11-08,75.69763122996424,73.43346989194772,72.48041854867499,70.87194874739936,67.44116916339941,70.28330579622266,79.63878385704824,78.49301228659152,78.37495535668401,72.82857050966939,66.35141917847237,61.24852531734075,28.956250693745858,49.01737916625127,64.9163171697824,68.51165119149347,78.57868901766462,80.60405387441105,80.80073131352904,80.77671604270304,80.56944023924842,80.15476295061852,77.20419119415723,72.49323441885402
2025-11-09,75.64135458542574,70.70972648308724,68.16557059771614,62.0136637148994,65.40792931762992,67.92501834388457,72.531685827485,67.05509407830242,49.252127464598765,27.60018169604075,13.835043011663343,7.772647585942076,7.632385813658663,11.739419177754058,30.721387518874593,47.316958204158716,74.43687235442214,80.94091797103584,81.06217204930468,81.05028334326369,80.61740485592287,80.60722861725722,73.34783290438007,73.96044071828399
2025-11-10,73.84037558769688,69.52279690375858,64.4269196314378,63.66767095539306,64.37160378553708,65.9892503797322,76.0686283374558,76.65102021277451,79.24299329238316,79.45289401150434,69.66935551588591,68.4366304055921,35.93461941486264,52.484902414215625,71.95297508407523,75.33203786596697,81.78334289319189,81.67964043255452,81.24023139562111,81.21928796505946,81.19533790590488,81.39254149495099,75.405144462524,70.82228816706935
2025-11-11,74.67712627665065,72.01318070317238,60.239853419430275,59.536841036149575,60.54817152087451,62.622407846842215,76.40056380764445,74.04820479685317,76.53362677098931,73.61807781064756,70.46731821155267,66.33069855894497,35.143056721601354,56.68279184773705,67.70923200548214,72.4227118123009,80.97823702157098,80.71065539372697,80.77405271371585,80.94485298835454,80.98265540664123,81.47247116122621,72.88131257726003,73.12600353649309
2025-11-12,75.47468348016281,72.52528494510328,63.92365394307068,62.533923619373205,62.337516901062585,63.66650735523282,68.51399674907444,77.60808952065041,81.24845566558966,78.75043523154821,68.69064680590807,67.73781406406707,45.092554678176654,62.73240438168138,69.96979373665215,73.15636577800686,80.79601969756419,80.67231603240674,80.74974925345307,80.66562026277224,80.62203782604666,78.23858351937879,74.34253835680104,73.56737052490627
2025-11-13,74.03513907559598,68.96825743718487,64.8148238681013,63.771544665454456,63.93337926490192,66.68205958424362,76.4158019719221,78.28755775425641,81.72257069237824,80.49115359235712,75.04568758485715,69.8921088232392,50.78693780291848,66.97990359954316,72.90726358570156,72.44774853258346,80.8889195151599,81.48424000927939,81.40995767948822,81.5439873913053,81.21723278981092,80.94666569262598,74.9357717236859,74.95699618579847
2025-11-14,74.5581935722929,69.89005928594092,63.87491457829913,63.565599377696266,63.981722545015245,66.33019600962446,76.96734534924005,78.80287612050267,81.22485126217524,81.46335384986057,75.92897566721777,66.1441740983357,53.42927666598861,62.55667381138198,73.10196424224884,73.79658618764952,81.05956577951228,80.88473034075561,80.82108061301743,80.92975207145597,80.96810283285042,80.38578542634582,75.04146800794572,74.85235487989982
2025-11-15,76.3730395570498,74.82814606847965,70.59298242942536,66.1227200710985,65.82345411120305,66.61417660841299,75.31983437650011,78.60073995238548,80.94269303167937,73.10762149635705,70.78909400769203,59.57674180551193,40.93531954209938,55.07424068110662,71.24632103152143,70.59658674447203,80.12240298461165,80.6414009909683,80.870914523464,80.94629396991762,80.69808854424039,80.10880629652314,75.65500364642743,74.25885657564511
2025-11-16,75.6329748821723,71.07697679401664,66.63419689893239,63.3050636724622,64.83923384424729,65.52925045076836,75.70155821334119,74.67532853675351,62.45654717544783,46.54624991269201,41.45597201422631,36.81589582675989,17.39796016261346,30.068809921777156,37.37798660208021,63.645090884167125,77.10802624072596,80.94276394254751,81.11987711946217,81.25549511181705,81.20759198016057,79.99306461117443,74.44855568073493,73.5670105594918
2025-11-17,73.62160318305621,67.58438429418808,61.85996426160486,54.65647511020925,53.7500541574321,56.301452493925936,64.14078954761217,70.01051146903728,78.25846184127738,78.35481622756582,62.155467766206684,58.047614418084464,20.95757407390515,32.19892792934913,49.56625494910636,65.92244553038482,78.37290083120271,80.50543626310086,80.14995926848202,79.74556876974582,79.38522583644698,77.74859150367439,65.778845092764,64.43100597340887
2025-11-18,60.948695964998045,52.09845666032097,44.0887049182053,41.403485101674036,40.69127238283896,42.36131999070695,57.24156363378921,62.22711437748499,74.60444698828088,65.41994029826975,41.24631698732779,41.43493006403161,15.712935652822107,33.54558847238074,37.2697575509362,52.19978859658751,76.31056888258556,80.41482695959982,80.39360351954238,79.70126806846258,79.73204466057264,74.64120184470798,64.38591163128132,62.16627032641586
2025-11-19,62.13542662331548,54.57375626819044,49.822006905541336,48.726685616238655,48.340344842282825,55.16176746352125,70.06189955133244,75.85792538560997,77.95111102577249,71.99437293429642,48.30522472803116,45.690891482278616,27.711504950266654,43.9864250716191,56.364570409606664,70.39353439903383,79.93097794962891,80.43610248730378,80.63263399774966,80.60861872663965,78.29519630957452,76.86158086648788,69.92691812891961,68.14464187330957
2025-11-20,70.7817435258403,68.12309179321096,62.26506823435687,59.752767706993204,58.63601270232652,62.104450937518145,70.62771904022904,77.61646019794713,80.58723419870347,77.08558666935205,64.31516637630739,60.248055739467574,35.21088832063679,43.22689178550186,59.198025778511905,68.05603255227373,79.41688942190451,80.34367089006193,80.3583154231802,80.37698783627165,79.50660733113185,77.51697889204846,67.4842167021927,67.67248946958895
2025-11-21,69.57953759420387,68.63390780814179,61.03385751430072,55.353366892669555,54.67618391823365,54.17440171284396,64.12216023104128,75.10259974626662,79.18968523649212,74.19651219103429,55.749777869068424,44.718889007866146,21.801888771506135,30.045248801466048,50.4049452116685,63.908291283815224,78.03500517975363,80.71519808535471,80.54387877069263,80.44871890127433,78.81939842731151,77.46226170249398,68.62477876856796,65.08428521378487
2025-11-22,67.53508139412385,62.89838096530572,59.83062415878837,57.11001571330563,56.07788396358809,59.899345047937786,70.8256781432153,73.59606293145288,77.52149149026874,66.11175036407153,48.87765922951929,40.501296729627896,14.92778605922118,26.38816894367578,39.54529089901421,57.83277897166896,76.50879087861199,80.38926187189556,80.85638314095635,80.50686924097725,78.62994102232304,77.3342010578552,64.67687123292856,60.37029599961476
2025-11-23,65.1183402720591,52.71445529366898,47.44121398448456,44.98102098849976,57.70298325698193,54.16837230154788,65.24442893672366,58.177786054890014,45.44113614374022,19.020215542957093,10.924143471057176,2.2358710833662974,2.04268055650368,5.626167790674354,4.440984701094509,11.772186848549618,71.35540439304383,78.07902471127596,79.56434299242756,79.87859572640892,78.28805341169166,78.11589101352139,67.81377542187744,63.462134118387276
2025-11-24,71.50138861771974,69.45689453028896,60.07212287438574,60.80822726656318,60.24885591547243,62.53566695998926,73.68894015849776,75.58858084858412,79.98660554222106,78.4098545936626,70.91788507974931,67.32803167413147,52.43818596458529,60.82398127825163,74.18192857372132,71.70320975543797,79.20739746574046,81.99548527944786,81.54413327812998,81.39644341313283,81.04386270784744,78.51426749147922,73.28703335985652,70.02809981331428
2025-11-25,73.76433386607968,73.92589063353772,68.65962167756145,67.44916233486354,67.5184645468669,69.33347054508027,72.82555354503688,80.02748509415662,81.43478295221189,79.45307254967283,77.7673216621612,68.78895700602482,47.22195721678251,58.13848003858795,73.78112685626837,78.41368789456496,78.59368916130067,79.5847891433198,80.01379951552674,79.5980940447877,77.88536126604721,77.81295804229427,71.8413652277273,70.17089250165019
2025-11-26,70.36747317656604,70.50823744990564,63.610867482023764,56.238754889352194,54.9566283746485,59.457327674310974,72.71269004864074,73.1641484086578,76.19708494588848,74.34057339854682,69.46968543955683,60.54570523077736,33.80073836866673,46.06255448078214,58.31779950184777,68.63820990754746,77.99130611051069,78.70821783171682,78.86918817484832,78.79357176248219,77.82038909281752,74.41562324475927,67.43409475872231,62.414461160356836
2025-11-27,66.00834225482966,63.91881720628388,56.18918724187552,49.77785215793118,48.4184118313421,53.945510854844024,58.985250387789534,74.96540227732996,77.23455335161611,74.8380780019185,55.433867184565706,46.54198148192728,29.245151255599115,33.383690935744966,52.87485346101814,59.76762539003158,79.13771208125708,80.06486951857055,80.00514126828186,79.71804719209837,75.61461954635062,75.79932629099771,64.77563901021013,60.87725265604448
2025-11-28,70.64491399469793,66.95765472344155,60.362006890511466,59.927097180266166,59.60449630519999,61.89520879745362,74.39175906930996,76.81809692338076,80.93306787200599,79.58868868972012,65.26530486777793,58.50412213693625,33.618970872556545,48.03835074486151,63.32515161237808,67.07668438830792,80.4251241208463,80.59519673312461,80.52995353679248,80.51448416398749,78.8917040487128,79.06642793644143,67.68657363352736,67.21089184820381
2025-11-29,73.79918128309635,68.3569702736502,62.56857808678699,66.4398643945688,66.05169532483893,66.06570626987556,73.67940724095166,78.45550451319535,80.85805083810287,69.78736278649075,55.85076706002814,48.82559146129332,34.939064348242965,44.96428366283693,62.71909861911599,61.81613779058826,75.83926007896446,80.05351589976519,80.48488748334957,80.52702135275185,79.62230966958506,79.14059603182581,68.76031544434142,66.01542231702348
2025-11-30,69.87406928056508,65.75496994585775,62.20344834041378,62.82110541820915,61.33922431249521,62.806810699972,70.06229161478832,70.42741438958197,62.023448352438336,45.44222588807235,35.354565362607985,29.9729447447692,25.91741262112986,34.2178077337642,43.27384392255284,63.247705113622416,74.78137840881564,77.86438528782617,80.45769169297355,80.04026489589448,77.89614805292992,76.78060754893241,68.31385092706445,66.34465072527861
2025-12-01,71.44528924744837,69.09478884824065,61.85870986976331,63.70916529365187,60.913339006183406,66.29652246377577,74.1153819231006,75.08280286393638,79.3216671699722,77.81922087889686,74.28689985546431,71.54395902622939,57.756165743314796,68.11707218520775,73.46203363371447,76.20371293995541,81.59614205427663,81.53151826704183,81.49024652379345,81.18407738115464,81.01806925422432,80.40877001838703,73.46443627889313,72.15078563473554
2025-12-02,74.55184836897814,72.6799443834214,69.42164519412198,63.37938057385496,62.60767730740443,65.64994297069983,77.12782729910185,79.2643616781987,81.45871650104131,81.80190911275618,79.08701164890884,73.52798189463826,61.66506875728519,67.11503224798919,71.04979240215752,77.2702411684052,80.40912353915937,80.96835373609578,81.08559664862871,81.06734079921216,80.84109644999688,78.42216866296594,77.23859841084086,73.61116534379916
2025-12-03,78.17499499979289,73.9070929696111,66.50795945214503,66.02992492439051,64.66203282636769,66.75899007420172,79.33229953821115,79.96816842535029,81.44753412180305,81.12585642133982,78.33758149295163,71.68815966811147,55.197314733188776,63.45625525756442,71.16145834635597,71.74445425336235,80.61757074695961,80.56248904595199,80.48243228443503,80.5452875594532,80.55676175690768,80.64348455506105,77.99531884637531,77.71354934390301
2025-12-04,77.13572836971473,75.15278968803453,69.71015017519936,66.56107743200529,65.98948297958984,66.8379379694844,77.32560392152381,79.68897977935089,80.76466642098833,80.44954660672227,77.20426322331103,71.47818456556196,53.523451547557286,65.11984870362654,71.5036176986017,72.8685181428692,79.32579764865801,79.47781179980419,79.3819917900158,79.42656683911892,79.70860504211736,77.40674700102103,72.0872330777262,72.80272123343799
2025-12-05,73.64761777096888,73.09405871797372,66.41196816137925,65.66277269763565,66.04481856036436,66.39593394162999,75.56419192042692,79.5740335375742,80.8286816977461,80.85772181300173,68.67839226058888,67.3570278159757,53.89125220679705,58.98309400510235,72.92829442519628,77.64915497222933,80.23973505247511,80.17479014885535,80.23098139459024,80.17013634904664,77.00604707744566,78.0002587242913,69.20257050745903,66.04930629830679
2025-12-06,69.34602561386343,66.3833737869248,60.98212620174409,58.86176869212399,60.492940613554225,61.96571510146589,69.83950241046699,74.66100101116852,79.66431936074719,75.90053304276039,66.37835060544595,67.13344254920496,47.02224588321865,58.83162008205635,64.05298848988062,72.1388361653342,80.2877109648382,80.41984622447195,80.50274842593552,80.61698887786645,77.73359379701498,77.4261198958499,66.94050772864225,63.508527282203524
2025-12-07,68.1654762656238,66.08418211425668,62.07224408651289,62.773078320147626,60.916246635207955,62.17547111150124,70.35533316190126,71.01689291341533,70.23885306756665,62.666690085182815,55.11022572918839,52.49851189633195,42.31275379581284,57.07325881430844,65.59019648486809,65.94420933444798,73.03775750435487,80.49084636165328,80.45208129704231,80.65885531006994,77.8726204977966,76.45737746491797,71.74285694494183,65.16071980048237
2025-12-08,69.71114165980477,68.1973105014057,58.609369687837614,51.56785291941285,51.09090111201638,54.50971415479269,64.13547652178987,71.03604844518865,79.95275773320256,79.1512868603801,75.56462256415007,72.91536966084192,64.0285351676888,69.05344827582324,72.89167302688665,77.57127848964429,80.92754538857113,80.5477534035242,80.1245108385059,80.16896975639912,77.45943598272986,76.8165901721932,72.05114962184695,65.73791009325022
2025-12-09,71.84283597892686,67.72055358439677,59.522053116940256,58.71466209001905,57.50335052186601,59.338131589912734,71.89636090430001,72.39032807606289,79.65614243364658,79.28361689566998,80.14659225195932,76.01857866469153,59.1616229554098,69.08935696432567,74.22174398262514,76.09740890346761,80.22810990566902,80.32393972119232,80.33338583140926,79.30607497370674,75.3493616876474,75.91465557090298,70.54221380644368,68.47371461359528
2025-12-10,74.33775873799239,70.14476547817986,62.43446249765816,62.51093636107426,61.89403883511061,63.21305200649279,72.52252090916713,74.3011757526497,80.55730936555742,80.93998929781121,80.73436753923596,74.84985089019811,61.352775674974424,68.67990469163935,74.53478417615233,74.25769386316651,79.81475055733254,79.93353671828888,79.73373465934743,78.90123855800057,75.81511279729095,77.36280050553201,71.02645985925385,70.97333649961521
2025-12-11,68.94086584066245,67.7749222941306,62.47519988936206,60.209611084161374,60.351974103854864,61.73369432916171,71.19614582131275,73.82099904780365,79.74499733229209,80.35961687446434,81.62036259593214,75.1155193527057,62.50794901930439,65.96827477763155,80.03032046814734,79.75652929547839,79.54527978189084,79.57530675639764,79.85184829311936,79.14271760640284,78.03917352708001,78.88321994254983,74.99435908939853,73.40793371171179
2025-12-12,73.793149531841,73.7816679012079,66.02785894757766,63.01515276633961,62.684169153174054,62.802620658915075,67.92699152349273,76.21237165618187,80.7305229158033,80.2627308650061,77.56591550921465,73.98983602342365,59.672588722813046,62.21028641869293,73.61153207103042,77.83707650002613,79.99837064374307,79.75330314089157,79.72320115236985,79.49841136130335,77.8000580967366,77.92087693129102,71.987047583573,71.85409022658273
2025-12-13,73.64314418355454,69.59617959568348,62.38745707391705,60.6531434046304,60.07350213847809,63.692700445703686,70.22481079300124,70.93569643725911,79.85817839356608,79.0743467474854,74.8688328882154,72.41923484603477,58.3171854493213,66.34160871816898,68.67031289248209,72.73290250226208,79.1026168935977,79.33374711161731,79.44112989136754,79.20942386951535,77.28505234551987,76.95932365769586,72.0037657766327,69.67018047950425
2025-12-14,68.35933589984877,62.85704156845619,59.46048562142882,61.402219765601984,60.2698026311173,60.887625463713476,71.42596492233248,70.56047444510347,69.37925093065326,59.77799698764489,59.423598542722054,53.97276672253458,36.61783180439045,50.511315975630296,54.14636731781002,56.19534885448573,72.75268799580148,79.07469001017732,79.56485723062737,77.38894981279373,71.55922379365256,77.14526752762583,66.693448776531,64.35413318982746
2025-12-15,72.94845808485302,66.26307524028658,60.31647857088965,58.102290516936215,56.7545951213731,60.733118939888,71.76916337581835,73.8867587788168,81.07420557805575,80.24741195789436,77.15190884649866,73.76188953238002,57.60951852211402,65.41277221963047,71.84016765394784,75.95723118089812,80.19292688093512,80.93909177927071,81.13788429383524,79.50494685300038,73.88128786300179,78.59675421914841,72.10834319820076,68.35647370338766
2025-12-16,75.18533058740982,71.61410310600088,63.01950502634527,58.444369450161346,59.138865765400524,61.75691822379247,67.53492169052332,68.18293989999346,80.44732702636233,80.48935202486108,80.8864301230163,74.71718458588647,60.88350904661659,65.07599522634376,73.05302228967477,72.05468619581198,80.30908040076301,80.18572741836422,80.04386941523434,79.43001433689508,72.58093014956121,77.12085992732811,69.10387174887597,65.58532673936502
2025-12-17,76.11732041543256,73.86529034820947,64.99076668043136,60.59729010563722,60.135266202108994,60.51588771218178,69.11331891543765,70.86882753483904,79.30199632675418,79.89722472466563,80.13512239366378,76.74676052147964,63.360120111378535,66.80753489594119,70.57599910069275,74.69811260294138,80.09832290961874,79.89349135496423,79.87381878551454,78.32330479428158,74.84815976019603,76.39622698042211,71.89566540188719,69.92916549869669
2025-12-18,74.9481380183233,74.77398863242496,64.32735523126358,62.390122193366466,62.96044298107587,65.33621737499595,73.14732999198499,75.23055824493491,80.27092817049075,80.61102367456566,76.9633732343518,73.9079841970728,59.72769697923294,64.62559848985022,71.36450263840517,76.36495749798192,79.73960024887889,79.74752832743675,79.90963022385311,79.16321676211261,78.56422551279563,78.85409366228942,76.74357068851468,74.38257010007811
2025-12-19,74.02834054461533,69.45633754607455,66.29994450911153,65.96554525617928,65.64114367070317,68.2913100764887,78.38020171382405,79.33941211221236,79.89812610868984,79.83399659925863,74.25700965604562,66.94530904398917,53.90731026044897,57.57614432367968,67.41788865268249,73.63118603425859,79.36728726425937,79.49016965750432,79.35675290260701,79.34884076067809,79.68258888779538,79.77305626443791,77.55205444545753,74.51748097908789
2025-12-20,73.79716084121354,71.49814345804701,65.57347814386304,65.38836303923856,64.21099208192001,65.97294707843375,76.68677364878418,77.59839679529529,79.36884767735734,79.876201755319,71.58766665247009,69.23891572031998,50.75018939516702,53.013164484245266,64.30483300399612,67.36042052044228,76.28797580083439,79.40877754437341,80.07761851892606,78.1167319210029,78.00444818989884,80.05953462712985,71.539003019812,68.41319608967916
2025-12-21,72.63582576272411,68.32972877006817,64.47132501627277,61.93630502276628,61.64914502669812,63.2361977988421,74.58019000940256,75.36800854099198,74.26664135747323,54.937779738256,46.54487741346971,45.14262106049078,35.5726861759421,43.89465876945507,54.96321540168568,66.7635880283156,78.51115160616237,79.5809420449423,79.681476749938,78.60911686049998,75.95162577368909,77.0951347427496,70.08863640814295,66.63617536957173
2025-12-22,72.5702495527214,67.66689500520098,60.87114556947097,59.25428916419958,59.444356524453845,60.896967429251234,70.60611875523337,75.14753350129848,79.89863453163598,75.95627306593501,72.48400771975699,71.75601853409012,59.95442635413082,65.45102650360192,70.76896264894302,73.7234497186357,79.28949693307723,79.78512980077348,79.6008136115974,77.13419951923576,70.32647464149446,74.60812425782268,68.89048794608756,63.924238118322116
2025-12-23,70.9801343353139,66.58826766184973,58.54149182387542,55.67551567619373,55.07168690924065,58.25307320732702,71.86719079656599,72.82737035853897,78.22723255734601,78.25966940338319,77.98180730608571,77.094431766887,61.13875481683019,66.65683367333042,72.94690434031399,74.60864940136206,79.26429910194423,79.69444502836618,79.62279264791624,77.03499474926697,68.07532248148759,73.33127618955183,67.72525293262414,66.93751421810278
2025-12-24,69.7356275830172,68.24734926059055,62.99031721049999,62.505479395411164,62.63766339895412,64.64769435270519,72.23141776175306,74.15927561406885,80.00256638583998,79.83215826404715,78.17491945641491,77.56570213702975,69.8189832454661,77.24776223872439,77.28623834579888,77.76200077715086,79.7428003858095,79.7993355955056,79.85910979406738,79.53729307075511,76.88961580049227,79.24890909015683,75.21260373603516,74.76640709833903
2025-12-25,71.85055299571289,70.3535368144436,67.83644539446408,66.94033907485564,65.86927532196367,64.64566017627787,77.20596826848953,78.57494480996064,79.96372365347038,79.80811281452793,78.16258084345601,77.71718971533618,62.81043540948056,64.94709352328766,70.79385571104086,73.34235919048179,79.7419402880442,79.85789597656652,79.64256494529678,79.63026267854057,79.21690205745254,79.4003650023082,74.81643251623173,72.99429911165576
2025-12-26,71.59929831683807,70.8931540836868,63.768394374377515,60.89097174196536,60.059551911549406,61.690281284360765,72.69949981356426,77.44651213364429,79.15852120630656,79.35800890533031,80.05519458555838,76.84474650077941,62.74863748502393,68.27666698121898,74.9642236866755,77.34702256558207,79.661776065922,79.69260630586034,79.65604722441259,78.5348353004568,77.20612905981815,77.37745276724871,73.18019009305057,71.41045991049145
2025-12-27,74.44846266889627,68.36071800609214,63.42750665811503,61.77450198960168,61.72985225709271,62.862295057464145,69.02818559514671,71.29100200308413,78.06972353820973,75.06608576991994,70.39700821165351,66.70539822470423,64.10109754326099,66.91855301195608,67.88341081629896,69.47861930185124,76.86759797272683,78.98418110154678,79.14925556139282,77.4476323574875,77.96637598338958,79.47977484827594,74.32789627846451,72.40405602924713
2025-12-28,76.73196853017238,74.3604810819268,71.704033636112,63.15036238398122,62.80922561068656,62.20747841611727,69.53156925767381,70.61379677385357,70.31904323293959,61.51678114909835,52.79738662117863,63.55718616490864,55.0490278878195,64.56042939384609,66.58967972714679,69.86415953978499,71.52449409772238,78.58861783773888,79.75128127557073,77.52038703104921,73.12386615144646,76.7561913819498,70.34215921904304,67.59917460121738
2025-12-29,70.12980191199411,66.77948442346297,61.82667549016211,64.15435511331995,59.843292322257895,59.27590493445361,67.98243545609301,76.50058939555102,80.50124431880653,80.03631358173918,78.31527173641007,76.57423495565946,65.59554252104036,69.76005328363792,74.54495166922663,75.62731430270024,80.492310937483,80.52058902516029,80.40412199160376,79.17212875554918,77.74265820047619,78.43716000786813,71.36180341316319,68.69391667543998
2025-12-30,69.48511442114265,66.2308398218566,58.236890634870754,59.91975802903144,59.328243182288375,60.94591665782258,68.32015816307107,69.76127014427783,78.94607592186638,78.61950201849734,77.30435501097978,77.04921530499357,66.3247650299199,67.85632899771754,69.82118198019249,68.85407212223689,77.69324175564444,78.56697541600836,78.66435897862915,78.31503446291313,76.90804090623145,77.86241940214975,68.6572355553644,63.81074723934845
2025-12-31,67.82369084894786,60.38283640987121,55.986905888094796,56.23488992728793,55.87005213737874,58.11054675689903,67.99431048027685,71.47966463650569,78.67902663419407,78.6416266042282,69.30075661027381,68.00807707713068,55.801457206596815,62.16838215216469,67.20904476433012,72.19120941433422,78.49735614243842,79.85384208818101,79.73629976875385,76.50632571695199,76.1009429152548,79.40237931503016,72.18520740406906,71.32498245408357
2026-01-01,65.82753265958152,61.15622147703749,56.46849911035677,52.796432344978584,52.85104315802408,52.857483817256586,61.60334281134281,62.99926764525866,71.90269454047612,71.08348571405557,64.77910600373238,64.88403832124855,60.836013471846286,61.32289233517493,63.18400039028808,59.93194841103047,71.18035359207656,75.2794657774845,76.34773540170528,71.37133986833928,67.41824877628308,72.44045603267872,69.37454906709065,66.06211047591563
2026-01-02,74.44064265904747,69.32875022256158,62.74783148418483,62.235747384650494,61.25957927020532,60.89531724363264,65.46349722566816,59.626604729369866,74.69172588298285,70.47090196160273,74.01181809265184,73.76798265587603,72.43195503638358,72.73447740444952,73.18781503876365,72.97287386371313,76.04079233355363,79.64211935179513,79.47311061983653,78.96420695686915,77.18285839100336,76.37032890755034,67.89928667055973,64.18678569157453
2026-01-03,67.29523092534032,64.00705140819376,59.62640614025732,44.29355586404476,41.11547596923789,42.363823354652375,55.37871974014647,60.73742310774016,67.85849693178372,64.75271290140682,46.24680660090525,36.92994779004563,22.694799379837,26.733628099914537,32.555892279210184,45.257198349689155,66.36347352451716,76.15915321792036,76.9258760561952,74.6437917826357,73.5032776590125,73.98483205214293,62.53237031723039,58.02281275657605
2026-01-04,62.24359437633165,56.22895546866667,46.47490262595142,46.534315849432836,42.19885230969783,35.96227469582979,43.90565437582187,48.76010027901001,44.19172298639652,41.31478353984758,37.591296823888996,32.48521957397692,16.18484535082976,22.749081504462488,30.46412261969497,42.07940501390547,61.99310993143685,73.68319923618279,77.97961407297426,76.85558186601446,71.4326589972584,71.9310286554112,65.11747548374679,59.2303344178782
2026-01-05,68.93971803271367,58.353682032380505,47.3874935418863,37.758652320087855,42.80664805720526,55.287460342204085,67.78425233721201,72.50087078255766,79.75225790348284,81.07538082390757,73.37256281366948,72.69229907720425,55.51804668315047,61.96209807930866,65.71590828450965,68.0831378356904,77.10497361945976,80.47139247340083,80.72969687206826,79.65783460575983,77.71026970960433,79.46975802112671,69.55982024159891,67.70211139923848
2026-01-06,68.0823019992242,59.573827154194284,45.17582566848466,43.496765538429024,45.015448055667356,55.419792640770865,64.61777827872065,72.06658192486455,79.24986274947375,79.61438563817629,77.32723313722504,70.29252853842017,52.069845812110366,57.41312240211687,62.74559189277631,69.15426734392932,77.46640131317156,79.6533560314704,79.81369845370673,77.88092158043429,77.66923329410633,79.70126554861137,69.51978668316164,63.88854893509794
2026-01-07,66.51296974029053,58.05825317496748,47.29105455010607,39.99793811979319,40.13897958513199,41.33810478555295,54.70383120336295,69.88826907973102,78.61983397224087,79.9750545891759,75.87866996096288,66.93185021090726,54.87644122213557,51.49561829813789,62.091221533882916,67.62234420976354,76.5864254925148,78.65730950280802,79.10690651877866,77.29520206428612,77.21553730637453,76.85734642857997,66.54837885820749,58.58450176122115
2026-01-08,57.340974653800515,55.31025884195501,39.4174828184436,38.85423572576996,39.740179161335796,42.38256322600663,44.702476044052446,71.33543445773061,75.84755551152686,71.20552656512004,61.0909440861854,44.927954164462115,32.17534306739091,43.03769031555744,49.19309428699247,62.02318307280889,76.0608250099623,79.24321065602798,79.29185605208366,77.72532567944963,78.76710895531188,78.98276310304617,66.85197832235757,62.673461332611396
2026-01-09,68.83642682390219,64.04092261273007,57.7562120182403,57.316653534922324,57.63971446312909,60.82304455165585,68.00943555545116,75.49706367341969,81.12130685162457,80.69230659239288,78.22736130289644,73.67546364489505,63.8609044486247,67.97211329186224,72.02095190681085,66.8412944377901,77.51123418493918,79.9866518760566,79.07861154992484,78.79689612947375,79.51286528465918,80.06525017203863,70.81239021589317,64.58832985382968
2026-01-10,68.24722118063637,61.71750504510605,50.22878758327919,47.54585291201475,50.14337315145389,56.6105416657731,62.959657972009914,72.08144698476907,75.92578438830841,75.31338100089705,70.78707327325955,70.84212934435482,66.93434199127118,66.23792866797451,66.66949288891722,66.38981492982491,73.42865838433401,78.37268375637413,77.6804088100148,76.74798125561156,74.75718424511383,73.54800805776141,63.66534580600852,58.65439446421714
2026-01-11,50.60210268306823,41.7411037158797,33.821893694545686,39.364696966012666,40.66007930699765,42.15260415212437,43.99372359424762,58.04016393683523,62.53225981582668,62.595047291528424,61.872850814060556,58.23817023650538,49.81180992593295,49.26700050931574,48.755566527484085,52.17635579463356,71.87071993823913,77.03057554657231,77.47294724021232,75.9341030342303,74.99140437589311,77.30959690356201,66.26630002869744,64.29258512456748
2026-01-12,64.4646366924744,59.1122882608938,48.92117380114762,43.446638757460036,38.596130720338365,37.98910239985722,49.90004256328794,67.94269871211742,81.09002967683314,81.06762048519599,80.02287134801124,78.51900266692289,70.91354542348725,74.02989936069663,74.69644322072381,76.40571555788584,80.45019373055639,81.10130435501964,80.19707065984633,79.49929607219889,78.56177773273006,79.38764056107578,69.93359928507553,67.44156381448964
2026-01-13,69.60474799937624,69.37115540075855,59.654556266071666,58.89488602714933,59.09390971077506,60.48120180305534,66.92522351585396,73.65905997932789,75.50417308376487,80.40218615775713,80.86930178838462,79.39062782409609,74.08253479933849,76.93897952416287,78.60667952856541,74.11799723697973,79.67602887211778,79.35281091382673,79.36678287756433,78.50907721093766,77.7093669717208,77.30721186580564,71.71804871021635,71.02835665993985
2026-01-14,72.06410718855294,69.93232567868516,63.69601157296712,61.32974714134163,61.10483666597088,62.479061839564714,73.22625132033185,79.60462790659618,79.76295341324044,80.13980287537022,81.04775650447814,80.03047385142453,74.99058271303335,76.23858519265337,77.53578926327594,74.54090293428752,79.72653404368293,79.7306255083246,79.89127978535477,78.97841908876,79.39585755606983,79.48521827024307,77.14445237709623,72.01525795726269
2026-01-15,73.89774689222138,72.38313429674882,63.66075068688097,61.95405070838457,61.33240252321416,64.04898626854768,72.38717242165005,76.94788864919252,79.13318815172254,78.80393379477817,78.45376844727133,76.16337415427286,71.95669934003135,73.06212528617303,75.64726109802955,75.86632688326299,76.79623520141571,78.28601113685554,77.52702953419181,77.05785942739786,78.59219486216544,78.9965707444207,76.54800044353766,72.71339829151773
2026-01-16,73.55155864958792,70.991223592705,63.580095537546484,61.73659874163162,63.336914949470014,64.46662765696198,75.41555423845035,79.14040438605346,79.330674120571,79.3025573787065,78.71331531975106,76.4332279494765,66.29209115598808,68.70363101114451,72.68471151884918,72.15361473421893,79.2121902645492,79.31100204775571,79.31358701488499,78.53259331302769,78.57091536152828,78.00291908693501,76.80215902108732,75.85743331331139
2026-01-17,70.82255446235587,67.01728618329184,59.212950194929924,57.01523672119004,56.00635349219413,56.85472515177834,69.47628501669627,72.3861759947925,76.80802442525324,76.18429306753117,74.78675695318118,73.27085983235087,60.8220553319215,61.3784322755509,63.61199161188875,61.73210076485365,73.78441862222896,75.8757044723017,76.8414672614445,76.01981837455611,75.43893830725747,75.79867209839185,65.03118553982733,61.39479443986175
2026-01-18,71.03060167598092,68.81602437038168,60.7969778523127,50.93192240540907,44.84224853283496,43.73517764233204,48.57887935202809,43.55594272470136,70.0381765873312,68.6878289259767,66.77898659806974,69.25184959299955,50.38985063495745,57.16590733488196,61.02640571529763,62.84833682210079,64.96392972107935,77.1235824334479,78.31905474526941,77.93355065856413,74.18644782583708,76.39627713854246,65.16867023347649,60.959280119078166
2026-01-19,67.74622500496721,65.75953450711128,55.002778083929776,50.77707306374377,49.61705047679031,54.673854165096245,62.916126919798984,67.70266897966458,74.43576686664538,79.99012782250351,79.62977802765636,76.9607105987858,74.01565908754206,74.2178899122377,75.46196269598016,72.1413010392455,77.34704975566913,79.10939623006281,79.53001929909138,78.15924780471695,76.1409176197378,71.83449010185426,69.1827465706873,67.05290665644196
2026-01-20,72.97331271419012,67.07809385780318,60.68667595249056,56.95548325027716,56.697977726524876,58.73995352423663,68.4166321239248,74.86022516383683,78.95704074153223,78.46841949200099,75.47452408780747,67.15804761961438,58.28444969002155,63.982557303215536,66.37896643849011,66.38452362055732,76.75041728632215,77.57367358251979,77.88062074767228,78.7913524991797,77.82140220012472,76.1897785474204,71.03496150932997,66.52617985139544
2026-01-21,72.82620795248991,68.16293183769874,65.00554851692492,60.58582622506284,59.69114159436048,62.94830012114544,72.04464842095254,77.80142839858863,79.73799139928543,79.81864273801456,77.78448339147855,67.49032557202544,63.659130894044324,65.90732265807455,69.3472237493469,68.17060190189584,78.63786177654889,78.86170945314915,78.91303694615445,78.7366397971761,78.3934847814479,78.31716791344304,75.54829050006148,68.45596472223795
2026-01-22,70.28833693760629,66.38430087903347,61.85606397668338,58.358352332676354,58.46585756708259,59.81455714876115,70.79190738633186,78.28040861466351,79.42800980295968,79.35516247643552,79.15432865604696,75.26579762416884,73.67584626610581,74.60642722027232,74.20607605220466,75.23681360632881,79.0261889896569,79.05341097027583,78.78810357767844,78.76766038828926,78.88903284721403,79.12406697908825,74.53990212117283,73.89230247914794
2026-01-23,73.33461631488267,68.29459219535437,61.195578752349945,58.64930778364404,57.46045247669968,60.65140535310891,72.82301998141178,75.61686869023183,79.10423351405163,78.66331366362878,78.991832145922,78.65473689451522,75.93097151502681,76.42928375359114,77.81235938597429,78.32445839856707,78.82115540297815,78.84014662194727,78.89022023631462,78.90290350019835,78.57186125688328,76.52013366274466,67.68937504680416,72.03781566810868
2026-01-24,75.25463126101285,70.55867320494868,64.97997261077687,63.30384255472431,64.38195894230496,65.07391609356178,73.41339875860811,72.24697581606598,79.06946600138993,78.79206548687695,77.47640713985201,77.377447761715,71.3334371853146,70.68339826327909,70.66000594572084,72.3594892527417,75.15824705714172,78.92119172658917,79.0551206041701,79.15592846053535,76.65192164059016,76.32956788859481,70.03425438871756,70.82532514402715
2026-01-25,72.83857855054237,68.63505514101016,64.1109345666455,62.45708602820863,62.51146690543434,64.73665521997896,72.24366287436021,71.34266395658047,71.3748775196094,64.5178330053723,59.04738036118844,62.60154754500125,60.47171256461619,55.26489704414826,51.12741159946902,58.5790589076876,72.23231371291571,77.37771043770131,78.50104121371302,78.28799032039312,77.03617126373517,74.50457752592338,65.43235386373388,62.197860388252394
2026-01-26,70.8670230951291,67.43921999520185,58.858166424345356,54.87749129361178,59.494511193683785,57.44816904895779,70.61683881283602,73.75314093728892,78.87884888997857,78.35531749652665,77.02059550062297,67.92831678000454,55.33107590721576,61.2923056323033,66.13270393304515,67.82628005494213,77.85557496563347,78.55486733895552,78.81012875385657,78.21164723680783,78.73490967245263,76.41836596588996,67.77320968251007,62.66246452712787
2026-01-27,65.38562918878071,61.09333916132864,56.79506655915398,55.83085405201745,54.423407778729256,56.61916090164742,66.47510545943082,72.75323796804118,78.50172098289275,78.64230139633051,70.32091343483987,64.85427547476463,52.02676985310528,57.34464462563635,64.83400351261749,66.66458450065747,78.57419283237047,79.42024690000069,79.3088218465886,79.41071364217979,78.18814754965497,77.11207235393599,69.90984011421052,68.5107188894836
2026-01-28,70.83054797696064,65.86202398192347,60.109175350175875,58.35879903961918,58.890789107201165,60.0883786140424,69.97424545525386,73.13522147281638,75.43377166397283,77.26680290008099,72.07077074677656,73.102354162854,66.62223572263288,70.82859846951698,72.96983647759811,72.62575442313664,79.17402882770642,79.04119914244878,79.09623163651894,79.11143274457028,77.85142039801063,77.87125291186824,68.16757611136937,65.67425073910182
2026-01-29,67.6701964777533,62.6178749444612,57.97586021260004,55.82579830479455,54.095073922987005,55.405565416637934,65.27943347020391,71.3755388118201,77.13982093725703,77.3303318920108,76.12149744299825,75.22119436035995,70.69970567381756,73.29234908933256,74.2122722060945,69.04082885919019,73.68993509047708,77.50768653626919,77.71250903910035,75.98956747225395,71.5669514331298,66.24469929903876,62.713756447781535,55.80883482894048
2026-01-30,66.69437738071463,60.4458205407014,51.37300534127491,48.62300917738162,48.54801025277991,53.26086785629003,60.57353295693001,70.6598435963706,77.8921331260855,77.40828793537571,69.55521000225497,67.83377725355716,62.58379279248077,67.38186730029028,68.34454038361683,67.68649838390473,73.48761026066475,78.42128421364342,78.65393050291995,76.90217860938434,75.24256639495492,74.40304625983748,68.12688076193896,67.59449941428524
2026-01-31,70.6043637759983,66.74008902138688,60.96476203679055,58.421357756496796,58.06083918932697,60.45731347637895,68.74049724769833,67.89201283736647,71.83537501570251,76.31741783870368,74.63861573096118,74.82437875875789,68.58345905308214,67.95784446401979,66.80642255329468,67.70251645569238,74.13607984132709,78.17011762717925,78.73612173077707,78.28684407143649,76.74982726940621,74.86848054415609,69.41922109508472,64.3250108016097
2026-02-01,70.13610585055906,68.08669559625606,64.78648160900705,60.57234915828453,61.49499024166759,59.34793045254364,70.93463871580228,54.50037153137135,49.89864853184324,53.53592798244956,54.59807568933348,50.090747118101405,45.94645407424435,50.57674648293309,52.20152125634802,53.692963287245,62.810299578915654,73.12560243006888,76.0192070370787,75.6552029518502,75.03961995974541,72.95187232300722,64.72686673151942,59.39044480997568
2026-02-02,68.78960013329588,68.04930966520682,58.54698104052611,47.162687547506444,41.3518520558074,49.186833685573475,58.197315517152894,67.72717021518226,76.65800907382778,75.86484643315296,69.49196205204407,70.20310702311953,59.287553655416836,63.56862339810295,69.78284974206092,69.54109834756957,73.72511580878302,76.86625558087017,79.90101309315529,77.37935435088112,76.32565275958605,74.00002389760931,69.06508168718058,66.46284568874067
2026-02-03,66.6128398058236,64.63273262829458,61.515402681222355,60.507649018850955,59.01306584004488,59.55753445878417,64.42775276277632,62.943787389771245,76.05527598684797,78.34806325746952,73.68581811761808,74.55433963643135,65.32863843662923,72.88162062747334,74.42035304598544,71.06655382218263,73.61411853459371,77.63167544256784,78.12060361428236,77.22017131076238,76.78792904715644,77.11914172858063,72.28408392043276,70.5859682448975
2026-02-04,73.36010363443411,69.51452041348435,65.92990388568369,64.89073437127739,65.02380770457093,65.57984998331241,75.01037586821046,78.30294432783182,78.26824113071241,77.95896345578387,76.98192291496622,76.50513660291571,70.51470269196763,71.02171390410867,70.52837696011191,67.61499203180517,76.97937525481167,77.65230724324162,77.83807939170303,77.9525729607541,76.67677322952443,76.73855038535156,69.45901480664637,67.17322254524844
2026-02-05,68.18885845883973,66.553365816347,59.500674220635986,56.498994695431016,56.21166436030426,55.78058556467981,60.868911488645715,67.32645948515531,75.73716681559169,74.87148369567782,61.491070905103555,56.85897687388298,41.5392426611299,45.96747998292068,52.043452808119305,57.08119569485556,67.06719538921666,77.16635690014847,76.84581999476707,76.41751594466086,71.62795373909135,68.19853825350437,61.27113767392311,57.41799881523709
2026-02-06,62.249538229953984,61.037960883329504,51.54371413771243,50.40554751125673,53.41829013647756,53.73311351499064,59.68242321136059,62.81417983692177,74.3765660768433,76.11463949241775,64.35569084439462,64.53908069067214,45.706222106843704,47.35494657732385,54.91536698702453,57.26286531042595,67.2374375541481,77.01314866982293,76.46033233419718,73.45473541289846,69.518301897411,67.71607908539906,55.13403688167424,57.99477350513754
2026-02-07,64.65945420632112,57.82665354084282,48.11697254442875,55.18775957114086,53.381103372911426,55.64628374545774,61.384564555024774,62.72685938069683,75.33786735449708,73.86273699488935,69.46919815525148,69.99948621053899,61.907454913817155,59.98565826319517,62.58796643641287,59.76133507925857,65.98450308417225,75.7911250655501,78.01505107128565,69.78588473760253,65.2218114694269,73.2024560414262,61.30083706468921,56.749086358584066
2026-02-08,65.00280982153271,62.433480087134285,58.264361059146964,54.56049625825411,56.46574424748208,58.434582533131156,62.95893632257516,52.72064490391286,51.03948991735736,59.32919366949432,45.90862180570608,44.03719780795419,31.99787787202614,44.5563704079331,47.334409642363426,45.07900778733637,69.26027188575088,74.892191264154,78.2305157506562,76.9376233937478,74.12585880734675,72.80734350250435,63.76147151752017,63.4985980455707
2026-02-09,74.41538799748149,69.69352860684617,63.246702275066845,63.839938798833835,63.6610186523322,63.97825663272225,70.27518658384078,68.07913981610612,77.16174935640387,81.97166413091041,75.1119725471228,74.18820597370123,62.32891088848873,69.94785659517065,70.16984736664266,71.22266155426517,74.24770548424031,80.86611620995703,80.16185566539671,78.22311153472391,73.38208370893811,69.69162815234009,67.23206307339417,66.90384127162677
2026-02-10,68.36138375591244,64.7619811785608,57.46625019975944,57.833449796754984,57.212533845679154,59.17952620929315,67.10504784035501,72.9381983452825,76.9388203126008,76.07065819854634,74.62861757942729,71.22379370862615,62.32678934554727,65.98193978675357,65.89905258149028,66.58061635717584,73.54471498971148,76.45562586497287,77.48213156666681,77.23061089049808,73.71960774334454,71.92015173812467,66.42745124328235,65.81995225608564
2026-02-11,68.82828146440063,66.4592651831985,60.31254583470984,58.63230578997074,57.92882833181895,60.0757056314631,68.74784432977614,72.22758472955447,76.3741807350624,77.31374020555381,72.86953053756152,72.38614029658652,60.919824358220794,63.408750988707965,67.83593211220852,64.81710882466186,71.52130280146474,76.62491487236927,76.30458250954464,74.69279769660359,71.2233462844938,67.36852770053451,64.13326593820823,63.16046591996332
2026-02-12,64.82578854273758,63.555534890116505,55.42119099403412,54.9736311242256,54.84196256062825,52.56296664720449,60.72064151722843,67.92452685336195,73.43044890360383,74.40875170956451,70.12432420941684,68.16538879163221,46.337032655704036,47.45760262119605,53.58596728576806,52.97675453908227,60.29236093726166,75.65891319458423,73.97507470292048,69.56184316721031,62.99914048192536,68.39349080464099,58.44908396743305,54.2588074605507
2026-02-13,51.793445436294974,47.80650272330784,38.64395203660775,47.40709343432045,42.764833264462574,38.48542395723306,48.76916448586566,54.09587172621361,70.36238449954367,71.58614528438592,69.53914286206812,69.2146778497485,52.285567364726035,54.496102564753116,62.082528141905584,61.732977076991126,65.7811648096638,72.80260174484539,71.72249917404838,65.30486056405766,57.744692407112716,62.62435414155075,54.90597396012827,53.50838229613441
2026-02-14,55.71384338899286,54.55517546947215,51.84226530654512,56.08036326558991,56.33399119778678,58.158434110286564,62.45277064449132,62.525756268112154,66.22551578673553,74.79433214984063,71.58394746355462,70.01680703088662,56.24150347999961,52.579602872262875,52.4263297587553,56.174672881583675,66.86446730547961,70.17420899794564,74.26902837086244,74.39764385019824,70.57368705545169,73.72636914163336,60.6546160759686,58.860296104736825
2026-02-15,64.49404022028064,55.66353326034253,43.31058893399001,43.958204727041704,43.92451385784109,44.71497004746781,44.95510557239517,45.06173985615789,45.97276432514931,34.73775273093875,16.275014617833236,10.271616350510616,-3.182999520318116,-1.0256014601369388,-1.2706579372246931,7.136928614616064,28.825786694986057,51.80530619037152,63.34952938345484,68.71393716308086,63.52163757444969,61.36831653766694,47.39116215541538,43.56460643944455
2026-02-16,47.88332508438439,33.91693532302521,29.81691525011932,32.61551130608951,36.79642646374419,46.30074406612526,55.8572655880354,58.46870083370945,75.89701291602627,77.62497212560721,67.22392947081848,56.855125415133166,36.75534024905457,51.37431799032745,55.33629607589307,63.24007457168391,66.38521173276908,69.11221160985089,72.22141214837522,69.10153487725317,64.3862256209519,66.20299108791427,61.0803427206215,58.95155346451367
2026-02-17,42.58322634333504,36.2016321978626,25.482229106858124,24.75810075701163,28.946602642346484,36.6229827439795,51.73183209310455,45.02997599077432,62.71332867032015,67.71986179483564,59.60451775975698,55.703579988366755,35.75946218536167,31.801498575399112,46.75449240962934,57.39714136410814,59.94126796312037,72.6220598439314,72.16171823664101,68.74578555800873,64.42711195744805,66.01699326250805,57.681561386280826,56.63338163832394
2026-02-18,48.78612570568981,41.50934016250254,19.018718727704755,43.00686945395699,34.981508457968715,34.952938672997455,45.8498966753532,64.1069467070859,71.99544833386871,66.96533740712111,57.3261979920348,61.33919670321037,44.06944132337263,48.0591841025977,53.922126330015104,54.64961358335577,62.12441658023108,74.99186080910377,75.63978306309114,72.56719798054156,67.44259462722073,68.71882844392216,58.47207034423515,55.59941675317059
2026-02-19,54.690083231190776,51.26023004135682,51.764640685635456,52.01715140406984,52.63757985875157,52.17163813596805,57.56102880641003,62.11027887284736,70.93933907241573,66.72208150087422,60.122059356852056,65.91698470553222,57.35850629367328,58.397059505649324,63.716155545936466,71.98575478709019,71.41736988429244,71.81120734125494,74.2236315536595,73.53410387531405,68.71807893957872,67.88171264039869,63.303123547517686,60.908584706334615
2026-02-20,61.014848161784734,53.43425887288964,42.82206125462311,41.047968256731785,42.17365088959428,53.20058951782692,54.96655124695895,57.622952691815065,70.98224161602766,70.79755338832187,56.39487407248929,42.70988055514707,18.51669820465376,19.23927566861494,21.26614337146799,29.314064581547328,47.18937076345704,69.49428427224233,72.99751866211271,71.88493030551835,69.078979178923,63.54931340050332,51.3490706968149,46.387161903612544
2026-02-21,43.524904933612525,38.28677556227012,26.776022488885634,18.88742105983691,31.83990103482174,45.86352912247149,50.301385591804646,53.123440134124216,61.59642025083201,50.825261289619256,35.45269762726575,33.756842695374594,22.070174341873063,29.12778684931105,28.558995023362286,36.18097433966639,46.644126985626954,68.2605702517953,75.87043154291143,72.26908929838507,67.25933212857802,67.30755494224111,50.822151197955385,37.817554222286184
2026-02-22,33.67768538256772,32.29734108232171,28.81033796866375,29.66517058377629,36.14689370828893,33.64495858895953,35.50883046410693,24.750522578822665,16.306692338747204,8.070140987749715,-0.761369435283876,-0.3687238906968423,-5.690102582887633,-8.25912503562302,-5.109817278635727,3.9229579216938166,24.422756808819845,35.53371961118397,59.873989805300006,56.21218268220654,58.31588987949304,52.78576830196849,39.215487169310066,36.70543013224756
2026-02-23,51.523535343728234,48.997369587142074,47.30818939830697,44.282374911191056,45.513885788215404,47.17403860871945,51.67309635395345,53.38950186321274,63.12112005035794,63.64765489649705,54.73569359568788,51.753620110131955,47.86220435007873,49.867133277818674,57.058473386614224,58.3292393221844,59.629877968965886,71.23790362347061,78.51455604249253,71.95122113151164,68.41391169044822,68.2298201836993,60.424319657487125,55.70467288459289
2026-02-24,51.26870492030521,49.08277518707022,46.95989866708105,47.134119270303124,51.23316694732408,57.04481598780533,61.399312391972686,57.66239244822925,74.87217073167956,61.369283990688174,46.428483843430904,42.44273749001864,31.59809591005803,32.20965890956551,39.69041419736538,40.58458810310261,48.62335424974979,70.15198325949235,71.66942687348764,71.39812801877811,73.12322796988184,71.2154997762943,63.239254069583936,58.72524728162077
2026-02-25,58.51585243183594,55.81216508437002,42.98179225624092,49.161732012126336,59.95887020144776,65.24091908703362,69.52374074867053,53.83298254028481,66.006486015091,57.03214412082918,43.113549823248384,46.964028197171864,31.881580735571514,31.836915204328164,38.48751568321548,47.99347319574376,61.90760744602429,70.01771594272421,78.27160535468325,78.45415188244979,75.95014223686822,68.86274500848575,65.34279645398271,62.929946262867134
2026-02-26,66.47624774078871,64.82190543525259,58.3349910320285,57.32935537104542,66.32539732465683,73.76213177893524,74.27550818557083,72.0632736311374,73.88485491807228,68.85383768292677,52.127025859349544,53.554823138683844,47.13464090224315,52.88807248499752,52.80564758534963,53.80320547414448,63.13649524307664,69.86506945322233,72.6708274662457,74.84803298267198,72.96726551251727,65.11467183714473,56.330805550022134,52.12765083859661
2026-02-27,43.12509095230452,41.64465539649405,35.76126379245838,42.10655015955018,48.58472622278541,54.43582971250624,55.49113780739263,49.68777414084988,61.94883389288999,43.13096970070389,39.86440550789071,38.79662841035752,31.528876071877036,35.330452454468734,41.1456285542599,38.74601488979485,40.563251400847854,50.233889548162715,63.921151242482665,52.661686737688754,60.280324022990214,62.0402092415644,42.44976931348759,37.36069767127565
2026-02-28,35.26094335871124,37.29741317692522,36.03684781950476,32.962718626870966,44.34661637974664,46.05313594812555,46.16942723030576,34.24916035252996,43.426874886325734,28.943808849404142,22.75599957540059,20.627016154963844,16.20753147120467,5.826249555194034,16.846769214652113,16.6756993097554,18.517024600006643,41.016776903689376,56.57861706219897,51.94457041730713,52.11587279524581,49.015431522316085,31.004912304036164,25.64372942815055
2026-03-01,36.21765802740906,35.751678402479016,34.652272859815454,30.632243944171492,34.819399530653996,38.334228564115726,39.159303861570166,29.20246731121161,18.09187036049723,6.27910294472049,1.4195371859470527,-1.5218585906439814,-2.077718461948207,-3.0787609881026152,4.496984231976592,1.9054633279451199,20.019864902422007,31.340637806438078,42.54108486392813,45.42370754230861,49.02327014396513,49.905994815536346,33.072665863213324,32.395695963857
2026-03-02,45.64696435046455,48.42147781487764,47.8666956104435,47.70633949799168,49.330291321527504,50.09364346372503,55.91299442866092,51.611597246653204,68.44513288904137,54.361127510363595,47.25890748589852,38.624043066804155,32.30469285533931,39.10800639669069,44.33770918180224,47.95982778010212,53.93056606409714,72.4918980841363,73.23885804437354,74.70385293541838,74.84277498314452,68.87171365744405,66.68257233646798,65.3118198827967
2026-03-03,64.49421311798883,63.52000557821252,59.71521240423556,55.048925833952296,68.81839844368471,70.83864187187476,71.33030316040988,56.12771216448571,67.75185952141516,46.98176061484363,37.965895889886184,39.19023828969465,31.565062931711548,37.486565816707035,38.42762114682386,36.5979756567415,47.715519658625254,67.32278320342361,76.14609768847673,76.7629594408625,76.6904034012713,74.42059091561858,67.5803886265524,68.82477058745046
2026-03-04,57.7314865569034,54.42252222223904,52.14669184602826,51.61047717597892,60.003233045595074,66.73616822332265,61.01283214444637,52.17853571749279,63.58493358399648,55.86785099016524,52.4687083068686,53.54742123141622,46.8665738231481,56.85162233365225,61.68154850839029,56.33400729033646,64.56194251668464,66.79425065021985,75.37610731659521,77.01916007602492,74.01357772821156,69.43854233593578,61.65704821882507,56.90425235632208
2026-03-05,58.45994383352553,50.67399153804389,49.00069842872821,49.45550473339871,55.309700633577656,60.01837939809406,62.08178511487294,54.89364522909979,66.89200033963016,47.99515555075938,36.6999680923458,34.88988240169595,29.102182234739505,33.61600808037519,38.809405128841945,38.83121741725009,45.55064886072378,55.79251167318693,64.46872954679384,63.90414479342966,70.47211178732844,65.66713330134299,58.76109044631666,56.2622622561785
2026-03-06,48.17922415767246,48.67848951396866,43.932590187498576,43.61634410850344,56.91709324260465,68.1809781727256,63.89277733357937,52.61970941880086,57.30465111812355,41.13864554538086,35.85564216520043,40.88869447272947,31.57112049804381,36.19981103295221,40.167112033833945,37.88315880766364,41.54184879514962,62.5580386786505,73.91851717085316,74.29546788458556,74.30834813951903,70.68770898090807,66.77536365028578,60.71710314682948
2026-03-07,57.01003726067423,53.52149828123853,50.00178348377676,49.60611946176941,57.79346935024321,64.04536543887694,63.17109332276762,40.79635231372147,51.45970153325746,47.03952924866767,47.8773167748631,42.926242320906574,27.51353486760587,31.809721495002,36.12368827013959,31.64604494919506,33.04262060187705,44.93998040282474,74.59695956967109,70.34088382392942,71.64327679983253,62.08607731232969,50.557287667656915,42.1668937554952
2026-03-08,46.12918300706311,36.4746220477277,37.27221902901701,37.90450404222106,47.49096967478277,56.93459837394632,58.961516127636585,38.33991656969942,26.68471038377549,10.598633420833277,5.765086450737663,1.4329859499521762,2.1376100246642054,1.41854745520682,1.0012534594551494,3.3914592635625134,10.930972188340307,32.06401216475438,52.87671742874505,58.02347508008716,60.262963737408796,54.245116318109446,40.545255218365575,36.34946260405116
2026-03-09,49.525998055631575,46.98189281566398,36.98148528814117,35.99704702910194,45.15244933597423,49.96521365726459,48.006546390345136,44.52786627266897,46.91524980370461,37.86822355780648,35.243304012516745,34.67513548969299,26.089071237767694,28.4579278800644,31.46628858989726,23.792371396415636,31.148354761920245,45.94883714692019,69.99865213519666,70.98041173867145,70.38459055088721,67.48106662927012,52.62822444742609,50.21315684090291
2026-03-10,49.44727118658345,47.3546283004665,45.033211005106914,46.842637581430424,59.332986455035254,63.428437763418756,59.24338943791678,48.71929423414895,46.76865109742666,36.57867582318891,27.617289377250348,26.12219386043675,17.691997670177663,23.97372232206066,28.274972661910866,25.9520476787098,35.359378038624605,53.335886186389075,69.68274357151368,69.46081150758093,75.09849666494735,72.43312329320233,59.546060779337644,51.8447285930863
2026-03-11,52.06412701108165,50.10464448294571,48.04226445648683,48.899662871452826,61.701606604640105,68.15646742066666,59.04865143809338,50.97932279109553,60.20245470752177,48.27336410338441,40.637513766122076,39.11272777659177,24.50299085564272,32.13646377476028,32.2586202306383,31.59312031138728,40.48539944022355,64.97006103670645,76.14912129640524,74.72720438954829,76.27378431815912,73.46938884163959,68.35888887978807,65.03904433225198
2026-03-12,71.11856372362462,66.30154710300569,65.1654480004008,63.290072088521654,71.08614888532325,74.43067274814064,73.42481254967556,71.7831096715567,72.20673953503102,61.68531112021913,40.831148589715625,36.625072821939476,27.48394699055569,32.632364454418806,35.14124674145378,33.29716213737913,50.463334424192745,66.53815662643261,78.08827826653028,77.96083650203435,78.39187735523033,77.2047631293763,73.64009912205778,70.35816028064656
2026-03-13,68.7061182121738,62.26806445375771,58.85356567058544,58.27993716448694,71.46343125230243,74.90580915124383,73.48497225361521,61.137880601961065,73.50654579373175,68.36583023871518,58.607271629887926,53.39649354135992,22.456361473041337,28.901081649828594,43.16980955412817,40.98149479852082,45.813170068885476,57.93978046521486,76.46929930541894,75.87311020415076,76.73985498954086,72.89114828768106,60.234412654519396,53.80555728688878
2026-03-14,69.35168875656088,60.282942718354285,55.7907310351819,58.606026980102115,62.04455214433736,70.75189489583013,64.2036145452002,51.35779115726381,47.46545448619763,29.294462497560165,17.147890471525784,18.44756928331155,6.743597712420904,8.326197899401977,11.035275059670317,13.362772155334463,23.140123103178286,44.68642935773958,66.29931235915352,67.41826842406043,73.02424687725676,66.35692483222812,65.17551423639812,59.781533779252634
2026-03-15,67.48097953710122,65.53839418360774,63.41215890708419,57.0131774960494,68.31439441514294,71.16742748753109,66.84351945812243,53.68918189625365,27.347207404899617,4.4384711531169305,2.5215154127669592,1.4843467864899762,-0.030000414314044814,3.2341709067185214,5.632495769064394,18.622576049792578,31.775405856407186,53.33082624229172,62.85490731165254,70.8535718054329,70.89772935356619,65.30555705267987,60.75276422556338,57.623463672074344
2026-03-16,61.17138909644149,51.31979699988395,51.515364759557194,51.68873144482423,55.43120621032608,57.85469253401772,58.98115883694459,60.061026314743145,63.21998461031387,62.1447022585337,54.821654286775214,49.37980833956232,41.47887774546586,46.33544757574249,56.92151826262074,57.04143215120648,58.5236702812377,65.57353606898745,74.61499305823003,76.33081224655224,79.72353105945487,73.89668766623015,71.31342932934065,66.40372372494656
2026-03-17,57.01939863454226,56.012511368331246,51.13294206763566,49.85851590125111,59.246017425856635,65.7684255031253,61.047656684749704,60.10338827295015,71.5789738210608,72.16000318374289,70.7773461788976,65.8981998276076,49.241099275847716,61.608626133372255,66.85683345660534,63.64819323193254,57.80727374953402,68.38314656668865,74.49236763448476,75.51055984894623,76.88274202361762,69.98832410257839,64.74201873744651,58.69680608457397
2026-03-18,65.56838012207513,62.498896348898995,54.82949952496893,50.02298480729073,59.387098781731595,61.87319943065877,63.71192604013967,62.830246874799656,66.87531747374712,55.63508175294586,43.522835801727155,37.60658538818262,28.59002605147541,33.04647488009137,36.15307908468944,36.65960496645826,52.14239774753885,59.0597683532471,71.46216465429148,71.39917914257737,72.86865368489127,68.10388096945319,59.84247495188399,55.30231479553767
2026-03-19,45.238737633048956,41.405395114836345,36.37990071816212,34.52734989756207,35.570468038557046,39.56137189212425,36.07392162199196,32.30311656384629,35.93111376213504,29.4224337300611,28.7583389646252,24.36818817454942,16.444962422395363,17.128515438133448,20.335775119965067,28.476025489487945,35.43567033336888,45.33352410122842,55.19911239752418,56.159148961856815,59.78508673473586,56.821657356610935,46.784887471683,34.3982368026536
2026-03-20,17.493819077551088,11.204061214311068,8.41027833854817,3.059662535217157,1.765909281456214,8.019412415979227,12.993528463008573,14.731102327744667,1.7277281186161488,5.539464559816437,4.641938721829811,1.6567687993750504,-1.4208049643230516,-2.838902599508246,-1.5510337541379249,-5.154622449609128,-5.920538599045309,8.161073281282901,27.49304996404615,27.713972783679623,34.35140578126217,30.97844648517127,21.860127493216247,14.462413036495368
2026-03-21,17.405169417137813,10.843112656911439,5.689536652954141,11.998660594145338,16.470651848225792,19.896300653962943,12.85055304915898,11.815029195616033,5.611951701864643,7.560910711033734,3.0351164446565764,4.490109150841475,4.455169737405109,5.089711990088828,6.603928143364343,6.061949894326351,6.976463528381559,15.985797276422687,13.519031125210013,17.145448186274585,21.091511932418808,20.956769543820233,19.53883220912675,19.674370083319122
2026-03-22,7.858788307861379,0.6583589870878639,-3.7158363464505757,7.750967587654947,-0.3258141161761803,3.840568767881848,4.5118879954042495,4.810691731297184,2.417736874351021,1.850306667291399,8.239530447078156,6.190272401891616,6.232790087266229,6.781562244469268,1.1286089072729257,-0.07126508959884086,7.55399477003304,-4.648239714005593,7.655298625818334,11.544008065252772,22.47018986773694,16.335557662324558,3.9706238359541555,3.4051912471305714
2026-03-23,31.60521290200869,35.12528408072683,39.932192659208205,30.112815582305565,35.42785785196454,37.766275753832545,40.17178578393922,40.40066328449159,54.66899962013066,47.0036563731817,45.309950590734495,44.0141310124147,35.74243403751179,42.249202499180875,50.604580299197245,49.0968436381166,51.259905489906025,59.49212438814995,68.54863526504673,68.39287191132888,67.61307657965428,58.85534420158321,54.95404711803428,52.086359052958514
2026-03-24,43.44823679180445,41.209964188242736,37.214427594804704,35.00418776616591,44.904490272662215,49.90367584883824,44.39108069496322,41.567494413583205,46.682690230274815,35.512885096550804,43.913429745619105,48.93090930846171,41.07984560771055,50.4798236722282,49.30145246677589,35.71585831553203,46.99601026688649,64.0202894156495,68.08294902725605,73.22022625387987,67.64539454790989,52.6227264610489,40.880306467554284,34.97946497492556
2026-03-25,40.641331039127095,28.63041562044954,27.087465313221088,26.89938622526594,28.013418716156355,34.56902441270208,24.50442343454479,25.655379987103945,40.85805686282903,38.767749550009704,34.498178560154095,34.00053404312839,21.67325077168218,23.66051739207897,28.42779610370371,26.7592451828218,32.42993580686216,50.56239494372632,46.052831194152816,51.19440752624279,49.34977510360097,49.09416084607065,36.97579488087197,34.89542726407907
2026-03-26,31.292507256752796,33.99718372575276,36.87836903073932,38.01747310865755,35.74061378566572,41.31167809884854,42.03411993787962,34.30802324112721,47.945139067485286,46.41294624733716,41.9372827117084,41.63128958785965,34.83072316557677,38.02215064943066,39.663686872544936,34.599532056492464,38.15259742134824,48.22634059093929,52.3266079706462,65.99822394571316,65.86782191456753,61.4967599511509,52.90755165044727,46.379681242730804
2026-03-27,46.24383709679754,40.612085301306045,38.759463107427415,40.62925846962914,37.41880437840929,33.49951617419457,31.335461525465792,28.14917730899972,34.61105383807772,36.20475473989656,21.825583438805978,22.954489019029463,14.081116201456995,11.850829380897018,15.196322115599738,16.651146045261314,23.134987971692784,42.37820350581815,54.68575057900658,57.68984859919976,52.18974455565926,51.04954073998583,45.054633514586655,28.57316040240333
2026-03-28,22.87654256438147,14.809254846945656,12.06355127792153,12.864797267054966,14.182231366724277,17.675419350539805,21.243008037015482,12.724895229409858,23.628948736492035,21.421738137881935,22.812121292109936,22.71960433789871,19.608688599761614,21.14825262217682,16.05966149020594,24.602484736262078,19.87965958069711,39.47321759422775,49.720789143468124,70.98482761381051,71.24584219202328,66.29720249398072,39.3423826532989,35.595690385976816
2026-03-29,36.197539831975234,21.93086659139225,20.113090423545987,27.92480418270301,28.052412043356057,34.997025596807326,42.319831942218656,23.428644946116947,19.396875382006602,6.219688119937563,1.5145450707709034,2.575947403929893,0.4290623849785768,-0.7545863326870347,5.187268851435649,7.011825448478838,11.850752960103025,44.29138670805095,57.312274687658835,71.99215756618646,68.67371742548234,57.508412208303014,35.73601716482685,29.627461528502984
2026-03-30,54.06535474007124,38.93355905160511,30.138110493689744,27.53150297337335,27.749180501903325,30.630285696025357,32.00615784239854,27.19978256320793,45.63808178851705,34.500725099935664,41.9581106261127,50.47550061931151,38.96059246707813,44.80041693107984,47.62268580164025,43.54406824681278,48.2333284798116,63.273108802052334,76.38994420176398,81.52864271109517,80.39084642511983,68.01384692095294,56.62379652742722,39.16834155004568
2026-03-31,45.26480419364121,34.14587999235094,19.95449582151725,18.23736319632671,17.22805658093855,20.23082379649309,23.301482577435042,22.74879144765053,43.94571430667821,38.65151411121262,25.318396546042653,23.365560412708568,14.243978072496578,18.30945229361783,22.624315443661214,22.913082258122074,38.27132158286443,65.06241368252397,67.76649669019463,77.57738638675589,79.7477326406432,75.3570208144577,63.75219745136999,44.445713971585
2026-04-01,44.27976213705809,25.543306109270546,21.960322440273206,18.278693899026667,19.878888543389838,25.882796097451227,32.203803921731264,32.16244897936282,44.18094946202073,31.566358853654645,18.862924393874007,15.802044154862605,9.52971988460205,11.265376390477165,18.354296291292982,15.503336309857552,28.9917211733064,46.22652276794348,52.63307171783419,63.218571950139406,62.9986344958845,53.23097074830453,33.781845370895546,17.813035115557145
2026-04-02,23.229436510223188,13.219598469507222,9.30958353379215,9.042453467201884,10.370260396160212,13.81491243963869,15.148758528089033,10.866075366147358,13.703369032513134,21.533950198611,10.643774775468886,5.8571010249886575,-2.104346810468706,0.17024472209741176,6.341871193319891,9.220733793045184,11.80928829285527,34.10512135630584,53.60353826995905,61.36380902310031,62.39072333561744,54.238610545823796,33.63771138436059,13.828940451160234
2026-04-03,17.28210689594349,12.469430137100916,15.850462251463469,14.231287470614246,15.754093326134647,18.38273682416634,17.052265117809906,14.220281249479536,19.967064941698574,21.637087934143697,21.486001175016302,20.514783464116576,12.911066721430846,14.969094535947328,14.735689607271489,13.549760911745906,16.550341579760243,20.944214837437787,31.08126067016525,63.8721605994072,53.94410159357714,45.760595502933356,27.080653613640397,19.31741776337529
2026-04-04,8.818040114487653,5.7755640650872735,10.017173440448673,11.454664115642691,10.802587526845342,11.183684486262816,12.524688940538088,10.401338492288192,11.065733607011635,10.089913968246542,9.99905258802239,8.24253627346172,6.360149499163072,6.354223909772736,9.611593597207767,10.634872958166559,14.937416969863945,21.43445418651302,48.57683045917242,71.64818168402043,69.49765911580612,54.280040139505374,31.59139899421341,20.932730305237566
2026-04-05,43.210038674456634,22.281018584966407,16.174747269222735,14.802398672556563,15.008987339815452,14.191324187994097,14.504229498562726,11.308296784897014,3.892765691477611,1.1280477284846921,4.40298989039402,2.509261233531889,2.0705866775914714,2.266632434019531,1.4643317529082267,1.0699899249713969,4.226095040703044,18.75246799781197,83.27722378966021,88.03038535246813,88.28177544423686,80.59488973250117,43.72176358589677,29.951611052711147
2026-04-06,39.95267679961218,34.71005640951736,25.989106282403846,24.889827247054026,24.5672673922652,26.364458647772754,25.84062236940903,26.271860536137993,34.788374540815056,32.60043888898203,27.207877526169863,26.782158651211017,22.5076784754915,23.25522564331149,26.430982262453703,28.88431854553871,34.13478728207461,66.21068014400622,72.6787603303718,80.89426377658393,79.89448360909512,76.74064047653431,68.90449310877979,50.55666178594351
2026-04-07,40.55715437983787,21.91670264214202,18.357837539858807,18.51010734112026,18.167013683042374,19.74417250874872,20.079123445170108,16.321168573292333,21.44133217783911,16.979891238028905,13.541735714483789,6.866853506967565,2.360811236192932,3.20267512358401,11.95017479314354,12.379723022795057,18.923249459129497,53.9868103878959,74.71211414051005,87.00735906952549,86.941274117642,83.73512447750282,62.26352932888538,43.31061481854607
2026-04-08,24.524648411620632,15.08667007927119,13.407152968815584,12.192957108999558,11.947662985389627,13.560462888582409,13.688143500946891,6.279867977174022,7.686984034265131,7.844420695214862,6.433395084391066,6.097586709237234,-1.1607698894742238,1.8461070977640308,4.677132523682945,6.454186907659406,10.140273849091601,24.44317381688904,47.901174966619934,86.94054983289817,86.70583089919748,83.5070148195027,30.950769531480482,19.776582769315088
2026-04-09,19.063252566372753,9.018513983925367,8.209050602737914,9.400330654747963,15.928439461723075,16.052928374040608,16.27374680137076,12.690788542036687,9.969283444354195,6.342660614107791,4.149169623403504,5.708912980061825,4.543766384379526,4.600383766371569,5.230358956910839,6.299970410071044,8.701057578800057,15.63108662409681,40.903510509980165,69.84163666206197,71.0967047216058,64.45978841157002,36.149571952830364,17.850398523006902
2026-04-10,26.023475857504057,28.977625159713938,29.70978008208232,23.271315024789462,27.61965875538561,35.27776905194802,37.87119880129028,29.445983854781524,23.917630017316892,20.796148137104424,18.124770717284147,14.142622649648068,10.47001038320391,13.722752853168872,18.954320460305162,21.561115209381764,25.275720164856363,57.345098058639365,80.52376319394467,81.47220957445369,80.99752416151665,80.20906658282706,72.71785954043075,59.642269547369004
2026-04-11,49.07193430913792,27.71298930331544,26.2675364697275,25.434716343738053,30.688514812845884,42.853001057641805,36.76738193947111,27.129485847507,67.3188830784906,39.64199222195003,26.088185059559933,27.280194983489192,19.168416239452583,20.26784271688916,26.773526526540444,24.550185463078623,27.692358623595283,46.13910840446707,76.60029104532639,90.99586606777966,90.86633400161338,81.93872196240079,62.58296254468242,44.958999679118456
2026-04-12,54.973263239953944,28.311793887059498,25.829426645719504,25.59491977523553,28.175729666035018,31.195109090394062,25.20631647219058,17.21363289332292,16.339081336417117,12.507339633648126,7.417174202182145,6.1350446307812785,4.7274152707566905,7.306451215750725,9.253442807230925,8.81708889167596,9.664449919893542,30.058313756810783,57.28678927166776,83.97933350512962,82.82174933279872,82.07364880031618,58.74922256254544,64.96424869681704
2026-04-13,54.39799395623602,35.313565036651504,32.33646478930647,30.57580100923994,29.207063242231776,32.00007630928085,30.321888263033827,24.2833781304879,25.721020038684202,25.25669180457489,23.275739837432695,21.815764161125713,18.222282337166813,20.39720061440772,23.319051650910975,23.473686919571897,23.91222930359139,57.746666446890146,75.87856629313202,87.34724405129234,91.63817148815384,86.25670605487963,75.14109552722942,67.21711669596385
2026-04-14,39.42568865837463,31.212797934103836,24.573145406308015,25.615363510398407,26.04481431983286,25.907876513002762,26.60233683067749,20.030321943083592,22.727140679769338,18.120768658173823,15.530119960487326,13.694877134417121,1.0641260228788105,6.238610306044205,11.208570597518008,13.525562927827034,14.027003905673125,24.463977035069565,68.81853944944254,89.97353993789928,90.8598558249507,89.61621699501755,71.43533640892043,56.20086343214245
2026-04-15,54.053126229476746,24.452794218101793,22.94685996832522,22.87315729114961,20.974385100192176,21.99468180201203,22.222415386972045,19.175681546981348,17.445675733244105,11.708564280907725,8.319859972496962,5.897577372191419,3.79300404093615,5.552115835138019,9.301487582186718,8.316145689219692,13.39090033000591,40.02186797808089,59.79372427302598,85.78612914031825,83.79668557578653,87.4496197609669,65.04414971267207,60.72520888506322
2026-04-16,60.75939984519236,48.59538938863677,31.74405708368765,32.070878898080736,28.860372791115253,40.06417955337105,39.417865962361546,28.733848217688898,48.55194967397217,31.113198503764586,22.76514635061647,19.827709634762524,10.686431224624283,15.187383529789644,19.237312464557334,23.909972231470054,30.500537080922523,67.08680320644034,73.19242460688027,91.40395156851504,92.08647246597238,92.10280455892752,70.21752805830539,60.13544592495898
2026-04-17,45.97405737938853,28.996316848925467,28.67506459750401,25.023391604107672,25.295336560499607,27.923038510539868,25.05371361451712,20.6598853158511,53.30535727809917,25.302567798027027,11.064568990883801,10.170598191296415,5.929777293361324,9.337807263742693,10.311222796043454,11.150740373205291,22.901949537654968,37.52689494044745,48.20693571683997,79.96477049770635,77.01110305395066,74.58727429145017,52.44106460791162,22.687052557453406
2026-04-18,21.21594447738833,12.839337720494331,11.720721201254268,11.54804790107318,11.37219069957737,11.210674118681283,11.94430288730849,4.305292116940722,6.885343694294839,3.632813050643775,0.7331776829660205,0.5076156704889441,1.309437060305652,1.9960637879801757,0.23846180029609343,1.4767395552726188,3.0951767249726454,13.56000575992012,37.9928418497524,57.27041980062178,58.10910941461373,54.30127421336987,32.85937574336848,39.123897237560556
2026-04-19,32.83891822142076,18.363135554736836,13.451340664253044,13.800586952915408,14.390213909721659,11.721784403878722,12.0233020117409,6.383218674502529,3.870508295484163,3.0949892436292723,3.3624262343712625,2.654694429829893,2.401690791778374,3.09706508608398,2.7912573744990414,3.1621686718588813,3.5653836248434714,15.021567497855179,20.86255091560576,64.4917291653615,68.5733108129302,53.33143074679476,27.45423988932926,25.062460082477223
2026-04-20,21.5763358395839,18.994707877223988,14.386089040076387,14.156399964693891,17.297899223008233,18.424053658245942,19.833856537565765,20.294649592603687,18.931265868889447,14.35535869482617,8.955119536933019,7.5901714020602284,8.012253819601316,7.932502074417926,8.084602696354226,8.148369490524068,10.152456520134663,21.74541334034519,64.59763974597772,77.96053401036284,80.20562326316472,78.5114883464876,70.99562157162046,56.87936635728459
2026-04-21,48.38136960250048,20.489607883229592,20.354674953025004,25.17920758582474,20.416381525730028,26.805659017937014,27.074242745780918,17.260512466713717,19.628318983637556,13.853864314121793,7.591415054912805,7.220889570459478,2.3940044740337676,3.7552027449322085,7.1348679691438734,6.263000786231319,8.828160357790267,42.303293165991604,59.60243809692203,96.86082565418447,98.36153126245365,96.34158016692989,58.64202529897103,54.040498643729414
2026-04-22,27.71918683421569,20.609215112773292,15.00452774661406,11.038297193503126,7.403293880517692,10.850201119829809,6.3259556336419775,3.363362440263352,28.41723087751856,6.797747838237615,5.072916776777452,3.029155963640265,1.8402136537999143,4.044736432688911,1.5517530411815148,3.6669579132288783,5.967368269273983,30.291531071373814,52.86077002563737,97.64859936630147,97.46165797771053,82.12654270230543,61.25051874860556,30.508536191060298
2026-04-23,10.82409428384218,4.183789626579001,4.670877044518677,4.356663706044271,5.131037422549902,5.742375834046874,4.5003813044287515,1.207863733695535,0.24413597530321873,-1.7582678124685291,-3.564994989519988,-3.2837081116374303,-2.1700620532478165,-1.7394734914718497,-1.7115131333088784,-1.814350622873816,-2.7049759468885246,6.415272239981316,27.35666711296014,63.996021210530245,65.15902797549771,60.86919812985393,27.19043991454274,12.883040137171069
2026-04-24,17.6468226890077,19.254573822444936,14.86568202687282,14.762386891389617,14.468408870528643,15.277510316466213,13.382361323977781,11.222014382757164,10.431757942571913,11.583685370068753,11.14909731643793,11.817641013582529,10.01801938371603,10.68833741383657,11.623001156781909,11.336555778851753,11.887896145575999,14.53871292170422,18.051995349314794,30.14755683509572,64.85364654389785,38.93323838872323,23.84612814486997,17.44008930925743
2026-04-25,18.027187209310515,14.630395672737517,16.00453621803294,10.386346159033614,10.222927708721311,14.063788656509605,12.936608210098345,5.820306726564561,10.138967285456237,3.690933664292263,3.385801984177154,2.4862097992711854,0.29670309079038015,-0.678133912513167,1.6274084277432534,2.274346238439022,3.7235009582787764,10.396146840621734,23.040915996417247,80.65112654579353,85.47989391226608,57.0628730699971,29.464587887128665,16.803423119049388
2026-04-26,17.973218213726287,15.272859423669901,9.934113931723434,8.682599382900039,9.28631401532881,8.559981716556551,7.106974362746837,4.019183061353247,0.2134939286480489,0.2090290272595133,-0.2662309911517357,-0.1822536947647311,-0.6270269111921796,-0.7284851140378057,-0.5242156115381355,-0.423853906991933,0.937021760266644,7.873869428744387,21.050200539700473,63.34943317463393,66.96867307039602,58.7049238464309,34.46336201319288,16.994697496602644
2026-04-27,16.98190907952648,19.849520781295993,22.82098648728856,23.273795055968215,18.92976983992224,14.596851113238486,6.490484959253623,7.701350213190182,7.514677011677788,7.78690029203282,2.876746343932422,4.395172608644443,4.80270307793509,5.964896593999054,6.185745312975785,11.413718039263685,12.260057074321114,11.503137948646042,40.91444621511692,72.00412266374657,81.59988380547736,72.28090019495285,57.211385621292074,19.39634030612718
2026-04-28,8.841676823372712,6.537349897264594,3.846195291263084,3.8367327582163444,4.133486793825978,4.733657350022912,4.833960243614547,3.0922625432724433,4.073288101190393,4.574241513963329,3.2480797998424134,3.218788593156526,1.559706331845004,1.848847645838482,2.7877008054383046,3.4350650860915684,3.9097831221123642,2.0085093946957664,11.485721295775747,50.66112623516454,75.07064605818749,52.36316668887728,22.652842902984553,10.423550583707959
2026-04-29,10.430410966283816,7.598083629909093,6.192809477767983,6.151105478476923,5.966607565085455,6.934978001085831,6.03260954367614,3.7789571049056536,3.0500716953554323,2.1162851400658407,0.002009611741424261,-0.11924535705734356,-0.19491148746131964,-0.09390735126490653,0.015694203373638412,0.2809966327425955,1.0160612260952169,9.357055651486826,13.917298540670892,42.76039109522415,69.59217177097035,53.927366723769126,23.84115919070463,15.664290523026725
2026-04-30,12.770042470258911,11.309341921854895,11.271480837091246,9.938201233825692,10.052197827325067,14.3893451032592,10.031597200423537,6.280119569937589,4.976060473922874,1.7654252474845078,0.6315813496536857,0.7742946002001325,0.07716764667352434,-0.09027917918050579,0.20421180099919822,0.23000268795261972,2.719589223955797,6.8471413910294086,15.233901996318895,56.442623720572925,67.07439321466384,51.25539212249115,42.45162216601244,13.585042685248482
2026-05-01,5.452063345766828,5.548850645939942,2.144886324810903,0.16208673255196482,1.1047231504216815,0.3617826222423283,-2.6554718586554498,-1.6790237585029664,-2.532885525944388,-3.431122763859261,-1.8658789781521137,-1.7119183753524303,-0.2632084088301437,-0.4020854663019288,-0.48176848494623614,-0.8729630094558946,-1.8773740654629503,-4.449291400547058,5.644657678258168,45.18673027177871,54.15811670859237,43.05688755642223,8.162103040690432,1.4192675223959803
2026-05-02,5.145767949394516,3.9715052093905414,3.4292599392794103,3.9754228540795475,3.70458015393116,3.781668952461916,1.4476091666073574,1.6910045526530226,0.9021351053496728,0.9357977417741434,0.050244144107789615,0.10215558170741372,-0.2477442575396785,-0.1853801214298022,0.05519710012300501,-0.053970523846662524,1.0875174445589364,5.474518366750041,5.18666687539976,42.08015020062528,45.39607972737584,41.1795587204188,9.391943868276398,7.822445166144184
2026-05-03,3.7349356493552466,3.168917576951888,4.5980660093951204,4.012321640005245,3.730070373983242,3.6582890959001295,10.962764329437205,9.696154262584034,9.74967095602889,8.303079099837229,8.815403085686919,8.994176117096412,9.276066238913025,9.215879581831299,9.368310102899228,9.326033841481319,9.33099108747643,11.186865540348327,12.479682835979851,12.465766175302491,32.45605009006105,18.182627487318783,5.832243219530042,3.09195325177005
2026-05-04,5.850286863077301,6.398676408797485,5.540231292145202,5.725817408606773,5.24907481365524,5.2441589767020345,5.199773931027216,4.6682242736653725,10.937694746329106,11.258658221710284,4.172652037207818,4.177204277458625,3.883114545776169,4.531607395643317,4.750983829649757,4.768850848137662,6.623675275339562,10.766538793212229,13.779621574083125,25.02779806194458,63.72169285834063,38.1504119588591,20.610455248056503,16.87860786311455
2026-05-05,25.716271585710565,21.463127502882692,10.677452781360351,8.773166454096756,10.295611458689555,12.669544145027928,14.210036500081399,22.126880908284257,22.943955238114317,21.568614591366913,19.974944695972354,19.74194799214147,15.066997787436552,17.764700332096037,18.39275960586489,15.278783921032383,18.81997676486461,26.005174914508306,54.6808590200176,78.37794932985182,81.5397058497863,74.3042274542743,68.10003131190578,52.12579261119292
2026-05-06,18.890882230328206,17.322545728710164,15.3023324652533,13.723343347003453,13.823757348480685,16.19980745542068,15.956062180969742,15.998343582477695,39.164321235783056,43.8728943349889,25.074006139551944,24.21029268373039,11.722335078459224,12.187583999653876,15.189565954117102,15.34466723260992,21.485550582141062,55.63623954185424,64.14877346076081,87.41311844417015,86.76232219031012,86.06333974092654,69.50486785127806,50.908144832569256
2026-05-07,21.62592282613243,16.681443087867418,15.723053244386671,14.422735393726166,15.295120867060634,14.450035112442922,14.840051770587511,10.06409243368405,13.935816281266456,22.387737139623955,7.47279926980235,23.007215689412476,1.6880321973009862,4.795875294513865,7.842961604345345,17.957449577681285,30.141791639687625,36.60427516372779,57.50484660659427,74.04641250015271,89.04557162589484,84.85978139886096,68.68689731865922,62.21910566830881
2026-05-08,16.67351622323938,12.031008926338565,10.093408082300472,10.865704559626437,11.0539709485634,11.125342753610461,7.469971842030616,3.9541381688822903,9.048139648585126,13.005712256380232,5.27909887572294,3.7148252980985323,2.156719516315272,2.825011268878543,3.7938014008439316,4.7084612921431015,11.586684322994767,35.04871176488572,42.129189238052334,78.15106709585379,89.31461321708015,84.0403264449934,56.500111099488855,29.245194770725092
2026-05-09,16.306574469724932,12.876520327950317,11.109634315141715,8.217947234372835,8.40646067548565,8.067780118092957,6.006769233635744,2.1978464712253274,0.06268708030802593,-0.11845240930463681,0.5214421478504443,0.6390919300151952,-0.8125202821741261,-0.20840127012627208,0.6794249370047998,0.5192326491171508,2.917163824933672,5.706672462182313,14.197038982089278,60.776254787738765,67.26574106064544,62.57180692945585,23.110136104279544,15.215871523649396
2026-05-10,17.950272434082052,12.712199840336122,9.140369270257503,9.57691445997232,8.566264190952936,9.216703664425948,7.392727798548069,2.9715018317505013,0.7569601786590626,0.12707365410515248,-0.5429482525441378,-0.6296290453401308,-0.6517366609451637,-0.6228427969784828,-0.2895480666011465,-0.554348483124475,2.5082008442868617,8.118518486714686,14.409460696287477,40.2378294187004,59.76677291332197,64.1629255455064,24.202032421762063,12.080782975431115
2026-05-11,16.39223764321792,16.63184637129944,14.430884406356578,13.868894013955899,13.931733210493372,14.17706705646673,7.853775432374816,5.794617561177608,9.457487087894744,9.075617306889933,8.746947216901958,9.165449151417388,7.511391251667011,8.333320343758752,10.009083563617997,9.953206239869324,10.853564512346741,14.65665883917206,48.91903798470759,78.86514876285102,84.08388005162143,83.33863787039965,69.72658915468142,29.239271017356668
2026-05-12,9.406013883336714,10.991249426411136,9.438627508476793,11.709460477996512,12.09842845429393,11.775848267516155,7.610124771184789,4.613217206133058,6.98273509529338,3.3678914678830023,3.0733922276535672,1.0402399128428363,0.12340872383662571,0.8485447934762721,2.6503926136401557,1.5503837964200176,3.8073758575177763,29.733743328543206,48.169339056661904,61.79095820589988,77.16650626831566,63.80467888045456,43.43532201107737,10.022363540865353
2026-05-13,16.16266122178412,7.686853743771093,7.500420891363627,6.315257880262834,6.561000745808963,6.364312366211988,5.663842147696306,3.348658888356386,2.940046966795435,1.8838048222048107,1.2325125352765058,0.7332547179746208,-0.17538653410688504,-0.089544088929246,1.5096928682540778,1.6298260182749638,2.51092533623626,5.826276217965516,7.206696501238425,34.98688748146419,52.565180679198924,40.496512358784734,41.826485658108965,17.583084592412156
2026-05-14,10.435004806274078,11.098600164217611,8.216770649798555,8.691149300115194,8.998327339796674,9.391816281447417,6.696756659557547,4.948807304071165,5.747584403446486,1.2861447981891503,1.0309170303015749,1.295081480671886,0.39622960093125387,0.24719303919859492,2.459187148594678,2.573005268692564,7.946749700388248,11.386583721910933,17.467177079412778,90.2842554570794,89.41123277605377,87.59296785400032,52.48612261431311,32.23975295317514
2026-05-15,11.60698436255457,9.482598877148044,8.60557827054852,7.276325562908542,7.143896316036698,8.615015218052413,8.292022769915498,3.472503224513716,3.8075522925174954,1.7020929475011393,1.1912718353984977,1.2040817510665802,0.265065674899289,0.4467096143342223,1.6648307135440588,1.945335761734985,6.662933916095461,16.310349609393505,32.59176602878338,72.19996540280736,80.90228593888855,79.54760407299031,66.69735698854126,51.11124199703218
2026-05-16,17.600492048000287,10.494482948797174,10.428552168629954,11.034755130353343,10.377398192601012,10.658674123365474,9.387156800419454,5.8094020588993205,4.8879302918896,1.9511093859498043,1.1496638067733833,1.2027081397283828,-0.46080554987939837,-0.9134704751616984,-0.7655108951218595,0.1685714500037455,0.6122694969243735,6.116611916222926,13.302461800723544,54.59035479185546,62.26003979344424,63.40011796465318,62.10910505381605,20.10260217083001
2026-05-17,6.4212292332818866,7.51161078069982,3.994541041067256,2.142300109057697,3.0192063616242732,6.331217362918174,4.5459095472830695,-0.43780246388696087,-0.3245395436604105,0.11639085576547485,-0.07131566344871185,-0.28700644323886054,-0.2751416355767514,-0.32564648145637576,-0.5030904399677516,-0.39554405395328174,-0.4341380644701853,3.9580581568907394,3.879010774854725,23.4282611848262,68.57950631500943,62.212390002682625,21.54455486585739,13.905614816468438
2026-05-18,9.334371376351648,8.55810800155791,7.9534128446471675,8.131300284899295,8.614646783779085,8.507310323476634,5.618585849251145,3.4333209472620205,3.5125668280631355,2.0001930357986217,0.9682475901902275,1.269886324734579,0.4616464677684756,0.3103373514072721,0.8313484969614157,1.5670363551321018,2.0626600558905417,8.803033661864266,23.63028955334018,65.31872821854671,80.77307850078348,77.17082919347747,45.446192823596895,19.510217519511635
2026-05-19,25.82104155041166,16.591291147498506,12.96225104378144,5.493932191362349,6.0922338841526305,6.5892946040043485,3.7398688459964062,7.9266566822248485,3.4691009865660782,21.98419260333804,6.996860044305167,11.906582493343691,2.6692062223932562,2.906661167854695,3.1504529661957767,6.369834597474017,3.8148659081856073,26.326691024446603,58.24030884352912,81.38214498400701,96.92774702906068,88.51824140529513,53.26032280788484,45.551500249044615
2026-05-20,9.520784165456714,7.905510938724068,4.627889442930136,5.675909551362639,5.445212208566496,2.781775463519521,1.2707783728712132,0.5523142053728344,1.3806740529173045,0.7223667522457463,0.801907740769822,0.759291342317552,0.9551784075611707,0.34982975181920795,1.172699690755549,1.4547198424318775,3.9179124849275797,10.834922391696894,17.192674057888517,65.04356569105262,87.2853846253558,85.39923647911004,58.21555499094497,30.80776056983103
2026-05-21,11.965498807491093,10.963407644925741,9.103755464158787,6.732797116129407,10.668659121559976,9.227692973263531,5.7720453642935095,5.483781720762916,6.016096194616168,2.8317858718947297,2.7803820996115918,2.7792876855483954,2.0574500522451906,2.4959401950409656,2.799259477589671,3.9162545796198263,6.2740277031228855,11.027369364444871,14.627272452422229,69.06414909432935,93.22627976647743,92.79015935937012,61.49376453095141,39.20622908852179
2026-05-22,12.54838371851012,12.414884733415294,8.548005972444455,8.12529830866435,12.205378264074309,12.900703356908801,7.482902791324308,10.27182459012694,12.52138918935306,13.483323002160128,5.821980214558297,4.23560769232633,1.1069667316232537,2.184371564584463,3.7999810332298143,7.7552947978540825,9.89975640927302,45.22547799205652,58.149087215614465,87.7001578847935,90.427922738563,90.22917117866692,76.2655412284553,59.723136607420926
2026-05-23,34.50344164493289,12.30915046385244,7.44976467138263,6.323375578369522,6.488130676135806,6.189758474772687,5.139748978047227,3.0764715354497505,2.034729511155863,2.102222091965746,0.8827095679165374,0.9344573250607783,-0.032352821429362515,1.0341096647794619,2.478092146157382,2.67760214893876,3.894574309905584,37.79317416206509,36.63699668363677,56.90903100716211,75.64959686925684,58.32592688807554,47.646334695768225,31.80938633742324
2026-05-24,20.589881001063052,5.610804871738664,5.070775763604896,5.077340674785171,5.289781040879179,5.725201795241767,1.375613201562527,0.8609997685540148,0.3829911063822458,0.5916182539811086,0.7192038469649793,0.7160138496387991,-0.05470446788960389,0.144252601656984,2.6782105628044843,1.2404701167415824,1.6679578400254134,8.555580807288031,7.6705834054344955,18.689242519896066,41.54185616488568,51.83712879505762,14.07084973730538,7.686408819203775
2026-05-25,9.654847702720858,5.5116447480939135,5.727178142908271,6.357334794104916,6.2347139471737645,6.574244734367051,3.7157408665110703,1.8632969906931096,2.176421802841369,0.9881134063340545,1.3703082610977655,1.3231332402168936,1.793986831670589,1.059581860653249,0.9860424170379455,1.2403048342462546,0.42721459053232713,5.951104177886088,26.87163561708452,59.15945889900327,73.14516861722865,60.261292696835305,46.99656612175549,35.783924277761194
2026-05-26,0.7338576056835036,1.298362423074345,1.431568271266544,1.7925034953778636,2.2193787232810887,3.1599373268129733,1.3653886090013732,0.04152991903715065,-0.22802964820918178,-0.8478944454927204,-1.1576686214638208,-1.2939450702098216,-1.1820672326562196,-0.9962604557569715,-0.8996052413322941,-0.9113016473214376,-7.8159351631250535,-8.604142823300956,-5.601495275534788,15.089149638130051,25.39246132221854,17.554592702580536,10.62502938927658,0.21457617004377766
2026-05-27,1.1416429127465215,2.7872088644000073,2.9413307201693466,3.9094079050129666,3.388765271253152,3.351259670613214,1.1052981424752863,0.26438397368476735,0.07420200959383756,0.5154182383083621,-0.30534539439565317,-0.38582932935221137,-0.8728659950175525,-0.713010575763617,-0.34589055714074857,0.06722742198509113,1.3860426018579344,3.9743674625295142,4.692236880348101,29.026018644197677,24.50901642370627,21.47766902594006,9.266348435197463,2.454690264578571
2026-05-28,-0.5583828593098102,1.7617657313727049,2.079040884206305,0.9008351366318302,1.8094883152249661,1.6472619925566976,1.407618100689259,0.6427008322793115,0.9755600725956993,1.1114959191308957,1.5243361840260146,0.4128017148807333,0.45628813531696916,0.4518013929227183,0.3670202284540776,0.15248820299769367,0.0034027261124397815,26.346647923691844,21.682766346714182,19.57095907439887,27.589120373731618,28.456852662726764,24.915265534815926,19.552540594922778
2026-05-29,11.901287854592248,4.666564572595709,4.856885410545606,5.820688366273799,5.206013416323146,4.2585468641947966,2.360702017705431,0.4433418255909574,0.491558414918488,0.698027818042135,0.6012356249291112,0.5992310398582322,0.5872230636641115,0.6959380756832094,0.6855744146591648,0.6392384649579264,0.6745859239741959,20.074133118131734,18.82768411180083,10.59478227737249,7.10002536651045,8.122417016912856,24.349287482799546,6.392630924500003
2026-05-30,6.996537834732385,3.5881294990120116,3.544790202424111,1.5273142855040562,2.5164707098612507,3.9684088401487836,3.9265716237748065,0.26281442807460964,0.40535447989694795,0.30351414595623366,0.18792352891040195,0.19265044036152923,0.1814026027049622,0.1943143311912661,0.19763738129152011,0.25900907944122303,-0.042297400698668226,1.1163621096664897,4.290071570413787,2.2492389581957664,7.108554987035974,18.616765196892764,3.870966792624123,3.1572958995558515
2026-05-31,5.090771668871002,5.529840827413879,4.84366516559714,4.875472963520338,5.007973213099341,3.268166756708668,0.903599485353085,0.054639861780883286,-0.026392017172676887,0.3291842538342299,0.3716292383352924,0.3002130250623922,0.5563832085608594,0.5025443955483493,0.5611878564787638,0.5160469073913218,0.08683411987241374,0.6510364995884331,0.7534999620546735,4.112067055578722,17.270662236014932,18.70114239827066,4.443769922083088,4.378229365325002
2026-06-01,13.536828649152923,13.183388637899668,11.81935023407257,10.472620483238842,7.764939462384359,7.403612126382535,1.2281889142869622,1.5265303473359693,-0.18857884328433028,-0.20896495754875707,-0.21562867132248142,-0.1850980584351679,-0.18849125797140343,-0.17826520507421514,-0.17887991360669994,-0.1783298356616545,0.11216609453231983,1.109908855491883,8.92432777072968,59.4306937386703,76.6486328567179,76.02695602455489,75.00354741287187,36.78886736960064
2026-06-02,10.68982511819953,8.854646065362319,8.47205815511949,8.42965054742782,8.60936539210018,8.914223800323441,3.4797111010747943,0.3389864566517963,1.1838269200262757,1.2936302536703899,0.9523477867965339,1.0981686118286125,0.16936958398120977,0.4390123156996534,1.2830692952194684,1.9807406039771942,4.344720825609141,23.372746997161524,56.25968111735114,62.75770502772664,83.90106779120144,81.93773025154688,79.38014211663379,63.368712198320246
2026-06-03,45.468927043098674,36.78536100678456,40.96475918031679,45.620609608109426,65.92970229839749,46.889743754627375,16.74942416801012,12.777446064574017,9.097373321411718,7.91302585170876,5.5480009610324945,6.312377128482538,4.0762504127019765,5.34351486285751,7.1716901163854425,12.6270017811201,17.665500318019827,24.7786491458448,37.74017240394598,61.40474458232952,77.39960141615775,77.37773763901514,63.7457502823573,45.80499369743471
2026-06-04,34.00486287659564,14.075944143646527,11.798727533748899,16.370958070892506,15.208774993212415,10.709021882435515,0.43627602765081513,-1.0035405076015602,1.6442723360714666,-1.203966583215914,-1.3525631913891032,-1.2494411389808655,-0.8531268276708336,-1.6348154677707862,2.799313358899205,2.3766634356394483,5.380812067076659,13.088494944330982,16.98939010524509,69.70247995492213,84.32154119287283,82.13848021348754,56.82033542443607,28.33723744240224
2026-06-05,29.95031021132769,14.82784927407173,12.342664486511271,12.126511519710109,11.488450597965613,11.305345471450698,7.095509382685022,3.4042795751173607,3.7921897114181577,3.2948260323399734,3.0682927411549086,2.833958379871597,1.2817999937990616,2.337134642496433,4.187777438256308,4.232648851004525,6.847701577646213,15.754269094470235,43.69089633927374,76.96728700949248,91.41517989438012,89.78570050302413,70.43504459019037,27.438831739747783
2026-06-06,53.60790874843494,40.83101564572067,23.515038459540417,24.432460713703225,37.53177872845092,30.417648481138837,19.17842582827107,17.37530377455639,19.95365682281429,19.33402383688553,18.21008360362871,17.90129235228884,7.757900776145262,7.376240581062026,14.506315622121411,17.02117408171471,29.307974465639756,50.33138432228896,50.264350413871426,80.86692369881946,89.90836863595077,79.58782154920816,55.39171265682531,50.411362560794984
2026-06-07,68.61399222070303,50.83724189035728,20.210047886619165,40.903521176566024,50.00558074441604,31.894518654834837,6.8978618002366305,4.282386078261109,3.9633791380675585,1.9206047566153437,2.077189468812626,1.8801401923959018,1.6265920436828407,1.681991403785704,1.6353090426553487,2.8936025137285752,7.941610879096685,18.737035019519723,23.399829538743056,45.382495528532814,78.0656333121762,76.00464748244772,57.912515771605364,46.95268945961848
2026-06-08,21.052856084320524,20.66281664141943,12.366708319749895,20.61103011281149,18.432406166671694,12.401368683213715,7.84283357219763,1.9545839394674882,5.07913543536866,4.653824860134121,1.3022899208327623,2.387412492801492,1.4216896392613723,2.3645496362274443,3.7820920437228063,3.8537199838318656,3.7651316813443683,11.459295227909323,55.13232492933215,49.30379326696832,57.382334790953685,55.8793859453699,48.83181605885148,56.99094967727467
2026-06-09,33.52264807676336,12.562554359840767,26.29069594182969,37.94645445230994,37.89783423799217,24.153475150711262,5.086912407246165,1.2413717904039479,2.8560920841950352,2.7001613716200583,1.1426079192104488,1.2514884392318708,1.153812698658114,1.1192484496262478,2.7514536969059744,3.120207646860048,5.357036125308327,16.580759390886126,36.08736739301571,53.66056152851403,72.41615696484914,66.06977823790008,51.782208081374236,44.19711195296468
2026-06-10,59.38104581000813,26.49143859658155,20.503460533243313,20.60203606512403,20.811968178593013,17.094737514128486,6.696098242970591,5.533213045619776,8.45979663316016,7.468903753492721,7.3608995325259725,7.217007598812614,4.61024218318588,6.798753697595164,8.835076903595537,10.06606946146923,21.14190705317078,51.70650841331125,50.73444509971524,79.19136175866521,90.27047138351233,89.11810674914243,77.41096419740539,48.54641284692882
2026-06-11,65.15319024307912,46.99513792796557,28.43351966469587,33.650330779578795,44.70373015799751,32.70160791043088,21.09227301218894,14.702365792330598,27.48514789582668,28.346735962422823,19.06429843804438,18.213676113076062,14.930900983192327,17.526826660932905,33.911368055761876,54.436509225464604,58.711580144833725,78.9857059539244,76.36110658333392,80.84948675967425,90.03231525475508,89.7243314414807,74.5467318566575,65.56231697413071
2026-06-12,71.01003952917104,49.038866464838534,24.52710897852899,54.45372536154647,61.789339980518264,25.024044364697616,22.05963749885505,11.077771135883802,19.688670178329268,18.22365811087184,8.225977235607894,7.69300442525976,4.528805362103932,8.300883897870158,19.386860613922405,23.71311158981045,33.81705689398031,71.25690148177056,73.56725076296371,85.03594301627427,88.5038299988169,90.48367156313549,72.81844395651866,69.80241992701275
2026-06-13,62.87467027544686,48.79406730167839,33.68021037434376,45.14173661976574,47.09911869900462,26.67445878593641,22.24594054361161,4.974755689495257,18.982482663858683,13.869095558862721,5.715970434247641,6.1312578176558645,3.8719253090473114,5.036819390706549,9.611654603572003,6.551021319626228,14.193929842073917,18.904210517742403,16.6009421640603,58.1519049557914,81.82363681702824,81.77868873228634,47.2801376547934,24.540152575394636
2026-06-14,34.17322485596417,21.78160427682635,19.519174815410462,20.13978132568696,19.584804519214067,13.770417079558698,6.20441383197048,2.186233450197756,1.106932559949148,0.8733399531139648,0.9021409785595531,0.9993786040301412,0.5484500823487437,1.542103620997531,3.2527430097818164,4.552203812456675,5.034577752890256,10.54027237010534,11.917610253296916,28.671944923313525,62.43121367689898,49.44275940234299,31.73591646523065,23.643827396353185
2026-06-15,30.251469791624597,25.16126513544927,7.370295463638077,9.930005627033449,11.113396695104258,11.277308216210901,6.611092933500052,6.6620610686395665,6.791023662326138,5.913007840172623,5.649824893333635,5.9434713828811905,5.543257098169858,5.6514324909613745,5.203160574459388,5.691704965289888,5.64235074607179,13.864137910779167,23.56331214353871,67.0076224206525,83.11818058694486,80.09886466366538,60.33453550627852,59.06136583109163
2026-06-16,46.997462499647725,22.322494518561548,21.051385734750056,31.944860705197566,31.88133054542296,29.423933462470675,16.353220144550686,8.005017221610416,11.434740409025286,11.717995580757362,12.542521373998492,12.909611007029888,8.39453232681697,10.880895452908801,14.92833387137304,23.90352618125397,26.28485049821117,58.20717830634526,60.75715882445192,74.52489995553941,90.07018564982829,88.58471043667768,80.61603703668867,64.77890286129491
2026-06-17,62.65428749708225,44.954490023576284,32.01728864756812,33.31732221037265,45.030491404183074,30.359841349538712,23.30207356782068,14.679666619407914,23.10103226205059,22.211402940973464,19.765755382744132,19.05505020090404,10.381595885826673,21.405363153499486,25.846333550831353,37.248082936016594,39.94547525413982,63.407343289313204,69.41670569542835,84.7853317625809,88.20786648772365,88.18523176332533,73.30596097736007,54.816492400356005
2026-06-18,47.1899960451431,27.405743337443376,21.64229133147719,34.488040407573166,34.41786357253309,19.93077025179604,8.20426309369978,6.175506414851589,14.65115594175219,11.04583663979004,6.8781285554621885,7.091088128410876,4.4635851434854805,5.633263639727436,9.100340977221927,16.383262707834046,19.61320732478679,39.22421980529354,48.835925191425936,72.25421632838729,80.64995413152391,81.3997544673637,65.41401703737908,53.367158711510186
2026-06-19,40.42643975699066,31.913074031059445,30.299759964295607,33.043854203704406,21.853965223386457,6.386771538027931,2.6602412883705053,3.2037626772098315,4.008364555646937,3.848166299114717,2.573925120295164,2.5484710036004463,2.1281840701204544,1.911115063080588,2.8750468551130943,2.7571705362790158,7.810533471863198,18.95794645608515,20.37569788964704,55.07723018417791,65.33109287461795,63.337463571778486,31.65850565107794,17.06966163717591
2026-06-20,26.500092803423858,14.575785620170754,10.893127573384955,10.808809059038097,9.346912627022455,6.75436185800173,6.817663502308,5.954666101673857,5.697549813376026,5.205451724082813,5.874185574963153,6.490767504533624,6.497748680808821,6.199790621364501,4.9201502769455665,5.118706622740225,5.7412779712431705,8.675617706186648,15.649576553801317,23.43643799471421,38.03155984748254,37.74763226669998,23.799325757069937,19.974161481578946
2026-06-21,28.46280983661013,11.972955131650187,5.813212274502672,6.1625866395722895,6.255884094585282,5.997085761480642,5.208044810794372,3.4487913661504557,1.1156373514115385,0.8454169637085082,1.0862958277581118,1.0164652980018878,1.6943109756745085,1.059392232072121,0.9145140437710401,0.7698580937656894,2.8111840601328884,5.253381113051945,9.510934933409093,19.671392196991555,34.66140513688934,32.92192348664425,27.063950170753884,11.549606385922107
2026-06-22,19.193592238493384,11.11913500580879,12.02866763809913,12.740539702919646,4.334368868991107,3.6136570988976415,1.7723421966144062,1.3378225137050967,3.467257056088075,2.1344575067553984,1.8440009978018528,2.503382122487714,1.4761210712920818,2.3161107429126626,3.932350497022439,4.882365949141637,5.997736827621455,23.84733784011406,26.270194382814992,63.33470623042426,63.81112905920786,56.265774617498934,50.82140836951014,31.396133303001246
2026-06-23,39.432861645244245,20.714781997861852,10.223239716500068,12.499498171879855,24.02274049956673,12.28552655316481,6.935008867185448,2.838202537379578,7.179233408203636,5.081023993501382,3.7544652544400154,3.4044411330729893,3.1630069670736645,3.343731792679557,5.9163259993558315,8.12215841315707,12.130655947169014,20.680131872315364,28.242567978507797,64.56095004830148,80.4563786492345,79.41706763754534,59.060677176918496,49.724020684976004
2026-06-24,35.64572315177995,26.189596041733726,22.6244794056667,24.15516826830466,30.958423997774467,19.903309715346147,15.272041669952088,14.258684547659419,20.484799606228332,16.238937542123633,13.550568120507709,12.992249723566896,9.969685744385014,12.30127105902305,16.837307767605544,15.823355259050542,16.296293855366862,49.20121125827854,30.994718598921533,70.88233459748736,82.76551714988182,85.58211425447928,60.27201416005839,41.64365245259146
2026-06-25,52.574960833933666,47.93277307381663,34.769668263650026,49.80027019149598,50.65927746306966,36.09807282197512,33.18430808674327,20.32137334240441,48.114399461241376,31.894100925037172,21.706401292457837,13.312919917934657,9.914534213821698,12.490124492052068,22.29435412413904,24.11362232327579,26.186157081286442,65.03652642359243,73.02731040338404,81.11186426960285,84.38053557534563,84.6872724004448,63.745759852688074,71.37877928916382
2026-06-26,42.89290761726013,35.17985529597155,30.158071262661,28.774021056599043,28.408516980395927,41.8536258512974,34.30695644570194,6.596792872184812,35.67768089822544,23.82441307541923,9.256354251696225,9.632583284939631,7.191832711455435,7.999984863054591,7.664273200240117,19.39472721117647,34.96409934361004,38.777590044093586,52.37490767322132,76.40292059453769,82.65243016340509,78.81660616913607,52.10288117144922,39.5438752032875
2026-06-27,48.358901692169866,37.46131700442344,37.33715790751509,34.90327771974502,40.8906167486048,28.646106337426808,18.914408687828704,3.3251713762654993,26.39525412634098,13.751112373924371,4.066676878101537,4.141446773855749,2.4840822261079536,3.4671979202957623,11.757874955760709,20.20953409984302,22.161163206141058,31.17727876549357,26.138302731257834,61.37241675955211,68.672426676025,69.71761628703774,59.66253567214403,42.24614147254145
2026-06-28,47.67816264598927,42.747050451602256,37.47564347091836,35.8268202143787,35.880681412517525,21.08980353735999,3.041679577606026,-0.46549887056448513,-0.9839044370118655,-0.6463926449957955,-0.5479469108006164,-0.5705090721368681,-0.395896179461407,-0.3847106085916716,-0.720393057381723,-0.5084840704621327,0.24126936622482,14.816944451142954,22.341132514706196,44.70729535839272,71.23801465334834,67.55223428874977,34.99012908524716,33.488772970589295
2026-06-29,32.269048407513004,32.05141262349767,31.83624988604165,31.93956443878967,30.558724010916148,28.255351812635613,6.511399460691824,3.394648647106743,10.280251655120077,10.367560701074892,5.439403336402203,5.319564259973583,3.277481758331707,4.389791219001123,10.854530274650786,7.657588081493932,12.148920030534226,18.32119688631888,37.208897369685886,54.85307149611303,75.15167563966065,75.69795700332641,56.77581142616449,55.05983674364704
2026-06-30,48.65514049644567,39.266018091735226,37.09834953102162,36.52617080780157,40.36722933198861,36.22969759799997,25.328970854215555,18.127649582012072,33.9724335602404,34.870861429908736,32.01318741418021,27.627509915683916,14.537631177219525,24.05656319470382,30.380205782846506,30.56984244068986,36.85019022779454,52.7165932163651,55.593007313629265,78.92774830304066,92.03166581338671,91.85662191482245,70.00060080649135,60.55560800517637
2026-07-01,66.44427097480902,58.180538409396604,49.651318152822505,54.253610907393636,57.14729997635029,39.74598334528968,45.97036497907199,29.27384801254333,55.518618620452735,38.0869006814224,38.33175917013773,37.198523729421,27.834119960394872,38.027547977716665,48.7210713637799,40.09439748265595,43.08166926087657,75.11756580392016,77.29120814149911,87.09196688366,91.02701648357734,91.04685918634782,85.46200225075177,81.03468708274873
2026-07-02,84.71725628304397,80.59875397200128,69.95806548053271,69.08717671705594,67.82612343682632,70.69135136962238,66.29802959499094,27.8322006372749,66.7454740115427,63.15604013092077,57.42034010391489,56.988898361517826,42.60090037995569,55.60119889616779,63.16523332070758,63.37181006481854,66.51359156044951,82.9085301250716,82.50527968079197,85.61463588911805,91.74422855262694,91.5279462331534,77.66527112204493,80.36993457485084
2026-07-03,79.56525573326918,69.38904298309883,68.0293171704242,67.99029951513407,76.47373118030396,68.64808227226236,67.44402404718689,43.714853560445746,68.66126124639248,68.56220186218835,55.40459043382407,56.62723010014066,36.05469726594906,55.44477932840028,57.971043554865425,48.78381698687457,58.368090012278635,74.38303223904781,63.175073847927614,91.10963677041188,92.7507756598304,92.2961140206394,83.75031063532015,77.19676209355156
2026-07-04,78.07143969830366,71.54232366567462,73.33249518989001,72.94135002737504,78.56382747765616,65.13438893766791,49.582718420539145,38.73295485396097,62.394050729250566,65.33406954433136,45.22523244719255,43.83239822434552,30.802264085107584,37.93065820391822,60.48791579872215,64.95661892204757,53.02058693169486,62.669690814988236,64.38160613948413,78.96094619149176,84.91125749782444,82.2069004511298,70.91319873595044,65.96023030886879
2026-07-05,58.77621067295785,57.518065154021706,57.786774239311185,57.913507977729466,56.248130587220906,50.90604016291815,28.13920780595782,14.56454285541819,4.156444220333038,1.9711248411843687,5.941484923644207,4.994950481536056,3.7087440474620674,4.201337908693398,7.736455420619269,11.96129353472607,12.490122302849459,25.472054056751553,25.99632824969317,45.510215593918424,65.15840545505954,72.74226570770251,59.7568053818794,39.415227003319316
2026-07-06,67.2115527297628,57.40660968443044,49.798902436324965,53.99279068304784,48.79525979861506,44.66754900904486,44.873712748578846,36.676732334192884,52.161444497730905,41.327079963180935,32.834090758121675,28.532570390889045,20.963639636265444,25.631925395712905,29.752039598943938,30.661560276807453,31.81069982098044,45.21786637245837,63.35762580979506,76.73780912762416,82.35687740878778,82.5316611744759,71.51860159157006,62.04840292650511
2026-07-07,60.68599533156373,48.656127041841316,48.03705548195432,48.56708446489609,52.34592410934281,37.40778563544608,37.5299681076994,26.977082429524998,58.74091683850446,51.057349048943166,34.15571920844986,30.34599317515045,17.179375719543966,29.351522265761602,52.668363850291634,49.6471889734523,42.37175218011086,57.29745401104968,61.84602656204772,76.64897177989792,91.04229986338245,93.17362359839368,79.45328980882597,72.27839799527072
2026-07-08,78.93184927244009,78.48669165361561,73.4412215728629,77.69645753422685,73.040739391477,65.70065150895583,58.45417528876746,35.8252361770065,65.36122583778861,69.47293981741062,57.10611507039179,58.12539962961744,37.798489335382314,56.39527412544252,65.28463049406024,67.18843346416709,71.97596355145788,75.91230580007301,71.0790658543033,74.67562731310109,91.87464563970747,92.05820567815057,81.34975447534619,73.99430964653375
2026-07-09,74.18301605276125,72.38440234774546,72.29411833248597,73.46512590562463,73.33142988436673,70.10529564128329,63.41156475141755,42.72323245097977,69.2875798477429,63.931083104617976,51.24317342055093,54.742009408125206,31.451768153990354,54.17625171136799,57.317192196028124,55.30832467106049,67.09607691997022,74.33076809454423,70.92566401549838,85.24495941449958,92.65175877379716,91.91485004701852,81.80291924671596,72.60653244618247
2026-07-10,77.109333461336,76.12322021601946,70.6140620053029,71.96037178271587,80.19634668998522,73.99842820210448,69.72553187093825,48.7723427413854,73.80155506443644,68.22775225047174,57.10968952192539,54.090759779222005,31.33091667484987,54.859384282078146,72.59326017196757,70.45013565911334,72.72991045017297,77.55350021082694,75.20535715047427,78.47196130323016,92.84370738807775,92.33981503726137,79.96785707908131,76.35313624955599
2026-07-11,75.54636001474456,78.50163512972952,73.83638040384852,75.96336025540145,78.94658911711677,75.46382180602279,65.4558734729747,39.98524863631359,65.09672523602586,59.698751232840955,42.753752494166015,40.20827432675524,20.82057623031907,30.656804277164238,58.042569046732716,54.55213644659731,55.62731367977118,50.40795406333122,52.28727118868694,75.31674144129778,91.4964571933305,85.11557642317675,71.68814551056977,71.14243399199292
2026-07-12,79.6277437055691,73.34745899011129,71.71783142219738,71.78109893940928,63.98127485938379,61.12890572630425,56.0439437680024,21.54985282271931,32.059533312244206,24.268455982981195,14.326590203093867,9.468093231611068,4.166693036148111,9.829803014335425,23.48588054454308,25.40811655601315,26.064407362546916,44.185950991873035,55.20142440426608,69.43854733226146,89.1952688245275,91.01324949319589,68.61497898946146,65.33252599392601
2026-07-13,75.75145517834692,75.65883857317726,73.45502346486334,70.89414511722245,72.78535996511118,62.97769916942218,64.34755346372692,43.78669556178831,65.49946268162,60.02983978134232,36.381653107618305,35.08964349341527,27.925636957233188,31.60095680262267,55.45718136632284,54.6490287755812,54.476148422476214,70.88775346253011,73.7702488227339,81.07508840107815,89.18516400837184,89.44085405293903,79.25636508444299,74.66898214813251
2026-07-14,75.50447535572879,73.00009112033818,70.67846205596616,74.00735152986576,71.08897890510998,58.90407028211757,56.19294238517004,31.3739273022739,58.16496877803729,54.463763648565354,38.73943097098393,41.075118079619465,24.347993399509267,44.78741094308761,55.29526297886318,50.98774718633744,62.340166399748846,67.82215082696125,60.93971978686387,72.70970274057295,91.23858970014457,91.28947253411661,75.81331347998092,68.73691122423183
2026-07-15,75.92852044657357,67.72146087294817,61.72455711756255,68.17594687978641,64.84385242301659,60.38878339720695,51.429439155271744,25.231084088400642,46.08861754430809,38.506913009376454,22.344754638879692,25.79300198154162,4.290829229774754,22.36475494251901,36.01599478670467,32.30207645810451,48.682802119211615,55.771768715912515,58.01599408249917,74.64814738908251,92.4512936104256,92.15351973610836,74.02397533214594,65.00480324676022
2026-07-16,70.43432228784123,66.33838534098038,52.223448119470774,60.028228381239515,67.56110010458127,58.78590851898998,59.67746934798514,34.0006143754347,53.69225821518489,39.674542457013715,30.092245477013922,31.272748656493008,12.994226531478645,26.341143816750705,48.894748713066754,40.07767191000309,42.34350226111396,51.8556697011639,55.931189216051344,62.747627468185144,84.29555339347716,84.14927096709516,71.60609245391448,64.75817827863591
2026-07-17,74.55409681661192,74.76919051493374,68.45821789976593,71.06605319565747,75.14089944983796,68.30870664149921,46.352631955113225,33.78837807220239,62.840787884756324,61.87188638443964,33.28147275579184,35.561813649831606,12.751136891073273,31.04760015159154,55.985545842349026,44.89067818839906,59.120527948674365,65.34431356007379,60.34332995851193,83.99577084881453,91.44053578270992,91.56597474571862,70.65846975077703,64.42679667698316
2026-07-18,80.62925954386304,72.64139418943347,70.65362943270783,71.98692923354636,73.56372600301782,71.2949894159225,43.4740391645317,18.22555597759059,41.82078730828531,36.8210069080507,29.021717610582876,20.044552688356873,14.45409862422288,21.890255522930538,37.61551897013554,23.570965531926394,31.456153105579755,66.44667650182451,60.87984879814932,74.71919400370571,92.02430231998821,91.84531417356648,75.7769547708326,70.26855304965827
2026-07-19,80.87322019093318,75.32237265032906,68.38680220134403,71.90728626272683,73.30522041629735,66.4948523645817,59.854958259187384,28.98797293314238,30.435158974749882,22.349611715204404,21.00547364160293,22.301423401663005,15.586700893338302,22.866271795688363,24.90921540888004,22.866444076018777,22.57044923980076,57.95322921110922,65.19106367965571,78.5661516841724,91.5460739523801,91.31669806801345,78.67610843693056,76.39106575754455
2026-07-20,78.7430946646243,72.2974603236891,67.06417784579716,70.53135911595814,72.33624472561972,66.35851143259701,61.78716835352863,46.757548190235745,67.48545005399549,58.47732690106805,42.68628628220334,43.72716701534128,34.10219335130845,47.72937588518003,54.266448290217966,45.827472593400806,61.400471267408065,77.7961499320538,73.09497422295216,81.3902341197483,91.7900733765121,92.49731502078671,81.56309772219689,78.82860377277143
2026-07-21,82.87383474399613,77.64298030355664,64.59974376390485,73.96998394119922,74.60912113621282,72.40969459364744,58.95974248288563,38.24523764385268,63.73804229191502,62.663229503660816,47.13730633823786,51.21448529458836,33.31737818152804,43.04162488540538,61.60744262245044,65.72110056273777,68.01589333828262,74.01960710558642,75.25553803701938,85.84864988118315,91.92369650613087,92.02280822532401,82.23256639798849,75.73471791573222
2026-07-22,76.20600906746132,74.45055529163507,70.87210634609652,69.68550018553054,69.66202444067738,68.92638250292245,55.393579936722944,28.135495442815802,51.939241392231885,49.205423673868644,36.49003637683695,35.87660030360696,20.75246375544262,30.389271701749053,66.02795819643653,67.21776354848956,64.71856424135461,70.22360300537653,73.12742563330222,89.98371128230123,94.9500427042903,93.53354484094999,75.76238145273692,70.71809154967022
2026-07-23,83.22936044819275,80.14793430923771,74.60237322473986,73.25159814309805,73.20820471869479,74.23438242154553,65.64618152807112,44.18457082142848,67.30573596165434,64.12910642302924,53.5397463314288,59.49198009142968,44.94944604553145,61.982909219145,69.3043757159685,66.88446552964567,72.02321644240318,74.5256698985087,73.95433903508875,91.850372161927,93.26557550340338,92.92206661833733,83.69340972691505,75.7143662076598
2026-07-24,82.86760822110337,74.00818940158496,62.563840334963665,67.74219202411768,73.71623619720721,74.06212635816458,59.37100514974794,37.82769746372386,71.38357091835721,67.46238543133937,55.41864619606777,42.83331689840711,28.201562718684546,35.51570928169662,59.528395532335786,53.677013566027924,70.1238775651436,75.29501276608924,74.15348677195512,80.91869323302534,91.26826270901148,91.53075260422453,83.95530700926109,73.6291437947588
2026-07-25,69.81255451455722,71.29490851509011,69.47360562066491,70.46934300477247,68.57181461393782,67.19635077493655,60.89077218655267,39.39711088275726,64.32261018414641,50.021353968694434,45.34600760913456,39.07902625064536,25.460990899599043,30.478329007355352,47.9753690801393,49.93460309115497,52.82150730265401,67.40965195271458,69.31284682625063,84.27945302470279,91.84285024663045,86.35416859193178,70.69441925299516,61.691092047177904
2026-07-26,71.89745289362895,70.89878567220703,72.66022828473344,71.22132488311986,69.0297751685827,65.9959406555039,63.00431006083767,44.75777859164449,38.18084249124082,28.2641712628743,31.43409609771831,24.000816664378966,24.293384126147135,32.09900938012723,26.315440289257424,20.783130499036787,33.455240891874475,58.755896889342544,67.03735048833168,74.3265860805599,87.28950737883325,87.57315976555081,78.18612638248509,74.19345049070323
2026-07-27,78.71500350823518,74.1283618916273,73.02595626717562,76.20243442275843,74.77638188054088,73.5622801717097,61.660137913638344,57.28095344642589,69.70381927232835,66.16082692720079,59.85031623243161,56.72948197644112,31.748962808406365,54.22530112092407,62.34558456937827,68.01053309908565,70.11595623264023,77.87673151954345,78.54200917052202,92.58155878225112,85.98723214667527,85.12717370690048,81.50096986319642,77.5516376387383
2026-07-28,77.34079617901149,69.53823762336671,65.23901647205227,67.52927859564194,68.54688780633455,69.87859305448376,62.085960275452685,44.35700284181872,56.63566492731845,53.40724208571171,46.37402429636615,47.96036371820862,22.99551633930881,38.13150236242245,58.79668255948743,54.65793211180935,54.9429282188474,73.50366704619667,70.95897126259192,90.90061596696893,91.47177514264219,85.65574135727647,82.83637464360557,72.70997794953212
2026-07-29,79.17050231430655,70.10051430817389,50.87477563277252,69.61543494384163,67.28324730691314,67.76973266251521,69.92997424888829,39.662648783743045,65.06209078801206,62.12186451972809,46.97155994871978,46.68737442149859,28.689049446190822,49.683434800161706,51.31699338745938,47.27640617011783,62.41623386568652,71.30521584525053,72.94608806399548,81.2675042083994,87.89041467941652,83.76252247599109,78.21199995379104,68.7657338521826
2026-07-30,67.81557340091202,57.61824148951023,48.72344969061704,58.059614061861666,61.56091843855775,60.3288701382339,50.5464750691686,30.953143191252156,48.78748886964245,39.81084560169328,27.131193244065415,27.18669404856298,16.40928088226972,25.734434138089604,30.436688570981214,27.79800999988805,41.29361282342425,60.78019552393188,59.17600446832953,75.64189009176366,83.94796374330377,82.35577226991073,64.28334556708687,61.1433982110548
2026-07-31,52.72682623186809,47.09128742155351,47.73806820909756,46.52085255498314,45.391043996807866,37.14624826195275,44.81765053323625,27.061300479834973,46.95673114197186,41.07309578567694,35.34964849218078,30.158884161298,13.152059117558528,19.97219952187649,34.02676979941122,35.85450235051074,35.614513035175236,46.23848337389661,49.65651259965267,80.09449670019197,87.21286143674087,83.79332289189301,63.392977593216536,55.9033510170473
2026-08-01,41.59180150812556,39.21411316135854,36.895441392553096,36.62813116514258,33.31895205695555,32.83248248521256,32.961871437216146,13.585821040852359,37.36492408329828,25.403169174214547,18.38253149578807,16.772053346304983,6.6274020901254,14.270177816028633,24.059182202690124,19.621801107146453,16.330867119054716,35.6486519301905,44.74026305899543,78.73895239513061,88.78335645160993,80.0879422782628,56.318838107918204,48.307105038257696
2026-08-02,49.35134738823745,50.476798123482645,48.14100921808049,47.544074976904184,47.68807316153982,44.224615842690056,49.988111478145726,32.4636294496116,8.845184193150214,2.8095665709086024,2.876290208331042,5.173318013469847,2.964760698697228,7.793177303170919,13.607029317947333,13.610532359116103,15.926843044335898,42.118606177303256,47.007691463299444,71.12823938964809,89.35914412091944,87.17377736927367,72.67581575140034,67.57574178168748
2026-08-03,78.90552165580922,69.39443732648256,61.9889394623168,63.451481143348715,65.8720423951089,64.0700562867669,57.413940521831634,40.7448628221205,52.71318042795432,58.10448874197106,48.165817496843324,49.605572265944204,27.568991919821983,41.90151672344108,54.92390831172774,44.28826073830173,54.761444783037845,68.73268940524369,65.71960080487804,85.75486546574658,88.01573607080151,87.21039160979574,80.72390525051824,79.86386614007073
2026-08-04,76.76123195579707,72.23293850877205,64.49248245811796,68.63407946908386,71.34810128032868,66.26055574878043,63.850636715416364,59.96445746217572,66.46576748568589,64.86152582171445,53.24167791694936,58.84795281478598,40.79451187579498,45.442068462638865,61.17291718498221,54.6872807740421,60.33111302811549,71.88458171518083,75.97861265997105,85.77243395692459,88.00919290965012,86.44189563597449,67.60019387541405,69.68837224511687
2026-08-05,72.5138739643518,67.05466869795414,66.19693379866854,57.86843696612418,63.050135407822246,56.33546471572054,55.04540683290443,45.59706571776365,58.74270796506672,59.449179600820976,43.22686924723131,40.287160953150405,30.451857894820172,38.11875229296152,42.98865037945408,46.45720383390913,59.26378192420371,73.60155651909342,68.90177676950977,90.58539319318582,92.29883004444483,93.73060669515918,75.28635024721514,68.77988046828479
2026-08-06,74.92950458890715,66.70228943915936,71.09796986766003,63.42462444177728,66.63489701311816,68.3968368162875,62.2374965081722,49.165529644954134,63.18134240761392,56.567569942334224,38.37080363387437,45.908434207628865,30.230140362910433,46.70190681237481,52.60543393395901,55.30313846655499,69.47699723088705,70.83530206555994,69.88517357456132,87.76818896277275,89.25357512423037,88.53591498298884,73.11378791184384,71.4421981806958
2026-08-07,75.9883500047727,67.03310436684677,63.44365401110123,70.5856583341666,71.53711446931807,71.85177756847874,63.43213182574256,51.22401265082942,71.23171755536308,65.67626865047032,52.854726174419284,52.7700434246395,28.612650701904247,49.82486946330443,62.25581470846458,65.75539227381634,68.99621660030293,75.5209100488251,75.88385335992437,89.60672090185369,91.84633860299446,90.34999156653285,79.63658677049585,73.50928114599637
2026-08-08,76.67920843166785,73.6587941442743,71.84834223991281,69.96630150408112,72.92959264348013,72.68077561783866,68.81306662395689,43.53432883618318,51.43752212626163,54.98675009537155,43.18713285811044,45.72541812383015,27.456034595775474,37.75390266643723,60.57559312630355,52.72297641266697,53.14021087036893,71.37921281526616,75.32320122830197,88.21014922054853,91.09881013933943,89.17115593452908,78.10840217690254,73.78015167585544
2026-08-09,83.66838381304713,74.75830273112352,64.99877900030675,64.59621288115724,67.32213958964658,61.02327251388082,55.61383620493131,35.40409385515201,28.84242994685159,15.178530227739742,3.5397824677367002,5.43904188928813,5.645903890365749,16.5727005164335,26.72654446661008,28.77617356840875,40.18196550651323,39.70903852254635,64.37555640743518,78.68849161783194,84.54883397986738,84.61372862615536,70.07421951313779,67.89581520131074
2026-08-10,73.16966064277531,63.23639881190843,58.7943889650072,56.734312788858745,59.88348479196776,59.66387872335139,57.547376256856,50.94469318371875,61.00360788591556,66.2909284298192,55.78110403933385,51.62413756094669,37.76804138773375,50.73047079174391,60.62128526126957,60.76538680555745,61.34043774670041,75.70072237455244,80.56719210986462,87.94877023124913,88.5763673961587,87.310793214008,76.26375054411393,76.13648170145115
2026-08-11,75.83802030089139,59.20692202873195,57.79725557621295,53.567406293153475,57.484264447443906,55.58748756545073,56.35211805284696,44.13337855359989,52.30631127935422,48.895631718069026,38.66094275079349,43.6418244531753,27.720651477808076,46.80364638109574,60.10165077216759,58.0489736035964,71.22706536605774,78.50882546705124,76.86377063318076,85.38727391471075,92.09105612658259,85.29981542166,76.06969690805805,72.04743229348858
2026-08-12,74.3330608067417,68.2344483110778,65.76949813501672,61.66587662885884,64.74876106085024,67.38931010990699,61.61611852913413,54.5554942659668,70.10310663999445,62.667121992072346,53.772189661992144,54.25431683227405,32.342975918111456,53.578641698836456,63.88087549707515,60.56163462351058,65.89183200173458,76.28750526301985,73.34416425996699,85.25177780853244,90.7516724464147,87.62887608936771,64.67977524055264,72.51262624574295
2026-08-13,76.72154645133226,66.61238036315,64.54649769423268,68.19102560441702,68.1445532094996,67.68167806081968,59.98227040202456,48.635510710032264,63.988476954409315,57.88981003519156,45.97575019560215,45.02298651389278,24.304089853756608,47.78673458781496,55.1643732847715,58.10866483386413,68.34751663605549,79.77579171042387,74.04729482911033,80.4345767011828,85.78860531191098,80.80443023684327,75.81548703767923,71.64130861914856
2026-08-14,70.74708206245022,60.476228763622885,56.96282178100703,54.14079580806726,57.5973700440555,58.7128802689847,56.864930944270235,33.74744242653734,52.4665433896407,48.69774630168595,37.789429536114184,33.37368680535828,14.414220460180315,32.415812047160486,50.09016087885033,54.678646988067754,57.21198554632535,65.56903305822372,64.94975779848023,82.8797561166128,85.03221410466583,82.76181007353338,71.86315151701332,56.99744171282464
2026-08-15,73.8023993965592,61.61644469195836,52.85771848337463,50.83962701960845,48.82936157544416,55.15789165551472,51.75213348031687,34.95351206725616,37.69081956900954,33.20603620594065,29.378515445855243,33.000766087635114,15.393625609342893,17.49026200041036,33.391853539774,40.18084019511694,49.99116436360335,63.623114396799245,67.41489134980448,78.91604548590949,87.05121668920005,82.9708854575372,69.70588763660717,68.1026289492781
2026-08-16,71.92471950987806,58.44248221302212,49.90970471326695,48.84609363528865,43.68293815213342,44.62066510790189,45.045754406766704,22.781169863774753,21.600180387585887,12.757748148209384,3.8143820911577113,4.660480276446581,3.7178026862304727,8.234447526265107,14.81392280950575,19.585216258856576,24.133763030417647,56.760422670697444,66.46454404356456,77.49006775278059,82.08130990428208,80.24048234529228,66.16243721149472,64.70897941813557
2026-08-17,73.05775758653856,65.04355800964233,61.49180846828466,60.625581483660866,62.06758276579612,65.39896258296477,57.03280949800875,52.30192599231783,65.29916416049956,62.09281242830982,41.657523445339095,50.512279020489224,34.83547269351019,62.446983326422234,68.97739642214474,67.40624409329315,73.39095992031072,81.91102787169159,81.4183556972117,83.52866404232128,87.9482535337539,83.41096844525822,78.62806034203304,77.7386258162217
2026-08-18,76.83896839415009,72.02172032026988,70.1017870233841,68.70906396154888,68.5380123644124,70.4468709477697,71.37455650469427,64.21951062322107,75.61301819793677,69.76043352638499,60.975813789476604,62.37411851628632,51.23943776638727,64.56102212656545,70.64080054124004,66.69005230525596,68.1402591414904,79.75371591054845,76.79317509753128,91.03157826401826,92.0802851717895,92.0216752895559,77.14245516932665,74.8231521041988
2026-08-19,83.74030921365039,75.56114922381829,73.70889842788881,73.30544808226173,72.35390843784393,74.21939616872258,72.17970139541583,61.878708913998935,76.359163643883,69.24017968403871,57.999918629525574,60.48326665602195,33.43419930805269,61.23796272745051,66.32858404989827,64.462159318426,70.9400186808512,81.41761404629143,77.56982695318973,92.34666603208274,92.6629660426145,93.37903955540762,74.81611868798657,73.57487043475629
2026-08-20,75.47922851299457,72.33505805125051,66.24503234655798,64.74116004967463,64.73637151046094,67.70357114816463,64.66972544566894,54.6227889589216,66.3145613406273,55.36067244403491,38.72239633878396,43.03804643019836,26.395732883983943,42.24473570904855,51.8995483285616,48.611347822203875,59.72541640947065,73.90457771453285,70.95375558645183,89.43143061863701,89.60493067589569,79.6171646716963,69.11514301837892,68.49832634828921
2026-08-21,74.69414572745721,70.63934009279144,68.58447477535152,62.40268160079154,63.59051302661201,63.77515228419044,63.31735679557494,51.15149438811853,63.15820865524733,54.90672487146606,52.15734772901532,50.752430739163195,31.140726659884884,44.04159311734765,54.38965642863484,61.73886764548153,68.35386992659687,76.46839064446523,74.86169421015718,88.35698672064254,89.4870619878867,82.15994870731993,72.70346811608762,71.40696233020641
2026-08-22,75.61417072842114,72.5248346241623,66.77058767010726,65.84842280616088,65.85148008243259,68.4035263011043,66.03117217245305,45.805488750467724,52.094542107204326,43.41181809230546,35.76436424739432,37.16148443721422,25.586252809860174,32.94219982487362,51.451748733430264,41.89532981772645,64.40571371753836,71.52158315159186,73.89937730909664,88.38802536385226,89.74618427558651,87.99354715705257,73.58780841717277,73.04603679214516
2026-08-23,75.75179081713821,75.49892178090575,71.36223426687822,71.3197754876392,69.13085415000087,73.72743515967154,75.13574368154441,58.3739796282178,49.35599250458342,47.82043803540697,36.13342081907534,37.37950259467717,24.5847435957597,37.072113039220426,43.330397124670455,46.90425760157817,49.94587776530514,62.041760478667584,72.75639244487586,85.56410734540098,88.30762893718146,87.76991212813037,75.6980439992614,73.21979617290258
2026-08-24,70.82968781897166,68.25351121749291,64.77125798308695,65.94162556494754,64.96100029193724,64.6628586084452,61.06350167936146,60.49236645630614,73.86308228335585,62.45224351573097,54.96624676491429,48.83662048110114,43.15588517671372,46.345593129602314,55.32843738254462,53.2543399362381,57.649969295037984,74.46361061869811,77.10712703498885,82.76073268161055,84.70715888354303,83.47250795376078,77.45141116996832,72.20718012496879
2026-08-25,72.86146867611933,64.27299704433175,53.39589084102762,54.33419273910196,60.81885678650135,60.759084658292544,58.850394006440936,45.98543659099586,52.91716862094249,49.382316590034364,47.82072279601957,51.25802011700602,31.269430665804023,39.58313940753176,49.99375651472212,52.488308413061866,66.21332620945657,75.1133456081519,77.84635319207042,87.43006159562775,89.12674750419228,85.41052764040795,70.45081404573206,72.41014267033786
2026-08-26,76.8765389616783,70.25929988328481,66.9534331377939,62.522100374642235,63.471094933372,66.65305431436651,64.14398317177414,49.048543523991356,64.78107426404824,58.286585225753164,52.701597808925044,57.151489215000325,37.05917636584016,55.71067117825587,63.23854653447486,61.46425617092283,66.73714398349878,76.48390404070102,72.89674156692504,85.32439860692678,90.97148756588557,80.56951917626232,72.37412555465407,71.53475650662396
2026-08-27,77.6498735162832,70.01035294692582,66.27256973303697,62.763447602660904,64.19373448899442,69.49509039602924,69.37731498300577,63.342581241668654,70.26496851677108,67.46100517022076,64.78353936413696,60.537265236317076,43.930959772572244,59.57438982348675,66.42983554597001,59.976010811438016,70.13862883045152,81.59000108209587,83.64147005698753,88.44619351063392,89.48247966930074,87.01646180352063,74.53019622076837,73.26420214728853
