_d,h00,h01,h02,h03,h04,h05,h06,h07,h08,h09,h10,h11,h12,h13,h14,h15,h16,h17,h18,h19,h20,h21,h22,h23
2023-08-28,87.77109614550575,81.98226480419966,73.60246321163056,75.99472306941809,70.21490500339361,64.1131262509721,55.04293352687299,53.50070025101829,81.99722591800834,86.50285023389745,90.55824749247392,93.47124408015449,75.25799463239575,91.05816257777539,91.08188481460574,93.74051288385621,102.004009202342,84.90093279139695,88.5390892516208,88.07528867850327,99.05568772503788,90.57542120669746,86.02864970408235,79.96389187836557
2023-08-29,80.85883072504448,81.61094657870372,75.6774115886808,67.73045451363595,62.1641609411005,61.67065052454735,57.49817150970058,54.29903464609115,66.69530907455164,74.77042160050506,75.7788660371092,75.31717585529294,71.94836432641544,77.69075138417094,86.29362715662243,89.83843169516722,87.96273137796183,90.00513156984887,92.64876471454672,95.5018961081566,101.0484431116411,90.33352762991285,83.94908080911853,79.55878939334598
2023-08-30,90.53864997471318,87.25849885723166,93.61542227386892,91.6900963160346,81.91759492455745,80.04432528761293,82.24793561329871,94.20057624520575,89.84620103096312,100.33521565821758,83.28380995382162,84.21983966926177,61.577394459542454,68.69847463826603,83.76570355584583,79.41661631088586,88.62031143561937,98.57617048441335,98.31600909210368,95.91243722198398,100.25002577722118,93.85592726158355,90.51350651775488,78.47744455466906
2023-08-31,92.86086984153778,80.54122539246342,79.47139640540347,77.58235522301632,76.06482920625425,80.75345018549115,80.95218238473431,92.64300312878798,96.73107892587093,96.82679924122951,89.59153647581873,89.03377682807951,86.81862564914987,95.05267470806055,107.81873825954007,109.48135829092054,110.55192010067778,100.76520940834264,103.40419199768759,101.6181999045192,101.38432394644275,94.22062517585802,85.52925192583191,85.41178238484967
2023-09-01,92.37790757955395,94.8407439156565,96.42678676006034,100.93896746083044,96.70563269764665,100.217470911289,95.780024171699,98.88243211843299,108.69598405322367,98.54907999370548,95.9498079758906,101.33774358288348,84.67636872765652,84.53949021722272,112.05524542581875,112.84372524224351,106.33845527457296,105.6667286500551,101.47208531569815,102.64097433765232,105.30891388608539,99.32679041783365,93.89137617371742,85.63201902387372
2023-09-02,89.52223767131728,80.8053172395883,72.60240352789523,67.26931865499658,66.9775034784144,61.3248328051137,66.04250695063533,51.80336057933478,79.37632529210832,77.67109722169882,70.62310779812015,67.89750188643143,60.41887736659377,70.21440180818453,74.42916449063537,74.09466508849665,75.22860452046157,84.16743717636177,93.47238334629702,97.41653673892006,100.9233551070379,94.23933031138841,77.96304024426442,70.54278140687003
2023-09-03,74.2266248160783,60.62339434307166,51.719143074932546,57.59972077916478,53.573487487437916,50.13612926928364,47.385643433747276,34.69502200449543,36.176259462586,39.49281292655878,39.44497040802154,36.04991642053245,33.14864102949362,38.17750889149277,45.01729202993092,45.50957587636703,47.534347952620095,60.68690213318594,76.87154921793926,85.41749942074962,90.34988427616227,88.06922830287094,68.41277202109221,57.83621847918227
2023-09-04,73.92258507681711,70.31308453196982,74.65923583814711,73.7412688017862,68.0806298475433,71.48779053637897,71.4620761146572,72.83619164657159,84.46389610704924,94.91154480798184,91.92145488829911,88.32671546268868,78.46910764525234,91.39443146170885,107.08186632884201,102.97479216221416,98.67188653712977,90.39365958951694,90.74487184252943,91.29024703645571,91.65226856218841,83.41741842366085,72.65855287525787,61.55816852377489
2023-09-05,84.47118333761277,75.62015227160474,71.99527945065836,76.26342220767508,65.80778224965734,61.60340454400391,72.7754058194765,77.87610247095485,81.84268827739018,87.73511604394393,82.84916967642773,78.68449300125741,70.8633757657915,79.82570528419281,86.57903038761083,87.31452532989903,91.88394259856447,92.80757778228299,88.51039354500227,89.96169152010933,90.93406026186355,86.94959622663097,80.8858189558169,75.58525226000222
2023-09-06,74.3578231898597,79.01149547070105,73.84025870070477,75.32216771286137,69.90622982372106,65.6877996141798,66.48972984679102,66.49857768762986,91.86738948662783,88.50987000802566,88.69194735042313,89.8828734206656,64.91524609787463,77.38808673278665,87.78793682484796,88.98029965631147,85.29904254328979,92.53709756268326,87.93414310186013,91.92940266525805,95.66127986980995,84.23139895103537,77.93951062296058,71.74645617023941
2023-09-07,78.68564915505726,74.83593961203198,64.5722338538316,59.43823991561721,62.694104923011274,60.39291491781861,58.03939397649053,52.413268689002116,78.97792057335741,85.6651057202339,74.27858374294087,72.09827876432534,66.65844438470519,77.23078235514305,84.7811306313749,86.80556328982077,84.9636795569907,92.5958667035687,95.98538453313999,97.01007907798595,94.8181547796753,86.49239542678833,74.89924601351028,69.79212896527349
2023-09-08,75.37055867864862,73.81651086591773,66.23360103470166,64.59082246445149,65.67729519137691,64.78861028923812,67.64934497910413,64.13850806516122,82.54466493216717,81.04584567520715,70.30416795525608,64.6926991403881,62.549201490049,63.252220679451064,84.3261590949847,87.04267865198376,84.32239768480517,91.00247698222047,91.79035069493658,95.50076444164672,90.81972392279934,86.01365903937777,81.8727390740691,72.35120522698902
2023-09-09,72.51991640400911,71.77105497173919,66.7277134687992,63.15954389192931,60.16522271100653,48.67166513231317,58.57366673726756,47.528241356599985,63.88394285691829,63.40132587080082,55.97597362390238,59.249965164949515,41.29339484228309,50.75713303574308,53.518246150768746,52.38993447400904,52.775061127349474,75.90218243199526,89.581646538967,93.23755996070807,90.5509856832003,83.17946441168826,72.24234191671123,59.607856794873605
2023-09-10,69.66299004758757,68.69830503909898,61.38871385130688,67.01344026396565,60.63906252871791,59.209207346712375,56.10254890658752,41.112164388939405,36.53760416910011,35.32906789593211,35.627010592486386,32.65121690229286,24.517818452657757,30.661099053745026,36.24175913417362,37.21491785647007,46.005833306221355,53.807044497749146,71.03701781321696,83.40732292280963,86.42146821905946,77.65273966322863,61.064543657435706,58.9546301068085
2023-09-11,71.7205833513982,59.21275382882432,54.59483423931261,43.67831620830252,41.527438597629065,43.5965951884909,41.62075353062221,57.228502766700004,80.26604051515945,77.19667752330471,75.07562872436274,90.31533786698377,56.08770963072964,68.62857662975219,87.7767291881199,89.54555723444543,102.12496013907476,92.09245387514703,97.21834857418187,96.546219696678,94.43225917019345,81.27408171928741,74.32438377268703,60.57309229681682
2023-09-12,83.22562875014368,73.02008783730847,68.90468223412013,63.14772539991634,55.90851157321429,63.16604828806862,59.03491370773314,62.0256154582622,69.31907409808971,71.84171995661272,66.08412553456034,66.46328076345283,51.92265165395922,64.88833632608362,70.13296464087865,69.16652943180438,66.9829014140164,81.42448404917943,81.78211376494613,96.02017178935978,93.30901491803404,84.59508346552195,73.53704225460415,67.71541969259222
2023-09-13,68.77669267331886,66.93687530146876,60.64975606030396,60.27174384938011,57.478928339342005,60.11606690205032,73.28810352942429,72.62161048543142,93.5486944206649,87.8172786534978,75.34045510784918,92.66198102387278,59.872345539836004,69.3117343232193,87.84475632159248,83.77634883321429,99.98859359831098,82.74116558674226,82.01285978405284,84.1809561724899,85.79852582735052,73.50052724956909,67.15416462964151,59.90898361310109
2023-09-14,74.60314025380492,69.91880023111294,59.85640678993867,55.335660079653884,56.89410267299768,57.03834446653786,57.77102249271091,62.0222521283948,71.75820247217816,72.92452749822083,62.21950844135286,70.02846295858174,47.43434304906336,58.129558022146355,67.46807940617066,69.22684566783626,72.18270618886842,80.17009106985367,85.91815607464065,88.54708930783576,86.69611977525965,77.0495308679181,71.68989777481056,65.26277935037531
2023-09-15,71.78102803282218,73.66022237114352,68.3697267404534,60.37999354318045,64.8946626474343,65.21715960565628,71.47251765273663,65.65109556745992,83.64909807995771,73.23734598440353,63.277639994003756,69.57403538113174,48.24125131471872,51.90961166828707,74.11471523316546,75.0245452934026,80.81934935907411,88.42467602284613,87.95240890626265,92.27574665619414,91.04285683788352,81.94092277258041,75.69243396126984,74.11425149180526
2023-09-16,85.61823444718532,82.53491712062569,70.67838224182077,62.071755383880884,59.00438722215393,52.86907829191927,49.96775845471968,43.14302199298534,66.61828671237863,66.34291947744084,58.73557478196069,60.57851202579992,43.15712863970218,50.79242046327225,57.495447606672656,57.562390799875374,60.33982598897379,77.03660090591711,93.87389566999525,98.77379860284354,93.39703689919325,81.59559457847557,67.79749052537643,56.47165824010469
2023-09-17,75.56696140211207,65.65871700059554,58.66849713101985,63.20986426439093,52.33722474479195,51.81969091640092,52.73209434112874,34.97658999400685,27.802235777047628,20.73599934017542,18.914495123076534,16.110594344183152,14.813976999024822,17.370925691903526,21.449766589716905,24.339189856396672,33.20618909883392,57.90939471619172,82.83877634036101,89.73414282973297,82.34202035186374,74.28737006598011,57.654620588710905,53.61203310060271
2023-09-18,64.85410855773897,70.5345277569276,65.00810205265415,60.12211094733972,55.98689627437702,63.98963500076618,62.99165666743858,70.40465479754967,84.3906962060502,74.73427517406112,69.23251015373127,86.72075568820192,51.100906560854774,68.23943508477812,80.83030262723129,83.32933435775922,100.16473573568969,87.71495609456544,93.02677318968847,100.05826318095899,90.19960763441794,77.02543917157625,71.51677664188902,65.35369132009086
2023-09-19,71.79690819367056,65.02718890634392,62.889222108009626,59.74677865633558,51.83404434507113,64.80152897437743,61.61914696799284,81.64533900918565,91.50294310491131,100.0893753532447,79.15613025208883,97.00465127038706,56.891880216785836,72.60403680670076,94.30141601636412,91.49097997942502,87.46414167313554,84.76102415401957,88.9194688682069,96.54327394826034,88.3821767084809,76.36832823996018,70.41702275166294,65.64618085723777
2023-09-20,66.90596735472978,73.54625857753844,69.58176908789261,69.47796257154069,66.3451132756161,75.30177217140994,85.65449075703945,82.39667598291568,106.30156919050717,105.13938992068806,81.71449943646515,108.03433024086293,59.48521440324994,75.02891162116359,103.59276115495068,95.54452892174709,101.9892258279393,94.26649798654057,92.1451988972558,93.10605539094855,91.87305165313104,81.32714144630849,76.38631132524932,68.613019687964
2023-09-21,75.24656873012141,79.58202468618282,76.35002595054978,68.21612594595801,66.37228877264981,69.76944391573642,75.22310696972421,74.01784666043984,100.4190115013822,105.8187796707413,88.56722967886398,100.61559314983137,66.95767481351075,81.34669686410085,100.8078515586344,100.73398798431268,90.59803356360679,91.99555213782783,95.93488430380691,100.46128462264096,94.89442739285577,90.64040241943525,89.82573795474666,92.74609160485005
2023-09-22,84.60026521362536,85.30775681211365,77.91666071622107,71.78238601328322,75.0110843813591,75.71076674227996,83.00550684446172,79.9145581574149,100.5404552285418,98.25521075631436,86.30189296695757,96.79344233615687,62.755002271649005,66.31089907406663,96.80651064148267,99.92828685744927,105.46141344227296,106.81011289445284,103.19382422620556,106.04097976396481,99.00697771298019,90.21699915118938,78.93488320952909,65.85517076777086
2023-09-23,90.1738897686011,80.62111047783189,77.49305809269198,86.75633040142324,78.08956860753985,78.48469096949417,83.91545230508542,77.95156847735144,86.12184521840554,83.35356898821672,71.17937473841411,73.3978448877086,50.71626854219913,63.61426550627044,71.4560316378839,72.61668670160329,77.50154381419544,94.95502270388252,106.58319702475993,107.80743303413644,97.33470960069815,88.18245110611761,73.60080225236042,65.9542287553735
2023-09-24,76.37737916175325,68.77021683324269,67.60225836967726,77.89060354328757,69.43611269040254,70.29603926192377,61.83640742723688,48.28808085865062,47.86053259202612,42.901219359186044,40.008217106665505,40.905027521444936,24.594874241685446,29.66388289994083,46.081713654470654,42.507321879885154,53.32783650873742,70.3343617118645,86.56876082643018,102.64421022124432,90.324945023961,83.12281842658338,63.6109785213298,54.63627322754817
2023-09-25,76.45754586559364,72.82115752964233,63.00944671830511,60.41140947315075,59.18133642620572,62.90985864832637,65.927742922846,80.20725947774655,119.84434288619852,116.87579184427901,102.93430715164442,103.7883724399263,73.27760741968764,82.62628376447904,103.29076113381761,110.56163042884836,105.77847272061682,114.06663131562543,110.882049052462,102.53106475065034,94.26867902916999,85.65970728774825,78.64427728842637,64.18864984440853
2023-09-26,76.28488083859963,74.08873299260146,75.30551730079563,76.18677289825752,72.31976334843738,79.7516531077936,84.0357908143159,86.63634622464659,102.69407367109801,101.19844621595219,87.89300790642153,89.93463361864715,63.47088690470921,83.76156788108955,102.00945134897154,95.36793124931556,92.02630500159549,98.51430250668982,95.92713398490385,93.57311359459646,91.61916918759226,76.16354699491207,69.90217903653888,64.12546436950619
2023-09-27,69.93938465550674,63.25788650461937,60.656486776180095,61.800856817970434,61.03239383794933,68.61019719118491,78.20060710494887,77.55820845002532,105.72351545890821,99.64984312774037,84.99080908015502,86.2950662631576,67.02410306805474,84.70139740489071,106.43688240321316,101.48410628672201,92.15735017939883,96.53523040921,97.41810404664677,96.62405934397528,88.29902766711864,80.54997573693014,79.72483251385047,73.01864822786682
2023-09-28,72.57102840671944,68.98219586838889,67.22161930930221,60.07770004745088,59.446267496161575,69.81274122426576,85.2064023642812,79.77048552578889,92.41936631386147,88.27479938082503,80.33395182523874,84.51076142177548,68.89343002126297,86.38880386534225,100.54897504960314,105.852899587934,98.29509289754908,91.67054760172537,94.68719300486786,92.47307538120612,92.10458628842976,82.70711673587209,79.77171804063343,74.90026843266372
2023-09-29,73.80368877043857,71.50610994507,68.21081495243462,71.13304827524195,72.41892703612123,72.27218965733026,77.25869683782467,73.803280136744,89.574719834727,84.47864871420356,75.03725089617586,73.84310651760626,56.094940923105355,60.14412620617888,85.91386248885944,88.82186966706473,88.83061081324773,94.55150394310496,98.49771940748461,96.9443492205489,93.35809324498388,84.581456013113,75.597822964086,67.45309317521273
2023-09-30,80.68616228422941,77.2255907506953,68.94599659588214,66.93397180499068,64.43629497963052,63.62485371016873,63.74261322963955,54.839476022483844,74.16087303699516,79.61589340782857,75.44984900944391,79.6934252312157,55.34934328245303,71.50539897354658,82.03072210229274,81.30753093239903,84.90865866746394,88.19798518899323,101.05973995174581,97.90191081099745,95.10239793620518,83.18101439537975,72.3353276774016,57.91511959769161
2023-10-01,72.838828317565,70.36277893046014,59.78094463326134,65.37484705299495,59.30317581417098,60.55307136361826,55.64968292219593,37.478083746959456,27.65359902875007,26.976425278506184,30.173006745220928,29.874249338535204,27.498033544259737,32.05461611634443,36.42440364253031,36.44729331093335,47.22751014763517,62.47155295396974,83.67848911837885,89.43018813614667,85.7948332241213,75.87960355321296,65.12596795102213,55.613654833015985
2023-10-02,68.4308950596249,63.28858459469539,64.20594790288422,63.46134482425544,59.74830746141807,65.03710664171649,64.93714521354329,70.1755457860029,87.03789365359383,90.8690617436007,81.94787011111838,84.1975141546834,67.69673508662463,82.54870572824903,95.97612618982028,87.638003987505,95.22595988693338,94.35739234168025,96.69308164292222,96.28458675577245,89.62963034908333,77.8099147143827,72.74327640779437,66.08480873482652
2023-10-03,56.76964791922843,60.95896007875322,51.60680429776632,43.228122786889955,45.18190592569212,54.45910114548885,61.212779631839766,59.367149914523516,67.73542010648634,67.03429549220942,58.4830306904337,59.799999292654526,45.21102768243762,54.37811069779284,60.969754325674415,65.39936094831282,66.48840735489652,78.04828745589158,84.85436562810477,87.12308725881154,82.5405590238742,70.8710296203112,62.97788863610743,52.01977649071795
2023-10-04,82.02871034881858,74.24283371647557,58.80406131499607,52.06923537594358,50.2576488407577,51.54308236812396,61.340644961512545,72.17002979410137,86.48760363212006,81.97862141603073,68.24445819743327,74.7589716530365,52.45904489044176,62.708861662437954,80.98694145643395,77.37389530761085,81.40093715582022,90.2690936240684,93.81237652832145,93.30421626620003,91.44291532226222,84.54010195886961,79.56480132077577,67.18300109877897
2023-10-05,86.88981724633092,82.29201604543894,72.09375070021001,70.39891241407562,64.50009870108943,67.1847618973129,71.96780326018964,71.52029343433797,87.07068056603568,78.83833011789604,64.31182949976042,64.9805202849445,48.88277944371447,57.88616758366287,68.73712256273537,70.2878044227901,77.60020642327238,87.75148132579397,96.1468543085716,89.11340447748265,91.0790125646288,84.47810407372613,77.2530487602884,71.94702154771494
2023-10-06,94.87444623836235,89.30712725562537,82.77815584902817,82.63953837213771,73.38685573891591,75.96751113949621,82.77797643205248,87.06266695343581,88.06151652535672,80.92399746215435,65.13740345484004,63.24513440764972,46.50037375884579,47.67425771907809,71.99383742418684,74.76623965950522,84.85242958620549,101.71587683254381,101.83089060527469,99.29372812289324,94.10473914961682,85.10076784421103,78.04707268151827,72.81992769886324
2023-10-07,84.00021292045085,82.35877044225997,71.92118318030995,82.23288132390397,70.08662663701736,71.88003331800712,77.33434734071953,61.03172123542038,71.28193603725587,64.73447920917155,55.8611808872177,56.60584172286837,38.309059022630244,44.62605784010656,51.424475654725356,55.602192648882784,61.32264343436573,82.34343574681459,96.99967381579147,101.70629669846143,95.36552523942402,86.57174933873404,73.03706082025127,64.8631755092609
2023-10-08,80.36376483735606,82.78456901091856,69.65585445042626,68.35919593729486,63.71007579202692,69.82529765104476,79.6577703114469,63.00989049171446,45.51732472537331,40.14694819415015,42.77146267755288,38.425213811232304,25.558953534240246,32.122978103138685,41.693751572054616,46.38507710378539,62.85537171964505,82.84052580112235,100.01724749225536,106.27786995779539,95.15960113701918,88.25914957340827,74.28844634584206,56.551437957910736
2023-10-09,87.73081703489252,78.74304720506913,68.04206889364157,61.89025972874151,55.35631597603153,64.54304234649862,66.52695263864675,86.67326925507459,96.42263343061138,87.39224824878251,74.45231425631351,71.58569434868404,58.7706349858267,75.4221068968903,92.31757263084961,101.76990846230657,109.51022389739167,107.16446333966846,104.1896645260485,103.71251447911298,99.200996062308,91.81028412749387,85.4187495556869,79.70843426526524
2023-10-10,83.02522747982329,69.08734182287802,49.563932187721676,46.62734936948929,42.58817969820129,55.752082521519654,63.66129783075709,80.53254096259816,104.9629109420504,89.41381640740052,79.70212369162512,82.79971372121966,64.2209783914468,77.35743887329618,97.6641145813449,106.2151953675634,101.2395822060738,100.23261761331663,101.31349201881693,101.74485646745686,96.69883074871817,84.72927625557736,79.54814671119331,68.53620358546613
2023-10-11,80.58578467421007,70.16364144508971,62.314059895320305,71.81827507426301,60.520786934963404,63.513834660197844,74.64184638261456,80.8119264789,112.02593817679796,104.28397192139126,88.20161986648517,78.41851438175257,55.5142460096432,68.52338560440973,92.01748161032894,89.49718044333484,98.21731843461305,108.82178893219162,105.91901265743607,101.27034024465752,92.43291057834246,85.63500585480453,75.86581487038127,68.43010706495691
2023-10-12,71.69075001494991,70.49897597491588,60.3084206385592,60.842377774172306,59.511220254695054,76.5045850612425,83.32028759724199,88.14614796776769,94.02974238437471,84.04793554907144,70.21577682263064,62.10393297104896,46.91087794650791,56.44381007263567,76.38017546264636,82.54545623623855,96.99590002639064,105.52464829015518,102.13477969966515,99.66783344084018,94.94557825932891,85.12985220588047,79.75840415230182,66.60049482365017
2023-10-13,85.34874763475092,89.73110674749965,79.03281410170112,63.48053705285098,70.90031916020293,79.21696691967173,98.0143972209879,100.85408102403888,115.38345677069947,103.62790221464779,89.2820653376748,90.48781462614706,61.07602760961012,67.34770779709547,102.79841320536626,111.19457136194967,115.9958931537444,107.6821816494095,100.18503133075087,100.06967901645044,96.52094344387119,90.31736186667408,81.26017340519219,73.10163987808494
2023-10-14,87.01670476262392,86.63746266591832,88.47241882541158,108.48906191683761,77.04832310567203,82.94469762708712,86.50620870265803,66.53691992213572,78.01041364943461,65.22287010008272,55.716053667018805,53.58696217596181,35.136433882319146,44.87762821331316,56.964272343128364,61.97182860709238,73.68063243650381,90.99362969088432,105.7493645788169,105.09575308980155,96.54673180252512,89.25503008459022,76.94972573591347,73.81803133054174
2023-10-15,89.5708378075699,81.74219902258186,78.36151194248585,70.18992001578982,68.03734009275168,71.72681948295688,63.72027802321055,49.85611920394133,32.697338824011005,28.128059169493685,31.70002059369488,31.024875473205068,26.74439233629572,30.117679238311535,39.33480816111221,42.580355453546744,55.525469086509275,71.13477014152656,88.34019876433845,95.63288335563922,92.54838355283405,89.13988412602532,74.76141031408005,62.52022334403718
2023-10-16,79.29457218769888,72.28407611599623,57.9547992509566,58.15336330590648,55.78088468892943,61.70238404584595,66.92317637439768,88.92568048281713,124.53980518895115,114.79886932854838,82.98991589030466,93.57762081593842,65.70600177812712,80.44772156273166,101.08011502964776,103.76766274925126,111.54157881965712,111.18841273971644,108.22292695507922,97.8130941829236,90.69806543481383,84.91455200314216,76.52009012037122,72.12441521129327
2023-10-17,74.35150887741374,83.41112437324985,80.61868490899437,77.47142122144109,76.80165498993547,92.95313587517987,93.91503300320853,94.81182597446151,109.97367157267426,97.86280992622822,77.02308690147383,75.20577599168715,59.724334908280476,67.9801575508339,84.50277074428878,88.6786625524889,96.07478635698241,105.42867879185256,106.75248803508988,100.81831622852387,95.37939051551788,87.29147832349058,82.02318343017079,69.69356040985002
2023-10-18,81.30231740197067,85.49749219128026,67.67348358598427,64.9325770494147,58.5039460890855,62.82857858234942,61.354859123082974,60.13074996036626,83.57924610732738,83.41633075872572,71.85886558756226,72.6108478986107,56.56581630765352,61.572636814533645,71.91494165164218,82.79219587150862,86.99548712848355,91.08933497071081,94.97669845681264,90.29567060463104,88.95702207142033,83.98743982166508,78.87298670690703,70.51874952213858
2023-10-19,76.70343131940751,76.99070760104092,68.1530458159567,50.184444360657544,57.63052407229816,69.24538442119899,78.36892796032232,69.3071486012987,91.12050312416908,88.47145458125145,75.09712189190196,75.03453137523482,60.89755713420776,64.06887439356387,75.78524175561556,84.12548900661932,91.2073330524898,96.7653769760854,99.64293761183603,95.04714936941427,90.01054575079334,83.43885308668055,77.59305385219233,70.70624317438866
2023-10-20,87.7603492350533,87.48969825205735,79.80269815770092,68.102543849076,69.28276020864656,80.23807684977083,92.1957319936926,92.80583021118058,116.88746533192342,103.56824244514101,95.33799450541909,87.89399898965641,60.76223650060244,61.81210028719755,86.74905639173218,92.37847381390502,103.63552523494175,106.83633727707962,103.59444809392434,101.60464751127695,96.51578788898138,89.20901519559798,85.82242094694817,80.28119724891611
2023-10-21,77.84073276500519,78.59026739225956,77.35484779142749,76.23932519814524,63.96999311185132,69.29826810869939,74.40389945952126,59.43627862441746,77.33325957553559,69.27250808776152,61.39727284022955,58.48120104171978,39.271126287666426,44.19664864645289,51.73137978682229,55.555550494175854,68.68987356285182,88.30728628928043,96.92848641084628,92.23725615837705,88.15624339458576,79.35543399280456,66.04304605742563,60.9456392597255
2023-10-22,88.89556799030956,84.97825299472885,76.0820609313088,77.05352565430533,67.66406170461266,67.89303028764942,87.77799479220344,64.20132971243157,47.22406245837962,40.92562612642988,40.514578988598714,41.30597676608785,27.51158550556388,30.617618034271562,40.30624514779539,43.89600455015004,52.038927752907696,87.06886914275772,97.01813214378637,93.13441108768755,88.57350495390237,85.11703438633965,67.70626077664944,49.980058165844206
2023-10-23,95.18097935019742,88.17039732886835,81.73070583304839,63.4717081163195,57.90529941317632,71.35657679425309,84.80666178530214,93.4922335663868,112.99344409095853,97.260217759672,82.05564416631636,81.21570824079464,57.34981175021719,71.4168571047688,90.8765547292142,94.49302730515326,106.80357889741263,117.1629503057827,118.23860044900579,111.22518822239087,101.175626592535,94.80754310139751,91.17838941730689,84.31773851931993
2023-10-24,84.37061767667551,90.76851007900429,82.0456272032192,81.42288832251809,78.43617964359395,89.06256850573403,95.17965625715324,89.70452077467127,90.25966889302578,83.34117111932443,75.02996710089771,76.6872619293014,59.655003233870204,69.5254291521653,85.96469563334502,93.69770116100985,94.65259178793897,95.61182999005763,94.43226009101588,95.73196644150457,97.90792631411274,92.27388875593445,83.25030052431927,76.43027872391457
2023-10-25,102.7148274019359,104.95291806388406,90.14305271776539,98.24472782815336,97.95497380966836,101.19044622907565,127.84335560024873,146.09806213039414,140.13769675141376,130.62624651456653,123.6294219871745,132.14403538928755,100.58615054893693,116.10030780480214,137.07018418515312,137.50364648100563,134.89099352516118,128.95491249274951,112.23835769474903,103.39972444418561,100.28278807979271,100.12696650616223,91.91721288363455,81.75658960000939
2023-10-26,69.19019433358868,70.23223985253904,56.869672256744394,54.40980979069995,53.92090143734717,57.89141053527261,62.18535277116337,68.56871270497024,89.50959214091571,87.30698715876805,74.04899339211745,71.19578847212365,59.93291359662753,69.68979067559077,82.63493703527207,87.47852867640107,86.9985709281349,88.14517783130741,90.27764756093366,83.25284141446203,83.42681165980387,82.37265673326183,72.85954390904139,66.34958565951696
2023-10-27,71.36833294690378,70.74358891961842,62.47663891041803,51.387954594204366,53.45079260356518,52.51347271347821,71.10004685499497,77.20546337869406,89.3765473029018,86.77151694319237,70.06038355468709,76.21500354121156,55.53818356824847,60.33126917642626,89.91019067566336,91.70459586965261,98.70889710158089,104.57192312316646,96.4070138317966,87.6375035602206,81.99212932112665,77.52790663950647,72.12461211256881,63.29198991931168
2023-10-28,73.01526796053578,76.15113913158841,70.92272463906266,66.16507165859007,58.340662083922496,62.168417952936615,65.58383808165505,56.20616213297047,69.3210750017513,58.68103985887577,54.60540572130309,44.836940914023835,27.086769381484803,33.802105855921575,44.855578510828735,49.79489564481248,63.39453593596408,78.26775990389787,90.45125625084106,91.70112080263576,90.7072517833242,83.33944159059628,72.28680703430192,59.37022065363594
2023-10-29,74.44320220247482,67.68111903959398,61.1766003035217,57.48670379790922,56.53839864516046,67.93163452236402,69.80868140599122,41.26948314322568,28.358542408899652,21.38586993505886,23.7870834705989,18.615828352452514,13.966445325736098,20.33535582541592,28.176943189813677,32.64274139373228,48.399197379226564,80.14007292974956,84.19791844501833,87.89201265655208,86.5046874316082,79.82353282764225,64.7633375438697,53.56662570452772
2023-10-30,86.36385616098666,70.92396897965673,57.26556718728518,43.90361980923669,50.162265620761026,61.17929012888004,73.42262885803468,78.81555043050354,107.8675839922374,103.47532433341196,85.63279905288375,100.64897121938988,73.44555743790214,96.78430116782968,102.6444138304547,110.89449497164415,129.1317145409338,106.68746270757791,104.7011948772032,93.85462787333444,93.4876411895002,87.45629254818395,83.25879717444727,70.59176086120458
2023-10-31,87.47689683878127,95.52037926662483,85.98353075634343,80.53556317032037,73.32691570270912,89.11711782833929,98.0917588832706,119.53684443878059,112.11408990194849,97.59098053274998,96.10869464394126,95.77706588189925,71.22173748031047,84.3700370213818,98.4194829877847,104.65081845521553,105.29854792261212,107.30169752673166,103.23294604488126,97.88335901871207,96.14848787879203,92.3726676188549,91.60068213791264,94.58361026552603
2023-11-01,87.9052497860617,87.08771210494174,75.74015843686001,75.66815668209237,76.85713347906888,75.17223126331785,81.24272188860036,77.54179947942782,94.72248831570467,89.12581727447916,81.22626303551871,90.91752890884915,78.08578624379251,83.22802596670579,90.88602864193045,97.82049067010325,103.64447536578552,99.22421913899404,104.42626213592008,100.22000256989408,96.87872169797951,94.60663870103824,90.42111592989446,91.94627634060184
2023-11-02,89.67773311741117,93.97496254073172,81.64285647162382,68.18533529011376,62.780391865748705,67.39766103745359,84.60519949735486,85.89497737524749,105.26592619854047,108.61865571517468,97.72865539260516,105.05039595967061,85.95007416867726,100.05907340192994,105.691007470615,106.9530973344639,109.15903192722482,113.61659567136034,105.98912632232039,97.19814921429276,95.06125542102191,91.59889449992025,80.36786864251164,68.17743352275052
2023-11-03,84.07230167685262,81.09675426193283,66.94989136267067,61.932590932384976,59.30794611302628,66.68124781400425,68.10347976337195,75.39552188945098,107.21632666545833,106.69204300161955,97.71369941288306,101.80958687306455,70.26918473313717,69.24433818921347,94.34497793881727,102.86171769241066,109.03658747371915,101.03729835248545,96.4636940202184,89.68018256690834,87.83753718776673,90.79495289810521,87.6285992979808,78.2311717007403
2023-11-04,54.77487364639104,49.61370317729039,40.01574268395391,34.38636962916653,36.1624234466807,35.98764048307992,41.89625386752889,46.57519296889682,65.88770246301785,63.95194139830493,54.791649960122754,47.94966532485878,31.778500182653307,40.722904878469336,45.76776377226402,49.945452790691455,60.88736191560278,70.50654722247694,80.6174239093132,76.76514263163706,72.7460665235257,68.83648984592067,56.72353127851509,50.21889557245121
2023-11-05,36.42552819546202,30.476872688813568,24.877282186742804,18.329319939651416,21.750257763022976,23.392259524896748,28.145489324159698,29.710838966190302,33.66667456601322,29.94586589150271,30.485027315069356,29.132273643986316,16.374945872970216,20.811787927192803,30.55242705147377,33.85945144874946,46.305683755986315,58.416547040692734,71.4631844405022,67.50450789812497,61.62320663651826,58.54319454738347,46.31762424286284,34.1367906878139
2023-11-06,30.467949926470272,27.285707543594544,28.630614627418513,20.668386999748826,21.401738324451056,17.012128217314558,20.015275085791043,25.245039717464046,37.716515899572386,33.636175368428624,16.063165385419623,12.343493338146725,10.75416280082752,13.787434815848203,23.54539876097977,29.098059649556678,41.952892644797906,55.80368701515059,73.49585494707283,77.80167391483548,67.0887156601054,64.30352434231892,57.81973060158662,43.81640961664249
2023-11-07,45.19282720744143,58.31629789569241,71.73352513073316,66.38335125175632,68.25245760547068,83.73576563093039,68.91539055033127,54.780764047584015,43.974458630409394,41.16881622344541,45.26973157994776,45.42132080863649,44.86759304058275,50.05756662308379,61.75080637499359,72.745297544428,83.14404056547075,65.91070283258661,63.32578114421587,74.18874628645199,76.72495377728045,75.46251491264638,64.99045827343332,57.27511475434572
2023-11-08,85.10949828515378,93.49282160944512,70.26897325300578,81.47079442065179,52.343450430758814,65.26368368851429,68.3095397356874,82.9664201193988,141.2552085544065,133.12939028793613,93.86556856918642,100.67211216613427,76.62005060213687,78.04656896595466,79.4769879769723,94.32609535164751,112.66308141777722,100.65169314719549,111.0718993771651,104.71435443623407,94.60932042787779,99.23765844711987,82.0174978343338,69.3102069398954
2023-11-09,89.4666830608602,86.44430741889029,65.4405411534183,64.57310681978335,61.10548488312041,68.10369214995306,75.5523189195586,84.38885917701664,115.81602888016502,102.79059374547006,88.55737830973916,95.07132072423809,76.95777058978237,81.65108175967447,95.75870052487723,105.59195626407319,99.57093078595236,103.36661898668872,102.49298337892328,89.76318122689584,89.18219350465124,86.68582612052788,73.35531619640201,63.18210157473805
2023-11-10,78.0150517535955,74.72084583580917,72.27464558225748,65.28120396689988,64.5720898911755,76.83126725422177,95.02070610832803,96.3179321404608,114.73454910629867,120.32331370558423,93.04654619982696,97.02513547648662,67.70277379929037,65.73111555034858,96.73026479317414,100.43236556787393,99.98371772831959,116.04931816491357,103.12511829566192,91.3683892026123,86.25648654849627,80.60417313842552,78.38720699488213,60.68861330442827
2023-11-11,74.99518511335881,70.8813336215791,67.58739833511795,64.19753724883275,64.28664242842832,64.996807092967,74.66299541776404,64.96975073283753,97.9125345731992,99.61005455010906,85.13177415980057,83.45431299369488,49.694169073280975,64.72650372219393,79.94933753414375,75.05357783429929,84.51119405650122,99.1611531495573,101.78053355543315,103.21761350411035,87.63520818962323,80.39663679135923,76.39956917656174,58.16662425772911
2023-11-12,40.88142118266962,28.25401486076086,23.928563373550958,23.812948602376864,27.300446452969503,24.047906525343556,37.81195329030518,22.021746248043442,20.320042256081933,19.57881808972795,15.033731949088569,10.196725226084967,6.3640646435691455,8.121465325833144,14.513232456359024,19.700987655220345,31.666749423758993,65.89547551810173,70.77467962914184,73.20722564361292,64.44862162462987,61.16826217007464,37.02088243721677,22.369478574842923
2023-11-13,46.288781860870905,49.04858196834068,47.404673791220226,43.101564461349774,32.71770508043524,33.4086675614268,46.22388003535737,64.44444510978119,91.31329919774038,92.17743583126475,76.19343848048514,75.90924427580553,53.169034424359,68.66668568175949,85.1643037484871,101.80795008356921,107.14379320347362,117.35455243488349,97.12337761096369,86.04108626691236,88.13237665225127,80.60538891954828,70.1702762622425,57.576749082640276
2023-11-14,53.57637375886159,60.6783299196244,58.17964392797513,52.56121369148757,51.2677717542804,67.7252465763092,90.06447317842796,94.76258576601467,105.74639657010513,112.33463224322611,85.75955830549304,85.60383933660954,73.79907394702683,78.78095936866782,95.36924848038268,103.44794400451555,112.96713553000448,96.26261486014685,98.19512876023593,85.00713958304446,87.6028323543504,80.07629409686716,74.20966991370824,79.51990384232434
2023-11-15,79.50352943234029,85.13566967481532,73.86002201173748,44.39790780010437,55.590248139730015,66.48407274660518,98.2661069684194,100.10673764438621,125.74630538675804,126.45599035947527,126.31068626094272,115.89551393447425,97.83312844008668,95.35724645156255,134.6397352857663,148.40280658028487,137.41747534664205,120.00014614230173,108.6445595818477,97.5254630020662,92.65046384495119,87.20017014747314,81.76591123709846,67.99542671730944
2023-11-16,72.17784867425992,70.36610328673119,59.71746027732546,56.192444598667876,58.12334055079745,65.07016529244021,72.96365599528473,64.97023068586785,85.89769412692506,86.66510027440444,82.06748431915108,74.17758964818341,60.07348661293932,71.85296895234511,82.95997168854771,90.03316214396801,91.83213853994185,91.66106737974319,86.59082561380006,90.00436413992368,86.67248642072063,82.69485955974758,78.77783940146888,71.83737741900596
2023-11-17,81.73664080660728,84.37753703641825,78.11917190182575,61.44763772596449,77.45456675280984,83.73335372183466,100.9707900851899,105.97364226683872,117.5697326415794,117.61802387728424,121.42656077021763,99.66254674978998,64.07460058785689,70.7942705825854,104.41280148219863,109.35832365961406,117.23972495773897,112.61336149600511,97.46209973730011,84.5442145462255,86.20787238728535,85.30909726594437,78.82612049082923,71.36360864534171
2023-11-18,59.5765855440004,55.180987244423626,52.04243606577792,43.60693726889416,44.22504344919458,43.84497381018282,52.705205316731906,44.849733863964374,57.487842039175426,64.7574691518127,52.287381531275585,52.8084754578063,41.2133546651946,47.926605876604164,49.04159160276683,52.133234472907674,62.96585512352433,79.70669259554714,82.81836242054119,78.96934667957915,74.05315832310136,73.9123656023694,70.52437899495904,50.23632741755115
2023-11-19,60.434073544508394,57.14335566312857,52.41382023785751,41.084515210929666,46.169327619843756,46.546331500295366,50.49358685741137,46.45359184717912,52.78401826516912,47.75539844867165,58.5350392042612,48.44081330138871,40.227248638058214,55.1896772765377,69.64199103354055,80.37786441819,92.88650047340577,84.04577882081107,83.55363593631755,77.98990660807775,79.53740930617606,76.76170833778887,66.69694374147632,53.44313474606963
2023-11-20,76.01996366568648,71.77771429640616,69.10411268365283,59.67148938449909,54.357852429720694,61.318406345155346,68.8557817003028,106.72465040013068,158.60052099121182,149.60217777817672,135.21200186031754,142.55174387606834,115.94647691014336,160.32793251506132,172.50268791700705,172.8958675447181,175.08513351358258,141.3233276438224,112.75388338721073,93.98412665783823,89.2532746046006,85.1754863258921,95.76310534804149,79.22364883266081
2023-11-21,76.68870868868453,77.65897195331858,70.12141412360442,75.81046314888061,68.88481183918176,74.52464487263879,91.21383174765434,101.87533573970272,127.75548296126375,127.62567615276882,134.3952187936976,127.7077930731067,95.7223016972227,112.38743387727268,123.546281283074,132.4673546136417,132.90640782256932,110.47465829358447,108.5596015743893,91.01307069277678,90.36300240609334,85.82032262054348,85.99077333396896,73.11337093660813
2023-11-22,78.57054502588973,76.97756297022413,70.65042415177152,81.93816631089626,71.21857132361518,68.49813729410835,81.31217851629155,106.94455809152264,132.95603176972253,131.65588140315836,129.1212620984732,115.34995739352611,83.59591954766073,98.82955911693487,124.384585589683,121.79215078351041,134.62716769518653,108.09377977695578,101.02340168140424,84.91592102988875,88.7554697643849,88.24133311617787,86.64525671626156,75.85013334690053
2023-11-23,75.8343599164749,68.42830766644272,60.93050314047454,60.933486340675024,61.137897455761454,73.93079261639772,73.67066107630578,84.3564548430662,98.35805225113025,105.15840833406241,98.46928994199514,83.13534300538892,63.968450485165995,76.65466129835053,90.84823522035069,94.14755749186892,107.43677185875669,98.78188994640537,93.86247669573096,84.09667819079064,88.80825561975618,83.85870661765499,81.70005159535296,72.14120864494119
2023-11-24,93.59916308751467,87.76309453511585,88.79909719572136,92.2923228377085,82.66349261411388,107.0049368341631,104.91134298281607,131.48220328776335,134.9637217222944,142.41364823012165,119.60361566247504,102.72882660456347,73.0527692028662,69.38433361979914,95.9532269638498,108.30836649736214,135.02252426876638,120.28845364183454,100.26369459942012,92.00802795306655,88.64639518482845,84.75772504027847,75.82869018019964,59.87594845120867
2023-11-25,69.73695488003332,63.45305039657986,55.9089769464471,58.170782881440076,49.66452666401393,63.86195595341999,58.51898541467122,54.48633301145831,85.48977651858117,87.15491535052581,87.97975193636746,74.71942654008467,54.95046615883333,64.46715781802224,69.30439632266962,71.38284833505024,82.94233043348575,91.84944454338127,99.46408856434003,94.63838009841905,92.525821116367,89.78046439675995,85.83068806720816,69.6575084122755
2023-11-26,39.67845069465885,30.347217804273843,24.141834547674094,18.20959269397552,23.6190611424194,24.848492291003893,23.765941958715935,24.420260996761986,35.599043796826294,41.440888124480786,39.92257503884172,30.95838821079319,20.97291357142051,27.837006785814737,35.28424922426313,43.601622244559856,59.44075054128666,61.731467767984526,67.20663105280266,71.4203831551814,71.72980502852043,66.13559608198531,44.89833991725819,32.877217357186915
2023-11-27,61.358982550134805,55.15941582160227,47.76720285468373,31.7124872872769,40.59670173459532,50.50330460417215,67.14546933187872,91.30398515700918,131.08394759273762,131.0769249476166,127.31634343528691,132.7410127538059,93.78281467454228,114.61649941012088,127.87591047626873,149.7869510754001,159.55206783656106,137.1277407175269,113.64577869808575,103.37692924096305,98.66118311612081,95.550490901091,108.7311390364621,88.46975003306467
2023-11-28,83.34825162635128,73.24853181350106,71.27383743476646,67.4853895182124,54.11173185931821,53.61650311221388,62.15174116256137,71.56896084265368,108.72040322845469,108.38545300986584,87.04396059597848,80.71782529959737,67.63950977896835,81.28026633129997,87.55509822975961,93.46378691139655,91.05164377002534,107.31562148405693,102.91681647876632,96.17277725901644,86.69349828207683,86.34199840545297,80.2812375331327,71.60822589722687
2023-11-29,69.1561493054678,55.928715618072694,51.35514168050888,48.82717690069739,45.056536904351304,51.58936336058081,62.53182086334152,73.62265084464,104.67588236849409,115.81561124103213,98.89377626226779,90.65598101926746,68.44922423395563,79.98725387617431,101.92644773855736,104.54624223494974,132.66395231358072,115.2152491589263,104.24186978595151,93.88940582876077,88.4051730957715,84.74793766540887,78.296693657539,58.43026864998208
2023-11-30,63.09743637873754,62.77949980331031,55.68775119027088,54.75523737251917,69.16369930604262,91.35398247343898,70.5540344269249,102.50547931612348,109.70033265564425,118.45553243099003,111.65074467851751,95.28619962040041,70.7083534719603,76.98511650639433,91.75235757424059,100.447385271072,102.51246003403334,96.04228578286137,88.79454406595177,79.18708178489548,82.14929564549931,80.14413410974167,72.00799320397692,61.824306535692195
2023-12-01,75.94863543214137,71.33607795100939,74.92461880363065,70.01701786826304,70.21344403959581,68.5883123589684,83.09085917225022,119.8712702739233,120.59205480158984,123.08992603898118,122.35609488371959,100.78892826501524,69.60609194428083,75.65760691226767,99.04167888663517,105.18373361830747,130.99261618117745,109.38529638005528,102.83988709131253,88.4259444549505,83.8788948883771,83.19076792433883,71.27339042549464,66.89454908397995
2023-12-02,73.93469168363323,67.9590390413463,71.72894658886011,69.17242964449893,66.30001662299215,72.55459944325625,86.28211112154841,72.22418719075155,112.42997473189983,112.60445239418262,90.38069587780423,81.30028962190401,55.2046096783912,63.171507513965736,71.77278625637953,71.87942933647966,85.29554254485,116.01746536091288,120.55629328889107,101.16255477240355,90.99725215813255,84.95753980071167,72.45478439358305,51.943420241387194
2023-12-03,74.50091812810292,56.20838688909296,39.847144825561294,39.54629925613407,44.56216778246874,42.94222048270039,45.550964613528954,36.818702677334926,33.50800504147529,34.81415452465025,31.327292774403592,26.24052338802524,19.452039641155494,23.096675026060435,30.19466284411707,37.785625406335484,52.76205327847302,66.90625153413964,82.9970052491546,80.31969843243168,86.91909505268988,82.52498275416934,57.071096528309596,37.246839101132906
2023-12-04,38.53352075928846,28.941621431944736,23.259315965856068,26.564846289266406,25.810070241842862,32.88807889075291,38.83785753313921,62.259285490854246,87.35580233440906,91.70091728639773,73.54002735350981,57.03129684543863,39.029858199505405,63.46985983269624,79.73833162164725,88.60407433221556,98.24055407954295,75.15133832416667,71.27535343865905,68.38062837202428,68.13467443150537,68.64379384661532,60.74345360389115,50.35703224162947
2023-12-05,51.040988026107584,49.660045549518564,54.27344366565973,43.747075408384724,42.01401410463306,51.603855892609324,63.57114272216388,70.30671164328048,85.24904175872715,90.60529053818283,70.52394775344978,66.0946866298144,55.08549923711912,69.05957718998727,81.28336931097418,90.24414933925601,84.89617834015851,74.26212956162895,73.40163408824196,71.02483121590345,65.97771575041293,67.83083940634977,62.73803901808855,59.88151155022289
2023-12-06,73.28038667815272,66.59509604135317,60.22125057609514,55.45615153209583,45.156667256739524,52.17001202458016,64.25401248210953,77.82972221045021,86.34605344255473,89.70174669576065,87.09175808330518,71.1685079792494,69.49011627543555,72.02694193970277,74.92629140306555,75.76902691927513,95.20637144761331,84.19829214682206,88.87197738672995,81.25452373286802,75.48296845899591,74.41221739069482,64.63506591489742,61.48362394990352
2023-12-07,72.25643169142612,65.05898428219142,60.489477391035,54.1480198748794,51.657350641078516,65.74913324777327,57.81920093237878,64.20702878296596,78.4694397694464,77.43376242160754,86.81426011549806,87.80236988162238,82.75309258118007,83.61613089505865,84.90439487433859,89.74679830484968,92.60071451321356,90.3388989186848,85.98552390150275,74.47991794840968,76.36646820459919,75.60216554249921,65.84521715572295,54.46939318557019
2023-12-08,71.1336115770707,57.95844477869958,48.408455965021,39.93398007274316,46.71572897731009,48.71697251385131,49.94861285987149,61.69888718030583,87.29366645138796,95.10767172898991,90.7460814745421,90.63883960616114,68.16468593412688,65.17643911061437,83.52426701635052,93.33467461606338,90.85584737495171,85.95259130934788,81.45465004099059,80.07870802591142,81.27665168904349,79.20046724540774,71.24914794951275,65.17779290856548
2023-12-09,63.24282545423461,57.55576695697638,58.31408490976348,53.069071032905754,48.803835043400824,50.57734064411752,59.10573590496043,53.38418607770937,77.16876362678664,94.62356278880802,103.4202787511055,90.49901437423152,61.14547613679137,72.80627364771973,87.6642236970703,85.95709993095346,104.10822414952356,90.65837789513634,89.30987268976511,82.33770173551466,80.19913697767154,80.6696820901621,73.34459992243418,57.16525106736743
2023-12-10,71.35489162073704,62.90743825255474,55.63892676210029,50.528022946095426,52.61825926556691,55.43697492977977,63.01071922381274,52.97101039108886,31.91662762406436,31.1073772598399,36.8943668553623,37.15954220130787,28.401063881931766,29.985067446351405,33.786820534534236,42.61456875524293,52.54820912394514,74.69718379399056,75.7794257183917,75.92768730162837,74.07324023887806,69.59987468444896,60.4004584659278,36.65833264450559
2023-12-11,77.1603323596256,65.68647479601297,64.70973681077254,57.39110328499861,60.206912060151396,65.74069114893928,60.28026151480438,97.07757089872729,137.58035052302972,140.67484391183763,133.0176461029004,129.82776213005002,108.73425518553661,112.4929355854949,113.54277285711571,125.0122149239993,108.93358744817682,92.82045450347049,84.6234822746691,78.77046979400274,81.11264166844555,79.3029236815206,77.46772834938432,58.87714009002112
2023-12-12,74.05510254194218,71.13937046292592,66.66976674024394,60.08134125612122,61.89238323048729,68.32247772199007,88.94675065612923,85.74758531885433,107.13333195489955,112.95130604754613,105.8084383678548,106.88128333491792,92.04867254806325,101.8235572905167,101.28492534886337,111.50698848566384,113.62355345592003,92.78286778416265,93.41598053601275,83.00931215260397,83.5904888150009,85.70633756636451,81.78033596485268,68.74526868999538
2023-12-13,83.35591988384184,75.10727248026205,72.73321326865114,69.44948695547625,66.75484341307126,68.92476950140475,81.49040476099066,101.70535107267594,102.58352318741792,103.6527636397278,112.42724011594993,97.47559891012797,83.00967291078976,91.3856144236928,98.66913183086511,108.57598295502338,121.25450438408015,106.74695133232888,98.79780053042018,87.27832477254681,82.43095783653419,86.27552849752144,80.41315069847555,81.62070154131206
2023-12-14,60.446337235377804,48.633689706968134,53.09733193825616,54.21453588867665,53.69746454858422,58.47357230581989,67.12684899022021,74.40780837459343,96.2014872939828,99.43311695155104,96.55147948906007,92.61681955932856,68.03942506723628,72.60995457767719,85.714158298086,95.47668412864697,103.91444071648752,102.58128680769502,98.43676798857382,80.24710055642576,81.48495519854555,80.36215354703677,73.37094240603453,53.075949116787235
2023-12-15,50.621324843240004,46.13234377681985,40.08833015973433,40.61173240395987,39.854654470307736,42.46402248371857,54.802578194562244,74.46210856018259,108.29663829575146,111.53989007547398,104.11841109668634,88.45506551804635,52.31927493345098,58.02876210033681,82.02959073123635,93.68267703315132,104.37486898933899,106.86830923279254,102.34481600440228,90.92336855193925,85.97623174394153,84.52820682394234,70.42131607177123,54.20850749405946
2023-12-16,62.85809432437331,57.00670510477389,56.48356982193842,47.78663294444211,52.43827889780653,65.77799227244114,67.5972865005079,50.8235208048311,61.85897115183563,63.144351714944115,59.32129658477149,50.2462042434133,40.96324393645141,42.591871104044934,41.522949830155675,56.721590241673304,65.50789800756512,76.74963599666408,87.85477779712473,89.88463354768376,92.42427901652653,85.71225462450856,67.09604806986115,52.0891563774614
2023-12-17,67.47220861506642,58.25970836657369,43.52121965443986,45.50027506822327,46.57863497569714,44.58303593335949,49.1005898264932,41.32907628713726,49.06291429275186,53.54984449341186,61.33492891751753,40.033985176509,27.91974236061874,33.31889058749587,43.49413997973155,49.13103481946825,67.64284477255923,71.86074937065199,87.51284082926566,86.947732862998,79.64431988859509,78.73365136189777,55.30241585739185,38.06466041810032
2023-12-18,44.95754065251152,41.05366251853374,30.558607745902783,31.495087486472038,34.41291878399219,35.21238481045828,41.61712429181341,66.5442191249945,70.79754267463774,70.1422796685398,62.90005806114069,56.54624261210633,49.65374184496587,50.85109969243244,55.497815668193965,66.4026513689233,67.17042238730409,81.60060134939913,85.40713514225223,70.62343001508498,73.95273703096024,73.79745477161329,72.47140951127189,50.30470386823541
2023-12-19,76.33793674520423,86.77950896061489,81.78161954272043,73.38400716667408,75.60872690490545,90.0533390527946,96.70692367291689,117.79129337340643,115.27921702355559,124.56964955158719,131.8513941031202,110.03157483161318,81.04041248455287,98.7624251637151,118.85704690901558,110.95972132274154,118.67450783899298,106.03382137573504,112.03249483535481,90.3980372300546,90.12016711696626,82.86288785549657,74.83498213758615,62.61408724499539
2023-12-20,80.27955577305288,73.0436496364181,75.59522431868594,72.48395885442125,62.259315795231096,68.66644416678027,92.98172777260277,111.1669868326127,126.27047591591293,128.87173235499344,107.98392791672194,101.26256645236504,79.94063419163065,81.54911029083645,92.11661034298066,97.85521398946422,111.52365510612184,114.63032470900214,102.87039371569685,81.3480489436081,78.32489910000494,80.65447278457322,72.7324257265157,59.89060265058002
2023-12-21,68.82234105096116,60.449407203736264,53.3268907327357,45.213804653803386,48.12313757494603,52.76713312812995,59.567525851733414,58.20779010008597,76.30900206045511,82.70821140401398,79.56066012633791,81.1450491386727,69.89669773597257,70.95825422552844,62.2214906977986,81.51078941513356,84.78664749729286,90.97405654078038,88.6582548767978,77.12223690217891,77.76831202311014,77.90077076465495,62.240949623402535,46.588500375018015
2023-12-22,68.56125703325107,65.38458503157484,61.894739775032846,54.90376519149121,59.94642003106965,71.0582977502661,80.37823673371787,97.0457965796438,101.45995363461977,112.51379200909507,128.53648102399876,119.43585435009525,86.18225455245086,83.3192668903033,101.22712919427966,112.02892601852804,116.70470421372853,99.8744278801276,91.30831359739501,78.83402372367613,80.262746088201,83.45265961368264,74.58969613646038,60.89267396314558
2023-12-23,80.17514065652556,82.4619012908292,83.12855424399035,69.2484190536938,62.949395389382886,67.35878015471559,74.95141914382899,85.50858510251444,111.67300760152312,123.32448538724256,136.09998060418434,111.88502233421418,76.51939098732049,92.73035731891127,106.11361650302966,101.03628462059258,105.10264057117965,98.01123392909827,100.14946795385798,91.15496961006981,87.8890702921899,85.08839556483164,78.90804386306148,61.515877581535605
2023-12-24,64.66030213533652,74.2674338080338,74.3924898469196,73.04292061699275,79.48040158664362,75.57051739306853,82.37165990130983,59.77253577625524,46.004129958970125,54.96913893099178,56.610369900508076,45.78673921487188,35.32960944811544,40.50024739068308,48.24927086653739,48.69075774251215,57.253343290585086,69.90349679186649,83.3739315747347,79.37048009657686,78.73457175105608,75.2833035478312,62.20829313634587,47.12145112233099
2023-12-25,71.898754371835,59.36116725578971,46.93507641057811,44.027553226142736,43.96334135929011,47.66110234264462,62.229455377341786,88.81168298598615,81.2344713765014,82.78950832557851,81.69798670095761,79.91435325418036,64.38176017162102,72.07264605412603,77.85370270571217,88.01749594362165,95.5312711082781,97.81926650003719,97.77647501660132,84.88586197783232,85.00941747219446,83.5635098466541,83.70524122973535,66.80097421239428
2023-12-26,64.26634017965627,58.548620706710956,49.3846762091491,41.717367379087854,32.23865703410566,32.33192183155879,56.32208039645485,59.342300022811585,86.27141616731133,81.10276079892236,78.58412227123553,76.0346483152839,58.87852107140288,62.4610036180242,65.07382279524595,71.45589501787369,70.79688127086145,84.08582404731214,91.30375406847264,87.01379682844957,87.51612216999449,84.32952117614248,76.72479270501715,60.923314751509274
2023-12-27,63.83698042624428,56.70391769469975,52.164481526738534,49.26648860930168,53.82132445418221,62.31143506911543,71.1941387964942,88.09373863954131,90.78382417703921,92.17901397582604,80.0699299189049,76.74382798559938,54.163152652822276,55.57004050448546,62.2296274463742,70.84729772996769,82.95967744036,91.22904749866987,95.74735139262047,85.64387943516485,87.41917739433211,83.3078449216483,73.6503313596933,58.742871612000236
2023-12-28,69.15428837121134,62.65703750934466,54.22828028524122,57.688452523178725,54.48762267429851,65.54651056260911,63.69777761961273,80.09508136499343,93.24749980019178,89.41648136165281,91.02396996658058,74.05649834622014,56.30621674656012,59.78789352144307,65.11486919498626,77.03059897406338,81.17257887701425,84.79335659853265,91.07008289003765,83.67298054629117,82.70597601331735,80.58286758071645,72.12808186331334,62.726054738231234
2023-12-29,65.86850175179815,64.2755760678622,59.888943399082116,55.00823693087147,51.63566228799525,70.25052750333693,82.88484315489679,81.08010974354653,118.84429031116355,99.62420589575507,81.36684021662188,75.19515229008488,47.74396557848459,46.70735417171443,67.19774052186726,73.68389831666536,84.27764447777295,101.7092359901264,99.6728909921312,95.9576878059158,91.6347237568276,86.27877540222144,76.19059144714201,66.28529275577908
2023-12-30,66.44179333428656,68.03365884432488,56.84292499116407,49.822550584008845,46.43764817415382,47.42945858049824,54.11152674736512,43.97990625505751,63.34747026368504,59.43150325299634,52.713847222620316,49.55053363758351,29.605349302604196,36.63294381194725,39.19806891582222,42.770985450327615,51.92572139595779,74.79564954443552,83.96534590242769,80.55538782543667,77.08049912212245,78.31855754489668,63.094178881668114,48.79378687277692
2023-12-31,59.80146304556409,52.278018007704354,40.131879758267324,36.36889947555499,35.98117480318794,37.38647227058191,43.020587298790545,26.51873167116375,20.76220510129798,23.4437608659991,26.795267834091124,22.262570221084435,15.67855681493892,17.017947698712593,23.88070641552881,27.710631131738992,43.986162786290286,59.98974807535161,72.07033638500724,70.28178074288957,68.09538840005237,68.54222006361019,46.16296485630461,31.650064808254175
2024-01-01,58.27240280362056,53.759154865428734,45.086389468691245,55.17564792042605,58.49118823152668,55.190393508254004,63.29741426920241,63.03845317036304,54.373905607210915,43.708774305029976,39.23408861340224,35.189902477909285,25.383297257829906,28.612055903744373,30.57838922337907,44.575564359275056,51.59147545714721,64.02634415935042,76.39764961621862,71.04133800295783,74.24442493988606,76.6967872575147,59.0307785407216,44.06658879464418
2024-01-02,58.788166049430934,44.215059190878215,29.83482836948316,24.108996322408974,21.79113349557236,30.456801206700234,37.50919008492105,64.90755509429862,67.2860164939939,73.35493543005,78.64294653265553,82.46112665879589,65.54551949719216,65.88449294800266,61.922795700754804,78.69333036335863,92.37632201031009,77.93836718907252,83.22425996567245,79.20504923307475,70.4512516871926,78.87756525041276,57.49950402645232,46.865373107967386
2024-01-03,70.41471258262571,76.96514029394844,81.3860707752992,64.75008701030075,74.139073449746,83.93922667278196,93.92831332379352,95.26853652999756,98.9335573348465,97.2902293033,91.55283927560774,90.71859799686838,66.3894892930569,77.1742174012793,76.2489666044232,93.78593925912894,98.45592323748416,90.87654771113553,89.90422034644311,86.4962540178764,87.13814434806089,79.04989994286696,75.12491149406877,68.44519792052179
2024-01-04,62.053727986356755,56.58263352512876,50.62792031749381,44.266605219570465,42.9335187540591,42.50062317810395,47.754748706939196,49.66597898325413,68.02418030445955,75.44575522415096,75.82223194459681,70.8614136827591,58.52366698392584,60.57594790982069,58.80270249612959,67.84103672477468,68.04672751321048,67.17019786881102,71.33890521704865,72.61853427022444,71.38179764284726,74.44118657046175,61.0394240912669,55.781992528589754
2024-01-05,57.696950372323776,56.568175498741525,49.79168615325696,50.71102712863094,54.14088624940934,61.33170093445425,63.007440957696325,55.50332360950273,86.82132089694562,85.22762236438925,85.99234427229274,87.30552879812628,57.83578532403764,52.640449897034465,64.98306542988765,71.71746125025506,71.04658079665485,83.22027229421596,86.23081135974874,78.71977005376557,80.05885525554373,85.71072969149552,74.37474800288625,58.26297766095278
2024-01-06,74.74502569036865,73.90357555677582,63.02566539155388,72.38788825786901,59.75321885111269,62.707993688191415,67.90099451618156,72.90998060800023,81.2926457090509,87.3811228880443,80.7706119350703,76.30376600567938,55.83453235554173,60.834899067218295,60.86959912658709,64.80209685102342,72.16846085499773,79.35947729530804,88.42975350948778,77.36671391900144,68.46908335873442,68.52101558296302,67.06213772858939,58.85305545517443
2024-01-07,35.29317175456332,30.948068141229808,22.998841579169177,23.550880172958816,26.755957350975677,30.681752995452864,33.29519482898641,25.802186955512667,40.533657231713775,39.673534003384056,44.46378655361113,28.89780894159306,17.522905551621538,21.359125978999998,27.108494748128297,30.058264003913994,46.486425040433474,57.54557860232052,78.44824734577008,82.72795294349885,75.19682779967782,72.03853517358725,45.79934344056052,30.251263589008087
2024-01-08,12.966860417645185,6.786418533234136,4.958364461563482,3.492786813448966,3.7573269116679846,4.381801952738016,9.326923400041718,16.44000616752579,34.01965917708078,43.72045589355417,38.62702610542063,31.97428423581413,14.761012673451814,18.437243071640395,33.37910940559558,44.3378347347264,79.09761186040079,71.11559308174034,81.66530492250877,67.79152647525,55.69445773885766,55.520383741322775,29.602679770509763,16.548890529692883
2024-01-09,93.13417158164748,94.08485144231595,71.36371136314528,49.65906056060673,77.48731155068464,100.50065866799699,152.74070764885377,96.39755366771946,80.98507792120135,87.92454275086683,78.80220268555513,97.5757942823958,75.97003914027451,87.51393055942694,79.12714346716965,95.35106000335908,96.56897971819758,109.57861282550064,94.3938196243931,102.59238231720335,96.47755517234998,95.66445885377644,66.84465375086265,58.465266176146855
2024-01-10,66.75155005695603,43.60083774436979,37.08052948899012,37.12490783208423,34.67728491650334,28.240554401496606,48.11014805026519,43.82014761931333,89.40561194287925,99.81822460540431,92.89577713146441,91.35746011957107,83.97858500175508,76.15767505380099,73.52749175741612,81.32507440896934,91.1576491164602,73.0099417499767,77.7610427438218,69.9409867270701,66.47259493940015,68.81944634286069,44.56969776695339,45.93859861651334
2024-01-11,64.63437151029272,60.379423603037914,54.76203133243954,56.00684802961585,55.139496348559895,50.76870406578598,61.77318172429704,75.49353423484871,163.841305177443,187.15900834079227,166.2760805002331,165.84922707340638,124.52352450907324,142.1678816908029,132.34173185353055,127.80106644373727,105.96826566148036,100.91170145713653,95.77051939436829,80.13268394895158,78.49824168992102,84.30801255494568,81.02601541115115,66.93988535566363
2024-01-12,74.04271872018064,72.13686295012505,66.95514353986893,54.62050627553897,48.095732446863785,48.644838114175144,59.18002272234373,62.77459473465469,90.8003658977756,110.7127522044565,107.32014848186834,119.98105724878829,88.36737762824937,86.89174916099304,98.39330022020148,108.88253978501461,107.47995602241816,103.02478210496834,93.79577970685803,85.5483847533473,83.34846738729028,83.11771146507468,72.5576175753325,57.06942075335172
2024-01-13,75.43404110285141,77.20435214950388,92.08303707419817,84.83529705288464,77.97455326858159,80.97171377628624,104.47447402270475,87.33031206094115,127.5469720462691,142.25409096618668,127.3143555727161,127.94909255543077,88.10230618924274,101.14050748709106,102.28459855763029,94.87443199620577,105.01924073200195,117.25002587138937,113.4345515046417,95.76774745695006,88.46849188526961,86.02553088367073,74.57156139314309,50.244837013234054
2024-01-14,67.4438006625588,73.49075399551495,57.718968155099056,76.83142940629014,63.3705819651941,58.90430490544925,135.81230526349214,66.42578412796044,38.778425952718955,34.36632829189501,26.51688063600197,27.879191305245318,20.851623065809182,25.807009129982173,27.960864767508287,31.01039799762447,54.95160179386581,104.88432819964477,131.08718434285737,85.09359325440984,67.80835775457716,67.287222247872,62.07499567883709,39.58554298471226
2024-01-15,85.07545154799409,64.7834615404971,55.053926910344536,61.77231144749644,49.75873954153267,73.73460652270084,68.36397566612797,98.97123933945363,129.034151305319,118.30335663903361,98.30893781396016,88.36697624426414,77.50381096541507,93.44014291693067,97.68890457005254,108.41706091246141,102.60811211037696,101.5313634722211,101.65488241337434,95.00781673017971,95.9227187644678,86.48614288211368,78.630865252294,72.41083997567732
2024-01-16,54.493843879541984,47.3619240195958,37.057546009819234,35.05521626861853,34.45642325465878,41.1873862986656,43.26164198865144,51.990071698084755,72.55290493442452,92.2396823385455,87.94236269444745,91.91760117650776,82.55400712585427,82.19565162283796,70.97710759049569,81.04212024210993,80.33763810550123,79.30315201892503,81.36420423059735,79.08692317844279,82.29996149932919,84.90277179903653,69.1156982771164,54.90675974724209
2024-01-17,59.823085000766945,54.10964437022166,45.97554024224324,42.89281921709365,39.74073320361627,45.190374445291496,54.132754923222855,69.88799734838307,103.04362747767372,107.6380616301476,110.35208193406731,113.50953738462627,99.91845758312894,97.06231117980671,93.79233391735117,99.05689237485319,104.12882626199765,94.89231698402597,85.98954501702907,77.28898096408503,82.37513384312359,81.23073364257765,72.28550755835838,55.13098735564023
2024-01-18,80.04625623350208,71.44784285551884,68.06355747307038,62.889769145143255,60.700444195298935,67.497155432838,70.06402998509499,85.15315186547285,128.5392670727137,134.1163456033661,126.05216460646241,112.36925713240647,101.54894440765189,110.01794435200767,101.81784095009802,100.21324565395544,95.59190889952156,92.96648962372059,90.24605366132444,84.31975778622021,86.61844859333699,86.84698734985042,91.43651397025782,83.97289764015045
2024-01-19,45.51758368886249,36.39202363178489,31.39172102931939,25.918712201793344,27.277044633408316,29.301528053388466,39.265869502307574,48.05111528013968,73.85138764212387,84.62598131149925,72.70672354219128,76.4034011200259,53.47990484965588,45.55207422589395,58.828674148815,64.54596647837423,70.54328915937394,71.97214952717763,74.21889396847374,70.89180520698018,71.2429115078284,72.57343847694823,60.12931880200886,53.21486423156683
2024-01-20,58.38335412846091,55.00410829315249,46.0278863094284,41.72017611308252,38.24694745592842,42.35081480908033,44.28197029255751,42.78464965940809,58.94089909845096,63.923500233138704,56.930298175885675,61.96978741219907,49.12142573920548,46.436309983268714,46.675382570832916,53.403734142417896,60.866223782554485,73.00936333195533,82.06239765488561,81.04454553562766,76.15566627681544,73.25347266145718,61.255381946584755,41.922627623871804
2024-01-21,50.04300288344706,47.866377469511576,37.17104493427809,36.48312083591026,41.66353629381591,45.527211127551844,39.21904139648766,33.0215198951163,28.00200669521674,28.713031132308544,36.47292336201483,28.069929760661886,26.0148612847524,26.37736099306156,26.600785910853617,32.94031603836466,46.50769374153074,52.49071893918261,64.40126556073241,68.62705981167987,69.52089943903506,73.04346483735624,49.150812657349796,39.266929044048055
2024-01-22,29.225766690694424,22.421434284043805,16.000159904566136,13.26145946730457,18.880427307973807,19.31831175409071,27.205625088708185,41.9375954197133,81.44507982176466,83.96323518503466,73.34765855599704,64.87610187428139,45.164592106821836,51.198960106894695,58.6953792906165,66.93621930265286,73.32600281483724,70.70517528435235,72.17935305814592,64.80181550299282,56.376012199628306,61.817542531765355,50.10403892017797,40.46041447056231
2024-01-23,55.516025403832785,43.633154977323706,40.718528214575876,26.767082651565907,29.728000608848628,41.89841953135506,65.2563019164328,59.43999356571422,102.14879793751876,93.43615671735348,75.42124132845485,79.35797992189785,61.95051442185458,70.85143017031993,73.08125380041108,82.23153927256133,86.38033171440495,86.9667427150879,98.16134711367496,93.63251572154806,82.2274691622262,79.97547843136866,73.28673656446107,65.471543449418
2024-01-24,82.58765243767344,66.92483440225956,53.312854894084175,46.422436902310565,39.30616570158649,39.77266728008511,47.009747511363166,71.66718297556882,98.5279778059759,91.24087885968544,85.72105157844061,78.482136159386,65.99140000926508,76.8103766229381,79.38605643336537,84.5012972125577,84.48241485717347,85.62680917994602,86.85890058027994,79.6383357193452,77.42461990986848,76.41908527629057,77.98790008230003,63.9876718430087
2024-01-25,71.73100706671201,64.3595223703588,58.82057871287749,56.33946141693299,50.84364835716932,58.10295138832906,64.89186978989177,62.52871789152836,113.89200790111164,121.08822857393521,109.85035002591461,105.06739714650368,88.238750664267,92.62359971706036,89.77349552146042,86.88470858879224,100.09679540484979,102.50541997323779,107.48748809833823,101.16093368161242,93.54388548692306,88.44247942774798,89.10234665132612,78.18730504357202
2024-01-26,65.37495287243485,59.60345593908461,54.453921521028605,50.997663492801756,49.49821677247114,52.03900498518263,50.86639134783092,53.48460857097231,81.92650862678795,89.82123820504482,85.4482295102315,90.76604544644692,75.3509313511989,66.5109134798316,77.03267052645121,78.59556129054091,68.89519841712031,73.5903799258675,74.01139413285233,71.16387469705404,71.77110396742552,76.4704557464542,72.2711661542577,61.8734925614528
2024-01-27,74.83184431674805,75.50062987960465,67.33058157824021,61.03942693811919,64.27118756495524,65.11974145677796,92.07306347250443,83.01297083693758,105.00975753003506,126.24809729433512,114.74671077272288,108.20750121806493,79.73170466913977,91.35046766378169,94.47057348222204,92.06691092116465,101.33204505742849,99.83460595004408,97.79982624265828,89.63055830484515,79.35585809075383,82.25292678994758,72.2885702008097,59.90492024963125
2024-01-28,68.19230489154444,58.036549291856254,54.90879847954022,47.85318016398802,50.011578035036386,52.1519217614156,64.71613987438252,54.53779925602079,53.509698897364615,64.02396849306855,63.52704013140007,64.25346916991275,51.11425581687014,62.64624137430608,68.2719352455393,68.27346589473817,66.24581172094332,77.11732806742575,78.87914589725642,78.82476611093034,71.07466262171712,74.6520743102191,64.81405415728197,46.816173619440065
2024-01-29,62.61524402343876,44.296826904384304,35.13867045641397,32.726888907166796,31.876747651247864,35.83390269823915,33.427542679568035,60.31535769524185,87.13790922458139,107.88785018112762,99.79949051329274,80.12222702156339,71.75638874268974,89.60455283070364,86.79943566058353,91.48029014095209,91.93938735029899,78.20278104004926,79.99904897035695,74.35948836217788,72.63476206591378,73.17999339369736,56.79275851143316,44.569159930895616
2024-01-30,51.862650539601795,42.168372835768224,41.55344197864369,36.500557983841524,38.95433613761497,45.854319936981845,45.31851656382044,60.890828349604654,92.88462064492329,102.29437717591712,89.19577565199361,84.30885898851146,70.35991446698773,78.3845172298525,74.71667468878049,76.97259897235517,84.29502258523245,80.69744911960466,80.15547661755157,74.39447917734691,76.8559129477811,77.44327136634324,62.575444968024385,54.19153906977216
2024-01-31,41.585673603761315,34.69587370601735,34.370942815752414,29.90649089643967,35.170798395294334,37.551488436236376,44.21357425279632,70.2671567166205,102.47207951499801,113.19350570346778,99.73331047510601,86.20135142017956,66.324501689597,73.87375355168489,84.84972184007567,90.47100160449206,95.84738058544617,89.5407344223615,86.08950547081191,78.66884173262795,77.74616547743983,75.19326007531025,71.96786511309949,67.87971418047067
2024-02-01,57.86769798596616,58.242719082560285,65.18775443956062,55.58269289335669,58.269821076760465,63.62037720358827,64.2774206146055,70.49170102094304,97.373535325168,102.67060475509726,81.23762880436556,84.2901381319704,68.61521023720924,68.07691930430174,64.14737055935227,65.1881106334679,69.955782133652,79.15589770589203,85.70075571041177,85.09035305700127,84.83988149123003,78.00957213297471,75.06965135118719,73.46182855354357
2024-02-02,76.28717142097042,77.65988189825839,76.82418835971345,71.7394121517776,68.3969342378123,72.3035387462911,83.15929298820393,97.14341862325524,105.55340823469261,107.46425079856124,95.02297600494833,88.59483535943713,68.56767140208977,62.22577936606246,80.32140571242444,80.20558171060163,73.45925349918356,86.67716648922824,92.23778174772836,88.04074521327004,85.81704259004538,84.34592734389211,77.00632820284149,72.1468537331149
2024-02-03,67.64220985060065,67.18982871264535,60.07459770653685,51.59133360733456,51.4440742841732,60.892567678686675,65.41279782552087,62.06793777123786,76.53642563747545,72.34776723514996,61.153612707628206,56.203785821054964,43.74627753460223,44.4024176840423,42.877442575205315,45.300525288651826,51.430783004579226,70.32942730761782,78.908628700099,80.91573657904402,77.33540401943984,76.12172431394848,68.84857718073454,62.866119147004156
2024-02-04,71.56354889694036,74.0989164941061,68.76642830191072,59.66560935363307,64.61317417869603,62.662757284458024,69.07644251624767,47.75976429614209,37.993179679039784,39.6163538863001,44.78977537450814,34.61979072355824,31.309223467349728,31.554395089321915,34.15544220516269,37.50135406031237,52.14874368801537,62.234060640481864,79.08430888031806,82.9691532680664,77.62699371711255,75.98623004624368,67.21414715123376,60.28699815522376
2024-02-05,72.38475302864316,70.62833560070712,71.4424312088895,74.0530315908301,66.64028769689645,74.46347620127911,64.32352271115542,77.61280685786157,107.5793265580578,97.20905911862815,80.62519346970298,87.34935884768849,80.60541906807278,77.17551767293835,76.18392664972859,71.42722622385489,71.9432902654329,87.18607252807968,85.13380237066578,86.20282784740009,87.16295104071034,83.19306427736039,78.86448585542448,73.2109982953877
2024-02-06,68.67600544444805,72.40260090728808,64.7685056304383,56.09549878998065,59.864411265044055,58.800589593325874,74.28535483170238,87.05424229121942,103.27723651735099,92.18756692203671,84.26774685446581,82.1287495046343,65.33392563705439,70.10776597574366,66.7533148195621,70.08438692294936,74.28784091381445,87.5894717307171,95.95625785984647,91.66477289180662,85.20860473472672,79.5411897432368,88.1540802578103,89.8786794995325
2024-02-07,56.89037008044959,53.8039848841262,53.98557844215128,45.54379973188394,50.94171383143121,59.14201329975,64.44231471398506,75.28115314593735,90.58476976183792,85.29027836775641,59.754054592558155,56.204761821086535,42.25539824612851,43.48774941223885,47.919761039699864,54.08360688747372,57.154652826200284,81.11046518550103,82.56020809674246,82.64898163033486,80.88650181431485,77.20181016566497,64.7772730286994,59.70704971772682
2024-02-08,45.312801100816685,41.389068533282504,40.43466447408167,32.50008931125982,33.78910870477706,38.75681229205921,48.26561500849754,50.60088023754599,53.228528750411705,57.272603950876615,46.008095556351755,39.25707387481953,31.676546883053913,29.69496618526995,34.40623583521617,38.00561983040083,44.38727144122474,60.51300138208417,75.52066020062689,75.06924357167276,74.05578794298354,67.8099818731593,64.92866579354815,51.37249293422868
2024-02-09,52.350947500718654,49.93443637120396,44.670441475639265,37.08499646318251,42.247254049486166,45.80590205640402,51.85317550181411,50.161452616337804,57.588211491891634,57.51096016477449,51.29844933871977,48.81084949838771,34.02218796146444,29.295971771468796,35.46913917791511,40.029254225469295,49.39947002296626,66.18888365084597,74.99515341031145,77.90980014295485,75.60820565499392,72.05371521382222,65.58325887409597,57.350270445785014
2024-02-10,72.31831112156439,73.69684968708428,74.31283228548853,64.00756503477277,78.04948848537664,79.33900682950197,74.20994374192587,58.578011199218636,60.75910244021725,60.89833578789011,50.69046370912928,48.064945879718444,38.708035078440595,37.875297354781644,37.608937209458205,42.470724501075814,50.304217856657786,68.7854797634398,78.76207267589287,85.61537198753905,86.25403175395361,77.95262519872904,68.43682162448304,57.35055069235608
2024-02-11,44.824080421003174,39.52159202152613,29.17715092311256,27.903345267065795,31.383003336641252,29.97245149860711,31.493663222855886,22.43877584272913,20.077881582262133,21.504722698201256,19.184791618327882,14.46383932630932,12.411878261390381,14.005085732490826,16.289301911258946,18.907554846189207,23.5446220899886,36.56562748594301,49.06213845004188,61.20208830490475,55.0030353152602,54.90092977361014,41.241743258071885,36.45217146631968
2024-02-12,36.30279264942061,35.0812966624391,34.536826591323546,36.644736736659056,33.66906876214613,35.67681095418878,34.846495935984464,49.28710390838895,44.69924471569188,42.904435167256274,37.748196030283495,31.19505573298718,25.01668793818973,28.76957415695105,33.57431008394911,32.73921490893357,42.17462123023661,52.77964561440301,63.87893284781169,62.98995631613,56.310185302294414,53.09151064416801,60.02647767547158,51.54135616421443
2024-02-13,35.902234896148435,37.06323558003827,27.411447789122334,24.211864317715115,30.47997915038424,32.72911413181026,37.766191946341486,34.316146660343705,58.119940821369816,64.26372813839322,60.72206392106184,50.3152486256825,40.447368010911845,41.48999362983896,36.95318766221602,40.012218776183786,47.14618491757246,61.049388934161286,63.23328007661968,63.51624039430461,60.81717021199877,57.41535331755055,47.532308844261735,44.0541342959458
2024-02-14,57.1403627741403,60.95482858937026,57.08374825933121,57.42784646882735,67.83906044901407,80.77782179526935,68.40224419440638,72.94509355447187,84.68258963874179,84.28939022616927,78.96187229670979,73.33484157000686,70.45096014874007,76.62154213704447,69.40545714763404,73.6426653523003,78.18889482391357,81.00942819408544,83.48523665625343,83.07816203194291,75.64953210065853,70.97428038687696,58.99866523694618,54.29425644007874
2024-02-15,54.54520468623229,49.424967306985316,39.43708541131804,35.92873296079578,34.522292693404715,35.49422630419258,40.89756201938414,51.726657598522664,76.19498127387207,85.05155424286214,75.73575338488465,68.85164403075531,55.32515650056342,56.60751787533057,58.25495365457827,61.764357711870076,59.847340668537406,64.68579753800331,73.27225528532522,76.12624328072427,69.32989027086437,69.12823122350645,66.28006420100267,54.23898321950975
2024-02-16,52.60225911027934,45.11532991509937,41.63401709090652,36.959120718470686,35.840608600303696,40.03008745917584,42.99932664114963,52.760809414367145,77.37178126732324,75.43482110279992,64.20094530220311,67.11975938310052,47.043713531616234,38.060256792855746,56.38462506553737,58.988522612239144,67.58558074437796,81.6886752239971,83.83946380882706,81.78387074330325,77.42438894672955,74.84684460230291,64.19966566389262,53.14496176329222
2024-02-17,52.63523721260634,48.20620925914838,42.89623806821173,36.340099334612816,35.41623076689278,41.6536675144234,40.66117811755521,34.664561114455914,50.01350438621766,53.14568740202976,41.89732925935549,41.43829490366291,36.91010330101498,33.86669434088285,35.103801212056666,31.947190384666094,37.27102121919957,58.032654083169305,75.50363500123756,80.89595248417506,75.5669728005442,65.80966731400673,49.96377827770479,35.982330803641155
2024-02-18,51.519911763173155,46.26550578516042,33.23927214262317,34.115244829485924,32.02229641284705,29.171793048654326,33.15703159907975,21.124734466016438,13.450762298148852,11.562397163931632,10.072509262150568,8.395371952982877,9.043748262930619,8.138073463753877,9.287710342089863,11.365340993782212,16.14976043157624,34.43752508058059,53.466086407088234,60.5123445748597,61.63532986645569,53.85381177060568,36.55051819432675,26.345997809027644
2024-02-19,58.440944735020466,53.683078277287855,54.540593210884296,48.01026073072997,43.60110428103333,51.593689200088924,53.915359420849484,65.82818770303206,102.29440956765997,109.49921072850925,91.8455060201246,89.64236615472423,73.31882564887857,68.59951615455915,76.14604864343063,75.17641690549107,84.31761030003109,92.73747933445927,95.04180636415508,90.981781554203,79.16236000381585,77.2391503485487,87.17857116684729,67.8036285201874
2024-02-20,72.4023970932233,62.373051185552654,57.38523728903084,56.181787378399626,49.57694431516354,63.761518542219974,82.56537129245004,103.22730546826116,117.69127678304571,122.34346390025891,96.28538303242222,93.52390104410084,71.69870022300994,69.97788025688173,77.12123384065731,83.6192877317139,87.8259165464566,86.45977943805784,100.50910184302833,91.87922190585462,83.32199604725194,79.53118554970476,78.77484048938584,69.81514865872082
2024-02-21,71.73796571068283,66.77520493958393,78.24398639721394,64.73865331063413,68.15437359037514,77.5307408928334,92.48325699847973,98.05416118821118,103.82804963967742,105.49069637530744,75.29251875030671,81.16151519928839,63.07924893595512,65.41620415989664,72.72025857122298,75.36486700697883,81.00121173217177,99.90855109649812,97.2185521597555,91.69768593738628,87.17079258025036,84.02679111030953,82.69757521398435,76.911343852887
2024-02-22,69.62389098943171,63.034884485650274,57.50877983152069,60.38681398284225,50.43757242709084,60.62990968999716,62.17164024894975,62.90244864811819,79.24502342775888,63.80081366603903,57.029290736048786,69.82174607010454,59.60463994929388,51.69227657910108,54.25811572288517,60.128929035736974,59.8402304655966,74.00806004120308,88.31999841326237,90.76329625878607,82.38519038646277,78.78824968178128,72.49507121582346,65.74183668387731
2024-02-23,73.16708137719215,65.7463581815885,60.17623514113516,62.1142777422646,56.63449710727668,63.47160939482157,68.3969879339095,76.00335930759762,83.787094504465,80.4454776883668,62.1726681071463,65.6731652661087,45.73089816856971,37.61942960859779,54.39358299927854,57.082680386932616,63.24172059946602,79.1424440854329,88.88809285176247,88.92579784233928,78.89291810939903,77.44247562131196,70.86004595967046,62.66898842459612
2024-02-24,67.29908144867635,72.88181938117755,69.68957780675103,56.85542319897689,56.02888639215662,69.08348494045917,71.44831280574215,60.14184481131245,65.91278311052542,50.741718872021025,36.85235022998375,35.43365402714524,25.964785007424446,22.518463196228264,24.60155308342969,26.021253070122857,33.23412556881167,62.518905816943544,92.2422267125558,99.72622102318354,87.02921859791043,75.71244858809031,68.76904144483572,61.03223924537323
2024-02-25,74.65712996846169,74.2479401848186,75.92990803776907,70.65499913419028,75.97861558604005,68.51054094806095,64.82876809297044,41.15652287422306,25.67980319452163,20.28505461560003,16.878200386426904,15.418603544038211,12.474583931900598,11.707421199892726,16.71983099662479,19.335805110447698,27.265956422614924,47.26171292062086,74.18602038345034,85.41578577674252,77.36532847236224,71.59060166116728,51.173653876977106,43.127321675402506
2024-02-26,72.37196923545065,49.326193050696205,43.25328554887508,44.836576297762356,39.93305406237482,53.46666653634226,43.606801892028614,65.4490684575063,71.7030908551443,64.09259154001133,56.390030969538294,66.37293291566336,55.32044736128389,48.3538488144052,60.296791049523,67.45855431127686,60.67242873263409,79.68972578136291,92.48475598116741,86.94075516640929,88.33956603046086,82.01468718530595,78.30261680572275,70.86137897606284
2024-02-27,76.19524603058208,73.96650166253939,52.33079632122805,51.497591998299065,47.68117052745601,57.04682202821565,66.40007099796772,74.40476869583766,78.97938564517419,70.42279783340646,65.2504358323338,58.79184096187553,47.02426057157975,46.52366421760746,56.5108884631485,62.03620980498514,65.2909803157698,75.19031548403802,80.62460160615531,84.16482730085575,84.10015070062524,82.6554143304394,84.77385674150902,86.7811091137449
2024-02-28,77.7193363447505,72.03931794782588,65.18322620158516,60.733369981997456,64.61722150251927,66.06626738232086,72.56379513398323,76.19741898904311,95.13123614273236,87.10063597789056,62.87188991390702,56.56662874719645,43.32904383339322,42.60906668740622,57.66929233085139,62.69218826530045,66.80292417632288,79.0715484049634,78.90985538482767,80.0673323532498,81.94419660348792,79.02187363767523,69.21913583192988,65.09796813867524
2024-02-29,69.69310101324153,59.246362561232026,56.3119745640892,51.31303377772235,51.85244433982898,59.91042853445053,62.19767464312881,62.40127926952188,72.0625524851056,53.973941039666066,47.28101477130214,46.8016225566158,33.88455382669059,31.329107745850088,36.94330895974454,41.668693333544326,51.835375932240744,72.78871921088967,89.17889588491715,95.1703414401804,86.30105508388263,79.20221688262274,72.66608249322253,72.46434217492153
2024-03-01,73.78941164996156,74.39864885022325,76.55607782923835,65.498960064204,75.56079743615597,79.86831691466013,78.09029784240968,72.01446426717327,78.93197135878705,69.85154975483475,48.701057323529405,43.38165792386891,30.891779807611147,25.127083120591035,37.93725202759829,41.64996213021557,48.6894831589205,69.25477313312594,78.61899655793303,88.41541969979434,85.4133875250819,76.67836113705178,68.04020382224823,61.29676792381963
2024-03-02,69.73744264639757,66.17699706188726,70.52416650644304,68.82627915654679,66.7853240821862,66.78606292179494,71.6707026297055,66.93131620479018,67.13898175880794,55.253411701013206,41.011270280715806,41.24252625705583,28.88020316314259,29.391551033218526,33.34673297955943,34.60942104418367,41.2533507129993,65.40196216969339,85.44062671609773,90.34605081352237,78.60167303857983,71.228220875587,64.08175002660852,55.956191937608004
2024-03-03,71.6930635706446,65.03970915602522,57.13224762071644,54.30298651869751,52.24013214108312,52.603373742629195,60.54383658214518,41.592281715326024,26.321751298503298,22.255976091259864,16.926504636404985,14.251703725948913,10.668581857235294,11.719967367729879,14.408972086778506,16.97174381599607,26.87091049517625,53.56436234188519,71.5621944634906,80.14909480060518,70.50438876407307,63.22257461939715,53.3554779715378,41.81944583782306
2024-03-04,77.97882902938044,87.72602441782172,88.94707403705083,91.88857090997382,90.70985747385225,102.08300154862336,118.19807599217242,172.53684339572334,143.61899124389035,133.25973110620257,105.06240839594473,88.79628414665046,67.07340735230979,76.85348948190101,91.10290615185633,95.2635083468269,105.29157789922665,103.84953268446834,102.9247841318258,96.65289590691322,88.08667748362771,79.4672515599435,87.01070326193029,94.54921664269698
2024-03-05,67.209096918978,63.038716353817655,73.21589939773469,74.84277875459117,83.68104004228863,80.06463666476662,75.95387346444114,82.61419616464804,83.46209916156343,80.97039621935683,62.06939387262461,65.41606734861432,50.54549220941496,55.10920575091167,58.72039590970673,66.96751421218913,67.98505015985324,74.4255882463505,80.55957163804982,87.23053196656804,82.92482553267185,78.98836390339086,75.49436753029565,72.9206917568502
2024-03-06,73.71750595413597,79.45282206504831,88.31817519166488,76.22788564440984,81.31184758587335,81.78232216381546,82.31482735330609,87.72701992538893,95.23965688316184,98.84915165345768,78.30338667361316,76.21887338701082,63.441444702094095,65.7007066512318,67.89666388626422,74.80308068406278,79.29947958915324,85.38616500723617,83.23123341631094,84.2560534991202,82.94321185340593,78.87960087613318,75.48010836165035,75.84136179607079
2024-03-07,75.4075219882456,72.5740225883392,74.47918202031711,65.7664603055288,64.49532213175523,72.63061615320508,78.93229695068845,76.44597977035285,103.06077403110811,110.90741835963422,87.47686999040205,80.34270098491935,62.404001209272096,61.35822306261487,71.5919602050441,78.2900706679812,76.18736498134871,86.65950264784436,82.54753354569463,93.0419001754668,86.54723203764243,78.56774018927335,73.38518568991121,79.26074662687003
2024-03-08,72.70623235937944,70.85671306317788,66.06820022759551,63.001910857362596,54.94968360937336,58.12070478400476,64.34864646489416,60.19893081142221,73.31955344262035,68.99354921751186,54.026726849073,57.77506862199696,41.904661044827456,32.58182943143767,47.328516378023565,56.96379185224628,59.24557198493451,72.98496157812332,79.91671284726871,81.91640179566535,80.15296071134375,73.96844455651782,63.85145551602314,50.314699353184544
2024-03-09,76.09086038056392,78.31876953415225,84.93388676626516,74.55734105853485,72.40212878854254,80.44577413448978,82.65696357216518,65.82217112226876,80.72644593311676,73.05781709394579,61.94933704584624,62.97135011271985,54.50848545281604,54.62399375782525,52.47133331317091,49.93997898506586,54.55802935226952,73.46409029595527,84.87116336149352,95.52627690733786,86.00459393643862,80.51763380904548,69.19009799396481,69.8822470241422
2024-03-10,69.43175650313911,65.27633619491945,62.59986670189345,53.4550974514638,60.67208730608078,64.23513335387526,69.50188408876247,55.59555796110016,33.403456414926275,26.175368655289095,22.07389562307307,20.937199221063256,15.686946744233389,16.452398895424235,20.582341626861094,25.40255618370867,37.36574129436823,56.72826414682311,71.21032374978596,81.27954132770347,78.02133764003337,73.79331209101613,60.29115076897368,60.09693734316523
2024-03-11,70.67181973903578,70.15148146434585,70.32579298526599,67.41781030198584,64.93239025214336,69.11274065773335,80.78176614756144,92.81910375230534,111.68586059827679,92.52870141881964,72.2468065291149,70.27973474104054,47.71987268632684,55.62412797944177,68.95729561615065,76.51218297595591,89.39578488441325,96.1183950461374,97.05242925207496,99.40000672402832,96.26579923402355,91.04227196380157,87.45117768490708,84.2159581070688
2024-03-12,73.38791395124146,74.15227287910481,83.75146794455445,86.86056067414005,88.57997491941165,96.43801991933583,95.61868803028362,130.01406259109243,100.90706834040557,82.06409096592742,63.18110761561578,56.97744454747972,39.42950334541722,41.43230986744992,55.75055396299228,60.637420887459726,63.98773272082381,81.78274782763818,86.8315624484201,87.95566650510052,88.31997917140036,78.47182777658504,69.47933755298669,66.16695300977572
2024-03-13,58.792911907510025,53.053764970520916,55.42848936271041,55.811995384806764,59.06567897155974,62.783248531804894,52.2174008386534,47.016566368319424,65.92230717613033,60.72840625153205,44.15996399762712,42.52609731803602,34.98860304642429,35.9744084597199,51.58005093342782,49.76777895067145,51.42744943702926,68.11641327545622,75.21534346020886,79.03663632633504,85.68083332319638,80.48714862714385,60.623765001780804,53.88274313907568
2024-03-14,76.80814739355564,70.8191134039038,79.57570758485525,76.3683720397666,91.50946032052214,99.99643718492581,108.87695718153056,103.52602841089227,102.45556411098126,94.85505419755376,80.70090531834995,79.39473717419662,55.29367075481701,64.92774435507904,83.810666765868,82.55093317694873,81.70446829927701,90.87449788774,97.6550048400829,90.81553379668951,92.10680667971158,84.85734903488382,76.88135170275784,76.01390702017095
2024-03-15,75.93343519805875,72.90239789378616,75.68014579426654,77.81432484420787,85.68878514751793,89.23540252788614,81.38780010881823,83.73494090238546,91.7083637571788,94.87662262495421,84.89416985665589,78.8132196452942,53.650554415079725,51.520251856147546,79.68203685391872,88.7598199569294,83.72286009380363,83.95006187593698,82.68721678266779,81.5419009938894,83.92110544942442,82.77661546324144,73.41750238439128,68.57505236399297
2024-03-16,74.50084297361671,66.71774000614202,66.78260078805222,76.66040469958217,80.86537771100447,85.34077806973197,70.9821439930602,63.38380459039157,89.64016892740935,86.05208757502139,69.71636375542762,64.14999459011345,41.97398335130396,48.99874286431073,55.637173390851224,59.6563193721617,60.72584515710264,77.72699832150988,92.67419287899891,87.07156427766894,87.22171817812932,84.47223430131491,74.24217533611757,67.43434091374026
2024-03-17,81.27090647746327,71.52851299002887,75.48026940744847,83.4118425582441,80.29983863473514,73.34675200286578,73.93740066129944,54.33821831596197,35.53321891452293,31.76028081823273,25.590439852142605,18.241365345749674,13.27466746450746,15.501108095976747,24.286242662624478,27.336466976668454,43.12620582348172,67.94728129239292,83.3745366235304,87.27970751320164,82.26271543874658,77.64513697551676,63.1660936057302,46.7399172446565
2024-03-18,71.16235437859375,58.91948024729919,70.40935562287514,81.1779625213789,73.83832912225924,79.78505745176587,69.31146102505089,91.6877885492561,108.75952187323983,91.95260532084657,70.55692072353212,73.41926628160505,54.67321305650969,58.96264929460954,78.56804403023426,78.55850296016767,89.99847318852848,88.10353693346133,93.0183656360807,80.10655270087885,88.46277294986886,82.46792657614397,76.12006435785855,74.363385625753
2024-03-19,74.74624626726049,70.51940660737888,83.47957880599573,96.26795769279573,93.9884819319657,96.1594615400085,87.57108833554983,87.79366399385718,85.01330017752817,88.22608205256293,70.01454350168764,75.38997440955387,52.21194049583699,61.19094834359963,74.80596034068728,72.90536864097257,76.27232862953937,81.1475634398855,86.02892945768664,82.22457789670096,84.58273130897237,76.22308960734748,64.21321140891324,65.51998512487108
2024-03-20,77.06180131779129,76.21748008481818,72.81848751050576,91.80651532654663,102.1856267149853,102.67279600428674,89.21537220408058,102.32584495659319,97.51109387147027,106.8508588594376,82.46459482628322,77.4866719849587,60.36402981455153,68.73638323486688,85.90985844158138,86.67714905118505,96.90163156456279,92.17617100842749,87.36454529686175,79.98230188528447,83.90655707860417,78.29086017478781,67.30778207157373,61.245357958972484
2024-03-21,74.06130066423562,72.95819715147444,66.80055586903009,75.50200989675788,80.72117603844653,83.89253063135256,75.73594915092832,63.10000146145105,72.43766434853256,81.92326320550785,71.9129725432628,71.63301182869867,56.81872297587454,60.78919083309338,63.04299783142335,68.19081951122813,72.02437516781076,65.44892833825114,77.21591380868415,67.58920588683995,79.45084527616515,76.55743266273677,65.89398898531311,60.73565762634268
2024-03-22,84.66300080428478,81.20468252128909,71.8999961299297,83.00693694420207,85.14076808670124,83.877149406403,70.97222513866869,70.09072564020383,87.27744622997926,87.42303941293697,66.15186800240969,65.72137450330582,50.3545816312821,41.01563551680486,65.02724049123604,66.9658770281131,67.44829849095883,76.60677053919952,81.41379791932766,78.8401989703725,84.40143538027971,79.34359211773878,65.66314327644868,62.14631944965918
2024-03-23,73.09967681362687,66.43349849843186,64.83208197719607,72.1441907193708,79.94072873742036,75.59951848058822,70.4345516109445,54.18302367683945,69.14830882260974,55.80858592070611,45.69156356803925,45.353167962579526,34.26927247735674,34.465806565557166,42.86642107184692,43.563533223729245,49.689238220256904,64.35220806179743,84.83532927043915,81.4361418555703,83.88392444279476,75.32632817947068,62.96500393709945,57.74168705263474
2024-03-24,86.66912217772162,81.83827092233996,70.47153821435387,82.3995556161899,84.64742950110163,87.71163071075387,84.02172581310373,66.63909440788338,41.18125264117497,31.37739064156295,27.140521109156325,20.068113026265284,13.946759708284048,17.49654808757249,27.07187818116257,32.387706549903115,51.47394246874748,69.5086949149882,85.73346973622716,82.70915345011038,79.43531900754307,72.9591163685692,59.46175008952186,52.924125269655626
2024-03-25,70.49431798913017,68.58264838560031,59.92228491189915,73.10582897691553,73.79043085423979,73.79252018705827,60.01380176853335,78.00769522990782,96.8588687318207,69.01907776654747,58.33235218530789,57.05173546942577,38.24854723207397,39.92704574732219,59.96056799303034,73.73337046607843,79.5141585638455,87.56561077834651,91.05978998626715,89.61340326923388,93.81069292905745,81.98791475182738,72.67331623633389,71.91080222508887
2024-03-26,87.36433527495967,89.92953910881883,85.060568254778,94.68461266518122,115.77284888361379,120.18115455594031,126.43742598762209,89.02719652371653,99.56239907329947,93.41033215201503,81.62985944114715,69.79769436082893,49.68444649036613,71.55500526343275,71.65994113201171,67.53480805286135,71.4291556816337,86.68812181273006,87.42644948386913,86.66234998233223,93.46026277630084,85.82738937491243,86.02315511618049,103.04836584249603
2024-03-27,79.70875808675073,72.97950574598468,59.861224090379345,60.57836451918669,74.4107940745254,68.93540256879962,62.27693970317248,60.550935154388256,62.80884678765761,61.813089645517884,50.06157141496446,63.30274066166347,47.76078309364376,48.27557398555652,58.55661439775365,66.10017101134875,66.63307465672324,77.87925715497737,76.31193824195715,81.4387956046572,89.48059208032825,83.41555077266365,64.44236206249289,70.35604349580468
2024-03-28,72.73380808881001,69.65606488765954,60.54340540275738,63.17338834548856,67.87532657686535,73.11863985243673,69.24744797965305,66.08334832297892,84.98090399010985,81.53571844561077,57.05686045685948,50.396862483255006,34.47764460013335,35.44627020942709,46.1025405939602,48.39597229855542,56.961441885452246,70.43007822969305,79.68856276971474,80.25817665061228,82.77159190228389,78.69369564304066,68.90224392422542,67.80705760898171
2024-03-29,73.52926601905632,71.41849779868316,75.07536328623539,68.29696889898435,70.18450740969583,74.66567193213741,58.91773644505534,56.38698342292357,72.77376889795588,60.72811108829287,44.11553495573177,43.630363517582985,28.373610762278602,26.61489113483278,45.74037721574517,49.24843403902408,57.85324619269019,77.50115354827597,78.87006106632818,77.7877167094115,85.52434906872303,79.61229244875483,66.9439560120899,62.16081694500015
2024-03-30,80.49102318465052,76.42694212880112,69.99957856704927,62.32623854953801,75.4276886322,80.87839315505488,69.85772574625828,53.92793915380104,50.907397147633716,47.566991687943705,29.32674299943543,27.205693456553636,17.283548215343355,22.502010724085782,27.912612205139347,29.09339614399405,38.6998714333243,61.501303694874956,78.08557394754875,82.57509762116156,85.49031561472717,76.16646446989411,64.85750566543125,59.126805288748024
2024-03-31,70.69748713450069,56.492529988544185,47.02294379893321,48.01547397617918,48.2056372052185,40.386565971050864,43.70960775092992,24.822677005354443,14.395608177079506,9.146203051913503,8.94567184345817,8.333477040350731,7.598159216580036,8.277663865808618,10.745134151156483,11.047540482691007,17.297415824637692,34.573220523307214,55.436837888349814,64.27992078556584,72.29407734797368,64.2386809744636,43.01983082008433,45.102240103744194
2024-04-01,47.73928507758671,38.829350729447896,27.809371746000977,27.790026921094658,27.300145015239128,32.114114349801596,33.054199472199095,37.248554524330665,32.96016463078926,23.385844668516018,20.701814538285213,20.314473857092807,14.497299377394297,15.951569108638704,21.668788643733073,28.390793568071086,46.20093546254497,60.849188985736696,76.04661997211275,69.30903868102556,80.0072376041694,75.80852484317555,66.08698647038791,49.64218596970465
2024-04-02,95.10381414426307,94.55747696147316,95.17076264726671,81.04279740702759,83.7157219811996,98.86694856320541,99.82453353277079,75.58140828204317,78.69374494513166,68.0757581047342,51.081118945167354,56.2162637239078,30.063330349221292,43.83592816258575,53.93808190334844,55.27166273118598,60.13309690766573,81.79476836773007,97.29317006871808,91.61248679834618,90.97425119420745,82.92961694970215,72.31772640989665,87.9654820320626
2024-04-03,73.22636827297347,68.69304810626771,67.8855433399215,62.98017176636308,73.15207280152129,71.8155301736617,83.21886590664747,72.64136917941204,82.45096256949823,68.4918486831406,44.913357604275646,37.54496918308485,28.50353819517444,35.70293572958698,52.173287535398124,54.470634159466435,57.14395530391022,73.10943115229222,76.39773126675937,81.79971215808635,81.34752965667963,77.11924719678046,62.99043091884321,78.38052041154306
2024-04-04,73.11452080588144,59.228552088015725,61.96135979802472,64.01072508618208,63.35484237645266,64.22787602352822,69.09905198329946,53.731513212682806,43.516681699644465,32.03028423667763,26.566835496335823,25.74865413274147,19.51468011432276,21.63569189080081,31.381309345465173,33.71589886710494,43.74817657064195,64.94139229137451,79.39192346229179,76.67036365273941,77.44092233636842,70.97606694178289,63.05950097362319,64.47216689316676
2024-04-05,68.63271846945997,59.640251774816306,58.43904635057395,58.475433630114075,65.93191130529999,71.97003826231918,70.57591948891601,56.87091856612954,63.089629267352024,60.14634750983088,35.887593741493056,34.412171055243476,20.086644503498277,21.27753482150497,37.03924558870564,41.36640170603166,48.2116589071448,66.5740666145497,76.76097733133253,85.35863171289677,84.14676219535959,76.9675278736022,69.3327044430878,67.8611225486662
2024-04-06,73.14236443093714,73.4351479184351,80.26371305807173,73.41065040502193,73.43092213072119,73.9016851817763,76.49727400398864,40.10188166173961,47.11705728064028,30.086046131311292,20.91182554588941,17.590570283075113,11.594187080092292,15.719995983666958,21.244051300271703,23.48436563573083,39.071010191318315,61.00424421578867,76.40886980686612,81.2432310351477,77.82328437451174,73.3258837632365,54.99941109789992,47.17719458686299
2024-04-07,71.94437012048745,66.92735196787744,71.31237917451111,74.86479744472722,74.50307819598406,60.93422409285766,71.02513479673982,22.61944278384921,12.716845706940877,6.031777568056212,7.162881962182224,7.228311775031703,5.934085391243713,6.962753290029089,10.130060077428315,10.143440759669641,15.290003305612554,34.86206161559535,57.523243629983114,66.17885416316872,70.28055215134606,59.16930912550798,42.22540103884921,39.654804243207664
2024-04-08,43.78736921738652,42.94468990279102,35.37506248354657,38.33470913651873,39.90074018796267,38.32159638000555,38.490730823006515,26.5943860351109,25.942364438069884,20.37021974250392,13.143429130568581,11.897785317969912,8.619599712358673,9.491023965005969,15.189134215280628,18.46857945390325,26.65759331598632,40.55406236304766,60.00307187046308,69.2457340249206,70.22522694633902,64.77241398941274,52.72929694697276,43.471975042620116
2024-04-09,48.76794070046328,45.76057655647443,44.75365824319928,34.92837394067938,46.968518483404665,42.790045899146726,42.262287123820286,18.36729867912557,13.799155935598343,11.940199082871516,11.472427355933554,10.287578746270167,6.113822741509942,7.430780151936436,11.518893580204827,13.108538707344543,22.43180773104888,41.99881911945073,61.08350168381066,66.93955062692888,76.03168105588911,72.82098315351676,57.834380572607415,44.09462490200411
2024-04-10,39.67667069031581,35.097699960523485,27.43552407041014,23.591566873765967,18.822634725961386,27.874423019114808,22.137756496401476,10.399486077082774,4.6429709048591015,2.877297885412739,2.7288009341974666,2.4309943294078793,1.984416342281968,1.9500287326600636,2.0235831705249234,2.5543357265593896,5.421078649593225,22.382051849882476,37.692175219889826,53.044016741747384,72.83004417648164,70.24666562060378,44.51342324861614,34.096656999558626
2024-04-11,70.92705436480166,58.79448312732506,47.24404350058663,40.03282293512159,47.995790920945566,38.50143929216954,30.730883278883265,16.02818785135701,10.584308207036347,7.216006744377916,5.254028838985688,3.7718869533136403,2.710266420984648,3.4485164702137454,4.680307466738413,5.325539813881942,14.826933864437866,41.67491019507036,60.355204722456826,87.34431954851884,86.91849918563481,76.61384528059187,59.68793314041453,46.41398149953076
2024-04-12,42.69447868712258,37.41477755885173,26.24086144964112,22.243353459737495,21.561242031697663,19.617927086115067,12.68461325697865,3.4896273791674117,1.8500683018379085,1.5881039051746864,2.1488504551869942,1.891013067037121,1.9296275760940833,1.7637482675717961,1.6729493066675796,3.5970294334199227,7.733850312566701,15.822545013009595,29.497345440890598,43.41043742225438,57.88621370876958,59.92640081273114,49.85916614544849,37.55399349184972
2024-04-13,65.30789538357978,55.39534792079174,29.473960582152788,30.19977383588113,20.450220052057787,23.406626485895348,17.403884001015097,8.08507466930016,13.873136332640252,11.440376134041847,12.128856955060181,11.235803849838595,8.538735461944635,10.354228935351554,16.370703808495943,12.199936128541518,16.48260004524434,37.10824446024201,64.51941892862773,90.32022073851816,94.40054920345419,81.1753788491122,48.663150754400064,56.89544942506483
2024-04-14,57.7209875162396,65.79623886260939,45.10777788929312,26.90731473496488,22.08550367243071,42.35923675700674,34.16956992356302,5.9954788585818894,3.296678733442124,3.538674287503943,3.18516451148392,1.9597735305569894,2.088845715998283,2.1361558554869715,2.849834228127095,2.4412889997225173,5.148004521011757,14.616918350547712,24.563347652408407,48.103449750503735,66.45552499446445,56.170595014620865,29.312637980361867,16.34649679967607
2024-04-15,65.93284244719743,45.969893943423635,31.537580905859976,14.742691890743394,18.3809341378213,38.87101282899434,52.60818353266257,33.271152357863755,44.65557503469777,23.892062469124127,15.555739621952734,16.749068623650555,8.500180971659416,7.250899150548472,8.012871539845989,12.36861254388603,14.41711948128113,52.82786446761568,95.45361475229274,88.51576125732832,81.10486622915283,75.58158956011981,64.85443470811389,53.428905388816524
2024-04-16,151.03675592535902,140.7474692910369,95.07953040029456,79.94398164211646,65.59521760568839,85.95469618503498,87.4053210373599,83.02641059790041,85.57413538773785,70.42961305469262,58.53876131743882,51.063666405259184,29.344995867524275,38.126829057428495,42.60869716591306,44.5628164121792,55.459817640567096,87.72516798693447,114.76278125342132,115.88193514089083,91.95007676474735,83.94275633077213,88.69904559269357,91.85801817767123
2024-04-17,54.11007107318831,59.97847028659386,67.03593863313411,48.40504811030224,60.4882901901296,75.7984903898633,77.96282410588435,52.253044667476104,103.97319330129402,81.25801449852975,64.42241426984745,40.24546949018324,20.991616344894652,27.38074230357045,47.69700409575389,38.125884804995266,42.20481144965443,75.52685084083855,80.31979118022824,92.37666931720504,94.57899160765649,78.24501030080243,74.78199317074349,74.20699745516663
2024-04-18,44.28621552215488,52.92427940545051,58.0028022813218,75.38494819373986,70.51859370382267,96.51789655467408,89.47727650015604,71.94425039319815,58.40242577609009,56.00524638920019,41.029263100015896,43.30058387242635,23.420856945082583,26.996083644149277,36.55324519485052,39.04792093114847,40.11913256641004,61.521367635124626,77.34980491396753,88.26044382981145,82.68765764440049,72.62637901736217,77.8540446660171,81.46597260573945
2024-04-19,87.82229854359075,77.47328302379726,64.91027793875872,61.55696757663446,73.5652051173266,114.22692979213713,77.21849823192221,115.76476278089808,120.03969368583633,96.56325882043127,78.7736193153807,56.15557833800919,27.311254911796606,33.49203579025449,65.99194197316392,65.12263522044324,55.81744967287263,75.24535171080878,72.94876647237353,88.674763942033,83.75580480591724,82.94906354946916,90.67336305127655,93.28729003297207
2024-04-20,74.48118983913812,74.51349635556645,56.08128601659924,68.14633225123303,66.93866290884128,64.39798830069884,57.20656126862403,42.87810016934977,38.83345398344244,32.82538776299522,32.16163418028488,28.378395270320233,21.946593453215677,22.940318687606084,20.822714257044275,21.19244519113129,21.056057269070898,44.27063196692291,67.90017248239842,86.91207267124244,73.76080835261844,71.49411224317129,66.27922134036962,69.2013047176145
2024-04-21,50.248169089393464,39.41943941243841,37.12953788193174,33.47611112377526,42.22589993844182,57.41067249118988,64.63055799254381,28.741987274064723,22.16496777821116,12.906260979256269,10.970554531557308,12.920097758273915,7.8137957760823795,10.115568870466168,13.269722202278203,14.368392025246115,18.96759096615224,38.96993747652218,55.76703361060475,78.20604054821833,72.81374639503541,68.01744031742297,62.18136964815735,66.70377116745975
2024-04-22,50.71443935480384,40.644650096965634,33.750677322144256,27.28410325309424,24.324274098188706,31.03841574506739,23.840246456033952,28.50959209945529,45.302432833529934,38.129383623456874,28.633645701009264,24.182955628546853,12.741680932543558,19.4473483326182,36.11318071178722,44.40783029088592,50.02507994034137,51.24631744344316,76.38445104722642,79.57123831403592,77.69868271246129,74.27717645425946,59.519382240914574,46.18823099722403
2024-04-23,63.03044080167329,66.28402795768635,71.83708434266654,101.43153783824141,104.13738808936398,107.19194183953846,121.69673941812513,66.5298919902421,57.5048676480329,54.53924451299213,47.41061557263504,36.144524917379165,24.64072534259353,39.72758156235836,55.71523051038633,35.845214100359854,42.42105141316791,69.8530259117485,79.66885461754339,80.02906052727813,90.11122205551791,85.70715882680766,71.87834651450662,67.81811979650189
2024-04-24,72.65960452754717,60.79132471130654,51.22704143099693,35.502028278151556,47.566950533267146,55.78913226906241,63.9171392649273,67.41908789298526,91.86467950289138,106.62168221298411,80.02304960716161,51.312924414349645,30.984499605736477,35.680232034971645,54.21921553869731,58.22091669705821,56.75310630517126,74.11519894600194,78.88356847354284,90.61417398634588,86.46795535246613,81.27438756448296,68.61135834259608,59.62563224068427
2024-04-25,77.50673744684339,73.91068762439917,53.76808713307027,49.88878318587184,50.593455215330074,56.9220482424736,44.59809626335139,51.69198364530372,66.88686383743932,54.46871532056071,35.781927847358915,38.609720311090086,28.955858572767035,29.351424813068732,32.22668407317756,36.75318225632768,42.95079818626723,66.12347388920207,79.84094693479767,85.61901902046091,85.05240013139597,81.26193233793659,72.07693220643054,63.27169437061973
2024-04-26,82.91735566070574,76.59043860072637,68.40504036211479,69.19488300355215,71.53509072995864,68.05010682718364,56.820020828934624,65.48534280352148,80.73358612065184,74.87721988805065,68.67233052435807,47.92571046662724,30.944472494213752,36.834189591852294,55.93965959334815,56.45897322535781,65.78365241624914,75.35635577944369,73.09623762623208,83.09249096417959,85.31725504162439,82.37999028918736,71.0314961003876,67.00615748044814
2024-04-27,74.28692382943159,72.47368038961613,64.48592190344654,54.42318101301317,52.39186949547743,54.03744056964528,38.238504190313485,36.99212842487796,46.88421939025682,50.62542224720169,39.7730201765082,31.251983014698567,30.265716803142553,33.61253866868585,30.318538382509136,30.263404182676364,41.64109580040635,56.171548586125624,63.42428677754399,80.17723329178699,82.1838069883242,82.23983067767836,73.49183604847377,61.36541624416199
2024-04-28,67.18122493915608,60.11200913655122,55.90875127917374,41.00723760334175,40.112643008681935,43.641694192484294,35.265245752201714,25.78919696573296,14.802104972354966,12.153452910341112,9.829726748607436,8.554152956753741,7.896781431354428,8.890968924441902,7.587756194710694,7.862719498486014,13.68042836347714,41.05071120916363,61.080085285447716,77.44386005335079,79.70474019842547,75.65214996898429,67.4180899497486,65.10987841798988
2024-04-29,72.30719366163956,54.96741676823188,53.05814971937274,43.01027160443196,54.714424584987434,50.9597147431857,39.69643365417373,44.25025132266818,76.63665192035882,83.14900876173347,63.04967501414072,73.99546758560969,47.94963630278073,49.48999659417504,85.12242184276718,78.34809782178036,84.6372493567083,75.9702412385121,77.95118734337619,80.67452908363666,89.29111777825464,81.68149836195226,75.90090703592183,69.11063493614131
2024-04-30,67.26733547126283,60.94895318265913,46.338303879908,45.68497138475303,41.875254799268816,48.49580517455221,45.45380433222163,39.80806325519178,49.81751081028924,48.9391328493101,38.573688185092976,46.83344440248491,29.274954479327633,27.990562972978136,28.97182098567176,29.79815959456065,52.17967434585658,56.906361170973966,64.68865341605985,80.8844171771928,85.3156046065024,77.42927996489591,67.18674571762519,53.63335525140806
2024-05-01,52.8650906134161,46.64126847861688,37.102877936810316,39.175666057823136,38.579074560767744,36.981903330902696,25.579356279287403,34.049837680032034,61.61358940598317,70.11372513547117,43.321333036843306,41.42529322578917,28.815491292963337,36.4127049439006,48.811335229301534,51.727557838267,60.88656120256904,56.33639586715381,57.02981626562212,69.94295001425513,80.27853384819755,75.44103773512464,61.57281833058062,46.10753059286086
2024-05-02,79.33468971976126,70.66587963753395,61.778585304791925,53.696428792148694,49.748903825395516,49.520986106658256,35.59082856336286,32.06997547896173,50.68537443646195,60.16708592241187,55.830064706763466,67.54402310474018,50.626660932914405,50.30953575702988,51.952896324938976,55.63304583241729,57.7017586511824,61.68500819977859,67.38075667626025,85.01904377816652,99.64550524335556,92.94642807169193,78.91088977517508,75.84160984279241
2024-05-03,86.12572652189058,78.35342191614046,63.330616014124814,65.10333815109476,59.798642292131404,56.98769308980113,47.21293667249866,52.138041553312206,74.98083313753348,67.89044694081984,50.07912212479011,46.91925400567655,37.428061547761914,33.85881575978431,49.16622315833014,54.42374230798064,58.72346691168084,63.83073217857675,68.53498346613374,79.14490798507661,83.77321587317947,79.8834829594677,69.7179728903974,60.51470682087868
2024-05-04,74.27288262881653,71.08226606613377,62.046277364240815,61.10943818511708,59.894605476592545,60.82435290961363,43.39149704501108,31.14334040101835,48.31717859446552,57.25688541212779,50.13391882376381,45.52207618263728,33.26682551346441,41.588653725958466,42.1776717361057,42.103110994424206,51.85697884039803,60.205166777194655,66.13176522452338,83.47140417196599,91.07401909437348,92.06425055118413,84.70439331640968,71.4225165042118
2024-05-05,59.73629560599603,51.72361683213093,44.258860703208285,41.23620240870145,37.46338354511167,34.01102146891053,31.152404452221276,19.734614446240876,9.963416880893002,8.085536740494282,5.81589454289078,6.360717790872848,7.667627757989583,7.545613373313841,6.5626565867338895,7.290734741734374,14.16363070475946,44.80035129116526,55.84937470690018,73.61712303553085,75.57171912545408,70.70869709921598,53.43041744146322,51.1045029859116
2024-05-06,59.09362041009265,46.85868665043671,36.53587318006592,33.43756698763504,36.15916761727129,35.86459800384422,30.863196751814044,35.20406600164588,58.609497216743186,55.44156117001082,45.577245416318696,50.35859498765761,31.232119177460525,42.399763569880136,55.2199746893774,56.97687129525136,79.42638789695042,80.85385775555848,80.16040109750656,88.96724736478053,95.43252924621767,84.62691305631498,86.05066768841587,77.04953669060203
2024-05-07,84.73788792071751,76.07036314180203,62.48432074011089,52.138728133668394,50.88752566540504,52.73242010436667,42.52320498163715,39.21833273662639,62.51428070718539,51.47844955065588,41.91948779641154,40.56724725166218,31.98211189387223,33.02255146356473,39.239306157111464,37.198401896427946,42.630066704711375,64.58900299744812,76.92683351832859,87.43263890148148,94.05634703542658,95.28663196525588,84.33878382294965,83.70875329600962
2024-05-08,71.56250351585382,66.96571471366326,60.55532346294374,57.08190244784528,57.535696067218836,74.64466784346988,52.65598446026719,61.88262384611225,101.89994772449165,78.42867294638884,84.27137438541232,65.08892754877733,28.213039521026143,52.90119224213918,62.21954043780544,59.79611500249775,67.05578389572491,88.11933640127637,75.68882412359618,87.32691621150092,89.59717062690366,86.44110622287847,78.3186838199251,71.41129590975123
2024-05-09,61.60499378732071,57.540311121953145,53.65238214884766,55.04177900837663,54.34000453955893,53.01584023920803,42.340444295649405,42.197358228042354,56.41937957344162,55.7890506309041,47.941813415633554,53.64939032930981,34.9461030663001,48.57422132262564,59.96833287595962,69.05538893559202,67.76119323822005,62.706693350901524,65.69353803224614,80.598204761181,87.66367924931478,82.99269986465495,74.36027411727066,67.60433993939715
2024-05-10,69.78905586720452,62.84909279280498,65.8305769734368,61.552518014394195,60.13293342673442,62.058696989760044,45.744611159850976,45.49632181040491,62.54657114322921,55.37442746793038,40.803255949320636,42.68294638215195,35.6461509049912,29.346881184151183,42.66753719889131,41.9238327678541,51.913036413886175,64.6277935937209,69.00672671814128,77.91016557398883,79.35171057136796,76.74877671681567,59.74443571891523,51.65568895153736
2024-05-11,67.07069513066571,64.29418562630107,62.253337601009875,60.41243919445747,58.118715845433975,55.34493987011712,43.60023495896665,36.251331939201954,57.92992955573491,65.78606810322341,59.41434049997742,58.16499729090036,42.78057395372414,55.33005691434345,59.75834768646774,56.58079257385833,61.3504344022234,61.29112494419072,68.28830124169475,80.54332980430516,81.67696713468784,81.13827788142174,70.58484025514689,55.93792450102721
2024-05-12,78.48934173518744,67.98051574211587,69.16794898071383,56.51274345912789,55.831388793434996,57.72924077906914,47.79323304761427,27.63990766863214,21.040224841255963,14.100591276736626,11.815092590940374,11.8664657024171,9.95298946570163,10.721431446486239,10.981449902472354,11.686352746714745,21.344648502001228,45.181892970514774,60.625358481090636,75.52390195441983,81.30413507600085,75.57373405239365,65.33996127128135,61.42246003249786
2024-05-13,78.49069694932379,76.16443610044715,75.40136007019618,77.4253370708824,52.20329453189338,59.50312532476044,43.4372516093174,45.421058517230534,53.835538832765884,53.72592597287139,44.20662660650746,50.16499234660914,44.97402454264249,52.47860952481772,57.529465322258204,51.167395261908275,55.63544973062902,63.125976366028375,74.2195343637472,81.00281198290054,89.30020510303632,85.83056064202144,77.481606071526,72.89937948094625
2024-05-14,72.24765824381568,62.63281734101691,56.718300702155744,57.600663960053474,47.80482445222616,59.68812216930438,51.45474960832088,51.10789012419592,71.00438845909784,60.51719464070879,46.21459421440523,49.337682593428646,30.627593146308634,37.32794148139824,42.64283481442963,45.28033851424642,58.81225450675313,69.15839876588645,73.71436194957323,78.78103620474666,82.64895595858131,83.68919764755768,72.17727924514897,67.20955224187155
2024-05-15,76.00117085209466,64.98086004041772,56.75121488346978,52.851354297436096,64.39732404335338,56.05443744379616,54.47773385023956,44.985581675428264,73.76984879870518,71.00557394562541,51.86645034754568,49.31574588926888,34.98567411911473,44.14562534051411,53.646129522704015,62.95381245347918,65.78976110125174,67.22224670292515,75.17319613357003,81.28109867414851,84.81017844313712,80.84293256746969,66.70533586658588,59.89884255127674
2024-05-16,71.19546493277184,65.36929692852466,62.60619370298278,63.16448333817975,60.419202807885796,53.23725856703502,45.44803842888076,43.772918945438605,79.00128647495522,73.97801566313915,56.14334103212197,51.56193984264064,37.938192814538255,50.05545947992451,59.53399751513043,52.39122107746651,65.1077895827435,70.82559585883962,74.46630863242225,80.12262185415022,83.40486962957355,80.67471356124626,72.1096335790254,65.60954380375796
2024-05-17,68.25326271640895,62.24988611854967,55.93632348572597,59.1025058615734,52.73749726286467,54.40074221885901,46.964617131481916,43.366844468464805,66.14931718149667,64.03246183920106,50.62243204609096,50.03054262911703,34.496187614984954,36.512718275962115,56.03571567352845,63.42523323573327,67.8744869161628,69.9372627782478,66.10997677157117,74.97466410362921,75.09757119106077,74.41222911637811,63.703405136162864,51.52273406210281
2024-05-18,81.29470606596502,75.24340537242875,70.55532306330592,66.06185691282445,66.70091954594112,69.8764299391173,49.8592039778124,50.747828848628,68.33834689659102,61.93982867593557,45.97764289180632,40.49672675880936,24.834738103625657,34.23371346136922,42.87681594655474,36.605209277366214,46.56494718995991,62.77148840763799,70.4840296561515,82.1012857869688,86.88113929047627,81.48117116821487,72.19837909619078,62.5181480067764
2024-05-19,75.1969366470951,71.56478058565789,71.39215458581093,70.86244135944266,75.63897432056902,79.29589116785213,60.00210227109808,29.15698226872833,24.388503457498583,21.127651340984563,17.819793554896243,14.148881174178813,10.183739514866598,13.467930875875526,19.41045985265446,19.140487102347016,27.062267850733104,46.95389933686297,59.33462233576356,72.02270230623151,78.60467648827493,75.11136328748007,59.98347314950682,52.5551835130551
2024-05-20,59.29370100874319,60.97624053210301,59.33647017690645,54.008882501537904,52.76959240119346,49.0487158953382,43.48461243484228,49.76906660050004,66.1131352498924,68.57533749770732,56.26846227361328,71.27467818984245,51.73283570188871,54.68594894305358,69.89833675779066,56.14587394483173,70.72881449365424,76.57486570129511,76.96366648339337,79.12350204322433,83.03162839102099,84.99819474313986,82.12896632658145,64.89386869019184
2024-05-21,77.26372372528438,71.98780260498314,66.18560076993371,57.534325061761386,54.49597831011839,59.80585281513116,48.10413218057907,48.40485286828947,69.83353451125043,62.936113864268656,49.28502128667143,46.59674274094889,30.987224987101676,46.83837925681632,56.42240115470155,56.76473739859799,68.01474472423811,75.49067308582802,73.71776154456137,84.64165674504318,87.51019714829094,84.9907096397666,74.05455395172939,73.43380056475745
2024-05-22,82.69696698169787,74.21019441795694,66.20037725196292,67.63757437378469,65.9792707439969,70.19922313203314,55.980325972873864,47.397230629880085,64.76495644367677,68.46872035711984,54.49427348223784,53.13646153064384,32.81440504690181,53.642922325451146,63.161287831027025,62.55741192715655,69.63617877582689,73.07590192460323,72.24191820718987,79.29370939172165,88.14371447040965,85.46706893041342,80.46018307666947,73.1470339590093
2024-05-23,76.15996169980887,75.08354920689943,71.94623036914709,73.38471436526932,70.42507804364325,72.55392754769476,51.87718985023724,50.58328389526005,57.09628396251525,60.3462409198102,50.8557001190789,47.32385630082332,38.484560890231414,46.18259674405115,56.21724501785045,58.11759476608932,72.06928752720462,70.0036050993428,69.11163782410432,76.60562179599864,80.49881069798228,79.75637334131267,72.40296257601558,62.99027052321976
2024-05-24,74.39419036713008,67.74084920027654,63.03314102697018,62.387828681433426,57.69367857484456,57.59831730098793,43.409631439055886,45.042519404350074,64.29311992836993,64.86863015421063,58.21878005184046,61.477067177902306,42.75236761103417,40.307029868797734,63.79875198741671,63.293405543655965,69.05677392775904,70.1978862568822,64.7421777803169,75.5890148276818,82.15347068386203,81.50141835889144,68.2173720883966,61.69648880073278
2024-05-25,79.60207202778112,77.5996443349314,73.12015689211762,76.49366140986938,73.74731350305476,64.74587054788947,50.94136224211606,48.35774509354629,55.96390470361159,57.90614510051354,47.66078962384678,45.958928599747324,34.272702263230386,31.05893731376797,35.68615697631215,28.838516691961278,37.48130125643247,56.01900943129833,67.10576499801878,74.64716001492995,80.22367452851967,74.18399505532335,64.70310996175957,55.707530200320996
2024-05-26,67.72461052772046,70.35771188564017,67.11563831933053,74.90148700070594,66.13830871165572,68.95204450081866,49.61887408710172,26.763727609700922,14.29167672657659,10.44101122629581,8.703137380566423,6.0795110469373626,7.152450940727491,6.153445229024579,7.113824089643602,9.642493902772497,15.9969900118907,36.05786852493601,51.505253757327885,64.85366850592655,70.83223327145411,63.385247238483,52.9458574670438,42.829324780958515
2024-05-27,42.00822640349169,36.65264523926586,33.184235089065005,29.196059608815283,31.53052821122224,31.65055964539379,23.025192272052838,24.210260499431072,28.981434538676528,28.13122614627627,31.41083824219724,37.99092536824156,33.90391600390681,35.00388862913998,38.4867057907945,39.702752422116,41.22768721191268,46.014865046570655,54.35411066466823,62.19646328692551,73.80744343782703,71.81570223790392,67.53884215836709,62.46970548316431
2024-05-28,87.2060620004419,83.21686958118289,82.97133470846416,75.8637734787134,69.16269565092924,65.85930009133426,54.32016725381344,47.54762932346476,57.45975496714171,54.20612374775269,43.450725302822796,42.187675270246686,29.083073099573216,31.320235584657702,34.95126122001699,32.045512585330435,40.44624970441515,56.622809951660244,62.77490612939488,68.16558707289934,72.69057230088232,73.90007498645723,66.8158241883718,60.18511330928742
2024-05-29,74.53253669005294,68.4813559085195,64.35098189845787,68.75487260173914,64.95246492216674,65.46539494781403,45.58991312731488,48.089769405973605,65.5282023472729,58.15284755668652,42.83570556239304,43.705617399597166,28.77020653906751,43.04709669699112,53.46224588751559,48.09623094358846,62.51830328235935,68.55844981958263,65.2053696104706,71.61935708919788,77.15739408606538,76.98453083670772,66.4349491409384,59.58686059235058
2024-05-30,65.85831064417786,57.81674193526075,54.948902436050965,53.99304819773092,55.94682954224593,55.42057234378214,49.49124218469539,39.36148539407159,58.66833429122099,56.18371835745368,46.997556745266095,52.47450503628852,37.07429518255765,48.96148619159266,61.54496334032296,57.77490051333436,61.74780400985111,63.60177497159143,63.75000783159293,72.0199604530429,78.04409307669894,75.52566110158793,67.5972468174947,66.97252268489936
2024-05-31,75.9790959556389,72.96569926628932,81.75764808385244,88.94658342948533,80.9002061416809,81.07523336601632,63.33624303629113,59.79213530011856,70.25517811177883,69.05128042356762,55.70186891164077,61.003383284783055,40.91743996824359,41.759801032520976,65.205670516053,67.71580717687634,66.8412117898782,66.29214310096863,67.58095294275124,75.59421829433964,86.71659088873766,79.72262070378558,74.55382375115191,71.09648169368896
2024-06-01,67.20482287236595,69.4085514212068,76.54964951136145,65.80251586408681,73.36626870513064,65.61380079644674,54.55269949325145,47.840974637370515,59.81948552822302,47.54970731264104,39.035763464424306,35.192974840257826,22.759642073697,24.99813675994778,29.477512976649294,28.919669253458988,37.17005410908355,47.32685896667331,58.601568207401826,78.21089881278961,83.35874957975945,80.20756052635284,68.84792206490955,67.76438060480413
2024-06-02,78.02519343045633,66.22458145913937,60.562091884611746,61.79579681320566,62.32013237328851,54.48038343704023,49.38845689748582,31.141158162695746,17.606361085462297,11.470007103113701,8.67528937350886,7.559722369063218,5.053289355377392,6.045000339200067,8.205237378590326,8.350446865173957,16.927080571778014,41.10514078891913,52.30638976196311,68.64652744722171,71.7300786861612,68.55162713113185,56.8890934332421,51.94455443208778
2024-06-03,77.0499974940044,62.850621153184946,53.69700631961095,56.93700085873056,59.28240915233275,65.54757415910645,46.62976636666378,68.335451699231,91.29761359918253,91.11555072754369,84.8647825022496,81.67790657129909,47.31391302432179,78.98571349261486,101.32329854585898,105.66596070785562,102.06621465471535,89.61068873551321,78.49942300784573,80.05217606426537,86.03828238853079,89.06783253636507,84.33405674808544,73.62938420497088
2024-06-04,74.9231092909548,69.79483142821724,69.25022581810853,63.56283377788295,60.72997448063533,64.01335547641129,53.27849503144775,49.6816063996704,69.51080549686824,63.200943422302025,62.319654252829835,60.48420527748551,44.98959963443774,77.85577717915056,75.16980287757757,81.42684281129681,84.47233633919839,81.62105997243061,75.46894081428812,80.8565541840875,95.30592960070504,95.64299745305675,88.02964027605033,92.56197805987489
2024-06-05,77.11425795474169,68.06179087032992,59.119516377453586,53.96551203703682,67.27151051537793,54.57897280188274,53.6283974486353,44.678629370267046,81.48337027295706,105.08141176790481,101.87714479126086,106.34680933816192,63.29528327195053,90.97282627093509,134.358096771332,124.70438262073867,120.62403318882134,83.73460652698934,76.08183762227112,79.57948792037747,89.83070066354477,87.06432324020503,83.66064167946428,76.46499037964998
2024-06-06,77.54988544355528,77.44970351828381,76.24529251351723,72.94356362717882,75.34737965645786,70.4964054567869,69.03345615376517,70.32152490107603,115.18684402269622,113.83366758061885,112.78092843687487,106.5024351164954,72.10118320586847,94.64897675070466,115.14217112726838,112.70939137740868,108.09304709463963,91.668765731995,84.6864302678307,81.575747664935,82.91481020733634,85.29525694995954,82.03464986675421,68.32377447100306
2024-06-07,83.03133438277784,78.86554567185732,69.88976221689266,64.98698825592517,68.47005992239521,71.2997376412125,64.44253240619642,64.24086269687433,91.72722745979652,86.34915426492243,81.66133422025408,75.58588860929085,55.583221077683376,53.98988145195025,83.3561277365199,87.57200177762276,83.68000529361933,89.31482971178612,78.86842616476075,80.57444116684107,85.3744852744938,87.34683803242487,81.08045764858785,70.94092115608203
2024-06-08,68.03622311328085,66.66537763779911,62.4592984783244,58.72561223625978,62.02434452710409,61.50244508945346,54.39684734620793,46.91011561245883,58.57564110146426,59.35025588956675,56.00405563237235,51.77583399288421,37.192570103041305,46.06410118969552,48.32452872877985,55.728888795416104,56.11612342702646,72.71376550331377,69.59707558596139,77.15490028725662,80.58029632956972,81.95121355288707,69.83553747885801,54.91299687557362
2024-06-09,82.35961128233188,71.84486191195286,62.147679392389854,65.46255140970834,61.57036092542145,59.40164279277268,56.279255612995115,27.67471819136357,15.78784814466627,11.15981233822473,9.06090386413966,8.424732349486886,7.506145662771326,8.018478158655265,9.450672699405798,9.845823894836784,17.11939508568168,54.478250923509655,67.13990721710664,73.45670072577533,84.62468414511635,74.72169498178691,63.68760845622542,61.90748238411186
2024-06-10,71.98364221388343,66.69169574006592,62.158823607060924,60.83893975109368,64.26859015043928,52.3001399053569,50.54086596273974,60.84135733687562,85.64721970978121,84.67273508489197,91.87649903792908,90.23133028806889,69.73637676358129,78.51975339366354,93.71154020078697,98.84674009709795,95.78164294622488,91.96527168183928,79.1643020086857,79.15912434262523,85.63200079392014,83.16821242010177,80.0684247871445,72.44486043883447
2024-06-11,80.57244748540835,84.29609168331626,83.22590916528071,81.04188745353864,81.40953820081084,83.36832770094415,63.5214784161261,51.89896523815859,75.77075834636251,73.68923067173105,73.34843706232827,72.31913355737483,61.961408368354114,72.47766965802543,76.56138528743824,83.68276444120785,83.24875783539535,85.99004449352996,85.85543883343863,85.38276050812532,90.40013962190494,91.0584439885578,90.79687352920256,96.69620364250952
2024-06-12,75.2446865148612,77.6747646291792,78.70700238611522,69.31328470414796,72.47886744901474,62.35493149836354,60.466299130800074,46.60139813079896,65.26127623990264,57.21872209061374,59.8860927681426,60.83029740611499,51.48531339443463,55.059526810094546,62.22502409166207,67.58170638767793,78.52364207927081,80.69243773675153,81.55874276248042,83.88490304925706,87.84184722792904,87.0799700131641,86.68348448311878,84.44734642909661
2024-06-13,76.9413210638882,81.64195539331739,78.46684665030374,73.20109635703483,74.7417142238028,75.93096155999696,66.48414052434427,64.43337754921052,68.3328128722859,64.84508303068212,63.60192664601049,65.8907458440871,57.61261936873488,66.3924827097669,71.93136844869704,78.47656261798426,80.5402849348465,80.3098327109655,78.63302809134359,85.2815627696813,86.6254316169636,88.45955807695995,89.2841515562669,89.36855502777489
2024-06-14,70.00425632667262,76.02970288589322,75.24162126025051,73.87307633132612,70.72338469073473,62.93359473857381,58.365011231151485,46.45108669344606,55.63803891395077,58.275191663761824,64.64072577843237,65.99096328245643,56.13943895504807,48.90543192931209,71.48087888011725,76.16520544043335,76.59080401972848,74.99131153717914,70.78096926029434,78.64841931529297,80.34703672907152,85.16340928678618,76.03353817214575,72.24133430170392
2024-06-15,69.4589489860363,78.1124308777516,91.90699462694974,82.42786783165958,78.93465684794731,80.21289791191974,67.60494363802513,42.299067063887314,45.14909130616472,30.018761511695217,21.145909276104543,19.107113601313216,14.36632311536368,17.373149432336113,20.09012581842418,18.344134754931467,30.03646352199978,66.69086492296296,79.8032982306613,81.38304247438585,84.44871207555612,83.26240122318339,67.00300858373299,65.41682440234882
2024-06-16,62.47686150754505,75.23511827833907,81.00395729424669,78.55209549163372,78.97276530316827,82.5607299178138,49.703401304698176,17.647998460487496,7.184507193634524,3.173513876373946,2.6357727880154935,2.265255870114076,1.7310314003261942,1.8295391168820085,2.6051938566734907,3.748310341780048,6.734673504288896,30.07151936917573,47.084332270493384,69.33186275495441,79.69068460479149,74.44928210629642,49.172450196089535,48.73980092711096
2024-06-17,50.015326203699665,48.052148782723876,43.3151438356759,36.73935475886514,29.54185295027032,39.97837594615595,35.48371781101793,19.627917174511982,9.075147673932422,4.9153786348080475,3.1788413140953113,2.397772616113126,2.751579960953959,5.29403107802918,4.208914886245266,4.905075058355685,8.839303827082325,21.47061668820462,39.882066764754015,64.52571050623891,76.44205527558339,66.37200947821465,69.21973330626301,67.05282406722476
2024-06-18,53.48983530568316,40.61010817885222,44.08761313532676,31.935746605283303,32.58238470573544,37.75628175551013,40.572214485565766,26.07659078577299,17.38794300027531,12.294245226468036,8.247712411836785,8.988424250125213,6.6605318928221084,7.644723769398888,8.6258918825057,10.67707974047858,11.183820062678395,26.029030220072947,50.295549321354684,67.21851322823383,74.66487065823296,77.100752029698,49.82858861501759,40.554525003957636
2024-06-19,55.92703833104403,55.4005376666543,61.68618842198685,48.51569337125695,47.030094614565506,56.02307564625596,51.261420764597524,33.36657118034323,14.722335987034825,8.178261520349599,5.976299663727644,3.915229609130479,3.461288085045985,4.999718143236043,5.544539230773229,6.492569457928074,12.703795324225242,35.61979659778652,46.12357938896898,68.58625863138478,69.81807746445726,69.35545194274373,50.220695111629865,41.201344411809345
2024-06-20,81.6166602548947,61.01519499617439,64.37391784675624,42.29168003528979,48.23200049942891,47.127462568691584,62.642228553196325,67.5610350500874,46.52036187499982,44.786229880314096,53.88959601400525,57.95759760790728,56.01600808689874,77.6778775941104,62.97427026447511,75.01120249591781,62.89242472985324,50.562109809905465,57.78446901492562,77.59554168340136,86.10401930722847,88.91458423313757,88.52761595335804,80.12289977092381
2024-06-21,78.07103691095038,71.51605612725568,81.02579675499966,77.27535147388805,69.8150122810804,70.2895680645814,68.7721636501819,54.598290621184866,61.641150038090494,45.52663447219614,51.875436756896576,53.08670626238405,30.469158226893075,30.060315044212338,62.36994372493422,80.57083592239437,91.30272353443794,108.26429571815791,86.8392672835662,89.00379549575004,87.70729005465851,91.97212752221616,82.05406348071381,88.72549856377
2024-06-22,78.24714307349339,69.01827179745307,76.40914504970455,68.87611741429613,72.39697914353543,78.70330837349242,59.61180189113952,53.87267829395886,50.95958115731561,32.51433072410609,28.6026011283743,38.30461576244098,22.595583810455558,35.06936085939144,48.65689672353121,43.89614005158146,61.774518705934995,76.97784744677728,79.89832845430833,91.33638160848558,89.82909951823915,89.5275388035978,91.16358515434526,96.2750573150548
2024-06-23,81.56800669511529,64.49102303233411,58.992719028652594,57.58219098462775,63.29076267649193,61.64730276013468,47.873521514385224,40.23343457682713,27.339844438960213,25.353888563465322,18.85044670386328,12.676110791753484,7.482377118383192,11.58526701710509,13.502435766724961,12.314757762910746,17.422486512865188,39.16713845429464,54.14227799853614,68.09793740442956,70.06341674511685,70.28971698012596,55.8514628995628,50.56383501062642
2024-06-24,82.43525790686019,76.60983063419204,64.53784749570352,65.45199339968799,67.29518272819847,72.99459346179262,57.51205201794017,50.80673329746062,56.874648992217274,56.61990150671256,46.00827398795929,58.76996600890433,65.79106674109104,65.25622046228985,61.726964878618595,49.65807144637972,67.54124650602957,63.931320036133755,75.69566855006019,80.17867154208466,81.2416930284382,81.91804678836813,85.37719343830658,98.36960102721117
2024-06-25,78.01987271440777,86.8366858651167,72.43154424838902,73.72630707860607,70.74331220906312,77.79245088497358,56.6522282514136,53.14786374372907,70.21691960954979,76.57927964020784,79.11879390974987,73.67430204088768,68.4597861590166,79.35299434786786,67.60815212090412,59.42683021603769,62.3862058146995,71.12597752835148,71.1566240943954,81.4435667386811,84.89208901675705,83.13324270070318,85.51513792554641,92.59338836223499
2024-06-26,79.6074396455776,66.3779242729983,55.372715903955886,62.691251657546935,57.94987256150055,49.76239544352652,51.7063942056649,48.391088705874445,61.709656730380864,61.214683893921936,52.39285608892315,46.902341725515676,42.042465006229904,51.687621634347025,47.40966263926253,50.83808253049741,72.41985827143746,83.55273055593909,74.30081860135306,82.20200159634376,77.77590858382052,78.53906715985526,78.53533820651437,74.5194464454031
2024-06-27,80.61819775397531,83.70263512602092,62.89546183920877,63.517522332283015,60.899074878003304,57.971801231569,50.735856258274886,50.666511167381024,77.95655681135818,63.417834253726895,69.667329379026,69.67947705802838,54.07625632352445,60.123220896562316,68.38704065795434,69.63750536097967,77.6628152276558,82.1666293264211,75.43083065021577,81.49813356006317,83.26380552627981,85.52575518959806,70.57686135888335,71.4319016812924
2024-06-28,80.57712419294964,90.30385565845688,85.50431549572171,79.83376855821876,78.17312124473483,79.2066768397044,62.6001523787902,60.452844075918,75.74317882934915,61.053907250252564,60.594791364478255,56.43126615454511,47.09564954069683,42.98556421405452,61.87071403395031,52.97563677179259,63.066369340269375,80.91012510197245,73.43922871828214,79.8351760785531,82.08104641154056,84.90182200446085,74.59112875596394,72.52832829948674
2024-06-29,78.1564415534416,76.132348057045,71.02874504763626,70.25230884683386,71.29727195122064,62.64130324832247,57.04264059508762,39.971365856473334,55.795994251435665,48.01305785998281,45.40104877302969,39.15900516473902,30.783277889005866,33.81833837009393,37.65823017418048,35.61612290448072,42.815593470321886,64.78570483793595,77.1555184485226,77.69370552908573,79.65285599686811,78.43077110246422,65.2571377610169,60.33152889007405
2024-06-30,74.77272952323098,68.45262166601273,60.65076704165703,59.19374076629964,63.08676621091963,50.580196466345555,38.51414118014941,18.816009810414172,22.81230091526512,14.207420745017654,13.98574325899253,12.925268662121859,9.8574993303646,10.841685007178123,13.72078213749277,15.03550829160376,30.393668522203622,47.05452700964629,58.6943575066789,71.91354619439693,79.35523388699654,77.83391961056488,62.18111660109387,62.26520006460779
2024-07-01,80.71324968720558,73.23158587008591,62.453654535391706,54.03519089386969,44.56067687076765,44.1703545147753,41.82811545311287,44.96566944137401,79.54594669850859,62.231035736376015,69.1940336583848,75.77352273826506,58.93710717732775,73.9950883636228,92.96821372093218,89.3539072125366,105.28975744964141,89.50358552574296,79.0446923457008,82.31756032399562,87.30302478407978,80.79154081117287,75.1366538201789,57.08977506027686
2024-07-02,98.97541270503723,101.65859213406723,85.24158182854325,88.25799265346122,100.74486620668156,76.20773654914088,65.16592898037918,47.80170750974348,73.69610024405097,81.70246509869494,92.32955241786128,91.54626469824575,62.56099642156528,81.19650160926234,100.14423727778008,101.2008899563392,96.59154513224776,92.36262287385252,99.80026665603165,88.2652692195758,91.00683371751,96.69299342369636,99.9254090900008,103.88042592346282
2024-07-03,90.29602725319354,92.73038791902889,92.16957286694543,91.97480728956484,90.44808350237541,93.37218123603947,78.05175707998245,67.88829411542365,72.5688529791543,69.28620311155203,73.15554474699003,73.34621316442372,66.47551801063206,69.96081377640927,78.44962389391402,81.78793408891433,105.43748065792545,94.63621968124347,94.10002661039812,89.80659489397054,95.86256098118291,92.17013368350011,90.24395282552851,91.98869624665494
2024-07-04,95.00600832366803,89.58442114784724,86.10305542060276,84.72438394706538,81.05979109573025,75.32666882716141,63.01764753563228,56.33951639678491,74.43656159571832,81.39547901827248,76.66443038372542,72.82345866695343,56.14985685440564,61.8425355187625,80.45524381490591,79.6534932230255,86.92782771727056,85.19879907631436,87.32798145232515,89.46061291991207,91.6778623067301,89.62298872141373,86.59044411051686,83.15529259584147
2024-07-05,98.7584467360772,101.9974576327123,100.31617778185976,98.10077279125666,101.04393377697754,96.01035090564145,82.51190103570482,82.22061360838987,81.82503314576743,79.50195981431125,81.71492712237672,82.63856706255646,64.39778537269243,64.42222326143307,83.0814019094469,85.44992861561528,87.93680459426929,86.05533541161032,86.9061717237848,91.31061668301086,93.13594910788603,93.7283085755572,91.69144322941617,90.65459515862568
2024-07-06,76.9959379909247,73.49974275270215,76.06145303692938,71.1861220778827,71.14917778841783,68.29329154254224,66.642039091195,53.093967451049245,59.96671897706471,55.55610799198922,50.722100172845046,47.14070758002776,31.293887824678023,39.5561064216891,42.57239580999429,38.518190960926546,50.44878843410156,72.26238624457393,80.34078272138079,90.16928305536584,89.053950524183,87.49900339251678,83.86294871856084,78.12340597640693
2024-07-07,77.5429232380611,64.83514703600274,63.7846128013277,63.806200812048964,63.00947283373465,59.98072879388471,55.07641361801062,24.11645084047683,15.16272574799317,11.90727999472875,10.515928088086492,8.78376146226982,6.536756207425003,8.971540311908653,12.9378629800293,14.92388435743564,27.0670461275477,51.98809260475944,56.10750504939727,78.89098531072901,83.515844586872,77.53985295466893,71.1849286157375,66.83744363165033
2024-07-08,78.3754452448537,61.11008804725848,53.73997570498704,49.23634331331691,51.58796367206779,49.01828919553655,48.10770580998205,47.49751771241109,80.23506402374167,74.54613187669649,67.8958856264998,69.43990064186127,63.35799198521517,69.54580467071527,82.04678490023704,81.12088765101686,87.90821792958288,77.91530156343023,78.11492430478239,86.20944525883388,88.5892639495175,88.25755938489404,76.03982535343832,68.67844142032077
2024-07-09,84.87272870845072,79.1737848239798,79.18964206666848,70.42109461070099,79.2583847033929,77.09750996519841,76.25085275449838,53.07821598122542,81.0872894062072,85.3650157474872,100.73116590683483,87.45894961020583,74.20390398021868,105.99602684314237,120.8711827176183,119.800295737593,104.09167732216079,90.47364427685024,99.44789968243917,100.87734514134313,99.42139667074304,99.28600078099574,96.97413872374256,102.80465653804028
2024-07-10,88.6379616453677,85.25134686893476,74.55583584415191,76.46336162969537,75.7223190069921,66.89680555543273,65.31269580104936,65.25081217543652,99.32251620028917,95.71563641255192,103.2794108523738,98.08219890095464,78.00745674794254,95.1481510163905,108.20935972779299,99.83028566956577,103.63632139929177,96.06380745804015,96.30751517732071,93.22332631706117,93.32518775682048,95.54107979676601,96.76862980198457,96.09898616203718
2024-07-11,90.14765970885173,83.75896427989103,88.77611767259226,87.1092231637476,88.67419184344666,90.8145904748479,76.25472582520663,69.58372191749505,96.68569894336662,108.03520654145488,112.32720322779173,108.3569399554659,87.86891251856376,107.54794773692284,125.08671661463423,121.4416989795874,128.0858600099411,102.2531279869526,96.85839217245694,93.84748720597845,95.83589174133886,96.44534470900619,90.2763310833197,87.40080836636803
2024-07-12,89.30858916331488,88.82140436481825,83.7974920368782,78.62725694148926,90.14672561511637,81.24828179797963,72.64684647528128,63.74344079397152,96.97016398136506,98.9474193745505,101.23909202006514,100.8836354946402,79.10053655924055,68.93321373423504,94.51874702581661,84.67854453385715,87.36011532996994,91.69035182437253,88.3561679072837,90.60465851423497,92.42819565260466,91.29119272898069,92.03629977052456,89.3458561304874
2024-07-13,94.89664423179674,88.52516174513863,85.41246892120678,76.93461837299873,76.9063043318339,77.93881553129863,66.34510343233681,61.689301611913066,84.23447234518432,98.27333877432241,88.50407329188003,85.90133990491628,58.12707809281842,85.90326375685764,81.98743391915004,74.86119519570822,77.05799551560827,87.23184902587857,87.72310925710698,89.09188850771652,90.02439172458652,90.83611341239757,81.699389389834,71.84518285551654
2024-07-14,91.75457229184485,77.32165356937239,69.81431874547677,77.03779045521566,81.2344234766348,68.82478453833055,61.79783714007171,38.59471223200296,35.63967912836143,31.33351779220955,33.87641019294985,25.96291728677652,20.988698404513404,30.94609158354191,38.52020421207945,40.60542015961863,58.212468342129,65.72168503432182,77.14131027419904,87.10077210516727,87.79569740890568,88.1257795872036,80.22168852366246,75.34264874280669
2024-07-15,90.48134058029565,85.41332502854503,90.37124047422066,89.1947672639262,88.33186250109743,75.3898941575129,67.81241597296612,68.34003515673595,77.68419966370685,85.80245156577203,74.21535495084427,64.2581666298001,50.84494358044117,55.90462421246282,78.00310186928455,82.11640354028586,89.80389320991301,89.15112937248082,78.45478593074428,83.28539706167228,92.39270378992052,93.61038875282487,85.63786455394592,86.43467689897977
2024-07-16,96.29482566788062,92.63751802394411,88.79991764028718,86.54346230385737,80.31394529089454,80.98157522654105,74.4090658205082,57.426945995368,71.64608840033178,76.36559303937572,94.20407625665634,94.16495296607489,63.70256445119928,103.13494393448694,97.99125944513372,98.48729869413914,95.44231569051092,89.3372375331536,92.2468499665001,87.28249141648521,91.66589497248799,89.70181854757044,93.89609924441709,94.64701509937744
2024-07-17,92.96010087583178,89.86491337916493,85.70243268403794,82.274651981993,84.03547365335761,81.65545404942283,70.3396172863156,72.85767699434223,102.23367691989492,109.34947817521166,113.35345336964504,113.00849451428499,80.72352986245227,101.42174837926518,119.7800239849329,121.69345706700258,138.99441500048007,96.59548576199568,97.19256204864622,94.51448136421321,96.21150110685285,93.87322186796996,94.16887205303162,93.35282371296704
2024-07-18,89.23522624859228,88.60893733696079,82.49226796275981,74.66016374793297,82.20894846590282,83.08342836827808,75.38858594880539,57.79047387094144,86.44275092212744,94.94352186516777,93.57209642039273,92.84159152950491,79.61926109161499,96.24247695124976,104.66253519853603,101.42223701788674,107.28963532982057,86.21686287828332,92.8949057528281,93.69718213223852,94.26643555255647,94.64533854129755,98.39467694249076,109.41392907664593
2024-07-19,89.3557893484375,86.14807224472345,79.76755689636323,72.54013001059434,74.8905287813228,71.10675433263127,62.390860579701226,59.01566188938527,82.02301906657193,85.89499672424563,88.16950052512391,91.17332592076598,69.4518193023059,66.89813012189336,93.38363116347814,92.01907902746737,93.3865585066809,87.0713757784832,86.6571312697472,89.12071811861,92.17617619679878,91.24156398083997,89.55653352001269,88.97605464978261
2024-07-20,91.22220765708225,86.66533481637775,82.16900621567602,74.69333558068729,80.05235988731931,78.27533716003896,69.90820285922022,53.45380161136614,78.93762826893418,88.16586390820187,81.49354894008562,76.79050419387383,51.58118096583926,64.2737137637706,69.64489412494417,64.77722002080833,69.57728456590942,81.03080022293878,83.86732467315245,90.06638738867119,91.1895218443775,88.6406415237652,82.645171601156,77.42369057914524
2024-07-21,92.04716908521014,83.33649232015111,79.64585399302116,78.78004025771376,79.76854629390593,73.03353642843408,66.73724679858246,44.087778570253214,33.27636087425405,29.04165056818426,27.132490392777537,24.0785479502369,20.079062177095146,25.022037034519236,34.46189919704197,34.45339066163549,54.67853622514137,69.480259314189,78.18459693029813,80.98991152097096,83.70670104638442,85.10897072409203,76.98010004199787,79.15439155399595
2024-07-22,105.43712049905794,99.17645303328146,91.15839299042948,80.4206976684325,85.98485219908704,85.7243158681035,82.54356182413036,96.51565107870549,141.9623873889287,154.30751477896086,147.4852319770515,156.81737823920525,128.02440000566378,131.05831125764468,126.99858238641052,119.16729161541875,126.00129908953633,108.51438471745911,99.53397899850158,93.1442799425155,95.4935387345649,95.19561098899825,99.10854047429508,96.92942827235463
2024-07-23,98.36529837281174,95.698709495271,88.67951601657805,96.19346360553416,91.55001897054508,87.78539091102971,78.89078586378969,77.89714315473047,97.89777348619437,113.9673180910269,119.20879644377409,116.05292996417552,91.04661953003053,121.98864483149646,117.7019982226061,127.6508313279446,118.05443996123037,98.16749623103864,91.23331324573903,92.85989246794415,95.10556650199244,96.43726546448848,102.51936922349694,112.33110432554402
2024-07-24,90.90044295340918,88.58189182471908,91.1907326413325,95.69921217699084,87.20711092471313,81.22160377421544,74.5392830110244,68.36395706511215,93.96895085378118,107.87682342548553,104.57579385240606,98.7404060874805,76.40851815287266,83.62834746285552,98.88753657044104,100.07076731882637,102.86913961541748,92.46592719519805,91.4413174239555,90.52046884024719,91.92641577180429,91.08683153076957,92.10174809418818,90.59036723035993
2024-07-25,94.20998991527541,94.04832726811247,85.46543674279395,88.58762046786696,88.07830175557946,78.71753819291045,66.50517912406035,57.132275320219556,77.10534823194934,82.86906593836405,90.72345163505405,78.55637342400597,71.13479405483045,92.76750967132578,99.61821759766107,98.37946976896002,97.30539005222333,85.91884672705635,88.30671812808015,91.40299177665122,94.15501494130453,89.84649514065566,85.95904745603393,87.13970865996221
2024-07-26,91.97316562790331,91.0254757662751,87.66649079837383,90.08340391149672,83.86446583843585,77.31334540709187,69.36219451852845,69.30749392894293,80.98248501308024,79.02293145486121,70.4819183635643,71.4480214752619,60.36264824352638,49.79420901702533,72.3330305865061,63.54266171181524,75.82890943292314,84.0711973694898,84.77884101587544,89.98383891063457,89.882759237314,89.54562741909822,89.16073422912571,87.76067063875507
2024-07-27,92.27598912096234,83.00343691468306,87.21863487422729,78.25855296750116,77.57760256174977,81.03999013809181,71.95568536814926,48.83058144267073,60.167675713864014,56.177069671010365,45.76945770560795,48.0074511282925,36.669238048486015,33.53736029446625,42.89663362015573,38.39627941677673,41.88326065507825,66.34788112759922,82.37514564952103,91.75210289410609,94.49021882366723,88.28922573397233,84.15427196232274,79.20077294079512
2024-07-28,94.92780462343657,86.25919171289833,86.90335237489552,78.00267710950806,83.62264209600099,81.79125686468511,74.5456419085881,45.03342487660054,34.42087453467246,30.144402675645434,24.647546606869337,18.328523805466965,14.50262162453499,19.55148379593451,30.343875543121893,29.906018947146872,42.711635702070005,59.02325594785205,73.09371440060116,86.5368768241132,89.22776734132827,85.54610805003368,71.47608460583388,68.87342845873133
2024-07-29,74.86348257753272,63.308368604332244,58.269121370356785,50.8633787349319,54.91689441244575,52.48473270295301,51.30432301892798,50.702383079860326,59.3994640248075,58.03952034990279,59.253887097574754,64.91522292254055,56.02867133154334,74.2071765679359,64.7881478104933,73.75218998594293,82.72407199084498,76.62612533444106,82.1978673584255,84.85582899207235,88.05760987243657,85.25343860091374,89.58342505297149,86.38110340131644
2024-07-30,92.18011731411511,90.87943885327017,85.11854545113302,82.42654716370423,83.23128875257646,77.87750440167223,67.93894425474342,42.50646775737517,62.46598524202796,58.26385108523254,52.63213902057493,53.51616104786508,47.217246504441654,52.43552644659305,61.88838482794432,60.31505448617766,60.85951734438982,79.25436347888875,85.06578720038286,89.54315522531897,89.70568042680435,88.01734171998098,86.58238743844105,92.80709703814556
2024-07-31,86.6610370264388,84.48937740781147,82.50227725764813,78.14022495414659,75.8231759719107,72.26084179984124,65.56468927589356,49.924291451978206,70.98885030741437,66.487348379308,62.6322809116247,59.96525800902833,47.76460811516732,53.98079728308213,71.84029841074458,67.73303915842634,75.95347294451888,84.75176049336308,90.82612666645656,90.8677170699638,92.45945448589978,88.16765465575301,85.8917516243545,82.66152324579922
2024-08-01,95.51628891202098,90.88605668604275,85.90390131865718,80.64504278516021,80.16265738165185,78.92359934933928,73.1376289482115,73.79815265408186,87.62458459579942,83.35859291941449,78.5429801604975,74.401490526532,63.603393531790566,78.08039276611981,82.13383406462967,80.65178509107376,90.17672760208134,87.25532493556936,93.87808503206016,94.57208605445938,93.85055151627736,91.00414722034222,91.5556737988643,94.80887124850184
2024-08-02,87.31111627242561,85.30937896552278,82.45088368321744,80.72589068208443,82.55057016486366,77.2850223802645,69.65490314785505,59.72362677624042,80.71044749965661,74.72545365043574,71.93330209505133,73.09517260194602,58.06353581222005,61.512950998874295,83.23454985168986,78.16972221916555,84.36210147613497,88.34120712648865,89.0789396258141,92.46787811521794,90.873976340255,91.7835877189786,92.95529940940136,96.09986775891733
2024-08-03,93.39398899073937,91.03551473804657,87.04167002062688,93.79304420643656,90.65231197615583,76.29048617390002,75.96315410522439,63.47858293852755,82.402104658288,81.80620607631725,72.28742308952512,70.96740646221795,52.25758156583303,66.40428145673067,61.97029662265957,59.18869952892436,67.86633350460127,76.44742263850564,87.52005804219195,89.77848433660417,92.64090544016172,88.08672279061447,87.59316800560154,84.51130099445226
2024-08-04,97.3137507418309,88.77825970370445,81.1903703882622,91.05637553492372,96.63494055173241,81.98656732472618,75.1009630943499,58.18821848392265,45.18489365925394,42.03136459143531,35.653547697711744,30.774558202588008,21.940851106475897,31.07376969801403,39.52281107228277,43.38009639952001,55.407222669217866,67.60079931800551,82.5758312551324,85.7568400637501,86.87457272332225,85.79007839834941,83.98315043905971,77.39007544724075
2024-08-05,91.40540026163853,86.95720166377369,79.17204618283469,79.45604863311756,74.99412858782834,64.38527840921594,54.412276429986925,46.41108665191896,65.54557157940093,67.58530892834145,73.51068532225717,74.59685310971152,57.11366014812813,65.37744401088179,76.76677681264722,81.33270677367759,90.6751525139232,95.92387931567978,90.41108345066095,91.11290937235141,92.10760720994797,92.74307642645033,92.71728750722693,93.18401586116694
2024-08-06,90.75052648687561,89.84409364953086,82.0207984910453,83.96660855808516,83.07562123643251,78.6872563608259,69.12541345858695,71.11506524838093,88.55775804682776,85.42218468690731,75.95393857149838,73.56605488175421,60.16520517704095,76.92968759583667,89.6707594624468,85.75339834840359,102.96519227683847,90.3577612489469,90.39452563675522,96.07500335664119,94.28632229019236,93.34732504751373,95.3589916257927,97.26663285554832
2024-08-07,99.57530672574222,94.40946046328784,89.71389292237018,88.5561005576232,88.0831093386665,82.33699301991633,77.75454161776378,72.5577736382307,92.9221280512161,88.89207784362152,80.41224843930084,80.61176672444527,65.14751697684876,85.0204232691977,96.6214536805034,89.61165063538354,93.94685065726046,93.3274970340904,96.29252275607169,93.35488529110496,96.41291242984887,92.78246965427272,94.91425871052631,97.49071023683638
2024-08-08,89.2047607657814,82.50627567422808,77.80653186989335,72.0999443113304,72.94740888547985,71.60731041510645,62.184164580962666,57.936847588777916,73.09748751865787,69.9140742137261,66.41969644912425,61.47939257167514,49.620158747885576,62.18271559736683,72.82325114729771,69.44851375163968,79.60941573756197,83.76066489974293,88.19127800799289,91.95738002765432,90.45345977397834,88.88322319295592,88.2266150775695,91.54691188565411
2024-08-09,85.47791710952474,82.4235935170561,77.76577769353305,71.08675498101822,72.55340291736204,70.68950156029412,59.6106910031957,53.746570828264524,73.65063679212723,75.22846566028346,75.29538146394613,70.76894097916323,56.42013097702156,59.72382704264239,86.31746586367476,84.15467119607484,93.01484987316026,85.95800035719262,89.56847695957845,90.12736425559528,89.9808975505,88.53913235704039,91.68804934129294,90.36819452526652
2024-08-10,92.36174593163697,84.89778862315019,79.80351171584255,78.69225413634719,77.34582406424403,73.83248386294648,69.26827981941635,57.99264776949122,71.14830013266933,69.98433469840289,64.24766078717715,55.14442783574672,38.75312503014009,52.610457961879064,61.412129863695874,57.92981793353026,64.09672608159353,75.83918359829897,88.3406653471432,89.33212993475657,90.86892296081506,88.00724904334163,86.18898194739974,83.74490517524261
2024-08-11,87.90168234352764,77.25883038947302,71.83483829423432,69.16445885506221,68.41568654932384,68.97152373025337,61.81336813527611,39.42350091322232,31.801998771163642,28.378792900670806,25.978822059253165,20.338514450894266,15.883332335869408,21.648090496141286,32.65514681085853,36.05014098459175,46.245513183018915,63.16471994324783,73.81088383271332,84.95294430251786,86.07971124832132,84.23847105183252,77.64881724630243,76.14865630405158
2024-08-12,80.6428276960062,74.67474557441936,66.51758288818178,63.64036847412688,54.897504536180165,61.75999862870152,50.528487612519164,39.908888195036205,75.37715833169034,66.82628936054677,60.361860273168595,69.07377341485096,48.40325350521153,57.99835748679302,91.32870385248297,77.88719351044632,90.2389027084677,80.31696572916452,81.93879613661194,87.5087208663642,86.84743430996393,88.62186071873262,82.70111878822755,76.81136031914768
2024-08-13,92.596115797066,91.26510514545656,85.07450362988584,86.86393890527532,96.14514416798679,82.19919489138395,77.44115280694295,77.08660901928936,90.78828858326939,97.19291270911593,99.76580484273735,89.64020027404446,69.24986345324015,101.9766106763715,125.41677356480753,111.37793538111468,108.03697138948316,100.93454497504838,103.09180474717162,100.31149808866373,97.09095279605113,93.03425682562637,94.13108909845812,97.68121441346517
2024-08-14,89.76378429334586,89.61828996071786,82.67281028114346,81.21531429086701,77.4053050773548,77.52848658185113,75.70295954128373,73.86182066402155,89.30090144314558,93.36918528685366,85.422935171448,82.59185660656706,67.5532599066848,82.49847309959657,95.39569495006316,87.11454516819899,94.75538651621673,87.09430080528561,94.29415349038995,91.61015881322132,93.10263336126438,90.9682645438191,96.15502492365182,96.35555125896813
2024-08-15,93.76101000523683,93.38629640722371,85.16178519974864,81.19664035793022,76.81209316252706,78.93826245456052,73.6393493623652,73.13001474383158,98.77145595537876,106.26288144678034,93.02770381695841,86.90911946251934,66.76191545734041,86.92987060911233,101.10112495936282,97.74671747540953,98.12708236797901,90.24277334608968,93.02271286713585,89.91262905599763,91.18875450100617,87.79420928051972,84.82809431333943,85.95472017449151
2024-08-16,85.52468854750036,83.10925901525104,77.7745582728748,76.24166529601041,73.61087257158074,71.31761154589688,65.53781584663001,58.65166776116693,86.68177644756207,89.90597765369039,81.3311006871907,75.96798998285897,54.41748263666549,60.71677583871385,89.20379841481393,94.83227442379874,100.8657034701984,86.65393526222113,87.42816311940634,88.71251268074933,88.32492501815568,87.87197100897458,89.7824503456626,88.47444520957445
2024-08-17,87.6022318896828,85.57665285022334,75.31561722586463,72.38959490723623,70.06880179832612,66.33518682796011,61.416285822644745,50.875953072574234,70.71334642143916,76.50425300964068,68.09318672545565,61.70149491070705,41.679730713075294,59.71533534043308,65.27783149076372,69.86907696823474,75.78305940613473,76.49143251705271,87.7888895843199,89.32406485785603,88.28798504560262,84.2506386068325,76.24330912711443,69.9517609203155
2024-08-18,88.15961728086384,81.36526662193349,77.00883317238326,82.46344723000048,77.5766216664443,77.36925369593017,63.811420296611935,44.301229306115616,33.5948258061312,26.22091702925502,21.559309763606905,18.555920364631397,15.487575059029401,24.210318421483294,30.436337157964353,28.430239233826736,43.80604570053536,68.71112816210255,85.36422476203309,89.84489185751201,88.2264434005808,84.54209161636773,79.05394112560326,75.21076273020394
2024-08-19,95.5715246058302,83.93149326428308,76.01699915512849,74.30755473186264,68.71814504360532,66.24905957102914,61.20781156162845,64.30523168319449,82.80300654331404,89.93761616287138,88.89614533634042,81.01284262313605,72.2965621092392,95.45788777766889,114.29015121231528,109.86956417060973,109.91192666342624,97.80111356432282,94.161719540171,92.67655202763609,93.76401924026895,92.26759219508705,97.65673048323919,98.52894601932093
2024-08-20,89.1908300915966,84.03662796458387,78.87172217245501,80.47840862799059,82.96731491779346,79.90529284417069,66.71091808150939,61.13635070620333,78.78038199632,79.98210519211968,72.5490068831511,72.4246036277682,60.33784743588611,77.64192088762354,84.21322762417589,78.9755250644669,80.57258863849053,83.99888892462819,88.3576928024907,93.57512150535598,94.10044720968598,92.11651609606794,99.06203557669983,94.12825842847337
2024-08-21,86.08525602490516,80.61213908498398,80.5668799702529,80.8206286217328,74.5549227038788,73.9907498694872,68.75754913291009,71.2134350934019,88.16801242279436,93.93475880621544,82.84157908067507,80.70758718582832,61.84417828208023,76.11281811253599,86.92440757007881,86.17841739145508,97.22146044133521,95.54713947211539,92.75796038145157,91.56676403811814,90.8756087808535,89.50785787081267,90.16903333964697,87.87592445564748
2024-08-22,89.05343772717056,88.14085662952948,88.43060049536913,78.74862485043228,83.01602714516201,81.08893601680354,76.1318103306831,73.05478995517024,85.05167620182458,85.01890540607229,75.90486094351054,75.25914128405063,60.88805893408406,72.67752676484632,74.82219401195543,86.29415630609564,92.87817809975769,86.25035339674982,89.87533550278613,93.15129926417454,92.76895925020246,88.08414906690514,91.38050568564822,93.03293970394687
2024-08-23,86.97125623807582,84.1745304510021,81.12879167877433,76.47391413034829,74.49466678373794,74.84740479789811,73.37912150037023,63.768041768857344,82.39368122332547,78.01524020088877,71.00842092795898,68.43066239759585,51.91918017373481,50.08965332476812,73.99198691737226,75.83102372097554,85.40394228940937,84.12779637085377,86.64465971742986,88.47043941597441,89.13671128569759,86.43233152127533,83.866532108782,76.78350757645671
2024-08-24,87.25550910881333,76.19969429883936,72.31083534414051,63.954666665364655,66.02587652066246,66.33091462138714,62.68480358826632,51.66629547556468,75.82167412569457,71.08687215192488,71.29687962658468,59.77997390125199,42.06639545159081,52.2753882240562,60.362679702503115,55.18240530628453,63.39840001345323,77.1602929786084,87.3257993490674,91.66333947771011,88.17780011366462,84.24472548455894,81.50048796364247,76.6334752694686
2024-08-25,83.40128958939137,74.92726089446217,68.51350922556017,68.49606449947832,65.22074232382208,63.934059328151015,59.716380502878735,46.24875639526697,38.571560700700495,33.5640073853305,29.01099809077225,22.784146332954393,15.50506014690772,21.35143022489041,37.48169570735395,35.01223021310356,51.73303864551734,67.47600872820533,78.02402961630041,85.14948388083316,84.68590811599323,81.32365947962677,76.314827897216,68.39241555017799
2024-08-26,83.15580892487958,71.44524535903287,69.3793496131435,65.83091684260648,63.05271439118894,66.6786589063132,56.64562894788846,50.63080009170962,83.87379968959326,87.56369492676839,76.20180678011961,82.95119379651273,71.87974690162189,98.01659278419281,113.40055964949575,108.18215691825633,105.21616267897114,93.1832417500904,90.42635622076885,88.9775004001261,91.12650802590336,88.41300714527557,87.16793831885074,81.70777741013403
2024-08-27,85.3729723806324,84.37433201017988,81.88321467726229,74.43493429372234,72.5113279258175,73.51198066352096,69.89435875593185,69.81535343996886,90.31704483043767,104.97585616334047,99.5093640686172,94.42235282957863,82.55914081970124,109.55646933084107,114.10394422479024,124.89595822079686,111.0401071713148,100.78224675444612,90.63319992824727,94.61134938759302,92.20574646039674,89.49508891838005,95.42372661779243,94.25252405087485
2024-08-28,85.48047410059482,83.75108230458086,78.81736748523356,75.36128043498607,69.53053362310908,68.37137942208588,68.20309047606798,63.92031601843411,79.72531570315645,79.16447202325318,67.65268238587133,68.01315475875464,56.251315353770686,71.80405926669208,80.7568588939353,79.06873488221095,88.82825721130547,83.65272278644682,92.90106859147946,93.14250629080165,92.48278223408649,89.44510477825231,92.29600686764553,88.20535854754145
2024-08-29,90.69472974039174,87.5937839368982,77.84306369108279,71.64277778387992,71.33277382188435,74.04023044308097,68.32339198378519,59.290661659577204,71.91181504536938,72.01472655952026,66.60831423402999,65.65931507190231,55.8855155147617,69.99561638728758,74.41078116243223,77.65386045233889,89.39142046207161,85.12593944382402,91.38251379716542,92.97947633360816,90.98006867040326,86.87195612757435,88.00797950527753,86.22795413294462
2024-08-30,85.4282720395842,80.78186429612018,73.74328654031139,78.4413722041242,71.37817594946546,67.22211380642901,67.75351053685465,60.81428537973115,73.75411719449014,71.45131962707316,55.39450769679307,51.41815422472935,36.87769332564099,33.914132277398394,50.19771955440815,50.566973522201486,63.78422033500316,80.5153938733462,84.50375385102784,90.75267743028986,90.26249718300414,87.75608981203811,85.808429884641,76.4900233753628
2024-08-31,100.45380471592864,103.32453331013348,85.46983289658307,84.25923654754145,82.25519840567732,83.52768617893113,84.05958171549973,74.9535245795326,76.68769422480628,77.88371052280388,68.17951707847635,62.40121027623042,41.16806816060656,62.79963344070469,66.16625088873641,71.52664724587525,73.36259021752194,78.91477191244216,87.75635942052168,88.02700463927988,91.75274241578742,86.31076329656521,79.81659140561054,72.16278289797839
2024-09-01,82.43045129557994,74.61252973094818,65.82023649191306,64.35023263767397,62.67598636731181,65.51300680451986,65.10294667335131,52.62125649283915,37.73118438130016,34.87023235947948,28.41020234820907,24.434057072770837,13.831866818952705,24.869676817131335,34.18408965148042,38.06932902659991,61.32327886049933,74.9351281412232,82.69723277346385,88.30791964386806,87.2472385928318,84.39189884184951,77.57275171820027,63.958119032964916
2024-09-02,83.85340052168554,70.29690292221736,65.21906077020486,64.42635673815325,61.02750928647312,60.67811408159175,52.76693515168571,54.143525012743865,60.58788079951576,60.70964544424811,50.22462003808363,57.19397792436708,51.501853492841335,77.0916084774564,75.22413640113032,79.70790728510804,86.49241748449234,84.37306061727725,86.32039236116599,93.78587083157919,94.11283870810287,89.90606966351977,98.63694393349355,95.4612844353416
2024-09-03,84.99283950970779,87.30425852893264,74.89563662972353,80.68640548901448,70.65924836272568,70.04120984298561,64.7774434923282,61.687825659791024,67.93214563878806,70.95069268378488,57.758190581884485,56.00851958550353,43.59633260550477,64.47268778331077,75.83722435438237,77.10833318079672,91.54031638524151,84.69922711012171,86.6760164945689,91.93771916079227,91.52792060994891,85.47949671887932,82.78445685319416,71.77660148850212
2024-09-04,77.43360668701472,71.6322344282673,70.48219688370601,68.37338943897186,61.671128226839855,63.77714191249453,64.27608434815676,64.38007737139793,74.16060273418633,79.2622756219591,73.48182643758423,69.827565601953,57.014048192782425,76.90198801619918,86.85882141445047,85.8340613831865,90.3114361158548,86.85808736789201,89.33390238634792,88.38629020521941,87.79150889557727,83.77212675506968,86.37117033210231,77.02933141744352
2024-09-05,77.58397340855217,80.84184601551217,70.72715717403852,64.32417506131057,64.73763041199105,66.0329681701201,64.8485989623884,58.90962080538313,71.16241019124814,69.83400636606936,64.57302375617664,60.07998147292286,47.04618109943048,61.0230404769609,73.82523679298833,76.02844037489672,71.09555404443223,81.45933446078595,86.15181448656611,86.85782145165084,87.09291710110493,81.74024882252999,74.92340712253414,69.25250704308696
2024-09-06,81.10569662667184,79.72335488634025,71.30787493317472,64.08394703605339,62.556782463929814,64.07289679391562,74.5751793401304,72.41230208123376,79.49291611679658,70.96354660119526,60.51231283702892,62.536687352614926,38.36505856776623,45.368512178301025,71.56473647668173,68.20388765677677,75.87203196898058,80.37986488906611,82.45703390790398,85.98925214158291,86.12188423551652,83.22931467526968,79.08887462662423,70.62073001886772
2024-09-07,95.81873256412297,86.8268163646895,77.04572154862493,70.7242143738657,71.2450339826288,73.51999229247377,75.58656306389035,61.36706721239133,84.34966182232625,79.43121077377732,67.46793307006308,63.96131262930371,38.567786136926266,55.86022158854265,67.13857558772285,61.75577649477071,69.1663594203264,80.20949902692867,88.81311156482032,89.6537033235169,91.16303765157993,84.3975575313901,82.06892891884878,77.63446547920665
2024-09-08,84.92688449376602,74.04351256702299,69.89327956601103,75.02120337060393,74.52839943955497,73.34905031404662,71.14841370863381,48.116577640649794,42.01428892322902,31.787625534434063,26.51751002734421,21.861099563407453,11.578721824323011,17.680474014314065,34.202009226809665,33.01629255830678,45.41436930554505,68.43622577641477,77.6204094480572,84.86565315184683,84.93877558396987,77.09683782395382,69.21470926387195,58.224393930506935
2024-09-09,79.26774977549736,76.02724403408253,67.14169119038941,68.01218337084609,61.40104026807361,63.19410173066494,57.33248773618548,67.76559598781402,70.40063954503943,67.70752850025819,69.22634953150002,69.36164495252248,56.0619738497536,80.28123329529855,100.25011226735651,102.59975866703054,84.85658531632653,95.03648368875514,82.22372084585143,88.60813850305867,87.52226942890344,83.38172827067136,78.7561284137831,68.97167903244393
2024-09-10,85.79059447099127,91.15024138486366,83.43960093851052,79.62850497722444,77.64566872420636,79.66362905235782,72.09520952915823,69.67086571105241,92.26511017898227,98.46046311040499,86.27220572280746,93.52924644053252,84.70355823803898,104.71304343782626,108.78025953578143,118.04898950866485,104.96614952173545,96.59421850886208,92.63839330364969,91.45296813100073,88.80598713119437,85.45305535752874,87.3267902589689,86.24087720432748
2024-09-11,88.47698204176517,92.77173787590098,78.53282909526033,80.7765758247856,78.44827687539694,83.04020415504091,82.61392355703322,95.42287601136051,107.12530032065696,101.52291891030804,88.61576817741667,87.69109891419906,64.6861815267052,83.14493232754026,108.08865827408356,100.08531302351338,112.28432450440937,103.39821698288416,95.98838966235897,90.16086594472107,91.17419771458432,87.54450251560033,87.42901384632934,80.8450867469048
2024-09-12,90.50918134255605,95.12506558794436,79.32614725009971,75.19332965742,83.71369974145617,87.11185587858833,84.06361626409198,94.13242155416826,107.15980197845138,103.07912614107549,93.14604563494899,91.31410828233106,68.91041127691405,84.09476479737404,94.29704052268372,100.29039214509636,100.18468017167217,95.18744833227935,95.74228462910648,94.67302281024328,95.24004140876777,87.16747440335658,85.42049153463478,81.02710243609882
2024-09-13,84.2886269411358,82.08866647925815,71.2753246385822,66.15745086740586,68.61921163208639,73.2769486676313,72.01437128717275,74.03562468306994,83.97971056353491,75.66596803530244,63.084906068785564,61.2158299550701,43.0666742937902,46.16271588804936,72.88334328142318,74.76332891127241,80.90609120624897,85.54673239568002,85.16384905621999,88.7365972786923,88.3573205328691,85.96865662462723,81.51147963728131,72.81454532688863
2024-09-14,76.1800156595393,68.70746214451601,69.3642962741307,62.66927795127729,61.85006166191506,63.05771496629363,65.7015700161652,48.82536338312339,62.8412257806435,58.53827903082568,48.245452726494236,46.9330340568604,27.619215510919492,41.12264009897843,50.21652247534557,46.919789098339415,60.00960333180252,75.32335850339629,88.12092734439628,89.99604052081318,87.54467564531129,82.0896530283775,78.8385533244543,67.36866434126384
2024-09-15,80.67456063887667,74.68929736891324,73.2511332364746,70.80599029882738,73.63593174481073,72.41545485267082,68.76219294005162,46.96494613882821,31.57346493994197,24.859018336389756,19.266062004000652,16.674674359388916,10.404781732199353,16.44355461384458,25.791865806395663,27.944255090447214,45.71276438152592,71.92115387665118,81.20182446685409,84.38272637046832,84.08040377828078,78.03575001851294,71.94347952557106,71.78480570941926
2024-09-16,84.83876518826672,82.71730255269769,70.36243203094132,72.31490527966871,70.67572506849325,76.27641943334471,71.93005129937092,76.24002122051688,84.05017559905997,71.01016878988563,61.487413600539185,61.17048280010841,43.70784347966566,49.55072898141688,68.3299721420511,70.20586557732351,80.22037226181685,86.90062528588308,89.14071887712261,94.13783676726233,91.88451486882323,85.68949367000874,83.32789332922016,75.46521168781322
2024-09-17,92.98423246690923,84.46372474348222,74.29887380093669,78.89087281014046,78.5633042298064,77.17393664121687,76.87190771490467,84.21809920747971,85.74057867738985,75.32106141084527,59.1094579135747,53.04859636083955,41.750445866883595,49.644962407333665,63.43704340465405,56.45219434815565,67.4672651655746,84.88719889903301,91.42786727418355,91.38778151252295,92.73864534582371,88.52972686086137,87.96266907212294,76.79285241738403
2024-09-18,77.32004628796848,68.91511288320521,63.71213688085172,58.94041444792082,53.1013938544757,59.31407801894207,65.6404434387455,62.704129280591054,77.4664308028181,72.63002403980124,62.195310131048096,58.993929141018285,33.278800814026276,43.999415477022836,64.14773004617321,57.242262324268715,68.63506264869164,86.84013559030757,89.74361974477674,86.26045070508492,85.5678730700118,77.4325874512107,69.54470142832044,60.34105498810177
2024-09-19,70.3703754348387,68.69741189590376,58.260000189353626,59.35953192234028,58.142192343006045,62.63695654583203,63.81584125422451,61.83573997406977,74.23695414876934,68.4974400258048,58.1333802796598,56.32875683259836,31.57292375029286,44.29509839959012,60.46724385823225,59.00174452751788,68.33751627572347,77.64599199877189,80.70258575008324,86.46364252712762,82.26245492052311,74.89609907391389,74.06428712625713,66.31234213493855
2024-09-20,73.02592508216695,73.7576365956805,71.47766941705879,68.46910688711336,63.13056346749441,67.10460741736796,70.81190344649659,67.15879571313046,71.79265368040127,63.248887048381214,48.93908203966051,47.09727763195501,33.01144060094431,35.29784800511811,55.39652431467966,59.24954137666649,65.60625779293147,72.92691216609032,74.56841462454263,79.41446269519504,78.83386554394768,72.22440793559758,69.07686427522776,61.7332124365947
2024-09-21,66.63961441130907,59.67043242118012,56.521913096387756,56.940288056411234,47.68391679862308,50.05272047227408,51.55444264805144,42.56813050466789,50.283641807279935,42.96284618331613,32.78412037869412,30.435439564653752,18.616181774464362,28.096638627788302,37.6055097122345,39.05885982544961,50.58593339254634,65.1546009504565,76.53872237464277,80.3000013224306,80.10573761946985,69.83129287085758,61.28756899209891,50.24968583820316
2024-09-22,61.590855903353685,58.21688476003339,50.90854667267216,50.96512337274827,46.1610977589672,48.50721618881343,44.54362626656099,31.21013037460708,24.659346687670087,17.43827058606072,13.87123881212122,12.353392814125769,8.879420430907375,14.097082155623008,19.380401113522666,18.244246155760734,28.255334529784772,51.46944469952385,67.52660409923514,78.28412793426301,74.39002658121298,68.18710313569592,57.189721845007526,46.987304958506456
2024-09-23,73.98334705857506,67.22443876596208,63.1034232385206,61.23652216911263,55.29589385842964,59.20015622744905,63.37232086887901,70.93759456603,78.1561737066993,71.98171288460097,60.02797842131511,58.24534155275209,47.547339814164296,59.624655084028035,81.78412266939316,78.50351073029296,87.78028708983855,87.50998200896392,86.5762933055158,87.13334646150183,83.9696724707938,75.395968072563,75.30098951223312,68.69832273139406
2024-09-24,78.81555993485686,72.66489619861906,65.6562909234973,65.55865986780643,60.4758383942838,68.29092914368496,71.48815654746136,65.4916610988391,76.98840269013142,65.47549522780014,53.86267146926627,52.016431047752675,40.40499994015572,57.61259516996086,69.33978441776912,69.28699135291436,75.55615293072907,83.1876215691805,82.34853484278192,83.7495830617106,81.97685604783359,77.24670916091712,75.89656697023081,73.98125573499593
2024-09-25,81.58144483254497,68.54099087293388,68.6950110494603,65.56612484265148,59.56617729828089,69.04982444071061,75.42021029772681,78.13316305930303,90.52404519054443,85.14956822898995,59.132185251418775,63.55115545870425,39.776399050903436,59.72783367158563,72.01425288404047,70.14395774875764,91.09033967044275,91.14315859057736,88.07616006409093,86.31864670748783,85.81830990717422,80.31186833040097,76.61676566996,68.58247825432052
2024-09-26,89.6820945884854,74.86903766934059,80.54897401434057,73.95673877675502,75.96946284925329,75.8887469031631,90.09503471763557,98.49555027789091,99.77296315409978,87.26611415342157,75.02510098190594,66.74316831044113,45.80135737805463,67.13045157021088,84.13312396582312,77.48052196767696,93.99655698421685,99.11984600992253,92.6843521900471,86.43468579072928,85.03980500713267,76.49613462434854,73.29477469740421,67.26906701580741
2024-09-27,75.25646796801253,70.08721222151273,66.1829720354002,61.40938570102125,61.35516224909236,60.36354654747233,70.51136508471517,65.15195149894741,81.75821959316832,71.57488773899932,56.58712766050688,53.53986882061221,29.23584673903419,33.97810157620341,67.7491003809068,60.248012719919785,71.33647036512377,88.31893435281958,88.35949312260205,85.44425213131481,82.2068724422391,78.70488435623022,73.86856895292011,63.57467147216898
2024-09-28,77.87561290791601,75.28032892894463,79.67245300541191,72.99984848818065,67.25574992305272,77.47680306684823,85.88565503253348,65.30821230068914,78.43915569010545,70.38636367604913,49.709865861976205,49.8323756774933,28.770596189603946,40.94833884948383,49.392388437230856,44.92354639594905,55.270078768757834,78.23998243595338,85.51044318725818,84.88428214375782,83.73663111095864,77.41899183264181,70.69010798103129,57.52141178337195
2024-09-29,85.81698166025443,84.74346682175577,84.07455987755907,85.65239878318741,76.54857418597283,77.16946077850756,82.14829146033578,64.13936098876445,59.276514324971544,44.54425591097822,30.97718893587033,25.302667405670675,14.760933954708065,28.60739005045639,41.988231924111396,41.84242849440908,61.32806097363623,83.759802220375,91.10675363958248,86.45473402838499,83.52882696495608,75.62562534048119,66.30742997804482,59.8566874277984
2024-09-30,80.9650923752165,74.50465208819084,67.15935128262366,69.03851354069532,60.35624061330311,69.56894585397622,76.55133098205333,79.23839192608108,104.60102359147967,101.18708548639587,80.48819971615158,87.5124476896273,65.87960499612998,85.39773335084708,99.72418244088153,98.16947583740988,95.54910870122393,105.79695725311733,97.32338137344645,92.26475038514118,89.29892445023516,86.08109709594352,84.09809471935507,76.39884988979473
2024-10-01,76.79822507066817,63.1628556133901,55.98805668253606,53.26769010530074,51.77286456225413,61.659483505988185,69.77854081692445,75.93739556900088,116.73687699412604,108.28528367977945,98.13027939804466,87.54345479609452,48.69491850483123,77.31809581741953,99.28453866534743,96.20656457948736,107.69951329594625,103.68441716742932,96.55727432905839,90.52029899365492,84.50913212911117,79.0014427443447,82.78599205637245,70.4639930285417
2024-10-02,74.34319466436064,67.67739551865303,66.74738767086308,65.04531883787742,62.35814770808988,69.58682015709064,78.56994257040579,57.811414621806534,69.00747766490613,64.9752092176205,48.40183280548617,48.75345229762992,29.312525551568374,45.233878196648774,54.440628412168124,57.01058276603929,61.887752292472875,85.06214070569746,83.7399546066832,83.3434476605381,84.09990453546243,77.1712524236653,74.16987252552968,63.64026454454085
2024-10-03,86.39091247881831,76.82394685215999,76.05016919411355,66.54321108323144,62.7404821818145,70.40261607952218,83.53074714809678,82.06876221848688,91.15673844810307,86.18223786708907,66.95143899420934,64.85456167591943,40.73792581127666,60.17222065540272,78.43470248233486,75.87956521012364,90.09700320610699,96.54409625671937,96.838648243557,90.81747581414302,89.39373598096087,81.95253755511557,78.46717813359056,76.19686744633957
2024-10-04,85.5334187392957,83.64218075020416,76.90961409200507,72.69759641148879,74.24267549404885,78.8725564677395,102.39532344147993,102.65107781243053,87.30807153703945,66.10993176044884,53.90411219703192,49.79548631267276,28.712234563179535,36.000959140385206,54.788986633702834,58.59034212484915,69.3518094996975,88.24171966227289,93.0143224421654,94.35967069255807,89.78605745847695,86.45352626876485,87.08649203971193,84.91680855211021
2024-10-05,85.20151728758034,77.90049366185734,72.78835541071979,69.03351029688977,63.33006594795949,70.26474574617042,81.81989439134323,68.45584536587114,69.22801455768558,61.187726718181786,52.95156993655081,45.67291458238041,25.306826922288195,42.681677367545504,44.92513948585886,49.173303255047784,63.593263335713466,86.71418635975652,92.45501942639288,89.25084934162854,85.92001951896636,80.3051579153616,65.02818327999182,61.86763272051185
2024-10-06,84.92140929858434,82.07863317651696,73.73168677629751,78.32549833728157,71.57365600796707,75.97588436698084,84.1485525985901,60.13888815841436,42.34171621325577,29.99859778718533,27.738387854601502,18.617436276585323,12.479773265806397,24.82224013309753,42.66320966566636,43.379394775804876,64.90959581749716,82.89140160926762,90.32789825631514,86.78951379536898,84.33227784384523,80.21516918161306,78.71230164666231,66.81016946482364
2024-10-07,64.81079803267829,62.25906992742623,58.592180759855246,60.16032479053457,63.223115276090965,65.95240047267087,69.45714196354719,83.65283186519714,109.443559723209,106.2121475481085,93.72469076255749,89.92424365394174,59.78333603285645,85.62724356856673,109.36957823693352,109.57028915547738,147.0215831743506,110.74693558584377,110.13656077251702,97.68359641214128,94.33534872070987,90.20220779095499,102.36007246442834,91.27966011206797
2024-10-08,95.8595696580897,91.16354374755639,88.18713064728603,99.64319363469342,104.27942062986378,96.92427690676777,104.84225369029113,126.34399358524955,122.50893425704923,120.8944860297059,103.70788427887666,87.68459629256489,50.8964621242696,92.49566424275663,94.90407206147626,102.46415343551423,111.69557754010049,101.70151049053787,98.13671795190457,95.4122937713938,91.85970022231938,86.88404731275108,77.316641133599,68.0212075103935
2024-10-09,93.88854789422064,87.57659513710124,81.20064413799449,77.93496780293783,76.76130921980459,79.1257400292977,84.70661534051018,96.38180975898025,101.3734554564602,95.18382937686759,73.57320615882422,73.21185331276179,39.26923640564034,63.57323562727713,75.84643547243988,76.25013286702568,94.3116185117391,96.22669004532383,95.99821591905746,87.24507479394795,88.73949152048513,81.60159279614713,76.77440008393589,72.44592325986419
2024-10-10,81.17660077683536,76.77927047275452,74.65478849331548,66.33988676756343,68.76653470265177,78.58240502789064,95.46020064661602,87.71950481199285,104.98030347538453,82.75306972829983,72.22164414355757,69.19440682136465,41.00574860773013,64.32293452415948,78.7655132429528,87.81937336084354,90.4098799576771,94.39067927853553,92.64568819064382,87.90812675992366,86.1607274172191,82.73580486901467,81.21867816460347,71.95735528083111
2024-10-11,75.30397524149238,74.51590388506374,71.81332426687307,64.89267911617993,65.47203147589093,74.15366469902624,78.91195939922069,66.04529614739917,86.8340380843418,74.61226514053871,63.41693967364656,60.83179990139044,36.87733532231792,42.38574169021873,67.75423154355813,69.51390257161935,77.37211838726964,93.28239818076952,89.16662052297376,88.53626725714246,87.24475041180557,86.15048660491567,81.66916308685674,71.7435927100755
2024-10-12,81.99249899891598,80.63535410465144,75.3356410800287,73.63912159503874,65.40470685583439,71.64519841224954,78.64864163068732,57.405415610802926,71.23691751622425,62.29535605662503,50.29692067331211,42.37545603259575,19.91199181708848,37.10680459031921,48.09377357056479,51.250827644681536,69.14892596035399,79.85186359124089,90.21524587278078,86.885613341988,82.19884734358308,75.8638657715132,65.47854118991482,49.456065027949165
2024-10-13,80.93563583495585,71.05701189162716,63.67430175867657,65.05378981401022,73.89929663653261,88.06317050777245,94.58115939826929,69.29649265810188,28.13589835195643,21.346891435493912,19.604591120430733,16.18425769717682,10.544819466475785,18.346430656507014,29.30415891218905,30.476128274333433,71.86990583821061,87.31346810233632,91.83203084246796,82.84759685338547,78.98768940466333,77.6497270316812,71.08322998328286,60.14968938192199
2024-10-14,77.44751029255893,73.03384148168887,67.87679843931254,69.66784470908095,69.90792967814654,71.04064684761981,78.47854628774294,81.44202679794071,111.07899661600479,98.99741438414566,104.36475581987742,108.77443485730986,78.05388391862026,113.18811769812382,121.15135335239866,123.90899172965425,140.14986834524495,115.25370181639825,95.33677882080659,86.31644849812646,84.99209036538127,80.36260569828963,82.2736768909386,69.73795796666379
2024-10-15,84.31298181071706,75.37277997511873,72.4877602396278,68.31361753993707,68.75936808268098,76.497957585864,85.96401866722731,85.79282360109192,122.6580945402259,104.39836744679666,96.5641764429104,78.84349258679704,41.571918562164186,69.71362912015864,89.02903256392499,97.22531247269139,101.74900702335776,107.829241049261,98.97715261329392,90.71580860039028,83.22968427945966,78.95906433125046,72.67914523420741,66.3210001800197
2024-10-16,71.86089172228836,66.50474202505187,63.45206726856149,54.785875180698895,58.08506531676815,64.4650417533715,75.42412088324228,70.98776908648836,100.34906550223847,85.07398360051027,65.81866277583612,61.01565959869938,32.77274026101713,48.99101861338592,63.87148306743666,65.61690590727927,67.22864293791692,88.57834498670721,88.40924061509605,81.80311721603105,82.0494735541043,76.76469892267643,77.51774475697768,68.47612303116597
2024-10-17,69.52757739653396,61.74489745350491,54.74153562012657,51.57519840818431,49.54703958549589,57.18672911624946,65.93078601366055,61.38936838110337,78.46178541635008,65.31985233024452,51.67358105413537,46.053678749204025,25.561191455237747,36.1881665984356,49.325600897893146,54.588882119226824,64.6807595082043,84.38705190235358,84.33088942278034,82.49064712380353,78.50405877396038,74.66503138435667,68.56699357277479,61.65225567571194
2024-10-18,65.2464598516751,65.12062664960274,62.201158144892354,55.96372611834147,54.785008623909995,66.83088927685239,76.16542391631353,96.77489192849737,108.96965164698243,83.43434100265154,61.238124584189386,55.026474593350166,26.953898741803904,35.68335354725587,59.66187008664322,65.23364126179717,85.4372303564258,90.83767684964323,87.7368542815724,81.33632730553522,76.75859286481771,73.3000222318313,73.79427918908304,67.95537859065904
2024-10-19,73.71379198448791,72.12765563111692,72.76624070617002,59.17679224150867,53.05697392411664,62.85348019537701,79.42012930064107,67.78826467315888,76.95215046239436,64.21426240091463,50.77225504378859,49.92263465532107,26.305949188373432,37.154074106556564,50.52795959774546,50.832506444648445,69.61105082746514,90.14231466125884,93.20030428596726,87.41977342028763,83.76996998790206,76.26082731801063,67.97708954807393,59.247992192667276
2024-10-20,75.01087252066681,64.94870577773675,59.67079026996129,54.940825103461954,50.033872358486136,54.89325540660801,73.72254255009092,53.864784519350124,35.395990944678964,24.115775981965403,19.35786198582668,13.671733498118115,7.365140983163509,11.177667261027215,19.740130320204038,20.449794090898983,37.54731851867151,70.20720023739898,80.65341430045808,79.69508932520921,76.13034182201463,71.98120345381578,60.051778232885404,54.18319245767785
2024-10-21,55.902133468790275,49.66528594990481,45.429953650588565,45.070850139258404,42.84745489512106,55.8555798019624,60.4789026066153,77.28577365560542,96.28403425390357,93.84981406332429,81.66991499566099,77.67485752136601,41.2223232160833,73.29997730151963,108.85784816993191,105.49989861165467,127.45896986067152,116.54132653391888,107.08309707794533,92.76588061819398,85.83113482802894,82.95480653365078,83.23893784160572,80.59673278434718
2024-10-22,71.43822584051124,63.242242660072854,64.09258303575743,58.60258241886689,60.98777596980459,75.12085185177379,77.09344490936394,83.78551475363369,101.7384532604287,88.0093568640302,78.19602203247942,71.31055145217735,40.24163351480877,56.381644427276015,73.83813928004388,87.35673222125664,94.78653880712406,97.50533651258263,84.31538223341096,81.10399748533622,77.18767643888495,72.47043107123079,64.51021750594892,56.155920569004124
2024-10-23,70.12437336221878,63.65184620104982,61.713598218503314,56.66118050522546,54.26600574460016,63.382811000358785,77.49332383030749,92.29737652317684,97.46314601709726,97.33311413922453,73.80992852302867,67.63268126754652,39.644074891579926,53.3498961922585,74.17458439197601,85.1398329850001,96.96993007899889,98.29027025746745,97.29458490198503,82.69992121313324,79.3385256902909,74.3554011822483,75.74185111702438,68.13578312220977
2024-10-24,82.39313120437335,70.37700814412229,63.0513295645047,57.62139508185893,54.5425110852973,58.10458591144854,70.53490280228219,103.27184549162524,95.9565334675305,72.28489679528617,56.11954016911674,53.76272836362342,28.314563689500705,45.2065977535997,61.07721798114663,64.37773827182247,74.42194392532448,87.30771773747227,84.53046440072418,77.27158685359889,78.86393717472815,70.69814568059292,64.81116678858109,60.59383320078859
2024-10-25,72.1162642305824,64.64130990439836,61.13405504841326,58.418245100876035,54.10113420083183,55.79418395045033,70.9353476540769,58.47450077718896,75.25632880896075,58.99892931463697,45.281770287349396,42.32479520954337,18.90100550692251,28.557800285875636,54.84871340121372,56.751220944056634,64.29660106400594,90.79603874459514,86.11150486542829,82.71497158533587,80.25638609658212,75.23640480449959,66.48877329340134,55.834244445887755
2024-10-26,82.2061212399767,70.45799518168707,67.58294142126184,57.790183719625034,57.98063981622353,67.78705335713927,82.12310085038779,71.78575009941063,80.25995899988837,63.831896437833926,49.958032573780834,43.5330899206584,23.36141087273874,36.86008211731972,49.80079394152854,53.32381556956137,55.208440971127544,83.89715952436823,91.07268399101122,85.56386926865052,82.88421701664942,74.88714923097226,68.11767652580177,59.51117395603534
2024-10-27,79.48442845936995,74.04132522969472,67.0740247055176,66.20561526463356,72.94734768192386,89.9523256588363,97.68509879948991,77.28858710271788,39.95178420226002,34.00789730155047,24.58853691948163,17.887620426984736,8.633543333004274,16.77930621333679,28.52578305510505,34.44888214367588,78.39341060174509,99.70915434393787,104.429047258147,87.51025968753467,81.81393925372143,80.93688791267739,74.68693842350334,69.64410015331077
2024-10-28,98.88579407804927,88.92716400526575,79.55871076619738,86.400754982955,75.79798392220512,79.4049728414895,89.43628141588104,104.47358694786465,137.87543555265458,104.16210934176182,71.56702661032706,60.94811044127339,38.3632112831939,48.520486969382645,70.892152806676,79.47976800771038,87.73165176084403,112.97776186330186,106.2828700111319,89.31343427124789,86.63068905590806,81.99526968118515,68.90344875719511,70.08194217793569
2024-10-29,85.53380708434098,79.96594775806379,70.26825348386447,70.69380399040023,70.49667895015205,75.74359985987549,83.88813125682553,105.38421449074026,73.79294784335208,59.338301689852926,41.95348927514057,35.88190368841504,17.37541172818482,30.732763316058108,46.28320276812325,50.68633068101425,73.45775354215154,89.33232156086699,94.5657484182075,88.85577968129942,85.63477155297412,81.51238029692102,76.20777188642694,72.95341760761214
2024-10-30,65.98118613108296,58.94013511251761,58.09550079105376,53.793098468634724,52.44361586463418,57.99309000234774,63.67359284768607,60.797227304943945,63.10840907537516,55.44850349590892,42.23204415860375,41.80689603198026,17.288363256698823,29.913038601215323,46.47829001757763,44.56168377219625,67.08783861902198,81.80329183425106,89.9386854732862,85.0886914122192,83.16262104066763,78.79559971827817,72.21255987739501,57.754546126795425
2024-10-31,71.15073816500528,65.50847101197601,65.30400949030779,56.99419589916463,56.01661062887865,64.79467622465741,81.8574094675421,82.39264137684724,117.89576624886277,114.72240521490154,72.06717279754318,63.999175093531925,28.54997533198523,57.20841054672592,75.13344154783357,89.25249804879695,121.96888602175248,112.8080151772936,102.06483942750621,89.98954468979834,82.73984579587851,75.64619028509466,76.59365963653426,75.022107997977
2024-11-01,74.77494319575341,65.76498522577924,62.71662222525494,54.069099570434155,54.114587928486046,59.977997648398784,75.91540010548736,73.78211229810107,79.10590231108564,65.71487242282308,51.303636157164426,47.70633288941136,24.626574036002378,30.758312772786603,51.32644097142672,62.009315953411146,73.67934834988938,84.01702832369196,83.47765069180643,83.92513651754858,84.10924520580227,77.53818405838226,75.09931501716399,70.01579948073497
2024-11-02,82.71675026076618,80.50257776967271,75.65726774873222,67.53826938645237,64.42062186189213,76.13605205969846,92.56077132310116,80.53947751362578,78.7425957914505,67.20175792575066,52.44269697401464,46.455187119124574,24.351391035211986,38.14419769975272,54.55620619668337,59.44323072110708,81.67159297916291,88.19828501083009,96.18457918946076,88.67876926668762,82.82219424804558,82.9159506930907,73.86930714792317,67.59188911248273
2024-11-03,78.19519163316029,71.75335543553454,64.5460540641085,61.952916697257415,58.722170551351276,62.993335727288574,73.01560557234052,58.35533855404652,32.03196964665081,24.222779760613143,20.92828457581372,16.160222256331284,9.49674229054514,13.26627299484512,21.70046126461722,27.98395116729326,43.9614678036029,71.16255419368133,77.51348412909913,78.93189908514974,77.20190297734412,74.57424614074829,49.14495045778234,51.87279018591128
2024-11-04,53.03012966272202,46.50959748664174,43.8890336991724,39.03849161825652,41.57662383905315,47.43551151459787,57.41250886645793,88.92049498200221,138.85169103736317,107.75407079061911,81.40786605471607,85.33696823456941,40.386216763443905,68.60568586168576,86.16683205483625,96.39032224061677,115.38217803948137,104.21621496112178,90.51868629324177,88.36490641879739,80.71928752682155,85.91121950825747,85.42966707322225,68.2391688426126
2024-11-05,78.53928880591562,72.07434231307167,66.64276498801513,61.28473227867246,62.17269178373573,65.00091267133732,75.13616991522578,82.37352962877543,100.48308948435484,86.40814341725675,78.5265001529384,78.67763558956283,42.67821603215994,72.49939036555924,85.48308318469918,97.05748398947107,103.4888206088848,105.03491457331414,89.85897488862894,87.86729411046137,85.86726497582492,84.99693192993136,78.1876930695981,72.54190537058082
2024-11-06,73.4519727228547,62.36820365446877,62.84934567095379,55.56670100909885,54.463669468371066,56.09631812176806,70.66513683943755,69.68939416158227,84.52909855645692,80.4901289417586,67.47854241328079,59.33756580590021,33.22107084769238,55.768433240628816,77.96446912082129,84.54848115775566,105.21861327148508,99.68070390571685,96.88139138280773,85.4298424965295,85.61377200274518,81.61686889175277,76.10311682302621,65.40235673630364
2024-11-07,74.58630821473781,65.79395222119946,55.95210885392876,56.785079867487525,61.1680987176341,62.97741022903694,80.07095918235586,75.83205649156316,79.73768556521163,70.36723975846976,62.10319958427992,54.73747999424499,28.99988603526674,44.659958111513625,70.52077561366251,79.69697923026376,86.47092911314802,91.23477375748973,89.41147839553376,85.61537281232205,84.30171512444159,81.7349085019949,75.9613431078027,72.58995624752102
2024-11-08,77.05465979333928,65.11398854665526,62.558408499552804,56.307335658986275,57.59724559659002,63.75159342456968,75.87187516062421,88.26792424815797,104.84386743578887,83.37503153913903,68.0123596496869,56.19487115669267,27.89456156843417,30.080190384770003,54.857996099413846,70.9813373047335,83.80532216392153,94.89583481656757,88.33496275865052,82.88057178518874,81.53134363882727,78.86700979206026,67.25907810249811,64.29704095952394
2024-11-09,76.33667547901744,61.84758250840126,58.30167995589089,51.57311327293849,58.779877592693694,59.66751343026223,77.59424121299651,67.61444308718357,73.87166127853347,63.487856188577986,55.48268129294531,43.497205164206804,20.857267635440735,30.09739374783561,46.28564717176369,54.50231695050407,62.75151363466433,78.35509913256438,85.72774431815691,84.65712904445292,79.45693264231208,78.22208090225516,68.96924514577553,65.13096822078569
2024-11-10,73.44674790941104,69.50301106679902,61.9574339719994,60.998763194944885,56.42644972198174,54.55184625521331,67.1437200737809,43.31208540119338,30.80631507390729,25.238507481354908,22.504402129636258,17.523681129915047,10.360937855166508,17.526196572796927,27.407783898609708,33.5533336430929,56.29513275054232,75.27016575042147,79.45467908102452,79.0163645936328,74.39167491321092,70.19700964949841,55.39245823874265,45.01081596962231
2024-11-11,67.47723634269414,57.92663365903623,55.72275876220017,51.3201935051703,54.62964175746941,60.121176772505834,67.58358561882436,71.90519135604237,90.85391676364038,80.85722296012958,84.38070127552419,64.37381478591544,63.299687766713966,57.90585291062878,63.8497133330462,66.07218957979941,75.4050912664749,88.08643436794472,88.09253880886588,87.68106275464484,87.10499367171452,86.66765837673894,97.22651480004545,89.94151893736664
2024-11-12,76.84557852825812,74.73265817492714,71.07332982997748,66.03545721882874,67.89412468529162,68.82650617580586,80.66658011128357,86.29496226848289,100.80757439442327,83.96794683222508,64.86410264326716,65.82648789675805,43.887149206317034,51.78986083597445,65.06367289898827,69.6133227237622,86.11111556922737,93.34216536960088,94.160866391371,88.96941291384418,87.8484635459854,86.97905492714752,80.11344312363273,77.05765703588256
2024-11-13,74.41622923151974,67.42888732860752,67.82754129465071,64.39248410808807,64.84605087637877,66.53499863594611,73.62831243783303,82.94888683059287,87.52773071269465,73.67991087416532,62.52692641335239,50.140180952023314,40.200766867835235,49.44189655396815,60.27125035939306,68.47929807863697,78.51434984332401,93.04389705889504,94.57961814714636,92.19093450777517,88.87710134214598,88.73866853242203,84.75697442747457,76.75334565630243
2024-11-14,72.98497719929671,67.52287482424667,58.62644520105106,56.42243869205998,58.716423589690685,59.163201194255315,68.41224393195498,59.163407931375794,69.2385647335841,64.78343557821616,66.85495481819946,58.94985193276067,41.958222638372916,50.476303378535086,58.89682138099869,67.67669372460263,71.1832076258872,80.60224178898868,87.82432795871136,85.46980103776961,83.48490768398456,85.42366227104353,77.34362387383361,70.38734520693194
2024-11-15,70.20585595364149,68.6573802208296,62.54413577146394,61.40550955544618,60.178901026629596,60.07768664718549,71.04384862184827,69.82113208483368,75.33422315729572,68.71087492121822,64.16287542368846,62.53589406099289,39.27721062464268,39.16383074701585,59.4787140220793,69.84067981065462,71.37145739711484,84.39974551784069,81.09559041237395,80.14247601813643,80.56187841168993,77.5336944452151,63.79429549177966,54.20783192102578
2024-11-16,71.75867086911595,62.3090102141831,55.564065177056804,51.63553029046006,51.85125301149751,54.02749112655179,61.790941535517035,53.435687812209366,66.49170223233953,64.48568239542509,60.80505390398137,51.44897577910109,35.08554632701875,39.56516888637025,47.446807925166766,52.51280759330197,57.82837907998777,79.35916582603038,81.71764679954113,81.22503318674988,78.02758880352124,76.27878124334386,65.02199630964586,53.93227219477231
2024-11-17,59.40337053195304,52.919060992215684,45.97207361756538,44.937337883539655,44.27582808887387,45.051321638993585,58.85506809807794,42.983537235390756,37.54775078716453,31.58641015274989,27.18125305988993,23.158428457279843,19.37374624282979,26.397183821587877,34.24140575280129,40.41419004337556,47.814871572075425,63.33336591790389,70.0068524105535,76.73482169949422,72.5961777691156,71.63066870807631,55.7775085686636,45.22792695914802
2024-11-18,70.06370981510678,68.55845731416662,61.5989785196021,60.10792339684911,60.89165357328476,58.82848976589868,66.90688524491343,78.23566629246466,121.05808750855631,125.13155627502591,108.36436373329316,107.45071059981797,88.70485041816762,87.73044482894761,92.23610068907152,102.4412686189793,107.59975741977236,105.62049232969859,93.25162035370151,84.93666829782487,81.99792157378263,81.00182598916824,79.49554360569664,78.56092285960703
2024-11-19,75.18970732958913,76.25390450905307,71.22102698424068,69.76376810373127,65.22593052547171,68.46619417003345,76.5699761650474,86.1091090152802,95.18823649606833,92.71842692369223,82.74257200067031,72.55482301034847,62.15700693699374,69.01161640986395,80.12019054862941,84.62865671550936,96.3303917446015,97.59986164639845,90.32675052354577,85.13735140206958,83.54565515051699,82.0553644173986,77.76042722798462,70.2224052066639
2024-11-20,78.44656128912105,74.0861865550809,70.9074869336414,64.98474530352944,65.24175020988193,65.30817815510885,74.17133151793054,79.9456697212775,92.11760252188972,85.0773433764358,72.68118768369462,70.1085326859461,46.184666010988416,62.243602089189864,72.36412103276115,82.79903756584433,88.3489659433112,96.56465114211738,91.39798824018605,86.49787781098546,85.24422020605735,80.3187334184203,73.519538114781,64.35627156975112
2024-11-21,54.76888674719668,49.18627358562181,43.70628081562335,42.967232620043376,40.93231834086474,43.59015899710647,48.8506325199217,53.88228691064996,76.44633953480887,69.40420736074272,57.544433245463246,49.31598561217551,36.89519452079983,47.7619248239478,56.22731020299533,69.03707171246975,75.71789070717247,83.18223613750979,83.15747133234045,82.9475593229251,76.57452422492003,72.0377090555665,65.18690107296071,54.50614526434954
2024-11-22,69.27068053276648,67.67165445208629,63.66092109294149,57.01690394499394,57.935898758548326,60.08531637342892,73.00940517390134,77.43869455368063,99.35797796095225,96.91771986497477,94.0748947869899,98.98097396676317,70.98964255962126,64.64908767737722,87.6484344300416,94.62911886531829,86.49268282465167,94.01124024252839,83.49987931736338,80.48812420181744,81.72521958954607,79.81107551802036,70.48737686020304,61.90447164343744
2024-11-23,41.30086196042033,38.95916126562698,36.603629122019406,31.53768070157083,30.069197848136533,34.61278421970766,39.84300808735374,42.978431258558786,62.15160225057263,68.40354168218255,51.30773705559114,42.217248217187,29.169552834540127,38.689622041894985,52.83355177248465,59.3572315445464,63.747617578152116,76.03078860322168,82.11989871499964,76.30174705780345,67.92301254207999,64.71758099998904,46.5482002685882,32.87050745561481
2024-11-24,52.27109379053907,47.71691767626306,40.26100256390194,43.217103985309635,46.83412018976868,43.566361031566856,49.53335279268691,50.062639096444606,49.67435605811217,54.01811198797527,50.409413244259596,41.89074839315932,33.35172959956823,43.79427422346143,64.52605949007997,66.97157008832923,81.17679936872293,85.05447599428524,80.43971916748127,77.15295217230816,71.35246905501891,68.99911861971876,61.02123677372934,50.11656740218882
2024-11-25,60.714186065135536,62.786403683479996,61.03331617733738,55.10284442487482,54.54178859205365,55.838730045014294,66.60298934787156,99.38401868505713,103.70648137751365,96.15551172558955,86.7786422318246,78.4363384486226,90.54158064154264,84.1754293649554,75.12637539963595,80.57220645440339,85.88520663581136,97.24830486341298,90.11862952409521,83.02253150847913,81.12900432417936,81.7851407854979,78.76852955429688,72.26717043290091
2024-11-26,65.09314658641627,63.539591912445545,59.686550550640035,57.7651887843542,56.024649005575476,54.3468877988525,61.904160102766646,61.371700693267265,95.7758519721558,94.17790921682719,84.23545632433043,87.92093740515426,73.91506768837105,91.2808565671146,103.38657022451171,112.55278271772991,112.34916730401497,93.95133714413684,90.50085355463816,85.05703678249277,85.6542478245258,84.20752201403559,81.01066913104404,80.75596068009465
2024-11-27,75.79843233463498,75.84483224417735,73.9876821788313,71.27308324820184,69.54125277813579,73.48893850714084,83.58034913030409,87.92862096976774,115.94100765111362,116.38613626770453,117.76930989405928,124.50243029780755,97.68041318315362,112.76426228692422,107.0710754584876,113.21730139268752,96.52889260398346,93.79852232317923,92.49173971288128,83.79947380985007,83.65449242349341,82.57162022311012,81.52173302158177,70.58204173050741
2024-11-28,88.5876500449087,75.24488668783742,69.0184328807384,61.18157191080937,64.1261263999415,67.25757129297878,71.08732711377571,75.8617531179487,104.69902800654754,101.36621200894564,98.43210889544508,97.05755407691869,73.92422089601006,87.43345299751824,97.80922786971898,97.94014211408862,94.11279146163513,102.0268519000079,96.90295645449999,89.067698176671,86.82653130775924,89.29647208057706,80.44188769399975,75.03382173305128
2024-11-29,81.46268001136595,77.25187491307697,70.77013237099311,63.974919315901225,64.59743343802054,65.18991066212435,78.71910595166717,80.11416283484243,116.31735054412212,109.43992572128325,102.49273778364174,90.47517343213538,74.65241624983595,65.56796266255924,86.36800662575915,79.30299786168455,85.54574372996491,93.02907910505121,90.28444837743105,85.12595311833107,80.19885995656766,79.6173121070392,74.08281558677737,57.59437143754826
2024-11-30,91.92217266321829,79.83392688330967,73.49227920732118,67.89143674243398,68.28909829302796,74.75551669040053,81.5833465192305,69.50607988719135,85.63434935671474,80.89904626604987,77.11334002579844,70.76069008637934,55.87787782557105,63.61332287989193,72.62854488247275,68.66751566525113,67.42870618080478,86.74602167223645,90.50662667339459,88.93611959125246,84.24879432468207,83.69803460028776,76.9209775083168,68.49951269906938
2024-12-01,82.85350960235354,69.8000187554521,62.95141793450927,59.13806519038381,59.59485405707965,61.580476953979264,73.7388934964626,64.15716264931159,54.91717069995742,43.777877534477526,39.1369945321261,33.28482978416975,21.07981917359667,33.69490821016859,47.94840258473559,53.68234777737652,73.48192704245274,91.68743272163515,93.62351421074973,87.16838003322466,80.60993150686981,83.41113357630478,66.10594987759784,59.08549169563948
2024-12-02,57.767851950549506,62.54588632901933,59.83846391958801,55.68067813275688,55.85662175089521,59.732768064420185,69.99773258793539,85.83595680450583,122.1325811753575,104.50168343556193,110.40728232471992,120.26692634889731,115.23533962872642,118.18725478271634,101.00913004901173,114.39847887263957,135.93536899998463,115.05471123327085,98.81818526334592,90.70962082938549,88.363282989565,87.12599718823544,90.28366453909213,84.14902933991246
2024-12-03,79.49600053240675,69.36368388018384,60.29652862328475,62.67021918901707,60.45596979234743,60.98459789653142,64.71175128835539,66.13484616432652,70.02200771982734,69.60997761432215,68.79566110441708,74.40344807384757,71.80527829426099,79.73354641113151,82.22767280675546,83.10250368700446,84.81005309498701,93.67650623076342,88.48084012624344,86.54023681187375,87.08526403154833,87.52655800953151,81.90939424975743,73.33985608144644
2024-12-04,75.41311553889079,68.67272579768772,65.13722320698248,62.165583158886896,58.14875098905944,61.46813429813069,65.25332282254811,53.68340183336474,72.37524949487924,73.3202228984877,65.44786148505484,67.16291075158531,63.419417507293254,64.50899410358642,66.5111790365099,66.35752632680472,71.39919863938661,75.85985274336707,85.01228679361532,82.1520572489548,85.71868057575021,82.82159541437514,76.86849736904178,70.8372922378041
2024-12-05,71.78851528214703,67.52480027149431,63.106506064456774,58.22649974630381,58.14043671174382,63.4000160411205,68.61407980926582,72.13658751193232,82.64371650700937,83.30023463022619,78.51205953259804,79.11716651324609,68.06640542930501,64.8567942283621,65.04227582408717,68.7800317115142,68.13147432523654,82.79890292054493,83.94039093934158,82.80536175246931,86.20346715497962,81.3748261773953,71.14352811504176,64.59151729978512
2024-12-06,72.050337226045,68.9429500175895,63.793599880829646,58.509916341441944,57.742227566514245,60.24487366716666,69.38834736771287,73.39283119063204,96.19363076394725,92.97522460895301,83.63896652236858,85.44023080825387,62.58895532299327,60.68918938453216,80.83012414774078,78.37165265375207,81.02747494459645,88.30897690553907,85.03671049501779,82.55483868067961,85.57806899312756,79.6318993842029,71.38089168113267,64.5703676934305
2024-12-07,66.7667388441445,62.51733802738427,59.13116575938169,55.619896329561044,55.745061476467775,59.1988872999399,67.7532631992655,62.87514817817958,90.48082147586292,92.68178047122889,80.8261704004978,74.94735297287602,54.45825521612163,72.63091899569523,74.7143140006357,74.55876907662146,84.2320248407923,88.78644434935352,87.64539840021592,84.77095641090416,81.85702353595548,76.52150398611151,69.6699165213585,59.12728784973615
2024-12-08,62.25037394642725,54.648596310427465,49.509783763957365,48.95116653737269,46.616824323539745,49.00686179324782,55.2611007427245,48.170986213738686,38.19033681624061,38.60347234093747,32.73451653331205,24.949790647704244,19.6194528088144,29.782062162879654,36.749529459920886,36.968726510733624,46.76409599900497,70.26354412251582,76.48391827128395,77.14259203178929,77.16863605012188,72.10225805592484,57.95664450542671,47.608001108756
2024-12-09,52.37746263153052,51.15403556751942,46.63703399967948,44.355632748629404,44.339923881729064,49.5258082150722,55.31557842204057,79.17852550323607,150.90899954082937,138.47012173679096,118.07928173128445,110.79541330381343,78.44214028473868,95.96682066515177,108.80369163102645,120.51914873390547,126.87849536016871,113.57319758226615,97.4937389179046,86.14070251391398,83.53790644089865,80.09649309122327,77.31764512986295,67.72541210927155
2024-12-10,60.50016061298201,57.22076785923166,54.44623002072336,49.27502192329072,47.93937037596536,56.446006685658375,62.28559568200487,82.10423390451588,117.89780342756758,114.48713043418142,99.69085099357746,94.48671331803627,65.42699912340858,88.76881748604559,104.09641455306408,109.33390360269063,123.02585676911585,113.46569791209964,93.4122709876624,85.63690058026172,81.97831347730606,79.76799260022159,76.48577594139653,66.27818923639656
2024-12-11,64.01501179991365,59.90256989635372,58.11712060864096,52.9837685544625,50.84261966343969,57.04157235220352,61.42562443873207,63.06046576526531,76.96667275064189,73.57297591436343,62.29957941826705,65.809342578761,61.41134801797973,64.98971272952717,68.4710382383602,73.66570925918049,76.08015732932819,81.81790012409945,83.51732928330307,82.69110629539018,82.62005637478836,79.52569962278997,67.60239176572142,62.217745422767045
2024-12-12,70.00666849486757,66.26733575130163,61.95929166043417,62.086052362887166,61.29910714690085,62.43886842793368,71.83747483843993,82.34223079027122,103.68897331946836,105.69239432292152,98.69687364527698,93.76450534521011,86.94267932616636,101.37015498120466,97.77216675109844,99.29100551286837,91.30096650840183,87.8415178921455,88.04167139998991,78.89481221385368,81.03102903988417,76.52763886668126,66.78660056754948,57.995474043522776
2024-12-13,68.89025274585437,60.886689847071814,57.9839333095726,54.49992755899036,53.6778716454275,59.25706028616819,71.760944329863,87.41196117873811,116.65097871794171,115.58103979313805,101.49992040163109,98.18465821706252,77.79422782497092,74.51581921798496,99.55808513323767,105.97630640075029,96.6396750829616,98.55641261344786,90.25472517839351,80.07337230833339,76.53843819299857,75.5569516748852,69.28781874425441,59.63770787967633
2024-12-14,62.24153491770093,57.6516274481942,53.215423507520576,49.23182316462739,50.820227948380136,52.554888022961855,64.06748566615957,64.92678047541133,93.60165196457086,92.94906286457775,85.933469068719,77.89777080695164,55.64551018309939,75.69712200934347,92.59006545619977,89.06877056722028,90.81365284269467,87.65104742893101,86.21960432616125,80.78874839319816,76.6582217249982,76.29728619020695,70.1905544729758,64.52524097126354
2024-12-15,71.89654483926294,63.43413192426516,58.51875600160884,61.02273616477783,57.50949200678789,57.2524822699467,65.12711018704847,63.09784586735939,50.528847217298704,44.06301782577406,38.871029665195394,32.122141412946014,25.713330422547436,38.55353363408156,49.8719787635586,54.22637129106827,64.61150575489941,79.8066350208518,86.32810395118288,76.51429636293261,75.2589057337017,72.74541375218367,55.17240350864209,45.48670252103799
2024-12-16,67.60192541152608,59.605438612945775,52.65903607579578,51.71028815319294,50.58572877087536,52.41474377359428,57.2093328271021,66.8859911751259,89.60698732268509,86.52895868858884,93.34579220961812,82.15015570493351,90.83014586616481,85.38091337858886,73.13017168788618,76.50349317250571,87.14238976119125,95.2381903204939,86.82802399192408,81.95391482936719,83.45861354538148,81.99076149257435,74.64288375946285,67.9350624865233
2024-12-17,76.14187768191164,69.80529314263215,67.91496593914151,62.104180198023464,60.762434093500865,68.71677160374445,85.4259271910494,106.13978330555364,139.61567194013008,145.90872186141164,129.27578958727148,130.33416182000173,91.03735176309884,122.64005101273297,131.53267182096013,128.4480979247073,129.0727728819693,118.79999538021434,99.762897306404,89.24017665695546,84.94590831347605,84.75521677043392,85.49119928028878,82.14511239462985
2024-12-18,74.22561820506088,69.23740941750111,63.66610362738082,58.76056049575783,58.71970339856898,68.50781416164378,78.73642689532628,89.73287211177185,121.8173554216885,125.55252481635033,114.86496179980344,122.885240815794,86.539006993868,109.7944330319246,124.50519316480502,125.24873787298488,117.2938390938099,109.33882535435933,99.06995461536668,90.57141675898269,86.69076237951738,87.24238719683957,86.09836936160093,86.96262507466999
2024-12-19,77.54956851855032,70.59897929528508,66.60234535581573,65.78789719533927,63.14410852646518,70.75894235581481,81.40798329264025,90.96472215552551,104.99495314413453,100.94921609387092,94.96849618642952,89.44513010027143,66.65149053162803,75.27164043564811,83.69659543056534,92.14075977693918,95.16865733065171,94.71284344102845,98.59925331855244,90.7566664836655,85.02211066834197,85.3756787225416,77.11621376696986,70.54297006859521
2024-12-20,71.91298817591726,64.08389004856508,60.10113235349866,56.52300359368741,52.41501913333469,59.46593448836792,69.76426990850538,73.89982551402127,85.12026303983495,79.07883484360542,72.51937513817182,69.64735400531185,50.86893361559554,46.373206300180506,66.73808078141256,78.24418410623758,75.81953583342661,86.66524595792787,81.97720650962412,81.78978560025291,83.25187991395107,78.10611892764325,68.67224407103336,58.41615298249615
2024-12-21,62.01856160335698,54.60302771260934,49.905934420079056,45.80382752124309,48.923491516693325,54.0554674277085,57.39226114576627,50.66302941029175,65.12062977170034,62.4207284581117,62.839119864957574,54.230178414521646,49.96799996770847,53.927277141650194,53.015340490033815,57.77869751070767,57.6276023177082,68.5046266972369,77.67545797946391,80.41323231273844,79.23534941603054,74.65254844962568,66.31681362907692,54.64621803264998
2024-12-22,63.79124520347099,58.55062471690654,55.91470510639012,56.31853676636639,51.28172294603724,51.5063213313481,56.81976125703886,53.6922669764533,42.73092612004684,42.28698231768296,41.731149782204454,33.70963000575239,36.62271785702603,42.84963436434871,46.88780059073658,51.2419417974452,68.11568172792823,75.01898624688178,79.02554821214292,78.94568137735905,77.41119616945288,74.78637163123882,62.90599917001112,51.69289357229055
2024-12-23,67.43799470079023,63.42562539787793,55.90922835001556,55.04570528363554,52.168512142373864,52.74278161305049,59.06614674454116,83.29891569286445,114.71004006140906,128.96789160337258,143.5136331357222,153.35348645445677,139.44761314316816,154.16518127617275,126.00648334829025,122.12403242769263,118.66981535975317,105.86893472460636,90.57718487114725,80.26309737929219,81.27418022373921,78.59644306366468,73.24883037130553,67.49195445970072
2024-12-24,52.20214985170177,48.009372740883705,45.59838932319194,45.854257392308305,43.568638124992795,51.22907178997346,50.200679204851035,61.75054547303936,62.80247131994592,65.7253186780815,73.45367464572868,72.07968281514724,72.06031602226659,68.2204701235031,77.74529749691858,75.25748145033926,84.48580463495784,83.3221145440433,74.6126039147498,77.11480081844775,76.41471033422505,76.6980395059652,70.33903748318644,57.367287043602815
2024-12-25,62.19922936153311,57.50011151076949,54.09375339792852,49.96595124796296,48.16803145929434,48.741034669768226,56.08643225416559,67.42607674706512,79.93613969518724,84.49558008787356,82.62123698727918,83.69946400407414,73.70252940064931,79.03652235377845,83.19613074474296,83.94543144636565,95.03346219125326,90.53034817629518,81.74172382864901,73.6582052744469,75.4641618878319,72.7233962509348,71.02544057351999,64.67255093376235
2024-12-26,55.800043992775414,50.93959243382151,46.030766763696406,42.307839779568816,42.571313433113154,48.43366484846606,49.262792559121614,61.69122241596623,74.27939154084036,66.77575425423233,66.96850549126891,63.061516339313215,57.41241952129351,65.53041023736147,60.90470602274673,60.47551410800977,66.67347237092739,80.67751867104818,75.49457127376162,68.34749833060093,68.49100931313394,67.36754849001952,63.179432854516946,51.796163374324486
2024-12-27,53.69991861727666,51.48898283445769,49.917085077919594,49.72128822109481,44.555134823294296,44.81053994099054,49.96391234475146,54.64578596716425,77.03072974616703,79.84245179981536,77.71444154298183,82.47437641236188,75.36054466670474,62.4939328345526,78.15951939102492,81.35721855557367,74.41872078246233,75.25106561085451,69.39956305107296,65.32857826680768,66.73217835426777,64.84502607281085,57.511262420733814,46.7428015584221
2024-12-28,70.31227835036113,66.66765122996863,63.77180832965871,56.70613118333134,53.462055767757285,63.04996698274167,69.47530593720015,75.82149682761877,104.56710517973157,105.53309175336801,112.51934668733686,100.73393059556412,78.40470745479811,100.46384333870617,95.66544254817106,92.96603254026192,94.12928783545632,94.59809063803812,79.41998853938702,70.32379096099906,70.47302479749237,70.01488617018614,65.91023852990585,53.910168576320025
2024-12-29,69.92153685478968,61.32601439569135,53.62649457218328,49.172359643144596,47.396914748624035,49.94853887832713,56.16757635815872,50.051224550914434,41.78398180534935,37.51295032294177,39.37015561375692,30.28209646796097,32.58189733475765,40.30938482864001,49.59664239726657,55.80535388269019,68.61386190172766,69.26528048546666,70.69323642950164,70.09030105631807,70.98730059124414,72.4716815396924,58.25791053158272,48.62597839544745
2024-12-30,59.95943816338597,54.07582514777134,46.39044077121776,42.12438829338087,39.451245422926405,44.63791878340232,51.56973261223871,66.15536270985545,78.90757814859167,89.04978570409848,100.37285412180493,83.41256595650206,77.24665642734543,79.59007886853117,71.43502157654474,75.22103663492726,85.63922916304148,85.3740619049971,78.41736148104408,69.5251341458304,73.48182819701168,71.65933100754226,68.66507328791823,64.51817183834646
2024-12-31,65.40732758894445,59.7561105539274,48.29854764341782,41.86454207184073,42.01311554029495,48.54969983036299,54.10353798008644,77.25158292005848,110.002939088303,110.24550782119938,81.80881366250858,88.00273561877745,59.940385961209806,69.25391129823987,82.96602311448702,85.16452256254341,96.50187797196708,99.99693034626173,84.61501513927509,77.47210113531685,75.08921828597295,74.24745638019215,75.89928191543541,66.42728782082602
2025-01-01,60.47194687880893,59.417664650160326,60.26277311062445,61.14981619551828,56.08967664786228,58.44350911397697,73.10707907798174,68.84026878081072,44.44247678570418,38.73865008611501,27.14794992437995,24.147940882280633,18.815804553953466,23.282012198145804,26.412468943454325,34.41002496373102,61.79014509939156,73.42395212386751,80.32829238275306,71.3275440846711,69.42484635867228,67.5949070339916,56.877766849598515,41.53077940459304
2025-01-02,73.82344061723856,66.32076108002782,58.59546894469185,53.05263845616151,48.4004059641472,52.35632542427149,58.8690611144983,61.736178018149296,51.54340154687086,54.95804442207564,58.33932703949983,60.14887356330807,43.85564543218802,58.355427421658646,66.3718625711695,62.145778806435,62.66031348974232,70.78376000149945,78.39121381816626,70.06941104100349,76.85354105925926,73.37468424891858,63.25418483054577,59.6669227031669
2025-01-03,81.326569016574,70.27251054019955,62.522698348525424,60.306287134314616,56.09518319167639,60.23160926507568,77.92529125566023,83.08596162298547,119.18022424752064,103.14377507729405,76.12109044131479,72.56000877678402,47.52580732908988,50.63244955843284,76.23092479141829,74.09327807794928,78.71271583195113,97.59344938320278,100.77942704144256,83.25605400402124,79.6031923603442,78.63314766426167,67.23348834818395,61.68485996127643
2025-01-04,65.2265259895003,56.09282343030577,51.51809865038976,46.05425413737604,48.479753851899495,53.97482297199246,59.2763962808124,54.26418046919414,57.87867883416122,55.85197123260617,51.43349787702682,41.73892620810377,32.946423918271435,43.658889270505405,46.86422903248313,50.766462898635,65.87926183206346,71.53330896344472,80.12647528820969,78.76101221289022,73.2472012792355,70.30129318989117,60.891842772945125,52.62840328471618
2025-01-05,65.31550379543359,61.635958733775155,54.65606757995662,61.838022557835814,54.52871010332738,55.7710634206534,58.315521516297316,51.99925288285843,39.85007452193185,36.12999481392538,37.871902225797655,30.77113148490129,31.096433692064235,36.597979426459645,40.368862428619934,44.489706542929845,59.06930438207827,67.97065768950202,76.6514158755148,73.75850213444248,69.23498653931847,69.60527893449772,57.43708274438132,46.0472451240768
2025-01-06,74.57764602839192,68.53807041566999,59.45652929502666,65.7585854928096,59.36941018143424,61.837968775696375,64.2184789540054,86.86294570677948,131.01046314045462,140.81679034559724,126.57065338114279,122.75326420212139,104.08888600579641,102.90818270617717,96.74552966747883,95.29326990939856,99.80331939441584,98.55526261144996,95.77600108326648,78.2337276062146,76.78063010205389,75.77624472276922,71.00303658071897,61.32867848786297
2025-01-07,73.0898414161467,67.86939633038692,59.88024578504574,57.71012269062351,56.857506996680726,61.481726242277134,68.43737333344569,86.3271299084082,119.78003288987351,118.06151963546314,96.534816987949,89.56344090625386,56.19364649466276,75.67574351083744,93.47110584669564,94.70113629513719,108.9256954915255,108.43350835711335,93.8847574336956,81.0688508355872,80.50978331415409,78.68542064432513,70.67841904757364,63.561828034373015
2025-01-08,69.95875924651753,61.917006661181986,54.572109750015386,46.27143624753375,47.74303793634003,46.6726332745405,58.353729619854626,73.90376794804311,114.87044781585264,74.90041740083342,73.43678719665971,55.76303856427465,33.086724397829876,43.83695482221681,64.35150023143328,70.75893999892511,85.25058820559323,101.65120825162438,90.66488627804495,85.17912626169968,77.08756479489061,73.28972956546566,69.93802476676505,74.72261287630646
2025-01-09,74.0505351923418,72.31788971456601,70.64948073173963,72.40613173295871,73.0703837711048,77.81730367334043,86.48437681726195,103.15056900139349,129.69219181617714,126.26242892368477,95.52408035949196,100.7280874245259,65.853939206082,76.49968323723634,86.12080308623337,103.50499243120777,93.168462777849,91.89903301548769,88.01615792210406,82.99421546788285,80.66178551302399,82.20106068002059,76.49353579532708,78.93908766741724
2025-01-10,78.75493841533172,72.50104046171553,67.56102941474326,64.65248842381531,64.8433590921393,69.36931876898932,81.16037195842985,96.18854515574832,101.93900220829748,93.42165190205635,73.42810642239289,72.00418355859934,41.24639402101388,38.45509503166718,63.145432417949266,75.27203413218999,75.83720130464759,85.2646665369527,80.90590913062557,77.6172415511162,76.00547281554023,75.14267595823598,72.2060077691592,62.71302175903419
2025-01-11,71.56440528056449,63.52309130604627,60.34415255808751,54.699008488786355,55.51607377680684,55.77465939359965,64.65121764532047,61.294300409582334,74.79659655647428,72.34029117417647,67.29668977491802,54.37936756030126,35.53174158297048,45.09302086117386,57.953546455106995,66.3831574533939,71.63670963461597,77.72647131889244,81.01567876206663,80.28436820714991,76.02446810488395,73.3858764224926,64.26733061821422,49.92775016914023
2025-01-12,71.46658592849326,66.35299957106183,61.858388936705424,59.74132391784918,57.6795031222816,60.607851534707756,69.15860838326842,59.68124605756963,44.59816876211628,41.976430871267354,37.96873578003043,32.44652431736845,32.350165464469846,40.82214440276093,47.19366365856312,59.5385544053678,74.95195090654582,71.35720088852948,79.94173814458064,80.00424705665017,76.21078704744343,75.05107635315585,58.595361526690226,51.675719973064744
2025-01-13,54.38123581582271,46.82629223464167,42.3686296171503,44.222920065959464,42.80387939162627,48.17207136044814,57.377822815622245,78.33296938239579,127.80877423805258,149.42815843222974,118.13962685667869,118.14185864604055,99.06131678191532,98.53914793881937,103.68722294446465,117.26244816364084,106.53058780169857,93.7116602330865,89.8624329759624,77.87825615907384,72.6915021288823,73.77915663502738,72.26185945895116,67.92732541601133
2025-01-14,69.54971271012305,62.14352618916882,56.43555423990392,56.74411239149256,62.413691919764375,62.040042933396194,68.71096004966402,74.38106899102887,89.46905016252622,93.8005690184983,87.91438480723006,87.77171499474125,70.905193121687,71.54078933943205,69.67028266875288,75.34236206337768,80.82219186335232,82.62033079570377,74.94091428398704,72.05787979089601,73.27365141521537,69.3841077777178,61.73906183009325,53.849989178409025
2025-01-15,68.91730680840526,61.53247848059795,59.619016665457345,54.77411962252248,53.09170757164063,54.111363015738874,57.8132929042488,67.52083675222929,87.53364805544959,86.93062689757927,82.04926838794499,76.65536312222336,65.22359816225244,71.90245826022864,75.78519854092856,81.52512626046739,80.34440240968753,81.6187248093713,75.60710029062372,73.76025955488723,72.17167437010735,71.4894351773227,66.4540087708838,60.16342241937706
2025-01-16,73.24509847587146,66.58468940069096,61.66137736978796,62.08940797275027,60.95949489913071,68.29137507751761,70.26720493363996,80.53705463624327,97.7069723633452,106.65478419248105,103.33151691228024,102.12461643941919,80.1073786878693,90.53916777965469,99.72023504148444,96.77033844180836,102.35761283753536,92.81490952698898,90.70652303832522,83.18855146355538,81.86632814378916,79.86231694093581,74.41085714253751,70.76929302859817
2025-01-17,68.89105898296594,64.48171842352325,58.094022581110664,55.383251265699684,55.74080619500681,56.13770111927925,60.281228670242044,71.59212218315513,93.2346195212388,86.42688341037383,73.48282473039757,65.83524904768741,45.574733935720076,42.042461931001036,64.14227710159284,63.97086421934366,67.44451942137891,83.49382715231762,81.56344742557589,77.52990421887999,71.85291050165608,70.99276440239515,68.98824582297655,63.74996397925977
2025-01-18,74.56741306420771,70.30530095309767,69.46618049956327,68.21520734094119,65.25906380424799,71.06175494539987,75.98875634542097,77.71559573338891,85.61830330047815,79.57077925338704,64.12503970537823,62.84464929779315,43.22073938175523,51.34411380788253,63.90300626830573,66.6029379493115,78.12360115183084,91.39304684612642,89.88458961210644,84.83788658496671,80.94963056963219,76.42057334353501,69.56698206452387,68.45130346846139
2025-01-19,80.39400801495087,74.87700405162687,68.22974838507753,66.66325575992262,64.66595371999931,71.41315491131394,83.47605971477823,75.4920419607991,56.74548423133977,42.53957457058509,33.20406192522754,26.893370346865307,16.753979372785956,20.291403725288728,29.72644112230821,34.419536746371726,59.927823715281384,77.22400047148524,83.1990168464075,80.53916840987306,71.5610003635188,71.48812047473281,57.508247960000254,51.41039655879433
2025-01-20,58.42365512066169,56.291928642842585,52.19469204878402,50.78423985519523,49.75772711662834,53.1652801824768,65.01537292594276,76.34757352193046,95.52559541873235,89.5821351671956,75.59600306628306,74.53344685871953,63.15854214881244,65.28131955224359,73.08220980237151,83.56869270429766,87.88043320762219,84.07235812771431,86.8199215238578,86.43220562181948,82.22187675298484,77.90926398618323,78.5920510696008,78.51998458727188
2025-01-21,67.54677576789976,63.83214096979456,57.784403772320886,51.218763123500445,55.3053262196971,60.0775820618477,66.15149493275989,76.60008964967186,91.90740446295638,90.6046851796509,71.9623878388547,70.96687759586116,49.662534886721,56.42190041488736,59.320918491002736,64.00935943314627,74.43918841762644,72.35628270056317,78.6749304230132,78.99643550382402,76.26740717797232,73.29474585429121,61.55798358538725,54.64618151330267
2025-01-22,69.09780336565812,66.58617236489508,63.881188545537725,59.256512076719964,57.78858298031752,62.347198529836206,64.2200195122452,66.32329535938085,86.21986595284761,85.88306397500737,80.74585142246328,75.75470475125164,62.955090664002704,67.59371568129583,67.13214952304553,78.11528369001402,81.89814516078363,82.16349517115577,83.40061719379713,83.13089534272403,79.18440316822584,77.67488651752768,76.65520800687824,67.51178573179153
2025-01-23,73.01311445106111,68.27638347647047,64.9815634957725,62.429596313621346,59.3891259102839,60.326664249575344,62.162088925954286,70.180287640385,77.70906648251812,78.27379731846531,82.2128897688243,76.69311829160608,65.67671048313045,65.12774656256583,66.38638451474608,69.43250472475808,73.31201248353815,78.92272231006076,78.40081261495655,80.30677802311192,78.51221348033768,76.7530406908686,63.688052484647606,59.850241623460235
2025-01-24,72.595072208363,70.02170576817086,65.17348673004332,60.94435475520869,59.60306922633628,62.08434656943701,68.19158717598086,77.34894201908448,98.61261034756122,104.32463548737226,88.99745165633286,93.79619369356699,68.56319491479783,63.75106149947687,82.04973037126521,87.15811688239434,82.84787643867462,96.27161711426952,87.87632202175456,80.34331830055585,78.66452689368504,78.17562462222105,70.39132236532203,63.168019261737335
2025-01-25,75.14855992941534,71.67603436314374,69.4930948302806,62.33601731772856,61.46659420963429,68.89650746397356,73.02482171962937,62.079098956448725,69.56518863569222,68.04749453122463,64.31508638656649,59.652751769250905,51.451656691848555,57.38659023090533,57.877525099075314,57.500446547069565,60.10042414771895,83.44038002002776,86.46153166085402,86.2061434826733,81.69169806027679,79.97501228654988,71.43228815853809,60.25123384178437
2025-01-26,74.75756283136396,70.80901235437625,70.21815857968667,60.56514309968834,61.938081503296836,67.23652719840752,83.20342929058756,79.27272656286465,62.97252718956202,50.35820609290335,38.64106167750715,34.55728131628123,22.144250290881118,28.37502960760434,37.33381300132738,42.27492732646718,55.09547766749962,84.58454781036356,95.0130665626552,84.74101524126854,79.59240095947989,80.39667943530043,68.23231182881591,62.82679174881187
2025-01-27,74.83032839692356,71.79476207368991,64.76505400873421,63.28537724954685,66.91373006962795,65.16696704986408,75.74647776657298,79.11406683401339,97.5216191370489,88.55660197327299,79.657222392167,86.46773832337345,60.509552294769854,68.72576378607648,80.25791462432795,87.71950914115993,91.069273960599,89.75515184310902,96.26124303274725,86.39088750991013,84.59031768302418,85.08241660623177,81.55589654446837,78.79706207645185
2025-01-28,81.82900482840112,77.69835701685986,75.98944494951645,75.56692964465425,74.5040324097853,74.37673474980238,87.09263796593106,97.96027479475532,112.0591391303759,102.74373372130087,87.13786086547185,73.36338298453936,52.19559567431831,62.380205917248226,74.00927496078978,82.50991047843347,96.93422509486724,92.8161312349662,93.90014131313832,88.18534837178726,84.13897606317182,82.51663073557694,79.2236293339281,78.79073204029439
2025-01-29,70.53194340777688,66.55600055843037,62.252060115124145,56.4742551153976,56.702209351088165,54.80510092927378,64.98378011394041,76.62298712519878,100.23934660494614,89.33271728035228,66.38633063052133,62.098648038332,39.02197672297388,49.69561194580121,61.26697981473974,67.53222133538284,85.59269946313671,86.26298866065692,88.27147212345234,83.386302880332,79.98062895269553,77.1774799548601,69.35149148509143,70.608313850921
2025-01-30,75.91939340197658,71.58670517744122,67.63778752032377,66.52916990872713,66.86239240599342,68.55453830132431,73.58505079379302,81.56480944992148,95.6048797413455,86.41742687074208,66.37675820571393,66.31535076344427,45.65075848383379,51.5546674844103,62.502305941129734,67.62926182084011,80.69812652156354,90.64338690322941,92.8834104691431,87.69378727993978,85.59957485059266,83.6788410134398,79.24587357866733,79.81786412565808
2025-01-31,83.49077881319084,81.62546979624364,78.0559369330975,76.88249309568761,75.73444881212994,76.50272994525129,83.3001567763534,91.60740195415109,108.07560798155765,91.26302151833153,67.54762393115556,64.3270743292674,48.33661300395335,42.06444669015654,61.53562505281449,66.98440140403186,74.93472857425567,94.17008425169558,90.74836083946305,84.90558460168931,82.54781992517677,79.85919468241852,79.20213587328075,76.55056632326115
2025-02-01,85.29680568020675,81.35357478415808,78.45820258123547,72.76363773731978,76.23762046508335,82.12683571859776,86.77867365679249,90.71681016972379,96.08110431700307,80.47307895787273,56.86504495047912,47.967507711413,36.40283266643421,41.40740954341453,46.344431582791394,50.65695667055216,67.99600733700143,97.74843465906379,96.79328951140363,90.95610816823014,84.60138573331997,84.00779210286991,79.49066445752884,82.82086108610828
2025-02-02,82.92942892506446,77.15835969253739,71.05933396958692,70.42975904106997,71.01766723714061,67.3883542691314,83.75947655774823,78.37145890347684,55.35709933452864,36.527132159647266,24.03060260313765,17.655066568281633,10.785756767986888,15.141769714343813,24.29875905150945,27.26283538670771,51.423105387779714,75.2068242504298,85.1950048151478,80.70965827598191,77.56690089262379,75.56485242105381,61.15196495583579,61.14718929351019
2025-02-03,72.36447097431527,66.37605952947666,61.127022893870354,62.10011401363038,63.11089071258297,63.215639749313986,74.20972734744993,77.94178235607683,87.84648229145775,65.49842452087853,52.78644168954104,60.412303558895815,25.89322667940977,32.13415513665166,48.80831451672717,53.27520931431332,53.10705871192265,65.07038404336629,78.24365485663509,81.14387077004716,83.99708512109348,80.42821288825611,68.70728847993152,70.88847860845364
2025-02-04,72.82530686051123,68.10656592922575,62.503173111873025,58.320711074697385,58.78646781095301,61.153186776834325,64.60820735498213,67.1891360516708,76.83088132016323,65.22251266053799,64.87594515119025,67.0544123013806,51.10330413403646,59.138033145822305,61.49212889393363,64.16803529808818,61.1138809845858,72.41946036395048,79.62255503997295,80.51959473942881,78.16650495888058,74.88110350249218,63.59302222018924,64.95297983483384
2025-02-05,60.537469447093024,56.2414957412934,52.19059397677839,49.26067130623844,49.666022609567534,50.071092348313634,52.4246131406049,62.36654680924829,90.35517625249788,92.69762127734954,85.00803549687603,86.33004960201968,71.21718034773481,72.78458142690859,74.11535695234375,76.77967130206218,77.85715357988394,80.1246392144976,75.99566594672717,75.80987226302274,71.63185024641015,70.52693020589207,64.45492825770059,59.021832544686724
2025-02-06,62.578932325355446,61.829858109888974,56.198305858008965,55.598888858992794,51.92779990877828,55.02750771086795,55.13644286043854,60.64000408739183,79.6062144377751,91.28479666599607,97.31096159891625,100.10602128136001,58.11949770469839,67.5208314720675,92.89813096389868,90.68586060291571,86.78091085926032,84.61046690091916,79.35573117402897,74.30596721963225,71.98167411474428,72.98262316338564,70.27773855829646,64.77604332978959
2025-02-07,71.32215909873887,68.27494726315608,64.63941821587028,60.92951884306239,58.13202849233042,64.42066039754776,67.47813246306256,68.77742344623559,82.45684808177991,78.02393399903085,77.51425517946116,86.63019158447202,59.49316196547099,47.755515650176775,63.53851177180939,66.94693619015071,68.21757483155228,76.75987281748739,73.02642450513858,72.92328511134741,73.28949687932278,73.8184187100619,66.32910355845306,60.43336581099984
2025-02-08,75.71341682688664,69.30436520783343,64.26650117791664,58.89086214292469,60.12483593435258,64.36052460817707,67.6799966775766,64.96232198839832,78.1152791269142,68.40887415864522,64.17898806871158,61.71321259005489,38.745140343506286,41.4428996495343,44.51753599527139,45.00837035753935,53.29885488941795,71.56854339622764,75.98536136611324,75.72535411640509,74.46764604621697,69.61157356141166,58.84013108042943,58.72117483381112
2025-02-09,65.19647416257446,59.058700256259854,52.77942796956428,51.91738592436621,51.489082780024255,52.38581275346652,60.87575432966224,57.447754795650425,41.42363434672657,28.866518987263035,27.257986758712693,22.18273794126966,16.274319622822553,21.068259754547938,26.460509938931956,30.077781556511933,33.621360205027315,58.44272116898984,66.36061145666706,74.01718621775467,69.42427096882616,69.35242040182716,52.083378087111846,53.639930376174654
2025-02-10,63.551965632559416,59.47464617323332,52.574946555829115,51.89601720814442,51.08521802014507,52.58743841660048,56.86265999495437,56.56874619277178,71.70755557458803,78.20813288241068,83.79565715418019,75.56607212194972,51.33143311999436,61.99748907686693,67.54357635287504,71.87851491208036,77.17028881777804,75.5792949907512,78.35690481063027,74.80040358772277,74.53779798601445,74.9937944955255,67.55150628794166,64.8474708751986
2025-02-11,74.4224711661141,71.66361066428766,69.09049443428087,63.98378253116912,60.38466871833064,65.50437060811527,71.02483844178684,77.07624398356553,109.5810866440104,112.44000975717393,109.15761380865382,97.3871980007547,81.84103617401905,83.1208977844405,91.81513326338958,91.63163472132759,88.18741791335864,81.91648056794165,79.53087989396046,80.22826517740111,77.1441603450629,77.25182737670974,66.45256902677644,66.29637116129038
2025-02-12,79.55635261993305,73.7313877823862,71.43085086913507,63.28632070704388,61.26988523798318,64.28123372200103,68.43998609346839,74.28196213621214,87.7749955885851,92.90848266863287,95.66915100676101,98.68597925185256,77.49950079070638,81.69908790646382,65.86617840623121,85.74282100169772,92.06735453775579,89.08063405809263,86.09875771421038,81.77899382395168,78.99378123816003,78.24283857422049,70.24815048235693,74.64115556813616
2025-02-13,64.7258516480602,63.43120338853859,56.7299912643646,52.725513421556734,53.52227658493759,60.492468082261766,57.65935243976349,64.03998142067535,90.20474142660467,86.994732966413,89.09747156860817,80.91924604753271,69.07980179180126,68.24843243040868,64.80974170191189,66.80300924741965,78.95518609334111,82.8055955054216,83.49297015223067,79.93836329928439,73.50339319524751,70.98029947913447,69.17202107046731,62.58938174396735
2025-02-14,67.16425714213523,66.6710063407443,65.8776576092133,61.79598524412971,59.39248764816959,63.310550255963285,69.6552619617325,73.81599919558707,94.90765614911416,99.4648709430473,89.43575978056862,92.16673096593374,66.21075862436147,57.667351465182215,77.51300319319604,80.1520350041915,89.05437667337085,93.26960766449145,88.7830926093999,85.37152830738742,79.66134994744175,76.73637061139047,76.80338377788031,75.87643007645586
2025-02-15,73.45014828414426,67.87905720529578,64.22055750447419,57.15332226345558,58.404728268877356,70.23321930223821,71.63263194406758,59.12912882851325,75.3072702572862,69.1329513121343,56.10890444677069,48.1515685628932,29.774118564315938,34.831547686735306,42.595450027287185,40.11514920840742,48.16291308340849,66.54119503523671,77.54383283091067,79.67297810667652,75.64313385033647,72.61459721220002,66.11275372582676,61.40537900590529
2025-02-16,78.08519714060756,73.05830589730797,69.6949077467497,63.409914525280186,59.49925282896549,64.0016792866148,74.92948160467837,64.23645640767988,48.76544283311568,36.64551499304378,26.913787917818862,20.60980488428083,14.037367482217366,18.592582152908967,26.114445025131502,27.47734383466824,43.17555872527708,65.66799797942481,80.18558516490414,83.29655020366407,79.17296021771443,75.81465505632913,62.663187409080614,63.695452799515564
2025-02-17,73.9559811165697,71.11573497066031,64.20620359056204,62.317008266111074,58.37691493580386,61.92231060827493,66.51384527719883,61.30948458767201,78.65401323948706,76.76810050087096,73.46626798684562,73.84981959865745,49.888602638252394,58.0980970469405,65.74393481124028,68.05754991325875,74.00489275978867,76.08154229199846,85.47820019524593,82.11067261307676,80.6511476005537,78.0542516115702,71.87723131407546,80.17656367162063
2025-02-18,70.32279954008092,64.91672917709724,60.19265651670368,59.01399051821048,57.82629803580619,61.65302187414843,63.40000470437802,66.01367299722226,65.83823491696475,69.19855180244933,68.85004869353781,62.92522349852749,54.34205527873992,63.24854227925164,62.02464397591078,69.31941168825003,70.39826552064187,76.81329621508591,79.1613950080534,80.96390187611799,78.61809920085373,75.6315639333498,59.14192050940757,59.09127664187189
2025-02-19,64.49555397261358,59.3684814667068,55.35548183802168,49.533320532609714,50.45443552134123,50.223736948942914,56.131600602423774,60.49683907786791,66.38145538784488,70.74875459116227,75.50188217019704,77.27535389677931,58.792231203702926,58.82678431769945,55.30496526862845,59.57509268151892,67.95723266135013,74.9229720013079,77.18732403625258,77.69806446776589,72.16022821980087,71.96350710652187,58.78205362343761,52.17940837939992
2025-02-20,62.89769673140249,61.65820850751799,57.36712041037827,53.94574251861518,51.35354800086968,55.949576668149724,61.920629934680626,68.63999034232005,81.86377129491696,87.88008298737115,91.67706977416103,92.35319557296266,60.373720525469835,70.56550399376431,75.23702027384802,75.40251319477127,80.60811398164667,79.59780942424422,79.95794690970615,77.791396876393,75.244461991394,72.19339214017735,66.0579980935328,65.23447784639652
2025-02-21,63.6006936683443,59.33610255876883,57.81592727080189,54.88930333241355,51.70702957321095,56.61832461420089,62.88258726375887,75.27814275834506,85.75559784072978,82.60685942417373,76.9401385954,76.04640857448018,52.03384594933126,49.3958152801596,68.06704122066269,66.8316086257861,73.30953253050083,78.09278095560369,76.05644286209717,77.45986758463658,73.45908493957083,69.8133604704762,66.78700195982601,65.21419064969257
2025-02-22,74.41237607680834,67.58318580108197,63.17479962264427,62.948697018372684,60.87992928541635,68.95883145173757,69.10498587626076,66.08248145805476,86.3747474703648,76.28474728952366,59.33268039310082,52.51777054944738,36.50722555117695,44.0021956248774,49.4404484698768,48.89777599120775,54.5324073980034,72.81354074667662,77.52851671461366,78.2505423329175,75.06982537626882,71.67150872176387,62.811195105722675,61.414566185950555
2025-02-23,67.99811831230171,64.69804503508117,63.38062094629278,62.45782251474908,60.66707210469131,68.14977621814107,79.58664685612122,69.19559634610407,44.60181835935089,31.756276801606738,26.93890523557486,18.69533151325151,10.633475154928282,14.660238853146499,21.0607246118184,23.73201004878958,38.60003861518273,61.10036828751508,71.23888063826206,77.16768854784988,74.63687917855577,72.79399976212622,56.56777866355126,56.1463392489677
2025-02-24,63.29115094325359,62.84884857832558,56.767286696132714,55.01415531824346,50.73600879576758,54.302445396466325,61.4557862616536,56.67039705258521,81.97744311741918,73.48311341941611,73.36794414433444,81.20962219331162,50.11851711325626,52.715100371730706,54.287785657100876,70.94847535464925,75.68686344323841,65.04339596371989,74.72120485054961,76.73391406499007,76.26016634526334,74.086599210605,72.296501547454,71.9225266270037
2025-02-25,77.78111251334748,75.98028307829765,74.91267753780608,75.22752316958298,71.72198484655837,78.1371822655094,80.9804676640791,89.85251536047204,88.51381216704743,85.87021151458491,92.3565241052715,82.6028989222177,65.29093451882365,72.05542325689314,66.93637257839501,85.51472354233154,79.15809715621414,78.42520840340401,84.32052741427322,84.06415399868085,80.78086154340198,78.50081327855665,70.00284075804193,69.49925221087705
2025-02-26,83.09039215606403,79.31547813199336,78.92000328018644,73.05987182218065,72.89405476748551,80.39992200829506,85.10294976313263,89.85950891216012,103.0971372708644,99.57606543015153,92.8575236176565,81.68986103907528,66.20630589662599,69.60051136423992,68.22591913832159,70.88653028910964,76.70717703003538,87.9249573326867,93.15824944630644,88.34519363530893,83.86236728297659,83.22685507760639,77.04771728407886,77.01327276577541
2025-02-27,75.60842125591175,71.6349134839856,66.8849242131801,58.347379225278104,56.212847677773965,61.78182819413741,68.14541190837689,72.96131470692528,78.89792036442603,76.35234922623103,73.13888816879809,67.04240864316098,40.42404026001219,44.58354352690028,50.87390045613881,50.72005958538338,56.61538785821786,71.25444039617238,84.00977774684551,82.71606854017992,81.44202058339069,77.64165903532255,69.86696550760156,69.15916818888213
2025-02-28,70.96147372116374,67.44457264059858,63.32592808231001,58.90411190520788,54.68046856616916,59.86386926759513,63.64675238345337,66.20089153050613,68.68778733663038,61.78963516460533,67.16883462648921,65.57099297862655,50.33982934358929,44.10718645664271,56.596920861645614,54.079949232353385,62.261743904983646,76.0879941400308,76.44915499091105,80.68701824678907,77.60463402374927,73.59849140842097,67.68250400484709,69.17943205358337
2025-03-01,77.52727916391447,72.60905828528722,67.23984814551233,68.02813251570305,72.73463188374895,72.13178273447052,80.95228043941617,81.08597678130927,80.09854583823922,64.16343201197058,43.83701160004473,37.13638445540889,19.44394337768569,21.81534700828119,25.847890478924263,30.70082508026536,52.53532206995473,81.43542167962374,86.3738629757373,83.29592373396451,81.23694455658416,75.74669688225953,69.01965237712544,63.78247281599224
2025-03-02,80.35223522493384,71.04884134118603,69.58403763033257,67.84173431570086,66.87291140028482,64.58482162255298,76.6048534432751,68.87980006182374,45.50982464312677,26.391792912946084,16.95934906384761,15.559742048186902,10.478861794992552,13.364466554656392,33.64550995240226,26.620240889513113,40.24108067795281,73.33085668923486,86.46543844637536,79.71518282056996,77.99565425785109,70.99624343961564,51.93063567682972,62.765960982391384
2025-03-03,59.360307260419425,60.45024644536643,52.986931797108056,53.9420476472252,52.5701540241563,57.19482298601074,55.10548158370189,51.672528240074,53.21427810517932,48.16279482021125,57.25772578879626,51.35702923562711,52.608423817290145,55.26364289667948,79.90311072483692,63.423930545481895,70.6549381931633,83.60268059687345,79.39096917180328,76.64219643603217,74.92413580120282,70.07443960738523,60.34768123808553,67.11788054981572
2025-03-04,59.098480646943436,55.97986539274897,54.29633981669155,56.94191493379884,59.73149766484936,61.9125265667988,67.0915642392915,77.92504690552697,77.41049765533971,71.49250253619712,56.38468514237808,51.54241798262504,37.29257678498515,45.78862734148977,62.73626393515332,58.71797889811947,72.52193750438938,85.34584244284841,80.47767940867264,72.97954716194123,73.9290809385741,69.98969186602888,58.86678020428037,54.985911056943856
2025-03-05,69.16443912204953,63.82865183984332,63.9930233623142,65.42292610495538,63.496935567330425,67.14318744697266,68.67361749326048,70.68373412823809,71.60286474915098,57.05411083281792,42.75759681307598,38.67191419971218,22.229502283072723,27.01598234782302,35.967734593190485,36.514037757907744,50.335655276566484,77.06374573717946,87.7375042174274,75.56598273368623,79.02524828041913,74.59968823123629,67.84071921888481,74.39730934324434
2025-03-06,79.55811661405559,74.60247038765995,71.0198756228931,73.28340445061228,78.04099434051099,85.09681586394737,88.26924185236342,92.80795063397112,82.03570522557008,61.809754604129736,41.46585534717165,37.56286066732555,24.02664998291654,26.505479767694016,33.39334297683735,33.75299843051549,44.49087695292312,70.25961900666019,82.20476210681798,74.9601778019671,82.36743288598556,73.87897944341377,59.89822965102827,68.69232736540067
2025-03-07,68.5035871674392,64.25517193470492,64.95860599000733,64.97152088130578,66.47891767277075,71.08866023517133,79.05811146102128,86.50088677126455,94.53231960911097,70.86787539241229,42.48433314637259,38.5940734333181,22.78691949589527,21.676030570458984,33.626157398998465,37.48531431866026,49.62117124263993,74.07168246114698,86.92937087456657,82.31848580944674,82.14095288475947,74.20021290221325,65.24254127116494,66.39713023673572
2025-03-08,72.83832573476606,66.75708614117192,66.08415374125781,70.90251515714513,78.3133696546819,81.2799504752912,82.71687201052895,59.990034195967304,57.31587854263982,40.47153091308396,26.839684733486152,19.261090754567785,10.954985953141655,13.073819939367944,20.499491116669486,22.50797865333442,31.880552700673803,59.004249640803245,78.15636323797644,78.0905796992115,79.68897666645218,75.97412828828368,57.937374286116864,67.38872242254286
2025-03-09,77.80354576710077,72.37700247437914,68.8654476491016,67.79253501415154,75.37942735071763,72.12203786325863,78.1551914340762,56.08752677198951,28.127018286335893,14.123546370947958,11.811999704487285,6.398778865094507,5.013998588195923,4.674961082632715,10.856006433972189,12.822688277644872,23.983507845056792,46.85135438912497,71.9893558742729,75.60695007844022,76.4790213337422,70.80994821496942,54.037546524220765,59.59285352327468
2025-03-10,58.14744769829,61.26231897823922,63.98848330201385,64.30291460198227,70.27922383159975,84.82981010890877,82.01110137195728,83.02656373163221,83.43964895313546,75.33006010936305,55.28468965894846,40.8321015632782,24.574425332784724,31.798581790049095,43.29630049003219,51.87774780700813,86.28326518980414,87.59808941431841,101.921321897312,86.01536983397177,85.85689376994053,84.8679831649731,79.8264794597563,79.27483786809972
2025-03-11,71.37472640926426,65.68977264037038,56.56138217640321,59.76644315566184,63.62456117678836,62.709857028269695,62.33042199747146,50.1794120297237,51.82607168758011,49.347683401050055,53.655320076641694,49.401917510896624,41.65902264777821,46.6544265661613,48.73438442698055,60.46234787029429,71.71230741800551,63.53007021323257,75.84230243959321,78.3595393426685,78.79387266908972,74.08823552467437,63.93565715188088,58.69079394447927
2025-03-12,54.47231563160631,45.421500217806795,41.83656174270802,40.64382395956166,50.94527730253887,55.95236468095742,46.55484906884729,36.61783333205414,32.06247799342248,35.02428282589255,38.465808840890446,36.94431245291729,27.59921665879589,23.373432001808432,28.68713792706427,33.59837489339045,45.84631874709731,46.213611284138786,66.44874424153676,71.38944314163045,74.47200394263227,73.94814677479793,65.25546779990894,55.10503227263633
2025-03-13,62.9330419263155,60.57611001119548,51.51378522869686,55.28399990583771,60.61601605585599,58.48453322158888,57.58863662752394,63.26836736865506,68.0171121214752,79.46746427020928,79.73052953209293,75.82381284780226,42.777644817580786,50.4891751578153,54.82359796131539,55.85446442734603,75.4789711334334,78.41330756642823,84.59365441945056,71.13557826460047,74.09396035647622,73.25413849871222,63.001778639861,49.15691489641112
2025-03-14,58.75528048763407,58.644327062234076,46.12316556441294,40.449292178030696,51.14550722600769,51.48916847209939,49.81113733815655,40.556241956689746,48.31722904965029,46.51562682916074,42.237214766880165,38.75833992232712,16.2680307439741,19.46077991404877,42.649691780134326,43.888799100477335,54.74624490830637,65.16435986459206,67.68217351882858,69.71474212601731,74.16743490861604,73.31780301786381,65.2777428862219,52.362817958005536
2025-03-15,68.04029617267548,60.537365369968086,53.85617230602534,58.02342137169118,66.67605794340093,65.92530047562553,63.35609923791242,50.16740241454289,50.70922588531438,44.46576015492926,46.14660320793221,37.62755059389218,15.666666701300231,14.852764354943735,28.873145680896705,28.39810726605576,42.04394693757223,57.55345607806705,76.4872416645427,79.61339607925045,78.60523935760206,80.10091963731435,72.17490327282376,51.25456576502342
2025-03-16,61.95113977817092,55.13792381363997,42.346049851779036,43.836825027082575,49.614122170841924,46.33354896558874,46.98388497282299,22.715342144489835,13.38049801178967,10.010286710792114,10.03880365130485,6.596508759688041,6.377552533193463,4.915941211726386,7.127164769746625,10.965861301901375,30.533941451218844,67.5444806299845,81.44459786784368,70.99722740292871,71.9864015188265,70.34008243006693,48.85552828515185,37.05910988252128
2025-03-17,61.5082581225536,52.229277240731435,38.121821963063816,34.74484294679548,49.82406544238737,49.087901363890175,49.30646067817406,56.37959446592189,58.39188228722189,59.24152949645562,60.2658560431233,61.16153557649281,61.87041301180676,43.25115161844569,53.809510101045646,64.79497582147877,59.6167269138554,88.01022874537492,87.44934568161796,75.46193393863895,76.51110534343668,73.26664248611888,62.23749152278398,44.88959036806304
2025-03-18,69.01173111364513,62.19772489478679,57.091131899042644,44.98802273085571,42.22457752262161,45.48902713589963,61.121372621613396,57.268431890416956,47.90201127050465,50.10983781514814,48.15461638134624,63.415168846627964,51.325587666331906,36.07934073868535,37.85185566155928,47.046757348535024,50.39024482429085,72.16573817292314,71.4701263544236,78.52711654076195,78.53900413633576,79.1288750222098,83.67264733188468,55.44877544514403
2025-03-19,56.37745636971571,49.22229781231063,44.75712834692741,40.232010584096095,50.75872841480704,56.40549874099739,57.243062072441546,64.5873670467631,81.09866809649535,87.72155661105053,68.28566533735214,70.18693993270767,47.11282614776582,47.5021327713228,58.51836209296265,57.45676437049366,72.70831989712134,91.31173597083556,86.97640885220837,76.42752285797202,73.06327371869396,72.1476286341845,58.99348606728816,51.22459820117674
2025-03-20,68.00301630572238,61.93493333576701,53.650506597301444,55.397221177891154,56.77239442124824,66.0122306794803,64.43067944951653,60.402668674882,65.6489261979815,68.23518051476333,66.46764592385661,69.08010526005593,53.53423604205168,57.34002170714537,68.87975559289352,57.40230020905274,87.78704829640238,103.3224788899166,96.00477686398811,81.49683823865014,84.59831216253366,84.15347661018149,97.60870516372711,83.3315579487398
2025-03-21,67.34189597874179,63.952708648291946,58.68683262886452,56.71108881287472,54.680168655303525,59.84078661765639,58.714190414086524,55.96319592859793,56.675213639551565,56.79177973253027,62.025092599988334,58.27052332128246,45.47818559728774,35.755958691646974,44.04499373585284,43.708362074079794,45.55589939237482,67.37004662965538,72.15611872804088,79.82546034807815,80.19852251784891,81.26889450828442,67.75679802304579,60.286787165279506
2025-03-22,75.59556824406125,69.47231899222793,62.67244546350072,59.50813259580641,63.503129420117304,72.7889253139176,74.81993576577212,58.65511019699226,64.36901266721475,60.51154822054921,55.03335365996564,50.563866996032445,44.32666852467132,37.34765854970093,42.121139303347526,40.870118879086675,57.31032851417268,86.16436968892637,94.21390897503497,82.7328258586099,82.54768737797517,82.21957057114678,65.92893994882458,70.60901700584978
2025-03-23,84.00067395859277,73.76805469528087,52.7024253723959,52.38719682876809,54.16578228057109,51.658801284579965,52.09826965418813,24.714585681027724,12.213025672763326,7.850867127500845,6.378730206958005,5.236083356781654,6.3597512075196905,4.59244897044085,4.191680976886273,5.361192895805966,13.988546327506771,59.922598641780006,78.98546337507578,77.33104085947808,73.55607920038769,71.82229065776707,51.38933797112653,56.37832722139322
2025-03-24,53.54686739148348,53.02066408917748,47.18803461349819,46.218839424718475,49.26869247457996,59.03762970593612,59.38270853467543,68.38762494239398,110.83055895282692,150.01380905209624,96.41484819181363,85.22840987188304,39.65155469286399,43.95737060904331,69.08309118367504,91.504394434168,120.98378214696899,98.95913359292807,99.63017955554483,87.44634374735,83.79095781610404,88.13981803978666,72.5230064106366,70.17733987896318
2025-03-25,68.72100198983804,62.59180827671547,60.253118794782104,60.00633476600153,64.69244421425414,58.85811270354163,69.20527496216154,81.40994952029035,118.77588057493118,133.6017123420236,123.16248973697984,104.860273053355,59.114230247120275,57.227126306164294,62.60369347978635,70.18189348990947,102.66134603817757,92.75714166670689,85.50539254030699,81.58989346283118,82.94846242986588,79.5036076896471,64.95722917972732,55.48324458170003
2025-03-26,81.93014816995685,69.73861331880714,65.92596406408325,56.23299592731302,65.23742841034064,65.77993845100768,66.8001449126693,60.903440254004984,78.17992748437696,66.85131354899845,50.52710228197133,51.173968249748995,31.01826096430526,23.9399957290598,39.174525658756714,45.42260298358959,52.02533513420172,72.32467291079999,83.15348736978542,82.07293741877746,84.13438086222772,83.2171523208698,59.9242485028284,73.44753882412262
2025-03-27,79.07286747139162,75.41569385531906,67.16802496254728,67.0718904645316,70.62485107108614,74.27732104115609,72.2707353440314,74.55175721017804,83.78519302052493,83.51910482030384,72.10169099803701,60.61461866951016,49.21769320787655,41.15506387884017,45.29712849313777,53.58321438150949,78.65040499943149,89.94205481961401,89.35497583402167,81.9627419593581,83.60633877876546,79.29009223857446,70.74516553466366,70.62078529141795
2025-03-28,66.53807602171382,60.483298935267506,51.616956477871966,49.509054928348945,47.72410204186584,48.7961070727311,52.11246327849986,48.310857702804306,57.25216847532452,50.072607720066266,40.68038829486665,37.23264901639005,29.73591477707439,20.348613717081125,31.07157612996217,40.553069493719654,49.58350887766013,65.0955286841103,66.5814181929856,76.39984417661385,76.89276820889474,75.8411462353579,63.09798049014989,59.32483320972396
2025-03-29,58.27443030903807,51.002890752689666,47.93327987232688,48.82616760801683,50.608748980470736,51.98219197750312,49.83886707318537,32.93417115195248,25.07533831811514,24.318823402698484,21.552307651077154,16.91784189944695,14.745732273346084,12.55263662295352,14.89228842813741,17.605219927427658,23.13554957183115,56.10838135775625,64.89186721306764,76.56567475979112,77.39255535092985,75.58396137733443,51.01680263765369,43.074587299308064
2025-03-30,54.116023804962055,44.09998509430627,31.982407203121063,21.62833037288521,27.612198096928537,29.885472759529154,26.186787322337015,5.692699646699894,1.2076959595386652,0.00835412806800344,0.03469389414553287,0.09198454490391136,0.2530847176455244,-0.04922848341558305,-0.594160767092272,0.07217571742635134,2.134232239018175,18.346513582370903,38.70455044787556,58.08240520843788,66.11041218034102,65.49364664158524,46.96089480856909,41.19279677570545
2025-03-31,51.0420624421395,54.28572507895881,43.75315735523557,41.91496795713172,40.499229009374545,36.53844627365778,39.171654856875506,36.94083051476498,15.130161553325713,11.746877480138147,7.895882726062984,7.462205627152352,9.170189697847622,6.2965661287026755,3.7947162713526135,7.162367563366462,15.687512033057455,32.76945580296969,43.74919583228095,73.77664608902768,75.07839997261244,77.38521055033584,60.566890202339394,42.60039349023334
2025-04-01,53.0262115181488,48.16383982486336,36.12993769854271,31.145661429529603,36.18814676520806,34.958855085673264,36.12249626558246,29.180968808987412,17.36975297252195,11.230385681440968,6.548419815347596,7.422040658055936,5.4707247380827715,5.917508073371765,6.056184943278949,8.209157755369489,16.45357423548697,51.02800580323921,61.199900484465054,72.59162473919764,76.95295831347097,77.08049062866499,50.101830087565354,46.704907418348775
2025-04-02,61.012161842134425,49.146198022482366,37.49305440319347,30.202469219386302,27.970122091780986,27.283564912407655,31.154584692635,28.77055413947763,21.218921564178906,23.800798895799787,23.14298040054833,25.315063436205193,25.288028806950912,34.457533924916646,30.91186861305026,34.83453543924849,44.96479450386714,65.04208188211828,67.82596320644296,78.0702606819739,79.2072671690877,76.97106164752456,74.1161206919937,63.874235455901726
2025-04-03,82.34845008101765,66.98760314594662,54.14084907691973,43.989054499817485,43.77212137906029,50.13391077285579,47.77927990911893,29.741943543525135,35.74979662571415,38.31568916125482,31.393677048554625,28.946809430673273,25.276575773244552,32.00226454350971,32.49364054728169,33.18430939499479,39.343947931619304,73.04350552832877,78.20299396248373,84.24781697572423,76.76253193088635,84.38536770934603,70.4634283703629,65.74929406110243
2025-04-04,62.86011414342393,56.479123241891934,44.886497770313454,46.79792424358941,45.452482392554224,51.41275037987223,52.49592168060059,44.94999529745332,51.25672862462821,51.136004286185894,40.61213939591996,41.10464209081657,28.478044405769513,27.401811098148908,28.784819388114695,44.975803833224,53.55016216742152,68.60744640048112,68.75392049873933,73.8245062541735,74.56941860382115,77.25098681284196,61.6884798530112,50.814733934160635
2025-04-05,69.37180910831869,65.60648950687641,56.89822826226161,49.44082882257744,48.353473722157545,53.38485566243568,63.253209840634206,46.96477020623946,33.34833641158575,26.43922376486133,16.69900180915293,11.446670892153376,10.82559060410596,7.806372909786642,7.071895692003945,9.855649301126991,29.05069526813278,75.1876752903103,76.50926718294616,91.40474332126095,77.92458930485833,74.89483490767597,57.10508335091522,59.37578868937279
2025-04-06,68.61979024494622,63.88777127345133,58.046833274886296,63.93025492745372,54.80513341780795,67.1557442814395,70.51523305106748,51.59339364939117,67.17258757274125,78.81577057313481,55.87214664077314,58.184034148009204,35.80998190977503,45.36399825096483,45.81823409410277,56.49515115738736,66.80196804848056,82.24980727534354,93.82844009127234,88.42923556123915,85.28573929583894,86.1511213204674,80.99805887940886,61.42834951939818
2025-04-07,93.01589672960567,88.92039148627713,95.02215798531309,77.89644384524813,82.49164181572907,118.81699873612341,120.47337409047185,149.6445804099595,292.68563683941096,459.6886469308693,286.0732241344864,316.5866855893436,315.95902654979216,312.0280248980718,352.6315338106025,233.20853334087022,151.73872814047812,119.63891986806603,125.84686626507774,111.03585690052064,112.79688377707083,105.3977917553666,101.30255787835641,113.46256192224143
2025-04-08,85.36492621668445,78.27737180676381,64.57760990899315,58.1659195261014,56.281392016862085,57.37313399128002,57.04705981533248,45.62813523810415,67.22970567653975,84.86580907710963,89.85102853234308,88.87612129839061,29.97148550948831,48.5611231178235,53.81921774103448,61.57401982871292,55.69722288451468,79.78446696591524,86.91197145212267,89.46251205843458,89.31711641303163,86.95978670765328,87.26218727417282,82.00999692752644
2025-04-09,83.82599777472683,77.32823302826787,71.60433165648728,66.93211655596656,60.01196559121225,66.43050580127095,67.50817924198812,103.39053447710998,180.07542196679498,211.89204531582578,191.71342125385593,195.47075174903333,121.49052544266414,146.28379871785555,168.63533930228735,179.29949387334875,145.06381229839528,106.81926361684967,89.66312890981806,95.1447662590837,91.9029709101447,96.35576638777148,98.44875362055024,83.45750489109577
2025-04-10,84.03640292890131,77.95432672577289,76.03282884700813,67.81703942047365,69.32305628210905,80.56964124580264,77.66060308136386,81.50335515833987,93.65086192386727,107.67642693654659,92.45546165947859,98.80407039397777,84.5215486808503,94.71730754059618,95.21593026853017,94.13775483665718,96.21105420472286,90.83478554613086,96.0544906753769,91.76524253331219,88.87494238904135,90.32205036391852,91.61639671881336,78.32791845720713
2025-04-11,84.85872598518172,79.39414666261466,73.44168227911514,67.77149237540458,65.55974012170871,72.82406526215418,75.47367998030067,81.43740812568818,124.81897993620096,119.61304958332484,114.7385752083076,106.76946428702216,75.2611414746777,65.00208397005686,109.08136831597652,102.83947594806853,108.96536748815447,102.1364234034454,88.69891398266952,91.87813232855555,88.95486732057712,91.97753486789773,92.3328395886273,81.76844992199904
2025-04-12,81.64397163210822,76.96703025004823,70.82884214378115,63.833965031430964,67.15256834538864,76.7579511116114,71.81858815832244,74.68536673370741,102.39663293995963,105.09560270134381,88.83871827471117,74.26206715955523,71.5858866236078,74.44303256909313,79.6650839274695,77.84120698878309,90.51916544586597,86.36913102105063,89.5489576865068,91.94022469083228,89.69242274329766,91.05471414003793,83.31768861564701,70.96614734383235
2025-04-13,80.34196771787163,76.74668632029625,69.11772941550687,66.04442962788227,61.24561047273991,65.57482010773325,64.97938014067441,48.89379254810228,35.13022837631367,32.29177710474974,19.393839522678597,14.286872783815964,15.595438522321912,17.63800278660792,18.725319879086594,20.981045351866765,45.21951874918771,87.6829079083037,85.0529087395481,88.43765544618053,87.72528294959744,84.95321379360492,82.13091284903103,75.17835380622023
2025-04-14,80.16828406259194,77.14414979682496,64.5874113087286,60.928693291415755,63.413674739699275,86.2802934605218,77.55537736104488,103.76961638952086,137.55828118274363,196.01944294762535,129.6737260479598,143.0618596616094,246.83559798921266,243.64747873480744,229.60713334077295,144.38958396855213,96.96912862095714,101.7010836623708,97.95974153298876,88.6821789658605,92.2201570798748,92.35033418252539,85.90176372558344,72.26586546848068
2025-04-15,84.45355494967993,80.23596232184649,68.92220777001037,66.7550222833802,64.86959052908318,74.83018085148792,68.9361281547507,65.6503973369623,102.84049582573289,100.22971436894842,85.63414689039611,85.70027020417973,72.4392385463914,90.43533387006312,105.99351803345564,96.12975414789373,86.80283235417916,89.65608496749093,89.35772833413361,91.84378685797986,91.59344681035893,92.65879051614746,86.10213260101979,77.21785357625583
2025-04-16,89.62333861916002,84.67386594079541,79.0701962706636,72.79800935097965,72.90528257249791,83.41628711931484,79.08378438323895,79.15230718292733,110.48387873451162,111.50475332934333,93.81540565494274,93.81299519497017,86.46005623718872,95.78965009319714,101.45783318717709,90.50915327208824,93.15399402447353,98.24632699547793,93.34807950034542,90.94124690903607,91.59432122987673,92.98836055524761,90.26705151758023,82.30919010281953
2025-04-17,86.67228551435304,84.85327696563921,76.23069637795649,73.60328772478631,73.39663424955413,81.19758223072623,73.931557043995,74.01955847584956,104.36318145506256,94.387996903953,85.88390434105696,83.74718647134829,64.8254549600381,82.16266876181487,95.88967627550619,76.0782783676713,86.33974763274806,88.89534455670974,88.7595193848172,89.97312106942167,91.26286490751981,90.50458186526394,85.94255650543653,80.07683433473042
2025-04-18,86.40504343981772,83.34862477944347,77.18246476769045,76.60623639991998,75.9881289274915,81.05436293328702,75.50854115089129,76.25222960859453,100.69332627689784,84.94025476731171,73.30100630026506,73.00478270072121,57.71774752122819,52.417712840743924,70.23294499901013,77.66158030695745,88.80008332542975,88.33322095327632,82.21733104185033,87.06657900725583,87.93174852046427,86.82769708352401,81.0611969797457,71.3493520313302
2025-04-19,87.46629008325694,83.46875723056422,74.85677812836484,72.03443716548922,73.85786896839842,85.98900038693664,74.05389254625032,59.74635656369232,69.4379383567938,67.7479313700276,52.721191268450774,48.53064002005047,39.783991364829454,44.79408651150955,46.65467170332307,45.113193508507315,56.60802726254929,71.96915946160522,78.14481002100744,86.53950839793042,87.34813514215155,86.3495783267053,90.03820488497792,69.80292824108615
2025-04-20,85.93579663606634,82.37297904507645,70.68423202439094,67.58676489569457,67.85824961684803,72.88318389006935,66.59915814603953,43.29540026735018,32.354218393584695,19.357982631842457,14.269253086088415,10.19661063396123,9.485528955074164,9.159242544293528,8.16315833988504,10.284456773763662,23.62463425128688,47.72056106257691,66.37278843521544,78.40266986982427,83.90484357098155,80.71697570238467,57.68866008299533,54.17230105641908
2025-04-21,78.6822784510699,72.37610498981516,59.347323391166135,51.0542956672728,57.35326546662418,62.75412861378111,56.58112694611821,48.75104711890808,71.3373395808035,66.8787214212584,60.010173754990404,48.54091445083309,32.241321403849156,46.96277285492196,62.37270732700494,67.1034580264236,77.78198821784777,93.50141573592155,82.00986636795831,86.98159798218393,89.2245533596161,89.53370016524677,79.0611455424784,71.63022498980301
2025-04-22,88.61478616925265,83.19298444031293,78.05656989901317,71.18517554691778,72.025348552496,79.706379676378,76.06654922364264,71.93597077180145,128.64923246351577,128.95017053765866,98.89245486850037,81.22503138963269,48.74638253922507,59.66026528918346,69.91282232719936,70.6201598474474,99.28005366837013,88.9849808933323,78.84084165829448,88.49488082429569,87.70749680929211,85.74752009415865,72.47941537264545,64.60610904388554
2025-04-23,78.53036613805526,78.26018428822034,74.18243188040576,67.58452040568521,66.1832262413466,73.26888731445867,75.58057069584538,57.96440362603579,49.327290578892885,52.244054094425,32.8232893339273,34.71250063036774,22.605859838553613,25.65398856622335,40.57658859749462,38.216360954849,41.55294673129809,78.6197194648061,76.19847975377198,85.30069873883511,89.71722539275736,84.94183606623683,75.82370018314721,72.90759138950136
2025-04-24,80.97832878785124,75.67578065357397,68.08434463789668,62.65356430197883,63.90813436890977,74.69480141317413,67.33195283825268,55.93477834181881,60.50392224059727,54.23195555843423,40.48090005241536,39.60641991892968,29.611915429876355,31.354393919990788,40.029956965736744,38.929786639957975,46.89181776959522,67.37082083031989,78.81042054114994,88.94124155967721,86.49359028616719,86.13301935365021,70.54388966270724,67.9082568634478
2025-04-25,77.17717096713619,74.32185727278076,73.02102707003323,68.19953695942498,66.71702488786038,70.89731875474499,66.82059746649658,60.553848003679846,70.55796130504874,58.98156308555947,48.49208754623971,56.47035579129606,40.137196459283764,40.714771340400794,61.074217392902426,54.17437931794225,79.7632351316228,102.63464458520575,88.4384378156166,89.6221220436303,90.50888380029224,89.52487771930907,87.15380282583212,69.0263607834695
2025-04-26,89.03957910622063,85.36335230624233,79.87412909129574,72.60617313010094,67.05453299750191,76.96172720426894,76.48779917523936,55.80768867617907,46.92064007034346,40.2093274891469,27.285202518081118,32.15500784249672,20.827891648494823,24.43102819988962,26.260142620796394,24.78693181236397,35.67982108595068,69.44173076292357,80.78811253520568,91.4818573201943,93.4023363873678,92.2778068359912,85.7405162064183,76.36291900657875
2025-04-27,87.27928254970129,84.8795447343482,75.79468320054009,67.1919133806871,67.63543694462365,77.63583731672585,69.07662373599966,40.13293391871278,20.346709779628206,16.19783769762681,9.416249711699438,8.091226720409553,6.987191030599148,9.339653529786396,6.941571268529525,9.273327529754466,26.686248183989555,62.000066848414626,77.76482388743122,86.8725073333458,87.94419731075692,83.56250897428171,66.83243940438201,66.40716447957777
2025-04-28,47.124503577780125,40.85036392985397,32.463671136215225,24.75725595079247,25.66964216361155,28.304722239503725,29.23496846518462,23.708943210783886,37.505476977753,27.108181467140906,20.80550149933678,19.36183452876626,12.644827122264536,19.264629028671656,23.973897805992756,26.649927384815378,38.445214461175176,60.91637642458945,60.99498620284336,82.51224791926487,83.48643847224375,83.12477327634392,53.14820519530236,52.1196945341831
2025-04-29,58.00827767469868,56.28957731534442,50.29899215041975,40.69658940842341,40.91314260251478,61.718359174593346,47.173968469504544,42.760521362004354,47.93396810451615,44.43920805499509,33.359221297239515,32.78383140156154,33.04987503063431,36.370275508712005,27.48055706292313,23.649941426031006,36.58265180748991,53.51450599517242,83.42845564047212,97.44902244571432,98.16937314923321,96.29186582048058,83.98677467312355,78.9176238156094
2025-04-30,60.092190535373106,60.719633721523806,51.021753711368646,37.70287259217152,34.24915722176983,41.231419508661126,44.534569199559044,44.05894706492916,95.80186586012482,55.0219329629746,50.45439355450538,54.32840884673621,23.179714902868767,27.29516007425521,49.16923763245575,49.637507134196056,62.99728649744647,97.65621686922528,94.57574728197103,101.21428843558533,99.9290022752009,94.10044334697893,88.2607667769863,75.27492523052459
2025-05-01,63.632244476430394,61.90098902900481,48.74445723920343,46.93457190287431,44.54383012945153,55.42926261185703,45.156685047699604,28.05733555467844,41.196173341665144,28.211526100950824,15.261102065159625,19.771802461771394,9.76296388778705,15.898885916916297,23.798636083173765,18.97885757444298,21.919035000932222,55.23927757153283,78.5938015878309,90.869211107115,93.37421407458757,92.18202869119095,78.91785522767884,87.55810074645967
2025-05-02,72.9046138381998,66.49152383936492,56.534941230039195,46.27330592197907,47.20619702456619,55.91419401614479,57.2282989994504,49.12691433980674,50.116669056134974,46.94528863442575,41.111619631876394,32.33272636545289,33.48247182711851,14.922930223210972,26.387894355626322,32.937595108391484,34.59348549132823,61.96818050603274,76.65987980178784,89.66052187379506,91.06728107910529,87.75544327448893,72.48264267037962,64.63864444453483
2025-05-03,76.1938303731637,70.89424052408005,60.908012929875646,55.47380575622733,55.63805261696283,61.608196425158006,47.65870913908521,34.94747882632802,41.732464752176504,43.72112671293274,27.130960586434202,26.207222807817683,22.28951123321877,18.820968272813108,20.74281617433077,21.727473001541174,22.92807484940399,47.57286439148014,73.21573059094327,89.15959352567302,89.39797329737638,88.53895840153618,78.42251955929419,68.47863819022298
2025-05-04,71.66397070525201,76.36006411846796,59.13153824055302,58.16661209181981,61.89630964910458,60.43470754426336,57.8578269662691,27.91001463929737,27.73665322232621,15.077539398059097,8.53793399290564,8.280658506293676,8.677219130754253,9.277441611128895,6.9600664838958,7.602892247949935,13.848033550802567,57.06740790981001,74.7454712736606,84.03648569420073,83.07641274135786,80.71966171663698,78.13684148517882,80.42831877833738
2025-05-05,66.02820731035412,64.11330150705282,52.46374237422407,51.702607499430684,49.421306559238225,48.5478177880679,39.2271160625374,51.77710394398877,144.50445033417338,118.56106223407183,59.06824524228133,64.36272833428784,38.833561870342265,45.29107972651314,56.38168163539383,70.41702612720573,120.92220031809963,96.14580632129842,92.81456110011541,84.38861220018376,86.58319773294927,86.18488175761351,80.68455696942581,56.04599058844175
2025-05-06,70.40687397085908,67.099229215174,57.038692649163,58.898946524858545,51.93867762334636,51.48189886390459,50.79929759137338,37.23019689263337,83.94489406486254,75.88401848435998,45.56464373618901,46.39769673402897,35.95951164482538,49.47617224960269,55.215121280455,39.469017829751955,62.522105346313616,64.38495739293984,77.10834903094536,86.79512917288368,86.40537074733018,87.14611335074697,82.3092784513476,65.65936661312742
2025-05-07,72.18801094218463,65.6778285901657,57.912503201585665,58.300959930935875,53.93300775896349,58.6957815709685,57.30747992547474,38.94193270601674,39.77343457153145,33.18030809405464,15.204899461147498,24.310372976560828,15.468429291644194,22.62291207311923,28.27573365598334,26.78090414729991,30.048827947890373,60.85512038988931,78.21369691350577,83.78065754156474,81.63127419327863,82.60889523647235,61.71315256493633,60.302819899631594
2025-05-08,71.16428630645697,66.63881846038001,53.00278575854834,59.014917093364026,61.33611955761554,55.438649070356654,45.93688132040413,34.58507118930728,87.80935545413767,71.1967704996877,42.14544801087861,57.828903268531406,32.66916715833999,48.25153884336646,59.2577699698313,46.62281242358066,63.79997435266149,78.14530887064889,86.24038637393578,85.99420399233425,90.0091735050067,93.8967532357446,89.39664843362178,71.12491674554576
2025-05-09,72.43922634228694,69.45461783700264,66.3857381875672,62.970034948179595,61.03172882232681,56.56743569440308,56.23377459033188,47.88265336328331,85.64146184046069,68.57429226932759,46.82081006600289,46.9127684085054,30.71669406668026,24.763525658950304,40.928345607574684,43.9297300803987,77.41974160860819,104.37079734966673,86.81586804686435,85.33938771643102,87.60463151968413,91.04098550599007,86.26497897970249,79.29717179304917
2025-05-10,87.30541870381366,80.13562686732027,77.03566561259015,74.67932999818966,76.36254177676274,68.72578293093483,63.40604462668089,43.9971786599339,59.32628378013342,38.18968036244165,23.873654742463394,23.005988440489066,13.182443147919333,13.126017271596863,24.52203002738301,19.066466479765676,22.447508465501993,65.58815415473826,74.54666119371244,86.69714182793086,87.7793046599568,89.2142590401173,77.43011519267259,66.07618708987498
2025-05-11,86.37520982161078,81.91264717546758,65.30153486460856,64.06087835200272,63.03987675057104,67.56795846341305,65.49744602051874,25.088422296527618,15.37267222936212,7.024992532643598,3.193838007281766,2.3503698549869476,1.6299863044737506,2.941233666163927,2.7779380999628733,2.9772952806424064,7.958859227858781,41.12439093341321,67.56080158440207,80.43960540903203,81.33684334267744,78.21721638803129,65.068660169045,57.22727333469776
2025-05-12,75.99822013684592,70.79052579175112,62.30928245400645,49.8961614909012,53.3623154210327,57.68785066267169,50.936691351844296,32.15896021227344,66.48749537785717,60.345793406421755,42.18536075984251,41.213553476668494,31.828507878405613,36.74371447055156,57.45417476969993,50.68651369985765,61.964801723124175,81.35087661010874,73.64998387210115,89.14180991642068,90.46196425179579,92.75029244051629,94.02618998319264,77.30096250129934
2025-05-13,78.07021429646218,73.40733700811055,70.16619555914473,65.43589988912008,62.08393193371846,58.7812604616623,48.09419401135794,40.24348617490611,73.70769844685549,69.36467526088659,40.69626380931356,41.17644417614371,28.877975035874275,44.76141610299807,42.57767847209147,41.41869129507726,43.93150072290844,62.98724725848715,73.42820996278863,87.3767559822269,88.88257504964606,89.89746605077254,74.14564409999853,68.75096211273092
2025-05-14,78.15145836873815,75.5825449735015,62.01654172556237,66.19401662449805,61.2155891351678,64.55277215116487,59.07363683589719,38.43435955931443,49.56354739073467,38.48739675144531,29.057602128829355,30.95391002543968,23.15980710026392,29.912879478480896,35.43516533256068,26.200308842104036,28.998119364157407,74.08418522552437,81.79646308625576,83.89088645395769,90.17692210650851,88.07436297168424,102.28059925015145,84.42652458282235
2025-05-15,80.09530262581681,80.4459895826116,70.75155999146679,68.94271514689339,67.07488990287769,66.14593461517869,48.82732518925138,37.914594086230906,75.35639680126607,67.57396478463232,54.81609192543202,62.06812804199606,50.63462772966885,55.50026003305452,72.57247026862446,50.93180476663382,69.04023566326704,121.11426690638342,102.67421591200939,89.50270874577488,92.44076448104404,96.11480546239042,102.6135925661429,88.7301273924147
2025-05-16,79.33060530505591,78.87100398525915,74.80591839525324,75.35388549287453,70.0103914069128,69.86704863421015,62.6140579474306,60.74385697019346,128.16129485358394,120.89169543684048,87.4223846939152,86.25629032059278,52.96287178924976,51.11088565311891,67.60481811754309,65.73127446903507,80.26942879529972,87.14879324285361,83.78044694079934,88.16199737306621,88.15059965189106,88.42465620627578,77.26617815852752,74.5022876895926
2025-05-17,72.52747325797328,70.12961099559143,62.24289472440337,65.97309750195691,67.99956299244755,74.11704771021283,63.06854512050334,37.418825873108574,56.578090693487354,46.793661174653124,23.171566566608295,23.246471832269897,11.959854529327627,19.285499126152345,20.14146676914085,19.972038493162437,32.64994110784675,52.596111529568084,72.8788290674591,82.2628390546296,85.2374150348439,86.29578181723738,64.44609539615563,59.58265412172779
2025-05-18,66.97546490395688,67.82478865322973,56.974822080299745,58.58544369315102,55.76692717480945,53.23563757434677,40.745553189126014,26.09400021659474,20.233734352295567,12.368986596657173,9.379739290699217,7.906203897125939,6.094017396153012,6.692526554044889,7.459842434423514,6.736155558278144,15.742701801449632,58.568056577406615,74.23257442193932,95.56519308013004,91.49110526552059,87.58604590343657,78.10176871871549,62.69515532229879
2025-05-19,85.56769485655441,75.5673701216886,61.28775823449189,50.883310809137384,49.05734918944338,50.839783870961845,39.48653022875369,27.998821486681052,51.01159181542744,44.17132882934218,19.185782701540976,18.540627310956022,9.698560489780748,11.79464490012889,17.529971461165605,15.527367610709183,30.863321433902595,50.54603004396015,69.96255474442088,85.91410887394545,87.47658373005564,86.9942172510217,68.91985709597893,65.71865030430122
2025-05-20,70.10130789309378,67.83987992479895,56.14444852181786,54.361514326742345,63.12012595846767,68.13235499006595,42.40668800692826,21.70869183513345,45.60352195183116,37.949984347868345,32.173859857754266,57.74411453992557,28.91637010363648,65.21170487922576,72.34255950198846,57.30811202586681,76.37991963300698,71.10871994528189,75.52656828338584,78.84841547327616,84.44834323407851,84.60147024102008,85.94437249363213,63.534800569188796
2025-05-21,77.96891580458173,73.40397909712993,71.74914722827528,71.39001389489265,70.25553753078862,65.53477815384724,59.19545743815671,40.22344269846593,82.14895879234054,62.43187805949159,44.62570127171828,49.98137263906221,17.87572728816831,34.16305965568844,63.42516212431161,35.17685759291487,35.46318085769942,84.31559449722381,81.39819817561187,88.23817059136049,86.976482777817,86.91844121149387,92.43607248877879,87.21184155502135
2025-05-22,84.74124260998752,80.81123026809813,70.73122407979051,71.29219810531623,77.939007031311,84.62929706235313,71.49369314075342,52.46349514009945,70.63479125379897,65.84388193711544,45.267176714503094,48.90074032309235,26.29164068964855,36.864930950990626,57.223631797727315,45.72046986092306,60.97123865863674,86.3682426663745,87.24508446945406,91.41212047500218,90.83232117582989,91.34471042636184,94.35674308315622,83.51053141315982
2025-05-23,83.29840497754432,83.616606181441,80.08192275953255,76.62972172584811,79.23021628033975,74.53816510660596,69.60201394911603,53.664868295661876,82.18248143941146,64.11296546940093,51.71712247654208,62.626914979096206,39.70485835170062,35.994869156853106,51.65133369993766,43.227646232498245,63.790053144654266,95.13907026004124,83.2341113342674,89.32189583945456,88.88196249277838,89.25985778937397,93.64579180731884,84.09671130559776
2025-05-24,90.7445786168066,83.89601706887234,80.1506659685898,75.14662501317672,74.57730161115393,76.0827083111685,65.20903804245647,34.45445830007217,57.14762190082768,63.49048212284111,55.56718334948696,46.85814957079142,24.995973232439265,39.16186579055368,43.01179789183253,32.47314894692015,34.86799966029254,70.9613247213215,78.60295782096152,84.28115970767078,79.90780442268462,79.82176534145646,92.43666231359789,70.89000494534028
2025-05-25,81.96435161462128,84.11755989703623,75.42827723197874,78.48190747966972,77.09958896687618,73.86043201388487,79.65397504757915,31.354490004894007,18.48890016777953,13.206767217530384,6.391939459843209,6.546460745345104,5.579522713875242,6.816092351409373,6.732050448979458,7.811990456954239,15.5779860828585,51.71025736505605,75.11219235628376,87.24223901155155,85.02658620525229,84.12217327032398,72.17257928687094,62.57535279578875
2025-05-26,83.76043622835446,79.27440536223324,66.487076177116,61.95381016485347,67.37974987851518,72.65940461189217,75.79669849295541,45.11169064374639,62.38931193868533,45.74328888409881,45.597060047133446,33.61290311173287,23.516127644407597,23.03887901475258,30.588087813731523,42.33554530722653,62.126955135802305,84.81633652541548,80.60152481276528,89.36213895925616,88.79868133131151,87.11435112234842,83.68723901919003,77.87108360982184
2025-05-27,91.18891769441812,85.50932448407198,74.59223473970103,75.14790772660231,75.71794577330526,80.55209970795177,64.92481156472385,49.2822577134304,68.34581846657106,63.85985093638274,48.40553875563224,47.52561684775258,38.28977907471435,52.87138523239415,56.19272651355635,41.831211862527795,53.00378940260387,76.60364827017874,82.1085315673284,86.18465453796883,88.18372275619701,89.22020264123009,94.66182271266821,77.63795867350122
2025-05-28,86.44536128858522,82.77665371963708,76.20779335373255,73.58750254690756,73.48588908619901,75.80851390807307,67.23113465239382,42.154580366513066,92.04139893540953,87.99036032645665,64.27064162019245,70.5863220952264,47.83221229501412,61.375872860261374,95.64555989508361,82.33936354887881,71.42849373362493,88.90141735182706,84.28624108234722,85.37157264859172,87.84115943484123,89.33996257651397,80.60821525147485,81.77744557373639
2025-05-29,82.1821414943681,79.45247557944835,77.98499434607511,77.75251062130312,76.22786453183477,73.21961802297685,64.44286777888243,45.51242537875652,72.480001042462,50.993649170291526,34.470754303474855,45.353033183374585,27.172097126073385,36.600059131661304,52.76862558964618,51.44858837846147,50.35930105628309,70.7515230926527,79.2345663565047,85.9297092855968,88.31444839604315,85.8030855171123,75.55271511922751,73.09133299204547
2025-05-30,77.91737951457819,75.47251370578952,70.19081394162679,66.97344016922787,63.53070724104859,61.06861856960515,62.29370091377121,43.091264034227024,61.891065733190835,57.65365715786561,45.9950613924211,54.136452564306616,40.858431176283574,45.04923162734058,58.812661134688405,60.317519416448576,65.90693341204026,70.30291497466825,78.19644134221106,87.5755666882368,87.0567265703276,84.23369300237677,76.48311030580572,73.57451746510425
2025-05-31,77.73021034908534,76.47488216694744,72.3000144088533,66.71217983121963,64.41313771241929,58.398745731148715,59.27618012800726,30.929722041979566,48.83174931785564,43.08623941641121,35.025018419202404,37.594519560336956,26.013132114629016,37.08411902810058,46.34630649409108,39.92738202064341,44.33356518779845,61.8177913309967,72.45891010184938,84.01605359454878,87.43183327210471,86.88933865738139,77.3149141538155,68.95673489367688
2025-06-01,76.9274539717948,62.674613916362155,59.20037597306466,45.2074873870509,48.49539223588539,46.766740471871806,56.3895147182296,16.029960795447966,4.874310777457932,3.3857102467398486,1.9392281021949054,1.4689084804735706,0.97331943331585,1.2250709360701109,2.311150601867622,2.429280852244473,5.745147323977438,27.427683856058884,51.36803688308081,81.8030978481276,85.07743135873112,82.6108384409707,54.10468753597276,57.09909369215734
2025-06-02,68.2864444176103,69.4504110570002,65.1354207735402,57.36640133071628,63.01374221486482,58.23119820701599,41.78977833251288,40.02108020452318,97.56238944533156,88.81138179072248,41.59825459352947,54.71841724671603,42.16917437008053,51.15824257967521,51.95630225408262,57.32290099152058,74.36524776567194,71.6014942633047,80.19056978975155,85.38434609523385,87.0031509374406,88.05391426576266,81.90054610432948,77.18716135700791
2025-06-03,82.71364114034914,85.12010150025965,77.24770225834256,82.94836451813408,76.53017078428121,69.42049690911071,54.403297514485274,32.356899182162884,67.4553997459011,50.28341636222539,24.157666798041433,30.226987464798388,16.58039799596932,24.094865004839605,41.53234485565241,34.60007616508253,47.60079665310523,66.65611961713994,75.82457096791751,81.94293520957203,83.86727569433512,85.16835545234515,88.98081276260524,70.90522200204583
2025-06-04,74.12909227810492,67.73360015671675,56.247722283839614,54.757206176337206,56.339362628027985,61.401536653490886,53.772040879392,23.070621873178354,38.234184164871216,39.78712663699658,29.86839752375154,35.2271723079262,17.256108073135152,27.542569826956996,39.127441393798414,38.79368651670365,36.859259896821044,65.29299551240123,72.61396524962088,78.0946691155909,83.46585001034745,83.25425596980313,74.9140522487974,76.16352765583352
2025-06-05,61.12319110703823,60.00571477026711,51.89483759853972,49.310609375620544,53.581645243664695,36.24667123378416,36.42233448849101,11.225289427685562,18.143954537997246,13.121543537141518,5.212639885814454,4.649531510975656,3.9635395379081553,4.004527147800539,7.532995527216152,6.950305126055712,11.768533594622173,38.29293687303082,56.4762786814226,76.9384496027795,78.71332987201741,80.81332228691294,54.83971841289955,54.57542944338018
2025-06-06,34.040407552557035,28.569257543237992,22.890723481315547,16.37668220777444,17.742813631201606,18.38147292360455,17.975363624133763,5.42817624755299,3.7502422063521497,2.5347296831146293,1.4534510948306971,1.504054776931027,1.3552165488758674,1.1949331820657823,3.1168946117214746,2.902191759043313,5.421102320570091,16.72496344793506,34.88117459521025,70.1327083147186,79.40899812367908,77.79231762546648,46.37709871724629,39.54316748445561
2025-06-07,34.09494721957818,26.076702115272976,20.63114610784797,17.071438802162238,18.70994252599617,16.831464247887993,15.756866611311944,2.721015373440139,2.576112956582948,2.943294333294045,2.0464263729667724,1.7145102762757025,1.8721431941362328,2.83549289452814,4.17294034919775,1.9995396384613724,2.2599875499986117,7.281270799663565,24.784028422696018,59.54589912256095,60.95811557859052,58.00507886974707,47.60481566850604,34.26425259475336
2025-06-08,49.736922478393225,41.06197492789908,31.30409731469814,20.465145132533653,24.112906796815583,28.061614909228553,17.318259691121746,2.207099798347855,0.590663353877226,0.007509201100856745,0.179746360592678,-0.030654536492780018,-0.2560244731904996,0.017958416704760654,0.8276256054115148,0.769490990129409,1.6215665698479016,10.622841306534617,31.052421078730696,67.4140980896962,67.62755973405037,71.1691816574998,39.29175810749695,30.393925801424025
2025-06-09,83.22053112664811,59.64684954862101,48.06063088538192,65.58085328388206,72.86672796350348,75.87788174200959,60.39204234146541,25.671768943660023,24.187107514740152,17.521213141747566,8.069667755063554,7.209653780061418,5.448569439629559,9.018680266310934,13.144764962117428,18.16865407879821,39.33723333111618,82.83012995589166,86.75347588185784,82.6944861284574,80.42432566846838,86.11708332909416,81.49025592093578,56.196031533440014
2025-06-10,75.12667159941259,70.9094190929124,49.476838537057134,51.06864657844561,46.84263531122914,39.66861247439098,30.924811342083444,14.031534953208485,20.197390014864464,21.221353811384354,20.359736914878944,19.40365922607725,9.75029060372914,15.899543846172154,22.239533252981357,19.434530293337044,23.628400831729177,55.5592700075876,81.0449290373017,87.87063149787144,87.66718714266803,80.31872311182424,79.44251627529253,61.662570976238825
2025-06-11,60.12628278108713,58.252594492719524,43.35475589871751,42.77549825170117,41.3901683567586,38.727596500548444,38.9184935476953,15.592152189220618,35.31092039170991,29.802466112935072,20.583607093620444,22.016727496001415,11.304520806780362,26.757403059499737,43.740652123424674,34.22026120690518,33.241369367860145,45.95435804359626,63.84239240202309,78.86393285665471,83.20149273293637,84.49888606408364,67.14356626100681,73.46880713582183
2025-06-12,91.29355017141104,92.1463881942289,78.4732571180609,66.54936091624259,65.2184426519788,72.18861297084008,56.92014953769244,29.23374146188567,51.30413401398626,53.729302506744844,36.46861227500354,38.7808151461759,21.02577940314705,24.561391511401435,29.015190599447184,32.62855466098604,28.749165369975678,68.5395340477809,89.05329920515985,93.48091159004731,88.33743626208626,89.32488864999993,91.34165302067301,90.79960226888372
2025-06-13,68.95252787118443,70.21511806076285,62.18836657017368,59.18577712018577,67.77703688088131,65.85228522352202,52.69433368842371,29.86052675441218,42.86431264917277,49.660037951816484,40.958757579908585,38.370326705403826,32.30787610827829,40.55927709837226,45.956651433148785,33.53025801680972,42.005279217291886,68.99682153249005,82.4959270844789,82.48505442671544,79.0878759572777,80.99471259800545,55.234935731456495,58.394183872736114
2025-06-14,81.00569018281645,72.54356114462466,65.46917439062864,60.71839333956732,62.18395982808629,59.69928707683132,57.647471307949445,18.244370455686628,36.47336844717079,44.56120887812202,24.541998455085206,27.289650225987792,17.09798879080255,33.0593561392144,35.792890763852036,28.04772589566082,33.796661519444825,53.803181433112876,79.91890003153384,96.15622938257916,98.07095670841751,93.08269741611151,87.68677492927733,72.46001979899087
2025-06-15,78.3308401693028,71.17291964568565,61.82463890446504,59.946433728715746,59.84700041378353,54.29430676721502,48.62877957153822,16.859982860935776,8.85791474778891,6.358773542554513,4.783313624130171,3.403792820285696,2.3668438370064435,3.624124083410143,3.80348121299616,4.162976531098623,10.716074808521142,36.412175131768095,56.890363126726605,79.02119735926051,84.1197507167133,83.7497844506627,75.87720416169894,64.28400810949127
2025-06-16,77.14463306751449,69.0752681436817,59.055315588212316,49.85934063622939,55.575883763748,58.9462518819729,46.592908343437685,30.565449178938227,46.65738145484243,49.65714489994458,40.34612458535742,31.41805472633245,17.599467419657856,20.753137093368508,39.07319703713533,33.33344702050187,56.758988235549374,82.0539618778149,81.09455154279142,85.469627611685,89.05041016732334,90.25484548716736,74.84644996994362,73.23062589188838
2025-06-17,86.98605766890715,82.71867756356332,79.41656083451038,81.10440809592151,77.25492730071626,68.1003847519171,52.42159765409836,31.311653538896167,55.57552665539884,47.666364436359125,44.97545063202406,51.99412190691108,36.776331374346604,56.33201686412675,63.44368085490551,44.79973371805584,55.43024092663278,70.92869206850169,72.51620442100639,83.32165438863544,88.14581855046657,89.47790813781053,85.03116076353199,80.16922885444129
2025-06-18,75.32996416219382,71.44462351135805,69.08535102434341,68.76378324162178,73.62809763228505,72.59858490144994,69.40633969230024,36.554259084147,60.91419073131523,52.66268523098383,47.80112403208698,39.9393505169779,19.45491982448313,39.72847431812757,65.64483283794439,69.66829128186,77.23686834926806,89.64975309305103,77.01708457096771,85.98638421606536,85.38740013137357,86.4718142694063,77.77954967462905,79.13097947580476
2025-06-19,78.66233914402399,74.38996887932048,71.83342132000887,74.29377381265229,77.95590927522544,74.36628162658701,64.15600537118556,44.992849479233534,82.71090074624954,84.67178497917357,61.204357424727746,62.31839621519305,36.97898424009509,60.55931661359353,80.33523268268716,89.55118894422448,120.35609990174264,85.66785945635714,83.95131961132847,85.28398425950816,85.77881593739542,88.99187266865081,87.95295829302172,85.6359692772492
2025-06-20,82.1848485131389,78.33926338815341,73.6921385812826,76.57370103999288,76.93810748943815,74.18933479670329,64.87335115889687,41.839248872049,61.08287300731646,62.80875969213457,58.3029949306949,59.64947700549493,37.308156878440094,39.64547179735213,60.6017750343185,53.85832016816936,61.0187129144722,71.22330202638652,78.1214240841264,83.66331319978039,83.52756449450482,84.43205162286446,84.19002829159894,79.69240681712066
2025-06-21,78.7416779050494,73.949233055767,72.04832621969021,72.42109124980439,73.3875668820859,78.38573310702084,67.46833226576683,37.06450030244586,64.56865409746048,66.73400605723764,52.99153042530125,54.97061580222101,32.29531674148087,48.393828544362535,56.70536191877825,45.89799515830235,51.40115860500248,71.64486411413249,84.24310394233831,89.50306853292427,88.2704188984406,88.34381036113066,82.88835534098156,76.66493319984065
2025-06-22,75.35164518911805,69.35935707562119,62.94439954130117,63.66922295987542,68.75141728230203,76.48144522591669,63.13579221605325,19.809615218940433,6.571790658061999,5.328001214552869,2.938301741005121,2.60131364849084,2.1592384217179292,2.444655378715913,2.9237147684757767,3.6987567796653362,8.711242896993936,37.96622700075411,68.82086275411851,84.5187507180039,84.4299358332009,81.66622602624967,78.26887475551003,69.95742314788956
2025-06-23,72.3861088497519,70.7673368560574,62.00311403982604,60.650731351995184,65.46538398363856,60.546237158767255,47.222336151389754,39.639904970969965,80.64350611829563,100.99647888348197,74.48778753605266,76.19000483351317,42.711379360061684,57.55547876016344,82.36669935750093,76.01702315351342,83.56200933202064,86.2380925134199,84.10116455754455,88.35376738787802,85.82348804869386,88.11927458204558,83.82548947156185,78.53896552055998
2025-06-24,71.17349163066157,72.034583772147,68.18059629108016,69.22347789619249,67.47618213811585,52.820541297232566,45.29399412191363,22.320375524190553,48.94330698932207,42.88774477943882,23.593693435124717,24.71694559320835,16.213743130128414,24.921079507981705,32.6285354733775,23.813182896831112,46.32552794185532,58.59625063890264,78.32721827119838,80.75089599111311,82.31371773809954,85.31833654206137,77.32483122973609,69.08902371901462
2025-06-25,80.85879724984032,74.0749273857657,72.5342207695442,72.60773638568999,82.61772606419875,84.53709904146889,70.84792940955221,40.883554758575315,89.37284408702895,88.50800446450313,80.30111911361027,81.18392156326502,41.59907715305724,71.21593687935548,96.52793891183157,80.70246172090685,84.85961151568775,92.62843025881588,89.04377689620978,88.70897500865432,90.37330694096386,89.82409441515934,90.92818602144672,94.78840205519148
2025-06-26,79.28336417237887,75.34614073346998,69.2966824172819,70.49134720591667,72.49731748613308,64.46814140262185,54.73040421927392,36.94823704523335,56.189009435087335,59.86044886905889,53.392745847318196,58.67802880741348,44.7381120206944,57.42915916156489,75.55642321462976,67.59703117512454,79.49861185826151,78.04149813441494,80.94832778098751,87.19317512322961,86.10840544550028,86.54717563268028,80.8872994010466,75.73544109759398
2025-06-27,78.88496762193131,75.89409643786936,75.21197129103916,73.18819371772312,74.66660531541609,66.74586276938822,62.07598845781141,45.79211943867256,76.92215538742636,78.94609585476043,74.25432464610722,79.2068731684736,56.55300233412474,59.93744925987429,87.67605481812134,84.55575071100475,72.2143469545592,75.89936673859316,78.39705470205715,85.60833924183153,86.23662139389653,88.4953863416151,88.57534482977572,76.97207603922085
2025-06-28,83.80333740542204,79.26550297668807,75.12887535739382,75.56165848242578,77.03017353189566,68.54771938905725,61.11474027494977,29.377800639514295,45.9819724410834,41.368398155442925,39.343117617427815,41.71775930187958,27.82667381744462,41.22928015153637,45.95413469751156,37.777287410513345,46.7186087600661,60.620781051921156,74.91258845728746,88.15835648017624,86.16564612954461,87.27781781575813,86.98754676133245,78.88127651496501
2025-06-29,80.31089714107067,74.62710584569038,67.97549536068122,68.08092110243436,73.83889903472647,79.94254328588657,71.62618807198946,27.35489174901271,9.377152742381684,5.6475854683409406,3.373754240123638,2.758512275503641,2.267094086314024,2.327086010734915,3.024034567099178,4.646623671165108,10.542008249556368,44.55209468189955,81.62804352059146,87.33761844169801,87.53797522606354,86.53601270655881,80.04086575591555,75.1788003365423
2025-06-30,70.2196154375404,71.37091983293115,60.01645660167771,59.05464720342317,62.89801083356657,57.15056652007028,50.35951483181052,44.94385744040282,94.0602919355654,109.64600269059663,78.31975418072678,68.55738665924103,47.395231760335456,62.6855137325299,98.8472757572029,90.0163758829328,99.43628125216591,75.30155121648096,79.18294396856838,96.97788651808082,93.67301852103314,98.4203848747757,93.3339467983026,99.04142958112543
2025-07-01,92.03580351315831,89.09461532604658,83.17231053717434,76.65745030906815,77.0376171764012,69.63944815242996,59.71786696820951,41.385405166837,80.30244950358625,91.72838143460156,65.12035433530393,57.35822325145624,30.90952201006414,52.06461934379117,68.0642159736903,75.13336430324287,76.2231202033606,83.22086886732528,90.35591733731901,87.69368821443862,87.73639109885163,88.65900561922865,87.20867697717694,80.144739232173
2025-07-02,77.97056719446576,70.57347057448538,69.37371293920216,82.25661783984677,86.44426075110016,77.6451682719795,78.47132473108566,46.391466811229805,89.3925939072302,132.54478771240292,117.3165745978425,103.88124247150542,57.08482462677283,88.1565261580946,112.5738272916546,109.68060788261448,147.8610288945589,93.38502254115316,90.69219338767789,88.13331277005538,87.39762392440204,89.05795383297509,88.89611828006188,84.8770497003949
2025-07-03,77.20995438465273,73.06014222370786,67.52332526282072,70.29833533502905,73.14885198695337,67.61853952920781,61.63688465497755,40.97418551778495,44.30569526136529,41.6970581482752,41.46268219976781,49.26637212074051,33.93973637725629,43.312782423861606,51.848554848899646,48.19810837040733,52.79927782969458,69.02956669823618,76.41423714822949,86.57757159894769,86.977334981793,87.26388736051435,84.89762504778672,74.753358950631
2025-07-04,75.97788899922703,75.73505037700707,70.01481181068273,74.55958275417753,73.54232875296725,59.00043142412493,52.9243436829902,32.02836025024208,43.30793587587501,40.44331173227486,36.198965658421336,38.45295074781083,31.36724406014424,27.228823691978633,38.64924434650935,42.284185711961264,47.499648216876764,50.593680041489804,69.3110955974491,80.01720132709086,83.75031765350863,85.29860638244725,83.71498844272725,73.51121199908548
2025-07-05,82.52091610797049,77.78806821131366,78.33656294662751,81.7011332842424,85.14829195830538,79.57157573739505,72.24227839603299,35.5902746589774,52.953322939145124,45.049805706557095,40.17425918373016,37.24915533853094,23.767026694216955,30.029540022040525,36.22015827655594,28.065999010193945,42.96941641582838,60.400462856506884,75.97677075768497,80.23381484586218,81.52183376253195,84.19733361873317,75.22473438635198,70.74400969085286
2025-07-06,87.10911087174895,81.48736404307934,76.26539291288677,84.64476853463003,82.66739321458935,77.23276633826741,80.21437280920007,31.836245950724315,19.104384376750914,17.130707229210287,13.019675083120962,8.953171052724633,4.742698384086007,10.721808424674656,16.140018634190252,20.80437782910564,44.131074542488726,65.29912851941948,74.68391724038729,91.58952595633579,87.83864763593341,87.16851207804895,82.40616748809018,75.71975021417052
2025-07-07,77.21953573915806,73.25662935237784,66.91522561018505,64.38163999556976,64.30744057224945,60.39954832579379,60.51599171155639,47.77400883825051,104.20212462267065,121.40548384208769,127.86027597011706,106.62064512079006,57.115945042809194,130.6153628422596,209.58863628037088,210.33409307990706,257.32541977024493,137.13954535087052,94.06594251366555,87.9111922069567,87.2880528464966,91.54905285562737,83.53640517014455,81.84740382463579
2025-07-08,83.71941766204856,81.58447385105607,76.55087259637304,78.55419195456392,76.06315337838214,73.85645245116004,70.48861156129644,63.27655696788389,97.05915932735579,111.77360399118876,105.1153692110276,113.97611031125633,83.75841230265848,117.21676922855993,118.86707244658086,108.63764564087819,127.65972166424326,91.85672227866343,92.22360819413458,89.23465952649941,89.70353166438872,93.16410914346281,112.16970208450714,91.84798355104195
2025-07-09,88.96189225267298,85.58070775401708,83.92130895390453,87.47809003467525,91.42327362389328,89.99131447585631,81.89721638713267,57.62935067329783,86.70559315357589,86.28761999891303,79.71278847015891,83.47171855073643,65.10429501540828,84.78325840401982,99.03034882608443,90.30863895837292,84.91065401897653,90.02923923527493,95.9488578593927,88.51483076652983,90.07806601272317,91.95339618954712,95.84919623969064,95.55856454290725
2025-07-10,90.1441802753231,88.66184747548671,85.54768246245933,84.35473602953576,86.00932459624268,84.13941756033199,75.47336361857047,60.62134544141993,102.41959083215824,99.0536972116622,92.18548985656804,102.20815918395675,82.14707695315523,87.0947875709488,95.94779413593155,89.16969413870753,98.35516142427113,101.68652067791612,95.45725235794775,91.69884017208055,87.61134492148356,87.65231878181162,91.14986419118539,85.71038045616541
2025-07-11,79.00871689488201,75.62805286542942,73.84143730208882,69.96769897956295,70.42996548029288,66.64523273949213,64.01736302838496,49.53953547464415,62.62823045217536,60.97930916277557,58.4527373035536,63.63208004310587,52.163615155888465,46.21867979074554,64.96007334294629,55.47448054849174,59.64890610393212,72.94492137508662,78.37860457692639,86.52214618446399,83.83757690891818,85.55673620700406,81.61164461574153,80.13625359437616
2025-07-12,81.46205261418346,79.04546159179247,79.59548084425721,78.78430610405584,80.4957947257826,76.98181083168292,68.21168813527657,51.790325636001285,82.76235085199107,88.35058395328073,76.90940367133798,77.59975052400726,60.43471976951989,80.96845739058539,72.41658619743487,55.045060996802455,65.69339766098332,70.22891290634716,87.95874116629908,87.93536800624493,86.10306537510212,89.1722085356167,94.69675249632908,81.84702231939728
2025-07-13,82.25826117443168,78.01716397121487,72.49940313277915,79.52874036786629,82.54264851085905,80.03986394593039,83.31161852390554,48.89319312063375,41.45046703669852,33.703050116597225,24.772843970026745,21.731760042311063,18.725325623958078,23.875380894551732,26.645016698988528,28.445464417315577,43.11053613265721,71.24272175694661,86.97394653483511,80.48587795020953,82.27250719810053,84.01595187761089,79.29186051947313,76.81007672755898
2025-07-14,77.46761935572007,76.95634707427688,70.91516252765442,70.18904494370426,74.81145312721482,74.41988129841701,72.37390654221113,63.38107997681661,103.1589419693934,106.06634523745456,84.4221532169894,73.29416258545594,57.802413088362584,70.61413069873907,95.11667080292438,118.65598515949446,134.57259076538384,105.49619424412975,91.71456509830608,88.09930680482294,87.64278804585759,90.8110579477695,87.74124566584493,83.11383935785535
2025-07-15,76.95007101249136,72.99679424555536,66.93356581638966,64.51439909149808,66.52025863884971,63.99870281438986,56.33334099269031,35.962151079952335,79.15586056935585,98.47697094523923,70.20159264915668,67.90562450690265,35.207152149490206,65.9282656470297,100.07624772712644,83.70201350467039,75.54668741165422,61.521044958848414,77.89080176658612,82.32836447637237,80.52836712345484,83.28538427221629,71.98242787595761,67.67276414598818
2025-07-16,81.61123376904077,77.38758137453011,78.74756636887486,78.27488760826849,79.63104749548083,75.20709942960309,73.00054097463303,66.84109495248634,86.4566574134381,87.35193841162932,93.34130404889765,85.73481931956105,67.52609410581952,90.19855219227064,92.16213625255729,89.55530122175786,73.77058286671512,83.38900536950105,92.28558366298402,92.1359413866868,87.40989325009608,88.74975283791909,86.96487471486995,83.59711232699297
2025-07-17,85.4000903343066,81.59157938160507,76.8929630629754,78.79167204018741,79.83310992037245,76.41373071883609,72.85368435696034,53.587010448663,89.94845745135662,88.26574555192181,76.6499449652335,65.6793277517895,58.19351473551025,62.79606049313139,70.3262665084623,71.24693863557867,77.28266812036821,85.76802595199686,89.05933332946043,88.93381097728175,88.07476089475321,87.68329668947676,81.43348282442565,83.14196599952469
2025-07-18,85.78912254541875,84.08053381349855,79.93771931495019,84.30190863427225,82.1980574116229,80.19153159576081,76.00905274191786,58.156042767809765,94.77476676530996,92.3199856843128,96.42209189138075,98.07171695301992,74.1045425599278,77.22152943820682,107.13167603892971,123.73087248233271,116.91816424242519,83.72484623839148,80.06846872993746,84.65060861119561,84.99213295470949,85.93345397550195,83.5680554757585,83.05811686846106
2025-07-19,85.684000867339,82.87513625373126,82.96545682753703,83.31094807487499,84.45942542094538,86.92204883026143,78.18219986577222,56.93860919947478,66.65610577782971,75.36024567316865,70.62304062924493,65.27679159349248,57.74213250628734,69.46803600822429,63.87925622030164,57.441211852829,66.24096611199613,82.87752962322912,86.79256544267875,87.69775660315608,86.45166381080547,87.61903054642579,84.60660796433226,78.35085691085698
2025-07-20,81.3342838066094,77.81616853212753,74.84615228325488,74.1175680601885,73.25859106192866,69.34947326110851,71.09251745655975,43.67280312728438,31.4180892869335,28.683134562871086,24.458719999993004,17.842947964607717,17.83618974065005,31.27458913910094,23.8174310411723,22.537538277397395,52.70993147031861,71.74324868087177,96.13726270168527,90.42328554041691,84.57061351962498,87.55661467738676,80.96025337823909,76.11001825303538
2025-07-21,84.85621475542224,79.13641554857122,71.83362060677335,68.5744667547499,68.33460397081195,70.13970309105362,68.90750022709165,51.6380132488389,105.36906659642125,106.1849400943504,111.01861782123255,117.24123783244227,71.26397668764125,107.14658695865769,129.3989852211477,130.3484242639228,131.94520913280306,95.46963259713,89.05636635311848,88.30371868621593,87.45995051058358,87.3417400210755,90.39599839067046,86.13667605662066
2025-07-22,89.6241005487043,85.94564098636755,79.88282292086296,80.54879369747952,81.25520029066503,83.87157499914132,74.11649197897185,62.690686025494365,70.92879276163002,66.26724353042965,69.46578164976265,69.06915055816928,60.70369744546401,78.21344768254772,86.05135827941554,93.71672314320543,89.65266720631756,82.34989564981684,85.9260494885822,88.07056434163884,87.602596927446,90.20783365297679,89.54279356944402,86.14107478112084
2025-07-23,86.15871119959343,82.95513384036137,82.9322095407903,80.37032211187883,79.84856649541904,77.60633888754353,73.43963962555081,71.58747025617691,83.12430960071971,84.96649306613851,88.79162050063307,90.81835002759244,82.42364048000582,105.84620662392098,99.72191946250942,80.13249897928281,86.64372960393908,91.4533529622459,89.67360502121713,87.70651779125902,86.53349351925647,88.95592693730178,100.38153003846526,86.86297902137345
2025-07-24,81.88450847054334,79.73600124391403,77.16588279648408,75.91243489836408,74.65565657676643,71.71856725447287,69.88755310262184,65.85921290880688,106.18715103049684,110.7094826031527,102.008752576361,98.92826883091628,95.16453029385896,115.70243691519616,105.04393366882772,106.36374562181648,112.08245378223401,95.69063816983294,90.84329236046966,85.84903840313257,85.47822385734607,86.22831905997744,82.75049358454491,76.43781936281088
2025-07-25,80.44231708184482,77.65649556979318,74.65847080720248,71.13795754239538,72.5707209823992,66.79429033116834,65.14774184644402,61.55990144852004,105.10401702244509,109.35475374581715,108.18971800440886,101.92217386513546,85.47071443375143,79.82342628587796,98.62166412547688,114.10711264326306,108.14831637964755,93.70286202814579,85.74488906412647,84.96046127729228,84.26223846663892,85.35558427653764,81.14060165946505,76.39833875194095
2025-07-26,83.15907999950055,79.56667079084394,76.01099221772566,71.21868550313026,74.1416330448469,73.81501707453933,63.49201649833189,50.06320713828457,78.00727795723422,88.49810915926251,83.86990973381995,75.57900870540169,66.44612197527611,87.01863456126847,79.11980091776651,75.68458442688991,77.09402186504956,76.18258787115533,85.26833649611953,84.46306408340328,84.39423118647774,84.80148670111697,81.19242533849356,76.9914914608002
2025-07-27,86.01437778786828,83.17623275954513,80.57750841301184,79.80717006625662,82.38440835216996,81.02581844681848,79.4674467399318,61.871284632020135,53.41147301461881,48.234976948357726,45.65865847744958,37.81701518480706,35.73773517524266,52.85294539822382,49.43808873988003,46.628225258266134,54.300641689246575,76.16879008359797,78.88010539632091,84.0644916182894,82.23586857886943,81.36390301834193,75.20938498947719,74.55732843177783
2025-07-28,84.02851855961296,83.4566012962898,81.80148093431721,79.7695951748071,78.35101262778605,73.86206251732045,72.88717904968894,74.12282923540481,134.73930387022153,140.34780380292133,129.44363503568218,108.3946631748105,99.93367633699697,123.32849593300628,143.9469287450607,134.79340762206766,130.0013281882943,112.91497188803095,92.09074811573291,91.49122306881114,90.19829871632115,88.88656471075272,90.73613769388736,87.18283292241738
2025-07-29,84.55286944436473,83.09166472977529,78.69219083980002,76.01106065551814,77.1942679149449,79.8908947158149,75.5296847070503,64.14199790036633,84.89337963998173,84.62777461613632,78.1692663609778,74.04157036916533,75.76401125423918,76.96424888674409,79.61986288116086,76.82015853802824,77.44053722329146,79.80040908628021,80.88614844525917,85.23845431641598,83.96227550744611,84.38747991308587,85.1473304577993,84.96878383729587
2025-07-30,88.71595752820659,85.75590064536316,86.1033972449229,85.81414602108605,87.30494444237024,87.51344097638953,82.61134150539898,80.12708300962963,100.57556256653731,100.9470559992142,99.89544090942398,104.32379622482814,96.1204920534426,113.89920428602167,108.27846768373153,91.82745695762898,107.03120893796113,105.08521441949553,92.7454001762024,91.60601045932178,86.66565201506647,87.20344860123711,87.5024453872797,87.78309514450513
2025-07-31,84.25714988775566,81.91000442642735,79.49876322160698,77.7503686417148,77.02734412051102,73.73020105238916,73.39389486032505,65.05551212088625,86.67140969268353,82.05956487435297,86.23544316149328,88.08515374394598,84.47730054519488,97.91702213222104,86.72812907278167,83.892714899696,92.12612333283703,92.57433465415943,86.47952311041517,89.60155465275795,86.96132896740495,87.11963241139945,85.40009065648434,84.68929365945873
2025-08-01,85.1652859294337,82.24467892622121,82.20296357804627,80.16413626895876,78.67610433608888,76.35564644855738,78.65636788364966,70.87870180559457,94.92158929620098,94.92741433677496,90.99999544200895,89.69959253835617,74.44120139962806,66.98428218911572,76.04202906423063,80.70406769856547,94.56834681969686,85.05213889414053,77.99729947699144,83.202656796683,84.25888481139694,84.79726713867231,84.22363703281812,85.326991248319
2025-08-02,81.321674933982,81.32570869114215,76.89387182429404,75.01162550041266,74.63701789303425,74.610986604052,67.71363734908655,51.01370937212697,80.46675761183641,76.56806397552378,64.18892006115593,70.21588026075878,50.01581540112116,83.80624809717955,73.97628301903293,74.40565169414158,72.42515115927786,70.32302538473974,83.29453265784271,85.45348236768687,84.29886141601729,84.98773230164106,82.51240351050747,76.84100677100197
2025-08-03,83.68399922426612,79.98114912050299,79.38319197193637,83.32963627164993,82.43726325854466,83.14838031767849,80.34640445586815,58.53100144487644,41.72272621143532,34.92733603901744,35.64686642275457,32.602389383815904,29.447527093252354,32.57110353079608,37.316878225041364,32.746560359859764,41.584003116130226,62.741639179936634,79.17432224714217,86.6465178047859,84.91124888764008,83.91007607314306,78.2963819084829,79.30664359819865
2025-08-04,84.82070743307416,81.4671256088715,76.61179261661961,79.60804638309224,80.93998979172562,76.16203715031763,73.5141694085971,67.80701216780885,99.21497593201255,96.29902119928629,93.66597619705315,95.6494378952418,87.94365186640492,98.22325918505982,84.22777746332015,91.51798553062177,100.57138623620173,98.80309762917295,94.37393965397773,87.38348695641986,86.0234481044152,85.66711701916911,79.60765523405288,78.26125586664305
2025-08-05,83.80880960145015,81.36345159396618,77.19572842235671,77.97826681079238,78.66315282482776,74.5552273835443,75.08622734224392,63.79996958196843,88.75814759292777,88.52632883509771,84.50410039634501,77.46278059056823,61.86222390766836,79.53562582398295,76.77448627104742,87.5713014431743,90.42205350591888,85.74306610639073,81.03485245699412,82.13169823273167,82.5894119655324,84.24308728282303,77.09740004551081,74.81367186139616
2025-08-06,82.73508858361195,80.76207637593187,79.01243855949694,81.42315712014504,81.63296291452382,76.77698094904945,71.95433446670347,65.80273523382786,76.07381442104958,71.68602901726618,80.21599622164338,86.08748447629972,63.431130850817915,87.02478656844774,86.16802149198229,77.27205764569074,91.81317723135261,81.77846010665071,83.87095740136469,85.9023095238525,86.2691070305803,86.90827432975553,83.4853416844425,83.40988664687588
2025-08-07,78.265151586682,74.3837784390153,71.9550489020339,72.26743356261503,69.4300764416524,66.52251075930549,69.2889400158079,64.35420476244585,88.01398315002807,83.8430627173494,81.21000332481496,82.72117316585627,77.469236419535,87.38720026898396,75.9560016747285,76.38724412390252,86.68466305759621,87.78191853451904,88.9629347950554,86.0834333538917,85.58800228438832,85.91063635834983,82.46985755798887,80.57907606818699
2025-08-08,80.93324627097779,77.70378482289202,71.9084390860565,72.3656568920469,69.22291171251472,64.12636698183871,61.9548945050993,53.191968487790504,76.43874042469224,70.25975638639862,68.82286283204864,65.27465810213903,59.38138784310987,54.29755445304173,67.77361633672179,71.62336550378552,82.75095635758511,74.84123888260618,78.54120844117249,80.25161873200236,82.33165896568246,83.2860194894269,76.92613892284974,78.19094669702575
2025-08-09,80.54518663767541,78.029648373052,77.67066245588967,74.63641996652346,75.1654741802351,79.41664896484977,75.45375169579191,64.12463040089928,86.8357401879031,87.53905548018484,86.89228950271931,76.05918658744208,64.12984229017476,80.012734684083,85.8043265123524,84.24296847433715,89.84210933204093,89.38709337303223,87.07429543577274,85.71965444820098,85.1139037976959,85.22893531435217,81.06261961709339,74.81048475268678
2025-08-10,81.89348660950142,80.60508849308941,79.58741805887023,82.04883565282852,81.8996447685156,83.86743889422777,77.66514011564011,68.02810886469169,67.55271508163078,52.12910557500921,58.40928778398805,48.50346155130015,42.01502972181326,59.70622621924321,62.39496782532025,57.38776147935884,88.70472730124997,95.79593777572305,90.68927465184551,90.68182744054498,86.19511697092183,83.7278271033996,77.85180809941666,82.64949539236291
2025-08-11,73.65378303671004,74.0604862261721,68.53810065243448,70.82739490543577,68.75925095470662,66.8344726180901,63.950569276366814,67.00119640421507,111.68769951224729,95.03909796088878,87.96838470274119,86.88914082517591,72.29817739043261,91.62267028218103,92.29029914594712,109.33843427541605,136.11406605824584,113.29365855912047,91.5666822289202,88.0728294733156,87.35118555143129,86.35522673827482,83.92706411814324,84.88186160618184
2025-08-12,78.75311421513588,79.16955895230879,74.1803134831731,75.21556914584721,72.58036821002258,71.48084784497378,68.94057199524816,70.613381369771,97.92790527409755,98.28214128655685,88.91595683481633,91.77778871205541,76.7635016084381,101.6496920779116,103.42789028153273,102.3509229395665,106.22947903285012,86.35103751667766,81.09932692870105,83.9152932567653,84.84001233239258,84.46840027254174,82.0180632486321,81.240007626609
2025-08-13,79.84850264365717,77.2037551543081,75.03532784780745,74.40539331501726,74.3722751006668,74.91681817753735,72.17566756284576,70.45162591185228,83.94135028375514,93.26087575656648,86.81457308806166,97.53305792844027,63.743878896654806,120.80856607431353,106.96745183329816,101.16441503466947,95.87743023422092,87.82116922514841,82.0953418214542,82.61331463192968,85.31910497139073,87.25500221832199,81.92026614719688,84.55151694327883
2025-08-14,84.45690747729823,82.88621448404783,81.32985877137723,80.32139520206107,78.02003498382072,78.95892394515423,76.27604421631784,68.94047370976176,89.46351015334413,94.1981684955196,76.44625047945894,77.8242914135544,68.66597317154236,89.69171282410953,76.49387594581681,79.83601382685968,92.34512573916889,88.81758969907526,91.0332044113328,86.79069626636819,86.73896705656915,86.18062742006981,81.92861930610734,82.26042706307925
2025-08-15,84.44743294827687,82.7813415809971,77.72878295646906,78.79070922278805,76.78330678556716,76.46874601368442,73.09822249617766,61.326085368091,75.03823019113328,75.05683249763601,67.58661180256473,61.36330815043514,54.390135299379445,47.84059426797265,63.32445155456371,59.67581849987509,68.33713705798213,76.45194781475104,81.3455674347252,82.59757860622926,83.04623084371896,81.15046856390943,79.65593630005675,78.34472999177251
2025-08-16,79.82762926530975,77.5237499428045,76.83968897891518,78.664495199822,76.65674850952557,80.53031311273622,75.13061676200655,61.92212698166431,69.87681492469842,68.0240787858706,54.650532062243364,53.77980488743008,50.980512601726545,68.22994389312501,57.13123729283271,58.92125797670402,65.3264210447307,73.90860919310249,86.32889560547177,85.13495137584927,84.0842856639565,83.63311704606122,81.98393899048286,75.17129575516024
2025-08-17,84.16353772475173,80.60823792894666,72.74739967703596,79.23905556805838,76.10384225038202,74.21623082389804,78.76973184992437,41.80536487530796,18.355434797986376,13.793248785528974,9.520920469390115,8.137311368551142,7.202693966752496,14.840707535377073,14.09113099166369,15.146232487629863,33.47868188222527,55.60589713987673,86.38113697703996,86.13963665120055,86.92629219384925,87.19808892331484,80.24689528981806,84.1735549728952
2025-08-18,83.11053653197949,83.81763464981559,81.2206940313376,83.7003917117495,80.01911087670683,82.79516299814144,81.51832214566268,91.89974109380883,104.41334051014796,98.83768330234847,97.9922538915739,93.77309909676184,72.19635915884956,86.38180571992248,92.5903031005113,96.88806742889595,113.30708355211723,92.33394614166316,85.38088829097941,91.3621087175091,87.26152055470429,86.16600654020465,86.09907625269129,82.39366191892128
2025-08-19,91.76351548427768,86.36454095044631,84.10405534059089,86.19423417383615,83.95133581788289,90.0227434842896,81.60151106206011,73.24230581471636,82.41628529974726,82.93524612023644,73.7046913261531,82.88032714174545,63.97218063988193,80.44247309896281,83.45942873977394,86.45080777565192,88.22565600962382,94.74129143195334,88.82790418783595,87.47447749576264,84.67700782274855,84.50839170549487,85.77469334365634,87.59259310240087
2025-08-20,82.70046113132747,79.75183888089884,77.82068214001335,76.13790928512395,75.79902900201535,73.05931967356146,70.56247980862797,60.190852551042816,75.19503987416178,70.79023443396314,68.44729856606799,65.47593517122401,52.82889093603448,57.86866106305666,63.90456463433843,69.75140567680144,76.28605780661924,79.0548472709531,80.1151248618954,83.80279385416544,84.00723509444929,82.99006064301496,79.3815613815289,81.07068110530885
2025-08-21,83.34980376164535,81.7316426231583,78.05958465255122,78.50913450295462,75.32024882876935,73.58065600622123,72.65448071154412,65.4168046743354,69.17384372698162,66.05878137356602,58.83374058923241,54.94190556286851,51.28104188712876,59.79984018996776,58.745841730799334,63.932946711806046,80.95353380177926,80.08664645935659,83.79349504120533,84.42748331770002,84.26680952136435,84.14871094316017,76.67112125255287,75.13980159763379
2025-08-22,82.3207199238227,82.20458055851036,79.92754848286688,79.16785440139984,76.84280639228936,78.95243612549878,78.11417109552754,74.42929592194642,80.91945084937775,80.44158813533085,74.91578500367923,72.05292340734233,64.58774460669825,49.292009579871554,65.57059724278565,65.6775894140977,71.38898447085276,77.67733663256473,81.14585508564767,84.38817362112692,83.3737741338081,84.13655618132516,82.18830466701816,79.24400019161456
2025-08-23,84.41024300482458,81.72422451429942,81.54076372442763,80.35555504876635,77.90214256675726,79.21588044223456,75.43676500590578,60.11483356208979,67.55913649539598,60.82587161847321,56.75919989853525,47.87398754815443,40.908488214033305,51.82180918679292,45.194626637055094,47.58350392359061,64.02664809349122,74.81279678230695,81.14919898709769,83.97608602884237,83.63059204234789,84.16835627333784,77.54279795296618,71.92643347853439
2025-08-24,83.59881633358039,80.06880146473169,77.56717086175176,78.54779384084925,79.02842886934403,77.85029545816678,83.54858246265114,70.26820073677179,42.93190638971699,30.07709866524704,30.82760461318059,25.687420094697018,22.74459238641882,35.47984644195642,37.051659922037345,36.506180786185986,53.03256577216923,73.10326119616221,79.49397019616764,85.88366283811614,82.23678270048546,82.74433325597721,73.72370559623799,74.15713399347342
2025-08-25,75.47635031976851,72.16048087673497,66.1358979253189,63.045562712348264,61.06407454201856,58.64919295803877,57.70361706696108,52.05409025676595,77.13327797801308,79.55236247492775,69.17210174900974,57.369457314213854,54.675460153039566,57.87744204718753,63.45940846377065,72.36537929201198,81.51760089791867,85.28533578179332,82.44453182728468,84.31904979067653,83.02928490607901,81.06136667771298,71.05391524445417,69.18749529300855
2025-08-26,78.99405630593766,76.3011889965235,73.45265845171289,72.10631829552115,70.82498516458247,70.96248213057599,67.65077717144248,61.88702360032965,72.28636188878482,56.903523538470246,51.26223274922235,49.01960264230774,43.35345879396551,57.36479116393609,59.6810978275039,66.86508171501632,76.9525932232255,77.91658218691462,80.53975445089706,84.83873235284494,84.61497866639982,84.3348636259996,79.15708219004847,77.41559787161718
2025-08-27,76.9868037868644,71.4637603034317,70.92171059167897,68.94015389255848,68.00708403172632,69.62991523952576,68.02354762032786,59.05559159576298,84.57493349604647,75.3630126781684,64.06307047705887,62.75549453017509,47.24448148141116,61.14029876643877,68.72508643653471,65.62781121592623,73.19494136671784,77.68001549890317,82.10151341477155,81.56124574492351,83.07822039759469,81.09184387626047,75.49863775253765,76.63506918888945
2025-08-28,74.553709110195,71.81688289297571,67.30964638730421,65.6871978923784,64.3997008520984,63.917004802277646,65.38412092304057,53.98754086602727,70.0699318652738,64.28265102226976,51.91829179313038,50.45093522608958,41.34884845464422,57.02217629425816,57.94271807201469,58.72237776889983,69.97933014456974,83.19871991842439,80.02454994988739,84.18991271955692,82.5699990596205,78.951330044271,70.309887837335,70.16567879457361
2025-08-29,74.62382185375634,73.39757179607169,70.18001660615845,71.16212791586078,68.13241008708437,67.98150797452247,71.80466466429488,54.568760260507474,68.60099923172461,61.948838766560776,49.934081066770496,53.22784794284485,40.736083509673044,47.558220725999284,63.16046910102483,64.95550388881664,71.99088734260073,71.03642706688545,77.20040246052803,83.3986246624838,83.6121547719097,81.68748403090042,77.06483448557941,76.65056841709605
2025-08-30,79.75298137855069,79.53201200941739,80.24335474955193,78.40350955222912,73.36576567907348,82.13101940495673,75.88776748299884,53.354834311063904,53.40375877203024,55.39130822442803,47.58338873040845,48.650968352876,36.18430982909044,45.08901323191252,48.361577570443174,29.727026073158726,43.91080082399796,58.97615880705283,75.64549379772141,88.46945761691197,85.8722751523514,80.8257001723322,79.2690379992888,76.69644175582332
2025-08-31,80.9005954320723,79.4337342372095,75.61498399605917,75.32792990077895,72.73495535780823,78.01523869400962,73.8752089502252,44.50248703387221,34.4848265407212,23.50999580500471,17.294477474658823,19.3384273342399,21.034656541869214,27.07028645022,25.12395953023477,25.773725890086386,38.52624505807968,68.52340561849084,85.35954975671689,93.86924853333926,85.24791199653838,84.05546295626411,74.66890967291714,77.36873938062047
2025-09-01,79.49566240906134,78.57420343364713,71.64379575927734,68.52201750524772,67.92643338130306,71.98773155586528,67.58511112018573,45.27088378739817,58.42655054781386,52.020042044530086,40.72667127134624,49.20319354250999,44.899298253125515,75.20359339733112,58.5842612010759,69.95961052975765,79.08084829488838,79.33789169814379,84.85119109255903,86.64481498663926,85.53033707712018,84.84855847009865,84.1954692007225,82.7121619175747
2025-09-02,89.00249830752945,83.355476769076,79.38481658678627,73.91936446685412,71.62878437136996,74.95800508538328,70.13234383523766,67.98146598455722,92.0878808440901,99.00741591619425,87.94322281849439,101.20450013865191,71.76913713953763,105.18575618581649,108.59343200777197,93.1531391783381,100.09038339421159,96.34170540605962,94.13981591241226,88.6641444772448,84.98669213610792,84.40954136147555,82.15333336552081,79.7390562138797
2025-09-03,81.65511509004969,76.62067425384123,74.31694665888833,71.51606541534522,69.25103591762466,69.62731145516712,70.05672354413933,63.46114475258291,79.83829971471067,87.92794468849816,77.21214368831137,98.358581649641,58.367231164236976,83.68677273244914,75.1754870577828,69.17391486201028,76.58298535402344,93.18192538294598,85.00648149995293,84.23185097391048,83.94964159726901,81.83828415022016,82.95861360536571,82.76611167039752
2025-09-04,76.09983727462438,75.4528607420036,70.11649266317055,68.3808550968532,66.24681803147267,66.1141657146043,70.4778799797781,58.897642912263954,68.21346706505328,76.26118173380965,57.78700107399719,57.44588531075333,48.41597351024395,62.57230790978171,57.47025883376476,60.81534822755552,70.02117506391389,73.70452707205314,77.75233562950616,84.2469488088122,84.24432337547428,83.68962946589717,80.26958003423985,78.3303554311219
2025-09-05,80.34769459115594,77.72808730094604,71.45333534818826,67.09465506318534,64.74902884838303,65.90197702479523,71.02972424886998,69.6818793397023,84.55308397478207,83.98240238944105,70.48457913828419,65.55398499343686,53.802778491591766,56.544743028861475,75.92643618843374,77.03462018579953,80.3687309681363,86.5564470855172,80.82645931093398,85.06668973063469,83.115659156649,81.87612280085311,80.61303431795982,76.64678414363159
2025-09-06,82.30748122304638,81.85838670881226,78.08326867627046,75.77947398662067,73.08673490743833,78.6375799327034,77.73184593091787,65.44727980300267,86.48391791197967,81.38313583616284,63.355306316763524,74.78576678547843,64.32512887281095,84.92179561150282,76.34245663515857,56.68946032547419,64.90024687187929,79.57751719272743,87.75016619266805,90.36947311269334,84.23277194986572,85.34178548532847,82.86933663845414,75.81499820641031
2025-09-07,77.46595201982684,75.4459561532612,70.33796040002657,71.018549324339,69.44294811863425,67.69733152841273,67.82449756083747,47.94822489101785,32.15544467687401,27.240764950771663,22.04083430593593,16.865314816304185,14.479687769587516,28.250581261634967,20.113602850450054,21.561167013087733,37.59873021560331,56.680908665619455,75.85215607041077,86.88155551535559,82.69181211778903,82.91083293997363,77.32070897889518,74.11832843474205
2025-09-08,79.56580225952581,77.36254272787542,69.34455454671787,66.42793230036425,66.42178910528536,70.23902637756449,71.29679445689787,62.61457316325093,93.60659182086597,95.62077410338325,68.4508316528007,65.39157521231829,48.35798657062921,65.82255083425376,75.20486187340545,74.99200295850233,91.3336826789858,102.56360378242285,86.35001120219913,83.93554154835894,82.41908020614534,80.24671710798818,76.03116887980633,72.83966014719059
2025-09-09,80.3959171435364,78.39259535888041,72.43097549891625,72.94035174698261,67.91364588150059,78.53721123170833,73.76722544823353,62.28485536225433,67.27178453295856,62.11304995112609,47.829824049816565,52.65611212703165,44.825185747737514,65.92978784087684,65.22917044317458,66.9202095637898,68.09888689535028,79.72887165208245,86.95206747708757,85.71287865257943,82.16174597190056,83.38620399216195,82.04143357084669,79.02106271623916
2025-09-10,81.10233518202669,78.20274920076749,74.07921557474305,70.39052597971872,66.83727582545988,70.69833650007854,73.32877208416464,65.30608744488117,72.94856576572549,71.65538273476804,59.73135958741133,66.98730030362253,49.87485366364011,68.62756567561678,71.55059794644484,68.45900389631902,83.37631042257364,93.3615899548836,85.56828544367679,88.32062313827535,83.37581971300428,84.8362288940503,87.77842322473128,80.52603806575186
2025-09-11,78.6922380740605,73.91477047540334,72.2029938162251,71.80660937013918,67.92706431515063,65.71314637345881,70.07973109046284,62.653790565988594,73.15693923006712,74.42118983546473,67.03860729388923,73.08575251804355,60.267647227750246,73.29879058295064,75.6492530575257,60.47574670904826,66.89497451869116,78.27822560676442,81.20170099698564,85.41015048446349,84.87458337420689,85.10962445403968,78.65602296535755,74.21334606246639
2025-09-12,82.60129671341389,78.43479748476454,74.62595716003742,75.57678120894789,72.44036592686007,70.17315872221579,73.2369750826047,64.74840593355982,71.0773626254773,62.82365016811809,57.22047638439656,59.40790536650462,48.64036459707835,39.2872736587623,56.29458103712055,59.59888332645377,71.4392513037757,74.68818329913171,78.0112881546754,81.6531631449404,82.65148084389033,81.15761797145743,75.38176475654281,69.95875803283293
2025-09-13,79.56826229042001,76.5598050912681,74.89294731481378,74.03913950639974,70.06574182786144,72.42256298600603,73.74489766546662,60.256435447106334,79.81319833168847,81.61094853533133,67.914014537773,66.99367130379842,49.082118097083374,62.40090518626847,66.87550662960994,57.99934850302616,74.2132022982538,77.26330490533456,83.08405010287561,86.37000816160986,82.32816670535809,81.52030266371688,74.80871639746447,70.12219798001797
2025-09-14,72.16123887865231,68.63672820562155,62.10819032950311,62.48952965470677,63.96342730779888,58.700404533322754,64.73430600007359,39.63348881142104,20.601592813224073,15.434993634502195,11.326506925350996,10.795897481042028,9.46144438968304,14.913371798750672,16.05758271064595,17.26878389768761,27.672392790613358,56.507651812835206,72.37361942020061,80.21352474062289,80.38123283442874,78.01096597540732,68.51263157563498,70.10140763526057
2025-09-15,67.48477879969269,70.06491362448354,59.10619664533417,57.6309560956797,59.03855424864604,63.93498968334548,60.97785381484976,84.07109979813438,98.42139735218356,100.1530045310178,86.79711638249552,82.55870160297883,68.95220184861758,97.93764543282798,109.75413682820646,113.70851071458442,149.67965272574594,122.67726578782072,84.62192772332675,91.37700967211124,86.41030831845592,85.64841532406895,81.14332540245496,74.55326756243709
2025-09-16,81.45101644834838,77.8748444936937,70.25890481643097,68.87902048207754,64.71383198666119,68.81395070625345,73.84354680154816,67.44937609550858,95.91545572349021,105.79725795537598,94.00067274643716,92.04918749648516,47.292845550952435,90.18698341031322,117.38580509430462,104.71822563284762,101.32519512480454,82.55879333383672,86.4799269084072,83.16341374828828,83.10918333197858,82.8210724591838,76.64852186431743,70.21969910853615
2025-09-17,78.25885928042734,73.95721618676447,70.47467930453818,69.08090925042552,72.91295961540446,82.2862933858591,84.48090075802702,60.495823862546956,75.51958509082161,72.97374844787996,68.96852766075818,67.83828475193965,35.90716620771415,59.242058322922354,76.28346033785218,82.63219326896532,101.71508840132488,72.76219441454856,80.51159782906623,85.66031300799925,85.56466765899015,85.00733531022249,81.8548887227862,81.18089511063937
2025-09-18,73.80578116798672,71.96088349760649,65.80589580644421,63.48783088317234,60.176297423907066,60.201297247480646,66.14229617777012,57.15473479606383,71.50512305083606,67.41772631654705,61.85880692449306,57.41068087493064,40.25387915859208,48.791565994879996,59.95903578029896,60.445493320149325,81.70818224994258,76.27547382743032,81.30454083977385,82.56712254792872,82.53520157388786,81.47672102437092,72.1389921515861,67.59468251463373
2025-09-19,67.45170484197772,66.29496966042075,60.24163809406105,61.014511587278676,57.915362660661856,59.98546059640773,65.3475914611823,46.54544300865833,55.61957436689322,46.561423367906606,34.090465423243046,36.068223602849706,27.03484150298469,25.506601586394606,41.38562043079101,43.05895222582217,52.67546675492273,63.77829907274023,69.78831895422304,82.74604116292733,82.0406574771574,79.43488977351299,73.27644457506085,66.99460397295393
2025-09-20,72.03837463379507,67.8634548947267,65.23017083753709,65.5778359891469,63.409865404633024,68.35065613814938,66.36275517257802,38.67865035922598,46.788716551040615,34.541940429312945,25.13477035955226,21.79997874274477,9.851008657281787,17.669574076386336,24.027406932215957,21.963217536348772,52.42173451416578,59.64181204374209,72.87540583051427,80.52799961462274,81.64630590672967,79.43054803132738,71.53624690183425,65.96460395830104
2025-09-21,66.41948017326918,65.24505925953761,54.68922048787583,56.2552935446442,54.33830997615745,60.54269355290754,67.259343988103,24.123700463409683,8.728269252529467,4.842837293425494,2.5750717932887612,1.9879534222058644,0.927886734273756,1.4773341172469345,2.0731861784365533,2.2034638630356884,11.027624200098217,40.83272796178429,60.23021642476052,77.72964343536526,79.23778560184982,76.57263041579284,67.83044599249347,62.321153267249265
2025-09-22,75.03796257766066,67.26055675565392,54.124237203807056,55.858284142792904,55.508659915942545,64.27385167452665,62.39086690060338,69.73106738479524,94.8136809318197,88.3128865785126,47.708708039574326,42.51698476852405,25.976444814635748,36.30031547722222,46.656199901975214,49.1461074427226,85.36757989642358,103.26066391575102,95.28045948624982,85.22236966395775,80.22525658632686,79.85319721961388,71.3422152598648,61.61719324862396
2025-09-23,73.7581030816768,70.82513983755186,65.43046220227433,57.075798053369816,60.16105992002612,60.658615714356436,75.74676722481551,61.09358742805413,68.29657734783368,60.57494274091449,44.82569187548767,40.120633288852936,23.40821959632761,40.538388801068564,55.52094927480867,48.27927003781267,66.86299380327631,92.8495558912343,84.44884368656028,86.09133736580459,84.05392578108555,82.82781861656497,82.41333148625814,75.31501765099988
2025-09-24,78.06499153464088,71.1587007652659,66.2403398386024,62.13554530096728,62.404147167697474,66.1083114975745,73.85349446260182,64.1501292002847,81.21992962414235,77.05709574292963,51.1081193391096,49.4722513494941,26.81333600902789,46.27344426042347,67.06921425346684,77.12557714866252,77.54592989319613,76.28918844352198,76.99827027357091,81.10159236254943,81.26116361510982,77.25957905460423,71.29647947247494,72.09602840281359
2025-09-25,78.0842095308988,74.72477045588931,69.58943495846721,67.43339023018967,68.52845190301235,70.03350734182779,77.41467980362329,61.23523773262059,58.74395067068988,47.468494340997964,36.526630644967994,35.326808719170764,23.24750429080042,37.60398973328197,38.25007954901806,36.30835466962207,60.906174163470034,77.61660037639135,81.59755249995187,83.55672660141641,83.78820813378495,82.6101012260841,74.32678283441913,70.06460923846643
2025-09-26,74.45002180566985,69.42477492707607,64.73006246921503,61.73866087990152,58.837068130775315,61.524159344926865,67.49066995627346,53.1445594735172,62.15335272857539,49.53675912053915,31.89746190504097,29.100181855195128,16.10968904922712,21.184490686509104,33.691578861631456,34.89887552507985,55.05406339954061,71.28607533005476,75.0756475311439,78.79995421709386,80.4071629913069,77.9878107788136,68.62665894649872,61.22246616816948
2025-09-27,74.71707032517666,68.78363728876606,61.96605881923416,57.10199457879069,59.209389368130154,66.5800626988829,72.70376844724217,46.88653360829126,42.210355311835066,24.87310265168358,15.398501452647546,12.95514348362205,5.968602862671923,11.904951570755337,13.046912413787787,14.201370619047514,38.337877243312825,67.58834015445083,80.80870442122173,84.0889278231344,82.73240956449857,80.29712435212697,71.49364565638686,62.48574303550487
2025-09-28,76.79459446645762,67.84792096205314,58.425549830075624,53.424312517818215,53.9908756048674,57.98905626406088,75.98663623828179,44.6648163171736,11.026553776157256,5.458172668067403,3.3090711693660695,1.945763254671031,1.289439965837253,1.5181792751279828,2.0754116256158657,4.040243929532739,21.573601443284595,65.74950117806976,83.95203856658344,85.45053940723344,82.87075873208688,80.60071790799371,65.66623529655794,61.086815650173776
2025-09-29,66.39284179726252,66.62946458822354,57.90425534377558,59.448140962441585,58.06851721267943,59.5682050408374,64.16578423246382,53.52337771232759,74.49765032559057,61.72319099203429,40.786017442871,35.80486700473782,16.584573146880174,37.36912549689252,60.090243703725626,55.150432906048714,94.93465293175109,86.15089809147891,84.08163993912098,86.38384501271192,84.40621077985895,83.04038546429582,78.86518580041215,74.33509580031526
2025-09-30,71.35958068035463,70.12222489513364,65.19988624578195,68.45939627667934,61.35037460529226,60.053913853811366,74.76426037355978,73.35577755605371,88.78452601834128,75.17351295298123,60.97213651460347,52.72087298392968,27.852509266650596,45.52279145552009,61.88450078154544,46.93929532280899,94.73550243565934,73.39933525792567,72.9545297715657,82.45015415056248,83.9670122251789,82.57221915889511,81.59671650116495,74.52145204119105
2025-10-01,78.2691146771292,72.76750575738708,65.7551174684808,61.05733697782251,61.32216172852496,73.5449260671919,77.40583719201426,57.11748178524397,51.95767455112492,45.90827816010702,39.80880985359051,36.77758363028413,25.459492086433,41.554654571059395,40.43863694278056,37.43797022310506,61.16157038620996,65.99683859526661,78.96306215900168,82.81580965310687,84.35631240176696,81.63326031538875,73.27013580406563,74.40082980380265
2025-10-02,72.33851494633183,67.26037895161971,59.365405105138805,56.23233329512413,57.09931946086146,58.51680922648692,61.721426429531405,48.36959134338588,51.721386184101924,42.33647616661308,34.97470978991344,31.104910632234784,19.267517157130474,31.376734316890403,34.12947301886493,41.26673550570653,76.65737964220921,80.85006597880083,81.30311495700187,83.0527799678979,82.99655329797099,83.63982519922547,73.73598594338115,68.07843378358349
2025-10-03,76.88398511997957,70.33115718225638,65.64021256227696,65.14168305092753,62.88506647944661,68.2066271246953,76.150868091438,60.92876934263671,60.839202263661896,44.29662369641612,34.000605516889784,34.93863203364277,16.555782623850995,19.130358344328634,29.12711187395297,37.75602572811671,76.3233486288267,85.82178996664109,81.91669808328662,82.22821258119431,82.36298259584848,79.94047620454809,71.90116442812598,63.54800355486036
2025-10-04,70.36918864115327,70.01030443373233,65.54988353311957,66.59395202820153,64.19032231720128,76.9287513680397,92.5387496139158,60.47062452861963,47.93265625978526,35.80978970538446,31.80139596161248,25.55189623585483,15.132455545324301,25.503579101809823,26.552121581277596,29.707045022095308,68.46960914502871,100.1869733040839,98.25994392986036,87.70029118824915,85.21207415857984,83.69922499594013,81.88725652618808,67.5869907633346
2025-10-05,71.17760424177553,69.65396358568209,61.19608931797626,62.51470369253746,63.70702213849538,64.39046457197648,78.43741067696928,41.92135825435595,15.465367227603242,6.615920998806471,3.927093628156124,2.6049120685618945,2.0320004857373606,2.4086031057121002,4.075336517993013,5.742288300216426,22.315481919480955,65.29709991930409,83.91078376833903,87.11800479107181,87.32568519872851,82.0102647005818,80.23605487847087,75.67470560183114
2025-10-06,60.28508245489589,60.35605815133663,56.2096861220697,59.06963797714392,59.6992616881873,65.62311054515493,69.44369895151216,62.53058742813761,82.04189428964973,67.17443951711847,53.32670792645091,56.19801773424819,35.0568795857429,79.60636446941926,77.53800838988808,78.18042568895667,115.02451656211495,79.12269385438995,82.95038511423807,89.02688042874487,85.27608753523965,89.5202461477062,85.55650603836504,79.12578252833423
2025-10-07,71.67862685563118,66.65968681514757,63.1476935421793,56.4211908270924,54.03003282730767,60.41696919062519,75.63221637090203,73.52953069397849,79.05716508698066,56.657870545256266,58.17133479419089,49.40471070924751,21.866734008881252,40.70564821966574,58.96639916614058,62.298798106958486,92.29455871123784,74.21087325229959,82.44912140341921,83.55990790257299,82.861446282714,82.43117494803212,73.72791703715127,63.459900936089916
2025-10-08,70.42135251737618,64.08737083533009,58.92186724441862,54.100362112003154,54.52372547889853,62.45408932570131,73.59977087651144,59.986200030826595,68.03298287586829,57.24057793719845,62.35990742265356,57.685248369909104,23.98135535143774,71.40590368765866,79.67733558130924,72.27143206065517,80.26558726482115,73.60310633442813,82.74685902272134,84.51207086802516,84.10527869761609,83.6812176733399,76.40085462890717,71.37593905617256
2025-10-09,74.00124261754742,69.52852860303199,64.50058041185572,60.94343424712502,62.14584364771337,65.35069951090244,73.822923676573,69.98603543315254,61.85042834385718,50.36278038507374,41.57512884781067,37.68006151795041,24.142405232185492,42.09132664235688,43.648464683316924,39.69076884440004,61.0393929896155,79.3416951069558,82.97978052420667,83.89137410719086,84.10382461308534,82.20483759778712,76.23448742035542,70.33670779182933
2025-10-10,75.68708987927653,72.02878590693622,65.65754660010721,61.67662282164761,61.96877995677427,65.91860398393013,69.74160345847949,64.49498738948374,52.47080698466899,42.87399038192557,38.13013737002168,35.25444469967023,28.273662966107263,30.307981620888867,37.775889696074465,43.646502686239806,63.26468113157003,73.20802730193718,77.18606618175623,82.3239014258765,82.32196663475852,83.15279852458146,75.38408840202813,65.38450284969507
2025-10-11,79.10683862765633,76.75876381969942,71.58745487077786,67.41208211384294,64.48223478442326,69.58334419172317,77.0994830607444,56.773971309191154,70.58692672691717,61.424523850781846,51.30984800976891,42.086310997607335,25.33706379255955,32.54134381318382,38.58843155845663,38.90740314535257,68.86492580452752,82.56521472552183,92.82271317030067,83.4643312311493,81.3988900634022,78.23111487023249,70.88348422625727,62.29048919726972
2025-10-12,63.561859990548285,59.16498782540082,54.660688114536576,50.78696669265955,49.8562085096631,56.289325877538246,75.05158040957458,52.528377202919636,31.101140977339426,16.285509966807002,9.062797362314631,6.623888903922367,3.484529917355396,9.035908135205865,11.431007550420624,13.940421351581985,56.76235382669923,89.99459467295402,93.10869571557764,81.96631100559516,79.47547842919903,75.19015672514367,62.162370494963994,57.589442555736376
2025-10-13,68.01310972416627,62.65471431465912,56.40235677387724,54.308443595807105,56.85628037982003,60.65361217824618,64.40341119527997,61.88667004470508,80.59022706604306,63.663518770879435,52.81190243162817,66.53929101969285,33.70417118801587,74.93775268754707,84.53383469361663,81.36797153696679,105.20393489838868,104.92082902558619,88.7881368496222,84.66133219422817,86.54845596073255,87.92665894035592,82.60972971569446,76.11567574097542
2025-10-14,82.61214514040087,77.59589223377098,72.70409445753454,73.56637269606566,70.45525033803716,76.4056426942611,81.86578946332473,85.78191869718128,88.3047913400624,61.65931464406472,48.201150517872456,45.68095421701625,30.45473843911475,48.77101116942141,53.487369566770774,63.85393580756663,82.55610457298526,88.208384110276,85.74251586922858,83.82649250591025,81.69013209012085,82.57609446897474,78.85748005880325,74.5348630398106
2025-10-15,78.44219210430285,71.80621074392717,65.42467059458531,64.14508906653656,64.6359729420503,67.92578257668946,72.86864319370044,72.03463229540445,86.32727124723611,82.40831422961338,70.64969464514219,63.28754760095797,38.78009734745915,55.75325565602036,73.71798789795812,74.99696759957831,95.95057696495273,86.50795532672943,85.22596827378823,85.48845124496775,83.79961512457177,81.54862820188544,76.87577934850131,70.3358105542773
2025-10-16,72.72761244640499,68.77565363865855,63.644486519715734,60.77333419741945,61.607581232435464,65.8029864196848,74.55835582157687,80.90572940411718,107.57855782905514,98.909126160649,79.20780249043483,72.92434823487974,37.10435013523213,63.27729276485681,78.90894252456577,77.1973213556594,99.2331985302256,93.84754659418091,85.70788966804238,83.24864815854143,81.25610513837259,79.1412338656779,70.47824353286089,65.42280130882567
2025-10-17,78.61640026812185,73.91840911633125,69.86226762607264,69.78226349300301,70.89870239806888,77.90830271981557,87.11161813508164,89.39738401451521,104.8643626528292,94.28131719892677,72.21718873554765,72.09456062932492,27.105251367764467,46.47427928162871,76.6132592554507,78.47484271735956,94.37297280484759,94.46293729297994,83.04525975328765,81.97182705733226,82.21765253886065,81.4229501734827,75.76345033631954,70.55374905340456
2025-10-18,79.02114910559492,78.0339130739177,72.78896868519526,67.88085681390918,70.38582339910965,78.58617969704599,81.4814986329691,76.99473366128484,72.02162543790385,69.59426029222531,56.35250081632057,48.033740755472316,23.3668564139025,44.70252991768316,44.75898422782856,46.635526986555256,68.45201329257756,76.61629371169136,81.80529602478342,85.06997061285392,81.35033716895647,82.31014614983992,77.18122295719297,66.41371681248799
2025-10-19,79.96063213973761,78.11055685943354,71.34008987883941,69.27930274987159,67.66193199830316,68.93401557106263,82.10383636262584,55.95744419569982,30.197974843343573,20.373114223602627,15.514928202009948,12.834861429648472,8.88437860085106,12.931038998653717,14.118993463514812,19.775324981145577,39.45196122812235,69.69647089643593,77.86810515012087,81.0556222076685,79.97686787170235,77.45770773118196,68.84920524964582,63.334931069349494
2025-10-20,71.40034017728352,65.8069635266435,60.1246940822863,58.71703807238204,58.50716530715125,66.11473702819637,74.82269017603856,89.35659475864848,113.48883672064198,92.48573771900118,75.82931255407009,79.23412900502852,36.47843433104772,87.99330888156013,93.53608488200132,86.34697739855471,97.31097712847718,107.44350271514271,83.81240092827284,80.45921165038736,82.55645116426176,83.07012729581335,76.69731763838418,69.07283517838538
2025-10-21,82.46295355049574,77.68019852450995,69.16600208766849,70.59221220086283,67.56050752327224,71.95819861142711,75.7222050011344,83.27014130665611,85.18451697271601,80.10589863828439,67.58288389432725,63.675311264395795,35.06457052733926,78.36703931720734,74.82816522706695,72.04788049501947,72.71025134131354,84.31582597718857,81.83693083866102,79.66835363242674,80.5611294282053,81.75974964561792,76.69629841068233,70.29882959236
2025-10-22,77.3730350587025,76.16874314753338,71.01457993871834,70.22408407988064,71.39006898572026,72.39189691592436,75.68151881869846,83.96716441895006,83.57601645327385,83.61025971883701,77.70787708226457,83.35124812969144,58.40762021303735,89.85952580209334,81.16499457697878,76.58776223006764,87.32802134128528,86.70521862079877,85.76882308307097,80.30055197111741,79.20206285671844,79.76832649653923,74.59207279805321,69.04454145621985
2025-10-23,74.08628835105746,71.74697558710254,64.1118904663887,63.572325065361866,63.3233167399998,66.4646006492832,72.89535897395523,72.14090287974125,78.77059149066443,74.96252999796793,59.877402572155766,57.51936060235298,38.93484327042095,51.894493432519,52.804514081658304,58.821440735813944,80.07658996582168,89.13230644896542,83.03956467253239,78.32739851959411,78.94921067362255,77.35361009004937,68.41286627973116,63.17141637624537
2025-10-24,72.79605738676987,66.99021755497085,61.614890472819255,59.045835623608404,57.968967149825765,64.93379953503877,76.76179870694118,88.42090311760194,94.37206977410435,93.24794949691037,74.38706035887209,74.86586775537909,35.78905354298481,46.28306704271347,65.37274049655615,57.2138742984425,66.44531948843472,94.11077142731006,83.43173243443883,76.2751945341386,77.10642639682207,75.7877846938224,65.57344367336209,60.28992440761672
2025-10-25,73.39343600352267,68.34519261379793,60.05469551720594,59.783083251673425,62.55494183648651,72.84210376894117,82.24377156238106,58.31695109783462,60.428520801171764,50.37123850901537,34.83432563597244,31.879767666071128,13.304725148927858,25.67453551942671,39.75167828186388,39.666329472485586,74.12280461855697,77.8331162232192,80.42085622900986,81.34159737633402,81.26369104987683,82.24355747910994,69.58025018442198,64.47439600372466
2025-10-26,79.68449649633934,79.04971207706166,72.65657045542406,72.15158328912372,69.28378214011178,75.63083736501567,94.76206017770059,91.2726749290659,37.770037130533524,23.36222012567454,21.246419220998654,11.999728691118499,7.173482006265473,11.824538348875322,14.500045353553231,22.913929701881962,50.66023194006286,76.16430466284054,76.74628130642046,80.42425540374244,77.53902347053365,77.3219174276964,68.86183069653954,67.19395196461032
2025-10-27,55.420655123301586,53.65707241442651,48.69953789126095,44.63832074690852,42.85203151826866,49.12596776650718,58.888036922968084,70.74634533698209,120.98156798478813,105.7523029408481,71.39686182593242,63.71141962605934,32.917197923799336,53.58934621298647,95.56108465731967,106.10899831524019,133.83836574511457,116.32132283096054,91.99673979430958,85.9129268620697,82.01768992030654,81.11166161173574,61.382947051003896,57.257316441532524
2025-10-28,71.64805182328615,69.28405111396953,60.95681751347658,64.73313361179744,61.45361708151359,70.57996950726752,83.61845612219543,77.07707672838707,83.86593271098802,64.46649582884841,49.35165435357017,40.18604054854724,12.563780847885617,27.21587334091488,56.96177339440676,66.76780113003858,113.1935468846217,90.50001177432135,85.45721891173878,84.69130230635886,83.29857146394109,82.44712843345,79.99149797980965,66.73029182476414
2025-10-29,70.59897615239827,69.43017583946332,62.54858232084728,55.81452802901038,54.90235583721469,64.87496470725287,77.02469432554891,65.61332251131734,61.69679421703232,50.92347234292022,37.96493187546484,28.659811154569173,14.15029852834634,16.971231228876878,31.10277315367857,32.60376292257904,46.610627139008535,53.48740582802098,71.64026968038608,76.72009475052708,78.57072700102096,76.13689180029914,61.806363159492584,55.516847909446824
2025-10-30,71.50466053243979,64.51637823395544,61.64743914240209,56.92126885393199,57.58360483354797,64.12746446153379,77.3163547432229,89.33217268987397,67.44486296803657,53.706490222010295,46.35877803183368,47.63050920490137,27.509935976590196,42.840753290521455,64.92607029708637,73.90068536974373,99.17484180591622,88.43872111906737,86.03181598413191,88.0582606471042,85.64705010606869,87.5557584395087,91.33960200614627,79.53435804748416
2025-10-31,77.75434111128887,73.89183670773305,69.01695297260363,71.72115010622197,70.08884848050235,72.10530673310066,85.23421175940862,76.64538841193531,75.94502329027999,63.745593433534935,45.11661452652416,54.709957436569205,24.491573764855058,33.79745414093922,48.44949079105548,55.37974209014844,81.55349415019941,64.04839280158481,78.54844849309775,84.1269254366938,84.70412968188303,83.05990856248316,82.93306254842241,72.84742665100681
2025-11-01,79.55780853481423,76.23510340751827,73.47090447976655,72.92766614480685,75.68072848811,76.12821463625562,82.89756323319097,72.83679194547072,69.32735053483852,71.39828142864873,60.74867440273357,50.01420312910138,26.547516332420813,44.50452529643823,60.40881468574211,63.49607704710397,103.10462872969644,84.350459826468,84.88633502428326,83.03893774443256,82.51332833970518,82.79349973163531,77.2469217582503,67.9311989564325
2025-11-02,72.4195340732001,70.5449415415466,66.58123973133542,63.49059170159353,63.30616425014874,64.5199469567797,87.40354426210752,64.51171950640753,33.45724421537417,24.253847862218212,18.311960437505363,12.202017944076138,6.688633589957261,18.091265922295143,22.418787208998136,31.098554969096337,82.13200074941241,93.36706616198505,87.56335775957707,86.6968774316807,82.30364494037293,85.55840988059137,74.89385053689566,69.35502506328135
2025-11-03,77.11423225694222,64.75733257660002,57.44684280561816,57.98738344604834,57.3921370720531,58.44752346368289,71.70485782140018,85.2890876062691,97.44322872906689,68.30928339443334,60.174358027695696,51.5164988014111,30.249100604350627,61.36203743150351,71.01615602573389,104.12550215085723,148.93804017183575,116.54636095066886,83.9819419057991,82.30630200365279,85.48406085435951,86.23111683547893,86.1542624619249,76.25694125040197
2025-11-04,75.09591024331945,71.24269812215844,60.41654282213802,62.38418850029231,63.97637474443299,64.89442353604328,73.98311391731352,76.76498653234073,74.80712834860053,63.943720422477206,55.15471187088524,53.34318816965974,31.26264951812855,45.876508060719715,54.331172002828794,63.7653359379211,77.81993160130898,70.52944948506305,74.7735055862506,76.83849230368689,80.9810717243911,81.41104972649241,70.94984848605873,66.69184324507837
2025-11-05,73.90365650782124,67.10762628778242,65.77179020886052,60.15731495067957,63.25746942261598,64.38075854408413,74.26529430515941,78.2793891311454,96.78107613766421,85.97906068546035,73.52811059488708,64.43235956908592,35.48727600276888,65.22758179793793,74.65435766716757,91.12447164029437,106.48619841354349,81.7792098242416,77.90064733715539,80.22293021142984,79.48185080806219,81.88301807365542,72.67941862613209,70.29806747987224
2025-11-06,73.6708792583003,69.32307522431469,64.00124899697748,63.786568066538024,64.99406543011843,65.88134341627506,69.8590091238816,72.02508037991518,76.97262143644541,67.78989677645744,56.730548298972295,51.59064041705438,22.082520776948783,51.56620785005388,74.0027829328557,74.22537318603342,91.39011064149817,84.81051384906557,80.4519966382547,79.58381564462323,82.31068094161631,79.83220059607423,72.93798588935172,69.3809478916826
2025-11-07,71.49167612677863,70.73530869108912,65.20720841622897,63.30559231319985,64.5475071004525,67.70499763759318,75.91073021838677,84.86289139399177,82.80843536551296,67.30568718893294,60.46194060972106,54.34908866509059,31.815748900315192,33.059981097385425,51.50024099886702,55.90127287026149,73.69962138181933,79.01127444462486,75.87929665012481,79.4348805804401,79.72682555150193,80.56571215622941,76.53090059366617,69.60029289078324
2025-11-08,77.7551246314933,76.1104861597279,74.79331322154265,71.86962925791973,72.39718360252706,76.00483336700084,78.21994798391582,74.712774596443,61.0461710118006,59.89631542013606,49.48047822352771,50.736464414142134,31.596525600362114,49.58078547333435,53.03834237672486,56.43040131069075,63.677280933753906,75.50011491274908,78.65810757203174,80.70483446902568,81.02459369283784,81.17360946921161,81.44438237058179,66.8031264411244
2025-11-09,75.06184441217944,71.40249892448679,65.37265302379868,64.47143256011577,65.16772656247947,68.3629424713767,78.96568329933146,65.87294777461109,35.3658982860492,22.969261176574786,17.300863721593895,11.277515550561874,7.646090603856205,15.706778319441655,21.32496831256571,30.067002177996876,62.446571772598375,76.28186110055667,78.26519842261305,81.05212598426601,81.30978069501926,80.99961546521087,71.3380930712208,67.59356304926905
2025-11-10,72.12077646958348,66.55242576082946,59.4972771941401,57.72188550224364,56.447243533052735,66.77920417461793,69.60905699567327,77.21621606390708,109.30940659552559,101.23139965440352,73.96196889000501,81.49178023260805,33.18547904979545,52.15703559704525,94.6715296038163,104.189342292473,131.59075852214502,109.72335064818361,84.81587078245047,81.45850097167703,82.06519816680638,81.4414081484645,67.63576710915403,67.9415188108962
2025-11-11,74.77050934968854,70.80558225522203,65.82252340047192,60.04421260503121,57.5215515045456,66.93842559660955,72.35999566488977,74.00781895273177,93.42566676589584,81.41046871933034,79.93088266292655,79.51953025947277,31.488402941060638,60.10494954704544,77.51287959382182,85.71688233221361,111.34551648030971,81.68231058953002,78.13526813866886,80.06659328562975,80.3839251452877,78.9837541294934,71.32968499000354,66.97279540033985
2025-11-12,75.69981349693538,72.7331079953505,69.22850860795984,66.00133957680205,65.60746283138339,69.93921483207944,78.85055145966987,76.80720282490803,73.71329588095787,69.69569474383422,62.08679986634428,55.44945876937063,25.89676301512739,52.554020941843845,61.804920331100035,81.97356810243778,110.06865765568105,87.2185532912019,82.26224361066768,78.92190755434756,81.20390739376278,79.8558444810424,74.00559287505769,78.65179517739098
2025-11-13,74.89052488226031,71.6092792030471,64.51859090616982,59.43868687409708,58.21327883451747,66.3006525268018,70.58424719245443,82.41518170256526,86.04153286501011,82.9265568237276,87.20672723031203,77.35050071680467,48.5679336199242,68.16110815948966,77.44053478242483,77.31613230926315,91.1313458908865,88.98773469700836,79.67875104925778,79.46609832256975,78.23543589536736,79.26566646416433,71.0279293660854,66.15330633095449
2025-11-14,72.09573547378207,68.67691611377548,63.85521566378138,62.60340307023578,61.90747681373466,64.9786713195879,76.29793988627806,85.50051512656994,88.43409117004396,83.22577075552596,77.64741745247757,65.5516343988015,41.66667350938565,39.60741812885141,58.98668228835536,63.89001622726891,80.8370147885003,88.29814323260912,81.0523890489348,78.47945093692432,78.19204923190614,77.38839943754274,68.21820076218908,63.62048576052535
2025-11-15,72.06761974169588,70.41056759049565,66.13745090564946,62.47154943207394,62.93159335737552,68.01125681969819,71.67406712484295,69.5201080064856,74.87456464754773,77.98818364163307,81.37093215145566,57.72821672878284,39.187653498303895,64.72784238386144,64.32872301809407,69.07040195328602,95.76378822096083,87.29533870592344,80.34377332481708,79.95797924356354,79.56574579207278,79.69360713014528,68.36992811010745,64.07430304618202
2025-11-16,73.66733711089107,69.03602150664649,63.948297508813994,63.511208945711786,62.39165681585707,64.69483066946314,75.75599357032415,61.97531204290296,37.77178574243044,28.079429990835344,20.81878661979043,14.689714388340114,9.914700762618358,21.28907020497091,29.038137423055797,27.88263640226002,63.89026172727554,77.75611470950662,78.06022557471668,79.15616299403948,80.35767355893196,78.53644927231493,66.06197543359045,63.327396440891214
2025-11-17,63.722257863175734,59.413128928695464,52.68382768420797,51.12094336377,49.381826397790846,51.58084391506619,57.16119423202309,58.70843061711185,77.62738679779906,71.53556886615168,57.59821574853416,51.57038656735541,25.87232901636207,40.316841670720876,55.74285936672325,60.25250664045982,79.49176700699032,87.45853178020629,85.21238140445763,78.7594795645848,80.24204839441924,79.43436050083612,64.91061039601182,62.39321831963101
2025-11-18,52.63734599726794,43.539263208210755,38.86916405662903,37.28663813889242,35.114471210778326,36.83806222380501,49.19577442042866,49.6907419076035,59.76650943216928,49.08899966945358,26.737594156208054,24.02011268056387,11.155492485334118,21.074330422434837,30.947298213159122,39.4992828782947,59.00304549725992,84.43563471141674,75.56608649845136,74.55479681142397,73.89997027988682,71.2827322340919,51.88871250610417,50.05211128058818
2025-11-19,65.6791916332423,58.82582177742704,53.0296726924829,50.05410117479482,53.61304327988454,56.314733432940606,71.9872786220798,83.21638340210995,76.7245302402186,64.1806039582001,47.44182127772585,42.31006382596757,24.090839141977856,37.49889453046568,47.26998049560392,53.62031914379091,72.9463214882941,83.73153047332865,82.64594943383182,80.6686232740605,79.17996411424753,77.18711828792043,67.53302092251606,61.92164059970418
2025-11-20,62.333035214962784,60.14830878288805,53.86307122205957,50.781236455347184,50.53583433814858,55.415213696141855,67.74777180017169,80.71157340496794,78.4379101701317,73.84384316447364,63.704612652103435,59.970233072379024,34.96022218044409,55.22904594424078,60.20905270712422,68.89939362615142,77.82379177792664,75.0605778052885,78.44923271370354,77.5753578527408,76.34461117707846,73.38353392209166,62.179067676667934,63.42979607802236
2025-11-21,61.04985475824789,57.43582154474728,53.81906516657885,51.55030914023183,50.83216541295928,54.17030695527988,76.77720056585457,90.21570564017547,101.30170566822834,81.53470353181797,63.04140220884991,58.31034350186785,27.44504160210163,35.81172013047769,64.12362905682886,76.51122046610674,113.43800502419026,96.14397762738461,84.35299689132766,82.6464224769422,78.07988352260794,76.08605092364625,67.0943405924067,61.69764061911637
2025-11-22,62.0112642472008,53.890262555195335,50.4359134556753,45.581646719719096,44.55505961470431,50.88957537348603,62.765057747734566,51.82785123902558,82.14955443988849,68.73286698208912,42.179362483834474,38.0011984426257,14.888966465069684,25.369914309215243,43.37895550968802,56.52941946569125,90.13212696213591,92.81015869247827,85.55434439598802,85.65718760753674,79.56193640142165,77.12499514566153,67.82451231433956,54.35996693732454
2025-11-23,58.536584545163805,50.64538439987449,45.1626579458874,43.790025796860995,41.832351002150006,44.64742065405442,64.80517542123704,52.6546012653956,47.85417799245511,33.311423398046664,20.72993303506198,12.131941209195038,5.340569281978944,16.151132705347337,33.309498606055826,44.055276027729874,89.88992322080398,95.43854668200984,86.6237223364995,78.68907908234246,78.0373749756309,77.74592929545098,56.840090892095,58.92157027421623
2025-11-24,54.71436206057526,43.35968646765949,32.276494610868696,32.48737613679955,33.33604976020918,39.01688952393496,42.66411347270251,64.55514687458816,100.2215146525452,62.10981316527858,47.41795713817945,38.12029356133969,20.2962366413991,43.211712741255475,56.103499850239,95.08453351677336,110.27964801019688,95.43187838091497,84.00161199980528,81.62575938129368,78.56586980848556,81.0231615865013,82.40224253578528,67.52958113077274
2025-11-25,75.37247770661594,65.16001912516768,60.54735966108027,57.01939616566517,54.044528350480824,56.98412414285629,69.47440572169934,78.38219165425016,72.2750426118217,64.22871293853903,63.19321162398732,68.50425425773523,38.28934201713018,55.24173280332935,51.43566214284487,60.01531082130123,63.34742702260826,73.82453058557718,83.91249538373883,82.85274283844439,82.10308492721774,80.31114197136078,76.88700229441365,67.37234400429195
2025-11-26,73.63667447397668,68.06591109706373,64.9887868176989,63.52932079298143,64.57607152801016,63.650682708060664,64.85441647502077,69.4953138346629,112.33769820865564,129.42896274774165,96.13811851025723,89.10437870042112,38.65476244952624,69.68749656103348,84.75173495128733,89.7387344896307,107.60196100361775,92.8628159338931,86.54590087326864,76.85182939316975,77.15317174569073,76.82917608386668,64.45420776390866,66.47729870195296
2025-11-27,64.79503725144099,57.8991500426638,50.31317778959302,42.25841732875071,44.85249782667225,49.37244846765765,61.80438339064366,55.23186077268153,57.918245947228904,52.1780321634096,40.704093621572085,41.38150155119733,22.2196151119387,41.31906192915145,54.29847038963935,67.02566406492464,69.87815269191087,71.69755782110373,76.6413158305948,79.50390004457294,80.30496558711548,79.69048389168513,66.35628392726123,60.962413482168294
2025-11-28,73.9283634946804,65.298949859814,57.36727785855247,55.65672728836917,56.90879480180709,60.81344596521207,75.72206699092109,110.93619512838504,116.07636859080996,92.76981603286687,57.51417579663372,54.70128536975643,18.207020788610286,30.243835074155218,65.07373822007733,69.92667206630348,99.93202965730637,92.98169969709866,84.75964449587342,81.74897742119377,81.76472886162472,79.06499925222377,80.34269227765029,73.21956374528487
2025-11-29,75.5140240332774,68.29533572707116,66.06080326103266,58.23253826321748,62.927395401855684,64.8437314741685,76.99492128664879,74.50713309482535,82.97032369719427,73.72770432195601,54.87673839336128,43.26284195371484,30.23011674269643,42.248831483981014,45.22901765547556,55.91295296135719,78.76944325469326,84.96118896215283,84.7091578753778,81.40744476705548,79.13207814592471,79.79100981702402,72.92018831180062,66.18852832432577
2025-11-30,68.92141598098982,61.22937423742636,51.805608927651804,49.291155213726285,47.02876800485249,49.197468546152294,65.2090693861255,48.52631290739983,34.789423524721,24.068868346744633,20.730491556794032,13.792381211985598,16.96949540258375,29.18452629176497,22.93298202800452,32.909749805589776,82.79785006355007,84.97667534766315,82.43488342964079,79.14005904036948,75.86034047513527,74.96672544439775,61.567238029675764,57.92271733942219
2025-12-01,70.88235239486528,65.8681973149988,59.95579994793818,58.31701646569516,64.54067138370714,62.181627687314716,77.76927325318522,90.12761677311359,102.37102583948769,90.76843910382854,68.09941341721037,70.38287586016308,39.09735075489378,54.62125940799614,61.178576240125835,69.36390132964223,84.79844433896879,106.082207738334,86.58927552009703,80.62771658208258,85.72432085496375,82.33480302390012,78.28967061026393,67.98862684497783
2025-12-02,75.32233588007446,72.16545132986987,65.74974240652053,66.9383696727688,70.24014886121783,70.52545443792351,80.97333556103436,92.30437417224897,72.67896060321642,69.93671527401844,57.132565195500256,55.760084489325486,43.915797054536135,62.29715447736337,56.73986640722844,54.52738348387278,55.91301389289481,71.27596734447195,78.3560839249026,79.76107263632758,78.4063345683152,80.99893724742412,74.03912798084815,67.58718928200769
2025-12-03,78.18252034548436,74.63322611644838,71.11788788132245,69.09459163884534,73.1832576987294,72.4699366040684,80.81240838124216,117.73497223187918,66.5983875631022,56.82314949149855,57.97440406233696,58.462560608158626,51.794103953199524,66.15648073707217,55.63619165962344,54.87126251915799,63.72316743336823,77.7762904912951,79.89112827376353,81.84873248277306,82.89984845124441,84.41436489134942,86.45257552031053,80.01196559945673
2025-12-04,73.39928076208578,68.40595235464983,62.379502059128896,62.478857607474794,62.460555373946875,65.01264196291693,75.26399213818974,91.29915931604494,89.43391993123933,80.38721630035566,60.35551187391281,61.434412153793836,35.97446368033926,47.9328052531255,55.913676270593946,49.24685917030439,65.22604363915431,80.1019279409197,78.03743507325488,79.82669757369453,79.35008805362706,76.99066941007122,64.41034470174928,70.37638931018475
2025-12-05,77.88693825901318,74.44548788743008,69.36432198060035,69.2194513630908,69.96707339700829,68.23289943723525,81.80844962396635,97.85660045913544,94.03318092303624,82.25165475106034,73.3059558664578,69.42762379056889,45.23450780721306,47.90897729583686,65.27197762643021,63.61001010100338,85.7536521934374,91.24419505276022,81.8658776798594,76.96216413273453,74.59355992011938,73.01050944198983,60.15552923002763,60.25170988269007
2025-12-06,55.9102065521337,49.87549879064521,44.763113399549844,40.150261043493096,39.5759383512886,43.7961313210516,47.06564005470258,39.88686626115411,68.63961245605775,62.324937828281136,47.782718501141005,41.93458332069734,26.954693302417102,45.516414305987134,44.02337786001468,48.32702673917373,74.72126450483668,75.51701256804746,77.05110197633145,75.94407699055766,74.11372685381428,72.84457275748778,57.83609688126402,52.64874307451393
2025-12-07,69.6578695832698,65.40071381865046,59.90668048475164,55.537339689938484,56.8464673871418,57.69438830986207,73.21161986003392,72.63826747390414,40.443593661040616,29.607261922206444,22.500325290407805,16.087723271705894,16.573045573904448,21.935682816988237,26.903320683060617,33.385868532028375,59.5180525493354,81.7616346125364,82.73689385016498,77.24134276075999,75.59253120545276,75.02763131553685,55.77347050146255,52.350003375675726
2025-12-08,58.84039405021876,54.35258033055583,47.360906449914935,44.66853028581524,42.73367777550155,48.38196475052895,57.861189353776425,67.06371134766005,105.33885501498575,101.30461861157102,74.43227898217222,69.42920391557203,41.59213181409406,50.78721354385938,68.4284071377603,77.11299355629426,66.12922325304544,85.86064013652815,84.64348500994066,81.56291164261269,75.50436495724598,75.96086682437883,67.53756900347382,59.28984134445588
2025-12-09,64.78207860304165,58.36672368634869,50.22224696535943,50.37737077803091,49.593753109874285,50.2259415656022,59.04820959946526,65.92938188745691,80.23175698678664,80.55335491170248,83.47616601372219,66.62793115852088,50.760306481552,59.983923368279456,65.01126119488161,66.22740602205734,88.28255897854018,82.02066915283336,82.19432820108912,80.18808025305812,73.46584332348549,73.61353826908135,64.89679356501753,64.526582769819
2025-12-10,70.0291847490575,69.22314709931933,63.67580832723388,65.86015101313527,66.92304543626204,68.92704526915567,79.77283043704571,109.66897899309511,107.2418541876009,107.74743438541438,113.27338848327844,82.08384152409621,71.2522140332606,80.67290126811928,74.48900587948489,84.48017993978729,134.6733164722989,98.28454637374212,89.51061294367511,81.59131895119093,73.76312968717625,77.63007373219683,74.74563590432722,70.68101371289652
2025-12-11,72.6206662900937,72.57686702617654,65.04307034138414,62.60865529920551,62.12860577148369,66.60156944730002,68.34243029392964,70.51553278903883,102.17816104647285,114.0568562384477,101.2026150101616,98.17697989723447,67.28607244903343,88.1216050425844,76.42021006986378,86.01291657933582,98.44904114971163,81.53300059325157,81.67751538927304,78.58051001999014,73.91571946258564,75.93774939197286,61.23669199563553,57.376059967843766
2025-12-12,71.12518976660581,68.27302124942648,63.78078567568945,58.908277332881575,59.189815735836305,60.787772279272595,72.04090219248567,89.38260276057967,88.42499256493494,83.4108947244551,69.74715393151064,63.68724780962417,46.08208956887802,48.16035031270483,70.44448032417719,71.99301127583821,75.9402728162555,82.91473337401264,80.10054499569772,81.84114513621103,79.70440266673913,78.77202456663335,71.12494076665895,67.8914034664091
2025-12-13,73.68195228521084,70.86499434634769,65.55496917629202,62.6445071183568,62.65022561835379,64.87023339190885,72.69981990760638,61.692555232489255,66.65979997412764,63.006423809272185,49.069909690105746,50.021500005400426,44.07215860249192,48.52522873458531,52.36787282733194,41.9548367399399,56.65684833299578,77.71365029223367,76.51976976328488,78.28730277706283,75.6144555594472,76.25913121456757,63.679677579724036,59.99378833856174
2025-12-14,68.8294549814936,63.95196032035229,59.1466661776002,57.87099579022947,58.63725959170665,61.604443718830645,66.54177806097111,65.21612479913951,45.51480954841594,31.82739054555431,29.286771638423986,24.484534544660495,24.266990422987007,30.0411146330758,31.966865732768273,35.13323930919116,54.92046865591375,71.84452641048186,76.35524500423003,76.49096506919554,73.5603654478986,73.46150526473797,59.49172683354732,52.42525869830164
2025-12-15,62.98291181290263,57.9592235531641,53.410205674097824,50.33759775769271,53.69812949212326,57.76800368613746,69.31730721035882,67.86913366660465,100.12227962594946,85.03111227408371,78.45478645908577,67.67037440819043,52.930460534390235,52.40826886137591,54.75256141771869,65.56292710603223,86.01345883173516,93.17825589286656,85.45534624897988,79.02369777503785,71.7265155484819,77.41354327264683,65.33482021595668,62.192103709103414
2025-12-16,63.24243412363515,60.66947238572132,52.786339226373855,50.43975060945273,49.767409227178824,51.05464866640064,57.9038599979492,60.95921736224284,80.8890172548738,80.19605130390472,73.64352248367747,68.60379993622485,74.88945519320465,59.31771675041218,66.87620571430529,78.9891208813888,82.18762405687144,82.96627803189301,77.5684391829338,77.57400488950904,71.83613968922924,74.4217709647885,65.56207622393684,61.63246819210681
2025-12-17,59.455107535706226,54.872877922465314,50.416418770490374,47.53401507212448,49.59636693644516,51.891511152577294,55.298986279232736,75.42981621714017,100.75214050063364,94.09960891963104,92.76782233908412,80.5113277600164,52.0236252070866,60.12302158991877,80.69608633073044,80.4990897171341,92.9341755702148,93.38171917101776,82.469736199008,78.07250316737407,73.35337868430359,74.39979804022839,72.81293189199272,72.06097945561712
2025-12-18,71.27099039471341,69.72167987360527,66.2830176478194,67.86912660810088,64.9852787361179,62.780403207059216,73.89400609110561,76.18963206313529,74.09087933054674,80.40501321032966,62.715125926003466,66.59837516154624,62.28624687235663,65.86791840229954,72.24524452232671,76.14462608119739,89.75853482278079,80.63870498110091,75.47814257690288,77.45630407113401,76.15116249778728,77.46366577162854,73.81182718158459,64.03247056108904
2025-12-19,78.88180261238217,75.72201960022626,69.25122295198071,68.40868147084217,68.15816685166425,67.07020694669015,85.57564890295949,96.72462946654191,72.98274798503144,63.759885676918216,45.662485667295115,44.654783613847385,31.26369036725766,29.379491856055065,40.8267588312627,51.559261838501534,74.63964626731546,82.9239158893686,76.45903762451557,78.19158850330325,76.56166260482888,76.70472334893331,71.13293104415631,63.63448658710368
2025-12-20,70.95653895546084,67.76708598090993,62.93978973675328,58.32328707920861,59.78720252791775,62.23301566828314,76.2556076321491,73.73307334316952,95.97227721291029,97.67282281729965,92.6894597662992,76.22925961980047,51.288575329871755,69.0316019777425,74.71041489735016,86.47084719174278,95.6900832723802,86.05326842500992,81.24900126677623,80.47619520604475,75.31441772824915,78.16821927061363,68.80865013110447,62.74126514082085
2025-12-21,73.03887965427535,66.68688288170246,60.56658884849411,62.41496192423716,62.27802531224317,62.58713815806857,80.85803150596149,94.93103536195838,52.398282102359154,50.08425255396618,31.142983727396103,23.113554990468334,23.663382186213685,34.216414522339655,32.95688994905406,37.860751628225465,86.12166596311769,99.45920169230592,77.32032841472787,75.72281863118636,70.65889848751186,73.63905553850692,58.759688046935636,56.12565250719791
2025-12-22,66.91713247357248,65.52766567684331,58.48006671413106,58.10571873069065,54.70147987434041,59.652194622304975,72.25932389968146,88.3954383775833,155.55320892755552,206.05184353090243,173.85471671932353,159.09262819389232,127.15841226044698,124.97845024027322,145.69427780745607,155.2920291939773,134.65536140750822,101.26606506630613,88.97623438167902,80.04623350192838,73.57634626940009,76.14384241733936,72.1050352004795,67.15829711094504
2025-12-23,69.5888295158192,67.63689721094757,63.123684350537296,62.20418897959988,61.55790982084411,65.63382765003159,80.38925627262653,78.77049887974202,98.11658652295219,97.72146729731358,98.5096556842287,78.75897813737252,76.80202660410617,72.61262250093527,73.52439276878947,81.84927660492009,103.45026412529425,98.35501861218579,90.88241140021168,79.66150479097738,70.84500369587784,75.7139913787105,68.84348717655435,66.80266993120725
2025-12-24,71.29094100721132,68.80704841985091,64.32102291287974,63.37086952582476,60.02712066250895,59.97581229327637,63.87628951431447,56.12422826304035,58.56387822874238,67.84814113299785,63.48880979497963,62.69465908006412,51.20726407356647,54.21956721912974,58.17525990567445,64.05242609797183,73.27070003749968,81.0818418400066,77.18795575225631,75.3310004069003,70.26985201719239,73.5613591071988,64.92555338236207,58.72702122786405
2025-12-25,76.03814097871859,74.05798561723043,70.50120369175495,68.46285517802129,71.06873269589566,67.34229005345303,77.34549458341245,77.16166955441045,88.67252746699002,93.40576634186637,70.05796406322148,61.87937567195672,42.787436648305516,57.01859072407649,61.45586370985789,60.743767250873155,88.93386784025509,87.78975526417528,82.1373790977761,79.89457175126581,78.49654378961301,80.83330460797492,72.78431744846304,68.86882282757558
2025-12-26,71.14278146271094,67.85368162409131,62.85385641000143,60.60820635596683,63.14909593882304,67.04804316978363,75.6570323747404,63.35186610296464,78.44497106944365,74.25906855611993,58.06997362867746,48.31553237607485,33.46565604751971,29.224682635479095,45.60568076779884,52.96118694778202,74.12450859844645,84.02896111825875,79.31944268604845,78.88199412077888,74.9990358698999,75.67978821141928,66.89979559206635,64.3920866875315
2025-12-27,69.40667408504662,69.96614527590684,65.74429899830598,65.21464692374056,61.244959347118446,64.7568496426855,73.05293385312896,73.70019578542238,93.20484688588634,90.74313010206127,100.90095484820554,79.14016799311888,90.59581743577597,79.84869922796194,80.58774710496074,90.12300266697821,99.28244107142562,86.98564026210008,81.67855058987597,76.85330954134113,71.29442635841396,76.16653715598875,64.56592764438223,58.81556378862585
2025-12-28,71.15922519293918,69.14655311176358,63.8332295317312,61.27474187668945,60.56354711342995,61.64739978785924,75.01972873957463,74.341321958299,46.78339934790219,40.39882449260896,37.49597861019651,27.38195150147591,39.32610112800089,35.60259642584178,33.24116587560189,41.492543537876216,66.14152947480063,79.70117525682363,76.67311507178411,77.59914938671767,73.87510883226368,74.96472379858776,57.68693214893951,55.229603909349386
2025-12-29,65.09362133212451,60.375870859200305,52.5259509734629,49.36409630687227,46.13987342582478,46.80420519314042,53.6717004933649,48.85309088998078,76.60541521412193,77.80881793034459,74.61659136363201,69.32535509338214,43.98937041780284,70.9267091414291,66.3855037594959,88.17947355157192,84.96839071204116,85.83404695591526,80.8163464373743,76.50640001604596,71.36195993760815,75.6233981471488,54.81449492711206,47.15160852016959
2025-12-30,71.31365933225844,67.91617919952209,60.11089529024507,62.795802450765656,58.697191939280195,58.11186238999448,65.34347609040633,54.89640811011543,57.61108828290962,69.40719908630102,72.9826717973061,65.58645667070348,43.93599136035656,59.57909275720814,54.6127314895019,60.859937042790804,62.885704180581804,74.08316078341556,75.29839994143822,77.76519030898112,73.67148237934676,76.38275229702339,66.20346054660682,58.129508699255574
2025-12-31,65.374994556939,61.9957437932335,55.811276204059055,56.35864440135291,60.382022591476066,59.85136781167398,73.47990607046168,57.131753768645574,69.98874533247034,66.97973952961553,53.287031344117445,33.288604267198714,18.042507410323232,37.18934206191785,44.90139020608104,56.393710270475545,77.05357217571535,81.34956484232396,83.34003313852705,76.30572640868586,73.51215721890158,74.53630041449998,54.565185749550274,54.34910584024035
2026-01-01,67.14641136180927,61.20234884263532,55.30869017060881,59.48290006920965,56.45844144762,60.4572576218794,71.64641777272294,66.8760462617654,39.15873752190418,34.592514257063854,30.80162436600112,19.291006932509863,14.9529903806295,15.507573428186458,12.743673361390949,21.092513525723078,33.51740329171465,54.655686033545706,59.29836339875891,68.95027215751219,65.62323845262216,67.31137038562701,57.02531322211811,48.85701604108023
2026-01-02,59.021756027357526,63.73623301993528,53.63243965702069,45.60660886092594,42.55571849181015,45.30716348746365,50.02314389356339,47.5240117016151,52.66730500493792,55.900760534503526,64.40701774893073,62.25920251585546,62.72340627010249,51.931379310459995,64.12474095698313,75.53858920475685,66.37435599746675,56.291530106300726,69.36861156443183,73.98636441840156,72.42594608519892,74.93447430009283,65.51528264902203,59.780702398878006
2026-01-03,78.13187513664177,74.52423571185489,75.59588477623564,68.44586624260667,64.03816038162992,60.52152509175596,77.85902780141568,65.4709076795864,69.79677848706686,71.35440338452213,62.74740006389821,50.345203116057796,36.56420653814517,45.86935143600384,57.27457032382216,51.59362881124458,90.42955356793907,84.4951054498549,84.61958086852214,79.49009544895506,76.23870193080501,79.3781614310651,68.02860436741868,62.43697171275165
2026-01-04,66.57113613670802,60.552867250687186,55.18411758358653,53.915594135612075,50.71378396078516,54.283788599067265,67.05341896181767,57.82829965705765,47.21061371661535,32.71792161034047,22.830531173407888,16.74374103953675,18.52653818891133,29.916312496412807,35.850431204966554,49.66042286838623,73.21768122903875,79.78853884661478,80.73648412113711,81.03450718027887,76.23604799048333,77.3253141305417,67.95500695870822,69.7135297364864
2026-01-05,62.998057884819794,59.52120298406039,49.53897287085532,49.13053382728077,46.490140536970074,50.554826333707794,55.799708652913864,70.337835329458,80.8945393684569,74.45838189276331,73.4622104369931,70.96798056882622,82.22037600946497,79.82025643651482,72.63558523240377,78.61477830211422,90.62787063208832,98.38479362272082,83.42757914319077,78.37857856448842,74.38254513436058,79.10609210291159,71.96056080783832,70.49784653057388
2026-01-06,81.08568565661244,73.2893553089301,64.20577977682754,56.67746391394934,53.11577675114158,59.06816789495345,84.62125327455372,83.55912628221493,95.47849955548725,105.40546539642244,98.02609574874084,92.91683612002782,67.06495653751679,65.13652385093805,85.19971304292547,87.96683508407314,102.92151888872768,102.45190891491573,86.44666170269815,80.67293234447978,75.76351047081297,77.48423055684131,74.80155556441156,74.74244221781139
2026-01-07,65.63468454508607,61.66897066271536,49.45863567559546,45.87310638524919,45.386718726810194,51.76440554488985,60.62084105670234,84.4783394409389,82.69644884583042,92.1201669282427,86.7102831501325,87.31515173736867,64.61520519728457,76.83299020784189,89.4903246259878,93.49094714259789,91.5492944059936,84.35185428548336,78.95009997526557,80.79951030028003,75.73124053182178,77.19735207181417,68.43987985753118,59.727315665027525
2026-01-08,61.678921448290566,54.893515433199575,47.04975353289617,44.656254124003894,44.987782927767064,50.616045781943235,59.78595180605812,60.45136149863214,83.86354279459589,93.0328639143865,82.24390468003764,80.88841943374263,70.94401805355054,68.11921309246479,99.4542073320135,95.92665661808246,85.22841172558935,82.43557074678688,80.6720757340038,82.36993789844811,78.87408460340448,77.27227061890079,68.40960348614148,66.5840978698801
2026-01-09,66.95391569153891,61.937339633073684,54.74518275659601,55.961070553604785,52.96568369129593,55.92200700689437,70.9476289041628,73.36804586418192,91.01646786523916,94.54933879527884,95.92354324871765,90.25649768856661,69.77369588094842,57.92451178812199,77.0653780178809,94.31018546722325,72.55020103659284,83.28601226777448,77.47930631722853,74.22820832224673,73.77834719784843,75.84967306923342,67.69685882705456,60.85593963410929
2026-01-10,70.19314781535596,66.7873031709318,60.824505200901065,56.49311114543943,54.73844056832335,59.480290370379066,73.64218028326486,61.83450783429313,61.42730708240121,63.86667986070624,68.2706125970865,67.34801818353344,56.82160911673226,55.49981621413938,55.236813055061816,49.7699810538585,63.698132184150744,82.63396946406472,82.10716372020806,81.40120635704376,77.60243931930295,77.74482531995756,68.879660076775,65.90038609548263
2026-01-11,61.85659116888506,50.90878554705983,43.36448223974126,43.532498487175715,39.785718774502946,44.37052474119381,57.30101515966544,49.79606980581291,36.61895755069143,29.702983251438052,25.521290949834242,20.447460163934778,19.2609381895536,34.19677450298286,40.25717973349064,40.56020667829083,80.586863801988,75.2523851559186,74.20440028808332,75.67103374295709,72.37079322243521,75.58736840717116,61.96371408091571,56.70134771526128
2026-01-12,70.87629527013638,62.405056590084016,48.9068326522635,43.40161562821396,41.34081308951015,47.509374675449585,58.36719259959697,59.77000800039478,74.20333424520032,91.37035915627611,107.56679217661963,108.28652087711913,92.03310869417592,95.36558600935462,98.31433607049892,105.8896181112508,88.6839931989381,88.77674687934615,86.73924927531908,78.55574567584357,73.85779013316665,78.07413343930492,63.18853399279999,55.80676046944873
2026-01-13,71.11335042794107,68.38484231908218,57.221183954742095,50.61582010552351,50.785208223918914,53.888764427540025,61.62544235877077,65.56106708232626,80.7215315104948,79.25886207702253,72.29627600098189,75.1648936744302,74.99919002796854,68.3953519172674,76.2466963840039,79.89759598160117,71.60364245098859,79.57216693635294,84.44672276478242,78.37216931171913,72.944670212311,74.57918997887822,71.23012856742612,67.99931337279394
2026-01-14,67.77087293397122,64.08149749362049,56.91745042743267,54.965035358291125,53.54779287082087,57.927079400459675,58.45751762247962,60.64752963655738,81.34783763166662,99.29615949989953,112.07280423113754,107.96084451184706,88.52706123263337,113.17769359526554,126.49134506459853,121.12623736147857,115.84625229097723,94.07193498132331,81.3680079618321,81.34374848109444,79.53627749387458,80.80002952055607,76.1841540849647,73.73856058214406
2026-01-15,75.36140493183368,71.7304773688714,67.66138045183675,59.4360734842714,55.49061206018445,62.447080325018206,75.22593669086646,83.5817827608844,72.49253544117849,62.81063596027532,80.93476745529469,71.18804864251484,66.77709137397605,73.18254944135944,60.68996661173051,67.91296522800022,72.95249538869476,86.80453067440456,82.77495527668066,80.2670755886635,79.25412257759668,79.67901519287655,79.46475060926082,72.39236639675717
2026-01-16,77.21898529837298,73.3716252791845,69.17340693038308,64.2733903363551,61.572245898865084,66.4684961782157,74.978113902234,72.18413691879879,71.13364436051039,62.85146965687818,67.23260090633332,64.50309428002942,54.86113798024536,32.894730373223965,52.666293054081116,64.40035934525113,57.27638630899386,77.2949167672499,77.16466024985533,79.98883542906223,78.68543227772594,78.63063093154105,69.53927758811251,67.88143807649462
2026-01-17,67.71813506530758,64.8076971881472,60.71837450864299,54.4574660797949,52.908102353441954,61.37183745520783,66.9291743963621,60.24915947410045,79.00583498933652,80.3811840232587,69.01995758102552,63.22786948718665,60.94387897895667,66.84595399093774,56.7944129270305,55.150872841708576,68.14784588162439,83.91147653043731,79.20652851944712,81.01087656409105,76.7130105508037,76.93534866507717,70.30450847357234,64.07706686261788
2026-01-18,68.65306638710871,63.387183717105806,55.63911737497951,54.35632023684787,52.99561870847329,54.04325054858278,61.61463354917853,51.32226173341354,36.11913515291495,20.570232389539854,26.521427507384868,21.271287776037003,25.204558316537064,35.105079135978485,27.406668646756916,33.09864836573105,42.12655675305705,76.44313192195534,78.8306211049991,79.08010261533417,73.78581043389295,75.66822190981345,61.319750696755484,63.21097371673663
2026-01-19,58.01043876004744,53.71368467098275,50.53961109906518,48.41548665704207,46.4180347427375,47.48440860160348,50.918976350833596,52.17623670756962,67.56719709779742,61.833647546451324,61.95254758534375,52.854918967205634,46.368468188176955,48.94789133698497,47.8764585326539,59.58557380334628,62.767805680856924,72.04301945295992,73.64363467153926,77.95104901060523,73.5850463980061,74.05394207763422,62.89878417511287,56.22860000857726
2026-01-20,67.75429763239582,60.489588002288066,55.530814299858726,53.91609833999351,51.753439230822266,51.77057607836508,63.11548106303641,50.032665267057794,61.43743519432732,59.62567909373113,58.025891539516785,40.374774710966534,36.730455038195274,54.86482825237629,47.53802564537954,56.53701180498319,67.99960230574675,73.97955337430919,78.32532138479957,79.53759551230377,77.17174192825432,76.54051904763395,68.75078741354235,65.31499939128521
2026-01-21,73.41022667565245,69.86040952040601,63.371051711647134,60.92453136103205,58.44849673245518,65.91165600254529,73.6044417398309,66.77230904124285,79.95345411396593,77.84771621116926,71.90424667263153,78.89811959038069,64.63121523192763,64.69658207226271,67.45690359423342,75.91460269146066,69.52249905308047,87.68930616496317,82.64080691057904,80.0806451383951,77.98756260775318,77.08953559575798,72.76973286450884,70.9892789699834
2026-01-22,68.11232623583426,66.73339150614899,59.057270213173574,56.028939500228894,53.75730783557278,59.25497439675955,70.04513097800674,77.07282736660238,106.57929106174564,109.79809122580392,101.68156530427522,96.717300884013,85.4683965171961,112.61240066854491,100.2379956911232,97.95082360803686,95.61616689158342,88.7042291510288,83.82519246963687,78.01987274936707,75.38990276004564,75.64250024935859,67.66080406765826,65.19754938306474
2026-01-23,66.10000627084169,66.21020152700903,62.957213450637425,59.79532395715502,57.955512464995856,64.59299702875195,69.62043048003032,73.0198618035427,85.81538088207868,82.91001368437159,73.5862453655396,75.34295793754293,63.256360363986566,49.17184344153952,70.13424415537153,76.0168915409712,73.04017641099539,77.49014883740087,79.51873642759148,77.59871979611768,77.829788553031,72.88071879520166,68.45829828772514,69.22707760946808
2026-01-24,67.05317499131286,66.5064713036379,62.887252573125195,58.31420356421892,55.58903823638912,62.98172172500951,67.81518745283208,58.635858787645375,73.80892097403577,70.6171668482379,69.75576053044071,75.40198269331383,81.84093866653656,76.81068750296456,62.412236925553735,58.464324330399286,51.41006975782644,68.90698888237638,72.93321739424194,79.62216823137742,78.85681870915273,77.41236715514822,69.96743985685848,63.92894799234769
2026-01-25,74.26669107413326,70.85026730888153,66.7357480629588,66.91715262642577,61.801773127776826,64.72460679129861,77.18763034067663,65.59186464888305,37.545780308395805,23.191663855324233,18.13630045059308,13.831273900362268,16.940992445123133,24.986328624527513,22.508979626634854,23.858321703450265,33.900243463810256,65.90909661247376,73.39856622594175,76.17438155345886,75.12587517107231,72.37092918913619,61.36763080373846,59.34949069638576
2026-01-26,65.58560355369414,57.69616624596096,51.24919302566413,47.61424747506244,46.19709741223989,50.191858741226525,57.3484750546577,54.505342659800746,67.52163554881653,62.06435264053982,51.7279758353738,51.01615582073688,42.1090452177511,54.4343414661665,62.414579638928046,49.517277913642,83.02689620348902,84.98370332084532,83.59547921432866,78.48843153252965,76.66291723389318,75.66809920949018,67.73414465597824,61.159804929844405
2026-01-27,60.31085303020166,50.374137953754456,42.81794644409237,42.79669778785277,37.55355887361118,41.57188211743927,47.40054805589218,37.149500723821824,48.163957208472,44.74356589857687,40.450875248439154,38.56311569888493,24.892845066814907,38.26171816940984,48.48275613172207,48.17254171982953,57.750587139758764,64.23375501710866,75.74410306965802,77.30010677020127,73.33357359975186,71.14110078763906,60.934527170961125,52.27711479473635
2026-01-28,74.32622158759104,70.40981385728078,62.60710254346869,63.01621905906753,56.68020636220503,61.44996030806115,74.75911024131325,69.7872725162721,73.70078378600941,81.25700427543335,88.5503966795454,88.63612120761888,108.71360593050456,110.1686563338582,87.6429783513107,87.00606085491691,67.73213806903763,79.83859269957954,86.44115017393541,83.56617179647155,79.29089524729442,75.97544911395079,68.57788821637705,68.15765244278224
2026-01-29,59.18919533037306,55.26135126757643,49.08720925947025,48.769701377405575,47.436927809749236,53.69820666985411,55.31156681796499,50.99847168815915,53.796503904192235,52.603284468339496,51.98820969594619,44.72962084085124,50.88463732970372,40.66620568700532,34.032491239063255,40.8570337157892,40.437742690589715,61.385646315840475,81.39059082825865,78.10092689532459,70.70173155118006,70.10325301832783,66.95086519404695,57.81462010226482
2026-01-30,56.16153059045305,50.314839433534445,42.84252142652332,44.57286123638246,41.65020965709581,46.14151580598414,51.634065711306086,56.44804401311335,81.57111544876977,86.99411299830028,75.27401401218808,68.75201349625479,54.858111928921325,54.433582484484,77.09293181276466,79.854071585285,109.4164820173824,83.17781113956926,83.6293939315232,78.68133477303883,72.85329599930753,71.63347454339498,63.528113607074886,54.711949954275276
2026-01-31,69.67247178472144,70.64862387351967,65.12738791434431,60.47680316781541,55.59909301453851,60.52745775364586,71.22447137568594,64.50120165453956,71.65524375465102,63.88131899872395,57.05532619803709,47.928210796811996,39.84141557873942,43.057400460901455,44.68919824236728,51.67591930039815,57.975092632769886,72.58993966845398,78.69142848902202,76.53803048226315,72.26656644719385,71.0357809965926,61.842684455804545,58.68492226827528
2026-02-01,60.57115988952026,53.80567814517572,46.3431048061734,42.09535380649873,41.74467354692972,49.311297027316684,61.27337552996482,59.217492403474715,40.69342946578765,31.960902519585236,27.286470938571107,26.653393099520464,27.48733532857832,43.744414401958814,38.86470870833354,42.62710637937892,59.85194816980839,66.60662845729088,71.35665440830383,78.44451108342345,73.80718378411872,73.6784867628968,66.40704500894209,56.39719705598347
2026-02-02,46.722712576472674,36.306022429884095,30.221988431626436,28.640176192718442,30.21767143673224,37.036834005643506,38.70608387675187,37.52667190439521,48.176333082866485,41.658110350968975,34.78777115949817,39.06821596666979,33.94565456606936,45.63167286593301,52.802956531363414,60.5679818509115,63.51116899880383,65.54057431820193,70.239727642548,74.8092383073619,70.89478691690731,67.51047097261603,58.76190205347381,49.81302814309332
2026-02-03,66.32483421853568,63.282898166424175,53.48059819321875,61.02688539363008,56.162689252705924,48.79278682395335,59.89858015088472,57.547352219626944,62.4623885109903,70.83055668710831,80.25231277662527,68.94290019691955,69.5145306107245,74.47311468537063,62.89273106177858,69.7603011759911,62.63010834410196,83.21611499766314,85.89313218512322,74.39022963388169,69.79847306299477,70.79506329985965,59.82647488892497,58.491667709875
2026-02-04,67.26456760208241,63.175302296452536,58.078789576889285,60.64291965706817,59.56872166589692,58.604556602477416,66.74338936049259,63.49430031387842,51.9726519935595,51.37439363410231,57.92343611094209,52.464895916779966,47.04456162464277,42.91154326031419,35.66780648831918,44.511775394039354,63.12896400872423,74.04971901028216,75.69995825949539,77.44996352972221,71.62195221516492,73.70504301947261,66.52066233507662,58.5966769654846
2026-02-05,65.50729765479305,61.17940438205653,57.402131215657796,56.380782007379636,56.85272696124444,57.2719196777267,61.99978723305902,79.18654827329442,81.35716537575031,74.35344731862816,61.1535995319437,54.52323397447723,39.94613881304789,48.21594390995834,57.15104338859695,61.7309811754434,63.63919443283199,76.75338996323354,79.04853171077373,77.31723527267967,75.54254632973357,74.92434265745703,68.19981068928459,64.7090586105632
2026-02-06,33.01045870444079,21.64576683604781,14.67209656284209,13.441341345696584,13.861175649949294,19.862821656038413,22.035636901475147,19.94451577062811,34.199683186700085,26.177439917083035,21.383223924015635,20.829597179173124,13.531230755343131,18.439161848121433,47.20085518134773,38.4707434326982,54.42734362880672,48.618270510143866,60.19352888190611,73.22552429831359,68.48212956322683,64.50540737378132,50.165175833433906,33.69334906129924
2026-02-07,44.87529899026389,36.15757357297779,27.667083891193602,31.26509151034752,31.02478640716726,33.02440127300927,28.331549507182448,26.48950672254896,45.35583671399228,53.05217482275646,54.92086636576881,55.2208450165985,66.75960664519734,77.51286720664137,61.5406076632668,60.404337543229595,44.83748935481115,53.77747454768887,80.82304248971695,74.16295430820675,68.09874565038842,64.3149873649608,59.227251785652335,51.22538269383706
2026-02-08,63.89275116753062,57.40089714568722,50.79856111865592,57.26114580810903,57.66236774614964,57.55504138026776,67.15416899352616,52.17006143287622,23.939985344627896,23.282937218141555,14.678058545530817,12.21359323240994,14.539047663825903,17.11169393930409,11.652030995679189,18.41151047709363,24.227314936714446,55.90192287127256,79.24321526641019,78.66456135941196,68.17765538995505,68.02365618845138,58.13615845431575,53.79061214666426
2026-02-09,63.65818399648244,57.48596056339375,47.19357825409591,40.803612811500265,41.653245475100306,44.920733825213695,49.671508245811054,50.30484269995373,71.29875198076634,56.28402429410459,51.37798879008206,47.823652799404165,27.951349921341833,36.13129213685794,39.519453702242885,55.6435045067362,71.87816831671066,72.92974831523482,68.44087631057394,75.12442936688012,70.20137575128679,70.3517058929866,65.21153897188731,52.391520718137365
2026-02-10,60.34964047415379,56.302000253854104,54.61727241377585,54.25695701642025,50.05681791991946,57.147987483186476,67.49284950110551,96.64872133516604,118.03675736771645,123.84159417966549,103.25355602659162,93.2138183205401,79.85004092491313,77.7919161013952,74.2995118316046,85.79268337652738,85.6729956838601,82.19721514738632,86.78060486647004,77.17256199401214,71.4635762849825,69.37635365246598,61.20837392469897,58.049665801843034
2026-02-11,63.93846140249989,62.252384328700806,56.54982317547376,57.32901818837913,52.1273873268301,57.91638408350857,70.13262401110747,82.31629287386434,105.8409755779772,105.65720239476745,106.68604181406015,102.50471874500015,95.72156405803612,106.53469828404943,100.86420674506466,109.60003791454312,106.12014330852566,89.38125962820963,80.86537297583249,76.69513602224606,71.86939671032036,70.90797494025972,65.9721295088562,61.66584635362936
2026-02-12,73.92404621098906,65.13527371837428,59.92182155507552,55.487877092489626,61.006748687568596,59.26346220729458,57.59091911016634,78.42978190659873,101.81660196443613,91.42644921613508,79.54853587280132,75.00513935766007,82.52167082694143,65.90048187070182,76.94505356783851,96.10585275734245,113.1580429918947,90.11441410868923,79.32102972424956,73.80278712813357,69.35958885217487,74.65954342257952,66.09172454571946,53.01909915579834
2026-02-13,37.384695694982504,35.41078855503752,29.31691967319513,30.624596006905296,31.46854717235504,33.81319740331138,33.43440232228077,66.85864644856069,93.95722832591743,100.16715763612514,116.90702401987005,111.06492695171437,84.303161945656,54.317444274560515,91.53272165507728,90.89838127121058,103.354753981321,69.7412757565773,63.83020824708944,67.497055232787,56.55098902980911,57.36277789858077,47.044385665405194,34.111934936300216
2026-02-14,54.895922249562936,52.30987668916629,39.620028705489716,38.64514234574628,35.093802677980065,38.50294916049461,53.02317211183287,59.79091583941001,52.1960571041442,62.09189435218146,68.63182151573022,70.94319136214551,100.00767579003693,70.53655505199704,47.429830466645456,42.46211412049255,47.69111440161224,67.10148881028238,71.71742898884933,69.62021835993305,63.53554539204516,65.8454606657124,54.083722098048845,50.22910071035684
2026-02-15,50.064543938240355,41.275452678693874,31.496561308886996,28.92097628543574,32.24407492997567,34.46790102634254,38.73045365168773,22.522600196882102,5.623591830294252,2.279874232140803,1.6814804858392292,0.9263355617842132,1.1289527065371308,1.2770815420364496,2.3232461095766435,3.2620682670092442,7.275723465849719,36.31928720914686,70.2469186525421,65.47592530742827,62.24320438347844,63.28502113843536,41.666521374973684,30.589344471024045
2026-02-16,4.842389644055476,4.178666359529661,1.6392880145755861,1.293914533080222,2.675820298376645,5.271363759480322,2.925256873385934,2.334564343710917,8.699317052669523,13.587477213668087,4.894382266847676,6.978262075217216,5.3926995136314675,7.954643261061939,9.869141327669144,13.469960381665866,9.732853868315685,25.562051457971336,44.43748901720228,61.56674634338811,51.92348107874749,42.25464843106274,25.883759951401593,14.130220988222602
2026-02-17,15.302783281668418,13.632899712938272,9.240837031287388,4.872549539080786,5.295019436765301,8.569872644985866,33.99792864348504,46.87969404909545,110.623035091546,116.8561021905147,54.41978229638947,77.03963699895706,107.8912913483211,58.37080468913549,23.925168361710508,7.271391643068551,14.500006610983833,29.653960760893032,65.98787986542135,65.93670186278854,47.095764257489776,39.36804396680309,14.711529301098343,6.0550519624136605
2026-02-18,9.172565331004716,6.477777607156111,4.6133589381021345,2.170077113874541,2.910449046386924,4.14490922373721,6.034121974376255,7.44926482789783,14.381452555562712,5.6504815714325725,5.175809320076703,2.7868175735600142,1.5089909571406188,2.3427150066679823,4.618546211069844,4.485868010759006,8.467477617874103,32.14232921774616,40.439080324038244,57.533710702314295,37.557257886418824,30.754649037031335,13.575280456912836,5.314096596685725
2026-02-19,28.674300082113163,29.06209291831608,27.419536184175158,30.17548405287457,27.855120995676852,37.02688645367272,116.90132271398859,403.6055707183785,535.2584841310567,1115.3737648817603,576.5247865566038,633.5613839731171,335.28024001571544,584.2687924850694,711.0334208206627,781.4513730264252,409.62641527085447,246.39356890599421,120.65220495087395,77.34495329184894,72.50367466771951,96.65871814154958,113.65231699020644,107.35447430102559
2026-02-20,47.067810874266385,35.77192262058368,25.821237807439875,20.118474598022562,28.00848501483567,30.814230598559398,42.669604552796514,41.030741712809025,61.34199298508982,49.841342839986986,27.144616890584974,29.453274828220675,18.578820934991256,14.757238729215015,31.3160308103753,31.4541527927447,44.39533553157172,65.04428601828211,64.23251967301653,62.26295868808444,64.49632233384087,56.81348394834643,39.39717074068608,28.094411161861704
2026-02-21,27.305746518064076,22.222600289993114,17.360786495058672,17.39666909122079,25.055036667039133,30.6705694893903,36.733708379873136,54.14702146430064,59.76599122744592,55.915190437707025,25.94768546610445,27.830239642844948,14.247861634230034,26.715681441480466,33.6860441768592,70.65132934842822,62.76911545661858,54.32064583324993,57.88504118174755,59.07238617563073,63.40467268265375,65.02879140933321,44.86007502001349,26.866670802937552
2026-02-22,46.993029510536616,36.52311638547043,30.205534599893237,20.204555313449738,19.437020164412512,38.206783009823994,32.453971724104704,31.74107605496311,26.11967727752869,15.490193913908922,14.260477228555352,14.214239021735795,16.36107427343713,18.72211984195407,9.010463724324655,11.259060666903892,34.496545522436314,43.12708540242736,54.75348699141799,53.81413317699784,53.37249471382544,53.98522947480253,36.33253424304684,21.23128150997284
2026-02-23,28.453581473583945,30.44864731621008,18.930146882006063,18.128293347322384,34.64847719194891,36.20984333932662,44.9229615902316,94.57346168223998,137.78875601197495,96.64113766705802,53.60919361103954,54.57370181512692,26.75152628691335,26.022017576227768,41.34214487942156,61.22301790320768,48.63495251489496,95.73270925073138,74.7420384424368,63.81194706116776,61.34027130502953,68.57200319463637,33.169807310726775,28.8398396676487
2026-02-24,79.39692659523024,80.49906239335597,77.96742085017044,79.10982622425288,78.99551625394163,86.72399294971869,100.99345372937636,92.55014505911683,79.57486934238779,85.01733243856708,51.47910678428309,27.614980526274742,26.908192635470666,25.610385640696443,15.509366585476187,26.925540582161616,65.9810487616249,96.99675665231223,79.91029134484907,70.88396525521186,66.58560729497546,74.11256122209596,65.81818184731307,67.9582614006562
2026-02-25,46.21570461131967,45.41525285693518,39.412554097673386,36.91810067215257,51.034159566273985,49.77982380650854,60.118585785338695,42.598726276558835,35.20509738732839,26.138201009737724,15.245982464863635,10.53401385460461,4.594759359228475,6.8186583558986,4.929088065043417,7.732717137385641,19.131743637845922,52.27694883569676,69.59828740132959,67.661230476195,75.67228312310674,65.82954051754878,40.05311621567635,28.20002293654
2026-02-26,55.01848625255616,55.74315844203224,52.69551919442109,47.261152721473096,46.401981516280976,56.8565066818446,61.436498043153954,61.694052018326424,73.91754981474836,56.309517618042136,29.615580689295122,17.292438707998503,15.809948131644651,13.310891991644231,12.850241977970699,18.80664525055769,32.04059298597061,82.27561400275381,91.19182161102759,79.46831375159667,72.78540113534754,71.62075117195653,51.84542000919086,37.18348876952771
2026-02-27,33.97590430609217,29.615572609380276,26.191101098996246,24.343082724567378,31.771898778565507,35.86282795816352,53.30927012546943,28.211667902480084,31.81042499518432,23.569775803352748,18.86176434570077,23.919338277062952,9.982218245380853,9.946328211259054,15.955393227223023,14.608549511075427,59.420975687058004,45.66455404467504,57.896002156599536,61.714192975661376,60.100093362018185,62.91239839189937,47.190987796721465,43.54429892044901
2026-02-28,36.06372706506064,38.5167340032343,36.57159033088706,36.264989899603215,40.343769670140986,47.08461074005167,58.06390420781663,32.23129622713072,47.3624626349114,36.36269895103575,25.325552065659025,22.15939869161587,14.50009928557131,19.13638578583444,18.475193712986172,19.521348678628616,38.066821275348815,59.99419385059652,62.65616280837277,63.056542544662236,61.825126364262616,62.9541989356903,42.26841831629802,36.31122568703943
2026-03-01,35.42647024368007,38.063206229109156,32.91028106770484,32.21932677670119,35.66724905975724,34.117364987781784,53.46463749274378,31.678066124991496,10.02315277679123,3.9058207266538445,2.9258345549572904,2.082835103874946,1.3092545658055454,1.774181139369506,2.4480372923761373,3.709904022021482,10.90520501568425,26.930963787686363,41.40319484091955,49.84640055046524,51.018844075380805,49.338620811152005,31.628317219165137,25.937907341364173
2026-03-02,36.5881568628079,40.40653226807552,31.522810840359423,29.01911990256005,34.81052114554238,46.87531748893184,55.23583958895695,78.53436473863327,92.95162621338316,78.45915438521988,57.448696211912186,27.172698714244632,19.700352103826233,22.424580807849285,41.8844573165289,44.581071011913124,67.82829491232233,66.99267909598225,57.23265854737825,60.09047152522997,62.17185310450048,62.442707911496576,58.029584322156865,50.266650649833345
2026-03-03,64.3022843081893,57.490720430556706,48.64480654731795,45.19778866732087,46.50346384010397,45.13852355466228,49.357155173450096,41.554988656132856,42.209384258180904,39.886133937857046,27.344287082306742,29.25883992605126,17.85041237037207,19.61591957951193,28.993003591151513,21.46614343640127,24.911337442038462,46.32811118346448,58.25134593015979,53.293245381331474,54.175900764744924,51.40397691607651,33.70208888307428,28.117246647238982
2026-03-04,40.2753575030079,37.497486786828595,37.88119800266366,32.10030787823081,38.538392946168955,42.40773337851109,47.91057086334024,47.88281386576126,37.83762343006188,25.80895012330424,14.559477234179,15.882279095677557,9.85003151388069,9.00768269230354,18.951435590954315,21.477091393385304,25.35955091585975,51.61560739805763,64.85478876391176,62.332041218811874,61.30208481383035,55.72160920020147,39.29966962946341,26.919709294940198
2026-03-05,52.961274052057284,58.114556715349416,56.73509694748569,50.89759896687282,54.234902262856174,57.068051435943495,66.46953984221976,50.16672181454241,49.730013072676506,44.024587388914576,22.56411635500918,23.897476424881635,19.952047631241975,12.62781239976037,20.333780885346936,19.21478084380202,26.614547450130186,54.313104353254715,57.657957293493,64.73000736845361,69.40799180662994,68.9846758217425,60.72218925042644,53.95472211885699
2026-03-06,69.20694791247874,68.0778330047135,63.67031451995117,58.30213743678508,63.72303043610912,73.47848966454801,57.49127435139185,40.75698739634768,36.05596910398978,33.59397092036995,24.326712218779573,29.70775274631355,16.47822343056662,14.311923846360354,26.741584010473186,20.12590302019845,25.943406200847434,44.7982470274983,64.95014501744956,66.80719944593375,67.54488015453093,66.25738625190577,49.28347475505997,46.47394347779512
2026-03-07,41.237618588528555,38.1604150139129,38.441217415986294,36.99221568113573,40.23866772302365,46.54080613578749,55.79581206549212,29.352364769922495,43.82002694733675,40.50230556151274,24.191250669874275,34.076754581439246,24.217475776103747,24.934334473577437,26.334627154580264,13.622683119947805,28.874105532151024,56.234453581357705,66.87488987828903,66.63071079539912,68.13393622509898,63.57526304779314,46.23025072445644,35.686908136383806
2026-03-08,42.52988171606638,40.607976970654725,36.111046744055365,33.46519664266366,36.67458936923719,48.25435255504991,57.17303814425435,24.523129073273918,6.21461213053913,2.1722579931075456,0.8998721757082508,0.2629332449265566,0.49220488551173364,1.121541014156534,1.1529183892247645,2.6136003879205623,7.773715748687626,28.475635069179464,60.69242421774352,64.52457089346775,67.4104940023976,61.56719850977419,41.8281571548132,42.05597749137808
2026-03-09,30.124296846036533,24.09825758835453,19.713434943515583,19.226673738944175,23.676343095537536,27.741121518784478,30.772337829286627,22.77118073215034,31.612488399072515,27.531499788336067,21.5997581192493,14.105447494194372,9.061594983680441,11.96830237897021,27.73134614223388,22.851070058965888,44.18612749482002,44.179258472262454,52.57129727786234,66.7146039880609,70.2908516125961,66.05945428280576,54.473486637236576,43.63906527847533
2026-03-10,46.06687372015586,40.44180388374727,34.89652656737372,35.57680120768582,39.40309790120467,44.156516988585544,42.32909104594765,27.929021460523415,19.8321320239654,11.48679145033437,6.933215065689291,6.470710960676275,3.9241425253018685,7.184430118221365,9.822264805044039,11.09810115905488,10.947941902094156,30.830252177514204,53.8945734319948,59.771027121068414,66.23237272376618,62.58556129739287,48.90905748451747,39.5328763587015
2026-03-11,62.434020952197876,55.73845005880106,52.69476139113976,46.14370470352615,48.36612525770542,59.29610397833926,61.93446687742343,38.89492046899092,45.15078622608634,28.434795269482947,15.901358407518035,13.222240448901589,5.149847278502518,9.33355290668889,15.022642298075807,15.999751716144063,22.9180955193506,41.47895877857306,71.02034823721382,65.28078733750405,71.17584577879812,62.79393326616651,48.56413433908071,45.66848036993686
2026-03-12,69.3167879766308,62.7567580590162,55.86270063527658,52.63935897401501,64.68453374938134,72.7292567518066,62.19396231735294,43.62758180893227,55.32048507568446,31.28158141885271,18.334959577861472,17.340625379066704,10.658029736359099,11.449696879643808,16.445978205506925,13.133251197254678,23.14676127991166,58.12754832803671,71.77663546346793,73.32578673010636,79.35675861336304,73.8783158122236,61.02059388197038,58.00977825592805
2026-03-13,51.17551806369202,46.77762947364585,42.830907778993534,41.06183787014659,48.217033450767524,53.047212463754484,48.04615164767455,36.1330077859738,49.336762115281665,40.593560718665216,26.644114816069248,28.62039209379459,17.366161837896826,17.476045378229557,39.2789316205935,34.2109962543327,29.466882307765687,49.108183226458365,70.85417530496734,71.99114548571703,72.7540310758732,67.52486462665708,58.95997898395673,49.33260078809466
2026-03-14,66.72203945719482,66.11340550170608,61.47222141689846,55.83367733906581,65.8023404423478,74.7645697017237,60.50914938283112,39.01319626030207,32.00509698845386,15.500892000656664,9.859752018699192,8.616174484883913,6.422070275175989,5.04034233531309,7.790180457728761,7.378545780025356,21.76301267058309,53.21377395215285,69.02558768224655,67.62144300365925,73.71650131611256,70.39672440702294,59.24350658376637,56.814431895997195
2026-03-15,65.23184872019094,63.6601724441819,62.15401602717557,64.97680217346229,73.41118740264689,74.78417871481484,62.01689625602116,47.23804217726409,19.47100723143385,6.884104385974264,3.307935214330517,1.71596228112834,1.1844852621539428,1.4936047603720854,2.8078484854674985,5.433079205907242,16.311891584166883,50.355620116391606,68.69985774901791,69.84080285557089,69.31479829566736,64.17288030213282,54.237619975460554,43.38503824299521
2026-03-16,55.792365731384024,53.34984660710522,44.96151463452078,40.209411758600275,43.66687154278743,53.12011085610048,56.19278123278959,40.37714085954646,80.86992333707437,52.10411622342094,51.82930353607561,51.23846281633862,33.647628438547606,46.40792560561036,54.816330851951896,42.5439745940661,41.85122265773033,67.2919133451619,74.51464267528746,70.71081714944236,72.86763627916034,68.53581304295311,63.83459173096271,58.514754433293675
2026-03-17,66.45140726014994,64.74023930904893,58.27680082226165,50.23868244833483,51.8618648342842,59.626386484505524,55.11304704103462,53.24580371380678,74.76338449634709,59.1408679434087,62.386839728915795,48.38293231552696,33.28738042436514,30.863945347923917,46.25775039969995,48.43977062780106,54.99148932049741,64.09796689976632,79.50093289264844,72.20112542817074,77.29684948598035,72.31897825365786,61.97827361617954,58.99485473871745
2026-03-18,49.428250213297304,45.41863641434364,36.342145981054756,38.182555290715946,43.6694720731075,47.52806081056141,42.16420405346059,41.73138289447796,65.67326442927121,52.24102258921436,35.01160913841206,32.70373765241235,18.230352604705576,26.02237758995859,47.10573239307629,45.615123926727144,56.1297667607709,67.05396226546733,76.61891495787258,77.26348722241303,78.91268035694263,73.39028231811932,70.23394865647374,52.33178089025936
2026-03-19,27.026789600540425,22.5179085200375,18.76867743606958,21.711398501242016,26.06435055276507,21.202254998781537,20.55552873613119,16.00898807744164,18.35217197054836,16.576047680320514,2.0408917471817,1.4745151151014984,0.8532132774291091,0.7950006095973016,2.3876857158075815,3.4695053711246606,6.524862280998067,22.944646642552758,47.94910431656778,54.72564712945017,58.73616000633371,53.8142590738924,35.31689240770313,26.140621421069586
2026-03-20,4.738249598248771,4.363262225605853,3.8991343531409983,4.4475041002565,4.280002546581483,5.193838739918467,11.491240744820573,9.259637954773094,14.871109497943438,9.762680638363667,4.960313030794905,2.502755630249521,3.4967539872769238,1.8516011378545758,4.580122108749085,6.1417958982899075,5.101269486231737,15.343891328115074,29.556901959461158,50.53484727744121,50.902796609687854,49.31454997602245,23.799620428810222,11.848054791716459
2026-03-21,2.8034591494168,2.6260221945564277,1.4810850844083217,1.6359613206036716,0.9613114982634621,1.6877567750228994,4.508505387452605,11.563304062832408,5.2953993810652005,6.453348526589561,3.81048973163743,0.5596712585199695,1.4655689691399036,1.4010187824582694,2.5500767987824084,4.457162446187108,6.7385545569756955,5.397738728891265,14.011089467119998,18.42234406114554,25.609309601357527,29.549533109712012,12.441282675768706,6.678427983509493
2026-03-22,6.9210759865452145,3.99848108445184,1.5345728721896534,1.0195596318021898,1.5662663026168873,2.135035412148924,4.033526192703782,3.5591056206661666,3.6893877840938165,7.81588923521733,4.011213273462768,1.4654904383628924,2.5135811335044944,3.7068980061157646,4.116691313072134,7.770292017201232,8.882137836656048,10.637011584325334,11.051487853241568,15.68709281896969,19.186839201474548,23.530251515261817,9.236501159867826,5.9283920713634375
2026-03-23,36.608939301468936,23.51445892660088,25.600784589359133,19.648638102587356,21.01449987541313,29.071319774833462,35.368492123779546,78.19537361185097,19.81451703613932,19.316039819653806,12.384032636845717,9.185657680424054,10.829694964802696,10.211772458119668,6.476587116211443,12.207859390235798,5.77948692730529,43.12791323154707,85.55201572581528,36.24689154725709,39.587647417533454,27.198860094893128,17.836467751281187,11.101834996932864
2026-03-24,17.77020369704841,21.03652219781858,15.147593713327687,11.151489867490218,10.05440914705021,10.662376168408148,26.55751389530708,36.95932774921274,92.38097234956395,64.58898341410188,56.19021457756842,55.96306170641767,44.96247960230291,35.77379858516554,31.98317060735938,28.1725433411147,68.59238149005519,93.44549703518383,63.870064806448596,60.261593291912604,54.96419235061574,57.356357640651154,48.799604541951524,31.654053737741226
2026-03-25,20.99237721555039,15.870045151472434,11.927581109590824,9.073535971512833,12.89980459424661,15.746696513323712,13.224672140920992,14.108503902338752,41.56867685061623,32.309041514887866,28.070388663906645,28.004710269168264,23.374261021365683,28.247681823664237,21.687884607072778,13.246643540118567,17.279373211520657,24.854340107586978,50.58089499342911,50.19909827235067,53.862853732910985,50.653234955778025,25.98077660401322,12.240994570711875
2026-03-26,37.53546525690888,33.44824037075053,23.756058183075805,19.701444465691523,26.93904687017848,38.37698465223304,47.52872626773251,32.74660521649869,44.60607868509088,40.167474760640076,12.827902835937232,6.256769134894805,9.689105283841151,8.332431799817606,4.841939206842646,10.23798319044926,14.378410360222244,36.394169648594904,44.786195749985744,61.936410947761956,54.649775034757404,57.81269782339699,47.19993116512104,28.93560624839107
2026-03-27,70.38410737916746,63.32817715188302,68.03983215438119,43.1923281707898,59.974319719698876,62.81391612887439,101.71973111231418,198.78638773783592,97.20449879350426,64.6969005824205,113.75882561470523,247.83618903046522,126.02048588522051,127.02115525545724,38.59264674981575,12.070914992545493,23.30538396077247,62.661943573902555,62.527893414601586,64.88067173523484,54.53003583010482,53.20913342067254,29.120257751353083,18.23763232160333
2026-03-28,26.46701477455102,18.90865408511207,16.10542580662284,13.859811500469034,13.020433641041546,16.775186857238193,28.461096214291835,16.31335442018171,22.849265429170327,11.844483915917936,3.5871020637366486,4.89360044922231,3.870223593515072,6.743893191024991,8.7005598723416,4.427234319881352,15.076273719810963,37.96251040134381,58.158785644840734,65.84468207118881,56.40331775604569,56.90751797853292,45.61037634675406,27.51673129966367
2026-03-29,23.588484366509615,20.742776390355445,14.42446546503083,9.015822891992505,10.945499411835105,15.11319887637866,19.955974254946728,15.91135945552825,17.025014097321787,4.594148453859938,2.4946497585298957,0.7028258913437517,0.08674394064771847,0.4343371431178042,0.7739502501229721,1.7626257566929353,3.205991327242545,30.300439545367134,43.54608667074171,75.64174992589015,68.93359198287982,77.54090671746619,51.43005832626647,23.055491500909458
2026-03-30,29.07313990666975,23.314206770240087,14.262902055864622,12.347191210899597,11.531905240024347,14.785484192800356,18.763135223971627,12.598807104680496,43.79339348370844,57.236691529059044,41.945776092862026,31.849730992044694,32.59232171402288,36.042913021233055,31.11714831304917,29.524576386977216,38.729191422961286,55.293075387316065,77.01933567939892,81.14907910365314,80.72441248648317,70.00022172983489,66.66638683513725,58.32908682684121
2026-03-31,49.89956090956194,39.129455278552605,29.25297119490992,26.158812614999917,27.24806148835979,30.956203382722293,37.3615031373665,64.81374469477146,95.60878605115043,103.3125346366794,91.72967683075257,61.59501045454407,43.330206526811224,58.772764013770704,90.18269484440134,85.21739861913474,73.89614871537779,72.65735508537887,58.137172543499666,65.23084579697434,61.737304122747155,61.588855580751535,48.57455261976499,31.11138720241848
2026-04-01,24.565181999156675,19.37118629157682,14.680569758483168,12.659770203214329,10.999347169365933,13.523962692858607,28.71546998231517,24.035518224264518,32.40112057974848,23.561515859315254,15.758919696798335,14.74454423550555,9.731649344625922,13.215708888137879,24.241700603625294,30.61084985120539,44.51842169097635,76.79407119863745,85.0525196767922,78.33112305805942,73.09723883733612,75.86272292321073,45.31207416150348,22.6173378149866
2026-04-02,12.922819547902087,8.431205488849761,5.76438248015481,4.794486378155471,5.558749996915,7.4378226176422135,8.707127136411653,8.63491971567786,17.484149867733866,18.228909973981107,9.167549454147638,7.434801486369466,5.384880000278474,6.7272600154720665,6.77856426657935,8.801066323992734,7.440191480623622,20.158761048644973,41.289082275805974,49.904890186743145,55.23618245809373,45.33838743541351,22.036441720715274,13.070174942247613
2026-04-03,13.932063282795534,8.729683226517494,7.105218876209246,6.544533171402531,7.677015719739046,8.19786857776616,11.265566453293017,8.66103662193162,14.758703548329144,13.047289244069106,10.65642265265211,10.135684631921526,6.236610391818579,6.0355717022712145,13.487647743748244,11.070112429848086,12.181488084986999,18.14648644240275,37.41678038349579,44.24191270416309,37.305387809507515,39.4553823062045,21.773448522994304,10.671176384266687
2026-04-04,24.204921908947146,22.150755835010447,17.47235165891267,11.714093748039648,11.319379752701963,13.794055220016231,19.749357445755084,10.372727219962108,6.450278521174251,3.4788184181024953,1.9834284662473154,2.2736351412802343,1.5714837316809835,1.7343039469711727,1.1514779193041447,2.1190585519059595,3.4431644116142754,16.155053376388032,44.246886828737935,58.97363198905004,53.3540111979021,55.1387043411802,28.6236730959663,15.693699438905046
2026-04-05,32.80301759311204,26.364775169885792,22.609637590848592,15.37451362303743,16.21989814736947,21.601744087362597,29.780515653934582,12.67570669202228,7.186888549950613,4.281376644204791,2.9367658217920303,2.4870529920283713,3.665873093571252,4.72904373689827,2.4319209410865787,2.446971728624218,8.857905513330978,57.55861702134678,54.55463100278189,76.10552061032062,66.76648657385434,63.6079405043985,34.770182877959044,17.291593147294275
2026-04-06,13.865166689535133,11.029557782897541,7.307181834895672,5.449463665745852,6.674663472150406,9.654591890816462,9.26785335373182,6.434513101887533,7.187517965930703,7.938918398248395,5.421761136863,3.6805804217518996,3.850748428970961,5.125959123426934,3.2647669689907537,3.1924469697505233,5.222394166524515,14.233337679492458,29.48891054141444,66.43503260439327,72.46104220335617,64.79759940948655,36.58526707455838,21.309139285400693
2026-04-07,70.35188697855064,58.59094961012251,37.66469679827073,29.416173187286198,33.218605286482884,48.23795223824232,29.634848853419186,18.279804180733482,24.89254477746572,33.149079002075354,13.61657820501744,8.950020461367481,5.0594352039846395,7.2093767763416325,11.027507658828307,9.705577876123805,15.455822941783952,43.22595844329563,67.39725578099869,69.69142553213838,77.76812667808852,82.84627114961503,50.587400386061866,38.62066343360366
2026-04-08,16.989463107711266,8.834965929274137,5.817791565024833,4.874232010995429,5.045759640776348,6.505530587352404,8.997144629698244,1.771540656393663,2.3702526563992796,0.8169702907755032,0.04644083463971281,-0.276071232535928,-1.0939887809436033,-1.1284179834273027,-0.1453273632420274,0.7759704547282983,1.2982548360652315,13.8909400422478,27.77621360161945,50.039144681159456,45.98276092982794,41.279925321329515,17.665431712058698,6.507777169476737
2026-04-09,19.01081666523105,17.34541398203148,13.234593180116413,11.910237561943765,13.148022575022772,14.614444666576299,19.373329849180706,13.213798954459222,15.950379253721604,15.073087462176455,6.139245053061729,5.151554097233432,4.7843654200687356,5.407460260570532,4.6209916333929675,4.38727435455692,7.127539603180435,18.387911863807176,35.7408090619275,66.88527923434543,78.10357804501314,68.09524352542161,38.44192898311053,22.915606182800307
2026-04-10,102.83498529938876,93.82070487824792,80.07655934016306,66.48006625302953,65.17604984130948,73.59564360588094,58.273931095745965,27.32158563499909,31.054260869660524,27.004509191324345,30.324433509658522,37.436029142819876,9.789080958412157,6.945034870263282,23.63658802914605,10.181477555070328,30.113436205218807,52.64252693146951,81.46404399058574,107.79807419693263,90.4754040577881,80.63063555179032,70.69643395787885,52.5363711244748
2026-04-11,28.305704627393,24.981211784757505,26.09106196812598,25.793293303276485,29.986215313646795,28.521622913199465,30.859084481099682,12.077716924825468,10.741210420092147,8.05271664989266,6.2219779285907855,7.1028630983651615,4.2422817484277555,8.110704248123117,9.999053795488512,13.755918644874024,16.111664512720367,47.34047105306516,68.34403589865974,83.71280832852024,87.98913680931005,85.28356472792525,56.22317406546068,30.80619082243668
2026-04-12,68.11138223077775,72.48697865178328,54.8555226838988,51.30624769919959,49.93449239388876,58.45097192617699,72.30264235337728,22.024929961050937,5.635073090061502,2.4588067368453363,1.0606640651433605,1.2315040178062977,0.815043006653901,1.5365186999820384,1.6272264793437337,1.3774800758595038,5.385341296052051,33.3462745142005,52.418104166450235,72.9575207856265,81.63766406336678,85.58111460764123,59.23746799977453,50.76721898567727
2026-04-13,21.820253754848196,15.780325285890246,11.97080559853246,11.646680326637902,13.157632876857669,14.300144265622597,17.808704701152543,6.026582703788204,5.032859187422898,3.045166723647518,2.369793264920794,1.076713217443212,0.7542765144579251,0.48769422393975925,1.8436162268078577,1.9211155004373461,4.260536697725051,17.356386769180837,43.39573704461388,87.52591944929894,90.8803280383071,79.5423613825553,72.43505921064708,54.2718621954234
2026-04-14,50.90009132104237,36.41428899309159,31.54855230591598,24.391856129138517,25.520574725000348,31.054916888818838,40.97875993537762,17.064851738676474,17.245204081326065,22.32269808735959,11.120293678448379,11.28995385565985,2.3113865643303777,4.5577022044914175,25.4585658876794,7.718774856524991,15.80627471429283,41.48589928860961,70.99173185537065,113.10419115348046,120.94727565250166,99.72602371278882,54.05752167023096,38.30715514733374
2026-04-15,61.334361853425285,42.506869494466514,33.9173511046535,28.278189496342726,27.410050310860036,33.89280401949949,29.67814387786941,15.452836882829333,31.327996898193334,15.664560167735122,12.231692602931712,19.84568655547278,6.4036594134677625,10.996017430202295,16.58717207874939,12.412144354369183,30.144050612134837,39.731795602238606,41.795761875710014,85.19320975911292,78.98439286211446,81.78237746541957,71.61098274230108,45.037672981890836
2026-04-16,46.58129260389042,28.203756898218547,25.24832164313611,24.88413573039451,26.883923155266217,31.3825579993378,32.7546606864203,19.343704659555552,30.82685228671127,18.40642777166704,9.326721397174232,7.02176294444863,3.4659008237010367,5.4688397279434104,13.0811973987987,8.30377240847473,12.117691543528238,37.89766033817938,54.074295105286566,105.12306947930381,107.52787050574781,86.72024902402536,66.7104836645142,44.308670060428796
2026-04-17,10.385614947232193,8.264433986255273,8.064223205063787,7.406934785737223,7.998038491315887,10.116201516845608,10.511189702452782,7.9978841960910865,24.080951415147677,20.05119467218819,12.598422116047605,11.867261636322912,3.464061171567246,5.552499783221997,25.176732584464443,20.82151733568727,19.034169037568468,34.77773321612696,48.567611321934464,76.44314308905824,82.49406092624376,67.91711347578368,41.86064307924188,24.49218445573762
2026-04-18,6.829019497513235,6.674803577973184,5.7698903527807825,4.532222348193798,4.756394173237736,5.502553797754162,5.376426342703889,4.380686696381496,9.1691081579404,6.766379862681061,5.433010676422665,6.5563917658234345,3.7417688266604436,4.446941846785454,3.0540390361197893,2.7992754703529714,5.001077312374315,12.24079975117795,19.77277256641351,38.75634862241761,45.55788432791429,37.53670072354239,17.86452139640691,12.29885795113578
2026-04-19,11.792628405270957,8.994896227440012,10.407242038608569,10.539374633994811,11.152536091496922,11.401716921355042,9.036627326837259,3.0775768211234453,0.3122185870037759,0.10089521646002686,0.7387675925697783,1.2662564203105282,0.6220170094016876,1.6751341332114307,2.097377396092916,0.8670618801456187,1.581926302722553,6.9083712923874465,19.10897677696489,39.94697909489387,47.92621205351182,39.546096454473165,33.35372001808573,21.234707922548644
2026-04-20,8.278004693097394,7.113582375036571,6.683220187366405,6.226204735405047,6.546319866557639,6.563671191673112,4.107486951112385,2.3631986861470162,3.3390900833738946,1.9543209174088427,1.725824840156703,0.7552195562851209,0.12275476955438575,0.2238770135553295,1.0599708883273722,1.8078461900588263,5.357552706509154,12.670645396719085,27.828395952062877,61.17560399899118,85.57014374475607,57.67319377736994,43.762858141500274,27.645343835912765
2026-04-21,31.927568488467685,21.563824749000748,18.893846279114296,15.123855511351623,15.31767181226923,19.230641074067027,13.571151908065046,7.620963376633185,13.696873028881152,6.869886552681515,4.216728797425401,3.3768291387421745,1.3165616543833232,1.3705066710892293,3.000984337484561,2.4065232177299163,6.54504475379996,23.478983331865436,28.417414458248984,67.09046231277043,73.62240081547618,61.484631148211555,46.13226138432364,21.15770255950828
2026-04-22,16.501159424409504,13.412914143116902,11.062408456559094,9.562752415474588,9.721025844800607,12.292247359974493,9.388102761256583,4.158370591045113,4.258007411155213,1.539297671781106,0.591161056321128,0.10363944758286645,-0.3144715148169956,0.167702825528544,0.5415467044075454,1.0700148782210175,1.4546900122036328,12.549992841968146,42.72856501998623,67.19012411611331,70.34771616530759,69.82221238917853,38.90772263947525,18.444561298087763
2026-04-23,10.32942594591465,7.074182335408974,6.408722119983089,5.292391930174637,5.466459571245721,6.589459145212539,4.38343269164126,1.676930957678903,0.7497926556060905,0.09189266840239345,-0.3966911998107575,-0.7030620725843906,-2.557691300434915,-1.957099452385321,-0.9321796454416171,-0.6488422104385744,-0.5796007047649219,3.4404716167227685,11.385472866540644,49.45161432158361,64.09150831936543,53.21179380863268,14.743885852301858,6.211932806271948
2026-04-24,8.610611677729066,7.947277575634726,5.800530368033066,5.474661608514925,4.316888974892322,6.343901860168812,8.628371999168856,3.5967676295195212,15.362096538340229,6.587383780136128,5.135297806086597,6.070391600314079,3.041365684673369,1.7524235189116726,6.166070869097584,2.5731385891338445,4.0060059744077705,13.039474376280053,18.160493568111374,40.415540523685145,68.98378194545796,49.60332039643291,43.069293873873356,25.268515240587558
2026-04-25,19.692688095657527,12.837508999730918,13.041692790625241,10.54130518960866,12.183383800713058,17.28522231680776,12.778836061833278,4.340244063165128,5.770995952787397,2.232467070479012,1.5925746151899505,1.5716004842537064,0.5927584570797649,0.6058333112563649,0.5211050034339617,-0.20031903383459637,1.1866311512720784,7.928972930638205,22.794041330881534,76.46782102992692,85.66839122790643,57.490404043433564,32.63544465498912,17.32910532586723
2026-04-26,14.426560475840228,10.977691378602403,7.653737621310669,9.279887788247462,6.26730099869621,12.116307764324459,8.16137782224374,1.0504199896962958,-0.8174708881451925,-3.5758039193178464,-4.8355874276209265,-10.824276564635815,-7.475746452734089,-5.37040635037705,-1.8700082520880752,-2.340077802605684,-0.16096337314023454,5.520389193874194,15.480498803168446,73.24237830750035,78.23315425663179,55.14584863778772,21.699747735425706,8.178102939806628
2026-04-27,8.425284360273952,8.192678041910629,7.981203999757431,8.483538820667528,11.172574710530684,14.355170496809038,7.241183986062745,4.46955173525792,4.6429370779643016,2.497915958285345,2.3206209757249843,1.237397285010855,0.07678737401435069,-0.3649420528938894,1.4407253848472772,1.263233702814165,1.4310507024381358,16.355349792801313,33.211943310062374,77.89893147745285,97.69709099660902,75.4536927073228,79.23032182395666,44.962326764906386
2026-04-28,4.917777436437715,4.327697483665028,3.6231535088450033,4.565542445492958,6.923702471861934,7.372971391467414,4.29945722556592,3.0355243127858107,8.172729730681477,2.989779717202079,1.122453808372676,0.9302955171716976,0.8554119797281827,0.8121426303111438,1.9779515596468473,1.6208485573022784,4.502785322096816,22.401175002842628,35.296088561746835,71.60546441356274,97.60643916776567,76.93019532031681,43.225107985388036,41.45107940973751
2026-04-29,7.75975177278037,7.422855303841913,6.102893889076591,7.542130775742076,7.947438515698443,7.918721675859511,3.4107499185754806,1.8211487195947123,4.217601199199728,0.8160934125793381,0.49521741024603216,0.5005964513451906,0.49005020107733316,1.0003591872925208,0.8226020278853602,0.6961626293143774,1.3281859085007166,4.2134603589044275,11.523352588489468,40.390325069346005,88.72484305122583,60.65741463554161,27.89772474082506,14.081840186392228
2026-04-30,24.635405836186678,20.944098667085726,18.115205563748624,22.96615944018772,21.26622589970144,32.02737757645944,12.0725465069689,2.369804106332966,1.7762536616604963,0.4200583227380138,0.6048796836106799,0.32693112719360196,-0.028214730186103078,0.44212045702755237,0.42182763736832,0.4098033621111968,2.629426607042871,4.1709690489402185,21.89700683137857,84.80384978852015,128.0997153207196,93.74906922889564,53.12820143352628,20.909078785435582
2026-05-01,5.337753995289396,4.26836577860817,3.2041763635624823,4.866550332156963,3.6824545319129385,5.031082771006042,3.3495655433640787,1.1677226814274884,1.184339785776702,0.1496636361338644,-0.1710561016316735,-0.6619205304587144,-1.9575539484145508,-1.427876994904589,-0.41970937678256304,-0.07208980318837897,0.27763062692794277,3.2533945087537237,8.979464179225745,38.8889800081085,73.55846966218651,41.03860984335501,14.682538108000369,5.129606357694074
2026-05-02,1.4858931452668178,3.080001162288904,2.9823268155139036,2.333396798554099,2.8492505432246262,3.0614814575009137,2.0729744656516798,2.467173864338685,8.0969936747652,9.733942978481512,8.073736768738874,5.503579372673188,3.4891444510894836,4.100305319387762,6.719694788797179,6.556888228761193,6.999263235243721,12.120155198493793,14.160518246380448,44.70786842061912,68.7974239434948,36.7256524267778,16.95038668735353,12.41026300845403
2026-05-03,5.686984073111697,5.43854615318187,4.5279270566149705,5.073815583644193,5.90393576156171,6.23035207747848,5.021637154636497,4.175425096671922,2.5374018421650475,1.6010819728293777,1.1723070299993739,4.371288834462408,2.419443041310247,4.839546133523699,2.7376068884369706,0.07118528401271382,5.068761322320875,8.113078742912064,8.783357250368994,12.182107105745667,15.12180799943079,11.669135896570374,7.01762619755198,3.237593179702353
2026-05-04,1.2742848570303984,1.6565586245094157,1.5736763113866832,1.5440408285351988,1.9630683709458876,1.4749758521433785,0.9580198869713219,1.154492434825771,3.568176714289469,3.2072557304298503,1.6723310157657287,1.9459079405492599,1.219481776567234,2.1193689126705935,1.657933473978098,3.0966170504213397,3.440757415067054,4.192554119064464,7.551233656337943,10.263322327649984,15.06889545771015,9.255531350476703,5.5731962948284,5.060196358261022
2026-05-05,27.569492813633566,22.420763515992885,25.174738142690202,21.69975247439365,29.504300927615446,29.916029738215585,13.8776264240618,7.511244073088384,11.283282092068474,7.1977243893935725,6.655264263996778,3.6069000786569383,3.3299503820586858,3.9751869331915892,2.9809201275301827,2.6365762489541873,13.12962658089848,29.436430711227587,47.241996124984865,70.7914391730984,40.268541493632824,55.87830853750202,56.77454805742073,24.940199431113165
2026-05-06,20.343899140982536,20.42908849026005,19.624323050291423,16.985140997848365,14.410272539608757,17.467731686783154,11.097477971679979,14.751634702729495,19.457167982435593,12.318823513100055,7.868287175755568,8.728869490844579,4.448987695892436,12.943770620752233,15.422431085593889,13.686493605805023,15.984305807003453,44.160315596570946,68.82449424600127,124.0209284594072,149.2329162539211,108.85202824004969,65.83259140885448,20.41689226351501
2026-05-07,29.973368738355784,23.748465755669187,21.32470512907553,19.548265841026623,19.589976831222003,20.786922632963144,17.571190921370764,5.031989324783014,5.70981390387447,7.719553577784395,4.18132365899043,2.5548815643642704,1.43162336546917,1.2143836060288948,2.235867807043313,2.6779469146844046,4.163730806986989,11.322834109280684,16.19169475136633,44.12683169207877,69.12490307112134,58.18376990489788,24.601590825788215,14.364257860720958
2026-05-08,22.153309007712576,14.462453083573617,9.436095534955133,8.854705631022956,7.280705105318711,10.044772169116248,15.167052333945557,3.0473055641973854,3.7827086140565074,0.7927318157531014,0.28234733485873104,-0.035847943924161074,-1.599066412621989,-3.6978380874408705,-1.4663747386627917,-0.4250686901007348,0.89325385558389,5.569301490974428,20.6831891028231,56.16042828816743,81.6400877382248,56.71941838412685,14.711705379555738,3.6564594141090714
2026-05-09,6.690715857748025,3.852441688048634,2.9493301778855576,3.123501957118913,2.6187239516350167,3.6636936856301867,2.462674698851704,1.1643868543262066,1.5663935575829162,0.1630523606492186,0.4487424851861475,0.1815778719709124,-0.3292303710255155,-0.036662645022608555,-0.16007970168379662,-0.4463073021707022,1.1544998822209043,2.8373142189578555,5.87252770195425,25.662877916832773,41.77265299863407,27.457529987579022,9.883821322210624,4.133174729513145
2026-05-10,20.390674176774674,11.460861626245991,6.950881556249177,7.837844669438889,6.137601159859597,7.57111111320646,5.976228296766264,2.2935692063191313,-0.06024326928463197,-1.4899136680163336,-1.3325616500202706,-1.4095206198011812,-1.0896793764065638,-0.6052372782013524,-0.7683850537228708,-0.5839531421070017,0.16868325989369373,4.074165898713831,11.916794831166968,42.56236410392236,63.3079684779914,45.16809470466406,19.17260402688111,9.910257605222089
2026-05-11,9.956298051613972,6.82215699714089,6.996942440702338,6.476943126158559,6.05861712649972,6.817695565650935,3.8149934654624817,1.1136514469694756,1.0295640757721436,0.977390397609898,0.7619239322408136,0.4866330890399529,0.30872860163357296,-0.07356392427160473,1.0966802668666533,1.208230087164968,3.2406837246702214,9.631033250733026,16.23822675950293,33.720586269573474,71.9345472953309,45.794420229276135,29.050399668016674,20.551236930999387
2026-05-12,17.67898953090493,12.476792656881518,16.071535474949524,14.162158324285812,14.49191710872963,20.182634040625313,9.745879403264203,7.903701305936867,10.603623709312386,3.88564750000088,2.010955053468494,0.7308085595965874,1.0325757072829749,1.2451502401472165,1.5002360099723882,1.2608119171493404,8.525494249626824,25.70779893105958,58.53218370198798,133.2958150416625,130.1709201240608,87.15322857809247,37.443122472343,17.418848175862628
2026-05-13,9.806264016558174,9.227317241426674,8.554194272746484,11.747236875474588,11.27298324833188,9.600694245150342,4.923922288938977,2.112801052114921,1.6466291971299405,0.9926252202057163,0.3922863170430052,0.08800238253093684,0.6372640944139778,-0.05435599025196645,0.5620335863886556,0.4543638301282182,3.301866202462685,5.845148146091524,7.949855742289355,22.638239612826514,47.73948501745927,39.19634967645656,33.011197778268674,13.426735751277192
2026-05-14,17.753303376812358,10.576276329177416,9.569111623526108,6.528873100461073,8.203354479972502,7.651667967894125,4.251005807745262,2.846338402971571,2.7886266713871866,0.8048561226464007,0.5233425976885174,-0.27206685125471797,-0.3582802757488929,-0.35276316863129814,-0.25396087031794595,0.06167633997998793,1.484041197257627,4.162556346133136,11.307337369380713,44.96504946679947,110.30215339022598,69.39196901598754,26.820289228047866,13.466696326591213
2026-05-15,32.66257871560876,26.44637310140038,35.31361302283523,29.03503768168083,28.959835238139004,41.161523916910866,21.62733773233145,15.923383908791264,12.832502418290249,10.213060731517668,3.8204034778049802,6.188729661772193,3.6880082878731404,2.1147717734324476,4.984311360495717,5.1834632738396555,19.774687116526877,16.75599292845209,23.485438938439867,61.45603090032044,100.4188381206048,88.61948839081508,46.544488570517416,25.585364728816174
2026-05-16,26.002166367631652,16.67307342506487,17.187770302955983,13.945411620290336,11.971156539086316,12.28526846726101,9.820705069191877,4.219121033438579,1.9265416124157684,0.4954277022977101,0.3849953488818406,0.025560039696793636,-0.47016665807164587,-0.5261341331757577,-0.08815334696254391,0.13742930586590862,2.0697678530217543,10.009537712419966,22.409335077098124,75.44235460995277,80.16308584440515,71.92889421360236,39.8863901928376,20.799895083688515
2026-05-17,6.606222832932512,5.907640474337974,4.969248056585395,5.196717378904581,4.77838649482734,5.163554830854754,4.581130349017143,0.8584110654134792,-1.1616714720263104,-1.2540080066916761,-1.422764644682326,-1.5933770877154283,-1.593293592391495,-0.8447510977974887,-1.1608459720433144,-1.0139162351935347,-0.7536387403183274,1.186057506361885,5.028063647759275,27.293378595754188,57.81451412137373,33.81103563391968,20.301133900308916,9.231510748555435
2026-05-18,4.751297405996588,3.4104921773070265,3.6344476184409453,3.7732302277142216,3.6347802835489964,3.2882168078632956,3.5341855736214045,3.1271310670931998,2.8631999531144197,0.9635051169156009,0.7924757671693439,1.42191630095027,1.7291987513457474,0.6628374927375671,1.7769037303106936,1.214989406922101,3.381485439794108,8.254760373631283,9.028967926390855,28.488335211460313,58.89361431866847,47.1989582134584,30.754273480265173,21.12956862581332
2026-05-19,28.988722452787023,13.699111869305233,10.409032582076657,7.636138837416557,9.222976244738668,11.513355359115904,4.695838073611072,3.1943531709886535,3.406727185574091,0.41845340892089555,0.7005791611762282,0.22819163805454018,-0.19381069652938335,-0.052541499528258595,0.22497987709986955,0.5457968391239714,4.785772239272365,13.012142050396271,18.873873653998025,31.044172358569504,63.99257920851015,53.98868092234955,19.298672754358172,11.597291571191098
2026-05-20,6.026045624409605,3.7538376219431573,6.409972952915185,5.467245555606342,5.349533841714874,5.534621788446416,2.695200444113862,2.53507260946397,4.576351672516964,1.1880721765603008,0.7816567704258501,-0.008220420932904341,-0.5996246028312204,-0.8560075496827637,0.5992993320115783,1.3661120492428132,2.719721918613042,9.058855975034717,30.204451523243605,131.65533569483392,187.03704794283533,183.59942077415184,95.40215016692416,26.254549664577482
2026-05-21,10.289818798499354,7.8839004576613005,6.727389749806081,4.371787083675001,3.8137380296315158,3.9532809564157843,3.071029531212157,3.1286874024288034,3.3171231985308727,1.1753650073961284,0.8330636042788441,0.9030513772755111,-0.16254954834560276,0.42969094009201364,0.5211543510685179,0.675449624414996,1.8568716204489548,5.89949805312338,16.66043083664125,67.32549469877699,112.86414701898593,79.90019979383212,28.98415698641364,14.833093076730854
2026-05-22,29.051848195143926,25.611640366262762,19.522314272647293,20.22830646513143,18.206675529391596,18.530304003225286,11.656918506855932,10.023110454705867,10.871555070335171,6.940907223375165,5.761544418572809,4.442397874664429,1.6661799221907194,1.3387758580825504,2.8090475367115686,2.6820212044359475,11.710964653180959,16.15233976264942,27.804982610045315,79.86956127605671,102.76720507138907,86.2513810664269,36.23232608813817,20.333569475826533
2026-05-23,24.81339798579069,16.383347194794315,12.484476631495605,11.321121024578204,12.602899304852421,12.885497551138576,7.5662849696892565,3.704454281020492,3.1104344177141114,3.476234831650438,1.7903660330183837,1.4388548932670502,0.5901717376853123,0.565058348090488,1.632708520965168,2.673741021673135,3.658095798140314,15.995849793945053,22.142270833270178,49.58328899936451,69.49461566282214,57.20859210478238,20.583649890278885,9.751156632538864
2026-05-24,4.853920403574271,2.9629965422783497,2.131815737598405,2.463890556255838,2.0572364809417727,2.0807946497282606,1.0961755958076866,0.5984005380364005,-0.2677655623282778,0.1785369896609797,0.06631211222008505,0.6752622800427979,0.1614102958423519,0.3317635784866308,0.4034185093614445,-0.09285647490406908,0.42218644399267513,1.39110430360681,5.418259014784394,17.63946055019475,39.26242877395128,45.25829558904988,14.815962703313783,7.649115369391364
2026-05-25,4.054148360005496,2.705866537926279,2.0888271705527752,2.2701280848921868,2.163281144285952,2.249717658748035,2.210825366717826,0.9646832699397512,0.9993017741082624,0.23754128718911643,-0.37078524185194195,0.5586242677558578,-0.6066619061840396,-0.5301586259272584,0.483079882121992,0.5227166751684085,0.7970240580840343,8.050476263301045,19.866485857434682,36.41113799893467,59.653255767191695,46.57704642557375,27.31567947541661,19.952107265916744
2026-05-26,2.9868464491010767,3.582581770593243,2.989500459080942,3.6686888348221034,5.476461986404293,4.43787144819924,2.0827716196686166,0.46201188451998326,-0.08598142247046885,-0.46741685443782294,-0.8246323544626041,-0.09833659820579706,-0.27853708191709575,-0.6469727027379274,-1.2526088195983922,-0.7064257701913337,0.38855943374091584,2.4287912613773313,5.569172490720691,14.899396101962838,37.983158625389805,33.60273572004186,11.299120060902572,5.826422076727629
2026-05-27,1.3820273360368152,1.8202764052977636,1.4815437998164118,1.9196945487763564,2.67998491531149,1.798982562723886,1.0285474000705752,0.15193403677551995,-0.4234958970279667,-0.2540656973647688,-0.44518067084650587,-0.07121758694852263,0.24350587851479036,0.4913340149694402,-0.10655065695250734,-0.4061570631047687,0.9502935981807324,1.2792281269783832,3.9393272241643515,15.20045260104328,24.575986704342224,23.036828013493412,22.045006947206836,14.082375611758309
2026-05-28,3.103426958569139,1.639274448045815,1.5347673182559374,4.188435526279198,1.3935664783262227,1.3477033727256795,1.176666866054614,0.3423645644678864,0.2714540325944579,1.0590298617545824,1.2224669460030169,0.6906752349491093,1.2570596378382795,0.8280295731388599,0.07509480595134656,-0.39304931833127865,0.5640112053241483,2.0429302078408287,2.452982914450921,7.25338338215545,12.27750784728146,8.939895944808855,4.942896318695649,2.918746610849195
2026-05-29,5.359654355965623,3.1171685532497797,1.6769004899931859,2.2452768832362677,1.0873860772176216,0.966444355747492,0.8633820601767238,-0.3094761057572959,-0.10286015068847132,0.3475182593778372,0.3790382349485502,-0.05982903053545771,-0.5997242598217591,-1.0324838666338765,0.08982640145590565,0.36272484201240246,1.2756805779312665,4.8923139466074215,6.647084114019847,20.05144871017384,16.871830481615767,19.584113463647387,14.878773913224217,6.179840293761812
2026-05-30,1.9266847835300094,1.1439322461404866,1.9796602907380252,3.900689150590042,2.539741152904691,1.3538356215207616,0.02248862519610258,0.05443677181742046,0.16141815921432004,0.499633821092907,0.39273994273732443,0.5886944120607271,0.6695707844459318,1.2340648997606896,0.8409573730221335,1.4397925779628482,0.66482005242251,0.4765922658019257,0.9055582684288173,5.0256157948357245,6.529181485651884,7.88093348597016,8.8978005134243,5.50375769735474
2026-05-31,7.1825814900627885,7.655230734682294,9.080710154229937,9.128150379811903,8.000056984990483,6.449711143127042,1.7095529584906437,-0.5012070874065903,-0.5974560344751979,-0.20613586999517142,0.46921506140641195,1.6704938490837271,1.1610952773731569,1.3212036423208326,1.549563304536559,0.10731913924631134,0.15807485420738837,0.4812613931089095,4.705482793104204,13.220245371599654,25.004812662213663,31.386527402038805,15.706214619086616,11.363665980028973
2026-06-01,19.594894600942453,15.042049250771926,17.099114722515512,18.352216376081415,15.63762479054117,12.914500383375648,3.4402982663139956,1.47901802463666,1.5877454542378517,1.0745187095049664,1.5130461782601794,1.2441770505384657,1.0519039798819336,0.7384574155467982,1.600973801546102,1.957171648674547,1.9676258259475294,3.0511142962658484,10.800722333531287,60.70025049936688,140.51963678970557,159.70365640829252,88.44749283957924,37.75875077841499
2026-06-02,43.98242280265945,30.532830903172204,20.30742483457303,21.11671757677489,14.562892143882284,14.367342515520216,6.417255473671665,7.901157940469754,6.885199360036376,3.145759906212602,3.1606646332439303,3.6459928759163147,0.5484989375310992,1.4266940344947412,4.053863127231536,3.6886782063560757,8.035436169224903,8.162921007897566,13.964496067188103,72.25857250720382,110.36201410007963,151.4967400122464,56.248495970427115,19.38355337819437
2026-06-03,29.993850303027095,24.32164722949044,22.328580817589362,20.337345885529064,23.90336794365947,18.266521209165234,6.5728721790615845,4.900694607114527,6.563292328116034,6.461345255290423,3.962762195133723,4.632146189428891,0.7411135985022517,2.223976983983693,5.0664774595792865,2.6134837883847055,6.135871361981288,11.187090816822243,13.445644760991053,108.65411212054495,115.40441210800364,139.28475383215385,68.38986895897136,32.075079479298026
2026-06-04,27.664537046686064,24.16512584626278,21.341861048221215,25.287882780538986,27.18026433728806,25.357168519263947,18.148132009761625,3.8559153700483537,6.697926292013209,6.454453079462507,7.03669636765173,7.982960591851924,3.4722066182875357,7.2711824501602145,13.131966402434477,6.3294771581828675,7.147379137131168,15.696906184445677,32.96043604948025,48.50166735517644,88.48156681759897,85.10450827849169,41.71124049085092,21.43555405614561
2026-06-05,51.04586298020978,24.931642406092045,15.276791682766955,19.594545862255718,16.13568012305202,17.004341591834446,8.484661626158285,5.826334014843692,6.828574189904303,3.6949333070692734,1.9314018138550832,4.488666899127875,0.5073621333430713,1.457960604028511,6.521094408839871,4.525511075561812,9.711025045865282,16.552071922988475,25.8242861517189,62.639785352272014,72.63240214246001,67.07361311434627,45.33062493307051,22.116933113828093
2026-06-06,50.51023191638127,31.736263097766802,24.731022234004996,31.78583676931907,35.9914235810411,27.888633256377915,13.89767346848221,5.648123324831789,16.253269961891395,16.163512303878417,8.875363378417504,9.42122121758196,2.9759271001548133,8.091867683349395,10.320064712143353,7.877423676676909,14.752480740010348,19.174317343284642,20.846106783785416,33.725703718526525,61.573027400201546,64.97867377942097,44.55064980502486,24.46923417212272
2026-06-07,22.714943853805,16.569920463534704,14.509260960742465,19.845792495198786,20.601325201154857,13.807002962969813,6.289485902003077,2.994075905245233,1.7420608596694087,1.0442367499147325,1.0393353050402026,1.1959758009061525,1.0897862029674037,1.9323386364128667,2.336255006025661,2.765165590964147,3.6752985869989896,7.360507902439669,29.30037979451036,43.26423264941691,94.39984598035649,83.92215412663957,58.41143980072728,39.52479048977219
2026-06-08,6.58867248054184,5.466947397688281,4.133670559610633,5.49602072598748,6.405801983564182,6.446251090382108,4.68280678259254,2.7241114278167973,7.009748252726675,4.7501058791718975,3.4707288317725107,3.823921641931585,1.8829273462851783,2.3957947257000756,4.330871921981222,4.578449243823153,5.5271956863361105,12.31817853558825,30.30572366773687,33.85422304315944,49.325915666816364,35.882724576323376,20.254377526246262,12.289264409446105
2026-06-09,24.595819747373703,15.68479388973184,13.709141454951233,17.271592207996026,18.178935170761488,13.333380608484486,10.10592541873244,11.939016834553353,11.075477602335214,6.207122017294258,4.659837615269938,4.884818482470091,3.149570582995967,6.584918668349736,8.192803073752769,8.129069203806543,20.90362597458313,21.494750678074322,31.18167720355968,45.97529473769399,61.46295234690212,68.42569567381034,47.382660934093145,36.02101708338874
2026-06-10,34.835841130915526,14.153348467867314,10.12847388994306,12.184256671082073,11.456799231454493,9.300220288723574,4.59156594567473,2.637748670410498,6.367115849841448,6.419335106748672,4.525518127053433,4.195468058292762,2.42981863412582,3.9704075347029626,5.365706258767846,6.000013922469109,6.727371560567446,9.312045716497753,10.219757045736138,33.17990232860039,57.88368335367691,48.680207778135106,30.74002394173803,18.026032020480393
2026-06-11,59.629922098521014,34.39689870589698,31.224089717972195,37.88033902274679,40.82532896499952,31.535281309517476,15.784568413780375,8.760883785263763,18.14412526059283,30.475825609909105,18.03880573200486,17.278891915669515,9.474359295663184,17.334600211797003,22.09151864799847,25.95842473908855,23.539637249512797,41.815641951948166,37.488207767321725,51.74373826696682,60.23876237498902,59.86719276563169,49.802753883433766,34.41551485518564
2026-06-12,77.83029791193398,42.802383408538226,38.75130707338753,37.957957898214374,42.695774997963284,36.026447140824274,25.999531140141702,15.082029284312002,31.34100901021106,24.517610041222436,17.317828782086202,23.351492068733748,11.051318274447548,14.389799926283228,29.24253105520377,27.190076802460748,21.83230275337983,47.9306780294652,41.667548440242925,48.9438659821871,63.71687480602038,60.950639782966284,40.004410534326254,37.6142437920599
2026-06-13,25.642013421613044,14.55104220602523,14.378848330687664,14.238953331984337,16.19647701746163,11.940711196365513,7.149801120429936,3.9754935753061997,6.623129672298176,5.593203015314903,4.584699035839157,5.8241624204389755,4.19241755937585,4.847799016642321,4.823323559902593,5.875918976832678,4.870093478578726,10.879510003946029,16.47864151942121,50.567833206590784,69.86007044818517,67.41831246207485,33.74336369867306,18.95520016878519
2026-06-14,17.16742499840943,11.663469679946752,8.63462121817651,11.119243888647595,11.60069120506515,9.580149745028097,4.816951657568313,3.5031037520385926,0.8836232080555559,0.7896017741044927,0.558001380546294,0.7303702734491329,1.2404005755303853,1.263415378512748,1.5882433583803335,1.68128853698885,3.207803172859448,5.174458610388424,7.945969570846841,30.692309279921236,66.42969896526459,58.44259072966282,28.04592009565601,19.73934167564317
2026-06-15,24.338803035971768,14.883309531488182,10.415002508513817,12.879692431730529,11.676537950653726,11.153856647812656,7.009425341638359,5.420978634620367,7.23784785087599,5.701812305146448,4.913123907942916,5.49418777639461,3.8253024785123544,3.533681954063912,4.856103804740962,5.126503192281683,10.865033658858081,11.924666442890585,13.997720297886794,28.495316118055403,48.11006696711208,42.188539966778585,29.715285022538346,23.869224185687273
2026-06-16,60.613912637594105,35.61320801645078,28.138550162222554,28.738569218284336,27.946750396308296,19.163233170369697,11.650847034862126,9.055854416898386,18.66489425241158,10.96913122332654,10.139568787873818,11.200818796753863,4.730124585673105,6.70083676118368,9.644221626192728,15.529776974495846,19.98293454351231,38.72317671509711,38.35756479904741,59.48470733733425,70.27228917725718,77.78337410420815,64.53758473188024,39.747159008628635
2026-06-17,38.41849011714342,25.12796227289466,23.362918933075424,21.50693067064048,19.765797752949982,15.592237122034524,11.519211657208167,5.069823115860056,9.587008914093662,7.488122751816729,7.034892010798993,6.223751102678606,4.323643490434039,6.525208898393184,9.226484491596835,8.878061775165344,9.798299293551327,16.63576876185605,17.08453020631573,45.761024054025434,61.517402986012726,63.681615396702185,34.619097268180816,23.81784511671275
2026-06-18,35.04658202015315,24.39074956481594,23.97855918335273,21.551893113992406,26.632051518275702,20.1119036312177,10.566128875326832,8.164687233655819,10.063868684194489,7.770805866370063,5.862469760040137,5.344652225831436,4.837130372872103,7.272844059398151,9.46898685522233,9.484987297173683,15.257702192843082,25.935007633251594,40.5356287557412,71.22826381608519,80.46794326230986,77.25931020229932,61.59804736675578,35.10432119278811
2026-06-19,21.426842362708676,13.982755052393394,9.866444567143873,10.740373114274893,12.369529336984325,9.495741443102334,5.946239573728385,4.824432973388174,11.16358385377208,9.499995635585725,6.689565274237769,7.099302216137307,6.393085378176806,5.579333882379224,11.85372852287902,12.297056093566113,15.870211105175539,20.981175570962822,16.14411238902361,35.28278820336358,45.382283347341904,39.059340969825406,24.331130917415788,19.385959282873834
2026-06-20,21.237004029354633,14.226393560244393,11.226042382811622,14.777304542654042,14.86925052838948,11.694173433653344,8.288039377397052,4.387999452143072,6.095505163376713,5.683286855469908,4.691494070979702,4.75535848028266,4.310165839582447,3.854556211033849,6.038852003979047,4.890265851255229,7.767765925345937,14.315908517186484,16.499832542545146,35.666222285771376,60.38747816900511,59.8576054653537,35.049824490633256,23.95346962337918
2026-06-21,11.188303212515812,7.29705538649984,4.9988210090155585,6.506621893313392,6.098896890417865,4.800951112725466,2.7848206232317416,1.1208851101424906,0.43000768672353584,0.12049162978418644,0.4476824629495798,0.12375799928555722,0.21300466176776986,0.3026850749781407,0.40564879625493777,0.5649967786522281,1.051287505395249,3.3420385577546092,6.783654114224137,27.62710132495627,60.20210355658063,60.151116575627135,30.95752701358427,15.626627313582432
2026-06-22,8.11058215249291,5.831855005913608,5.219959909949349,6.093727706869364,6.385497569578372,5.234947101498398,2.4881164942456464,1.8539557130004942,6.9631590989225165,6.449989290712812,4.191006027781863,3.852763457019832,3.785976628317723,4.442180791565048,5.194831657388073,6.8175087378574855,8.531255322290976,16.99442112723954,28.187125146556507,42.49519098536987,51.64745958288908,50.32462241313006,37.53005686660936,18.694379366193704
2026-06-23,35.323519484319476,26.342145301097087,20.353670042258397,21.545454644816402,24.240593423748486,18.68555634893395,9.066465204479574,9.867984857186578,17.64120680088019,14.160737723454591,8.40523586363966,9.270120940958222,5.9427830821032055,7.425405212701323,7.964579462965487,9.076935853613124,16.802313333537814,34.69537418108572,52.37571254095697,73.73457848945701,82.3586679683355,88.4794324119011,81.00987788603499,57.43578923903193
2026-06-24,43.87596866454135,27.914415055043385,24.62000016851063,35.117088078608575,34.38233776064454,25.554544800104832,14.302615830999914,7.42497504777296,16.429250613095384,11.504191707120441,7.447022365555159,10.270548900274976,4.675935963664024,7.452608322719878,14.164798217609471,12.58209314232649,14.106129782767429,24.174053947743616,37.76037940495951,94.81056184512248,105.26218636961102,105.77114374533348,91.02237696554263,50.39445329962036
2026-06-25,80.90227959608445,53.45475947245357,44.56073925832114,52.60193005417859,53.76475639763736,48.103035487477904,30.47700163592632,10.371373936514878,20.989086874778895,19.979372922886167,9.41099083303232,9.43849850028627,7.269246972951378,10.244155164833407,15.70673184837687,17.607111699243944,22.841249165511982,36.494931740069084,54.207235477163884,93.28627087917715,101.07924677351727,99.3486436728785,65.62342265511633,42.91006714471093
2026-06-26,50.52283461754423,38.320138405602115,28.172298645008684,28.699162808258652,30.64310232143447,29.234775126219656,23.97555218702054,11.116374528616062,18.246964676771196,12.668664447053201,9.235100020312567,10.85017296667469,5.104387352974366,6.154030014201447,16.183913476909748,18.02498278572576,27.012818009317908,35.43653676433747,53.20019002109971,82.44361481022128,81.20828598774715,85.32362492932893,56.949863293182645,40.71157567600924
2026-06-27,71.01745610286345,51.15982594807397,39.85430260503832,40.78834387355038,35.26667756694258,31.867526717304095,22.703592142101297,9.243277078764038,10.379308655397928,10.08636867105206,10.071608185035679,16.167814966903904,9.719704225916203,9.973650715508112,14.213398358319546,15.219793059157476,13.261098236619649,27.70267965837039,32.88561423797233,78.8677741647497,95.73410230947486,84.5964410590624,76.67291000806628,59.81305135382647
2026-06-28,39.98613584663604,30.34068229604163,24.475446879596287,30.985670617282654,35.98982571315554,34.51049370579666,15.133833199925702,4.288915348707407,1.393603667033133,1.1048338143313086,0.7756768918571192,0.638736005086279,0.979115220313361,0.6022567307988279,0.886260114655207,1.8806536988196076,3.7406654379995334,13.958492912785376,24.980710343327022,50.844488280187925,70.30777124026957,63.92658599516718,38.7986551643643,32.64395059974055
2026-06-29,24.451430305905443,17.093393320980102,14.918991598790338,19.260044340455543,15.558566755712741,13.540881215994752,7.783811649537869,3.4809853156144803,4.594671338081788,3.3495250123623523,3.2941498807572756,3.6230557254435576,3.2262046075170807,3.1315747271680316,4.190576061051308,5.576400055467052,7.7921560875008105,12.464654894037647,15.221979393733294,34.9919563953787,64.60474777343043,54.63945704704358,36.45521730912022,29.21009497637767
2026-06-30,43.46704222062025,38.51588279629441,30.59261531720507,32.25750491932898,36.36924587326984,28.1348059731784,15.468062026651312,8.881567012907384,17.354742649672822,15.748193350473263,14.895765152327959,16.789457278852563,11.851584408387083,20.353537493151283,26.13783496119523,23.52772176122622,20.431138550487848,29.685854831336002,24.166133137318194,47.1966159573185,57.57789573156477,53.11143908791467,47.187743560065755,31.958250337774846
2026-07-01,57.07822854601998,59.09536336477501,55.97848536917212,51.9873400962139,47.62541046062389,43.959735279990674,46.06497483836686,30.960351935075426,81.37548271460984,55.417601443045186,43.63014082876084,37.6374437448864,23.448909265898205,47.25141261790461,72.24585719884239,70.79750252712003,84.08588364753115,89.02218803339487,101.81775304285672,136.90472231184393,130.39003429241538,134.03705839371156,125.04945898754184,103.49647826023359
2026-07-02,90.15237081468992,76.06319308637275,59.21470712710054,67.24252875967973,88.88504074067151,73.09326237219403,50.366665568888656,31.38441485155792,69.88206254610577,41.482449109760374,24.167293166492502,26.67671778024684,17.413284597799155,31.584359590441633,40.838763394833606,43.36210313590808,76.6871936172484,84.53032457115646,67.64065832247083,100.38922728731886,88.74151033920018,89.003076392995,91.8480527234048,83.07788142610441
2026-07-03,98.30985757210196,74.47308819346894,61.84124128834244,61.18535066158193,59.653355368714315,52.03416409695994,37.41136548374996,21.08017264030269,39.7035649613193,29.513006274459922,26.025773588720995,25.41354753246499,20.12054018634627,23.19856102854784,34.227117896780925,38.320430597658486,45.96642586720893,54.681112441290416,51.229662551330584,81.23779474438065,81.40736310207991,77.99065794415132,78.63988283969655,77.37865901552573
2026-07-04,90.40483642420676,58.67619217017432,56.65332285257636,63.455738015396314,62.30885183251779,57.00263981098517,48.119077750077324,23.980480060274036,28.788202525813066,22.780142800376975,16.670391483972534,16.972133924143392,12.692583952096545,18.395054830614665,22.45339762504784,22.209301537316957,40.87384332084574,49.55195123171314,63.106706755248766,84.43335887086569,97.845689457579,95.25609969015098,85.48183036501091,74.83029077651679
2026-07-05,62.96623692661145,43.96815356809478,45.68021895777598,51.19863370217493,54.90774828068362,47.01023894648017,30.660757462837886,16.57247709884859,7.053324613758017,3.7951292833345134,3.2569914007986362,2.951798821688668,2.007232113949594,3.560765778880346,5.103578181201883,8.348942056131271,12.53286456541043,20.30380515123881,35.646727794328015,61.75982273939677,79.49856142051192,76.14125076345356,62.300025609821205,53.20712160362679
2026-07-06,59.91504123156526,45.585828172675434,40.055663163052294,45.23212974210009,47.47211176812559,45.79865682211383,32.705532654592155,24.242849965094987,26.38962017802284,23.50102042359382,24.471190644087187,25.297261447839887,22.32064219717069,27.476552625795527,29.64772103453719,36.69350062548184,44.82734078043302,56.60167010203947,60.05104547237192,75.85613462366648,84.98335425378698,78.71615978176746,87.9743136697009,89.30226613430094
2026-07-07,59.81965548494382,51.34074836042158,42.2333801583299,43.82774251038864,44.794459480861285,39.10537124539648,28.881992708557735,23.339424660351426,39.4411756099088,29.634445763854465,30.035171903791333,26.993005157160646,15.329892543024341,24.879944703125787,31.14111945872672,31.23122549377169,54.530457692231714,48.45088867311409,57.53633359883155,86.44384480891107,81.97823536825693,87.54409816429306,83.09574258198636,70.35455720446302
2026-07-08,83.06894771607233,64.1304310041464,62.369601543430385,64.43830981750742,57.79411309630612,52.33937960908802,37.732511325375555,28.06236397001808,59.359115919294524,70.73024822281708,44.97958193355659,57.8847681813681,31.571915336166207,56.26507210394967,63.77334446064282,52.243189204299576,70.08069104015276,51.65574272556409,59.51679840130092,78.61416372297265,100.1370578239326,103.28586434252217,88.66441088430251,80.78996874519896
2026-07-09,77.62132074938864,63.983748092812405,60.272538692113464,62.36340871179537,67.93293806262747,57.93957437188093,42.53248867916401,30.858577630043232,54.34452253111298,42.340261935566964,29.9557870530706,35.28247710646959,24.157371281947572,36.39742998783118,40.33177191206733,39.65790609617769,50.93768247029347,53.14860394033231,57.16464016880982,74.94786495000223,80.36899889969527,77.59182885536923,70.22834121761059,61.709994182593626
2026-07-10,82.84836429799876,79.1804560386734,77.04008206114484,80.90239535112505,87.10521060785094,78.976070263125,60.424256223804036,39.32280483629135,64.68180843967875,61.50700983577087,45.56156083798394,47.80262646444592,28.875447704961662,37.07051478031948,59.66858350616148,55.73783160049771,56.08934396313565,54.519324243890274,58.06525990765958,76.90682836254297,84.95648486936682,86.96906605996271,74.65520092101521,66.92136307975636
2026-07-11,66.72956532334234,69.49109541161535,66.38180371215391,72.4488950669177,67.71173616514696,62.46753014516019,50.47306999702893,32.19389336640736,41.239205853977964,35.01044213496326,30.411251186922247,31.573536330100993,25.926221347735144,35.72225254450594,39.469062031962125,34.54786233596226,52.151290286322784,47.562921703060226,51.02156389187542,70.76080469891532,81.51246305807933,81.37515960046133,76.76287849707735,73.32370557295387
2026-07-12,68.702367706952,63.501264167622395,55.039745205036255,51.59656050602652,52.848459648541606,51.96176192760259,39.67908183798886,16.54756793862292,12.367956527574885,7.222322973858737,5.870066744260185,5.87878068901684,4.097799236787418,5.652142938605451,8.263731376612734,11.72785385751508,17.002091394939836,28.67509885687648,52.98369269047307,77.88069471626811,94.30811939239787,86.3790846052803,79.2614707683558,65.46729537701324
2026-07-13,65.2509331744526,62.51243693529459,58.89266929175617,58.95158477981701,62.421973909297385,57.304982115255804,43.788680645863934,30.217235662535412,69.97629515573547,68.83085828709248,55.28244241551241,44.112916991834005,30.040264237077132,43.39566860412241,64.65203565336076,74.77046527195017,98.7060132553224,85.2328078115417,83.30867990338736,95.85494177704047,106.60877684911961,104.29160773215739,102.32516103146378,97.10806485930709
2026-07-14,71.5153435617423,62.196000857513354,60.25548675077823,68.72544266894782,64.9558799639755,58.589491571422485,54.627032255181355,34.28506733090632,58.796064382243195,46.956230609851566,36.39045664367733,41.30028173619501,24.313503869171694,38.42941229174027,52.506807834423874,40.75167437447331,54.923216757902196,46.12792053625085,55.6168976899048,70.35958425870174,89.23433756643477,87.27310843592035,85.04468656374961,74.54565841561799
2026-07-15,62.71513053138049,56.63582338324661,54.272942721655845,58.159390278458375,54.32432984725385,49.58131495977723,42.914129192634626,21.452038290149734,30.210956187704802,29.415723851445197,26.11026363416883,29.052390790854442,20.131250038306327,30.12252982008563,32.92257394996405,33.80603764917745,36.09362430536566,45.23989633708009,51.8225016050758,72.27653306847992,87.95999344598937,84.30936680661647,74.61471866141498,69.703361398308
2026-07-16,69.8624337145974,63.811158812990634,59.274940229772746,60.32495723355709,60.575125968577545,57.13436040693191,51.22068706873964,32.48935641882162,56.3826296567354,46.36863004657343,42.01560254689232,40.42991922771692,23.893114875584015,39.00656837883581,61.01857053791606,56.495637226780055,69.88038771180163,71.56483243941688,78.40832942439356,84.53411109152584,89.86415006432084,90.92639169830755,74.67647864873197,67.92379948936104
2026-07-17,78.6337804727564,72.4106984407666,70.46029601268613,69.39391422008279,70.32573231522068,62.81443729153709,50.27917835522004,38.11630186061438,68.66846047382208,61.87007247709827,51.76185447231667,62.61370262148924,35.80206551889533,46.05568976659974,62.957367221411715,53.11870011972322,61.28108122412908,58.22419260781753,53.47459580645168,74.88301749147419,86.8120118815157,86.31548900787094,74.46350085633972,67.87222141128592
2026-07-18,86.0625766736261,71.64054463514535,64.44059559589836,67.56285752370451,70.33414503970835,67.2050168372151,49.78973236651545,25.7657475855354,36.2027080950305,28.16475514185867,22.707702643431745,22.70266179382701,14.382853432138303,23.317733597226947,26.327820020140784,27.19301279993908,38.63943698572325,60.03516813611925,64.88121920939918,90.57872755482788,114.46904793452661,105.73045441295932,90.99632679148965,82.25208576755801
2026-07-19,79.4304672116371,68.67456155056139,65.86379899364596,67.05901750975073,68.55527938216737,66.75290616538337,54.23575219960779,22.19943707168737,12.106311288448408,5.941280085396405,4.655098802480169,3.831654035110044,3.108674738462418,4.6833431425909735,6.049314503079801,7.695243503479679,19.513992996641107,46.44666402563517,71.29819439895675,90.93168303102173,105.62761532106987,98.37359823901971,78.60443467486111,67.87170583151097
2026-07-20,78.53353259795408,66.40247909757497,52.80880714033719,58.68983392930953,56.26332032600493,52.75623904619332,38.52704425161385,34.22158838293505,63.13166254945772,66.76419544452573,62.81065139914327,63.60424717424303,37.966675410198306,58.601228423077586,81.1375798802336,76.9755044400371,66.9177300536109,68.37124953615013,63.679901289969166,82.68202211738122,93.99222742860833,96.0771519018388,80.71945222063417,75.36832714055407
2026-07-21,79.91252534626271,70.39372378400267,61.89876656484407,64.29913528214904,59.87830151822017,54.463323685183596,50.83882538744773,31.26074895809661,57.09513296091662,48.759968202808075,47.41552438118043,55.72052441385285,38.94630053891243,59.33290479346058,76.31976273852656,62.86503496502729,64.80577269783528,69.08509242974628,72.19667716612271,79.43179186175755,89.70560016525799,91.45213982683997,84.27014053948176,70.72412829820136
2026-07-22,89.16839823028859,71.499359389019,65.48090578503896,62.40022958992811,58.93589978937811,56.91407606156373,51.630116928325066,29.507557368138546,36.85129523485171,41.06561409717879,43.50613992634491,44.00580588379927,30.30770317044896,47.61860834301971,54.89522804249338,53.12273238970742,61.2799273289176,75.15371679679183,73.11023850844133,87.14820139016335,101.99830126139503,96.86425839352383,82.86649029821758,77.30533059925014
2026-07-23,84.94348409996327,82.43882437189171,67.7516600986893,64.35288291601536,68.1933206890163,68.77290462723008,61.98920996696095,43.86914510898726,65.34525214349077,53.92292968608766,49.48161153871676,46.80594703726035,33.25443997506735,47.599841774739524,53.528201010068805,55.70451516570837,65.63031052825858,79.32938397387818,77.53160381784711,94.42558853269685,98.2212082237729,95.08771377679544,80.68878158136438,70.41112697686617
2026-07-24,75.3500866003194,74.92996830728092,63.993014709466266,67.38166832600302,69.45157507994439,65.12051065548678,56.335017743695644,35.34690180286897,56.8580526646331,53.4898031546018,45.94744543545843,47.186012719595205,27.745965607994798,32.4743096050183,57.356705789912404,50.077085611810574,56.68338403632253,65.68811178034727,65.14583957371887,85.90688474987267,96.65016340832017,90.39936091673555,84.24775264179952,71.41960293028569
2026-07-25,68.42378293232332,61.39145895742119,53.525892432804866,52.247881201142754,49.57644672702377,48.13307003815676,43.083432473038755,24.0231331963464,29.954014117168413,27.67816591334331,25.1981004371588,23.48301732743546,16.524036036416508,24.80199216637011,26.549419772130765,24.168384420816537,29.38777453823285,43.93272193441516,52.279690882736375,65.9567561572279,80.23911368942943,76.96085994431095,58.452971985680584,51.37549564153563
2026-07-26,74.65153256730859,64.2331513641144,63.876741792386454,62.069149833752384,60.92170341000695,63.261325481767535,50.500461111658105,28.982567818511736,10.49035367462683,6.744253479016883,5.336193581840978,6.145494748023647,5.426404723025318,7.431780545223565,7.800782674784282,7.695195418536315,15.054065140027747,35.03155616691122,49.926392962432054,71.63296753673744,84.98096513193579,80.43750958031457,58.661305955008906,54.98693435689861
2026-07-27,82.742589009563,76.73771417172478,78.726327412901,72.57725441825215,65.68424948129591,64.98550156085658,62.24275218723028,33.52285134960063,76.51477756981902,64.95859321359802,52.56980658601732,60.64676158545296,46.45361324301055,59.69436763128853,62.99692600696235,54.15972544037547,59.90091937042206,70.38902534064181,78.26405005510638,90.39810830830348,101.26933961397087,102.6803822610232,96.83037536237016,88.93488599701023
2026-07-28,77.0771032838223,72.09245431109454,71.38124562266468,73.61458839050562,68.9686998835462,66.86036337353588,59.81588955750474,42.55444800555831,83.42129408770089,77.4847649062507,47.814187817288435,54.966247152737495,35.68752477413162,55.92707106425905,69.07231066912577,56.49306417433234,78.15439550222904,62.78139218786992,61.46809439617863,79.94041455861273,91.47440658673189,84.1265722559557,68.2147675187489,78.4719191009901
2026-07-29,59.855506824287104,57.56328756188427,56.63360478158449,58.89922433361074,55.959644701352794,55.05161151831456,46.35944619152626,26.744880390681438,43.04068620788903,31.011822912622677,25.542452735349134,26.69089760804513,16.01459107306585,31.590091059552133,34.602920234365186,33.705978111539025,32.65590210917056,49.27091149831353,54.97299026814082,62.74388384705592,65.4679977080409,66.54318267375454,60.28071672706081,54.464610508239026
2026-07-30,56.442564416855795,44.95068172796835,37.8560861609215,40.23954491911005,42.82564856152683,39.9096730356407,40.20478883681871,27.256243404559616,52.11666487119677,36.73079292144089,30.6477722857825,24.074169292871744,12.248375298208865,22.327015459226857,37.6624500369024,37.67790851224019,50.17468136724527,66.82928204070802,64.43130180383835,81.21206729727186,75.71822476988594,80.35885135439547,65.54378897597101,54.68965176047714
2026-07-31,72.29915242738,62.179504496291116,60.878988332980995,52.974643987367095,51.355036411880185,56.52600600755313,52.29175739359076,35.29700918843353,46.096161498483184,35.66546644731626,32.068461878753794,28.229587287342085,14.993929270875702,20.14379366183916,32.27010651035067,31.81813657750492,47.305036044938504,63.65585177169668,74.13952088773232,84.83935992127269,90.99112688014422,88.8628708760155,80.01057976937473,67.75116138104333
2026-08-01,73.67854116972711,58.30583533051113,51.58716814466719,50.26187655959552,50.14300502702503,49.2283464713979,37.29816512823607,22.507723270444522,36.65348455486403,31.101242639546218,22.11831162129976,20.14234248193942,10.14276610479195,15.212372381949562,20.019501694192815,19.011496183355966,30.950892700587477,47.033732921623695,55.179511277201,86.66482785268315,96.21048732783005,93.49496800492825,65.11072677048898,53.44074252641509
2026-08-02,83.21225952516305,77.94007878869407,78.5818315749576,68.93515919602282,63.55428643606041,70.70460854235945,54.60409880030648,23.01169948698752,12.807784564196819,12.682936937810606,8.856780818331467,6.0948722973876865,4.515296490908496,9.372025837722019,14.952277781857974,13.08509910336684,23.0509825797956,42.26176880643503,62.89858538553768,76.76949976942521,88.24149670786348,88.10001633942406,76.80949676668541,69.98451219150542
2026-08-03,67.10960993994937,60.03456224180967,53.050544392547565,59.230566694334414,59.76634418539479,57.550684869083916,49.35102217782165,40.63007805563331,64.70213834474484,48.60994296688646,40.15558474714183,42.71328230082028,27.349756136484004,57.81253618484665,64.22044367389705,50.00155588592472,57.412610250580116,71.52284971414618,55.53526925532239,83.68543153755412,88.06821300122101,83.12879941722802,94.25127177124546,87.14478808962704
2026-08-04,73.94513991941588,74.78221781208553,64.34625194340437,64.28575023399993,67.86818104272827,67.91807394796167,51.36779377358142,34.093883228254356,48.5367310122189,46.073193790559216,48.89018901330377,39.98454597351872,24.11302853076652,49.31350331043374,48.890974839301585,45.17993243244406,45.99253659842929,66.8079209467275,63.703012737545386,79.13727522143354,97.69436020278224,88.62247642994859,76.19567472500479,65.23694377723213
2026-08-05,66.54066980399404,66.32945715062372,57.18583958902272,55.45569943870842,59.173894331943856,51.01062294891461,44.38351960554822,34.383689691930314,71.56847728284271,54.872950276777715,54.395485204436085,52.90571763885217,33.719411567146004,55.58836016576868,68.00316413825142,67.5654266587902,76.50887811150996,80.79428489649928,65.06525941396893,106.24582338404505,98.85155424799807,99.8179188076304,99.47104882910405,81.7603722757682
2026-08-06,66.97316000479967,66.5779040995317,62.606979406145776,59.06612485162271,60.913502055115565,60.558275584628575,59.603553185099976,43.46254072171786,76.01368357982093,66.52092378130989,60.563973632819305,61.12014948814776,39.05298430008508,65.02732287199404,78.06376559842374,87.61599143006991,87.74333708007913,90.0008106661434,83.14085074081385,92.37112609083147,93.99300312494626,90.61911364219912,87.18461467356481,81.03963442358027
2026-08-07,70.88702632799954,69.63439171438702,66.36561847448004,65.07425297991762,68.93722631629701,67.41812951770308,63.06184003776588,47.34700941632074,64.53028654570991,60.426472428270756,61.92293853918479,64.72125219207915,38.095755315437465,45.36998438116685,66.97420743370525,60.36288791290549,63.51057560606597,72.57434920356427,72.47417461575708,81.4482284171993,87.89212880133897,86.07054867403535,75.64937957189291,72.06654499508322
2026-08-08,82.26594016342082,80.19722123911616,75.2360329157068,71.93988460188847,73.82201282741052,77.65326472641793,68.76646489307866,46.928601113391544,46.635812892296705,45.66516756668259,40.74898789392881,39.417522920767915,25.834531282708998,39.29349768113398,47.117277616530366,43.13665581408309,58.226662784135904,73.38127347171537,80.98828035800987,96.98789498340675,101.82937362331114,96.51816852157964,81.55178896538398,79.09190543744805
2026-08-09,73.71739683208578,68.07963042510781,58.36687592794027,58.82334657899548,59.698504533751205,57.86902211517496,58.253886446189235,33.57151435038866,23.726415586080016,18.28172287301926,13.586117732231656,11.13858211033073,8.948925104210181,15.822933838739138,20.836354448728915,21.714856198694886,30.961144841408696,56.85216395867799,71.79776310003749,75.85122524212666,84.75161899542339,83.39361969316978,72.20234364149812,67.03429939876268
2026-08-10,60.8137489036654,57.518532630877544,52.9384898090571,52.69306412795633,53.951431275577335,57.193553411692996,55.29120157644592,40.33411046731898,63.9707697766037,54.98486091522605,52.652180101831725,47.96968558652814,32.00441848595732,43.05938005399595,50.36627875872092,50.62930764891652,53.0692493232902,89.81155334604124,97.35667671284142,101.16802939992122,108.71518612149359,107.95070949043705,90.99810617613171,81.10250878011169
2026-08-11,72.32006014190323,61.640494084627676,55.46264463456029,63.87333723050416,59.21855483895252,60.59637267195858,60.34071263677968,48.27000978004028,63.28047674215353,63.148948253447294,63.94679120776447,60.81764660289834,34.39675761627963,54.827528743552996,68.00424050909446,57.037673652874936,57.71606794829591,82.57748687184008,71.52032054403045,83.61133345334592,83.77993812993678,86.04382618644867,71.46840920067855,69.01578587196684
2026-08-12,73.00315920593331,68.43800077292994,63.73870390781507,60.44959636071115,59.31092573076768,63.951956876455995,61.29337483042059,39.47851650880433,64.47855050601497,61.59901413211725,55.987823335206265,70.24858403854027,41.25949784496073,68.06622476820873,83.4244969221457,61.393420986722575,59.6122590160345,74.95925789398804,72.3373951007901,80.86952926961723,86.45923922710399,86.75047883253282,69.6636171817813,67.65260138970088
2026-08-13,68.42695400554679,64.02658551960245,62.076482322342734,60.14273567572655,65.54521261850184,66.21746841496032,62.07119676633881,45.922391264209644,73.53721103271289,61.59564855126664,48.74439527636447,53.87680837358878,33.872941424389275,56.03760411884207,60.59125501505714,61.6933490535394,65.62369217163074,81.03710720752956,74.1490276378878,83.05113693183539,88.6202279180399,82.39372432985617,70.8476297256948,65.55956703464592
2026-08-14,58.60364870023955,52.90820729426566,50.59248303420093,53.66775753265204,53.93580077082015,54.870498992878254,58.132568350379415,41.37404373597474,61.13861887098032,62.475973310784276,55.76982110989995,51.311339797298984,29.552642826995463,39.332416324118086,61.89467171487869,53.477704713072406,56.34573860657441,68.77733564917745,64.86869123279729,79.46090033599185,80.00146919948882,76.39443848181335,67.06531266907857,55.42251011005963
2026-08-15,74.97162121731819,69.37363122676294,62.84014947782918,60.983217120574885,58.899716898553706,61.60552699810335,62.08454842360029,44.35167670952687,43.797516353869725,33.93886828263719,34.16473602927855,35.633477711750125,22.309778261657648,36.9191986559912,36.85662406504832,31.756886203120242,37.54136210118349,64.93986764692438,68.56006640886892,85.53875218396102,89.66727727926727,88.41823988956959,77.33407546668603,72.44334537439457
2026-08-16,65.79541070738627,55.83932474220272,46.350929213630586,47.453405804674155,46.94069016821065,47.94436850054473,45.190167025350846,26.276660421562926,12.471122749518088,7.595155622535699,6.216134656573174,5.298290868820721,4.237180034970611,6.573586961213918,8.325185197967292,10.151004382209907,15.842342782524977,35.88689989953312,49.96030901571808,77.35224078297233,83.3976422481946,76.10682996949566,61.70286581082549,52.81821619938756
2026-08-17,74.235145897448,63.394205976276005,59.65876617350671,61.028010489437186,57.83373331588153,57.848861904368555,54.42111106423226,41.095033364227625,76.55669749666384,74.31730681783293,57.613990696738085,64.84883657159897,42.27143793334425,66.93282392881736,85.11532687717212,65.90951277235563,60.869125197321594,80.1460173757406,64.59727571623132,83.3676460817453,90.15941322416036,89.7442477909198,75.38412848196387,63.79505085208381
2026-08-18,72.65562775305263,66.1992597838906,63.97075612552219,61.81084532380899,61.49424919880511,69.39390090243192,70.6740130924205,49.99970846991253,71.79468892032482,62.46711702772706,50.65115378932283,49.582063443835885,30.03239039080597,52.913011458346034,61.294621938673544,47.98598238503989,59.68029735020952,68.60104907864869,73.87090467837334,78.12993633185887,89.97483284423957,83.85988161654261,72.53904406681707,64.29395776432634
2026-08-19,78.77730586604889,72.51962807878178,67.8672769895947,67.41075404595065,65.47377434463438,70.2102499478195,68.13190842229093,48.41058488152197,59.86862275503348,54.390511706764606,51.92383964648943,51.58329324983884,31.60740193127272,53.43641572949562,60.27195621558706,58.63251498450149,63.9193376127728,68.54311557971248,76.01219895493877,89.2568432859275,95.27302237595231,91.27519433351878,79.29557177744634,71.83353909422631
2026-08-20,68.9369681125323,65.08623706916022,63.07959831676961,63.92279617627658,61.63293000146988,65.94484380121979,62.94972152611325,43.68591099610874,60.978216139274586,52.88389510600238,41.73100840361219,46.069653085908456,30.260210973669,44.32826412790428,55.85287177676019,51.501851259012184,61.45550477367838,73.90946748971507,73.05754154374748,86.26025165549686,87.78615717536933,86.07252701063325,70.88598651196718,70.15663869654433
2026-08-21,68.55552952145891,68.94777818390557,64.8848488890781,62.30732229084968,57.345484587719476,63.881742390401826,68.92496755201634,45.43373257530073,65.96701193060828,62.33979790749119,53.08973465457256,50.707165756712484,35.39541842238142,36.76394625169421,63.69350821125605,62.05978989977001,69.39897559925939,81.17365036853334,78.24096525523838,91.44122918518522,98.62649676651493,90.51084379771554,78.92656933025411,70.49515987264981
2026-08-22,78.94422843508659,79.15228994629683,77.74833069621626,73.4896718559199,69.40363508939153,77.89120243763205,77.1272953286481,47.54891771310979,49.79598779059036,39.64248453440313,32.10748489874552,31.679485582269827,21.593982890027245,31.65401516150019,35.61957191824781,35.99712780461285,54.867040963002474,82.50001299719727,88.81095504944103,100.43170805145829,101.79104951444297,98.03263455943987,82.95255340715023,78.86088315654487
2026-08-23,74.52006305486503,75.20970113056478,68.93473223413554,64.28566803682247,60.89070842462648,67.25895414937163,68.80004779523094,43.499538257675496,24.50024029299482,18.20470085569137,15.33172914973965,13.199876835415758,11.607352741771695,19.181332169510043,23.483385082132834,23.49326425258256,38.32272238429222,60.057850363104755,76.43527264985137,91.31360719236771,95.00191567432599,91.37026219045963,79.20048204384156,74.24925679739897
2026-08-24,57.15636519087349,56.31840810517195,49.542492209650945,45.71028883251933,42.34232862102983,48.52092564124147,54.640419876408586,46.40271030347535,73.2003834838065,57.11023019491996,46.531030868957785,48.261971106696315,31.825203758292893,45.88802540459408,54.281859544474884,57.52848318575574,70.18846098689835,88.53892222376635,90.56235088284222,99.52199387657264,100.6137315865446,97.09297004341562,76.70930567862322,69.44441386805887
2026-08-25,68.50882432614732,62.188225379455865,51.653496519857775,56.830566284571844,52.80294476725492,58.81050879549084,63.40381091901163,47.08601882273505,59.692806874722976,53.160080837012075,46.89667272258904,43.49053004045651,22.5008003983802,44.32342804467942,51.106696148930546,51.888546282241386,59.20974389427049,76.93878427237048,82.34462920578216,98.55678932921903,94.3113937738885,92.00675034708935,79.85415316224426,72.11303153356185
2026-08-26,75.94704680608478,70.29816276970008,61.73450452251349,58.07699593880213,58.419841960941035,61.31588879531808,65.33869363299867,44.454912927112545,61.493893186274974,55.46720146797261,55.63542914428458,66.29474918383995,42.21009772679641,62.03875592077294,70.93839540735914,66.67310186659661,64.50604083472925,85.54083640402888,71.61736494543797,90.88460848074168,91.40289487996509,87.48513277759682,77.73184741202947,74.67403917545782
2026-08-27,79.33595536812258,72.89845653910749,66.98359058785702,64.21122012239445,66.72809453561324,75.34380364886168,69.38369720863356,50.662230283515946,76.18848592604323,63.90514921336396,54.05928095105998,56.800947719765965,30.849471408824414,61.950392572543734,70.54657770741142,62.00279331535212,72.07887852208016,100.18922981935533,95.80531960002595,96.49760785600884,91.52029367207106,87.45639893528515,78.54885969983856,74.12660062216545
