_d,h00,h01,h02,h03,h04,h05,h06,h07,h08,h09,h10,h11,h12,h13,h14,h15,h16,h17,h18,h19,h20,h21,h22,h23
2022-01-01,79.5807387384408,80.56238615721279,70.72842590579387,65.47560902966245,67.15884512532995,67.96645553864619,65.43566203390354,64.97039258538197,68.36816251958976,77.6956535436079,79.58633653866018,79.05562319183719,65.82612418698444,73.78513054987144,82.03033580104615,81.31242033692723,89.13170873878698,97.60007631039964,106.9294323219989,109.1094090283103,100.17919748610642,104.31785467824386,96.75127672142723,81.19883923626227
2022-01-02,81.07948443953146,77.38956971298803,70.72656169857498,67.09397867367471,65.32222678681427,67.39879781686342,69.97384524818119,68.57205154245823,60.78770010198046,66.46492772788113,74.86392203088509,79.7857408793693,69.04047073480257,72.7388770811217,80.58576136276753,81.06760143211827,81.11425617340413,95.64404845633577,101.47974434443849,107.73279230306208,98.75908172430601,103.92298760085994,82.72384619699619,75.55024233695183
2022-01-03,72.78422609184177,66.8997328492875,60.90808562001534,56.57225462205761,54.8563819023822,58.27586794494352,59.707420459413704,65.46748363078312,85.54604727081659,88.4848778000267,88.47238528046134,98.30872088553046,83.3351812228808,80.99699819131642,90.7594482395283,90.09778222253648,91.31198642617981,100.14629902469623,100.45686159130848,84.8706223684846,87.91062319963847,83.09289925942018,76.33507207547272,77.69128542424475
2022-01-04,71.62756198706757,70.63689799340828,64.7962849514456,60.9683951207567,60.22215762913867,61.57427889993641,66.25978265111463,67.71185702919549,82.17955330180358,96.67776785880656,94.61145869580972,90.37046799744788,68.35783081859815,72.68746351383353,88.03189421645061,83.61066980898717,80.03250077695702,100.67144986284114,103.67102594775726,94.49847149437713,103.58678774797932,94.36633509581384,79.98911524108043,69.41589502086077
2022-01-05,74.45012299669258,72.27297953747401,72.89753896155088,68.62358243727162,67.01966263597917,71.39083945707877,77.46709655154783,80.25406662322192,95.55458432629766,94.86226166889243,96.55241732226816,97.32923566598643,82.38171944589132,83.44330235625236,93.00582948484555,92.2772816069958,94.2167161339595,102.70989240493864,104.82654003498439,96.77074866965017,94.87083052610501,88.82553047876307,81.80525638922379,78.14706960961006
2022-01-06,70.5810897953445,67.33557976437106,69.71209443748056,64.64076166045172,65.66152034350509,69.7116485975891,71.68457858296851,78.43554541672557,83.72947239797138,88.1615111620626,88.56563099031469,82.22528583090862,67.76069412959937,69.85812597302414,79.96588504383772,80.8090385945899,84.285339139783,92.7202630876314,93.78748447346786,83.67132286605096,85.31171266535411,87.8866769441456,76.85768659344947,66.83295039715269
2022-01-07,73.70130463468134,75.77477735312635,67.65779274354844,64.36857256908044,64.37443825547017,65.4489298641376,70.84800553013874,74.66611183081196,87.35331274412017,89.06633192864916,89.1752302643406,90.79517379790386,71.8522266829187,73.27772017949152,83.68479956968956,90.87176039894177,90.32620348601733,95.43924377571582,99.42546052555501,92.45827037203918,101.84131223699262,97.30269037431117,79.22877559212671,69.09840930225486
2022-01-08,83.58884348303346,75.75521486110294,70.25247074839633,63.09124852523569,64.14332209305618,69.17052342366765,83.14760161733422,77.93708904748159,84.5091648673151,90.3883446090279,92.35562150043182,97.83211348536322,77.34513667805628,79.57309382565084,76.30240970446494,85.44511355196279,87.90277169127944,90.89896334272568,94.96641264483158,83.7620737078458,90.16568074588814,87.44403828247972,76.71947502005085,62.430323268933265
2022-01-09,78.4781332720257,76.43528202048603,70.4571910089906,69.78064793855748,67.99086789141141,66.76168564686633,67.44996417868443,70.04667689498154,61.59940220372276,63.67032628069165,72.87262113702499,74.8962517213006,62.796601149065914,70.63971712998266,74.53076690138971,79.87203835332237,81.54856856074996,91.40004404555602,99.59003569605436,99.07048774562422,93.21422766774542,90.08380161127404,75.82683939046674,63.26884933652351
2022-01-10,73.90439582321329,70.22685056779571,63.93080761802426,62.812022193415714,61.87052872389854,61.91806509898052,60.89482435396998,74.15121984666845,92.25692357671663,98.65733382128067,97.25962461778943,92.29190252226194,75.57486773754611,80.64194676735173,91.61825021742578,89.89402695515227,87.27153540346261,96.14105858084774,99.8767288149341,83.9400787227728,83.42303012986673,82.72492372817983,68.9417882102774,54.37817464096726
2022-01-11,81.59145828864297,75.97757261482795,74.21841704320266,66.53647571601249,68.79386368100653,68.75972638569223,74.94758196735275,77.65516644276119,88.88886165582245,99.26434986938813,96.4467775825614,91.67323310722138,83.04382445155407,87.58506977242166,97.86349734186891,94.61937397734589,99.94666861660477,93.68660643390876,94.06541814890262,97.38900261504848,102.62251769480076,99.30303337102485,75.35717504707895,63.22471245481209
2022-01-12,70.89559718539668,69.72845724757316,63.716545498484706,58.74924461545621,59.08800256888858,58.42889473355054,60.744286540537594,65.74372593809122,79.15603232292878,96.06380669014841,95.51054764782494,86.4645149919982,78.15318668602714,74.80613091902305,89.08913648497197,90.19704665046038,87.59543907578922,86.77157270005104,84.67927652738967,76.5888763743128,95.73999997500671,87.35448074062637,79.37856443732669,62.85108772803105
2022-01-13,72.50445708120118,70.58995028260767,63.85206654240363,60.82866629754827,61.30940265249269,60.599858336648474,71.65254099676977,73.07201670647996,81.61176426849202,98.8040392219224,100.46219300294533,95.34645184341257,84.30932401743283,84.91290899761731,88.90937654632431,93.46342699326986,90.49822031944927,86.666160723897,83.70209388133166,76.96050389098251,90.31822539877567,86.36543939248426,72.76426229122931,58.65338965665737
2022-01-14,76.51875965712354,71.3299539687288,67.88581818694772,61.13629657383423,60.42408889384502,60.609551370476744,67.9668702735886,74.96803062860016,85.79728146683392,96.54488649158914,94.02988645585542,88.44204857124157,72.4241638102428,69.43104991964799,81.24272735783866,84.65535197355706,86.65516978298062,89.47210070118768,88.78622988193887,83.2289050064866,93.8861800489596,84.16276568300745,72.00106187320591,58.62709596756252
2022-01-15,80.02400190088014,80.56384457496398,71.86406032247889,62.11935554574335,60.291640591213614,59.166522292820304,66.00488479960524,68.76340335835046,82.83811512936394,91.03139254673309,92.70176536689448,90.14721156406276,75.79159516778257,80.23290842299227,82.28344775173593,87.37257863811244,86.81679949883213,87.16102001699657,92.65934157265248,89.37316708211173,90.78582803389531,93.43526044400424,83.54960864180369,66.2973505127604
2022-01-16,79.2356258534512,78.25399045629563,71.06564109816762,64.0521797747278,61.04787444731713,59.609268221160875,60.43116698753625,62.88719922061316,60.04892222865512,53.01321510650268,61.545579580895286,62.73355299311977,55.29306635336738,57.64657448039228,61.96431742207877,65.51300206291161,67.72136105868955,83.14360035056764,92.26840998700078,91.25240546151772,88.67866623061494,85.54915754417429,76.17248024244685,58.392314215588854
2022-01-17,77.62109598456037,73.64862886558878,69.97170274503962,62.73886871671235,57.479482348073425,62.27231652203451,71.53707315987444,79.04635022547791,91.16613290064832,89.12935505846295,89.16272035347224,82.77600587041596,69.95945437324235,69.43868016149906,77.65416286872352,80.04909856205533,86.3657150217159,99.07404544410929,100.65342881866712,93.85763901239905,92.02245327025005,90.52781387259759,75.68412276409533,55.215229773772414
2022-01-18,76.34031444784637,69.16823086420273,60.64646528718279,59.64210714449379,57.8086256340189,61.483013637682994,72.34553562190969,73.08274344257538,84.44731975799006,104.14460447232129,97.9503858372814,100.19879873464487,78.71946675033556,79.061141071065,88.47258212270165,93.33997016856661,96.3092997763586,93.00681301934762,90.78849219394006,79.10436688300247,89.01671022459094,84.59602513977244,69.76099221087573,50.986860164480156
2022-01-19,73.74214834995986,73.51353302030807,68.59240442622674,67.05971469263268,59.92257928463403,61.40756312036374,77.64723864963513,81.55082704013243,97.260637381287,101.59322612979821,101.4948824001216,96.76647426623735,84.0525934162072,81.42506772942508,92.16535219515963,95.12504248161164,96.66300896046974,93.35694304982323,90.2418886835023,88.97691260589677,93.98402195307801,87.42906688823739,75.37192377066762,58.85055838588325
2022-01-20,80.23565114317438,71.36842094959712,66.32817468698332,64.26721520470075,62.54434844342902,64.62273626912852,72.06418770151744,78.50885929045465,94.43114828596553,103.38858447585837,97.14716732067843,98.73783696498998,74.43767859050375,78.07295217314922,91.1219872577551,98.10325025689382,105.74498217101122,99.0204016254376,98.3322299390034,98.56769145362755,108.46331312991171,91.26224309408984,76.21146563505575,55.524996848513304
2022-01-21,79.41968799638101,79.41829607354657,68.3711039939593,65.29784318345634,61.22878448505397,63.679643567268045,74.82876821053108,74.92742809293864,90.16743236049125,89.35099409054455,89.54632937464274,93.34393460543319,86.12746722807016,87.80375369576402,104.95123411274142,99.67071992175357,104.73817806908613,96.47957587429647,96.90142107033998,89.20102136977589,97.90264007531273,94.65831995104674,83.89997888662643,81.07083280169877
2022-01-22,91.72520585727905,87.58054511408487,81.73627602609677,76.50757353256307,69.4094518039313,67.05658534386929,77.28425310304236,75.30449392351771,76.9923482066128,85.24782875576398,87.47260078069539,83.39195545399305,81.0887989614831,87.3333313608593,92.7064893758494,93.13844552461084,93.06817887120049,84.34126891420209,90.17498739457552,90.99446827888139,91.63061852043992,92.42285094177457,80.48365079655623,76.66240124206217
2022-01-23,97.26397941242375,93.07930080548832,84.25378319046706,87.95662569214275,80.10537770773425,78.22970655974946,83.07828102598134,82.50130317972969,72.85233875417269,74.273213122122,80.38537168650176,83.52903559919125,85.89903562352177,89.32479579496815,82.33751823895307,84.56995575796725,82.18741862412817,89.08070212748741,98.94111986206879,97.54301366751488,91.1759879737011,96.81473888081355,90.07897391071813,77.17743013753068
2022-01-24,97.24577815328108,85.66261231235157,81.33017756977591,82.37686664332823,77.39912814716088,78.72520915627835,95.09138072681262,106.77530185324798,93.82689290273531,101.85816313338435,101.4611273185658,101.37170087251812,94.32222534667022,89.4919150055158,92.0592680267536,90.13108107196004,102.20114867483396,104.3943399936158,107.03603036261929,80.91053189676478,84.27596294714482,94.76294106097195,87.99156391572099,75.97477451752107
2022-01-25,87.91656962001517,79.7682679120533,71.1596274261084,73.23552755472276,74.17118727017366,74.4078775745089,82.95742814274655,89.17144035977934,88.5231566996314,105.78722990004513,100.25331082924271,104.050697753185,90.56246454846556,86.23405518908095,95.72351898556015,97.27404084926609,95.69168841933157,96.72773126670049,95.10801035945025,83.89056343872798,91.45772245439146,88.80447239700155,82.34717758648802,65.80649911897491
2022-01-26,84.68443729959318,80.61911095506548,68.20490195318436,67.49134091501286,59.82183773602395,64.22237862358983,84.6040091367835,77.1265072505896,85.46837876218189,100.88222661926709,97.32631950160612,106.95222261908619,90.53053316966047,104.03786959138517,113.82711829318106,120.82622485485093,102.86453265105168,102.41447147082569,106.23520787671413,102.50990555598203,114.52455846580463,107.81788253631521,91.7281045281439,82.86910766379016
2022-01-27,80.14272793639158,84.86874620902765,73.30214163374974,70.41943856351001,65.5411963852129,68.48825829653497,79.03841018329277,91.18474316870378,91.374201510177,95.60942045041381,93.58024616154529,101.61061336858677,91.29467925684717,98.24912062813736,112.64392995266014,113.01522747050207,115.6464577492632,99.88081506531988,107.31991276881307,103.2378763090116,85.91262163835209,96.80137243082798,86.94758219387582,78.48739882536506
2022-01-28,99.47189045167343,96.09981890282494,100.80053418525361,101.65854730501692,87.43194326319987,94.0631444836426,111.54769700693029,117.17564334107038,99.99835695417782,92.76332778027673,88.00212347782163,95.87062982219435,97.3720035493468,101.46762635134087,102.8750201451543,99.46039179189776,107.91801123736238,101.73243440767328,106.99113276890463,105.51199813894468,107.43310902460289,112.71136139228129,98.8692538042601,90.70288259424422
2022-01-29,98.59234751709783,92.54781736284313,95.86268906690609,95.2122854038152,87.296584882405,86.43827405322895,90.97222747669092,91.65989291840555,77.42775811247647,79.26149658062907,82.77707672879949,83.3886579189756,84.22950129521402,91.56776997318407,84.4159050419823,74.07732194298791,78.27048695834269,89.32345268852472,95.17276330307475,88.3497771131983,95.13517723289787,107.42913075069652,100.00747717405052,90.91480249266209
2022-01-30,98.34068502824752,98.1975812428885,89.60554043722077,91.81709056132071,88.5663523740174,90.25850082151969,91.7902703293828,91.96096913851387,81.98266988654387,78.12007904927295,85.48751603813618,92.26030251103086,92.2830976990049,92.7639580357243,89.53330654298404,90.24943581657313,88.05749635878307,90.35310338152775,98.39805376653906,96.22293211064388,111.66691032415544,100.21627192720445,95.35130206702999,93.85550953711993
2022-01-31,92.60442470531909,82.81232448907603,84.50500593391529,85.16829517043568,82.89374787536485,85.01952664386866,91.33630240445291,98.96604095954686,107.18657323531248,104.49073787703757,109.3532889307553,112.14816487279478,109.01659140475752,105.50980496578458,103.43207459322987,103.17549768137901,98.82944625314762,99.76458845638243,108.37304246545511,102.44395853216335,101.55014827588295,104.36515580379363,108.46213056985049,109.96724090471974
2022-02-01,97.88856113200828,92.27049409815726,86.3028028128382,88.77779811512545,82.53248967734878,81.9421216519443,85.69918118809805,95.05426259677358,102.79606089330936,110.14295443773271,108.67053192232638,109.71946905206285,117.55527491800538,109.29477982842747,104.44960155131119,108.42121673481613,115.96367235517843,113.69027339001427,109.20954952025407,109.29893145016695,104.85993757703753,107.50557594125246,109.28118565001162,94.76927639163057
2022-02-02,108.32152670890058,102.74764143373157,90.92754976984946,94.43415765635169,83.86396831169408,87.92015891598786,94.15802021164282,102.01033102927104,125.07821561911534,126.59673482722461,122.35948828680516,137.44043218989933,133.11049457799538,126.89475404389874,120.35027695243333,121.041842715085,117.23978988528292,113.40729831155895,114.36726281611098,118.73811675100582,117.38935422069692,111.11836023848387,106.89098555546889,93.30312910016161
2022-02-03,99.45040549315105,95.65010642081491,83.03887257823486,71.87212399012196,72.12492356133463,72.60307197949874,78.3795924090978,84.15003830735772,103.14130552449345,115.763845338744,117.97746789848033,114.16530470365316,101.39415937995977,100.74510678365192,107.64584800075032,110.97326633431145,117.32424667059854,108.88713075126935,119.42763151827951,118.11790061136655,130.73231625558165,115.61828741164241,104.64408164966443,86.25021908685522
2022-02-04,92.17325180338587,94.38366332618851,74.08378514978828,70.82117811621838,70.116015118963,74.5274581678384,81.91837252566471,83.67137314946464,114.17359081526864,120.05297973835142,122.68218881634594,118.58384389145435,110.28714027085282,105.63102099945193,111.07674330052554,113.69505805513121,113.69893198379386,104.843552665015,117.58767429109798,118.83874054897105,120.2949312401081,112.34655575275984,97.63624524709155,90.44431824421038
2022-02-05,97.97754877832018,108.73997526825207,92.3787685038992,84.11903768437686,79.61881166268714,82.30308049995979,91.3828502888106,82.41943197443099,108.59524289450485,104.75006021500991,108.48961736167956,103.06627980499735,102.75103332429131,106.13151588905966,100.63148181441309,101.33129637542851,96.85557629864246,93.27098730831995,111.30352467973113,115.80464484660307,107.58594545349605,109.87896570633458,101.76550640115305,105.26550642459237
2022-02-06,113.18766368923575,122.62042766010498,114.04557095276883,110.33880911454779,102.08937582791167,104.0358774348612,105.86186401984571,100.67456307177073,97.41926795255978,78.0622390831617,88.79341129960338,84.98723280546147,80.57801032780657,86.24368102121564,87.2025508708123,87.3630214221631,101.4450047228049,99.66145780670121,114.35521989091714,119.07601324767904,111.91578357077714,118.47351031114005,103.37233047039447,83.30054861255493
2022-02-07,99.29369246332357,98.16917671758854,91.4490362355209,87.7476986772366,84.5807352568158,90.079699408387,90.72591550941249,99.23108547413769,113.9302735244536,115.45210838076362,113.65893806549536,99.70486735116795,93.14043942190416,92.07818337860736,105.47385344322596,104.31250587683701,111.05705877351767,116.94823915379177,115.64561678405984,111.48442761217473,106.92679898808386,109.67984156152659,98.59131887297404,78.70110967436946
2022-02-08,92.22990126157929,90.64375415455552,86.09678033122694,82.77581811850942,80.27306335484955,81.86750216902568,79.23544708600943,99.66628389782302,110.05261504247989,103.67372389041223,103.83433448249102,98.4732795678481,97.8740616190069,97.88710694554089,102.14239563638444,101.37037989795583,106.6566369710744,104.79919322196585,101.35154093893121,101.25711141137491,109.68188332976743,108.8005170941902,102.31666359067398,95.53053395747477
2022-02-09,92.75854689669806,87.05022789609247,75.25584515516296,68.97558588821467,66.76696924059381,72.79896605944388,90.16521057648185,91.03427013856404,109.87021189006569,118.5765899288552,115.19086347762193,120.01293436982219,115.23529577674567,109.85093391604524,104.77480847341803,103.35009979825513,113.46888901421822,107.8145484691699,102.8020259424224,106.16040507668978,116.9502579536049,107.79085225318788,105.16201687744613,102.1476998033025
2022-02-10,106.5071171046417,104.78974611792914,92.86235382162299,83.8777105943182,76.92453424674466,81.97362062351881,96.13306904857228,100.94587743609281,126.9808814586716,122.03257933531702,117.7247302243534,123.62203546749727,121.29656368528543,119.08426501250622,108.27999038045395,113.63738710466441,126.32842000282788,113.74212080293717,114.98576032096284,116.43256843062605,114.34390873776375,113.59428678243563,108.05702590266719,95.29716204667052
2022-02-11,109.69852124934805,100.14961568422484,84.93459518878201,80.10746611342303,77.05410713214073,78.92944865423343,80.19624778606715,95.00879327307223,114.4951535208973,116.19444570157225,107.62210712094118,105.12520403251948,103.33772945069703,98.10747210493417,104.18537712768826,106.34720144841654,111.15328973798235,107.87401506566998,115.76436559224727,112.3113314121845,119.00502391289602,120.92340718816983,121.90034924240096,100.74488875088963
2022-02-12,114.63657242934643,108.16102203763587,101.67863776282627,102.1329887306214,101.37643644795412,101.06302404446323,107.45605977423853,105.43527900266918,118.38243699679472,109.05995050888696,107.41663948738753,104.02449705404773,98.39906178499271,90.74946022702608,89.83546328575501,89.32190700202024,95.1067964148688,98.89421145344483,106.51848396760745,102.52100344442519,115.63904749289435,111.59525893681112,106.57824784999498,85.33154871208315
2022-02-13,101.9837462672056,98.53797974784885,88.69966633867989,92.05180499804018,91.10416678930012,90.66981596040871,92.01200820481804,80.82748045043837,81.58838603540646,63.4580311182291,75.57727275751301,75.26909069799434,79.54984337106396,80.19741324958837,79.81179588111247,81.72694264616797,83.79983416820669,94.12797733945935,102.30889006077804,96.73628929823397,103.75111651755633,100.97885755557294,96.47468675257119,92.12277460781796
2022-02-14,86.33533257771487,80.3760206854136,71.7280471748441,66.12165945174857,64.95844804015516,69.33584883500107,75.29480229115873,88.46920394186287,104.04247771892841,101.69546821265827,104.60508250749812,108.52612698142676,102.6262347847142,105.82366305735418,105.01899904626174,104.79364009978762,106.76957547341655,104.6305989214253,114.2050993519926,115.20417091740792,117.33586052671872,114.26630205600028,98.90594206258048,102.7456820992033
2022-02-15,101.42085836644179,92.0590593907662,89.5342685507981,85.54792889495722,80.94086819315058,83.65596374598498,88.86793804875846,92.38519456014822,109.93117608155598,117.12781666764803,113.20213024709759,106.71121306926398,113.647410823363,114.75632474493132,107.52238355541306,107.94557989571443,114.50573057766836,106.72055624138308,106.98751223045474,101.79365909457428,98.46707022279593,99.713719690648,104.22518759222068,93.1905705317939
2022-02-16,115.04546562732244,102.98152066915311,104.43101606210497,102.28230010977454,97.1451433533089,101.41070631193604,96.59256013811459,111.28034740267928,126.01800520685563,120.73399182893438,112.3141851076925,118.75934646982287,119.0932908842228,114.9030981221909,110.58452740387419,110.8889937970316,122.24571873566249,113.87360715233957,110.72490229828013,110.15736901646945,111.51463454759289,115.13722741194472,115.9103785745703,118.62147038879434
2022-02-17,107.20915856031189,102.11873348249938,99.97338468887564,103.32566125700825,98.30112837493938,102.83050785868386,108.22048269910717,116.99248964536427,116.92500019450486,117.43727760216846,111.07842800411032,115.87700418186701,109.36848017958522,113.03481933670861,112.1963186955405,109.36106834733714,116.9519945825059,115.74164486101252,108.74089543639411,109.38643949941091,116.17792406586398,117.85821558518379,113.11696216262328,106.09484291794544
2022-02-18,106.75255083090063,106.60589491576626,102.68912422495083,103.35986686538261,100.8530446717526,103.19106757751734,129.53669383982736,131.01313978717948,124.4088861984113,118.87997340040283,119.58438444577311,117.29765731814513,108.99970377054565,100.54084463691444,108.79649446811253,110.96853055708841,121.67135373132741,112.68230256122992,112.17064355836341,114.47260249952048,122.13773889016669,122.74038821708187,115.59056946178016,98.00278116150722
2022-02-19,108.25966706484584,105.27300725660093,101.89399060029555,94.7383154304545,99.18117091606942,100.57020112764334,100.9721905438945,98.71369416834624,106.74361041964387,107.0802600755142,110.28010428783246,104.14641677782227,105.28005525686507,97.50230116119407,92.16899127814307,92.01369463380888,86.4046749629764,96.97455142868033,104.31393862199181,101.60264683720384,106.76423502698594,107.68077980024489,104.42486054884861,97.37380523286241
2022-02-20,106.73874139382018,107.93270857060871,100.5526548659348,98.81540100989301,96.01031836372378,97.25356627573413,99.57734314987961,100.61496300851354,84.31139456165832,68.01747243346112,73.1792913038561,77.71414754334262,75.85051968801115,79.20269926108415,73.10265483124324,86.45308542790674,82.61580502027788,95.60984479988734,114.29613341793585,121.9113086333728,124.27249070091781,117.41076169433882,108.08692914373219,88.98978383196983
2022-02-21,100.40361692668907,96.94478602093142,84.65992740403597,87.42652035898384,80.68542072047869,86.64340532972511,85.43528523044135,103.69391900896804,124.02776856005161,95.93138343920012,91.55641571776374,97.12845795843552,105.54747870090802,103.29853296503491,91.40546193107137,92.8286821019601,99.0015891775892,108.06858430356017,115.31563443198718,112.92830797786488,123.73460928660785,126.55952062063675,108.91245526567165,104.1247170115327
2022-02-22,100.39020303124013,102.1512122612687,96.95581574068419,91.64329788645384,88.75277313543285,97.55859160931722,124.35884613376355,116.70819168765959,118.85601368650941,113.28556320857155,117.89252917617068,115.50977849577063,102.24255483917715,97.81194622251353,99.27741202285564,99.54563374494644,108.77167480408696,105.56495939778368,107.40119312686248,110.00925248626982,122.80947065399452,112.25366264498416,100.68093182565462,82.12013532345853
2022-02-23,106.50254359517143,106.29223272641333,106.35913200372157,99.89034040561367,95.11755128294122,102.13809338474614,113.422302328937,114.39241771265598,120.8873069101714,112.00212323811768,117.6658207650751,114.91049131037855,98.668788271993,94.39349791139769,101.81576457972139,104.34503656125213,116.1309882378067,108.21500000527563,113.31312784180733,117.31557740740533,118.11296518590288,119.45513353721016,106.48805831592237,85.27311173885664
2022-02-24,101.38768244573951,105.08011052368887,101.09120484730626,100.57192696174754,94.90214107309995,98.77107017075765,108.46343255948882,111.97593946710118,113.7481103490065,109.01579623481985,109.82726679085854,107.66923535745902,99.96737199550027,99.63896057260298,100.85200124066499,103.57569819481851,112.02256996898919,111.3968036637236,111.9174048713727,113.94947100583282,118.22224068448404,108.65413004168623,103.97504338913278,89.63695050724901
2022-02-25,90.80647135776645,86.38667246045262,80.08547960965474,75.82921210916483,77.14602827976441,79.22801918480194,85.61537865716086,84.96672924104999,97.4811724957666,102.93345199951034,104.02331616925854,100.89411808084033,91.53341319411584,81.29323483865387,86.04662868405245,85.77541285532443,84.60588507320911,93.96798149095841,95.90859862227931,88.13525897184489,90.8831906686326,99.07859334757826,104.24968482057756,93.64403572389647
2022-02-26,94.22512451836182,91.65302666877857,91.57720987658027,85.13731730481005,81.77569680364661,86.80076863410619,99.79763385367704,91.59802181259299,101.86497552193231,100.74935588168908,106.07308024876694,108.29022572777005,100.4282682749796,99.53565748682959,98.45965725260633,93.48166313274136,102.23436410565546,92.3475632072764,97.08701004722582,101.52625212528878,102.98815507190737,107.44481497290302,101.3998437157325,99.48647199442703
2022-02-27,107.69472418155635,96.73776366974255,95.59077041136025,92.69946268753138,92.20416331521159,91.19979694175353,100.72871612580143,90.21794937778772,76.39804517991345,70.49699333662187,79.68108254403602,79.50132313826622,77.1312258524593,74.67376256050909,78.10014439700034,78.33516231690515,81.76113599348446,87.75176087775513,99.31138973967869,106.23902690722747,98.61575975452831,98.91960892125279,93.77897880905208,86.47600530043502
2022-02-28,93.83799171139631,80.63190200443354,74.06188557964671,74.62127298668638,72.50161487564031,76.8154414105621,87.14388577407946,87.22920305293925,108.40139025108583,102.92863931301478,103.6711593758434,101.90302007895032,93.06038641628965,94.18756942634039,98.05175713849259,99.13169275654413,105.10852720569721,107.79036240847775,110.63687551154614,101.57621403523198,104.26251425471821,94.71715013286459,89.67893629088897,89.21153027984559
2022-03-01,90.84475356928,86.43051098324705,84.1659447588097,82.3712156662428,78.88126681209891,84.57185278167258,96.1278419690188,93.14219516013777,112.80090878668275,116.08270460258977,113.63073381797464,114.10960239729759,104.52571871339711,102.53758371474642,105.131329585964,103.83777350251053,118.6334093969513,104.42335482261132,105.4354979003121,100.05806629255291,100.98587188295957,103.70600193964259,97.6878611662664,92.39889872623367
2022-03-02,97.55907612999174,95.92684269222224,97.47471416272808,92.5200209482531,88.42183749139826,90.51774094526921,101.03848179662423,101.23916018970597,117.6998286660377,122.55451081190745,121.69654566820837,123.24555765270507,115.26201359740378,111.30934240749438,115.26091521922558,118.96874930619323,124.12764175244905,112.59395760637491,107.86567155553682,106.16313452595416,102.38747185215735,102.0680379732581,97.41397807050723,96.34681681905043
2022-03-03,95.03978675081545,97.50137656525222,100.76992272897651,96.60373552630665,89.11348074538905,93.17630100030895,94.91427218337469,104.90558859345701,114.82474044940591,118.78272216230502,114.34467096468585,113.99139833258823,106.57484144214719,108.16308673502172,104.02037143736396,104.88833795722934,105.77227424808407,104.95813625339429,103.69836523727118,99.6745427367992,100.1739590710451,100.93949401697543,101.77315227246397,104.34258918497929
2022-03-04,109.13531782359179,104.58877340467187,106.46152361968684,100.4592757967714,95.65597779903563,99.43075530949339,113.22641125925747,128.03319357619418,133.10616706287357,128.7985796193383,122.94787348121386,132.09819703267107,122.22844596667481,111.17556394089138,117.29751183123429,121.9034740310539,129.69582172356795,118.08817363371517,119.87257224696208,120.38773978980772,106.25571948352545,116.78794232852357,119.45905962700031,121.54169073463191
2022-03-05,126.0874716866697,118.09362371374105,119.19429865346963,117.75046571287183,111.35362605173641,111.42108475240062,110.35114228143061,114.27840020545892,116.34280113170158,115.86275150135769,112.23039972275113,115.29493334448377,109.5996451530752,107.95558843059146,102.56459935085361,100.34491899706508,102.11406141185167,108.24458274263591,117.61423199224036,118.36227609779263,118.19203294894533,122.84976370860934,114.85362300089731,101.36666135612627
2022-03-06,116.42305403084784,104.24087445080909,103.95768537704798,106.83532023844111,103.77111209290682,105.32166462505903,111.81550195938154,104.63193092259634,88.5369235887667,79.94124117975778,87.35225680085168,90.74452167140663,83.55963000541342,92.36643568164332,87.91660213871755,88.83310883209653,90.0596647511322,100.85294563361025,111.79126329833284,116.97864005543175,117.0267658287888,119.10199723929551,116.82985176257733,102.62164875203328
2022-03-07,109.92720695510852,98.93554972702022,90.40313021559514,93.368032997063,89.6098216105013,90.08402987160149,93.07528665653355,111.52278869484343,115.36313237227571,123.82415408738389,127.1571732208243,133.40366766734354,123.34246058176113,120.77762743444988,120.08517739867942,120.14797953434751,115.64606968811508,116.46107462184227,119.5142886476745,119.76143079151127,122.4477304814566,116.89177356200412,112.38837180266464,108.25996121175704
2022-03-08,116.2768433614913,114.08968039606978,113.29103704151781,109.0709417168989,103.1244846786267,104.34397971973388,114.18777814918423,119.24473335658845,120.97568339397758,128.64653524023637,126.48644732262773,126.43992275145575,114.50181881060854,111.89122058291288,114.53460289139464,120.31479236294483,119.66907939831772,114.58869860890123,117.06785416182517,117.04706022814177,112.23181436311627,118.8943446084495,113.6164726944884,93.12763395670777
2022-03-09,109.13163031204466,108.21347959150808,100.10637811074777,96.41179806950052,96.82329423896185,97.98909543145075,107.28786292596337,107.65675524190596,125.55250964441034,132.14074631719984,126.51454237491008,129.44045147434377,121.92746807148629,114.10505821203876,119.08659954558665,119.79623282517552,120.3827339377847,116.14755417939404,115.1406308149846,112.38071584950238,116.19960374367619,115.39759008689137,116.59874006901853,101.84751870341506
2022-03-10,111.64570524227726,104.57544515871037,91.71170923222425,83.22675169301814,82.63608289035201,86.64257743456524,100.75222590692253,107.59429426971258,118.04731245279763,123.47507147610342,124.05755216985963,131.78815979396504,110.86850676150112,111.58151429897373,116.37463720493244,118.27898366933753,114.63552656663086,121.19704846798086,119.6448899710261,121.90760817486314,118.65119845004502,115.26540031573374,107.90897837173495,100.71763806628483
2022-03-11,105.19878643698623,105.30430284521631,96.66230469126336,93.73912768184991,93.63245159143703,98.33380449049673,102.71452974614205,108.23862742509884,118.25128793306283,128.739924280897,126.15884744678718,124.37879114594536,109.8616903513543,105.59478524002577,117.5868935226084,118.34203762253271,123.96921010116488,117.6659920337434,121.43661115495486,119.92377878765281,124.51673948633916,122.53737459801174,120.25604525401313,107.65015540186745
2022-03-12,110.60140657077608,102.3546839495918,96.88705592190294,89.64598116424304,90.3129660086751,90.71849055364126,94.48643514769556,87.0401033160594,102.15982628301154,113.06889872603142,112.38210068300906,112.72759339044883,94.91895987155705,96.62419306790667,104.72401432933438,104.39412850298487,98.64539627860715,106.80244279792535,116.23352672400001,121.61106033871893,124.04071729518526,117.68527154501766,104.7720780938841,97.64147526025837
2022-03-13,115.53731079449815,112.69462166417688,104.0128537107838,103.63556892813759,99.32012757923395,99.0547523770822,103.69676418463233,95.28917773439845,85.31520112001905,80.50702424964744,90.10715430782973,93.15698150771256,87.12644028451463,92.52523428515401,90.18896509363594,90.74872127597426,94.88779228669259,101.55606890308358,115.29200600208623,122.02520691990634,122.9152159118112,122.96307421696682,122.15006775089084,101.0084613959265
2022-03-14,111.59814629196407,102.22240661563838,93.11385009137106,92.90389395307565,92.96649297846515,96.07349646451873,105.0239566246987,110.73493402861001,124.51871132317923,124.0653356715908,124.18981495766013,123.81132697919085,111.15318146648565,114.35788415446719,122.57332706087598,121.54644851703367,122.35329153439146,124.93106794225253,126.7157309214385,121.66854988171785,118.34300628198957,112.63546626673502,116.40196118168681,112.06779752908459
2022-03-15,110.39369946562262,111.41575945976358,108.036012529592,109.84982333307873,102.32561997366264,105.44298827036175,101.12306549105978,119.59473371883077,119.85467192666913,119.43837187217096,117.88695456835214,118.19664985397128,110.91047193466606,112.27236102675273,113.41396241110513,110.73903866090076,107.90763608575939,114.85169854516086,121.98949752469166,122.2706420325468,118.57814812874196,125.10308719388513,127.7623724737236,116.61600037846351
2022-03-16,116.64582844631369,114.38992826084052,118.06964351705064,113.43427063996042,105.44920064620072,111.28778016299502,112.16652904587546,117.88775616112086,126.51107370243528,121.01750900216079,114.4344984200909,121.4080226173033,121.93641723338541,124.77151871179119,122.17226187911703,118.09294098898454,135.2729044312385,123.60459290338095,122.65720571129168,121.36010854655638,124.45601218452767,123.21120779531006,128.2442510566009,119.54843725253252
2022-03-17,113.33508004875338,112.85166451119015,121.65114075927275,124.9228502111037,120.31450130606815,120.09288471430193,128.26613921542616,117.03138513193116,110.89150102238084,122.911175346711,117.03070260707909,119.52238409781839,106.03788895920785,106.20089921249055,114.63889120751874,112.57185873488841,135.68965680951678,123.77344949752873,121.50573288414245,117.94505035817795,128.598529532073,133.1111126215188,126.03968449830496,103.88553490758727
2022-03-18,104.10525836670587,111.41052275238059,98.26924198140938,103.56356261287627,97.74939341201295,99.55839657034153,105.01006381914056,112.7598787000381,115.12543014394745,134.59546761553935,128.7418175457658,137.4469995223603,131.48918810112724,124.34901705662439,134.0400024967226,126.73400403414284,137.12235587729944,128.40452375560804,120.5144176552342,114.48732709560714,126.65236879973546,133.95740203645505,138.96751308277177,124.90153572033503
2022-03-19,112.0656894546169,115.43397951079932,108.2080318409294,107.72212051081901,106.43324178928316,106.75436921514165,113.59057420011645,110.24095516940004,108.71617565354441,116.01103586625919,119.61545549525793,121.5061617144186,117.11866245079021,119.08144017145689,113.2134186174731,108.94074257672334,108.38794589918092,108.1119851027091,111.04872410378059,110.27111444757466,119.76142326400918,122.89053896417866,117.36895178605792,108.8894659694206
2022-03-20,114.83951766259663,112.52810345203228,100.72759940953526,102.81368732109146,102.70063207334073,102.81810454559961,110.04286720112317,105.40942797485205,86.2928688324571,82.50072999498762,93.76458211793299,99.79347588550249,98.8689849536228,102.42047321820922,94.08603185691443,94.92911461111585,98.04351774626574,102.71325421170161,114.24706663802337,115.51162081548084,116.65694264622917,122.51581973772964,120.70601561384964,117.89555858168957
2022-03-21,105.75063197289786,96.55836954065192,90.70719800285433,94.7836011415305,91.13259396603722,97.55317142041505,110.51937195943579,128.08658331549225,118.77146294071964,117.73732477908865,120.45783192550019,114.47719350441956,121.40691726014728,119.28724706005151,113.79935691478727,114.73110046398212,111.23058698549275,112.95041371203571,119.24091723783593,124.63694079652598,122.16154331719244,123.19627431272896,127.05310024036062,134.0067520308737
2022-03-22,118.70958645526423,114.26439634981205,107.66628742918355,102.34826097539002,101.6182764377439,103.81989395491031,121.64608167338675,119.070186391648,137.35351983558047,121.89738198119072,121.76875824553908,123.06765380106715,115.16071958868996,119.99690908925378,118.1541895099359,118.98269273128224,122.00751073603979,115.26269641669187,118.89868217136309,119.15665141053557,123.26971106549098,125.75404593572013,123.09067735825779,114.13678451326119
2022-03-23,116.7746335806467,113.80291421047706,121.78919704279276,112.0870317494636,108.91249770926392,111.97080699967098,108.22536692425477,108.55984712656321,128.90164126299388,118.38099747796365,123.53963259715948,123.83543136662517,114.05224429281905,116.93290592282446,119.86400256672432,119.96946403730654,128.14014230332626,117.78315799688141,123.54487938500974,127.21117360449065,124.94084401195995,117.55864296045074,116.96479899226996,102.75079172853451
2022-03-24,114.00232237184683,114.70103395443459,125.43247864427077,114.42838254855963,109.02346037600333,110.56805604510438,109.94596337443156,116.07054050015444,123.73978081840241,107.81134377748268,114.90245811315613,113.78606066013762,107.84179651711358,109.11736403279093,111.33252368445817,108.05849166466241,110.60533602113054,111.18176360213627,111.82868025860688,118.18337735398569,111.34281454763706,107.7149419874295,110.0948195036921,106.11170244428101
2022-03-25,122.18528048159408,119.76647755179766,135.732229866799,127.35384504418994,122.4343556074384,122.12246979080734,124.69297275992402,134.45357423874415,124.65739397053777,112.82287300777418,114.35400759051329,112.68844989609728,108.30003973817422,104.71438665979669,111.14556327548141,110.42414915659558,125.5488094703212,115.20779777300694,114.09445080659519,110.93474394164188,115.42187115250495,111.26432939743778,117.85144194533194,127.99112963495038
2022-03-26,117.64789599123921,115.95399608524141,115.19487046130666,121.32478784015142,114.01418046386182,115.7314665524417,109.68334652554057,111.70329298060366,109.77406481311142,105.31576589881715,106.83855016983809,110.09707502731462,115.20494411722053,116.65095161877755,110.20156639137818,105.78860109404665,105.66009522489882,108.36214999263011,115.54534043798475,112.09355779295106,123.35981680950549,121.6824938839779,119.5903642554371,118.97848076253943
2022-03-27,130.03559308639137,129.0946024105945,132.3290739757193,133.48457795290503,128.40673961593865,128.06056639558162,126.22046856088063,129.3338314460309,96.03847879822172,82.65778502194316,88.55025440835034,100.7229476277168,107.1989903086151,114.29126053696963,102.63666229650538,101.56893760053555,107.14761210819437,105.97617376108433,116.71496462809581,117.35733308015246,121.05548140088612,125.52687821503925,129.1281924686569,139.4214433198229
2022-03-28,126.14679431010401,120.45789283390921,121.65312410182739,129.3599756951018,122.9745910454593,126.73347333290968,122.05639515305558,131.48457164136724,134.54864660270408,121.58556880778423,117.57160360392425,122.70888273462731,113.90576074670146,117.00590465196706,115.33951173909398,114.47549754275587,121.08592172616322,120.88962759528621,130.57618682052,115.18768929896423,112.68461189107101,107.51988483166326,112.86796289665344,126.7573948548477
2022-03-29,123.30731770213978,122.56376843376856,129.1541330178486,140.83953763858062,134.96153432630547,144.28056908854913,148.1261498634015,143.82503299584414,143.15405356464655,125.16524586313662,120.34716679334022,120.9897300570465,133.52038594258943,133.02849968708387,136.19382826994547,132.72658487832956,137.2265647923145,123.16921705593408,124.80866339148896,117.4115157324379,126.48173242308955,131.12676564836565,125.47529567299362,130.06858629469005
2022-03-30,114.77426192302946,109.37920973641603,118.98300742412874,120.85490352821327,119.42576332546902,113.52482472804634,112.31134731060408,118.97948494476866,118.50321526372315,110.27986340248972,110.91333582139751,112.88333741738971,119.1215981660692,125.93830806871023,119.95578690816394,117.07544888752861,117.6905907408785,113.88164454751924,117.41743919895443,110.33816902416379,124.78090044736963,130.40117644843127,133.13081534172545,151.26147243700936
2022-03-31,121.22848200071063,124.66461405013608,125.5466948747968,126.51689303668367,125.41238498853325,130.90608203745074,124.84744372557822,124.82665645616503,133.83197365722154,120.78723651612339,120.85995031538624,119.41376302603643,121.12829755256523,119.73819158272569,117.86371875504543,119.68108671870202,124.17424608514074,117.1796551603168,119.58758961114269,120.9579547745299,122.96738195635797,125.83390173500091,126.85845121503363,127.93736622610038
2022-04-01,114.50950594311664,107.53959504544167,102.40636348629339,104.70324581859236,110.42502944538379,113.3170123768494,116.22393878986801,111.04650745438272,117.02882207955517,118.1190348040511,118.00135413947092,109.35326499561184,95.81192239210388,91.50157711010421,103.69453565935501,107.35773930547201,112.64090107442009,111.72382215331625,116.03047060429547,110.88593325747397,108.57393482433595,111.45205153796596,104.55023195708733,101.02254218747677
2022-04-02,114.70324120972883,107.79416466640474,107.2014737998102,99.08741415486708,96.6925867460212,103.16173573646462,108.83785483611888,105.59503190282966,115.9904405535888,116.75145480412579,117.83716371872306,112.69939172634548,77.79488996023285,86.53832433239705,95.6361874042564,96.181036845842,94.86242530034805,116.63491190374306,130.05849300870463,137.05660412472113,139.86437426207175,132.03146197580838,108.6388407705331,120.02327269189874
2022-04-03,102.95259827784659,92.97052134603892,65.45912984942804,62.705416681928966,61.38685077206258,63.760726566112254,62.38992242189172,65.03728316108351,87.10893128034047,74.32616485686854,72.57636657998354,74.73414574558878,66.05043125828787,74.69670005473864,78.55204942030208,92.46244710193815,91.16202213469758,107.96083125225054,157.21003315772208,194.96884730878628,185.48736399707235,185.81217207165994,130.8139034198352,114.70585107350301
2022-04-04,36.72495932226854,9.994837535389012,2.464573255420452,2.689813392249989,2.563703089061893,1.757618957679825,0.4677264402249837,0.28281397123437496,-0.7962339189522183,-0.10667589849789168,-0.47064986470097614,-0.750612556273812,0.0098673346231024,-1.024968042159207,-0.9937614266785417,0.584475002212454,0.9413851823440311,7.945835520445934,36.66871376799597,120.46950994106648,81.3445362367254,83.5972323663094,55.41327807696722,34.56795860802543
2022-04-05,116.61200027749562,102.19480686169702,106.66081560196373,166.2260379547084,119.62709870350503,108.4159029070753,239.70254234752082,182.6305965807285,117.41501816219044,265.57595002210286,194.03845329112448,157.40284054192986,101.73987646140095,154.10076882126302,90.11247722745517,68.90483100802446,131.26318414350905,117.91582299169646,81.51625998007552,78.68310688732161,106.55542152116219,52.51684366365074,45.24225570923236,19.38248569104187
2022-04-06,116.40323555229752,84.4132038071215,59.92903134159855,61.29130649741697,60.854943581166545,59.83551351126842,53.57302158552058,50.659545876290885,32.68699343046857,42.73751927128268,77.69378199807616,76.89486020359566,29.412882235113113,25.935438358474343,50.015277517116616,76.97399489128922,76.54118295753602,83.32844300031218,81.36602280825194,74.12192709137841,98.51505866675505,83.10441850675123,90.40461156752669,96.11716634351671
2022-04-07,126.63024642791163,120.52357335737817,118.42971625238414,126.15082482864645,113.46202582551037,122.65033999728264,104.80947887640662,113.90964248595222,138.28637210729414,135.4712771014133,155.47942245337637,145.7676714711728,109.71050723500397,114.1913532739727,146.6527561099763,155.2884291274007,151.91223598147388,149.51276978382774,164.7387217519012,162.28302617361786,173.34635040843398,158.71855221716996,134.68535437631564,95.26162670356052
2022-04-08,112.48944684233108,113.25364295649112,87.17165284772355,88.98773563634519,96.78104536713975,87.88506265930388,86.13256123883887,86.56424575470032,99.74921997949778,140.36044147136363,123.56862314029449,113.43978152149583,103.60589732881954,78.42827291952365,95.44443433188154,114.22927870731858,119.37911072389976,140.94330927697163,147.11775552189812,146.9449287110019,159.5366277972031,157.23914503047263,133.69523611324237,129.49342409071505
2022-04-09,133.89869252492085,113.10998768114769,100.08095008228358,99.69439328464298,106.05250318831737,96.82665986748674,82.82619678997949,95.0451615901427,111.88399505844008,131.0300339409723,124.58859471769107,121.3226476404362,80.1057603135527,87.41890858879297,122.69688755487118,126.19899439250165,124.6839972285336,133.6403896817559,160.97010693622528,156.99032743652342,152.93845077931792,158.02150502365419,130.80827656143722,97.5828763651317
2022-04-10,107.87747515102076,98.50850294355124,81.86744835232653,100.10192770888219,106.73635157937876,100.42142808011548,41.08095159090514,32.07610048902559,52.48198006617352,26.800824250836932,38.77915682920945,50.624489455364355,40.83347879952189,37.24205617636805,47.70048205239682,66.17565713804359,28.745872441632436,83.41436790970272,100.44229636280286,118.08309599130936,115.11327189354634,115.52296197278864,97.96089676007335,56.74482594214894
2022-04-11,27.137259069083257,24.775857938786114,24.24199465230093,38.00104928806844,43.66661941245884,38.60547152910285,38.60449409991083,34.19590988100174,39.219879631758715,35.50274930531621,43.05364479961553,44.46789334151394,48.73215130827416,44.84276543821352,54.027537283314324,51.60446456753467,60.89536364042067,83.8520886209442,76.55438655211937,77.44951073407601,81.90098631413994,66.16359507212515,62.197369345740974,120.75672252106948
2022-04-12,73.60641581447236,53.79375676952424,82.43738801522716,95.35376750698349,92.78837497574916,109.54802598953344,71.5893970250906,50.5702057996987,108.4434652218552,158.44950251991722,145.67979795336382,122.11415809310725,130.4420729480301,189.70425629000675,183.21892283680253,133.39291067263684,137.8128134451076,104.48970883575946,99.43779538458865,74.2941396847946,110.63033807785435,80.3307244110987,80.7603783701311,97.3467953108903
2022-04-13,130.97310622715582,110.27142556526607,118.16908595446043,132.01967041754008,132.8967791713024,127.88479232399241,134.71546217856894,103.82333476015245,83.63458468578963,95.95275212670396,86.961314563816,74.08350475689144,84.97339858700985,73.7424039710185,60.697820069678215,70.46516239874788,82.42571262286411,116.38526820258225,137.56535663954975,124.70808885200002,164.01229960791824,190.53399048363605,113.64264591585592,105.66601026968351
2022-04-14,169.14650431818905,142.57996408590574,117.55992156124829,141.49044008491128,129.57152022179952,123.4610557924545,95.49531935790952,111.48619796197933,155.5240170792203,131.7453111817382,137.58083228709734,111.52668060329978,96.83436140526696,91.767898125953,108.99793042504476,125.70771227494508,145.1357923474574,149.26607816161587,177.7081564362027,169.6819013221852,194.28423303069115,197.46436601780886,175.56737824840806,170.8138567263957
2022-04-15,142.98025365958623,141.56125120890377,116.11072863164837,127.0055291311415,124.40802071770128,111.65668216446453,87.75229677361077,97.69421177919077,130.77824408568927,124.52485920081197,123.14970347280494,130.2963131363861,97.89445388994974,102.2655532359525,113.20777655896352,127.4488383635433,129.95938789871272,142.4480733174313,163.1053130505142,152.9488378374065,156.6277357136399,152.3468103911759,141.93805553855694,116.83564737951703
2022-04-16,135.58760792729746,136.6978773893416,138.5509111662494,143.04371572939598,152.09937376270946,140.76467370304675,98.1836024979739,89.2317663119423,122.19472796877376,101.34825684888028,99.17632615340088,105.28115388117722,76.71972827758708,107.06261632395554,99.58604453256996,96.61908213222567,105.33542104569636,119.12117541086569,140.2197773473512,137.32368262579408,143.88181327916027,146.66578063232527,123.65797624883616,100.54489409373798
2022-04-17,51.96490287014694,28.535722360235816,28.549844529955283,37.53751304758601,47.01423837364433,26.872614833513015,12.138415279543802,9.434509875705032,6.5211168810462175,4.671617214361186,5.0765074783265005,4.452714367573476,3.931804359145037,3.8066074726901955,6.062897937646758,5.4323756245654895,5.8961861344180795,9.414004087788046,27.708048711984585,41.79366474433369,70.89484011648989,62.992786885966936,26.579150221437686,8.977315415531933
2022-04-18,137.77800818079118,131.56846887005509,109.48745406196252,129.25435150228918,122.75817230522094,131.00826884715576,105.87131029626907,114.13625610057873,189.19860753774194,239.23885773569324,276.91138598581404,264.1021105981303,176.0459550503362,207.63925496699,238.21102254507085,220.95705783184027,212.01454898132025,204.2356332659488,177.22795361868472,166.32371076567298,173.50870251639864,174.2893724373693,154.47565700869345,137.64111752821069
2022-04-19,156.15457984344533,159.2186233385289,113.71593232439648,134.42627641240682,128.14336725872982,122.20427763882886,96.12339272533741,114.99462664008344,173.11369455980045,184.40573484688713,203.2929002375222,204.71856260730198,158.85215519796702,189.26368563116822,200.78349732960822,196.17992047433498,185.99884282506932,175.51707423578947,188.68778430985788,184.44296234549944,192.5709519415725,173.8370123900287,176.17229824274688,147.87110375810067
2022-04-20,153.89394092463928,146.02598960520808,129.32262370475374,125.83732895406507,136.4607542494073,127.24315226975102,103.25003713597768,113.41583506004439,176.98469148516506,185.09841408666557,162.07356335993998,163.49104219283663,141.90315931786085,140.65540478922634,144.5173302410456,147.67012960266072,144.07126893668678,155.76479912501483,164.54867050067622,162.40745952279696,160.78928620785652,168.16058291136798,161.4958054454719,132.56898611747596
2022-04-21,175.87207280126995,157.04865618451564,139.7715257992377,150.8486172377498,147.667196978052,139.56356663636586,120.49632747285841,117.0443888147993,157.7444751353466,135.19450937244696,138.74425365123918,144.37919980641928,130.79412695015566,137.31269887132058,145.26826336347918,139.35483655638362,166.48057796865973,160.17986154454078,165.84508208542195,170.36153812467273,178.99134977261764,172.89163466308827,163.90934101101453,140.11197633359774
2022-04-22,166.24178432406498,164.79707157935957,143.3024528056726,147.68551702839548,149.9214836125576,148.86548907281042,131.42708126787878,128.14583066652776,152.51826150139206,149.91969047506265,138.18923215627092,141.18437121906848,129.33332594630303,126.03946244634871,142.99647776866897,147.7931854400507,165.6282381255761,172.9243575683926,182.03045249157435,184.33319210357467,175.5704718373361,183.28394687347193,177.78839972551097,174.2719660618645
2022-04-23,173.9310906743544,147.98553088432206,129.23098151875578,136.4570928191429,145.79916409407696,135.87685597826984,100.67166082467445,98.22573185360054,101.82580343232617,87.00943760774959,95.89294013616625,95.48129856878947,71.55710988023432,87.04467018080386,101.39728709814501,97.14415783421576,113.05477328195319,140.74394759610723,167.73151761812795,178.8135049588964,179.2803631592714,185.06666565186077,162.4780459242195,157.56349235334207
2022-04-24,182.5898266753729,162.8324539652207,143.5682653264889,146.386501722221,142.55230987892685,139.7445127477797,89.79621470052932,92.3981688374695,98.77683044248737,67.4951360765622,82.4972803671704,94.4335865261031,68.47231409717087,76.940582671583,86.58407378785925,95.6889080095531,116.41884131491656,153.38260143711102,202.63794342012736,201.54405766511093,190.20820513256857,186.60973747961663,169.4019566192982,129.54288519465152
2022-04-25,170.5562932030534,164.97100096472676,138.39757809847313,161.56990048019475,158.88467758901234,152.01164832208505,120.22344427762914,122.30025088124246,196.2868957220955,144.64493326325805,172.16736267233495,186.80395502271682,150.4448591525194,158.56713051135145,186.68971760137322,181.8597817193072,218.5991594482553,210.6499320466975,186.997728818016,194.18681361934912,187.2194458165365,186.92573217202087,163.28938346634982,166.92518538375094
2022-04-26,178.18862639081019,167.47075231398475,151.29497819007494,173.12868049722525,179.39883622024658,178.67457722822712,151.42676247903262,126.89419274966754,181.13292889077212,201.17331800365324,178.87984456186646,194.87645221003464,136.48655098608,144.22204875419197,170.85339957541814,159.4484740670419,173.62177762395729,197.7675015177349,192.23479632551854,179.9797457166976,184.25094634690106,182.44725752765171,165.18483170294016,148.3926985988073
2022-04-27,158.604484562028,142.68119740299167,121.30594322752003,119.42371939856592,125.19730094395989,124.33118787495742,114.01319901257362,107.2382274241087,138.8909569161732,167.0615051091179,156.62156734311299,152.1771778468096,125.64940170928307,115.70774112868666,134.1995620910782,129.58934627839523,140.7591299304138,154.81810266800565,168.1024535786126,173.10527701622195,165.63479053572925,163.9706599400825,165.32811491295664,147.21047836888084
2022-04-28,154.24760853824415,135.15360474222055,111.94295360995937,115.93810486214156,115.87804676476537,105.69530595960049,84.42150468226437,84.36125480400419,108.5547349346639,113.75081076062975,108.83291948133575,101.52547465196878,95.32482886352459,93.0411036005097,100.1394771706963,105.03673219438339,112.72336703774172,135.328151250041,157.51555881879642,163.5953956458731,163.5952386564281,165.13520361121988,151.98548291405473,132.90998141993947
2022-04-29,132.52982368413265,123.994979002019,107.76838384335419,125.09790263955787,132.47960918232158,119.36141195835262,85.1775813690479,92.24359769881109,128.34041961985412,127.46700050559956,126.47541527147467,128.82008980676287,93.66205004983912,96.02954124686632,115.17299069973618,118.16405542587927,120.74569963066703,131.67636786958664,150.92472369929743,158.09123652123188,154.4623076241413,155.02036536290464,145.68127880080857,136.190079209184
2022-04-30,142.97477891827603,128.5621040426821,105.07338037557093,114.11424579867261,116.24861696342283,107.82111246562673,76.72150054306302,70.10605266829833,113.38148047109968,112.76279646714515,116.15234682242078,111.98282930852764,89.15524807171357,92.59780243913679,100.44818510391778,95.9926980941938,97.94206187034068,110.53612557483899,139.3083738469208,140.59383257581052,136.4102550862403,135.92119622453296,126.817736095577,111.46163450391403
2022-05-01,116.54754294352611,83.19135462771156,67.54135146170738,84.07092862778347,86.56333750965825,69.28724874674816,45.41151027891069,33.73821751936813,49.362121082871866,40.042617991256726,35.20516159704944,41.52844196887492,40.06825817542794,38.22628437792674,39.85180473338077,35.21884600140853,45.23392757940178,61.3396312532134,88.97258909059389,107.50096986907042,139.18296899331048,137.25004569812785,106.4982399113391,100.1026532556194
2022-05-02,59.57732149854073,41.88812438816388,23.113179221019305,39.85826566581799,42.13182496042401,24.462114029361217,7.4119266482951724,7.75774529495635,19.681953836496962,22.9476432190771,23.50614271530345,21.707738500172145,16.841191072267975,14.983114848248226,18.781230821208275,13.250440395991912,17.35516856136942,20.16585019444744,44.1901620356461,68.86426678922952,81.34114873101407,81.44835260639461,55.855383535478026,62.098158166618305
2022-05-03,23.219272023547443,34.048115362174784,22.674701141095717,24.028690738009367,21.127684787403258,18.16681893951266,14.445191698262134,9.626396007049665,59.80656935214203,68.51203983329323,65.42144594683683,58.326863913106315,40.408169713125154,40.083406949402786,60.16012853404442,41.4023761123699,50.344242555581594,49.562200847024016,49.50841647882248,38.07548497424659,66.47488747091579,54.5745782046436,57.70740875839145,71.79032074679931
2022-05-04,21.060455222578245,12.675185994923464,8.660830248811674,6.879824862163212,7.191378653537375,7.856824024986332,8.854652208279434,10.087212772133789,6.444154954928747,7.962153531794532,6.3110182449984755,10.247983221449095,10.508306075475911,9.07700755884544,9.834827709788566,14.978838583509715,11.850061061127684,12.3276209682126,18.648525407423563,34.317931284754636,57.583340041382385,64.49674269746109,53.17752631827076,38.37737157940642
2022-05-05,80.58729307146622,59.053692703175315,30.180714818502,36.917020427166655,22.629100949453523,22.168320502209834,6.80279487931459,8.428563134028431,12.438235409904417,7.401849873122338,6.610551513359806,9.031617871245096,11.273367505511807,14.240575876015157,10.103414986021273,12.265987225693236,14.17337007365084,43.48672805395934,73.54097496495301,103.4304031398561,121.3569885660999,115.99525176329477,72.69195780487179,39.945266264433045
2022-05-06,105.25486941174827,60.453921613399174,15.197076362075157,5.4023805716433,3.901848248770947,3.2446653440273363,1.9740137189089493,1.6712894680314399,5.916654563308376,12.958087422256572,16.327657433477587,11.821452279058514,12.707869238990114,6.706951020142795,5.372149519915529,7.526320658349702,13.645254387447773,48.69156991128454,101.94056844347847,153.63496297677048,256.1867817105461,223.8086003332181,212.41181889552874,99.84959382530003
2022-05-07,352.03293685232103,236.1810219256399,161.5399955811966,201.5034069898856,209.27917559460326,125.45275544517995,52.211205124195,20.66222176361497,65.61279873395453,94.78244391085993,110.75939458253951,139.89481332711335,74.8748269606294,85.59312217102594,105.19874814146267,61.24508047899485,105.25761183668388,105.25430690661018,140.82863279804346,163.2991260603304,187.06250584024406,182.58206006179623,110.3537128772853,65.68131117556402
2022-05-08,50.38666715042896,17.92287536970779,13.27547297528992,23.6597512667459,35.79340996510523,14.181611717594217,13.519981372474275,4.708118616130383,5.875583626879619,3.538356899266786,4.174417248585391,3.4384486511629238,2.2244058797859676,3.0456621709711857,4.375886585866868,4.662704653766457,5.999561377598504,8.736888728718554,15.008565665054793,36.05100840013829,91.77414004880748,103.37837721274539,49.91838441838279,19.689215486938146
2022-05-09,36.345856250282736,19.59609722560843,12.271893088695775,17.199585707266653,12.01911969097571,4.4026772729344,1.99077947913288,1.5987148042308903,15.495409426210395,22.55793203020524,42.54931583180339,37.7465515986605,51.74397714177327,42.571429440154745,22.23037525677128,21.75133557345959,19.08585684039409,18.748096011107016,26.563178540288863,37.38320442059229,69.66209350182987,61.87755248804745,41.18181205003673,13.145021535705157
2022-05-10,266.5989165415849,189.08115863214047,133.89543204777888,155.9956284461779,123.51791724504128,119.38690812304446,66.89497622464285,29.28300325963966,115.94188406750527,214.84672395750613,216.73057483827893,161.09648295377374,188.23908072200464,140.38105385982112,155.07611625737886,90.77565132838906,68.40088253521355,82.35368213323802,79.42110887435273,119.73133275774212,180.37475857796628,163.5499406596249,142.8877183812448,224.39044788388387
2022-05-11,59.424680668937114,18.72962992459885,15.743170351018662,17.920887275233344,20.785037570937448,15.62141843359615,11.8344574630086,5.911956035660073,6.941136139637535,9.835650125181468,6.580113768671029,5.0098485619218565,5.411829357334034,4.708721772195322,3.347442926769533,3.3334640995929288,6.418230001703503,11.388190456167955,25.142628588507392,51.99958859715787,79.47405629033055,86.3408657388953,54.404577564462905,64.01849602458633
2022-05-12,98.39037313205121,102.68925779351038,73.9295259155147,59.805424067222475,96.08282383214238,114.70802278616505,86.39493889929686,85.82535052579944,107.95855524123375,96.72573345360887,65.46363318947033,54.58245817937094,52.917033518195126,58.646951460210985,80.72045934212314,89.12701915026989,103.9443660167869,157.20251444148187,187.57195144662967,206.09344155049092,190.82405493577667,187.6526729239596,212.52733427257428,178.57574925517994
2022-05-13,143.59577942038683,150.98463829093527,144.2296630636312,143.9864018187526,142.91815688613366,146.43106935503494,173.54442439175804,174.13367885212946,244.97895400953627,261.09930175123526,240.73870559167665,233.40492157690827,151.5256141977251,152.90113819051123,196.87903382541526,187.15517604789432,192.33132397751604,153.23146451401374,152.9331436677205,145.95775675322176,165.0705930076389,166.2585837315171,153.84637499474914,131.50167558068895
2022-05-14,163.25727545331046,155.46567509940607,112.52253397172638,94.33659575763492,112.70187567162223,118.30742646064297,77.48486978642309,77.59860235073567,118.03571173157911,120.1758856493097,113.85972324786357,108.64624913724391,107.63655107732232,158.48227249931293,136.70702005108555,129.91241211382615,148.95718231201377,171.26126482306532,161.3081743368764,173.74229540998675,168.35654745662166,175.8010799650224,191.7204483281466,150.9002815602567
2022-05-15,122.4890726634891,104.44943638495776,77.85324133724804,67.73808006626943,85.7696058465047,76.6488539171318,77.97523180921691,44.80878117232234,61.21030796822021,64.8175641050069,66.75635937887589,61.05730053332909,44.91660064913868,65.59688582473083,66.62510479435232,58.655016744593624,66.17778783979551,56.2427885979811,102.16038487536424,132.17124834587534,147.14681680734407,144.5093924254768,107.78634304927574,91.84880376674113
2022-05-16,140.91518572460083,129.71832016476486,111.6373416446133,113.33113327751047,100.98851674131946,85.5081936554535,68.84879785462746,75.65534950408006,137.90449505829392,148.65153473519172,168.3614918105861,196.8349330309919,144.89156708043285,132.9821804409818,134.09414940630103,141.71688355257928,142.19534880772372,147.82946586812162,160.23997251652065,158.6817839159599,172.3070388677115,167.23929906172847,157.67613003201177,154.1205966667842
2022-05-17,196.9803150616235,182.36432779454083,228.8922939454702,253.32384760640556,322.00120266350814,318.50653059948166,242.1055585047013,268.031881692847,299.9708185345081,277.426896266744,238.21319098039515,248.93435493939685,209.78407654717995,215.95739968556472,274.18387654196897,254.34305464937648,268.3995061643988,206.7234855598892,197.6397588489794,165.10248843610609,153.09937008200455,152.06723781970217,155.14382994483222,141.77213192317683
2022-05-18,145.27092716819462,92.97970340499451,90.10145357617102,94.76934928296264,95.54979450608248,89.87457790207009,78.97824317861743,82.74325872929204,103.66329228840777,122.69544976465542,85.73972208673712,80.60283698559711,79.85846936799093,83.85167140563621,78.06840511861708,73.48547044346194,81.64676453436903,110.94045002056762,113.74146975535321,119.96736039065416,128.6441689054858,132.51132272557282,112.81917620304652,111.68529427119995
2022-05-19,90.38037294639369,66.110210093319,61.63109578986249,62.93519596592896,64.87225370991229,65.66131206165943,63.50915466578807,58.73097033729282,86.1196114026224,86.56462839787615,91.7335545300284,96.29564771805208,91.39221767730174,86.32984296210334,89.67875409362667,90.61106730153995,92.5997997561271,90.7436210925816,96.31488570076345,91.81699314365751,123.83723928886654,120.19136250714575,101.8119466439826,89.07043195447028
2022-05-20,150.17135170542528,84.8088884241196,43.34189164550546,46.72052820546283,51.95777092645825,34.13355020165924,18.53205228734286,9.879249269612563,18.415819491836178,35.687593716986214,40.396014670181955,34.48476899982833,24.26093656439458,20.82885446938087,28.90627342655039,27.197042234698205,33.83178713561727,63.877389263000644,102.95245453235323,120.7033768103041,153.48279092560756,154.1718377193551,138.43556789541307,109.20362861325059
2022-05-21,167.42381638823647,126.74840452575127,105.48854354744995,113.07998937160833,126.34590508222881,118.38687443545263,81.21159190572361,53.61392076902096,147.93572056348796,200.6620829089803,186.50753130177168,193.9746536731781,96.89501398580009,110.67698094763823,112.02175682232124,128.15504839412762,121.71666822160623,127.0834050159086,127.75937014092676,145.4205665343398,179.1255648703173,188.63568461622387,154.69982085122564,97.91469775924406
2022-05-22,186.52301051448651,131.28422226042892,89.25621772508077,86.5469990126564,90.2738572130531,65.69747397592769,61.37214073946043,59.817793826994965,61.3312359921256,49.60345124462839,69.1277117106623,75.64312980213631,75.1348767170265,87.65160594131153,65.33424713109353,65.02762237090836,74.84817625916355,97.9240792935792,102.43162960037387,150.5259761866718,174.94615411536654,164.50534855078973,172.16792191657944,184.6003527504628
2022-05-23,179.8437295729351,115.01727287178338,113.92860590568175,117.52387218815008,148.3298881506804,137.49765334489285,111.10326857337677,121.3727055972387,216.51629559892942,191.5046241080682,191.65485926768767,223.13628912396868,157.97398122509404,137.11768436292198,187.44278920665417,172.46555238435008,142.0079697239593,131.88468973534492,135.7110314591254,138.41012014702366,161.43900673842728,150.95192549802212,150.29163828960614,147.82584026904658
2022-05-24,180.0311772985578,147.2832975954433,138.19735579709163,123.5894715944588,192.6613019326834,174.4697083252845,135.7816534792544,110.53936010548378,216.95384250948712,205.66547643729038,185.24522957032676,182.17080443231566,187.146031100056,173.9748521462483,179.72204211034892,183.92823338380418,197.26731694262793,232.98115970673746,196.78454637780695,201.58452084283977,201.99307999018464,203.52166607931116,191.44865586592292,165.57816485032126
2022-05-25,174.14693059072513,162.26799643363526,146.69003245674003,115.97444627885564,144.31543078576266,148.98030979881926,142.2024941003402,143.00712685768224,207.95339875427513,288.903869293667,269.8026165311421,289.08467490772574,218.2156430231748,224.64744795115234,240.46191994480515,247.88883261941172,223.42065816109962,232.89297890053464,189.4687180736678,198.21509299709484,191.18608025419914,189.37894594706225,203.057176724976,207.46509719357604
2022-05-26,177.59952786439518,181.65574564111458,143.0073039404049,146.64482048844062,177.74469338709582,154.14220610605219,121.2635372991943,93.60258450737804,189.22255309037715,203.6841454052978,195.65103689721735,187.61655413207473,151.52483048144404,168.3424008117329,140.48508607398662,135.8767592702616,152.68825269245445,197.2634643531854,201.16398507455702,181.95201578518152,173.42926697300112,180.25015570484157,186.35469419812478,201.50521258425798
2022-05-27,140.32125968242124,126.13677342459006,93.47292646573551,81.30624290103145,86.48904173819218,85.07527557437817,68.4600005825117,80.59363299127425,129.54302278193447,143.6837459286087,112.54868673401305,113.3755718278973,75.44054542195371,72.97500548314143,85.57304237684693,91.21252323330793,91.97824629742965,104.96204129456255,117.07273012397934,140.59691491432946,156.90806330597854,157.42720954306122,143.61782656512224,126.712795925405
2022-05-28,142.69497992937224,115.90443004030875,100.84317743162757,98.44940157254693,104.79152061373766,93.20981972606526,72.20150880633891,69.76251437664023,99.79925956129712,104.80960533785897,113.27730256116698,109.74220112447989,84.3310259156335,95.96059384418349,82.97007405272271,84.97530695358192,96.99938436930873,119.83346640870634,157.25788340851034,157.91924244029482,166.32939339661198,165.817793206869,155.04417219277684,128.07543788446472
2022-05-29,142.07016670662225,124.63528535890119,110.02258049627615,77.51445455299692,101.74369364673494,104.32806444938701,69.3679053780154,59.268218741809164,80.36052470984913,87.02480789410879,104.53867130974648,111.7227893221372,102.25481818499206,105.23542119820067,103.11133031059713,98.96324675336214,110.27771519741842,117.70251406387705,135.21087656929512,163.50519199444176,173.03304104474432,168.9889574412728,157.86124895154248,126.91791687293343
2022-05-30,203.68598443185195,142.17740088363513,126.46221246984086,130.98325556895475,108.19552651431786,100.05688951828857,64.87128401269935,67.27248245995378,158.95078148470932,157.3785796578773,151.8513049732791,181.42862560773614,178.84140317107185,147.73224382253215,162.68345038121308,122.58053027986787,147.22323633956822,144.44833972018736,170.48371236759132,180.10367994903478,185.34419479113902,184.21746181321214,178.7398043874999,194.81624103970117
2022-05-31,133.09940123292137,143.72773282483718,143.91881245044868,118.88627538341193,170.6022236753397,191.6045431154588,205.46533905228603,218.5738382450718,317.3553418366124,284.2754450972101,251.15166010101632,265.3876902580359,154.4940663039717,187.02421059715127,239.39108833831082,259.54405008792463,292.0920742183947,227.09989148818156,172.63191870505776,175.7076301470935,173.73486222665014,174.56210409021296,172.13832596553428,150.3217850898231
2022-06-01,145.1029407238174,110.10629752367385,108.39180596320232,107.72556869875353,106.79278573132068,103.48551895961448,88.320843641194,98.57057780406966,159.15196935694155,170.60969373435435,149.88383156706155,153.21416375067483,126.84342385012575,124.89578184148242,125.11010028669892,113.11560241601288,106.16483241383223,118.29914824302152,136.20347050996418,137.39267727620026,152.61558164157645,160.43323907572434,139.97665205549444,122.39563356738422
2022-06-02,178.80376459807323,153.01116870176958,141.98338375859913,135.6614290930579,148.9978363297528,143.83977330140902,102.91509218005734,107.00650110186463,192.67101551961798,269.20916252548375,279.9792805760103,281.9116495539924,177.14471785444476,196.62304630061618,247.3069548172747,235.62560373962228,220.40506943586283,219.7055675520238,195.06991974165234,181.41456748331368,188.45738982996224,187.1055555237002,176.830339307403,120.08641968531047
2022-06-03,160.17433188011634,145.85290272447864,127.35290243541898,126.40881117125399,129.50347623993315,132.1217524871065,109.35374156920767,96.95180973011269,178.19909215706718,176.25471635555036,164.15820611555648,165.59104864657388,123.79728842028824,125.47264923131648,137.24574867732449,130.32395022862354,139.8210367943235,147.52292088408683,151.94457910188763,152.28837024231385,179.72474365770486,185.43958132949427,163.95104079472782,120.96819441804588
2022-06-04,142.71982493708373,114.06574659335253,114.56388902602389,103.72429503134308,127.51682404517766,137.4746250622862,116.952046962719,82.30771868831604,176.38226092409542,242.7980059462476,235.65651584488285,244.80990995224076,124.74173252267688,149.2973363262672,147.66139838718493,134.1469038678497,142.49594573460814,149.4466334986439,119.00030835990215,131.6762117515915,175.70381453808346,180.69886202070333,153.93273626892616,115.68373830072431
2022-06-05,182.07953354151007,154.80029676273315,189.04087760123943,164.67231227031593,149.279401002068,129.35398693378278,89.01391261633718,60.127690194343565,106.4533109423455,96.0785558309147,102.0298694430886,124.2160467019272,125.0378587216613,112.0320821946646,101.66952722169259,106.04837006897287,105.8142437596982,105.8900986812761,145.63183982769436,167.66644313418112,200.93327943032986,208.546119312577,183.550966570647,189.36165510751556
2022-06-06,154.87918977737905,119.22740437307998,116.04074507305428,143.67851529810906,92.84893751115702,94.31489584398032,72.89306221788377,135.0896870087837,138.91607444686184,163.40751501048322,160.6479899943096,181.3370983806459,92.04247282760353,92.03979119128772,114.80429933991304,112.43013517210807,128.5989363895441,149.81063051345748,123.53919847635085,149.92188916289885,164.8165357021981,166.6894129485323,130.51512617701601,93.35610356407456
2022-06-07,133.03166319266495,125.46460158045943,160.4422744957492,150.2394035337152,147.62677450224942,159.90567169915508,160.05509862434982,149.11800632122063,173.1559337931444,161.90858086119212,184.32889168723858,194.11900919585761,150.77865554728004,158.47008878392023,186.46895282110415,156.9434000943219,153.72024082521185,151.3136260112257,128.60888860280627,135.5942537827433,142.99733818362992,159.35980824009022,155.7903617855075,153.93623645369073
2022-06-08,140.47475679830433,128.75287844025314,120.21738385991087,121.86795778119755,120.32514290418615,131.97311365412472,125.4569909289565,159.3549765797468,177.17657561247427,176.30313344777454,197.93431428912123,232.11878264374926,157.5968020814805,158.72080892625223,220.58583433329966,200.36594173623027,183.88349768157792,144.70563555878633,152.17045867173178,138.63479515262802,156.34740976939904,157.06092031415804,160.69353609950966,124.19304662729441
2022-06-09,139.19888949952067,133.5494819947357,133.77106430282615,116.87044469811278,132.47917603342725,135.96538102437952,136.06187695073572,125.96292296034184,152.41505304294398,175.3347747409784,169.21309128142283,174.14477208599118,145.04622830374285,136.70836311907073,137.3158063569798,147.73217011965386,159.5469065526898,159.97938271909683,154.7612548690787,160.5872556035206,172.32554141553956,172.9824688878229,163.59163367604285,132.8191840758897
2022-06-10,153.24787496804612,152.6482011330922,130.4719536199193,141.8401890214603,133.70861423907823,132.55041644681825,131.70835319445933,139.74846338698865,171.88221306747326,176.48047156530612,181.95685266554273,173.53117489325788,123.42796799264555,115.51233275240698,173.7810602740315,180.29091346536651,184.2607376326472,163.61435594375882,197.97949311008125,174.0606678276767,169.36464123353787,175.16416245635372,143.27731572098858,120.69078223427125
2022-06-11,142.9903742151672,137.76920520132535,153.22479687067053,131.73662614004058,164.572108953685,160.84427603761924,128.07128490107888,127.8508843102219,166.22179444804834,204.2463817160987,230.95354789056347,200.78611413127575,164.01385200448385,174.8547454828198,208.9119731076899,187.54421600977173,212.56049225804355,156.84252142320497,150.2337959299887,154.86560559295228,169.52552039511247,178.27120356473327,144.2729246884133,139.88388944723
2022-06-12,146.95344822271792,129.54643854124743,120.55022587949294,110.42625547773928,120.79554975044384,116.54629925975333,112.79749593783643,92.04623898484193,72.63656069731422,96.26345601022797,109.52369770810252,113.56383935565854,106.51806350243051,108.36040555192837,98.3673770616369,100.39027931890519,100.50773260819493,113.40767131815817,134.26163764401042,141.82283652144193,163.81136585549854,166.326628948999,142.01967526436138,132.40565606323815
2022-06-13,102.20972048691391,100.59027805671214,83.61572489946748,87.93964701847325,91.51145903371801,89.04913591097656,84.65099026690245,85.90102452657919,101.66321426317509,124.4485283852322,110.48624655753699,116.27249409619827,105.42041479661042,93.6754415612478,107.68637421721115,115.61096820747339,109.95077575895685,122.23303271058992,117.02096881426571,121.0482008762637,141.02384929447433,149.91177500986166,140.82014844120374,127.5777761151385
2022-06-14,140.40947822182147,135.15095687551917,135.9043895070579,138.31660881056092,167.92247050007126,150.0285921117596,148.508799833181,136.79052649128556,156.04001868690813,192.79672256307015,185.21742078602372,183.2636050750711,161.2063969667714,159.43621999027863,169.90312235384548,177.59960804464333,161.23749561905117,168.01302665669505,164.07695073311908,147.52999841231036,171.05940636734067,165.5673236910571,142.2161219883621,141.8855928106266
2022-06-15,119.57291786758113,100.80896538348686,85.58670269170449,78.35436348858258,76.47010655723834,73.72666694910745,60.41194437691761,61.17537816104543,90.49858531914404,99.69272463862733,94.20398918182084,100.63592108608462,75.24830237320225,80.10400613529005,104.4438513848714,104.8526657847836,114.65255748309681,120.05660228272484,127.97998704697288,127.24467328793273,147.8866657142484,152.50310417378708,128.74186709622552,97.8952889000229
2022-06-16,117.08728433509063,109.45082164640775,107.29477757677348,102.08117049011872,108.79781876105224,104.92297414965887,91.8491447626806,82.44104462738883,137.13432277867568,148.80288582103086,134.80560726338774,146.2542291201124,110.34019752828237,119.18040222560543,139.35886978384238,129.48586270066406,127.56659578843824,118.69772429865915,118.72408121205905,115.94729561114808,136.1968016995937,139.6574391605544,118.50210711213674,96.20206513347779
2022-06-17,120.39843652383934,114.54408793861138,106.843404660115,107.450120031885,117.31187391670282,103.52645294236677,83.85754247178325,89.70852120570802,125.43533075811173,137.4362773763103,122.88610966932167,129.38374351012922,92.29647825694241,100.52778397683801,128.6411972266444,127.03691844645927,125.75168539325132,126.69983915561238,120.21140819446978,120.52323013477584,140.9675116651471,144.38706343810344,126.73167656557405,102.30582010045869
2022-06-18,125.41352649664458,108.81074735991044,90.27902400478986,80.57763750209631,87.02639584487135,85.69575260747035,72.8095022474618,68.60353158601986,101.1450421003864,137.0010306970234,121.84126750546864,120.98853018500151,95.22890475823664,103.64226630547097,100.41382796460901,100.23010872410934,110.78592652732354,120.02927027322737,116.75771825072377,127.00101069477674,147.19897148440361,151.4411257745626,126.52751632700898,101.20342981186954
2022-06-19,118.43221713806868,95.890435692923,86.08940123077946,82.60429280991983,86.96455367474817,86.87262666976072,81.04562552274271,73.22011308871053,67.43471228829065,72.33219761097875,78.9475646816195,83.87330068659,67.19013325041533,74.22350918086076,73.97007630719494,77.68202128629177,75.91022117994069,80.19219282095514,97.6289866653601,104.80224251541065,119.5079097050351,122.35131126223091,107.21410924629866,87.93864137281045
2022-06-20,118.08366823427379,100.82115837078649,97.41148480463261,88.71962063665728,88.0212413222674,73.1818869343618,61.59773908705246,103.95791369534257,68.44974531398927,124.38262410535368,108.63244937699042,110.96232083451802,95.6338388826699,104.50986936868401,105.93593567510403,107.82061238099061,102.13081334097103,120.43544013692511,102.74238212738193,101.69636229706002,135.41312249708386,134.40249847488388,133.1282122280572,117.88424384367512
2022-06-21,147.85759388708306,153.27661489452515,176.68997156457633,163.26598333598545,155.86813929470767,161.7131640010331,170.5987593906565,168.1679287851385,163.85631840504476,187.06187037853394,208.00736025005696,227.5924669560288,199.4912093099867,180.67541064550446,203.82029847930454,179.69221334479505,197.39820644123782,157.36277260379555,141.7475006300972,143.71725368085066,163.6537983881364,165.04498864596323,160.88885387598717,138.16052791012703
2022-06-22,133.6504238822749,121.59553518476143,122.23359383567802,101.50187247945546,103.05222025935579,92.57105807327537,80.28981374144892,101.6363250484658,107.18763234805479,147.7807734350482,115.66841766568226,121.19717730277073,92.92495217001535,108.50073388311937,111.95680213855775,121.38586955478085,123.01811136671044,126.96875888013614,132.53233555698452,133.52525794657555,154.37391221080057,150.6004535122042,129.79245141451472,102.10916082019871
2022-06-23,128.16233022474557,121.25978798996053,101.46972695258948,107.29772065738314,114.00673613183854,95.36032263935721,81.24395488943436,82.03197615328003,94.04509860687203,139.14009761620426,117.75563860706676,113.15177185131176,96.2477846048104,115.12106586395845,116.91786087995071,130.70593564341002,123.44458462846183,128.4374706456863,128.97494454191136,133.7309272079685,164.55576688764313,166.33883900359675,148.7170865498446,124.88627862746463
2022-06-24,144.8983861908219,136.55695625014226,138.93932467432907,152.49520754810666,146.13812011065693,138.40107886322843,141.57466796268787,142.49626507681265,139.9397158418359,183.0671671658228,177.62839763018474,181.55037759685686,141.96511840611214,138.7215335468721,172.71675778219839,163.52057577773147,182.6379612781026,163.58681784010702,146.36820003240186,149.6409029113655,166.61394137001184,161.25827612891538,151.75472319148963,129.21586325382827
2022-06-25,116.20400181304576,118.77315042912484,115.5581059904516,112.13670679711424,107.34891251746366,97.11213678601216,97.71967172752935,85.39843556013987,100.52632857682012,140.2752993570964,129.73903491020207,128.84514613499226,99.97565052699468,110.47825371468495,118.6168458049957,102.02237185417404,104.81953999567013,108.07524493027012,121.4844731836535,122.2283988104121,133.27190918847367,133.7649261875187,120.86765472276363,99.45733853170697
2022-06-26,113.62940916297595,94.40707757146248,93.86197494192346,97.13144408992791,116.78194054984543,81.51534945799372,72.7650367430437,69.12733620043262,53.06115643610439,55.7986881562321,60.41639565186395,56.191655335866734,46.95935973826532,53.95487943012437,55.611617302032485,61.49037521515426,60.2254091130584,68.05740357087471,90.02375420302508,108.2750017572165,130.54144608000843,136.14249759838788,109.57237879881518,98.32628572044842
2022-06-27,120.52431904114087,107.46546686662107,92.55788396205641,105.29507140006763,104.56662081291452,82.42537943510706,77.6519789547339,86.28846479588931,130.38354620121777,136.73069731549833,127.8186810416717,124.25988390376466,97.84840096232023,102.79598827024306,107.1635299991407,97.23053061803888,103.14307327473055,110.08060172193498,114.93178942452964,129.248960658337,144.7180345122952,148.99108321256136,125.16629982859162,109.34359373005846
2022-06-28,100.82780275446696,107.04954725031712,75.62727807962388,69.20536874508281,81.3485765679925,81.00382885360447,72.299537518849,70.68540503867828,76.28815663077275,99.43036291710972,97.97444261534493,105.99318499787672,85.91242032733416,89.12512623510035,100.19624748088847,107.17933629387936,98.01811195581561,117.6449895287444,120.63270199307895,130.69143712602119,141.76022289129207,140.391415228227,128.30604012668695,115.11096541531542
2022-06-29,143.43621214524666,127.42263871068512,124.03860031168395,108.31077228104014,92.56782163302944,93.38566775334138,85.12435967892999,82.7491881228327,105.91417860446646,147.66129221578637,152.07955275662025,149.59817890336151,119.55508557698157,126.8009536376276,149.8634482978544,142.70411482082665,136.3547257669452,134.76359128481133,133.9239150237434,128.45727191721625,146.34879943910855,149.74888785250155,136.7105311519828,109.56960950265602
2022-06-30,133.9865507855444,130.0799902146011,129.1137267166239,128.34186264147172,123.33434913460853,119.84229205088633,107.55657401472034,115.00730128981532,136.33359969265496,142.87428864120614,137.80549669570055,147.80718447949897,131.59597124341204,140.66449003541993,154.89663299236025,151.39168852058418,148.9202427356203,151.62917141193506,136.1845118649423,129.34688987193098,142.3823577753943,145.7183016812314,135.3930185942474,120.6062790457144
2022-07-01,123.05188981609095,124.71763311440397,109.8434098849995,107.4568345253216,114.11535361502862,106.8090466425327,86.82540528934103,92.98361462364393,113.10712424372198,141.02891548944416,127.42437608733825,134.90265923480908,113.00045000022305,104.87915935136158,124.02548573260148,133.43856998840937,131.433081001429,129.82885449047885,119.47680131116608,125.71307888941503,140.8080161000286,142.67822098211062,136.0482788814926,124.22488406916771
2022-07-02,156.25441557254527,149.17850853795684,129.16785432604902,119.09041970953744,130.05978845107495,119.34652478496467,110.33365358804984,103.1884195051565,138.6699445510804,169.61714394318946,171.40733946946276,173.04198712114263,137.96490653557333,151.05397124564186,140.55091804331138,141.66048483450285,146.24399273005434,148.36450398133664,145.1744053954028,145.47268862782647,158.784630950608,160.3084491296557,143.87003800725645,126.53994902014323
2022-07-03,171.99623941071587,141.687049100615,126.8046078404353,133.45933192438625,148.5188843465974,129.15516984445335,97.11927171531296,82.13122798186525,67.00589285920333,98.26219426021052,104.08666360405064,110.58788410732511,114.26187245598045,111.63482673121246,109.41825653619357,111.58753830453257,128.44868074918156,143.32052879590418,150.84590847721023,165.47412982082864,163.9163885976631,170.61204333956314,156.8257524823782,165.61824869850713
2022-07-04,125.6631310441217,115.57523120531067,87.67835848471057,126.68667033426053,83.24885988356108,65.86763024536047,56.41340092536678,88.74432424348939,129.30204119720557,83.38640634802627,74.52198370515833,85.34711260855671,69.20791490062417,87.0575594781983,105.37451417873444,88.9809761183283,87.2449057472392,98.70286643940979,117.5265842970657,140.09758808644202,152.98741395841836,154.13880332107246,144.1764308541012,106.61983401610999
2022-07-05,114.66830956600023,132.5844080633814,117.11629713091106,98.67290070766641,122.86885300405461,115.05823684942975,99.56387839559197,101.09967180492268,152.08064197694912,221.06333900916619,220.86455103712314,209.25536614214138,136.61609363574084,179.17013081695234,216.1794586982498,197.4374452823958,171.80010433631455,185.1032741068809,145.97951087757144,151.79142949401978,161.769738944598,162.03807178837673,145.15603511568688,135.33010013526356
2022-07-06,166.7659800418641,187.0121730311615,161.0006962767092,128.93744353745097,129.61745225713454,145.69831793235153,154.2849689340754,164.2311824714508,137.59417392299594,218.74658413821408,207.965454200415,212.29098480741462,168.82450658911222,175.7321681322454,210.6019865581553,208.88185570097676,215.8473823868435,233.32010467903297,165.09342399498803,165.4895824070591,172.00698713448216,183.65922716828263,223.2527729181421,181.44120636655
2022-07-07,148.75813243635866,139.5866173385025,131.79075787494529,136.93052447429173,129.30068647583286,114.64273762857285,102.47463852763129,112.36328746180284,126.89086031237017,207.19344192585834,193.15556033756803,194.80647990092694,154.53773202109352,161.76058400553012,163.92845391517324,162.1291418769949,162.3257572053334,155.5788975316775,145.17391268867166,164.17313673163568,182.88593222152454,181.41165341916107,160.970973696423,131.95903733742387
2022-07-08,136.7032359957281,118.28259242987843,108.68597073880314,117.70302877346533,105.91507387547307,100.46900613242327,95.51373444344257,107.46746078120084,108.98425477966774,111.3243131337181,107.77125185799841,114.99773043013944,102.36877042867904,104.5519799770082,125.88410425392175,118.92877932846211,124.98959259611534,121.73125607652955,130.98543791802416,137.29476194617257,155.64504021936452,160.98945710020644,135.6056684887761,111.32959543700748
2022-07-09,130.10304235937585,100.31352793627987,89.59918486022755,89.55684959202414,83.89348570123569,112.48958501899477,161.867087468719,174.9154512444,116.17716310250192,63.12866823975332,67.63080850009221,72.53083486066276,51.932213680491444,78.3971716649492,101.08606127383716,91.12044434188344,112.62367699416562,104.78650237824355,114.68314668000474,142.19107759662157,177.2070621476312,202.633364539393,179.48464276310722,117.73067971374306
2022-07-10,69.0211523224481,82.87171033580024,71.0876154295262,50.82089863024041,61.94630291122473,81.53394664477874,109.51591363676071,64.47692275486698,50.778301943573155,10.066937582391613,15.229301902144012,15.340475007300384,24.160979336712803,29.06549269979125,25.70167503022916,31.202850065625825,41.366174701719885,55.844790503297844,90.4984316553104,116.8614484074243,153.4763790483349,164.37297407749756,137.19786015095235,105.16730231296175
2022-07-11,223.20892982897774,319.66119000202247,434.2487756911859,393.0975134001247,367.82849240806274,266.24653049340554,293.8870838321613,415.3876028120773,862.505651203496,705.8074936440354,670.2032836407224,919.9055971622528,322.7949344414126,495.94730230393907,457.1940879001817,313.1395329762137,484.60266616063547,405.73796606874066,237.9335814474453,199.68948705304763,206.37634268947454,230.31811443197793,216.65167950280738,166.19822258174693
2022-07-12,104.01345763522599,103.47829598255602,77.0643186176412,70.28794907227433,74.11640025892312,63.3606221839571,54.9540021570162,57.89269568329784,39.310757332687665,46.98947517222393,55.74505818430933,54.28989068847862,63.90659874937061,75.18480343294293,68.56511463923623,67.73129707267954,58.8952522422801,68.96393166190288,59.92325829980474,89.26314794181162,166.9296038375891,169.85360354133468,132.3411012665785,118.81698093824403
2022-07-13,270.9714870189113,203.4567712963098,186.82431759793428,153.4496374134682,93.4719929008557,65.83004800212528,43.28060035638964,88.00758443216068,170.63525610500028,187.35572112467838,200.89595094203005,182.44973184100417,148.30066175402732,120.99083077985645,128.10252476955847,92.14202897453059,114.69335679428413,142.97207741434343,147.77925390699542,136.17329091468824,198.5050088937395,233.65866986777667,172.1691118568678,95.43054743924641
2022-07-14,155.3200026473023,98.36825625817929,90.52125304149554,82.9099603523943,90.80754591415135,75.06405848520981,57.69274261007402,76.98606634694183,59.29827225611828,89.72604866958866,82.3519240537023,71.68252729922808,54.06552742543807,57.40229561142186,62.65451625946963,62.78120667668407,73.49447603189851,88.99971364800284,90.24301760972914,135.78984541644684,169.2390880123127,192.31659081397095,145.09644247012213,156.5050971936755
2022-07-15,139.9073063339408,111.67594602446854,102.88522498056147,111.05965284185658,114.1357689573642,108.1312044863259,111.91308808334051,70.51310183105251,137.05878127673498,134.8342044584473,152.17130564908746,161.13191325612817,139.02224337246668,121.53080464801084,139.5196529970596,133.79500095895816,142.11473574431542,158.22183579593974,167.9508327566419,145.0163603985824,164.6550858795262,178.57028523929205,165.40902009424698,144.86600523872642
2022-07-16,110.66220285312976,87.40426904292548,119.13548183549193,115.32816054448165,157.77653078299744,133.03786455517888,55.350697535178185,39.11489272971401,67.75717519624911,60.37632679119309,76.74836678953473,92.13669553846542,52.33493857235192,59.598011915177956,59.55229205778484,52.60091275541548,60.75807297191017,86.21773954540737,95.17919445420085,90.88541412635117,123.4458207482011,139.4521825776942,93.69655941827892,93.09155093687092
2022-07-17,143.90228267755325,136.61843582275026,95.09939398901093,100.82252541636987,108.46709162784938,97.29241218598796,58.33171356941545,37.2466910558188,33.15073966796589,33.54117133346784,47.76808731991086,48.02373737761246,30.692991479746137,29.40164464197152,36.58488817167545,32.47206018298592,29.60280404059466,49.26871772781573,62.776496268290856,99.08083447903049,157.9931625540417,148.3985775250421,109.33870420987475,75.34581920927344
2022-07-18,110.75275252235853,96.51876837369326,92.01166222252343,107.86300565900423,98.56473040155193,85.27900728942403,87.81520521758488,98.53460521977263,170.69617447622284,160.23075990250126,184.33369644138529,179.9032255672963,142.87442883952153,162.94530889896149,189.26330653096718,184.29599990661166,167.30090918137466,124.22675255936173,137.98288543308402,126.39043138991435,156.6932198282968,154.70349034975757,129.39905278940654,115.15906443188845
2022-07-19,151.00202031217998,138.11260838989026,197.46542883326612,132.48317407719867,150.2912711855597,185.00129268387252,172.546693323175,144.18388575410077,138.4300387577501,172.9592396062271,152.38672397955645,145.560491343921,130.75913814410802,126.27940428035458,159.38927327820923,127.23497332415803,172.2469890513393,164.09154587014115,144.8852778402578,148.52885606040627,161.55470808491165,160.76470981975103,149.2621700704337,122.50164041330798
2022-07-20,127.62983741436686,136.78929801736697,122.39022210604256,114.41144477804089,90.09465203289004,82.03196642487029,82.60562285867073,100.84266874490737,146.0275536173284,148.6440470704621,149.6755409180232,144.6118280112649,109.70176906268713,136.30133548814788,129.5371772704235,125.63232045817225,138.65394980737003,154.50004440846894,149.74616079981033,160.33973854369208,166.48626979985815,181.151621932806,178.3119006352683,141.4623370645934
2022-07-21,161.99520206193023,162.87439736119467,128.4580245927962,155.9476704904323,146.02415352053902,152.01021179587417,140.68631159159114,153.43610708445328,228.69067560548123,243.0426825466247,220.96236006850668,211.64871981958296,165.40896260948688,178.74939457917978,228.8307412756693,238.54916125686756,183.86333649993935,172.568987898086,171.02609277624146,159.0516776439394,171.06638295407637,174.48935773484618,148.2793047618607,125.90472945362568
2022-07-22,150.1414060514047,165.93081662527928,126.57146185698969,132.79313383218135,134.09273830290698,117.36693640861583,113.33963040945059,134.06813984257545,135.6772114026299,126.91868983549112,151.3806036581498,144.5836724026127,109.15526095445834,112.29186762893471,140.86181912812108,168.1254947209504,161.10077603804342,180.65177332388512,182.955482152836,168.74134162227674,176.35772100167594,185.11818189029398,186.9212197079963,163.91049582779718
2022-07-23,168.1896703890191,160.95990073103715,162.6178870738908,151.02164126908565,173.6163682735362,132.41281254090399,138.04754552053564,108.66453714587429,154.60213916738928,191.24106166396396,177.30549284626693,176.1719620339837,151.33305841629868,172.12200630648314,182.07475750087184,170.74687569917222,166.80921816782794,187.78247021081086,187.75086105789316,170.58388915200965,170.04528017522628,169.47742302587196,158.13831805415145,149.3494348280444
2022-07-24,154.37580759667958,130.8318086435831,122.24790301364189,148.63463173987327,133.4240833917424,105.06923352458354,83.78006220850001,94.68398551563706,70.91780790847274,69.70726295218951,74.56411379729848,74.78125269323651,69.15518227163682,77.40718043409312,80.67953775485088,79.80102773715561,83.15527332645918,107.02395626089586,141.5253298142766,150.3936570643637,163.74603073807202,163.26516038109966,127.76434331892409,111.84920374726609
2022-07-25,146.28850077929152,119.98585096631248,115.56860708823413,117.13915093616919,108.32897729969133,97.96337995255446,78.4375461429907,99.87872450433572,163.84116744160076,148.10653915842948,158.05943478002226,173.01128182375368,130.12961450860558,144.3374186767941,158.84812873275683,161.69635205312696,168.12392359859533,177.53403497798223,173.8619255702651,173.17287975089783,182.77204777422813,179.2206305047236,157.41057989357742,129.48683020045274
2022-07-26,140.2598857385325,131.00474682548594,111.66431901294617,116.23761267896015,121.30984110767385,114.44214887560986,112.600603106856,93.96432982477813,125.21804871138247,148.22124513269551,151.20779541061015,151.73859010541722,113.71831656026195,128.8699571386067,125.10027876890734,121.19678355622656,123.17707482326574,146.62430130297042,136.36601054185942,146.68169871347268,159.62429190859487,155.13560156207285,131.98585306640294,119.35218671310935
2022-07-27,160.91973346255315,144.32727953487753,120.98325542619122,114.73421001561319,126.43386343305633,114.15354809849931,124.54405478241871,121.02734555080848,126.29079064771429,148.9681597250283,139.1341639541235,140.33391554192528,109.2050690584971,116.27391650587363,133.99542743822187,150.23507427636207,157.29529961141594,158.34087052016656,154.47420688593704,173.3749293017287,190.83385421772726,189.10608343626046,163.89924350080548,130.39339095915423
2022-07-28,184.17880847634012,169.9716295929243,160.9041794055869,186.7323067871983,182.17583514273693,139.33739700716671,131.9748964439117,136.4658308075397,198.10004481419398,241.83224803649637,231.45332400616593,214.8918202667337,163.6197379335075,197.23120818778452,254.61473960172106,262.95510403604607,239.00678601734344,225.4290613875815,212.56761666617174,191.40873613779155,211.00791590166187,204.16632813879968,167.15433303348377,141.45913637965313
2022-07-29,140.46823110497044,128.34474587507594,119.15552964916778,121.99344828849449,129.99919640957617,113.77985988129163,101.37526480754074,98.1879107690045,149.0835357047819,197.11930845866607,194.46907122329313,183.51391087963262,135.91863530849204,145.75590114247052,168.44994841939695,172.52038253876353,157.33036700411404,175.72322464110243,165.39348545449238,160.19406522274045,192.6617670450388,183.75995725169383,148.07853188526252,132.4689846622708
2022-07-30,139.53924189618857,127.2540623057174,123.95495165605563,120.91580498714666,119.20965558139125,114.5508135360268,102.20395246490403,105.13092853958774,100.5827823305801,112.67872461529386,120.45683992730922,120.43303113972523,91.10218651734918,99.1182010661867,119.07896891191399,115.34929617182355,120.66709914447613,136.38400011334934,145.76945197606224,151.160493902603,170.00641436183957,170.5544596603448,146.51899575935127,120.61857452037874
2022-07-31,153.59827626499526,133.76712823613082,124.21703087908192,132.13780035234404,138.70338484939984,123.06273779320932,112.88588674014223,109.9712189145448,87.35241428786443,92.22244141484082,112.69444399103335,107.60850645059352,90.13687095695262,98.28776076176554,117.82857695428815,120.57472572977717,127.28632087618581,122.78455931966793,143.0159506253751,150.7306720764424,174.17522625618034,180.0036988671604,144.64183156458546,110.54927650627842
2022-08-01,163.48478255353893,145.93096785882204,119.59250244176546,121.25143040115935,117.73679572897173,98.07616739657213,88.7009823068274,78.1370520176663,144.46977590499142,182.9166131744537,169.66095106652799,158.6241438230153,137.51239451768026,154.65742963573084,145.7191639023185,143.9563605346977,161.08087217607405,162.75650181440466,171.89102059900307,169.39952225706685,197.09266093896395,191.6816281777743,159.48271076720715,142.8641818251335
2022-08-02,206.39098012437057,166.00435980076188,149.4363674491408,167.48670993152868,166.3622076270197,158.8724566141313,167.26143128248478,156.86621822658347,167.80795642542668,205.7166998796586,196.58064413918916,188.2830252160044,153.13738068228082,160.6144371417436,197.37290467332855,206.61538468603771,208.75579598326144,219.9200113746425,209.2058999142494,193.9419393039177,200.88336964090112,198.22996564158922,167.97638458416537,145.02843835602326
2022-08-03,173.6320146798061,156.87434488368464,150.86644754222456,146.48153892838926,136.59086565547474,119.04184462421277,129.61680211841912,138.87971114165873,166.85614494673263,193.17399510884604,187.88607469956392,187.23276250670526,145.9128416591682,168.3096883676437,212.27774884576584,214.7504882223287,208.35140101210118,220.8002772949987,201.5124187344217,188.17592102674575,201.88302049585045,209.12067641245,185.2873604050577,150.97315830239182
2022-08-04,188.39255073413332,179.11680518974356,202.65739628931829,212.0693146101703,198.29749170811027,162.5433453669652,164.49276300660608,134.69570828187355,174.31344037055123,231.52492710084394,239.45178699295306,254.85414778548122,209.69165862342234,223.46103772661974,259.3206163481447,255.72443072779942,249.5207909253492,246.453990287308,198.00164195999494,191.28119695657142,195.93882875811164,190.9693626456046,177.09048130482572,162.48734853568317
2022-08-05,146.43194237521328,136.51662342358208,143.6034855199978,149.66071229348415,150.37920188407543,132.47170472054404,125.60403526852232,139.57663317871982,128.6325705882792,167.8396982985862,171.00876441860046,177.9929859146727,141.91152482996833,148.9677294610906,183.5503517889406,187.6859153300424,182.00587856599992,167.35544286593736,146.9194349445378,150.0024167359902,161.9818071575595,164.97263653089516,153.06107273036918,146.84491997577206
2022-08-06,165.1740171526612,169.6442077782109,177.17204374780738,168.17646272184507,163.6902544316043,131.66548336311865,140.60325350806585,145.17254899593888,155.82917053420132,159.22825331152058,158.96693816103064,160.86326217569078,126.55715894224905,147.06459966763762,154.89031200229792,150.76073471040135,160.66224768862838,164.16225631203363,159.1370227684599,153.3336533751192,162.05534297068294,160.41825089109105,146.35348518990162,120.97866160881671
2022-08-07,155.6871469383761,153.74312792415,146.83475971544732,160.22151893419286,141.8348627497121,119.65824280464312,107.65151612851831,108.29887231154258,92.01976198552791,101.69690542827846,109.63089936364483,107.70583182966924,97.59336303640846,100.58482949297296,104.20278158248813,102.92233181439848,111.33471132128967,121.15994522407243,127.52071877733016,155.74236336014917,166.13761075198704,168.57059761065958,148.58076724804923,136.0335951558824
2022-08-08,142.84314399397076,108.6925563204575,93.39550502392842,94.10036164947596,86.9042849390541,88.00283535257653,53.825435230379355,72.05590705482618,84.93835862460949,122.5442001401234,119.34087461831811,121.4372196069086,96.04627325894059,104.81800421281405,118.75484710486695,132.00264672665512,143.73534873304445,129.38721669568625,155.27061241081947,166.4938094639281,167.9882832559683,166.9277842125247,149.19984565922047,145.2638103620454
2022-08-09,141.17605395400847,124.62977549153986,127.9835616068386,131.6282633338681,124.22757374493978,112.48146699923086,102.56578807803832,112.19653004256963,113.54695231518257,143.48400812640742,133.11025460579117,137.707046403946,123.10446185591411,148.962069389081,152.9259336906294,150.37199954640104,146.20537740467785,146.78068828068137,150.0346249425697,142.34318850012218,161.54627933822036,152.2029750091904,140.3527715504152,126.21908397734255
2022-08-10,145.887506451147,144.5449260757331,144.9786912561253,127.23854583968081,121.30199210075688,117.02607096049604,110.82882156953704,141.2361041907536,153.38476340862468,158.20532827560612,152.28292238049218,161.13156671887785,128.9254385457523,146.25181207104444,169.6043459940113,175.53771169524202,161.84359916360285,155.70719764977997,141.54116745210072,141.29169059335175,158.96960113399697,152.31569678228522,125.14006096525283,111.32028512776388
2022-08-11,125.81653469788615,138.73528997653182,139.46568209535306,135.2375815566961,124.7308536603137,117.28111970828667,96.09945099467855,130.83583017962766,137.3334868408531,153.70235831137182,145.08739050402096,137.4395066667846,111.70563580287762,123.66633246094703,137.09086061149387,144.34125733582925,143.54360560150283,138.66626817231597,131.5011742334861,139.05200100289508,149.90719270598896,147.5395400096425,127.72287002676016,118.08995173196112
2022-08-12,140.0528324697168,127.31803429451556,119.44526959236228,120.01258909509473,121.86783640063925,106.65764667179045,102.24256115404881,112.03367925107113,121.0902022749278,154.96126552912162,153.01808806052986,160.00210495941326,120.21390648423495,114.8309589620523,153.79361103784896,152.20641879894083,152.14066444715863,153.9295010045622,138.1577235534179,147.09222867477635,158.46205534537114,154.0257118271479,132.23024982764196,122.44231115606229
2022-08-13,140.435371290022,131.55129227650866,122.30686799049356,118.52283278813532,123.19252999306866,116.78409821434914,100.1131383244501,111.98195084515291,120.09046031016625,121.79107135805866,122.85936355807435,114.87691199651236,95.48208801359466,105.24318964969477,112.84959976011015,126.62686578061914,126.52365123918537,132.16644010630273,122.72339029224322,141.3000681019004,163.128882455352,164.10685300574053,136.0937839624692,115.34897208931795
2022-08-14,175.157362019823,172.06636219958864,154.23179808929058,161.27578604948306,150.89153009069346,117.89525042611656,117.74707020325289,102.59262859955057,119.9276078241969,104.55650270515747,125.3987101061522,121.45822082407156,106.80476444539565,117.1562696286507,127.75188007959541,120.77631123359971,120.68324376689165,111.94056021525915,139.47745284101325,164.2335813259867,187.42134177259385,183.00055668919086,153.44220355875746,133.21250095098225
2022-08-15,171.84697383330075,151.99684479933134,123.31539888801021,123.30231580816854,126.45312526829984,114.84973260390939,118.95426156465486,188.34865834094055,162.531045716052,186.28936466998664,178.43220542194342,179.27028302545446,145.8926655054495,175.73854537903057,193.29342860064915,225.47303568352112,237.73657250179141,222.87893101146966,205.95540927522842,205.45010170147773,204.93357602331534,203.1612746658765,188.29744433779427,190.80618580632128
2022-08-16,196.51353404414238,176.65676000274462,153.86445181053713,154.14827736602874,169.04650253317908,161.06368436534217,139.57735830300214,157.4977453859903,133.19917456398198,152.97508933662564,149.25800935839104,151.6030233244153,123.65047264049691,144.9713650014239,134.95816255381507,135.31519922104727,155.32788344214373,201.8905141852673,187.02442096498544,200.78289975126302,213.65952465268094,205.83408102981622,182.03978933941744,171.38723792316313
2022-08-17,188.27656263944365,176.93238704345657,155.92915687503938,141.6256779502832,162.20758178187037,143.9913281073274,146.41492588146642,177.20640890227435,206.0435721607663,205.5752367816599,233.0762535213015,232.6035547293467,182.46406347813203,201.50209128569134,248.76373806552692,265.35353223142465,226.12300815225868,222.8754459536147,203.74748617614105,209.78132497611216,219.92735117682332,212.93044483970795,193.74019545834147,155.35260046613308
2022-08-18,169.6954953200388,148.61771683163278,136.47486419530122,137.7855124121658,140.374993392907,130.0312719928755,127.89232895138196,115.98160324927805,175.4978407847522,195.9583016524894,192.90012317441685,196.44275823883473,146.13062855538658,165.34064737127585,175.52400153617424,182.91582209777752,192.28659167679268,204.06021162549436,204.89364702063756,199.40048394214523,214.65752441665197,199.42927380606173,175.81117733935076,155.969205770961
2022-08-19,192.20090133834256,165.84260311362422,172.3010042059266,193.50844893922772,178.224729861664,166.06702196463917,144.08672206901807,151.40629296842872,154.25775390813257,212.65175564831526,196.9925170543762,205.54174900328135,139.4018873187712,157.23730015394173,216.33193491284317,221.5962154673243,212.89881740663054,213.9068620554132,194.33247594439197,192.3887130619468,215.70678198354173,188.53571608275738,163.99441860219565,140.38690923459762
2022-08-20,183.75165044230044,156.1747039206497,165.06443946903227,141.5234855268441,140.03001422281127,142.9872200578935,130.04972254171406,131.6992324821876,129.24918958799435,170.31275478009147,163.17952640442317,160.32968088756422,116.03719271540064,139.4390267030372,153.40722458893148,155.2492253316069,169.62224065313535,173.33059776247424,171.2427255652834,194.71550759149514,213.12566775987614,213.60139267984826,186.25477261037327,145.83519506025095
2022-08-21,205.3513931252755,175.06346301620377,165.15347615941073,157.93919880913447,166.63887912262012,154.86592145774293,131.91977213443235,103.03790643003288,105.34476679486401,110.47100840875764,118.3890079517869,122.05798915410003,107.80521953081578,113.97213358536443,118.51361630180335,130.78270082477422,132.68538725732213,144.0809492053942,159.86684663460846,186.637418145414,213.79777818764134,207.9568320075848,171.42049337823244,157.51977926748617
2022-08-22,165.26349126829172,139.21804015851464,123.06153534593804,126.71325739535843,121.90233904364698,117.16640914830995,99.4363333080467,103.13720816633625,158.6222987187757,178.084208489026,159.58650595505821,172.79698879781577,118.5023491111876,149.5771162052036,155.69402457549214,167.5655132458802,171.53239783019768,171.06520179559936,169.1902360219549,177.87717532696396,196.08244887721466,189.94736424862762,161.23549072064975,143.36487925854885
2022-08-23,217.20346487133256,192.12235429801706,171.02290972626184,176.8235584758953,173.20010943370642,158.9144590810972,151.63449445521414,143.90293760680575,185.39851497512902,214.49094125378875,216.26216945063376,195.65177471401717,162.89934817176183,194.82259664570563,237.6212101672488,246.98755053106376,232.58037734187258,206.87072154187214,194.6057688849033,199.79163654014093,210.02031671682263,200.50281956332367,178.18603650124277,164.65235244872972
2022-08-24,187.99716871530373,178.02336222762915,159.00897171603464,153.25929230047151,151.25775505827653,143.20734968081467,134.11824845837194,143.1469859074481,146.50318968077002,195.2337826655541,175.02889745126,176.3954356291327,144.52090967590854,174.84674873456308,194.66502485983358,208.1543425192682,211.55978294756952,213.20817106969446,207.95562008392866,211.02111717963942,217.86187208697558,217.41253399208972,183.67567684222038,160.83556948648635
2022-08-25,194.6430092170205,175.33440875986818,166.872367843044,152.8829703016394,149.52504110358956,146.6372497273947,145.33930880395798,131.66928572114597,186.41852074282997,210.7012288880545,195.51132097634434,203.4864174826079,160.47150981416763,182.97378819215098,193.9726178558209,198.64402256480736,211.3436912542669,214.62960464394624,229.28829904539597,221.31351475906283,212.48946331623983,207.9843976815912,199.56501183634526,161.9423566775319
2022-08-26,188.9703382832336,177.49699502411315,166.31016050417762,166.77877427845826,153.381321179364,150.31134382131057,137.10213839407857,151.57055408183723,169.99161027676675,200.53880381702803,183.89199567778965,190.00682471265188,154.22397967774617,155.0002982735798,181.56172895675098,192.817042068866,176.82305943119465,194.73708186316878,193.00495763723512,194.79635810696993,208.4815875026866,204.19948212872015,178.80756328444787,160.34713149562236
2022-08-27,194.46446913436105,176.80080441624,165.98141824243493,164.24079898539227,167.08002055047697,154.98558083857998,115.93949863833559,110.25828074959333,138.25916713405383,158.657041565995,158.55735093270414,169.75942569668234,123.59689760120307,140.94230926220987,140.64190142797295,140.09221756643325,142.88188315722488,165.48425893341332,183.6126600009764,191.29958503492801,211.97832808780385,203.35648379151135,164.2814700969373,144.4847310838387
2022-08-28,189.89901543624302,167.25047924428785,163.82781017560515,178.13438984796542,166.31468057229387,160.32572100840096,141.84832806301205,128.21336377706237,105.98511550389804,105.83160527508905,119.52766307246303,122.84465548449738,102.48403801504642,116.83275281776866,133.91383935016063,140.67272550729277,145.6212217427362,148.88521110351425,161.17399166363887,188.94124395056554,210.75477777848047,204.31052695067143,175.0654798127736,149.259019267556
2022-08-29,189.0055078430389,165.2592026250815,158.394105530694,158.0572501467413,171.21124437959605,172.33409048404616,147.61320024721087,168.87207845384296,175.44065392965751,169.6560791963798,169.48109098357136,194.9342474188367,146.26835671431778,165.97702085432735,177.82054442517673,191.33008237587407,211.88357978925154,219.52276585032473,230.51664791637003,229.49668593098647,223.5240083133458,209.4493783926173,183.5872056091569,161.7897779574286
2022-08-30,185.8710068604362,171.19287312768262,158.21151628950676,177.24163843007148,175.3673088469834,169.62881912043244,160.24703945485214,134.49615816802708,134.65883992513378,145.2317312922732,133.39058414280478,140.1174772537412,106.1303883486176,135.9882685753648,173.81334188533373,186.51177196338233,175.90802293948386,195.80963693581614,206.5400727850626,192.83321816214945,198.82009852865232,178.71154378826049,164.31172709367618,140.75798130975366
2022-08-31,196.4447694847615,166.05924405918364,152.96707422850653,135.65509576908485,126.42256058528817,119.15017780505283,101.62522317782447,112.02003308005196,140.75529140374508,161.4344040694461,155.89002241115477,163.47717511472155,141.61695148944668,163.35059848956297,181.85502580436201,194.73423763205335,187.8070834793504,177.36262714943905,170.6008143069904,203.32860481505435,220.27473227114544,206.0768668953333,170.79251575193933,150.48798525356827
2022-09-01,202.7462959103013,185.34253428960503,161.53581314205084,155.2846673038812,182.82302008124387,166.3211665200277,158.04929436572192,147.01210011204398,196.67416804723103,218.4742355047168,215.42599231496104,231.29516212943471,185.40977421412467,206.88982296490335,213.10356892761664,207.80241122777926,207.0329622647324,212.08493247179834,198.5363773452722,199.36736424087204,215.70314711210676,207.26706041994936,184.9946377861054,175.92332424953935
2022-09-02,200.25732137742202,179.423258171681,157.79141871656347,157.24371263675144,160.61790083166954,145.87239354397678,141.30926594290418,135.16654911114847,169.95340772809698,206.03446804900574,207.90709783205025,218.14978316597035,153.07160857205932,156.62624741781676,190.440084516382,197.48233442679776,191.49416301860688,199.98969547429607,206.6785918361298,203.66581668915558,216.24168988196217,207.27493810957412,181.56129942264494,152.8328412237843
2022-09-03,278.1081313062703,268.3042245759324,230.69018290653676,235.64698997633488,225.5580220564807,215.06078274559508,190.2250988583032,177.68337299140458,208.58307738493681,238.48136717624,221.95280983585283,223.31087306536685,189.7952114831327,203.9695908821053,193.97643662928635,191.40153392568516,194.78842402924437,215.87199008177498,220.88225627032705,227.34370622569125,242.63169048609095,233.0595093943481,200.81368272255307,165.1930501554541
2022-09-04,208.86972237206405,170.51571385861996,154.97741377502152,172.29376114057246,169.57239893279382,166.47304227063754,133.83253702163267,130.21925404231263,135.27713360444167,131.13454964084391,134.55589479063963,138.74302546563445,114.79269618426864,116.93383523239511,115.81749251205817,123.2575187763626,133.22766470186812,160.8231307524425,190.640611521786,194.4957306673236,234.0861976415178,218.1757792815878,173.05695266214798,124.55192336084065
2022-09-05,209.7128267204368,182.08120830062958,174.86946898200657,167.5489338033419,186.18966206674887,179.59677597975622,222.7223766403075,256.9026774965895,302.6213845980172,341.01845497141056,306.3039198850294,322.7848568906097,260.8976098663385,288.180150755294,392.8582350162436,444.1245441527743,390.8630301131076,267.0947720591216,244.5827574254271,231.83467856977506,248.6110752360186,228.00082350728732,228.8150162962297,190.18310511785447
2022-09-06,257.06700789274095,261.27304303404225,178.72352068488678,186.96216569722696,168.20509644739644,148.72752445150178,193.72096861664824,168.66126411296173,147.52743336201087,177.0378287696873,170.8132212931435,177.16828202389343,145.57538074965987,153.96561909039895,207.51445239470155,207.8398126388691,184.26601872388505,216.16963854306863,263.3592641617996,237.6869627838252,255.2835971998606,240.5902831245339,221.4148165524408,171.38141849332828
2022-09-07,234.27294024058753,228.0695075720034,237.85162025791058,214.2415002088606,187.7516959429635,166.16986157613053,178.2990690996917,209.46248693513522,261.63849125285753,286.3139716992748,240.8984463355859,267.80441226052193,186.66309776721843,194.77105325359753,291.8149717614001,305.1575218799192,262.6404332719609,240.38434276833416,275.78004255404016,252.31088676368606,242.06541614171326,219.96237838569294,209.93899613520125,169.3754602441733
2022-09-08,227.6437514897203,226.9105977034441,217.16541143185836,181.03736948292337,169.69040565034393,142.45056061020276,124.74869608283744,130.11566782388232,186.66949449077524,224.55619720182793,205.62518490468602,202.89760112499002,156.43194466009845,163.90831386097386,184.99366697037868,205.43067204109923,184.38462831718226,180.34245760827432,176.41551661620738,207.09025696675891,231.79199015250586,217.48611277784977,178.35173341551334,160.6612311889044
2022-09-09,225.29967437589787,170.9800082591555,167.3830045770265,150.09308201200233,159.57961428065414,169.85893994820538,140.97481411497503,119.87930270771014,172.89976546130077,201.93614357884232,191.09428886621285,207.12957371688418,143.04019008543145,151.0350829408029,191.0754814352196,201.4335698969311,202.5036867445411,204.91953944835177,196.15439419982403,226.38507153508763,243.77939288934832,236.4187534419256,198.76422435290254,181.86088282401923
2022-09-10,252.4655233578653,258.3872565421999,250.11446914241395,255.37468489778263,288.0880637372562,239.6903899470251,263.44923110073665,236.03314996689468,264.9571516364323,283.936137155107,259.83553185925626,257.48015747774554,203.1268813408975,220.70140290112775,284.7024278539216,290.2626871530143,240.93137315591676,247.43452747877532,269.7230876703166,277.01460447870085,268.81340779537834,261.33283957882674,239.5541519734685,203.874626581534
2022-09-11,255.7657303852961,207.4618785698175,181.6492491560987,178.72110461182868,191.99491038851892,186.7799454991581,122.8495720153151,87.18991385491428,112.42953809598626,106.72910674109568,116.14454517005079,129.6662225716276,109.36285967893707,126.14776553257296,110.87863376421016,104.85592652069194,135.4336629974097,166.24254081346785,190.32999560314104,229.87878983168014,249.59144435928985,240.44953229935166,223.85033692160488,202.34651267626708
2022-09-12,247.98595781950257,212.6638931242457,192.88553043371638,209.62523782378526,207.02915502215674,195.4379445352095,188.76739308012424,272.36951467389025,253.08567085081754,270.1598476454053,248.54028935386356,229.5159982452543,160.39054452275417,238.48967101674066,285.98102573231523,274.37770211287284,271.0351739169825,276.6133197522947,261.3132245541393,266.1508250234517,248.97152416634734,231.06930558789412,208.27438511472144,195.6215297184855
2022-09-13,210.8097744393453,165.82385463046245,124.78511462625164,149.5294530774223,139.05198811078978,141.4586276642753,115.91739084587341,139.32098154233043,150.82334030294953,178.64937171879942,145.10342199391926,154.49195652152252,121.04620254732153,143.61968282363975,175.8008377281996,164.94136083325765,175.04077959393854,202.72938523952422,221.29369278198854,228.86087712680973,244.13102200432712,226.7259302008967,197.56654858898224,179.8816128190595
2022-09-14,211.01796068898022,192.77693128948906,182.31199483398154,192.9521014679723,201.95332203404703,190.37460631500167,183.3706887311508,166.65835599200625,189.31693643735915,230.7153825682271,201.4709863149346,199.127882613989,151.08189847796018,173.06984272435068,207.51176813248372,212.3132951882722,218.47943877766036,222.35016303080795,232.00900795326532,236.77118726284706,248.5302888565138,230.41096356839853,211.85632804472345,185.67247498951517
2022-09-15,240.14950523543413,241.3359012695259,214.99563892131138,213.63717433942,203.49461408341773,182.88335801264594,220.7177583614522,239.3903993177054,224.80809704438323,257.5206717611278,224.1214764757835,223.8227519792849,189.3076763774653,209.89731286581517,232.95504387444888,277.2287162491966,263.1119101101636,258.3930894005764,252.68518718756772,253.0471703333143,264.1097992641268,250.2343335252959,240.40539150107764,195.36198473784634
2022-09-16,232.15640619881088,196.38817050793597,174.20454100016974,170.79978940122268,162.9336631663786,161.12493629090508,160.28903004520512,162.16158255352573,207.52269024112644,201.71202530494566,189.9015997427246,201.40316601309902,152.75669820639843,155.4238373831297,201.01417453648082,210.6689439229141,214.66742549838102,221.806391089426,225.06529729701452,233.11161805092502,248.13809453513153,242.88784441414433,205.55205784498105,172.60810287920867
2022-09-17,256.99702220150465,228.85690500278068,228.44561414147105,231.34433396743995,214.43642639801215,221.2931773138942,198.8913163130816,199.66834581896092,206.8791793069703,219.52407594882942,220.0264030723508,221.31452689053313,166.51356623705954,196.65874931062163,212.49548178020197,223.33208036773948,197.64573827856094,221.26300243336482,237.62140548990754,251.74782551998948,261.6307176140368,256.66156616488803,233.98505200441045,200.79940075450693
2022-09-18,268.22357108726624,212.52313983092182,170.78213254129173,199.9013443173784,197.06708884270213,190.93480580782816,125.81071295155904,119.04860565038236,112.05884470742943,117.6209405547908,125.12758295962344,125.57665213864105,109.82423200339674,115.85558220651572,123.1005378336143,109.79376998804993,132.91979037669023,169.92613566923234,214.59787375389382,240.63882312360326,260.52017916080746,248.31451344962778,207.2766855106035,176.25784931261134
2022-09-19,202.4892250042405,189.85180722387054,180.50728646706864,174.84866719604761,167.96675719115362,171.75419516626553,184.07415783371505,200.2340637988447,258.09079516149814,259.6958495910059,217.74075452392364,222.67280898900768,152.48998963414962,178.63283476653356,213.91217890292884,234.03973509701234,239.09535164080526,248.32881545190614,260.2845408324674,269.22523279240255,268.36066966018706,246.12011989549902,213.00733907013785,175.17010080969825
2022-09-20,251.49960141062022,234.8583631526382,246.3031563663794,237.41666074296,229.4004091849347,205.15731605234015,229.50862088673694,226.35758154580796,261.0841668525028,287.41305241779156,260.73898982513555,265.4378199910406,201.9490297515606,234.20785899144596,294.06538460760135,302.55736681302545,276.28534888705923,272.3620126785943,272.36745794206814,269.4425968354335,270.5317433482466,249.8198474459773,212.4358917734611,182.77760041551815
2022-09-21,228.0510264513764,211.318600411715,180.88403334177147,173.33293159890587,150.5472070991965,150.35781811229236,159.8262758483484,167.55656690873823,208.9891484209271,208.77310952124284,190.93895531027107,189.97290460860134,136.36696099587124,153.4339802494409,196.28200903779737,194.1016429359202,177.78732729850947,219.7258266611833,239.56920854413312,254.14670087331285,252.9259827072587,236.69972488104605,204.48688911339806,146.5365890963151
2022-09-22,207.21153453525818,189.29223990277072,189.42125971565252,197.24170816767537,167.41489213865762,164.22071579296625,165.21762580556614,167.56635538986592,193.24841214839847,213.97223580592163,200.09933627476298,213.14926387900368,162.84054927820534,196.30863285211024,210.59477761081948,196.16895643549543,204.97643988087194,221.68039537596744,223.36168510567157,222.83670338245173,215.77543620452428,209.74943612742643,210.32449775974334,189.33141670096634
2022-09-23,224.67078921802008,205.75916761639843,184.75127083299932,192.09272140370865,182.28992104538463,191.39330303613104,185.35200127248405,186.1509469236726,203.5469352108073,207.22777759859392,187.0476440322413,203.32238668481727,154.43603350906474,152.35918077511883,194.747266238474,201.30148634320022,212.22568958981324,223.46026348195187,229.87827821509032,238.3056016882286,239.099106874512,221.64432295340245,197.46826108848467,168.19025280671383
2022-09-24,200.41868459709178,177.29315073105326,186.43558396593866,182.8514722704442,153.79697052820887,143.50081596152867,141.00533558041695,142.3286629123598,158.12970370665485,172.86043121600494,142.544827447084,155.9093244611709,120.8416635919532,132.66145680514458,138.41792864784023,141.80518248636542,139.13474861264058,175.37942332786247,226.29429907045832,238.0513185371769,229.39216502731907,205.80259687414198,181.29515625889246,142.8144379763275
2022-09-25,181.90693177353043,145.37672747348708,117.1887910543657,139.6058755178375,157.70943035988745,131.1873602298499,118.49734078678455,97.57350863593425,88.0138442933575,93.1444456203407,91.27608123230941,93.02621292261152,72.79730712172878,84.98788435238677,98.82953461634176,97.15947013010249,104.63509333060652,119.95053222477773,152.5848319586483,185.6768922680848,200.32141946191368,206.03594683871412,153.08622800658654,133.93555136258982
2022-09-26,201.95513800842852,183.90753657871937,141.81602899625182,145.88686491988727,146.83948453832204,157.48655035350072,169.213027711055,162.5973037618731,182.62235899887673,153.39227282961193,142.15332539576497,149.60161713913774,119.35722453793625,143.28391254375674,175.285492496161,176.7883974705312,207.05170734733744,245.94449256217197,242.80762182075628,250.53280417977876,272.2231073970411,256.001817554084,229.69315983640146,180.40399457318114
2022-09-27,239.9163351999059,232.44037431030475,210.91555893301697,195.97418023511528,191.9762098008853,179.49473889010218,173.88476313387795,191.01277308776116,198.9564267935868,225.0116030495128,228.8026783923361,225.56306715433175,167.72788763127684,185.91119792383572,239.51164973751057,249.44123833563378,258.2138595007595,262.0219112351915,264.1679930953022,277.82602566980853,272.12603797872714,248.87258514012484,211.06298289679157,160.49859185977684
2022-09-28,183.83366330894285,161.1586692799771,164.8095692771861,191.07006084746502,160.20953849870352,156.10415254348712,180.6983735607282,271.370045190859,265.0815954069618,215.9699253364515,193.34992326699165,179.94061886036053,122.08520444248487,151.527645286909,192.76623411033722,204.1754514591279,201.2165102399472,198.50549822516555,219.96584701425323,223.30765954421128,239.61332720789986,215.95607130197266,174.20939007295144,158.1895208884022
2022-09-29,203.03145780643098,192.92818240346597,185.22336505853056,187.16427918440732,217.89543506134106,213.5975734925381,250.9971948431238,273.4802768630619,313.7471670326031,297.3222400320654,244.30652284206525,225.65462996693677,159.19072387097964,178.3460909534552,219.37235439470015,222.3148683161145,237.42655507427344,247.94575558951036,252.5371770021528,252.86936391242165,257.90798754702536,241.24937293245318,201.87216231679662,176.51862635344077
2022-09-30,189.86250433841295,176.030578160958,159.84621967732272,157.32651259947252,152.4745520551054,165.05557539002925,182.11242433053403,191.15646630007504,226.6413825096886,249.27747021993486,217.45078654181378,221.7527335102685,152.527702236121,152.38480329208724,211.40502591879053,243.67931336476343,218.70158707915886,234.24808585392037,227.3041261070317,241.28954158967647,247.0404428150989,212.34941329840834,195.1869600355275,171.7617212661035
2022-10-01,236.8345360971801,227.88053866784438,207.48084973352215,209.69724312081775,199.57112205282758,198.66523413364598,239.24204579817817,224.21352388304268,296.8746970057261,300.0857965224829,297.69844783050223,239.67887411908262,173.59951658099502,205.9829824358354,210.28416346928077,225.65471028417147,211.4630905379697,236.505286533912,268.8205218590216,275.8952035846292,268.14741326428714,257.8271397219799,231.28481453052228,192.69744854842
2022-10-02,246.63339051091452,205.62035182133508,193.55998780936693,181.81627368848166,188.82171890841383,160.51192720251706,188.8686044415813,150.46475267517297,119.25102580564457,116.3164021338999,128.7523309694459,126.38700211106611,90.19624793349604,105.85780328391186,122.88581298056972,128.7531109552975,134.71604384539154,171.25742433777896,230.8572948833411,245.57793776814285,251.35630943894296,234.83819619528495,198.55653652037915,140.97572769116542
2022-10-03,211.7368218740121,215.67818540637185,166.40527810333026,205.13339526979462,168.57595372498344,161.29118996714925,230.60746703138238,279.87857130315484,368.30242055219685,237.7151074074019,258.7199655256053,262.6265092145511,158.3392852408186,187.3412677828682,220.72551752823964,226.5216038341666,228.11034940794482,258.88676389636197,286.7016183249943,298.76584289387085,283.53125976647783,284.6264405815798,245.78075407609214,222.51738873438214
2022-10-04,232.87091143826734,196.52071423052547,164.46723302026854,171.66753834386483,167.79536230284538,180.5601317357901,168.86096499683995,170.44137269087886,239.2410147478137,263.8640145443949,215.19172112264914,209.38757030964683,165.4504702618017,202.07978919582106,252.48545173125484,219.58105879318762,225.05328287535835,246.846510193802,244.7747948094515,256.2562655231693,279.4736425536028,242.037324840535,215.0578812302044,203.14286175891942
2022-10-05,211.31350211736554,173.40716706396725,170.6965882135127,177.8826722673114,169.15158239623128,162.52828948204322,185.58202182458385,181.71483486028833,207.2939471763235,229.65382280266277,201.34912959456415,212.19322048791923,158.84427527160784,159.3639957232153,179.99493378570594,175.0480995571345,203.83619514575605,238.89289535338347,226.74245990705913,212.78213379186974,238.48572799637913,216.76950323781102,200.06021319110576,152.52075172440948
2022-10-06,210.3109662708448,184.5333990612883,184.60474558575083,175.51891894768914,179.041282592983,174.71587866884246,173.4935307366148,215.09865246258676,303.24625614302573,302.5101426316885,262.48832390722237,255.78303299192157,187.6677450427871,204.85710356215156,234.49254604744155,215.92533023645112,246.88224541073575,230.3212178136967,246.19451187512914,235.87431059768437,236.34967230291394,212.05019022961415,193.4901834679943,187.0420488657581
2022-10-07,193.68957615628184,184.4877063648772,136.69146620837208,131.46305549875856,136.7279849768296,135.15546331278176,123.33023053831849,132.33778632371744,177.6919048629189,180.0162124342032,161.30288137049638,157.58062762141117,123.11328783315155,126.9252904524941,170.97083576894204,171.58298751389177,173.47515408880366,187.38807465391906,204.14800275866705,214.20221313194307,210.68421599288726,195.20001884525917,169.36470367232994,172.66983844892033
2022-10-08,154.02604856010737,129.9570101191803,120.54897311324017,117.19195305477918,111.06865905905845,111.04428567957527,129.93415492889636,97.7212141110572,146.3702990405195,141.58057733072468,127.59426150402237,127.18918188845372,91.88667898761591,97.3841204783007,95.64753361462549,102.10921933313954,111.87823749046926,162.2175805972814,199.72142178991706,194.3338727416615,199.6366750595476,193.5813158648907,165.01240727714355,148.6472423462618
2022-10-09,244.31535559169,225.84853046677316,147.57968687176933,132.33516268088508,148.74155118826462,138.04521908462544,143.1734548850149,95.63801428793938,100.06897315039288,105.7444672375139,104.03030507170152,104.93608028458303,89.89512860857987,106.75931852704808,115.9816630370358,125.47555404596469,114.39284035133014,155.30221382143912,238.82445149927455,262.28932286233805,243.0392946961957,226.23829482261067,204.40620494808545,138.3284460917228
2022-10-10,224.73362789451897,176.32829081872646,114.3191734596957,135.89341201376376,141.41376600523364,112.79887819054858,142.40781807739788,136.60175417405554,211.71073697190934,234.21745258994747,183.75929499047132,194.44427492499779,127.98506072014871,125.92854342623909,150.47701282253823,157.74362240916497,177.12523653458658,205.7637658982023,257.72596512897195,251.30678140451505,229.49048035774635,209.49839563334447,198.16426913477252,175.60113552360832
2022-10-11,188.74908064543422,173.98603534163828,178.45774991112353,190.87842364926306,175.31815843348755,162.20546815932448,182.32463567539935,194.23303026067308,278.47133777547094,257.7176924814249,226.3905981273758,263.7567526664136,195.22812936208734,232.00838696002631,282.25425249950445,230.24504253671066,199.70314100165976,222.4436891832574,255.5821379897331,225.57220904498638,224.638949830291,185.04921623677183,178.61516032078654,151.1519812128565
2022-10-12,210.78583470385783,170.84314656600566,149.74537486782154,126.27369904247516,136.71037045420874,141.8940044969664,153.9355895126365,136.406650090308,216.07734414964108,212.80255143684647,189.03922132942137,199.55359838770713,148.0766329872693,161.0956228888841,239.87899826465377,218.1118821869612,227.84016267116206,231.8961111486605,232.13998427606293,242.49941103080874,239.7009798063036,230.3845934218632,203.6685209069287,187.34759254907294
2022-10-13,201.06366823314556,196.38411439750686,140.29009398783782,131.3748911674825,150.65548124269665,159.02821680930302,193.09549799520124,185.9632499038189,223.77261795880543,216.3013622295394,154.52564143798432,165.64478051794097,121.93201581707312,137.8056004072022,166.57193808005113,167.9842738930047,209.93342145948574,233.2404330784476,253.8041219877604,240.31893882999606,226.76298858706392,214.92786011894924,214.33169864530296,178.32704121791207
2022-10-14,190.81487116694035,181.3892207921561,130.03065993490907,132.16715378500942,129.05549644421646,153.96807061704646,115.89485601200383,142.14385784646578,196.56253375214305,175.4556529737557,148.59249345517821,154.48001411319396,111.95133968014373,96.36490919812297,151.4511315614327,135.14048243645456,145.5275191624729,159.93348116507096,184.10052979847586,191.21729457090598,196.97978872684502,188.7588436532271,164.17902244940746,155.69192182365325
2022-10-15,221.30050858005856,187.75362946476088,138.33664325032444,148.2041928979771,140.9771879958016,160.9136038857467,155.35917445769076,195.66180487201044,214.19059987960128,198.4979979557243,170.08440349338608,167.53958842593403,109.50424787741872,149.25965219350533,140.44024395401064,139.34911742804283,144.98142680883674,184.3809420415648,227.96024523304766,229.94935191078014,232.85026121752978,222.9466673014355,192.6602755071886,154.33481419033313
2022-10-16,207.46589348667837,157.45326548122992,111.96315002177252,128.39959950709272,109.09772336384374,124.13927073882505,122.70457656806428,70.85570455825751,78.36884456957848,88.007943776161,96.17253916195891,99.09939037397947,83.95524407524604,109.62815750423623,89.77284520838094,91.09212698301144,109.35534503319927,125.77410747291756,174.14954697246145,216.04056494373876,234.16893754823136,223.8869492119117,214.46748815878564,172.6850542626391
2022-10-17,138.5732235070621,119.5707566801104,88.51006491826917,109.99820643225802,92.61973944961663,93.20336050059512,84.8657522879994,132.57187194728232,155.379729097574,141.41885710777268,145.26739734358125,232.4584901060782,100.48390658725535,101.19063922049828,283.18165034320396,277.7821314518564,224.54315229426393,208.84329588465434,213.22703011517999,209.23492575216505,241.71142123617977,210.025453078705,146.69191820504366,122.6116266850684
2022-10-18,213.3547380579951,151.19872067730623,86.02756030344464,62.986809495654654,101.44291048688596,148.74278322608083,139.40872025888754,61.525570448325354,276.9327738619083,368.5605883992732,374.2989756193276,481.72545552027077,213.79953563568637,288.97794516287155,380.8471389121567,359.63370476875065,409.9192578069347,1082.2916112718722,550.9537028556031,374.36037381230346,378.0621239084463,301.3868191533431,349.50803610213114,373.6561203148131
2022-10-19,212.22202208666374,102.40413071311444,53.45341268623552,27.803312398887652,23.8406821368313,19.467646525510013,24.162340976546286,15.921748373400193,129.03898263610992,108.25135405942164,58.87059071617549,50.1788972758071,35.038272304911544,29.548432664890726,34.57816601497282,42.966596867849624,72.4214874828964,98.16132561476014,163.26494329646584,205.4682543739225,212.19735373254997,179.12691703753367,140.10624947733854,74.29353234472806
2022-10-20,251.50389078777846,205.52905906787896,163.67131542453964,160.9488869263793,137.8400017509513,121.6006963258279,103.55153140125286,82.10360079727015,354.31185633685243,450.3142277428011,377.8124301313224,481.1564748758611,387.3390601137361,399.1274605228884,423.56594101906364,297.6965004591495,238.01873543427826,254.07777507097984,203.17950919085936,193.53382911300451,163.6499354723697,135.02707720455496,154.75633928407234,112.24757256651259
2022-10-21,238.1807387070847,207.15538202830027,181.14797452161196,154.4582293430258,153.42114757019513,151.97896154088312,161.11331942022272,109.37186691601522,210.2201238220506,202.58653781283283,167.65741501388294,184.61904290648278,130.01595018995545,129.3384439712207,169.53651713531488,131.2581475571737,174.5783060599728,205.62038946639723,244.73768847061157,230.69473786216378,227.8140185073293,215.37440235971286,201.2593372599407,162.68503277979417
2022-10-22,221.85306356596016,177.0324700517029,181.1446034035987,159.63456926205947,128.61959477907044,168.4867778609482,183.9197416290471,145.5931390697621,267.5092550623125,224.17937024298377,234.70266642960695,234.39333415180315,141.45858758468677,181.1220170299983,161.2656328433594,166.55599272787705,205.3140746320547,266.0904914755347,289.5919871279332,255.3676558782118,229.6224100833867,233.49940471153508,230.82553455270926,215.62681625443193
2022-10-23,171.48200474812268,135.12565923025596,145.5595287747108,108.6453619951482,112.0904811521797,139.49866180248992,139.05270951269458,103.13960817247344,97.85032158322669,69.85723146370643,76.19934292765524,77.545228538462,69.02111808045407,86.98096129215675,80.45932744269888,85.79591401238913,133.31893409444913,170.85064912547443,244.06066727942806,261.25082198758633,265.2180941835799,209.98899797104445,185.595300745882,101.07105472648841
2022-10-24,221.1887765110106,180.02590989038313,162.8001847304602,248.03936298704448,194.22740738578366,256.00284335852797,332.21697465190147,531.1769431240883,651.9841474174193,347.59353412515156,310.9571628417754,321.5250665884004,265.59296758951626,254.38589980093616,352.26984776836105,327.8819721765398,328.07062117286534,545.7950407355788,339.0110621922214,221.61760046380147,218.51590768570745,188.25334224305965,207.72584004708838,252.8893604028648
2022-10-25,263.3198417935542,195.47056787091174,209.60539901785916,177.97486075690438,132.93209449625522,177.3719736520437,210.7643016247201,314.284267035643,402.77995558286085,267.17669372620344,239.36253752882683,250.96953319077087,175.1721531475581,221.0259160132578,258.9526025603063,245.64381864312378,290.38148112723064,245.36260590705515,273.6102055820201,241.28534374930922,253.4560574824178,242.17232228681843,239.91772747051132,179.64916479804845
2022-10-26,241.32491545400094,181.91538967287872,156.05840330703663,154.35611749685134,176.461115969026,179.39120467474777,230.17266829536786,342.6363696943207,385.7659033101329,301.60104919786306,330.6467627514138,282.5286144920104,163.66490242700945,229.26185639347298,313.9815364364204,344.0063696064966,347.46789860047045,273.1869497923515,292.48845824980225,278.23570227598003,246.48276216360208,255.7569199538292,226.04517717103357,204.74896050252403
2022-10-27,181.18612755227977,156.71844475405499,152.1041657383644,143.71124644168134,115.2072481863622,135.88225874220223,150.72220600890665,140.99142651690553,222.4094333622325,229.6403026088889,181.0859446279221,211.59694340235322,136.21760264918856,158.12038828622173,208.25319888968625,185.59395111264388,194.98657708608155,217.27827277381894,231.83954178861717,227.28427693295708,235.13406007399053,230.20345728728498,185.56225671557817,179.04670928125404
2022-10-28,147.68413592506582,150.402123391102,140.7440835317481,130.4528978988252,111.55076924514482,116.53799654635046,134.62292117403769,136.8177976168877,238.70880301946494,193.51686718407552,155.70672193264627,161.3809098657513,91.78915639893215,101.17054480473394,154.81022324538583,179.7259459870459,192.90134165662226,217.67860018027793,261.86607541868256,234.0782169381871,218.85333010376257,196.79405429956287,155.24209855055102,118.76023707110616
2022-10-29,124.78445879179843,127.2828398929896,93.22266449983574,71.26727664696402,87.32639256366508,103.59995737901654,138.345029868499,93.31410162636449,116.56378749727796,103.66878870825545,74.5430361533992,87.17429856244601,37.37038015419828,42.86085908035019,51.38625907819099,65.3684813468378,85.56924337190043,152.60984095631784,221.90993590588312,244.12736003100494,223.10801052181247,205.42779382839527,177.5275326274863,141.66323881108056
2022-10-30,81.49536924997643,67.13911457336457,33.758562525290934,25.867699149718305,31.13322678784081,34.69511649983894,24.133706944036916,18.16794250517919,34.91484798990826,36.14885301319906,29.41394937005007,37.16380115979159,33.84742823112253,39.90042109241972,51.634207372747134,58.02873208285122,60.59669325261626,64.99780945545419,166.96393962874092,216.5316805529068,208.9942866839816,184.24892767733218,162.58188480887864,138.38022327458813
2022-10-31,113.76013595848944,203.79763330873777,210.3382556267736,118.11265708542281,90.8306350050599,124.35034305252299,308.72855145242715,437.625737975512,531.746297263919,263.77586266287295,514.4511320409881,617.0468745667533,359.01371291960567,902.1739837689787,380.5304092491807,509.14002224767046,705.7171844575755,722.8695652008732,387.88449870246995,339.66089703133326,289.90543083098004,230.59819895222353,265.7311807259981,218.27795080399832
2022-11-01,167.83432607589197,152.86736596781748,114.12771437799897,122.35783117900863,69.63910510971004,103.14057164248048,108.20080923059712,116.06481242112015,103.30013832651679,76.55586040695721,68.81624086217666,65.43126395393658,29.79724320715227,50.38595122239536,79.4830708600046,84.6936454611301,90.98210952366684,122.41282568405803,132.59989054556192,158.7467062441838,182.979348379991,192.70488285234228,108.99189443734355,88.96779925421585
2022-11-02,100.80292984126596,91.91445192960465,52.993777567650945,69.45520762813835,42.29556462835709,49.05640858532149,70.31940289160865,86.46346603184332,249.56542892318254,213.05792766266916,170.00457940484574,190.49833860887935,73.26191861824876,104.74844738942868,142.58923463305416,128.93487632964926,179.3828382797827,188.85904539682062,231.79429142100022,217.66478388279387,199.50065904863533,200.970307393095,136.94485093628174,91.27090143834253
2022-11-03,142.56235622325394,129.89837529064621,132.7575314236788,114.30657230826192,93.50281881377404,112.48381526387494,153.8938251399919,133.36569223572258,270.5142621528606,251.498789101449,191.86159669777808,204.86040866907825,115.00746815884749,157.71791291759743,204.57415736652052,188.1651210186182,232.04049730081846,266.08664219574695,241.55625811118273,250.19437688668566,233.9109732485192,220.99075135439801,189.23485853617777,181.18958280696313
2022-11-04,148.3651497359437,138.19596041614437,117.35987570610375,152.37493635540906,123.64308188192591,105.20229064889831,121.89639478046664,133.9897676869613,225.2340485152422,235.10864567529345,177.65896920873706,144.93112203132642,75.07157001012965,66.39744721206202,135.79730052912234,172.45695073950628,214.0566912766625,209.2851953431676,252.49005941552363,222.30272406084094,199.55323567476145,215.40023794300984,135.7658307019608,143.6410398628169
2022-11-05,195.91998334323887,206.95375051044437,207.13172016138822,189.4840372756928,155.08469811981698,142.8444112600796,169.46237969318253,297.6438613391665,220.1070992665328,173.91896079759587,153.20734646577034,179.57327365309118,136.08451407338208,138.43193079764544,177.21562615605745,168.44616558149667,199.0096397642268,202.71630961729167,225.3007764577304,208.43149561722834,198.42433882157493,185.00426628373754,140.42237186184192,157.95528425019526
2022-11-06,150.03399777638862,100.23767519633702,124.96189195279058,124.51524163417612,94.01630513473937,83.56481726127289,99.44993498932412,105.37214188602726,120.95811030425963,76.44792760398988,62.0780994174425,66.84939023631165,35.372249347303,44.434567803713264,73.6716407999693,70.64546150562511,86.32877194676439,120.6226309750569,213.67094953938135,208.46324734384902,203.9134281411417,182.5420812489961,129.43831868910675,82.27548284244912
2022-11-07,131.55794131841762,103.48850823658594,93.69697802393003,74.97200945627354,64.82206647108474,76.95176831575512,93.5666040831882,140.8731157671783,266.3429093324986,192.2637978175418,174.21289864543138,180.69370811472564,81.40800976427832,126.68859852209756,203.8400323112532,231.58286221438306,267.86675175565625,236.450798579891,251.23966296485318,231.01793869560976,218.3885149030516,184.72734824292186,168.83463323587196,154.36858431341912
2022-11-08,212.01611425837558,203.37039865992602,218.98305757389477,235.77416984443445,158.89495702345752,263.081499318957,235.26823567742863,209.61441534770208,196.02668987683344,174.53938824737708,166.8058169074739,232.94185045073667,156.4028369165764,163.90491149251798,213.3722453369945,254.61788701697472,312.4843965358879,263.73466754085325,267.3585355017762,252.4247139888186,216.51066486373503,220.90624205161186,196.94261338656926,137.42572772031968
2022-11-09,182.15310203865528,172.59794101225197,122.98491606252603,152.1845415589957,123.94800447103705,148.50992922323167,155.30129020019038,185.87630901387695,329.2108201002484,306.8198141960604,252.10663665437337,260.0541099743934,198.5734858088781,190.87185837364237,214.25571582383526,200.00250958807297,217.5978155237975,260.4810580535949,278.3671841116372,253.4226710726568,232.4494242614056,222.62917384413976,207.91194370071088,147.5879945642626
2022-11-10,176.28409464526973,175.3041328892594,127.0179826762316,111.91120004842158,111.47861881235214,133.34247800237978,178.72984836384364,180.12788475090576,300.7772793239426,280.67342418359783,247.7513231457364,217.7220570117581,168.25764353413112,184.7252485582639,212.5719456673138,200.51166530445929,204.85458360906298,225.3353409469932,225.7471859953026,207.67088764637646,203.5348472535636,198.70310778095975,188.40736142516388,151.0912979356504
2022-11-11,194.71931943932245,190.8247697944623,159.63283098760428,126.10173370184799,118.945684960412,147.71218721091358,178.78178295761927,229.7005545106489,341.6217032852616,290.7127756369001,271.6840326404158,257.5295849232151,125.25978314321435,154.55188648818375,235.70331552280885,250.69837060094648,278.9371214454273,322.0918513610681,283.2667946714417,257.51971966535194,228.2401669117527,222.4059727628256,223.57317307193023,151.80830387928626
2022-11-12,200.14486802216496,174.35656946542147,155.24766931989788,129.8355764359003,127.30406217467475,127.24362894682201,143.889671333562,137.04387672148178,231.0732282778352,214.39157626150975,205.7542528833012,183.83772364648036,125.9537537379764,146.91528535172446,175.00075890089883,179.02754592456097,208.4990269642924,239.97658074663315,238.577808529064,236.26251091706254,239.31915359916852,224.59776144398367,217.6810065763715,173.67128575756595
2022-11-13,148.73083915921035,123.17729545842855,97.98612755948228,84.2883479499228,84.62438296253313,87.2182218543187,108.28096318007434,88.71524515377956,107.7008481856951,87.94775790595749,94.33249192501185,88.58785936686853,63.48443426920193,78.29137080764205,91.70731753330158,97.55398723874835,117.76740913655122,174.9955596159824,242.94537537130634,226.97146909214848,212.88558536187566,203.1972625596891,153.29658288922127,113.7795840393345
2022-11-14,156.4222968943453,146.2319499508293,125.70486328450298,104.82812889787449,92.38271761204354,105.3810091415002,139.9026031469831,152.84723968610155,295.11382812542627,256.79126765013694,234.26551679033093,226.85733703341336,141.44132203775231,205.01208751978976,278.44464990288975,281.0562905013461,299.26016782562647,271.57106282475746,229.80359755540826,219.22069913445273,193.48955044787402,177.24714638695792,198.8809647316328,191.94035543157355
2022-11-15,240.7259127024647,236.07817654650896,169.2126663068526,175.4635851100481,151.46829416701007,156.11924516304825,223.54371333222542,195.60525098190718,190.12074764252154,202.3378250550542,142.50549472741568,148.8908794005155,126.06410377476344,143.79770919468695,183.95400855800278,196.05589096653338,220.1329150321565,222.10588993724323,242.00966650143624,253.8546640860748,244.0432067314037,231.80523790269402,214.91709377712309,216.21025908011546
2022-11-16,210.96541199224856,169.5907498146005,135.92476313024036,159.40601956571493,112.80840249331456,134.6562572934863,134.08805760614396,205.0370977881001,294.72413300393805,264.4567134587925,240.8842531497142,204.42549060802486,165.35268474974546,193.175529479488,167.2096275908189,162.51216387885682,214.51334496589547,241.64361569973838,250.43869624160075,257.2096290811877,234.74464394738607,233.6739114077174,205.9566181725618,162.53836346967097
2022-11-17,183.65958614212585,126.00566179885027,114.69885939397739,93.69370911947003,75.77941528079813,78.468306461248,91.78073035487041,82.05380919784106,231.46836364594716,265.7000572609353,252.0547940515133,238.34844753040684,149.06420167676538,181.65015235682904,216.0427586702489,203.8632565535839,234.30983704748755,230.42427258387963,237.41461324538122,235.10029017677493,231.56939429068075,213.82871599458142,234.75884467446852,245.97630868617523
2022-11-18,113.02997977093283,97.08955223940812,134.6944314729588,86.61666355760308,84.855756417018,111.30656510723314,203.95065232916116,179.64077205432613,340.4307367080121,343.51105939066616,312.8623992517139,297.86339903453137,179.49091254697214,171.31257301144151,237.54364974372507,239.26472025045058,265.72002652378444,261.63517410276216,228.0896546686331,188.53886848561635,182.5805596968688,169.84171949299522,157.70364428257318,163.95312212724605
2022-11-19,104.48035317287965,57.387101263773225,44.441075014626215,31.743849192503944,25.95413206657795,27.167253713161795,46.34227184816739,46.84109634952833,159.65939835422296,148.57055933187848,153.62184947110845,149.0290401516552,70.23244912080119,96.33202722797911,138.03407227035382,124.30939800231205,106.32701600779514,175.07353672431998,209.71806658847316,195.2358232817979,176.33456360574033,167.2043238581979,150.52869556544115,126.35859082707219
2022-11-20,87.46811558150718,78.85032416800158,50.83019759216402,37.418047453202384,39.109990306404235,51.81091192579308,87.22009027639636,65.72687653696408,64.36130296997513,64.68135732061238,49.9351046517881,44.55387034551977,24.233102203433155,34.42352458105257,42.091134231709034,55.134589806156704,61.933659228258485,100.15676146439,139.84729026972565,156.556143174729,149.0736092388355,144.85392216161452,81.2821555365141,54.61795748627937
2022-11-21,22.63860260297224,13.87859442827064,7.835593981901681,4.712886105843919,3.834834603095276,4.08362480923691,4.792466033071951,8.049563866683869,47.99612824304274,44.65666398291171,50.808299869363836,51.01028667515146,21.39907393899459,20.75161622267366,66.99424135648816,77.21806588534092,66.43729333118654,80.26036890125197,116.86560216644843,106.74217036300976,104.8191470387885,104.84723219601489,59.622212278011865,34.779515007039706
2022-11-22,321.66521651650635,210.13589565145452,159.04432222342646,164.7719520200654,129.4149116924185,137.5252663396445,242.7901557675378,190.0854302959013,204.1639021167133,179.30502102672273,210.48419649293373,186.79511544046406,110.81103448766649,207.27285907864038,170.4607035632212,161.10343436023373,171.97768388679486,227.96756779015803,218.63523941172963,284.3092129059813,262.5922277989592,234.89745407381483,138.54722490227402,106.88220100433668
2022-11-23,182.26381701982473,136.2276426410485,119.39845535404571,87.02987159576632,89.59228507633146,128.67852048905246,194.53313061850304,276.7915307885414,315.3849194598738,337.0425142516776,304.34645060182834,257.4753446964599,291.25236375392114,467.56089938718003,267.6926292109535,259.68120807423196,401.62951013542306,272.2751456325748,237.32683095613945,232.81332324236297,220.06208550909642,214.09793054108792,158.11930460793462,165.88991643664374
2022-11-24,213.9198707840592,99.24085527686422,83.92364457847863,66.927278834267,74.1351875008766,110.28908883103037,154.90825971556424,113.669478536799,171.71546105687582,227.25949602932405,174.44438719211857,177.62997853421294,120.45735055215457,150.04220091616455,208.66170441530335,247.9117754380623,368.328802890968,296.44225862303256,283.5707088154687,224.63495048435158,187.89711088537885,191.68443314628792,179.11525386551588,129.54471920558777
2022-11-25,214.26372243706203,205.2446631604138,168.65259016253188,133.55864375584213,113.93415323463829,148.30808288271948,174.4640224912587,171.75896871905388,258.3113012465463,317.94896723608974,321.7769431516338,361.9708412800621,218.96689115026822,261.0852740529616,354.3362271181303,443.1038436889696,455.27317685987805,458.6965467348632,381.5399983278052,279.34111827595575,243.46253002027515,221.85389862602312,232.04392566310588,213.36425615028784
2022-11-26,177.46668248695755,163.0545659670169,227.73883570347255,167.45053137724273,160.97304916991527,171.01779622567616,193.1068343490499,204.37747052638713,213.93427168710025,287.42781709154065,289.35566116322326,268.02080964622616,269.31332058747375,372.649032815272,293.35472526886554,300.2103184098447,266.89096372835917,240.4879629429669,235.44560041229724,176.45942323526438,171.97544007158157,167.101864887059,143.97232100927732,162.26746397848052
2022-11-27,127.16933862569304,140.35917378458493,169.19508608552894,176.89888914279646,260.7637419727364,199.8639379683829,311.84216382126436,230.62085598184788,99.09796221982295,79.61820747266198,113.21604388575876,127.17319417631842,86.80224646031051,143.06198153007347,160.2891969358638,181.66425058972973,172.37992302849173,218.91813804535664,316.3904345595646,201.80766278038095,152.03656909409173,160.27965069826737,123.28814627494718,73.1813339956881
2022-11-28,127.77798408655183,96.29158678117548,56.400975558065056,55.20522515102221,36.83221097072298,54.82577001191292,58.0651471798302,81.56426072847228,147.43085664052592,125.78825316804068,89.333299402862,93.95584694596481,58.83412286240018,75.87976271518424,83.53495548414485,80.31086582096063,106.74219649317601,191.6283047364228,211.2380485891138,216.4862849389894,192.9868226661424,201.39727913930233,165.68032811512956,147.00546627995678
2022-11-29,249.0360739247586,225.82761452145348,187.38839258499075,156.6295298864044,133.52746666708526,191.6357971094074,162.376973845934,196.13154825312608,314.44383446307063,259.35989312775916,255.63776959455677,257.0812036779874,172.2349243455666,256.79706113889694,302.4253180593164,306.3666109699033,410.7236607105025,303.00034868970573,306.6081736733564,272.465615468388,235.43387128675073,224.2664335613877,211.5909475366753,195.91887546786592
2022-11-30,184.2624664532482,147.11023127239437,109.29569288038135,120.83135612909852,106.8809818287192,107.51937519094713,171.44791789400668,253.89183378677487,271.35259423256645,298.59919690119693,249.31288947392116,224.84715790928522,161.1473442518875,232.61995986702084,289.40740104192724,282.98486126339463,302.42221654630515,299.67534688295035,277.11005410827505,250.24921185860902,225.4225811550281,232.73873601059654,208.66047801377266,183.69094257404024
2022-12-01,125.07913059887863,137.7969953121065,124.30782193402986,96.19381235841115,78.10009590704891,61.259832857283556,86.79984481503527,116.55257830041478,260.757945118709,224.88879074385653,200.4869691751902,186.80920221038,143.42583784411283,187.64393420115155,170.79399728358158,222.96961253557956,223.88593629167997,247.04266730160057,239.31562235141854,226.69194093407285,205.35645594937142,202.0622527241758,182.25999349822237,142.33596214596423
2022-12-02,189.31333574987886,169.19942445313026,172.70327117110193,116.21506727304147,114.55234435121915,135.19175149673706,155.92994966162593,218.29180892252378,304.4482800720081,285.87580727614016,251.5658861256408,280.3222333987033,181.93378546759362,227.7620519000954,301.71993713109174,330.14409698408826,283.7306156780867,282.1482626837728,264.47929734111324,258.2126960776055,242.84188562778291,251.11462358302327,235.00219631431406,188.85379980587126
2022-12-03,203.5313398888155,181.12901063153356,158.41683424508395,122.6544102236337,107.29341523265329,128.4511945077465,137.10126418537578,173.83502741259315,239.95773001952122,207.44590823921104,195.90775317993848,187.16302988227247,136.0950117898712,175.6365175535162,177.61004985524806,187.7256633506844,237.3296253343183,203.30266602002052,236.53080882351952,231.18471328961905,225.7463183786004,219.4770768704879,192.974895228119,155.72683285834984
2022-12-04,195.70629898024234,212.20881390708416,197.5134184824681,222.61923612779478,158.36027114251561,173.06684944396665,187.19307859885356,154.5131503419489,121.51434234447065,113.44155121006438,120.8758056648506,117.46789917392866,85.08836742875786,100.07683766307791,133.07467677905237,138.3634052181643,127.63754344669829,207.13251385871183,224.2249661553954,235.91942478804538,218.02255617574266,207.81614396549716,184.2881544335416,137.0386198384267
2022-12-05,225.0152784786105,184.84041528495757,175.60519483125526,168.9242371268877,158.41561845577016,181.48134806881444,258.5804733478198,329.11687429184394,418.8924509325804,377.81916587141365,374.5484815403488,350.540415838898,316.82263976148005,369.8372985092552,427.13231869833413,359.3590779694576,491.1051051229791,389.21886293841146,313.92729479794895,269.18229910958814,226.1445080036067,224.7035306058541,230.0854147440593,188.29021586262613
2022-12-06,208.36422345443242,167.56959980394885,179.8531065783901,175.08055098628918,139.30150668639246,200.89899877455184,219.069669543504,231.2651226040676,214.16843547984504,205.0480615326374,192.46946905789898,205.43942682109682,181.66999046347553,191.40049262552114,197.2234950185188,207.37845650782336,211.29607051009242,249.5770011025622,262.0799826066369,262.05947760779145,258.71245727895,237.28956103892696,224.8606083180737,239.47652746563645
2022-12-07,182.42999171895733,172.06937840936092,139.84775692909423,144.5940734624207,135.8467703032825,149.99774012703298,199.02747469221887,204.5093395239797,259.97268166666356,227.56880819052796,223.9307478059745,218.27138923505908,153.49408021635995,201.2001660974691,222.0950056495831,218.27058673510862,211.90349783126922,244.3311171583044,254.26548220355167,239.99902101690296,236.54589879050664,234.23532430267642,194.42545756390757,158.96798094160738
2022-12-08,233.8892406035892,189.67705277178814,155.376596975603,140.6060449983314,133.17059137226227,149.68451505846735,163.07712079404465,231.5848411119976,264.92998177269976,255.24594722757192,218.63724918733854,208.19921705807906,161.16715466285956,200.6031601819736,203.61520922862408,227.62694399074192,238.45411859590658,249.58663931412315,260.6006226558834,232.61307151267388,224.44790743317753,219.1530163598029,188.30545184343265,167.60828206361344
2022-12-09,165.97089550060898,146.5567821270956,118.98077118767728,107.67926396176279,115.84169364156651,138.0719942775237,187.190790404775,219.60816429223743,271.71371674073737,253.93735767633308,238.5302029362836,230.94972952684955,158.3991960423253,165.65639730173683,228.28492618950403,232.21383695331835,230.98832461641013,248.77257178581723,239.9270326563888,221.19483282753833,217.6969490194537,220.49355966752162,196.59874723759978,162.89468598317399
2022-12-10,172.267717280449,166.96494565970931,150.3210905894849,125.29088723000537,134.1507348556378,154.03531618363039,174.7515237700527,164.93022616341673,199.7584722381519,196.7549018051975,175.10994966720452,163.264856515943,116.7582802720679,150.47901823451357,147.8772811696315,164.32190668655733,179.18683305473465,224.0606164590121,256.29543628047736,234.2364665295866,222.09656875483267,207.25754769664965,193.92043403148838,149.58487123976846
2022-12-11,141.12241214130222,94.02870965890303,60.34124579995149,51.838084149757854,49.08440137029007,49.73057678646729,66.39182329112755,46.299987417857174,76.05704646135167,73.37475945375806,88.42765254844497,80.425623941096,55.323865833132416,66.980821290672,86.15928250032222,95.56356353112601,127.09907442862364,173.93383730784092,225.29971547916006,222.3118185216451,199.1299860424833,179.26120990188562,115.43935438058537,70.43911320649633
2022-12-12,74.51520187591316,28.635173071302308,17.88357844878558,12.040140674132704,12.180049411309087,16.074886602257042,24.143292249395813,37.04108256750018,100.9169949384319,131.52645315257894,134.6056914180619,123.30054700397311,82.0784905543528,101.5690469754579,114.89269687305293,101.46706971580926,106.25911278981772,161.75818819098302,154.22560316964427,140.16415619060743,149.4914201355089,149.95870702311944,106.46510116726971,66.5263441550647
2022-12-13,114.41786933946503,141.75786377855061,143.12718143880775,113.66815816208477,116.07131761736129,136.33994680180876,147.91914069823662,216.56277844526437,178.3633147713066,213.73095854127922,168.73515337264627,164.19046943946267,139.92347051373164,201.59620639360867,241.86931898971636,281.5441520637382,316.28506002574954,291.97836951856965,240.40943143072505,185.94293791646353,209.02235100688688,206.65952836408272,157.32303994136277,173.59005248499906
2022-12-14,130.3969216850134,121.5697458532143,131.22121652845811,95.32163623361956,120.06494446616485,156.4538249429085,177.78108521276022,157.0405500229088,169.81395405564035,144.22167625714945,127.64673178659669,140.50045791715462,137.21023759359105,132.878518450306,137.1664618789381,161.99954546959603,182.74840180645057,186.56572675992717,197.70980185841256,178.6270026376264,186.52682795241097,159.97719543707709,138.37910229619877,89.32684878203568
2022-12-15,142.34698113599993,177.0875347656395,137.92061726928392,114.53657002005808,124.97226875996847,169.15719805443416,197.47743580169967,183.69355820531086,304.45791756011005,263.0847249887772,210.18170854766194,235.36354553824782,161.1841636696251,165.50507662412832,197.7147349209643,208.7853225750127,187.43265637988293,219.30437584082043,244.63045277842835,184.15293814168396,169.33557576559082,200.31730601790383,163.6551078984856,113.50774543597826
2022-12-16,176.10031828721523,145.11188178354288,95.59311799573898,84.6400292679875,80.25245516659197,106.2380432640334,129.56081108658566,133.15157441285118,202.3104155853323,192.4062342246062,190.29703494370645,169.94784289908515,117.34147013298956,116.47725350775801,163.68826426516083,209.67506654701634,208.3019360996911,197.2204175879823,234.19175834614558,183.96429979176693,191.849399733458,182.11853319074802,150.07310650617956,128.61526810132003
2022-12-17,165.4392130657278,178.18387661838537,159.95082986421497,118.5665484561557,122.65624255937578,145.2303028404857,171.38923505824133,163.9640018693962,229.94178003422996,231.67608928101112,229.4792453507926,231.48704116563331,166.34075601073192,193.40117393182695,218.06859063231894,241.2073910181066,276.7061098125603,296.85676270566296,268.7802373128374,246.22238155998522,233.48534268709093,234.9757615977199,216.65681240469578,163.6351783288714
2022-12-18,151.18552044796988,161.81651373943882,190.47188510852726,200.34820470195962,213.63049543288446,249.87667514444627,294.79824274444354,226.24942896147834,133.97524249588423,152.28780863682613,224.04038574391774,273.12459819435566,194.4096939723073,200.53999323664354,203.17018821675376,230.28673691994445,209.27124724840982,230.25696492926588,257.3209999927204,254.54130553866992,202.06133082966403,207.91148484670458,233.0125843616364,152.4651071986833
2022-12-19,179.99081772869843,197.6105312389093,145.3388023421887,93.14111423010297,117.18567428596252,148.74675435370435,152.8285689361734,166.90722592199833,352.6034816086576,302.1705388625315,262.3096561780196,256.1876858032098,225.79226955589615,202.61635972051013,202.5396581030195,189.35538275593504,238.0225844118125,226.4918424247353,225.32762396265207,175.89539307233971,175.6112792742736,169.57549374291776,155.29278740077547,134.53764931566383
2022-12-20,142.97680619105975,134.3475020569941,124.86263520674923,110.09865229374509,136.4726987702426,161.86468311736485,223.84086392308367,218.78820488656524,215.03971047882067,253.2494340353998,259.54934034009926,262.08191646294574,248.49088817895344,225.60715286739665,288.87854410280687,271.3664105388888,256.0092773715132,240.98213544799805,231.33004119261028,214.96568758195568,197.5840480207308,192.408039975148,157.25179494164607,139.07424463803338
2022-12-21,145.9267628838677,113.06435637171766,100.67683175288754,89.50662001310455,69.23325771931465,99.2373186863006,141.44813028272853,179.10917689381395,373.4993363633833,316.92061930874166,315.76426957407494,231.6805092030362,182.35697874347602,216.22810759809343,207.02080843917466,219.55131251655703,220.6760521007473,245.93672063923518,241.27555710038442,218.7018519316697,199.06760330852214,217.16396891475688,190.22378161904956,135.97825115973882
2022-12-22,210.26089428282972,173.35224611345032,154.7253882725881,128.72140140369314,136.03272452057888,137.638115564772,149.94830642694546,161.9935312643479,220.54696849203205,223.6093973298683,198.33081078326458,191.78199445889376,220.46781530361582,215.7005563763722,197.96518784985528,220.26439603012267,229.12572371953013,213.52504456816825,222.89630914607264,215.94466261052656,231.12979564234794,231.75197321121536,228.99066068928235,178.14555979806448
2022-12-23,208.44479685162668,201.10556855820255,207.56203552014648,201.56484736534463,197.21193469325377,203.37706937940365,199.79008614294753,257.7132217420066,307.40651820503456,291.94519143414425,303.5861982037606,287.7134049181954,236.23686172146805,217.4364489044515,268.0952493824204,284.26146369434275,304.4672840038876,295.2871982392645,274.53787096934843,243.08907121661827,233.87945398495233,216.18011500083531,173.49891346195656,159.0265495367861
2022-12-24,243.56361696851923,228.23991110175362,192.89242270125274,190.1820460911924,173.13957929238495,187.99374649178404,222.3996283730482,222.93441374689715,263.910814624586,245.5427951253126,227.80296362751233,202.68909141502598,159.805411346914,190.98084484901383,195.5477060579721,198.18666590513877,181.77902835825367,256.4188175171088,294.03151857541195,254.63753280545612,245.87594700367302,241.59117505318517,233.23645715604476,199.51662654056253
2022-12-25,178.39396273530187,165.1712626321471,161.9571160966694,146.56497234510474,138.11897451712122,135.73821673492057,148.1688492412629,129.9344286170551,138.92202440295478,164.4810659198033,196.11845002153765,192.72625237137197,167.76592172141608,176.75933715536067,188.77408444808225,196.7262577979838,227.11476415003602,239.53173855548377,264.2201655280961,245.23288459462987,235.69894563518605,226.7588525727752,187.21870170085668,146.18607391511077
2022-12-26,164.4351044515818,144.00498616798413,125.98990567873099,106.38730392372511,113.26172003167949,112.0682870775548,135.52269670774493,185.40058490646385,285.6975763051372,276.0733715288476,211.130346642518,193.39757466094375,165.9141245748076,193.32659139555545,234.825084252726,263.3371490748803,238.05490570524296,226.6478321516764,231.74018870000646,246.0551534738751,248.9286364836102,247.3452325033498,209.9620063438354,183.14700571834612
2022-12-27,184.16174478356407,163.73079186896885,124.43772378248269,122.31561818608134,121.40117042798845,128.307043664385,131.07051527663992,194.21307676009116,260.8523576911505,260.8142228909843,219.81188603257687,204.3212700298586,165.74003149424465,202.20976041939838,233.58897302650436,244.25514495872255,236.41173336589316,249.46353904974055,260.98071206980717,214.03981987354058,205.96182709367977,210.72957942618154,189.6224131783182,154.5272352501067
2022-12-28,203.3286949867963,179.74385440402244,185.87977719588065,138.62682115618236,124.89786799857897,164.3737249332955,176.16729353303674,226.78916000042528,284.73864049255155,266.6028227664602,293.3227306663362,255.81224171767528,209.9760101453647,241.25639805824906,220.99640952521463,228.9586310860752,301.3714574106973,277.84951156401996,252.32804778970205,225.2136307454827,224.37053286335967,212.2110514299016,195.88215209192384,154.34435228111647
2022-12-29,192.30495751989812,176.89417387383824,167.99297960234273,137.91656886678456,137.00995122696403,157.1901340549088,190.84830368140953,186.8191330057481,231.45960283942432,215.58868186823403,213.5101664246484,194.71166071914843,142.76289236207202,166.67948773913142,180.61974941273695,180.57787172430338,231.6892376567949,233.02258707432694,242.55428946424095,234.9682060051999,229.417901934578,226.17932225795812,204.7697411472151,167.86340663182793
2022-12-30,161.94516614359074,169.84179173336992,147.31581089782156,125.7172425166974,118.41038521327657,141.27815427215054,172.4860018257051,160.13480659529722,213.12113145367056,204.45139006166664,215.93088880782318,210.38867881198564,129.3053951513954,130.74066778839335,178.23296940795052,195.47021662782242,219.00045822600362,222.77631472080787,236.81973529319762,227.74920982861363,227.24774565279543,226.18178786059,209.8954553638935,192.31116591584598
2022-12-31,176.41325114200365,174.44684065706608,167.05047700841268,140.78685782363831,142.87335329798418,149.01828242038835,149.19544776799808,153.82609532268916,169.48744918826475,168.58281553363742,180.39959065014995,156.89083243843922,119.5719409302791,121.78508121225799,125.7220513147236,137.96697830223957,180.8970580171578,192.77652095393745,226.46709901047842,205.01707885455994,217.99876153087692,205.92447780988482,156.2710268383782,119.3235090767536
