_d,h00,h01,h02,h03,h04,h05,h06,h07,h08,h09,h10,h11,h12,h13,h14,h15,h16,h17,h18,h19,h20,h21,h22,h23
2022-01-01,77.1019372529641,86.16255992704423,68.89817483473445,66.43211912974986,64.37992477285694,68.98549459269705,70.46545579345862,78.00252821843728,100.07954791086063,63.04278820119881,72.07685599393264,66.12486251688533,65.21991217922073,68.78103134265695,65.12934768244871,81.45833638287114,87.9597803121926,88.79497036466576,101.87378536862977,98.89514361050158,96.40868038403204,88.75672928530766,81.68029302631389,72.94050543888422
2022-01-02,67.6905281852628,74.31643724736496,72.4441607974082,70.03639425798139,66.18627205391736,64.41686066974088,69.26293542659938,76.65443692555246,69.66983366683732,66.88466463967082,77.51712264480666,71.89077352358349,67.41089307896793,76.47255415013817,82.61239798151618,89.15508607243558,84.6471885668568,89.06816751220514,96.48453825426527,101.45340462788634,96.45983394991922,91.39403274709002,72.86711256652427,60.59666550589354
2022-01-03,69.14320599712912,69.2893364806912,61.518799822647466,59.19131750340689,58.26535184975502,60.59138046770866,65.01370866124876,73.14732227752809,87.00029353895103,90.40613012700528,90.47785417486652,99.02091621791038,70.43286219138778,69.53970917600668,71.5040849762423,76.92915711218019,90.77577868268129,100.65039981816972,94.7843767153747,91.9047349246522,91.22302464411257,87.38061003192514,63.52090967295389,64.89850640357186
2022-01-04,68.3851329838493,72.79118255776186,63.821199632052256,60.807956036207436,64.5446144547889,67.930639486712,65.26116086423755,76.22762450153172,90.66463776240357,95.70758103935724,89.5853810283041,91.194155799452,80.99234894446845,76.19229193072786,82.55261084723107,89.01510737897517,96.53603601611806,82.19404523430232,95.30315815798419,85.44386921257473,91.32983205429882,90.82386345328622,60.036477633874824,60.146950869726915
2022-01-05,71.94789676717848,70.81331796260447,65.58874181905296,60.969137002567706,60.430191050717745,64.41314771182664,65.51926524896352,81.09640582884106,92.6592890613652,91.50684794922707,89.7672409539541,91.98169714897863,84.18867358141435,82.93489894105629,84.83347392494638,86.12608793958682,90.30875876803769,91.60211520442937,95.4129303897464,89.983048987228,89.49499781852657,86.43472244122418,78.30534145066193,68.58452993028551
2022-01-06,76.94952764137112,73.35728403491366,68.38296479996355,65.95664854928069,64.8768956435691,67.22000454087049,70.72379177221518,81.11919534696261,91.85767672146655,88.40312089737583,81.9133956402378,86.41330776469061,73.74981133737111,80.96851192018043,82.78780264564541,85.16875212028532,96.42094540760216,102.93120099929585,97.26609542774506,96.59776875665776,95.11804745666043,96.24977407135756,82.12964766158792,66.23679234259454
2022-01-07,75.723714498863,73.07692703449626,68.95518890223985,66.03280821512324,65.42908005647702,64.9846451105187,66.83700594282855,69.60905782796068,89.87022820058965,88.15455994424187,87.6178881572949,90.68778310318041,74.16674880075662,72.27230313759749,85.69493735525793,90.53650292279698,91.13956288628427,93.6613744725886,94.41386036039545,92.69320786837984,91.81165793918727,90.17577289480799,80.47308447542048,66.17565469330557
2022-01-08,76.53626975173268,74.72702937648408,75.07263806204654,70.29953695896154,68.22927648696047,69.99551861596697,70.90787308849421,74.3650102935593,90.19528773107034,82.82592880364409,87.1160571986116,87.61177532333042,72.99656275646866,75.737198404819,82.6055067486297,82.02473450550197,87.88780932023768,99.06954877212581,99.58411745226266,95.05771504367378,94.41850593079202,89.95201024254396,79.41412834380765,66.64630881759311
2022-01-09,77.27836342658811,74.50280432947393,65.95719963106939,65.27986471927551,61.147294703058314,61.65288314893582,66.07375917130838,72.94318915157146,69.74359747023661,67.15240943725588,74.21226823703236,72.58198733390246,61.66386242538549,61.951654061104854,69.45111770177576,73.85374881000591,85.49007729195004,96.85314328609222,98.89333120663687,94.37480824060627,94.69590863039387,92.64593245469491,74.7849377576474,65.58098678287531
2022-01-10,76.12982749166817,83.50444310208262,73.01731898442553,70.19646102311242,67.34625639404017,74.81734791464119,71.0951044420939,82.19854648678658,98.56049902087186,90.42202096789552,91.53757576931467,91.6939570118841,81.66786208231724,90.14302162566825,90.08228391249484,88.31802876154535,88.42940975981955,89.0158694405929,99.56337058692361,98.18188699040577,97.92386478455582,91.43103492336205,73.53776863849511,65.5521210934094
2022-01-11,83.3853682404876,71.43554004732816,70.94441046535925,67.50349722054098,71.25728798410857,70.65826424272974,69.66111938687793,80.64445238414496,98.27103422834351,91.71920281385965,91.26205366546024,92.98198972511891,87.66680331752545,90.36625475147085,91.9583732676288,96.51628581896088,94.51163942069205,98.12755476699391,103.26597516716367,100.07401715458558,101.81869720383936,98.06009372331842,74.02873138708917,64.48565559262205
2022-01-12,70.9496677368022,69.07071085888383,62.446327359822774,57.77521958486971,59.20020648756834,61.73348887932647,64.87441468357027,69.94696348644358,93.7635818591259,86.4629234322757,90.74819715750193,90.30717046034772,87.22148616946058,93.1406411736465,92.57680992803184,97.58640996240455,85.62029881797048,85.62863497933962,87.89377302994767,86.39748269006662,90.02731711961717,92.44810164298774,94.85516861737113,69.65280634665197
2022-01-13,78.63246835787903,73.10672026502766,64.9640638203528,63.809469525048705,62.55007650896099,66.60420825694713,69.32215922129201,73.06566050725145,93.16517974808512,96.1771785622999,100.40145295087663,98.20421908061762,94.11022318984779,95.24695341918502,88.63950323681466,90.64212183289557,90.7985798784213,86.93743112089459,85.8399924570066,85.09900093741349,86.68876658106608,86.45867161108943,83.22226875166878,68.89025624685202
2022-01-14,84.21155616419557,71.37523757036843,65.93847609837339,60.805899071904605,60.25970351632161,63.538497666529025,66.91938841788995,72.62606364408384,93.00762366899095,98.35298684371983,93.21549993583692,91.37338370482097,89.30075505204081,80.4111362276157,83.93737300878941,90.09875630914689,92.53756535090322,89.86638363091511,89.54673679251975,84.97378413702388,87.08437813025468,84.43009730634458,74.21657882703468,66.32534746549653
2022-01-15,76.6345796832704,71.38714908191018,72.57342484944563,68.09253844661265,60.296450689295334,62.170360432399264,69.31917445394333,72.63861883932175,91.10485653413375,91.21002868795667,91.31549130169542,89.87155538839919,82.43995080635221,83.95557886672071,83.47700067461045,86.30494070752053,91.21227155316582,89.06793767457842,96.01326065830587,85.32053680380366,90.05849195597817,87.26250029122792,82.68044927837974,65.28504296412721
2022-01-16,82.6928682077769,72.83295456197678,66.67743982752253,65.25544990756468,59.987934498968464,58.17144076994217,64.0145250155913,66.3018976012889,61.27534737220718,60.74626094019635,68.19512751435542,70.07951898428897,68.25620053293358,66.42908685342448,69.00124112642455,74.19380529439334,74.01189685280819,81.77333997907353,93.27177713012028,84.90548396325535,92.22813164447078,86.69684508530864,76.24867865924799,69.21131122936751
2022-01-17,82.29742209888589,72.92138421106526,69.57929813605331,64.31881102125581,61.013373740727005,66.78495750303543,68.34178010763526,77.22353750123821,98.51955973321101,105.95349174701337,89.75830062408147,93.03167848362575,81.45974863847178,81.01661895437827,86.24258359840238,89.93494404997033,96.51549257961427,95.96404099084755,106.59246850013861,89.19935288867607,93.27474045117826,88.36403347097887,86.59014385090465,64.42820804981108
2022-01-18,78.52380963969212,69.39412531916759,71.1376831093094,66.60550701824116,60.99655344488414,64.44918712841962,69.82435087727487,78.12589505648432,92.09498847641116,100.91545314803415,101.67455142027688,100.40398843499456,87.82435284220347,95.09275836676906,102.92374556054779,102.75402625178262,95.62362914151907,95.23620029508265,93.16867131897467,85.94693434262635,89.61954473939755,89.91254810781412,81.13821204688769,60.91727014728857
2022-01-19,80.08757480661538,73.76757226857542,64.55361287225405,62.38897458371087,61.68974458142334,61.625476947082106,69.76181870936472,77.00329740805262,94.88350466591412,104.40408623034863,104.6951926790676,100.91630764682562,91.98842670300033,89.27475051397968,101.87269633649962,101.69043379493115,101.52218453417176,95.19927011862858,96.51452118426215,87.87729778212324,96.65801854575308,95.24552403750748,84.89204574627175,69.34564083016672
2022-01-20,84.07092828893825,73.81437616998079,67.87656277323904,66.52881790168757,62.19184852696828,65.64231164732229,75.33492752996104,78.23069684835639,99.3722175869708,104.69203043293372,99.54023426698886,95.98663959397567,86.22429379659968,89.29534866554971,95.36165434000546,98.8234858072966,105.91784622943155,98.28150625509126,104.70589162301411,92.66635384783815,100.22969851580142,98.43804999389654,79.48025596113165,66.50691190435171
2022-01-21,80.48801739626619,73.892287119269,71.38705284180314,67.25065855034747,62.94439765251355,67.15263480493036,74.578390662491,79.6098847519492,92.55890187215512,91.50903874210806,93.59836913989638,95.97532877762399,90.51400662395775,90.71177946355859,92.5658687595255,94.97976430544908,95.70555230124212,93.86103401525015,94.27069395962022,87.25903604518072,93.70009923280782,89.76353915332018,80.95274092780448,84.34826002587977
2022-01-22,88.79827990199409,74.36208556405157,72.69839465814223,75.6177292243617,62.56751597455685,63.320330705613145,70.95313208929241,82.79402999154112,95.92725641629718,91.04335055048544,87.17419644463338,88.67748208036785,81.19696869679777,83.39502096120432,81.25061200072453,84.27028267288097,91.57667720544194,92.25143693687149,94.37687149422742,89.35466584362005,91.37110518887678,89.07101466994972,83.82022481332189,73.90297681749915
2022-01-23,92.64548421493474,90.03315680340044,83.8726751420475,80.17125457282978,68.66003213544987,70.37779355797308,72.46039704046498,88.61816454960343,89.73282301126365,79.54495175876028,85.05069976879176,89.04611667387681,85.06501077316751,84.1126377185461,78.44616257573198,78.1526025252604,83.59518057587373,90.10546872151126,95.74460088538984,93.7674013484542,92.8127183488726,90.07691663503601,69.20974215472445,61.452144127885845
2022-01-24,100.58036841395632,92.50471692268316,87.5923907677637,89.64582240004542,82.14679193276794,81.176426296888,83.99460492317486,100.79067687838292,132.41378300030374,102.14903821105243,92.41735384162901,96.3591689666366,86.58000759788756,92.18016175804668,92.54665105288503,98.23047671224673,102.11928888118292,105.77752217740885,97.13051097687354,92.8069662738432,96.51823158546645,90.47417815879277,70.16254967856281,72.62724407975051
2022-01-25,91.50972178127724,86.64355257448707,88.32001667999047,78.07738440448328,71.02327291145974,73.8616365728875,83.44592455558866,83.64728630009287,97.86705051853416,96.61245680653656,104.802259776676,106.09522463730333,101.49110434404543,103.77182724599751,110.49729815110157,112.74759783510578,106.89689822371533,107.42319384797112,108.03266869409514,106.44367416334191,110.59219378596498,100.42049344349985,98.94189467486977,79.93394511698105
2022-01-26,80.19168138492128,72.55923507335771,66.41491411211568,67.80460648115977,58.515242589066716,60.04774868569131,72.95883467639379,79.43435017102169,97.85398414262035,100.41149800817799,100.01133329679514,102.65053231729239,93.70018209045209,99.16316256511368,103.34704198194385,102.41866914538352,106.6120522810793,102.41677913257661,102.9154497437388,97.81875688479995,103.64328130710703,98.29954570994893,82.45388679716811,79.68468205984347
2022-01-27,71.01719290137527,71.92230756544892,71.85785304887348,76.87211911180081,67.16741230434748,62.75906686465086,74.78686962284544,89.04299447352156,104.09929804689615,100.84861565165669,103.5313752747318,105.548124678744,110.68690540953887,113.56785338859558,107.05829578382095,101.85926569114632,101.17346400580747,99.0164743840326,97.66510785877836,94.78182264834847,96.44707497011348,92.80090871694978,83.01752472389995,68.23054496736953
2022-01-28,102.79503216557681,100.05019289435714,110.10175402405744,93.43455529216813,80.91285153507832,78.46976853704733,83.08210083489624,112.37473916973678,103.84782360193729,100.37903796563599,102.25279610677161,105.90478703663845,102.31781438530201,101.3646904708796,103.6631702048991,102.31821042962108,103.9637477407095,106.3655703078232,119.90248760131372,101.12589050842615,104.5931368259289,100.14460809694992,79.14314109848988,68.98203370590694
2022-01-29,101.17448478042395,97.45715947444303,98.152600553061,103.54035667082229,95.995137637547,82.34055657934564,92.67543422521659,91.4078527774377,92.88560488217178,100.4611989560462,94.79230754994451,96.33385868909492,88.50961775484646,90.71662241045236,88.90209147345598,87.96132384470002,96.2022116717925,97.5089402758787,99.42524541079888,98.86998987348467,99.88868198748975,93.92381904153673,81.69926460442393,69.61263095383309
2022-01-30,98.73072710566211,99.84017455573616,89.38235477905667,97.80239580241742,84.35319011654049,81.48403411210738,92.84169335016044,121.12769673426054,89.16062726447936,95.09008502954138,96.03266967633635,99.97806098289281,110.78915375030199,108.72942351838196,96.53946317324122,96.48802657315237,92.50204948480945,95.1649053142033,101.24773161169402,100.89518948066552,104.63724765367469,104.02385954131177,79.90901275070539,70.10222017460815
2022-01-31,97.1303609287902,95.08137779426681,90.36158146845737,97.83063554776403,85.0544736507664,87.3500831642258,100.29825182628399,110.88907773047598,110.76800646314008,115.8705722500893,106.74393189500516,105.96113597645068,106.13077925202371,103.99674843769202,102.09593080233174,104.8827885100664,108.61566117039942,105.12876882704022,100.97386320118059,97.09688345565185,100.94685554772697,99.61034631597404,80.49822032216973,71.2980197507723
2022-02-01,98.49170100932267,94.61063660309041,86.95927370387649,87.66336980580208,79.60016034159524,81.62584681731914,88.99574875319126,116.52894176084432,110.72391296084062,115.92492837791838,112.86427082774969,111.35879796935018,114.65666535052128,113.77996797396294,107.27138975876422,105.95879429849207,105.23551127442035,103.06751450640938,100.14942283997091,91.28955674336562,99.52883953015156,96.36445427881677,80.90926907721641,71.08004141005831
2022-02-02,111.41119167550904,107.25334528300277,92.5590160030588,103.92833002249051,93.47743687667969,99.85555118995256,112.16102110488055,135.25425410756228,126.03514429028537,137.65837828646082,132.24090886712932,118.12774192215782,127.71368273961889,122.92518994128719,113.32136254344483,115.68825425724636,113.66241103156878,107.36122672552237,105.82832792525481,100.06636590459506,108.41785555141435,105.92589109544383,101.58842035003194,71.33208444567157
2022-02-03,95.81903015983438,86.79945942879776,82.77946696578825,96.19070500853934,78.21229130072021,80.38865489254053,87.87921110663726,91.42170842021784,116.45184355576981,130.54389566328217,124.11661529649507,119.84988334754658,110.68378804494134,108.64572360313895,106.31456200868544,107.86990220587033,108.48589605945848,109.59812063017753,107.8356971473615,103.95956345753791,108.90490862509755,107.83677081675667,115.51482978754812,103.83529995201704
2022-02-04,87.78638775547942,80.16583257994083,62.07978598294616,77.15185530158408,61.387230863386776,72.06352350185617,77.14874333406331,90.20141746176473,114.35950173671321,120.42463599547386,113.83082045472895,115.66032571393855,113.92376712454454,109.98647855167557,103.95593267960645,103.92216363336398,106.13376572273388,109.99421566143421,110.06084976802798,107.91217908296436,112.47642101698932,109.90206932290089,98.12130581175762,97.3810350657145
2022-02-05,85.99815455178437,95.05073221460029,95.8786644007229,83.62264046382242,80.6733940841824,82.65049288586772,79.97892482179986,95.20928167842263,110.36030488178741,105.21683276530999,102.99364794422796,104.74098620376819,95.16368806591993,96.71745226412915,96.93255529125298,94.97541448065635,95.04384975630583,97.59294212551872,104.0179978132445,102.89122576328029,103.33929429423208,100.57115236969469,93.41673394969189,98.73018197730302
2022-02-06,138.41453392061564,121.17779818930165,112.30619970455793,99.79681620099103,103.97068047172158,109.12254322640943,94.87048245915783,100.29168839818354,100.22290518640301,94.59755546102659,93.72184211820505,98.49931162987329,97.15695265730815,96.7807602602275,94.20692523611125,92.64678286419674,99.49339396855352,103.07699019565298,110.96128848048912,109.29922466427362,111.19658274696474,109.42498124992073,99.8509747580529,89.66522251949571
2022-02-07,96.33583448779542,90.49657360183984,88.66355851148249,88.96032595702954,72.69464745248743,83.50190287850982,93.05623207428702,100.76357009954093,112.65382039001338,106.81683359015825,106.30186310123369,111.00245206882006,100.60680208134784,104.52249448958129,117.27007185084487,120.43282092772034,115.64082536884793,112.75450978484282,111.68328233236814,110.04275097539501,111.83987261071341,112.35278093742133,100.49055793734478,89.36905148216768
2022-02-08,89.62827390493813,86.90159004324833,79.69932397097811,80.42643039362784,62.76155084446805,73.28370387770623,79.96283839259867,94.3466220129142,110.71452018332036,116.61523717939113,115.5654100724182,113.16269354103906,106.00410696498132,111.08811172678327,116.27208091336125,114.1689498622156,118.50007460514425,106.02479000695811,105.74227243205414,100.6280486949052,101.03940442047653,104.38262665164018,94.09588691517138,73.34168160884563
2022-02-09,86.4914204854001,88.09566571896715,79.94173959803017,75.80788104124355,68.92232135716814,71.1573023922248,80.11964217195961,99.08148755334997,114.2546180628459,115.83315138984648,115.75962311833274,118.03871184429217,114.83806797596253,112.6014127094667,114.72068799399547,111.10962643567818,112.0787147462088,108.28720617103845,109.36860516445711,102.03876423980988,108.15772310200079,107.77386836349154,99.22159381834082,85.18647580825666
2022-02-10,107.52285864738896,101.38517043867678,97.51230171349339,85.61119618023348,96.61748467364639,97.01326188616721,90.27429721001064,104.01024554097661,122.08016315583674,111.43507309054971,111.89143223446953,112.7976480468035,109.43481846501423,105.42464032464122,105.12890884605109,106.10473643058022,110.84881384732809,105.71875837256619,107.54739492588027,103.7921286233454,105.31777045009386,104.05970259942069,114.39393405367645,102.57524465948265
2022-02-11,102.59692600841716,102.2212415733451,96.01164540413518,85.9325226581974,79.27583255851795,87.16222588910215,85.6419674161262,105.50929303392738,118.13732780437309,112.87396376014954,110.76010417535927,117.13955724322477,112.58765340469117,109.47283858691266,113.8921989147044,117.38567561347315,119.70479709178585,115.69208123889045,115.72765621710208,110.05259777882053,111.95420700799963,117.1037112291909,132.43169535129135,94.78026335835308
2022-02-12,108.77971693233582,109.17037521677298,104.01716488413345,96.56020023984682,100.3388098859308,105.5732980017565,100.85364283046937,108.75137122864015,115.44196837484994,112.4401045934724,107.18421649490871,111.75646742378802,108.68220123981212,104.51896459141471,106.13568889173094,109.73920539425251,111.29969814956608,112.73130853031613,111.66351485625174,107.84902780735322,109.45054730786609,111.13593197108777,109.27765004815224,94.35528894742674
2022-02-13,100.45245062553983,98.47295169296217,89.33722081592892,86.0676083890882,84.4699377463974,85.19760429941266,81.95134387973624,82.60707358508266,74.93221979299325,83.90269016318155,84.02373478259342,91.17963224764938,80.9256374800656,80.37389556933871,85.0213874614536,88.48416572078015,96.02429851206685,105.16591866313257,108.54169758514965,105.69390739713133,108.90087098570245,107.29120181203089,97.50150404391619,86.29339259189197
2022-02-14,87.33430229142942,76.9333588145026,74.62566229945604,84.02734837500321,78.65284757310549,80.89226563685376,79.59714948586489,85.13933607906,102.86583449022834,105.74028472897389,103.51388658553999,98.30116919262223,96.444996768995,98.78316007362817,107.46083185526531,102.41325798196395,103.08836164124324,105.16512041143827,107.05401942952211,106.4161952312626,106.57943329480081,101.79303837266116,89.74879976774086,86.0154814511825
2022-02-15,96.68347218629552,97.61958210412581,91.19396447293258,90.2678791612125,79.46196514420342,80.08464948250385,94.57896396329808,105.03250594448919,110.41670596088981,112.72072194783786,114.73890374367413,115.67992735993153,116.73030159016108,116.18268846226947,113.32555043123176,108.44996997621395,109.13348310598464,103.22263040989111,101.17123042826071,95.56939220719771,101.77776518212863,100.71075537036647,102.82570604745902,102.74192590956721
2022-02-16,104.16331412819686,104.30608001060719,98.01754837513825,91.20471420467678,91.49037043749193,92.77939130945397,97.13426852385572,102.23459483737831,105.22821812293829,104.54781036606619,109.02555014445014,108.68681640571087,106.15804522071348,99.41120712061223,102.73528041101157,97.60658533546615,102.50249851724791,100.75566362136693,104.88542150219156,104.71568853224751,104.23232304767187,103.17717737526714,101.82045755453773,93.37309075003638
2022-02-17,105.32638196844928,105.97419618784119,100.75976139675006,96.7184203972792,96.81576100119841,97.07142188606105,97.793966390586,108.63582939689128,112.0145095652821,109.99926429380756,114.46712752570902,117.24745238249346,115.3081761736251,112.33496576343805,111.92203697969319,108.49340576922617,111.05374582498672,112.45625419206085,110.3464354460346,106.12585030060842,109.00410978402181,109.0799234703025,108.3546873688077,96.35933756335425
2022-02-18,105.7541587521767,106.14531329104251,99.76068031775311,97.9083943565195,95.38120596090747,99.11929963508054,97.16406266347848,108.29841165252651,115.62363972715671,116.23816296135016,116.20466391552834,116.63891182920928,117.38315676780483,114.23501565502595,112.24261569987202,113.90621130653186,108.80056440246672,112.00520796380083,110.57245600797484,106.15670922378307,109.23490484734369,109.5018872436243,114.74675173408733,109.81877990980676
2022-02-19,106.5716990916953,107.06942061308544,101.37742798025891,97.99370906013864,99.37583581819351,97.72764879968302,97.59475549197055,105.20991527905508,106.7800459425712,107.22417829663527,106.3198614398898,108.07274422770818,104.24719782017152,103.44909260416647,103.18062238505036,103.44606300599307,104.59116252873395,108.1127783126524,110.66344557514263,107.77772203428057,109.41447560485695,109.98407365439328,110.71235416366244,105.9766975913782
2022-02-20,108.674114689912,107.20640389758573,101.83980694935485,98.39579612141696,97.75951711701791,95.39780830809352,90.22569255202512,96.71410755272589,82.80863766890405,84.41480003666915,82.14070188879913,86.01825140929371,85.1641388461571,85.61155580828144,79.38688295334441,83.27332457521425,86.15360421694237,99.36515165066766,112.95185610262581,126.0082437841851,112.87533798755267,114.16712051079459,110.14714421424415,109.72714083674505
2022-02-21,103.3857433258677,91.69238493390081,90.5439760960118,90.54008889894111,92.9348598756525,95.12610589608177,100.1243118437049,145.51339951902747,113.23623008013723,118.58762316824314,114.35063698736315,105.7515771863594,103.51042646161685,100.02855371284886,96.87952537519878,92.52273587369086,104.06686304428843,108.79422660742162,108.58497750307234,113.06793965283205,108.223244908454,114.98276966697134,104.3935401435576,98.6177476841379
2022-02-22,99.22874807664371,100.53501960864291,92.95202504421889,93.38924344375991,90.34989434211428,93.3307965388677,95.56081619329794,107.00845119292389,113.20383909585543,113.20123825941307,113.41829724279032,110.33711848271142,110.90902026043675,107.77196773247496,105.26803171894632,103.89253293833866,107.65468459682015,110.03539715261266,106.61934709173741,98.69819461838935,105.20171800221823,108.38763863990187,105.67785313811235,99.99195142991367
2022-02-23,108.16477706672411,109.64883023664548,101.71425100932079,98.81421794091986,98.02749042967213,100.84684897659747,100.94652914068746,107.4727366042815,116.05942025904451,113.06134641690335,110.45936458673272,111.35229696185331,104.68775500621605,103.16708193978671,107.48521767816068,102.00503124049794,106.62086251054097,110.3940170714822,112.23581060092333,113.8716321568491,112.84119916441877,113.4605191493661,112.72261908570633,104.9115838986119
2022-02-24,104.27904670576964,103.25057962371451,94.93795139586055,93.1287874294466,90.68164051411446,94.90153325467973,97.09144380997417,104.15813576315192,113.83986571609528,114.1835831986533,114.15219976253002,114.25853810958154,106.38413612221035,106.14428861140073,102.37662820958553,101.88762516770954,107.04707602961396,111.0513121581381,111.02047338008424,113.64182766061376,112.1180411590558,111.82826355245872,105.04585134283701,94.42762856218197
2022-02-25,92.75795675033943,88.94619298558139,83.18092840634753,80.09244892833793,75.91614783126167,79.34586700568043,85.70723063935688,98.3842288933855,109.38051947482916,110.84350992168598,108.71324974379495,106.29739526173286,99.77764951007046,97.04677465914179,101.57647712402066,101.52420260538335,105.59443790740433,105.84416883290979,103.32155931052453,103.27882483842832,98.89902423793929,106.93022419015833,104.38730079594949,95.2678975738709
2022-02-26,98.46571217502286,104.93086688840097,96.95222398913002,91.84813457907899,88.79825101528336,92.03154338820264,94.8729456684809,99.19808284707321,108.3259484169321,107.32710708099846,110.0371397923533,110.37706786819622,93.00890766421432,96.88897763890688,101.30440959114895,99.05293439150599,101.85676999435488,104.43470684843696,107.09153824604154,106.21583237623693,107.90547885086823,108.18315405759137,104.95257170821286,101.5534594153544
2022-02-27,98.61908130094209,106.23723918112572,92.2444675315982,88.13479193798376,91.69877340975384,91.72592833542899,91.40887605283585,93.48608114425778,84.13103587532571,84.87856108674495,80.12138977799194,92.07905631004262,80.2408248702418,73.94316752434166,79.92619859424744,87.78401359474383,89.73992722132043,93.47603779527466,103.81142097505096,102.26312948385281,103.45748004686338,101.92400573354375,94.7115682260047,88.11068557431543
2022-02-28,92.42388046070671,82.62244770897784,81.32820155921081,78.70832040849822,80.23826038299259,84.93831299386773,92.59136733155135,93.62720779201207,105.85177828833584,105.87872350629605,107.63013126712067,107.03733143409414,104.67082524718583,101.08389205704907,102.77487952309725,100.91451174885154,105.0368329063588,104.45143957269286,103.38278101361362,99.77149283240325,100.10466519940688,97.5023636007411,86.579820241973,79.58061734704559
2022-03-01,98.6315418903951,98.26710520206099,94.4152486992804,91.92228379314275,86.42675936026085,91.37582584861116,93.60651674230682,100.95211563882282,110.92217908493456,116.82552450329355,113.85628028433234,111.3741742800188,101.07919299867692,103.69709798640791,102.077072903444,100.02601967288507,105.27763221584418,105.85474879835596,103.36545027169261,102.18046351691356,103.35241936377811,103.05694819177187,99.857649531296,95.49596097491776
2022-03-02,98.57991438142054,98.9712331484404,91.68569697031016,88.41368653848296,84.03935029101945,89.15198244662888,93.65654413402174,95.66660171386327,109.58295823949983,107.10262568481598,105.76523643081273,113.863686693753,98.4972298820736,105.76105430094475,109.54621748760172,106.63762023453347,106.72747501201754,103.2209118574904,105.41389072500878,105.06829179680287,103.70279252899644,104.23813443278766,99.03309070373851,90.36935852359812
2022-03-03,98.5058892613899,99.50551525136927,91.07524015172442,89.60069691377096,82.31321990476546,85.59314653448236,91.43544687576238,92.8076585266322,109.17344871394839,108.42991666674544,108.20897192876294,111.31627057673164,98.99124452991165,103.33846587353649,105.84807936997301,101.104723158701,104.80088310274225,101.67445848933934,103.4380039639739,102.25920114897337,104.8975610352076,102.68573531949264,95.37724524724786,84.80774739610884
2022-03-04,108.43854441545133,110.77477252170509,111.01097921429263,109.09885524117671,103.29689528150698,105.82953820457926,103.63173526370083,111.1873575208139,121.11573492196258,115.00800958539827,116.83777887765149,117.84179810855518,120.15893161389809,118.49558278347065,118.27993255843097,111.47718254022784,114.08413662537131,110.11965194668765,111.49988524401417,113.37376423042879,122.39943451166053,120.74583551478511,122.1868886559629,118.35080908253101
2022-03-05,110.77522730312997,109.7700527786275,111.16058953999708,109.67880594010683,110.18402091999423,111.74976189342331,110.76926210412788,114.42536589875992,118.28265834311222,113.49239873165813,112.79229584743791,113.68151745413716,104.33729438679414,102.1164961708376,99.97214244144551,94.35406285701617,100.69365974884911,107.87915346241402,114.20300452349126,115.45732632651955,120.30492344745672,121.14764451447456,117.13091711707604,113.75332143379282
2022-03-06,102.06780117809477,95.31145125383581,91.85170649566285,89.4852356381278,91.10385795742809,89.4737229478492,96.12490854989966,109.97049799192976,96.85698872478261,89.6351380562304,91.3652381335567,100.02327756435301,87.05166469961898,80.84885922419018,92.65741673261462,90.486375071997,93.74533650464845,97.7350472747981,113.30646427511385,112.77560022173068,117.08096544113063,115.50745984819011,99.72253266359294,117.55646116212922
2022-03-07,101.70528608208365,99.86570511802582,98.44077216660673,95.42633786298055,98.18499701258732,99.30038479322911,101.34815234308773,103.27716648099936,116.57375130091727,113.47359743414916,114.7869562761008,113.19569633247136,99.76570400273592,130.2823137123823,105.35217622273488,103.810430810594,107.0225347616007,110.3258107714629,110.64864616037634,108.3588321375994,117.10251887281969,117.27668418085786,104.45927668732412,104.36734930280993
2022-03-08,111.27411804000235,113.35539813543059,110.21275541434109,108.2724759439521,108.20616511808511,112.0391188794309,113.9347795814761,129.77875863673324,117.35488934371162,116.05464820317002,122.08356422077013,122.45763956806049,104.50996751179161,110.62079987630894,117.27573500479646,114.31633893077415,116.12660244225317,109.95310120968878,109.92627064680867,106.02169623966935,109.71794616719542,112.12714278781385,106.6424025864139,98.11994705531639
2022-03-09,108.05300394710373,106.6611730083813,102.13148888881446,101.78898417729059,96.96384695487428,103.36111493625069,108.94622003876184,113.93336898909693,116.38131073670411,116.15450435109774,123.75554915326892,122.32407276104473,118.49128518574189,130.46684154204917,127.3699679633486,129.543464719389,120.18006546510549,116.72654161397216,116.80507899203629,114.89988371105858,112.57028589662254,111.20149004467099,112.76657269496124,103.5414784222175
2022-03-10,100.70221316699444,97.68524858992416,93.87535087901975,90.62796264026035,84.11980188242681,84.72760841428837,97.81351946247884,104.59892217000953,116.082846300796,118.20701628794804,123.42093512818334,125.64939429123483,109.09355998005898,122.27030625423097,127.46524797522444,132.65276902004348,124.79021805185626,123.52244306386943,115.16908011720284,112.58344977117784,104.48266522982522,110.46133418838872,110.31907368792885,87.50079610419222
2022-03-11,103.03674681009775,101.22893264628456,98.84719914344883,94.63826101492452,89.63182674814335,97.54521787504487,102.45897297199544,111.92958842698911,121.18884548600384,119.03473386238872,119.51200266407879,123.26215905402154,109.28211644016221,114.91816740835918,115.3661685780848,118.57985396907534,120.32673229917857,119.20661938532147,117.63821569520968,111.47905343067104,118.39274022091051,118.2731575739826,114.91374222882898,119.55683974010812
2022-03-12,109.12724475551191,107.82943261595013,104.15312931239703,99.24669980841736,100.2281767737857,104.5058339793683,109.24357195383777,110.83113030140873,108.4508214380819,110.62235760236136,112.82049746007766,116.96161790286367,102.08158605534305,100.24171143505733,103.35993416483038,104.46210945972258,104.63522769559826,111.7483451242507,112.2964108363165,111.6447108837238,114.44946078497075,108.62888191243576,101.88073091327132,90.88259309098066
2022-03-13,113.29448539766264,106.18136474757512,106.81812482795898,99.93114565576306,105.96149964550582,105.02139516055581,105.4169018705441,102.4898397522793,91.4913366313447,91.44745367885838,89.58161777503925,96.53741859784051,91.99074834629575,86.29504885520775,82.70847347687585,84.77679100702538,91.85113747843587,98.16991294497018,112.91434118271526,110.25838651067303,114.04228919863687,104.4962363994106,105.7812941425362,98.55172103768477
2022-03-14,104.23292928743003,98.75429496251516,97.04473367559962,94.4919276798241,95.77977903424448,101.43109616383073,109.64022647834466,108.45219687503844,111.50744384379014,113.33498165735122,115.05962242292462,119.34712308551883,110.82472506141168,110.31231262840355,114.59143048649027,113.57142159241863,115.02748587238146,113.85089160071095,111.94727277741919,107.48243663029183,112.01394902974366,111.71194209884713,108.69956998433972,98.44688417664406
2022-03-15,111.6723859440618,109.65286284264981,107.64634574176958,103.21016673038591,99.92226016264803,107.80747006736765,113.9346649981299,120.73517967625826,117.59288495139579,116.28248699439898,115.41888598264437,119.24660482222225,114.34916548117596,111.09681373736379,114.2090241074907,111.20601569653448,115.17611639119302,115.91634746890145,117.97366305513565,112.65971363096521,118.49364611950307,120.34057119185205,114.43948555048561,100.58644738278345
2022-03-16,113.11162815563323,110.85431348358529,108.20989748416216,104.9178942122046,104.14723462045126,109.29586982150144,117.41795361963828,114.41792558699835,111.5968683346086,110.83515713793199,112.51179676256906,114.61400879678393,110.0850433060735,113.59087293230775,113.62498128042594,110.89107563927762,114.38064124291176,116.53469066366485,113.96390071875558,112.6282786196652,119.68128355904736,122.3433093838862,118.54267727244441,99.41080506524753
2022-03-17,118.06943433209118,113.86415379879607,111.53542213983779,113.81497686446298,114.0577071379986,114.43341935722442,123.06656064139712,114.46042670662506,117.67234345373664,119.55701931872436,115.15733770681203,114.14462831657029,109.97987201301032,110.02940660582411,100.41896796711622,111.92802617179122,113.54289944893438,115.90219506841011,114.35855426648634,113.83128566243131,115.40674557829209,113.4370922290534,112.94367016567857,98.90493257125893
2022-03-18,115.00477197147902,111.27191289557112,112.93275230168071,108.53301987639915,101.67999321645512,105.61157294057091,113.92019493080637,112.53746312291692,120.6145217422819,121.40260280072978,120.34992731052814,119.36473443447304,116.61111702917864,115.87158527282722,120.6606756871228,115.74744280352297,117.65596054669638,116.85115981521477,115.95849565651817,113.24543389025439,117.01384599457901,115.24173996726678,118.02273769631141,110.48587822972556
2022-03-19,116.14139393746174,113.0974228426637,110.26599349222455,106.98146367617824,107.95848738324554,112.14363005914802,115.27555585123513,113.89049963469658,115.61392612399753,120.07898555065447,118.88822855475068,118.19781102601142,109.14835558623226,111.22264507270667,109.90212277894098,111.09671030804431,113.7923038789775,114.93975643166696,116.1981650809017,115.02808244972216,117.29685271820323,116.56831390025008,113.31867117517282,106.90724751086242
2022-03-20,117.13348386314756,112.1694274346302,103.01499571124037,100.4321413139853,104.83506975481313,105.02378084659779,105.12369999344364,106.31480408347771,95.21094775140283,92.960887074074,96.1882675009161,104.267907628467,99.78440010501984,94.69294493801908,91.5299378442488,94.11534400212885,99.96173763355908,105.03363920636485,114.73615609142271,114.43283851037421,117.30522708296336,116.43471539756979,108.14641466502991,102.16797618512507
2022-03-21,108.60164987454428,102.33500904624064,100.02961129766017,100.20989739165594,102.4756516366985,106.06417568656688,112.37027204729306,109.15400667246341,112.0762569353284,112.50317766684411,114.74769896391749,112.46767737823424,111.48953414368238,105.26471867138648,109.91428320485157,110.56608733434278,111.11963331822368,106.22450432323755,112.6408439613675,110.32296707291312,112.0541134490134,112.03967148037405,110.84877376931674,104.89033766713412
2022-03-22,118.40847948025481,120.96439910624301,111.03558792996252,107.37577348424428,110.85603089053176,116.18132912636591,118.87064710259529,113.41891923050133,113.54617911107948,118.8908572883562,115.73117649119517,116.39866662010782,112.0283675647202,109.83567054114769,111.51482684016104,111.42283551687261,113.9775353072818,118.45547331167766,115.7684605623556,114.93840245440514,116.84516529309457,118.06291119486964,115.5625345046911,106.83912826737536
2022-03-23,116.50431408889872,114.94658170375045,108.81481097140991,95.60794398599302,104.6991712251235,113.08874754885358,111.19224061975495,114.26571053355039,115.37093090534133,115.98601400643554,117.2299067030042,117.11198326540305,113.58525235397875,111.9179820244846,113.82220136653562,112.42443590816494,115.50413947681884,111.55930340488442,110.09207475922528,113.76330691281431,118.51361305228588,117.69708022382818,113.73104837279206,103.96279687902067
2022-03-24,113.18289548255319,106.8755716260928,108.39655844396667,108.29516332066426,110.62940333968928,117.38902573254909,115.83540598074279,115.24927721555719,115.33075306898523,115.25717564460622,114.70101538248845,115.91177816741805,113.45138785623263,109.50764425522392,111.16467155789255,111.45187912353859,114.6033270476109,113.23919221861546,115.85858762029898,113.68087093549032,116.86474974173538,113.93381753080223,116.69011699834137,114.87140053512076
2022-03-25,119.83347385270987,127.92597387296459,110.17300570044851,108.49625224106275,120.07956393408769,127.36609590833719,129.21291523816583,115.30475930968669,114.56122865922893,115.41167832797417,115.60277284009125,113.9035796107971,112.50824432303072,108.50744485631807,111.36786877544692,108.15510559414824,111.91370425005931,113.67865593970211,116.83271174359359,115.00058646685844,117.69721411183714,116.95439002848894,114.11591039535179,120.15058811711033
2022-03-26,124.2912217955017,130.697757519486,113.28756896820738,125.83801753762351,119.03744858413512,115.46040472368435,127.74577112849228,116.68752379690272,111.0207044599893,111.04297705840152,110.79364695015987,110.52235747727308,105.58369907915998,101.47296153304023,104.42616796883644,108.50573642597706,110.76455190835489,115.03369725972917,115.19130009345845,115.2023012629578,115.29192433296713,115.26392817893505,112.13002235825684,115.88814561115502
2022-03-27,125.66584187590294,113.89389545578666,114.65241026124748,115.84455467359255,130.48201637321858,119.12573433301503,121.50435168308005,107.62360116775156,89.75064673231437,90.56696641249263,90.85200524419817,94.87790002486625,89.64454161687394,100.33882500528021,87.31166389242075,82.0135118810853,91.85164192904365,103.01276125884651,114.8426550799455,116.32234847385894,114.95942189497711,114.69819877827547,106.98422899055274,114.82259296279577
2022-03-28,120.8257342985051,117.70547101269977,117.46692554289235,121.43961414602013,132.1559082082611,122.1415701972591,122.83302669226782,115.23480384183952,115.55150466706418,116.0912446017263,120.23187615643742,120.31675220212504,111.43449321880772,130.79800651274704,107.68371176182494,111.12358626368338,130.21190197777935,134.57174661722271,116.57400663683022,117.3859549897872,117.88301400573805,116.69945638940659,119.63036905423299,132.20358805972901
2022-03-29,116.9888975808221,118.80356154288104,117.05440988055375,116.74030959480238,116.90212086376421,117.5362980359199,118.43790739484912,117.36134721712286,115.28141762982459,116.26658365473867,120.17404829670396,117.97223461212063,114.4542064244096,110.88188302701481,136.79583486078414,112.19941896266775,118.37305744694154,127.92706265288886,116.0257945719549,116.3419937920479,115.98027915159807,115.69805398357693,114.8660064576619,113.25562740712577
2022-03-30,118.16762200239806,115.73698878772979,114.8959930031879,113.53275779676666,113.61390468769093,113.69629857722359,115.91244769565172,114.25295311965124,115.41166998866227,115.63557547545092,116.70870916654428,114.5605842948292,112.49410576139775,111.05602434537462,111.76199468417803,112.31555403366575,113.94720053277699,116.20483426913073,115.27771639779677,112.70086040179264,116.21790577645376,115.80005051020146,114.79092372831451,113.25549937610813
2022-03-31,117.25540408010863,115.71675937212886,113.45314781645261,109.83864974850896,109.60891240505356,115.81641186367716,110.02443564836344,115.92807012961504,114.39125942906085,113.69323027183576,110.43176213525456,114.20809231276763,106.00257278737428,108.77538945595559,106.20644412229532,110.67778421351119,112.81325243102224,115.57275796174642,115.37617753036253,112.7706249997998,116.30302999784989,115.78884060870543,113.26476584414354,105.91575357467
2022-04-01,117.34412695516325,116.42605367951974,112.89963314614273,107.21247226992844,110.51566755350592,113.15465053089665,114.96909744384524,116.08939751339351,113.12291152320108,112.32219091766561,109.98411117576919,112.33194141311785,103.73900081736487,101.20478398936224,108.87557922899424,111.51716425350263,113.75488886908535,115.70737274768902,115.57787897717085,112.83923354359256,116.24148092664507,115.83705216757421,112.38053708300279,100.74891268858197
2022-04-02,111.0125367757348,91.8808647413814,62.437149498025875,57.74893226951699,69.77801751106125,71.07189324217276,86.3230563549764,90.81399070744459,115.43088776459086,119.42845402335111,118.85866954892923,115.00290496197661,86.26515223840272,72.87868121676634,104.30117593327508,112.06149246912327,117.67602843194018,112.48233911320717,106.89496246284541,114.2529627681559,101.12850820656548,102.19969285339641,97.0488951149672,79.63220855273599
2022-04-03,129.8030762267392,107.01799750263017,79.66221754413412,70.69336773894344,86.71754119553884,72.7202886920279,87.33954592096877,80.41517763098437,88.62070835992157,94.52508173712536,76.56885714983359,77.86127461152968,81.57634355109307,76.78683460697565,55.06346603143899,62.06532935875803,69.4262031156756,91.06498804952032,127.13941881201953,125.00243543782864,128.05859440169704,127.70952689073265,110.0355686634955,80.22274148149526
2022-04-04,52.26354228269148,4.430876299644457,11.591973809398908,43.50205298825411,980.7448070831366,20.279185564613588,100.37099795701758,100.2452623331286,-8.631541885823584,102.97121089275414,102.16835534694137,-4.291225332193201,-9.017675280532204,4.4378085306065636,95.78867282414124,3.399133010776782,6.611235195180398,29.950680438931833,26.102502263855882,93.25434860524007,124.81945523077906,125.08509362411428,160.20810635464974,538.006877197876
2022-04-05,230.24991498442188,435.39223562051177,2673.9143487476567,4329.810393017799,3749.905646954396,2600.926954126233,101.6410864852378,101.68675973435941,103.09933722430499,103.73700665885931,102.93439804520244,100.74606620139741,86.02663823624411,88.37997574197722,93.55764670026575,97.38881985649651,103.39136853668437,109.25603961000849,115.41390981824296,143.07901005157092,142.80588536515538,132.13005675602358,87.7094334767303,87.63266089833093
2022-04-06,142.74741821070484,122.46662967944279,24.028903885782555,12.298211213383626,107.84801814568682,39.22673452938888,100.58707849451693,99.54250386097779,103.79040561250247,104.50849710655709,103.69981145767169,102.30163787487626,79.14327649628267,83.5906585990387,92.85026320460531,95.64525759707875,102.42954899815261,108.71359012537744,143.03003057951565,137.23087538924474,130.28783975451574,131.97877486263585,99.82167385830478,81.794996326318
2022-04-07,152.64906314883706,123.77848743987394,82.25058724976249,87.47528397692534,84.1927287518811,87.13201305205578,81.12637349216466,82.67008839601942,104.09713212635563,104.86510511195546,103.95837974988495,102.59912806716655,58.28238717105793,93.17475945328644,95.54382578986001,98.43829633060903,103.94669429635366,110.13469716228781,138.12472782553886,151.66274927235878,155.0313562340239,147.54347951028254,113.45871485958054,120.71481506558969
2022-04-08,126.28202331176743,85.83759498539052,58.91194870679555,42.97088253724728,50.9498592769049,37.14554883520341,46.691703684473616,38.7199923612793,104.4085425654183,105.47055131081729,104.32197512016039,102.95796988441599,76.89019744630541,92.65879553762036,95.3291265411992,99.22176472205464,104.39221368810315,111.45234713207668,136.94157960115214,145.23716061630537,161.69211442299718,142.3107261663183,121.82216908255977,106.58820957301397
2022-04-09,130.08470492807098,92.27017579766994,71.93364569062301,155.49793887326425,98.53029826898974,202.26554412140766,101.11291088517211,40.008230045040015,105.01700252559917,106.03397670050451,104.87926535035965,103.4846303960424,69.96134653931101,88.89820037540696,95.47135053441049,81.38848599648959,91.66818304502432,101.00059970930755,121.39099776190349,140.11421247144418,141.28834800104048,137.77080808609463,115.8742676018331,118.10707465405922
2022-04-10,122.19887319114149,96.10061790785524,519.5302308346934,846.2696197238353,453.0022025350862,1856.6354832646725,241.40162771446265,106.8197360908539,104.4065248952896,105.42619169365575,104.28307492913835,101.79852241802753,51456.54820795007,73.38919745328022,76.63105643239606,81.66237849794923,92.22425532159949,104.53650817755525,133.116397420817,139.29910754047276,84.54625335846526,84.21225857273797,34.62400456628138,45.99963794643882
2022-04-11,9.661580819582833,16.89721284729322,89.36634665608311,133.43716000559766,141.24470369842027,180.82746333548204,301.8605615809963,1048.7540932672964,95.54958829975098,104.00181458484673,102.8095090755383,101.35278017086615,5466.250317878074,2257.5534458433053,4573.63139629116,1501.0327493124646,691.2132339137314,413.32545795194983,285.0749369250727,113.13760916287862,97.85363281032966,99.08764758865149,70.83139474703471,141.9011695069247
2022-04-12,118.66610413759807,61.73386209628997,135.00060960744102,364.52258571761433,96.64925623882083,518.3477215818631,809.3631651234725,339.15919908261844,103.00505804344016,111.58474522583161,106.15107525863385,111.43821179372843,10518.585399720536,8313.901262717085,4232.699911122765,108.57994958505635,3271.0574693015965,786.5858369122111,325.5942322137563,132.09339186216812,120.13830500005469,90.31495380493017,325.7204704615217,216.70734678508384
2022-04-13,124.19151467732026,113.12877250461224,163.52514487756577,151.0375488235604,96.83376410558294,99.14225184073499,10.869190347704018,30.327506261034074,100.20766862801348,102.72258303189776,102.92213607853247,101.1961763557239,22.37336312400488,83.32729821720905,7.23001015052527,99.57301250259883,5.496094320710414,44.141858038045854,43.76425851925076,114.53078612791853,90.60674143965291,87.47523713627139,118.25934452000239,81.6974823689433
2022-04-14,125.21545524136883,139.00610529884852,171.3074953495209,144.54174551758027,96.66222664249345,174.59105817244622,140.48521051172807,155.902965562565,101.99942696580773,104.01534841977679,103.35054403193655,105.70321357863924,166.64339844695365,265.43514793062474,127.97605470053782,131.21517224742215,131.05944240512733,159.13036369380703,139.68920703746457,142.8975908287542,167.96400992461716,164.80747354093998,172.62145433634817,140.6151565086226
2022-04-15,125.88427293719866,119.86340405418659,105.7818371670701,96.14876434413394,96.95155159117635,101.86734333293603,109.88710089308243,95.05263526690872,107.79417801066721,114.82582346168678,113.69255915949357,110.9800833977435,99.90377914360808,99.61518890790617,106.95030052165014,111.78630492403477,122.05909017961065,131.2693903631226,139.6424664556707,142.54200433902508,191.75225094288697,184.4622500244048,157.66566579131148,122.44458248138459
2022-04-16,118.61139316536234,104.05330917033588,86.90113542350666,96.50092736187533,97.36060041784027,89.75643909040555,83.41666144579351,63.64943715518178,78.52956296525461,76.60893836413136,70.82131240971644,66.72568001692385,58.813331089551845,59.74725324541425,59.47455173999416,62.61627024356723,68.0839449942984,85.5596116813588,112.3807212438618,119.81772065963888,135.51720825803622,127.0026761367739,115.1544372291396,90.52157204170481
2022-04-17,26.936394958936507,15.137042227220247,34.26739456808694,35.92169327510877,98.03035283671846,17.494613385626003,13.819501791035721,12.698945557749061,8.249378857447216,5.960985248895822,4.996085347746063,3.5673201423649665,2.965173292307042,3.253723206645002,2.6505978362982088,2.381604778150807,2.2700096054556416,4.77535425205963,12.42948553769129,24.856389017809686,79.48534072111221,83.17579851713073,14.102657051476058,30.205672235538135
2022-04-18,115.60420280242347,102.42238116844683,100.70564099002308,96.2208405914209,98.77478108717484,102.29755635649502,85.40237732819533,80.60674469759036,114.1389938482498,119.7023651629859,113.62830137434742,110.64901428868065,103.58227495536778,105.56476381170714,105.60548230797167,104.47383910108083,112.1937886146004,119.21404059171579,118.42943558982263,120.73733480123633,144.69830918016336,141.73712777422256,193.98496742806273,118.10907627172071
2022-04-19,116.583600848605,102.83174651827005,158.33770242619755,97.99525910554237,99.25457848661256,193.4695488286921,109.9322360974048,107.55375897048079,122.35084289772888,131.29758542352886,122.42022652032593,119.54629392673733,110.85664382076033,115.37050237957982,117.46198993877526,122.7674963035667,119.82358626070044,117.94439074703521,119.21058986730482,141.36087026895052,150.76746033425485,144.64673464925454,178.63004672666443,202.3732239288127
2022-04-20,116.44207224405399,103.59758079566242,211.54868778746723,98.63366067157332,100.2635052534716,99.36001601137917,113.41377690312211,113.53063995876104,120.99596394284904,126.02858350863741,116.11040899296734,110.53447418931087,103.73781204006737,110.3404578867552,105.54416910177224,113.81858617186144,108.1246156381964,106.5130290390338,120.1158425681146,135.32913297044357,145.8769344352642,143.19196466143066,133.5426856698663,130.95059393984823
2022-04-21,117.28773358320751,104.22804148853017,165.11074225101353,134.90421233516346,100.87367777870045,99.88545744556396,116.01778400879651,109.30405635494336,130.5915631686589,137.64687555965997,128.8311695181513,125.46878469288562,114.19482198175307,117.55529654910006,123.1142536891697,121.18078552537763,121.92149170720023,116.93026229225886,120.92377083576928,144.81479551615863,155.0261284898125,158.02405131801316,140.74299588909935,124.60570304097301
2022-04-22,118.08256501342876,104.97662484603345,94.37269804951681,100.00893240615828,102.01562261212867,100.86102351353155,93.36279746947999,89.12655186270922,101.70866339799672,101.35332725978826,101.34722923465031,99.83787322557419,89.24678261993871,90.41703436251639,95.49321019189253,97.43635140348762,103.06073219969932,111.58492950109861,122.5747253905559,125.40613153156242,159.38082212579042,155.11361424748372,116.62977915874157,109.93338998209545
2022-04-23,119.60230985660304,106.69956674932452,95.36586762263072,101.19858279244554,103.62751850522875,101.87518370980946,86.78969993250433,69.58322140542028,99.51528041275998,96.09031903588082,101.88208830603719,100.44541431624755,85.50104951065782,86.74317968703515,95.77142487126828,97.69589689607731,103.60463339652256,112.45425520758486,123.52966285582924,126.42079936003535,139.3398090563332,129.4838193938491,117.80556538307651,109.74014416028503
2022-04-24,120.63456326426846,107.52899871130889,96.02605324443046,101.67191499139916,104.21257061423468,102.54443569644573,97.63316915651822,72.41071171432576,94.71853659704736,102.64112836316748,102.0799544794684,100.33386463874076,87.55986882963151,88.700598098991,95.81834634913439,97.83728821043638,103.4169089517307,112.97559661471193,124.56042011824272,127.4756793119519,169.83610418762845,164.6057153573264,118.9807913421414,105.26682820474045
2022-04-25,121.68372874683514,108.53768638776974,96.98124584885193,102.62463969569077,105.3022284677711,103.42804855222735,93.99957059929004,95.67592759232446,102.7569465251347,102.27400737863499,102.0696891841342,100.78569245120579,90.19491479436685,90.91928634258005,96.391541471084,98.42255955066067,104.44834767619051,114.14174677369277,125.74258195374682,128.58741162776,149.63365932556079,155.9597107835282,120.54219255144638,109.70158428600897
2022-04-26,123.38718843909685,110.44882314966009,98.20257212342936,103.9581955112899,106.60312030756474,104.25637572907803,93.85718419414076,94.37867422252612,108.72806378455068,103.09636203171102,102.8526216270834,101.48398425660477,90.45187938866307,91.20781603679778,97.08902723723376,98.97755536335524,105.15843940550091,115.09226763613665,126.76714243454194,129.66212484388555,163.48777073140815,155.4932989618655,121.58248002677334,157.71337853580994
2022-04-27,124.65631752139419,111.41967605839378,98.78331534462798,104.56714229124044,107.27208973359373,104.76567741565484,117.53992670625576,101.53642445582321,122.01084550286112,104.62113620785016,103.14747198386856,101.9011783731784,90.59325914691348,91.33988392291383,97.50852100665495,99.46001400160505,105.59073753231894,115.35753025959487,127.65067532606724,130.74188311045774,170.68195846420582,169.99370083902966,122.57893243522626,141.7286172449928
2022-04-28,125.89142851018492,112.2128359580542,99.25491963730403,105.0805054811933,108.07087666580301,105.37185272481533,93.53409897885324,98.78261382306073,130.10591701690282,120.52588012802745,103.37070374369033,102.2775949353548,90.84487449133341,91.33124938797494,97.6365830996058,99.66232167385438,105.7776361948194,115.8416637285354,128.37497697230546,132.0785185665009,161.2465306722316,161.95889777946752,123.17659357607702,152.92131412042707
2022-04-29,133.20512123273465,140.15318474415832,119.65880939083492,124.47864383034107,130.77746934879093,122.62883695097861,87.52917196857629,87.90402665982056,127.0197269922009,132.9605175327935,122.59547872082989,122.41120908424027,108.78850493046777,104.14079769675783,112.30895243816379,117.45627246002715,120.04502182957627,131.713760806937,141.37260178120513,149.82059151490296,163.7749808109785,160.17773754348016,147.96613539741156,137.30861078781984
2022-04-30,130.2563895643761,111.93451385758951,90.4545864623455,107.0536049765841,117.6433039088794,93.75372176965952,65.3478558354958,68.23036978972144,101.282623540743,103.86054316200246,97.67782424375571,91.29462872038327,56.793048592224416,53.254146569811304,60.08472540776102,93.52273310834049,70.20710459100329,125.78260712848547,137.227939186629,142.82091963795892,126.68051597153712,146.15045070314088,133.47866496134756,125.60181990841278
2022-05-01,133.16132741067895,118.71551885935874,66.4091179328319,84.24381522191982,108.90619531092331,104.85507598356153,36.30754820969416,36.5692570125681,54.809862847290745,60.66773269410446,64.73366343973959,69.27884223253501,51.747673521107785,53.29169490348561,60.38926081398084,51.687070368592806,55.414989361124114,73.16390481744457,102.41304748567697,102.94261679384714,137.47689210129303,138.0869819556223,103.7113262951099,103.19972773487586
2022-05-02,125.82874374803689,80.15093378488906,39.77019275311652,73.00088082491905,104.9737010549005,40.63892279546411,5.29817141469599,2.30181550192413,31.853120336426016,31.54755964826204,26.178288757335057,22.08873251039824,11.685959208361606,7.92108142238013,14.997400746737647,16.021578437269717,19.32629049304094,43.736686886135985,92.27170533509852,75.3160160610382,87.41714285434237,85.96278279792013,123.15068325060862,116.29238050354678
2022-05-03,117.31482090894448,42.29710236360031,274.3273705264082,37.18961591101106,50.49392792137533,30.167655998829026,2.543101354914605,1.6765365352041237,12.482968202067406,11.920479790747953,12.645822251431358,14.956574281743979,13.169012485961312,14.170111424550969,12.810991660228941,19.097667260743172,29.59951721919624,100.17380701185601,167.70850329505512,96.39179054439559,93.84664256832292,108.11626956760901,117.80075350231375,79.07015650896287
2022-05-04,117.48627857686577,75.68763246153162,311.980544941963,81.27063061488295,87.13415592680175,68.6588347465603,14.246032542062292,8.290780988304082,26.36756736026164,29.66670606991742,30.734515326692325,32.00662303923428,28.56857348851468,27.871702302233533,28.57235433184023,33.601360409776426,56.081562813679355,76.93366556708679,118.99499062760482,121.60799245401012,132.17020879847408,131.7703571956949,118.32076724156364,93.43534143691308
2022-05-05,118.38813265774147,109.46705340375118,162.88637963843996,91.08242130252273,90.4693549452174,86.06430059303952,32.46267687013969,27.857395489486027,81.54208803316614,85.39050703257543,86.75378227532677,92.65188870359871,82.68901031049138,82.05397213848588,86.56632086774398,85.21973720622283,91.90082074712275,99.59738037973511,81.50178322787288,123.9873167854992,140.08250101565386,132.33201758777184,47.94241323237838,106.34455517252555
2022-05-06,119.43453818905468,32.104433736358295,18.58768047301657,86.56676149319004,85.1512058316749,80.62810416388265,30.651877035012316,22.518674670437388,63.91513005208476,67.95365004493412,71.07547253708039,72.90473131935538,72.09658386474084,55.56422906032623,67.38926340907166,68.55590631455182,80.64340726380458,94.31159419292192,48.561431272911776,125.35959837172446,136.77206199475052,133.07567820116714,163.37006279654867,75.75230817154136
2022-05-07,120.24244490685727,79.24469887654884,127.21848049305655,74.26418087921449,86.12721167545445,74.87647510886453,60.758918688037305,21.38994591428102,35.61097406680669,39.34336495178485,42.64422090306933,45.62833055128062,40.569086942129466,39.54114587977006,42.11897872299408,42.046608202275394,60.94972413983766,85.7375412905208,253.64777334310295,124.58781207938665,134.1354219972558,133.6992118958089,118.85559545707676,101.3140748618292
2022-05-08,119.8985441795346,83.7913906983798,30.903997739623012,74.70551303385862,66.02163549402158,54.03983304448719,21.943755379381,13.0383576757829,24.44124482530414,26.380220894122672,32.475955660872664,34.90733520294723,21.88407526609188,24.909297690069273,30.37367377553022,28.72938754331088,47.48506391078894,72.02741963853656,54.903192419166196,124.58084661139657,134.8866500654438,134.345894245685,74.11022329690086,38.806795928641655
2022-05-09,120.78594548157879,92.00201154823678,478.45388339461687,235.52291625417885,79.85342725231563,68.06723031181525,327.7915730617032,15.544754389997065,36.7968198549012,42.021719225685096,41.47401699625172,39.80483506124093,11.547574378895627,9.89984473634549,32.9965150863996,37.24675638042406,47.57161181937862,78.21131661042025,326.31092111639487,85.03702773764347,138.9183996918842,135.21226918665042,119.90477332023416,101.63460473293183
2022-05-10,121.24302798747073,95.98069370199843,43.220337639341594,61.214055325418585,80.75094890657411,73.38402458151123,28.628135104555934,17.665421588740408,50.58793700072482,55.67008702719613,57.033907610410495,55.86171254763122,40.707786646386495,37.62173504408561,48.018937545462315,49.07460076210712,57.84474598083016,79.5207190602436,29.854093871987157,124.70857541427999,143.65663353535106,138.44869975134677,120.25105640820755,101.77478951961835
2022-05-11,126.91754102815835,109.81301685153686,75.10390022532403,91.03421738558698,195.00692885493785,95.05803654682866,104.93289664162585,81.0405129436811,94.63797832823212,97.37042342485485,96.82161004875493,95.761234569541,123.74786633521813,119.95241680099562,86.73324924105883,84.857989134635,94.15872226529319,103.13409049254643,50.956948584843005,130.83619412278946,151.97490529256098,144.59294642152165,120.48529198131767,101.87994089323246
2022-05-12,128.75119604640088,109.98129480869783,112.0225611455754,130.0453090342632,149.3418745580852,131.08390359267324,97.41088392357996,69.02360017318398,89.94930460704398,93.06576738137082,93.97279128404179,123.98178378144958,100.71038579164252,96.94752188019744,109.57441011961865,94.47039643009346,98.57465367210091,106.53060395160583,125.32678755425826,150.61097832912387,158.7820826304038,153.38847719589194,121.23036639567833,102.09751567167179
2022-05-13,131.31244068437005,108.18073555214382,105.00399726876181,118.08771047925671,130.73144343301996,119.26724319564582,98.95778230631291,96.32772208500693,132.10343153707336,130.41754835098826,125.26509227350088,118.81564987774522,91.77459036577348,93.18002753437149,105.41178624293038,121.17515014624942,119.83477915205592,124.7258286587669,119.10591973755709,146.3129008577105,159.5470381610007,154.36537649823066,121.88063098912342,102.3157337890562
2022-05-14,123.11074992214323,91.97548626806439,87.39942508268192,80.21964015693982,88.55553485320728,87.15044985097553,74.54902500740826,75.64416955116994,88.7461811036365,88.78488315816409,84.31352944631622,78.78672635187088,58.58028495211481,63.51131966916738,68.53889064301593,71.87394349136271,78.94554985785125,112.34238946185215,107.9441520202507,129.65535424340482,139.87253670247344,138.70878591277426,122.48682986168632,102.43619226320706
2022-05-15,123.7036247327327,62.80610771832035,44.32551768538853,35.58031762250622,48.42722608647568,40.791678170370645,21.5458600850286,16.459274243884877,10.819725715110764,11.679643282636903,10.943865489874302,15.740974660361559,12.831414385637846,8.708110421083056,12.884654796964744,15.759552374997858,21.97694699200891,38.8683348223326,89.87667975865604,106.94928683072138,127.2586245380227,124.91569228985574,122.54120862808159,97.06166250193476
2022-05-16,124.07361166032356,260.07560237775704,121.32184622682821,135.6420507176551,151.99424586621518,137.6295223324092,117.45258907706327,119.76302256331851,205.7746123234359,195.22176634119026,80.5610412107999,134.90936090199003,108.43731967572346,109.21122218996064,123.61400567336197,146.57315984391428,123.36919588072442,149.98650990223098,140.48221752892354,171.73487172821476,170.29248789762153,165.48819050858373,123.96178080325947,103.69239481662073
2022-05-17,124.82556858091554,104.77862318726814,121.73145490060294,124.00247099896617,137.39616993862145,127.61144068806958,141.299358376033,120.56584791702642,187.90546106779195,176.90372111571213,147.55820975158335,134.2560797517001,108.21340106440896,113.27422898528499,131.04184363897664,139.6854261435113,122.70155017934101,128.62135041288462,140.5793682257319,146.9141645730881,156.95296893941952,155.92915739608011,124.70089258812828,104.03724075941504
2022-05-18,127.63539450920058,114.02429920716132,106.80885779398298,109.47699520484622,120.42473343855745,111.81601466795851,82.86279367434712,84.87686278633487,121.21865612375356,115.59288382331144,103.4670886406933,115.47434871663324,93.62989621770606,93.23008747133834,102.20535067318838,99.51414014395215,109.38170023006055,114.6633015349469,135.346505276115,133.5998423557477,145.96783209301506,146.09117625523928,125.18615767093709,104.11167985769585
2022-05-19,122.38792134080747,104.80929074914728,60.05476461630469,57.90454517227152,81.49089841729602,72.18162243531178,32.45714250590191,32.8447636431593,57.36784467089003,56.52615424347161,59.84026675694924,64.98553147665017,53.429881840719126,50.33201314659062,52.282625873454315,50.14176383900618,62.47248790759049,71.0979118387391,97.684683199618,116.58899518122983,132.23020334485855,133.37449929466084,124.30048551693855,102.99107539433021
2022-05-20,128.67904966849193,98.41829586227621,58.216581289377814,59.22755487511788,69.21920671049122,61.8447129938189,42.341751831401005,37.454837340471926,63.95814556672862,65.05232492569685,64.59416469623973,64.10432690581477,40.94125467437536,27.885232733898324,53.80530816955319,52.098431960993516,69.70433082169178,82.59993784306513,104.27376298038298,137.58407609301975,151.9220850847363,149.64011089882115,128.7406324284816,102.17049832832062
2022-05-21,129.66183553921792,107.06901036156098,88.22575764530848,77.80754869558,77.19114762760739,72.21295431636715,63.619272207335314,58.974374768882974,85.52037597412999,76.92024758576075,76.24791852892342,75.40512266284611,58.511923232790345,56.01549898772962,60.88956235424654,60.45427222490669,70.99079292483727,90.58366699611514,123.81084137425299,141.24295061698766,152.99749503362708,147.48250547150707,124.59159721404934,102.14317905218172
2022-05-22,122.73708999567737,80.52979395095193,61.95530233920373,41.753993144616615,57.73757251066585,56.50671670149172,32.34461883719562,22.255071977662997,17.90858721474938,21.09078782884917,27.554671805308942,32.494509594939,30.386024529625683,27.576949812711263,31.949509340408266,29.436291029144382,43.74701861849229,56.518630984191184,97.9394011585186,119.62598820099083,144.91427232859877,144.34034022006946,125.09497524030097,101.21061623436474
2022-05-23,138.44779289290423,117.03694740616041,108.18838926043007,119.7744009321748,136.4134071003586,135.3041028890839,104.27457146930199,115.97134752541317,159.5838647948192,137.69910032876842,121.41898672354388,118.73644215728466,91.59735291095585,97.05610822719265,117.61086326483648,116.73432211283773,137.3573475190319,142.6053316135142,169.8670042914619,163.85435071790158,172.48850296803909,167.05751502864607,127.58527257171545,105.05427706462321
2022-05-24,143.64834359774977,151.13562287692557,136.04725907980105,161.48633994501807,200.40869850223936,170.42340216604467,136.8980510660168,123.10981040151347,241.44971119565125,290.9279441820411,155.1028811599391,147.049862318793,109.45133055520785,112.44657675516684,136.82842846765521,180.5446264880863,198.19987211488777,226.68102226295733,185.58054934431337,188.07283737023837,186.0294174008993,176.58629755352445,157.6705859691045,155.56219987780304
2022-05-25,128.76872694046162,107.11163303014985,121.0074533275409,165.25212803369325,156.035725669339,136.5244016059124,106.01196004316029,104.29785038037221,155.44120794543844,144.56938974882556,126.29058146306716,122.93013775548533,97.19145425497118,99.4686061304175,116.36389664829689,116.11506034030234,122.97535463764011,313.77223268337883,142.43278234405477,139.1662195738041,149.028192577918,147.48701718418434,129.20874244017864,112.33195420808377
2022-05-26,129.18430019815344,159.13029964814646,145.70265380620785,183.42452996130385,176.51557412723528,162.13754665469378,121.14751221729372,123.9383230286792,208.81690201126156,214.50918723539723,186.87936491302574,156.02215515551646,122.7077850640684,126.60978266134697,151.02642796568009,145.7355012664356,146.82393289856074,179.017802032155,152.47696741903997,158.6416360677127,157.41317557498053,154.3827415726256,132.4575425301198,163.3879208577711
2022-05-27,129.65409124909198,140.51010724865404,126.86680305854573,130.092915146326,153.8592848891148,143.75645427868142,108.20051823739536,103.93542785710805,176.7132188626616,155.696992402913,125.58625542484866,126.8282920440669,104.73961432404766,111.8965888811693,137.06290939237726,125.61451875740815,136.82274296601793,122.84265378281751,150.29822290002608,136.6210073289978,156.73072393875793,155.047068273466,133.23240456340923,136.09433779412902
2022-05-28,129.31600481908742,132.6306282737826,114.02326636934492,130.95476063772887,142.4338456248895,121.89042431450342,94.16831061126136,80.86421868130797,168.56043131496537,161.5511862444167,145.90702586995363,120.16744883054888,79.64428429035485,88.31473011599216,104.30674093585625,106.61699654647809,114.2762425685856,116.3200876749286,138.54304061660403,163.8418001241104,154.85135595749742,152.76520072977794,133.58866399456198,130.39826551122408
2022-05-29,129.61065082799095,99.52609050442109,87.0953214743233,106.88837604666806,118.50944270275976,105.93827287479891,79.87348534877532,52.77170706480428,38.74998083338453,40.37905539705288,52.422562936694916,56.96414734834401,45.27492760872213,50.807254390739,52.07393658193786,59.76440609493832,66.70686166642759,93.09092716564555,117.34026268490969,132.4140550443234,153.206550488413,150.71723191052143,133.74906423004333,125.21207662115985
2022-05-30,131.04455180006252,95.86684620863413,76.72820933699496,96.24735109137383,125.14271844300731,89.9294502822937,38.62773982267017,88.29689031992478,161.6709206531281,124.50574091709854,113.42601390669105,112.86812618601994,97.93215643682126,102.71855049734712,134.57508763544635,130.7648120562563,135.50763548026146,138.54655719036714,178.0404599928457,172.62035853697293,155.91466128673133,153.13985342528022,135.5824481894058,163.5563127471332
2022-05-31,138.76998538254068,194.24829598040293,186.4743603360946,191.85699799880976,195.95208529247103,234.73930234779556,156.0606650780012,275.4644626538202,297.53972404354494,354.61614406880983,288.172029231184,275.22499678471536,197.83275331633615,219.43809503647782,275.9742319756165,266.89032800664563,262.4971628435309,283.2129765165759,176.40392649650894,166.9100682695316,165.2385766184022,158.88953467963765,183.2852134007624,178.7176020380196
2022-06-01,138.06421861840676,154.34817343573224,134.4885970885852,128.44285432848673,145.7754477217392,147.28002367750238,99.11015761200015,142.11721903777988,192.25219210321112,199.2885128615551,156.98888814937624,155.05205971022474,128.293976061056,133.30505099767782,134.28710426722796,153.6199388863715,147.10809853407076,147.12107793595717,141.78061044394832,144.80828354829688,161.75081075872052,158.08660091674574,150.0495533494905,120.21968798290408
2022-06-02,144.8919865018933,194.7850641897577,163.9185254443201,135.468749382848,129.1310554882311,183.76336832485862,123.61523114023659,150.65316294701572,243.32976564063065,384.3212163591593,293.2957875460419,257.38190124591625,202.9508132789978,234.0304313032777,279.53946701455874,274.5105338103489,209.95303096876304,213.79696148047543,152.04855905985153,184.5691803203815,201.8012415593129,202.01479772744142,194.20125279768618,169.77274290146275
2022-06-03,138.45571679880567,140.17157677764655,138.743078516226,148.42157665753848,120.66782370956737,118.85191235532247,128.94203277218548,143.42470217488562,223.11251082841005,154.51738563670528,149.73956622170928,143.4546141885653,110.65101472818118,121.88440204161455,153.0595228495297,160.07505047324716,137.47435553773155,133.0475863867592,121.0600402725492,140.2897107565215,174.50333156571008,176.46015491323018,158.68867541585578,132.12219187787463
2022-06-04,140.03850330250407,135.9107925293084,107.9772380770097,111.88717672231205,113.47407952883891,140.7558809992221,77.68403387065968,67.58444396412295,143.71269533482626,155.02277969847248,134.62880442084358,126.83073139205165,85.53359011356068,112.77589233156789,108.13685861995546,95.72692831953334,103.73471969558491,111.34560837230745,131.39539418443078,142.44958356716603,188.38333725015534,179.9515204140083,145.04667545158313,150.9727093421844
2022-06-05,133.3932818535685,111.66546778098802,91.440355201774,97.7017449745738,100.79805283815917,86.49660346963681,61.74417348496763,44.480961281973656,51.69486715320716,69.86102098572493,78.87143392407286,82.1620958112345,66.66401950625118,64.52000561194204,69.44877778611841,64.86626584534896,72.5960944393373,91.84334576032442,107.5123195260372,138.59393231784426,153.14914106901915,152.69631241859798,136.63355123230568,93.1923023287338
2022-06-06,136.94528073827783,123.3319837298875,156.6466339720407,187.82871363376483,139.69426030600124,128.74838340760846,110.41886212795235,186.56357686606876,252.04213584583002,212.2198260028727,155.55883444989718,166.2908937380147,126.88582547270833,152.80465903900912,200.90586212657718,186.27999182076667,225.74472520914566,184.9538209603693,134.60477708740714,156.0705624303472,161.53785951274213,162.87016439237757,158.99384128760096,154.31565653394554
2022-06-07,149.4556080323197,105.44072393679888,96.08542884053549,85.10207463265841,83.4052622860661,84.21742561254722,72.20936120174666,90.55030490900046,110.04239792811912,103.8658154157634,88.36792563595459,93.93364078257395,75.58726725760538,82.94074649182339,93.96598693083607,92.3263280480152,95.56584129591702,114.48018995318755,129.71302534960486,133.27111482743305,158.43203216693297,164.46116386777425,148.23995125633948,106.24728619897928
2022-06-08,147.44938531691193,142.01259412540062,147.77916395138342,129.3764390271665,95.96749885962517,110.02403248270255,91.32856738386903,91.0149105605868,95.24263305354779,175.63655445112195,147.67704299390655,115.70651340895853,116.46123767450696,112.92753486872564,118.75575312039209,132.7123152469745,125.80845464044786,146.8818145258549,143.73527157607134,133.41896066153734,166.3359479143756,167.78324435064707,163.84263326748376,121.84972044753401
2022-06-09,140.36659271805448,159.83003633076405,151.8388707162018,125.50926921959942,144.408891298651,158.78035996270177,117.26862274708591,128.70727673104292,171.35032590462404,189.2337595057839,172.50873970559022,181.14631711438992,155.30659242496833,142.84836673845246,169.97540992549304,160.25971590686203,167.65255232445824,182.70564146348326,156.94074006291294,164.3072208916213,170.8861184426045,190.78911680193673,157.29401861809947,137.72961972082055
2022-06-10,158.5991887915495,126.74389218535485,146.70828195655452,148.71364757901048,130.360665417428,134.39439908914687,121.08057150935738,130.8200144139825,162.9997281861959,178.76971688805256,160.19887977303466,145.71677369836434,138.65093152023428,106.51405625459289,146.28572894030546,140.54847528887038,145.6528782704819,152.505161844809,142.20612798692554,152.52217149965148,173.78790934333867,178.40520143457383,160.95284420997214,134.13748857274962
2022-06-11,143.5709785668711,122.41922120856998,130.6929996657242,108.68691371646024,111.56770109995692,119.81977191783703,94.44627008558221,75.11965505661773,110.56714869321938,134.76656998298932,96.67113686312277,107.74007727519196,116.0766012534964,129.22791808764043,117.83314481934465,84.33685613959253,92.56447556639323,107.28454210669807,115.83551602590643,135.9256467264668,168.32544848235224,170.22440608048475,148.97294920758856,133.00987883200884
2022-06-12,133.94712824697567,107.84141503892967,81.45304339891132,78.04683367008427,99.23197343678775,96.85683931143367,59.31547935427992,38.40382730526473,35.69858157596028,47.44992444003986,56.14307386220349,67.27776374361952,64.66847231672497,56.126143530414524,51.12191035709047,51.14248500294518,56.401155550885704,61.341556018978736,98.84816391271882,118.21440902401112,131.6574775162832,132.78913996891396,135.21168649583439,92.75951367278158
2022-06-13,98.68289277088246,79.96151753968091,83.3057928432331,76.59602103733674,102.80421832188092,74.79018324692098,60.01197551230143,102.38154462199425,95.33815794665689,106.60590930891968,99.94728298100495,123.23655673649638,73.36829393187439,86.73673535086375,93.38149460829588,96.75453644725634,114.30604628377262,119.04562600344727,129.8454011429597,137.55129544114902,153.18407014037734,161.67023527655016,151.8520360961859,147.87702675864907
2022-06-14,162.1261415146304,133.75666726832517,123.09191920762308,120.21210627446192,132.225291634475,118.24885457540891,109.99172758034592,141.18338377397708,125.49870449187713,112.55583147576102,151.11676419704236,157.43682090969176,133.58363003352093,146.4114595700899,178.69538509089838,176.04155335601453,179.43312661255246,173.93284261176873,155.31765932056294,166.31245222263513,172.13090599334058,174.77747099967144,171.24945098144516,141.56169743986456
2022-06-15,127.92859453323051,106.79582295359117,97.92338576694824,95.64080148315723,109.23525715148685,86.68477704103316,69.73740048854982,100.96986381486087,123.53648440928569,120.74158804098,110.54101300967363,110.01414653768647,90.47996211990576,103.03055687940589,135.22161663699112,135.05960860188029,134.9545059312765,133.64728565457628,152.72360443950504,128.42775079864052,145.77970218863044,151.40157577475748,140.86809979548823,124.3532310924387
2022-06-16,136.24260863522275,110.69617880704685,100.83377613981803,102.67894877758609,96.87560566239485,75.64411984335372,59.408906559473294,91.50951467842765,103.67011948466855,105.39023043241717,106.75123943288835,116.47022681622572,92.35469247777287,103.13566844639531,93.46293216722815,113.12399094470994,125.95530374827524,126.35046411439052,125.89091217943374,134.91706742818798,156.1539955555086,156.87700318274872,143.4593081403696,121.1403472935181
2022-06-17,137.80534299986456,125.36493632587225,108.23266344556203,105.83319197958207,116.7444666411044,117.5107132830393,78.22628787547333,123.18470187467469,144.41436062744464,136.84348081862979,121.399573808451,121.36745236837442,82.64234804744113,84.31087238569293,136.2322287318203,159.55135033799607,158.22371594267722,149.68010595639726,139.9784400868844,129.9477345625603,141.9824129883474,142.97170985149376,136.42986546813964,133.1074421243779
2022-06-18,133.8368576095694,127.8024394570404,114.48350775574157,90.54085907816157,102.9374034086849,112.7505811563234,78.4766314759117,107.67091519358354,127.9279935330528,119.09750447896643,115.45734641497847,118.99945719169217,89.91987965655164,100.01746655865873,112.41841999396517,121.42380548661924,126.12186803030463,120.94223915929645,122.81202346457866,128.5065783015353,140.20296166396795,140.59047149898322,128.84510463390973,108.67674432771696
2022-06-19,131.5454072467186,122.83090579087187,94.06246051500658,95.75984471002813,117.3779297885345,113.91845000415174,71.93303373115893,63.298232637405384,33.79791737532777,61.14573303950202,78.98870335372382,76.93868102864597,67.033207975772,70.06231862388778,65.832202045852,69.11997557540451,69.75680091377403,77.11723281278297,105.04031636891172,114.97438569549423,124.66331196692055,125.36622247970331,117.1151117037928,92.8977395131914
2022-06-20,133.83363540105609,84.1494947952429,111.49261468637857,109.52529371083858,113.68902729313126,62.23107183120101,87.1929361519057,133.55736824032093,131.2668032123462,100.3610316982299,115.8704062431437,121.82947330550036,90.31764820837064,139.01576216834246,176.59352896369293,186.72147393413158,180.15547300983056,163.0067471650239,157.30830164372472,143.9675636379223,154.89046863442982,159.96907600818207,153.90406569321277,156.46851024932207
2022-06-21,158.37987436392666,235.93225171806623,233.10825013205778,235.3010111514143,193.05867578408464,242.0613644229959,200.72545981882618,273.9683966461788,242.3720430213727,223.40392170727893,239.91089888140831,253.94357249801777,210.93557431766726,268.308116723833,306.3693753259006,294.14383256704457,324.68920868103174,332.87029047317066,202.95465755475726,186.82599524678477,210.17725542488571,209.4139297132503,203.8582805712989,202.5625118739059
2022-06-22,140.01230052599536,138.2899440209364,155.65025758647772,176.51165777206344,106.87940158712476,115.27833399857433,71.18294594726893,132.69389094167784,99.63636208670869,126.0170940217064,137.3169018661697,161.2423988973226,150.95593818487163,150.420705365489,140.5314278764866,122.70788197929707,121.89920635182166,165.99153865114528,128.69411289010296,135.59027079761105,160.22974570962361,168.8128539520685,153.56099080489682,140.0136528667615
2022-06-23,131.26366136191797,133.62312944619393,150.64686227315457,140.56646024146684,142.88055488912363,148.15720894934114,115.7876223652148,129.86726712301586,152.3153746981211,185.95603874161398,134.2577427048656,138.54059662860658,125.16738303998852,129.1125348343061,159.9090722778366,147.52509875451767,139.0472701710325,166.66659103671867,151.49250393523414,156.28493066389103,178.76840697924132,179.3336044432968,167.30743298065175,152.98313801083296
2022-06-24,188.80939902349138,157.44836689536157,161.02897613202353,161.34172711054345,136.0666722656976,130.16991818321063,124.46806779244216,131.2481631343827,118.0581048776769,146.82959820544366,152.97537037583476,168.10531736930736,143.65465105357822,116.97197543058499,191.30494950191638,180.77353642586152,165.16386921340722,162.09425454542335,165.54867771721533,144.3955009386148,158.75334340055105,156.43477874794226,141.40935487893847,137.74432946294428
2022-06-25,132.36154348005763,137.8314714756148,115.57881274326718,132.27887153797482,110.59186824896332,102.33720580177362,81.2350557883769,65.33072080926961,67.35196009481926,98.04615774572298,93.48573208056875,91.48928201978876,75.37443057545723,83.09558925101508,70.0559069987055,73.88437447458266,88.17341324008325,89.46562407798346,113.280131151721,114.2486386293739,130.41728476792096,134.9137836703532,114.69739595070055,102.78562407973375
2022-06-26,171.6359973721712,128.82229498231834,119.55620681047932,111.8832254680392,139.28362899914427,116.28199106589975,79.19391825134184,37.838461711875205,42.59062799393673,54.40604894846041,71.2054182462773,70.62519191992034,67.07403110116958,72.2688380359324,68.83195062694476,77.52670089149935,82.95166735282228,84.85505566035293,102.27172094747432,123.51464965705281,154.8459948510735,155.67461437463336,132.19806050424484,101.2815797246503
2022-06-27,137.70865252210405,88.36489771974573,85.35139593311183,82.95771636820095,96.30651921853398,65.18174470960662,49.90616412471543,86.33522913790372,96.89204063495893,112.43962909188036,111.23008502010116,126.52688531150744,73.37421853883363,111.66054864441287,114.02741197830882,103.07249217503806,166.24335728412555,133.00640699004776,113.48186479074256,139.2665162145643,155.99326594624927,161.3401673106993,154.98841948050156,146.9814117207678
2022-06-28,145.34945713331382,132.18976432335558,128.66559598093798,128.29292289695863,128.14112478298577,113.30252085295226,99.16583494616172,105.6894552306444,104.00757204023338,113.0378424682308,124.66626766193299,134.63117671688187,121.09408273580415,127.02874243784952,133.70622796141294,131.2828126896255,134.89845511713486,156.4741067574794,146.09859053108252,143.8559908970938,163.10983041709912,163.3494096608531,150.44734305619772,138.16624452194446
2022-06-29,139.8705177687928,123.65284545067763,117.91636430798282,121.80770392134046,107.63508198906538,97.59934784142791,83.93538429924753,84.45001805102622,98.21125677567832,123.82156087291173,132.9643808371239,126.72181542661622,110.49688575244699,128.82852730333076,128.92814996769533,123.02960318994856,137.7967238434912,135.31689122330454,136.8288345620687,134.79512076257475,152.83374584845157,153.04974772764274,146.72655390652528,131.71681361136385
2022-06-30,146.07655595163706,129.96261962159144,111.4531291788383,115.37528523149113,118.88304078206156,108.52506356221416,86.68656829816996,81.90634017762922,121.5895098280702,130.76394594467536,133.69369358300293,141.57400135414403,108.77099499862697,115.79732867430424,145.9327600789747,137.28895647639155,124.1622792357889,132.28804438654785,112.59460466897251,133.9883045523062,155.0184160732202,156.426251198938,148.4563249298933,130.53960647716866
2022-07-01,144.68483984895715,133.49442804592604,131.54736004246584,126.82418921984251,140.56150294298172,113.39450823680383,109.40462031905595,120.34780960505442,122.71125826729191,128.83174460889114,121.69298344928367,143.53890386934168,120.63295128987389,113.7363527637099,156.64441620048987,154.7308055151292,143.3191836364213,150.42631486254226,127.681152491403,139.50551000644649,156.3962539154492,156.7228246393928,149.40307206744893,131.2745499441297
2022-07-02,151.7337357870277,149.62742075373865,139.17519442819426,130.32346746377533,136.57557522002864,134.90957992391415,125.88702002358166,140.33682949563422,159.1369053532199,158.0164301338652,170.0245104413321,158.43317175927848,130.71315897437054,136.58783868576583,159.5829732008161,162.85187409359526,148.2300515852073,159.71485956516432,149.9344901191416,144.50398198006266,168.1287423620722,170.16501579005384,153.7636634741742,133.0319713996179
2022-07-03,142.2443760639607,125.76486573616118,120.14654598978107,110.9893003254667,132.20116221134072,117.53160375620519,87.33667011187597,71.22309628277613,73.84097896847443,109.91498862772521,140.32345109427933,129.35549349029284,106.77104537683003,111.93980611676287,112.96604850531146,112.45653810364088,108.70121260865015,106.48222514694253,97.16964529932382,132.90372594532886,175.1695957405015,179.51378139230087,151.768985958086,133.6532048453365
2022-07-04,144.95135381313634,124.69535631657487,105.28795126768155,114.52237570694062,119.1244033933815,96.62701395880481,73.46368249923134,100.07829052353,153.98677487911084,157.26166621471123,142.68153896857618,142.53207128253445,99.45494389704082,110.68130926837041,149.89554447455453,141.77717755822286,145.05394135964295,147.5510660179281,131.6357537072299,187.70881620575884,169.00664558596358,172.04222124889944,151.4323210857096,132.43272520796236
2022-07-05,149.3261052241539,133.0875201199791,110.87799111506925,114.16279026883839,114.83945787036163,108.29466901272352,81.6152323287864,113.97185455669118,144.60898396169353,141.52019215016674,138.8144800919411,115.6429876179303,97.55152111889566,113.9065678235068,145.8921406632977,136.55008439655472,139.03357658536888,136.18270680201837,125.47597699921593,135.2939350374625,164.04258431232853,168.41554005787967,151.3726538802826,132.03073274243056
2022-07-06,151.0605933830666,138.9892682187522,138.21578403535278,115.07461464949857,128.23163114714612,122.5694796450411,103.55765267925673,145.4831391104631,149.35395111406106,142.4672785390534,157.2822659760132,166.32329073884208,119.28670746454996,137.5843683319509,155.34483438425417,145.50717079523048,146.4308475563407,153.9212385752776,140.9142716469546,140.49846735671244,169.6675853648911,169.50026206694056,152.68542183611086,132.26487767740483
2022-07-07,157.73519900838596,137.47782847740527,150.39274192112453,115.50220451272804,130.28279284320197,125.73903830549804,116.96223429155378,152.28131854946753,182.33361421753267,155.70370355230645,176.92730698759,178.5334095132793,127.22156586676284,147.44645818436342,161.26973340638781,151.45242127800216,152.1453485127582,163.3069215352687,146.381982472025,150.0076971228015,184.2005200504879,190.42142819387686,157.90001010947748,132.52765338141646
2022-07-08,148.46980789389468,144.1504064256535,138.4472688890873,116.22676167196434,130.94753360008147,124.74824561649964,108.76122316131249,126.89558370697421,144.94093434513286,148.204966908135,157.68890141867007,181.93286311473727,121.3013341718005,135.20705228840535,153.55388657905883,144.87789400451697,140.92931545012823,150.49822303531383,142.22460893729354,143.1581611036591,161.18933644214107,165.8800581429345,151.99345847476212,132.80676779862156
2022-07-09,148.9538811234699,115.60118824026951,107.21190963196631,115.83041903199204,111.63490085534264,110.39692476729766,82.23627576819854,34.599213035616025,119.31963970915857,109.39182951048379,90.58741283048177,196.46449419532286,87.51626992578925,73.21379076511231,82.47298111084119,86.28659725482576,84.54262587171876,107.03945530112102,125.8652518209614,136.39544441057524,166.6849257359634,169.56353868403465,149.93236441330552,131.29524877073797
2022-07-10,120.98806111831493,116.58365338694773,92.67872638398381,110.9968929014718,97.15132981031864,98.11909277398895,81.92372128567786,30.251121198362682,30.56655624459987,30.247242877588945,19.12841638994571,134.39139788385938,37.15590585852235,25.877851153594392,23.72042988789283,32.09568940657304,36.82574273884024,89.99335839495063,92.34111601071653,151.39794356931256,162.0732510145912,145.47900372241324,148.90392793663804,126.71109430389365
2022-07-11,133.5716583013668,113.8776919667752,119.63829939986677,122.33228125952475,120.47081874993783,129.65041190859245,186.1762934504031,114.96504578862877,73.62585509693061,68.91617025095961,41.22248137229461,102.07807258081107,55.31124931218785,36.03089551728487,29.56162110191795,35.236922928131065,109.0154604547612,144.89064920238147,147.03298120376445,140.09115533451194,193.32971548546394,173.6773555633324,153.06323160553305,142.56028705553138
2022-07-12,168.30071701602262,123.90367991697768,120.39011387984334,114.23744374471406,120.63152701031291,124.2946209197335,95.23895849550708,75.931021949788,39.06159905443041,28.40017254416402,63.03348560559965,106.27072226487064,93.13656216514016,99.67823740176848,137.40312296299388,127.5321933083731,146.44506746383348,169.45453439205957,172.24555751764305,178.5334997076382,194.12796680426706,198.34702904294963,165.4785461250236,130.8753363506614
2022-07-13,135.83738968025472,134.41725099946484,118.90383914578591,109.18505463538713,99.21289342677768,122.27635672851649,90.05039494363865,84.82287532932767,69.01644976206717,59.44947043597854,52.74565264987346,104.54859508907153,68.61723013382098,71.04639982573553,54.338442528126464,53.513989909748275,106.09900993379267,134.38074116057695,101.24981590384361,140.60790186209687,183.2200411681553,191.77269521469043,163.50318982219196,131.24532710842496
2022-07-14,148.64138512116608,124.50496954663816,129.2868665350062,138.4135534758369,129.7390356738368,120.75051681819563,77.53373490832014,111.67872589684167,95.15853248190669,65.2068232373513,93.47332255235878,113.94245870783311,81.70267244999754,91.36567229590673,83.28687351942816,66.21188112602393,95.35407842208522,108.54800081509576,155.7532810027074,144.1245503882189,173.07307447156487,181.35231238868883,152.22545992464364,132.98367988192962
2022-07-15,146.90859504409983,131.96428066419628,122.71412595973891,113.92570195069658,115.6892050443631,111.64544547089837,78.57911033911556,90.8395355262346,98.79829510887778,100.04410750216417,114.69978154196393,110.96121190258798,110.66881067566462,93.87863307850361,118.9295148650009,107.4996741765858,115.42312465759635,124.99121124955941,131.32030279131905,142.05540266090446,161.48213736426612,166.92010561763752,152.47637577084834,134.03617945163055
2022-07-16,136.40702134393263,131.8491394799016,123.81344172049297,99.46370097174743,118.51123981907537,91.73162986465451,71.11816659656418,97.17845763321127,96.08885681704878,170.83684419130472,160.17821591164403,165.470132851816,127.59182522941461,154.6279809204312,135.3166986063943,98.24137834907415,102.80340255294757,55.16236566466518,89.77136745195006,151.64962319671875,167.30752973154966,172.89793566517938,151.97714245736023,133.86363321125734
2022-07-17,141.07412065140275,130.8142378960442,124.82890547591568,122.91571557529181,116.2013082996138,113.45875161589775,38.03078962655931,67.79884653187204,61.46621430508246,85.52412636930492,101.29199868212848,98.1058568894649,92.47665412012593,119.93095281835383,97.0105059632994,75.21512614909936,83.35154904529998,57.00274478120277,64.99983073994616,150.40560353653927,173.36389926369048,177.31678521164608,151.46369159265842,132.9500219929617
2022-07-18,138.2981484259575,130.96002197084078,126.1798386994013,125.70077144041245,119.02790091682498,123.90411431285438,79.12995788938639,119.73732253807287,195.7058325672564,291.68040141461734,223.24029288438658,220.79125624925908,161.13770582685197,245.86141015533198,252.3075556964183,149.01943424736237,161.91644786008604,144.85088618599997,129.79973102912948,134.81478518676462,170.1034151456779,175.04711085379049,150.9580641882089,148.58169856560957
2022-07-19,143.82458565951316,129.96935226920402,126.17736752619439,125.10154810815303,125.13275782467421,127.85692951368995,73.7653182170919,117.3984288304104,186.85562727204993,158.16403267228722,182.48945077306993,167.02438075037637,109.40005461522452,140.3496288610533,166.4514129408916,172.3995314992914,161.52988954620116,152.3058006489765,131.28626987996228,136.99222156336785,162.39619134373083,161.46618627985328,150.44867832384136,131.93182749195535
2022-07-20,144.5635655806878,131.80955922380198,126.05374216600296,127.53815229465474,126.11509142879055,110.68285809223629,107.09157175983712,123.8747607359173,170.89289455855067,148.31946507730487,158.2769168932675,157.24553325545438,122.77676776709019,128.13110833300263,94.19669365205925,176.55765044403853,151.32364278168248,162.1593138976564,133.4289794630316,131.96965036588443,161.38435122498217,168.47634967687873,150.14365826005246,123.47620742448478
2022-07-21,151.2101772950909,137.89769177681373,127.12984459424806,125.21313710763877,127.75777976777863,129.4726874014658,118.50191303201058,129.5117110110212,209.82741427370271,235.35249361482286,235.58996209178392,224.17738788541752,161.61770864763136,184.48301991840023,189.51964068434134,192.0237758354678,165.3943512832896,175.9191902412957,147.80434908782416,141.8154999608282,175.4201585743826,184.50919014028543,150.09721718440977,131.10973588722408
2022-07-22,147.35108767188115,134.4263077520754,128.14391095950276,124.6265744369284,125.44774271391502,121.37411932271692,104.17593598266761,125.03161899398008,202.87599595041038,220.58897931450346,210.32530496309954,194.35282879199238,143.6359613536826,116.9167160239936,171.32637261345224,175.53349675119438,162.21346536392318,138.23434168096307,139.96802069673936,162.42711535664716,171.81223068640526,178.0835653560594,150.09690362354348,131.13689401504817
2022-07-23,138.9996895677639,134.20468058837295,128.89874882428063,124.616368627104,125.73105245353128,120.47028988577833,114.25711502871286,108.00954192122181,150.5869710167062,178.54966659114876,166.30956461970231,144.86982073573665,110.84549319410266,126.21399371679706,118.99463943717508,132.23768103831262,128.6607902157152,140.22408113493302,133.42584934716626,141.74741839592681,162.29051452306993,169.9081144887664,150.03419490113367,130.9522179582494
2022-07-24,149.04176506853193,132.84057833454483,127.96252078863986,124.59292288730049,130.42569423519282,119.73155877376283,100.35710480402469,83.24606990609747,85.03599198897398,101.9372848108086,110.42635822447747,87.22978052651347,79.95304429681782,74.6051596665247,71.43188552509552,78.63348376650941,85.39141244579152,98.14986739145556,102.963011373483,141.73745566997528,168.26714872567516,176.83825097161528,149.6364084541666,130.57356374140127
2022-07-25,146.51380975158628,132.7787400478291,110.58269454659462,124.60385352826003,126.64176070760487,119.7400890864705,103.35705064509796,97.3279840657313,155.668967095995,153.17690000596258,158.83194595676665,165.19253490155396,117.67939271046048,135.07518010025024,171.89316871117802,153.25196170628894,132.74709813540485,139.07261943514777,146.2962716286012,142.10366007188506,167.44503424277062,179.2936739596329,148.81434120203062,131.02127240962494
2022-07-26,150.77132262784363,133.9120541376824,127.13802250600892,125.87696332556304,130.83868965647176,124.10098326818924,118.21282651663505,117.11304272802572,178.44501019191028,210.0310184675062,188.57106213913337,188.88118906429548,124.12568903777827,152.1125201883464,178.91901177929674,174.95684105289843,162.07979418452481,137.1374426799493,134.03711032163997,142.12124941168662,161.92701762392548,168.68646536681217,148.55298651315474,130.50997266675506
2022-07-27,153.32961536952234,133.6370073103997,128.6131168543286,131.85272205069668,131.01449141418533,128.3622430509108,131.1728345056339,131.18772347155704,162.57375584625382,241.83478784262482,224.69040024797,230.445907230657,174.29112613206158,171.82292134189885,208.42471738979833,192.9141463131514,164.9634662840728,179.24191450510392,137.58992905691838,142.70626814795403,172.8715569394489,182.2081619460543,148.51193566587688,131.06781605015868
2022-07-28,154.24708312215688,135.6505203218278,126.73211830816994,130.71512901723554,134.00537479636913,127.73379615241002,140.61916072306778,135.56826444514573,202.3889138412983,280.4968836730111,229.19855289604087,244.4116784540552,186.0004044940536,193.10424336131538,225.87700548252647,221.63391705587924,162.21489850551637,192.0788222861727,185.2508884447794,143.9131888188621,179.91345716966381,181.27581278340364,148.7469534049898,137.26187109035178
2022-07-29,148.31665888779617,134.0069508571539,125.4710090490714,130.03668982058772,133.9612911410809,121.47580651685546,117.90624862852754,118.3461278714023,192.4675430952555,204.23640393928474,195.41096275715051,198.61497993968484,143.20875779455756,151.2443193147684,181.1578225426202,190.2043308527442,164.6347162093084,175.38102511995697,178.31811887469152,147.13532134702794,179.3196489049083,178.5971671008393,148.50286693795147,134.8025860097239
2022-07-30,147.82958631445058,135.64283476983096,125.21024606681915,125.65156281685093,131.41809023208293,120.52550826827188,138.79108469745438,111.26934589565093,149.07989145183112,145.68058176365614,146.26686723290223,138.0802856923664,108.01134209447157,119.14385247436523,120.51096056836153,129.59330648876363,135.11597669415949,159.62155769584186,174.4757624773192,146.91363456980318,171.55398156214227,166.1580955228227,148.32435382400715,133.08370649895676
2022-07-31,148.2060654706464,135.343034610666,126.03967538336738,124.23067642525974,130.5033845322618,119.90381924121,125.35718651695659,90.75321998631851,77.26479739133642,96.70565489186542,100.23952457499641,85.93113657097089,72.29739818269118,71.91388154372878,81.71984913503684,90.0742367679124,98.5185318436408,125.9006168907863,120.79620157460896,145.4260636684191,171.1067017648648,181.1342393852944,147.89224176352454,132.78218719407374
2022-08-01,146.83910770282267,146.1227153827891,124.10442234756171,125.274458845138,127.93839759681772,119.5563186214622,114.88255368653715,122.4653073510014,182.8519323511404,185.1492869585745,190.22332254580732,184.2225519370688,139.28766351744846,160.70183578542822,181.21816252705318,178.28229070693985,165.5881936489271,175.81760976850222,152.0515311989725,145.44311034359816,187.84995866938667,181.63695634590985,147.11667302566113,131.25580174762354
2022-08-02,147.9714475566589,138.9876391455111,132.81307937565404,125.83587594934005,130.3427818588883,137.12220722471574,113.13779500529434,135.61388139530249,220.45357570657342,238.3853911507022,218.434831782458,204.82173324077914,164.6654461260573,181.29128879461624,202.7024555805939,216.9639217707263,216.07378584117515,192.13449299837245,165.88564482119332,182.93716002285993,209.7037794122579,201.88038468079347,148.1111195071015,131.7967270945292
2022-08-03,157.19039809804437,148.1170726315309,131.4440656066914,125.83571498941137,128.54527613354483,122.59305235483215,140.4281588512554,152.15104178007928,206.95026456480537,232.1362425130782,224.78621478080385,223.4054747639089,177.14633947554512,199.4464759851486,218.0056746410133,234.00996277043055,223.6697582952967,193.47401857681243,171.65527014721184,181.85366494389214,210.23997220367286,183.39259961354324,148.2511480192602,137.81242414248683
2022-08-04,149.26209072568977,134.06044688741466,128.9627845756713,125.62285673761545,140.68204093594053,122.8223638394662,88.91458829588176,113.9267460491836,177.40854684071948,173.4477681374302,179.10180089258483,178.56875871941668,131.4758248317705,154.59010223606072,168.53310880309814,168.7276258453871,177.8796133625298,179.97653940244902,167.69351515078196,163.38277836085302,181.24122060501458,168.82914428108353,148.02153936949023,136.18056835037896
2022-08-05,150.71898375467453,135.23437343216668,129.06753893421924,125.73447141272922,129.88222698208367,120.02463199308342,104.46925989628345,111.64017427453655,179.2291139347827,183.704970150817,184.7468531008264,193.20358114872002,146.65203470028166,168.00591186016675,183.16553164052024,189.75180510906202,188.15564557375046,173.99620932514492,166.19310755599366,161.65244209058667,186.38032234501313,170.98890842378356,147.88273869478266,135.1310761082415
2022-08-06,152.85513405154066,138.10237162544658,129.73100371562273,126.19905222977954,140.99035286774944,118.65557805839674,126.0923219944494,135.6246880253127,149.78306412819083,188.53800778524052,186.49423517325465,168.9233828112419,137.18436486214668,178.9841440167445,159.22276923557772,175.36555831041974,179.41819650634997,163.68367229292403,161.53970906105994,156.9905617132624,181.95860156626725,163.19061209215522,148.29318534806794,131.44633579613966
2022-08-07,153.95152068198684,134.7261245022062,139.84639091278547,126.62424808727037,128.26267265843993,117.88494346824892,102.31328206379874,97.85017903017665,92.9402424042733,98.44562252721354,104.39068118692366,102.26729731330795,79.98541714153995,90.79457587296469,92.56114969135034,84.6726975716167,106.74760947619211,112.9763639436073,113.25017177902511,148.6254168818518,182.40103977220718,173.80519286809044,148.69207618859605,134.0164825190761
2022-08-08,153.69745384604042,146.92425791134264,126.48824457327703,126.45155241094747,128.00964484187222,125.77209043165703,121.10592122238913,132.76758707776096,152.2794466077466,196.66071339063365,205.1896244782528,175.0441162052675,150.86904940754533,180.5257969587517,214.70816556842843,202.43255600729955,180.949889296422,193.78343242194393,168.58483204524867,158.4556128749077,177.17783315219518,166.28087297795145,148.89125206910654,134.9459252202974
2022-08-09,149.25953661458468,135.2039599030815,126.12411343708042,127.0788255122714,130.2889457004486,124.11824287813069,102.66009487756898,131.4881424735149,168.85945305169133,272.1640985017661,233.40297295569414,234.55721195626083,103.9834518127851,174.4880892378515,182.05737038538877,188.56984467173763,179.61917846782322,183.57663999231937,153.33229810753943,147.79664069222076,174.04497404481214,156.4654642061574,148.63400154366315,134.73303044520904
2022-08-10,152.20302825518766,137.06884290056064,131.9943643197388,127.76715426108562,130.7671590916911,124.81225790631679,139.16660141014492,124.38067297009358,176.069648621254,185.60227324971643,169.61050130956625,197.94901664018775,172.7626291687199,194.92132891845782,190.82528145416498,188.9878337739881,180.06932521857635,177.83384567026837,156.74763102610913,159.67329423459012,187.63191905199062,169.6631139962459,149.03758133605615,139.65229212644024
2022-08-11,148.98705637020836,136.90615178653127,135.63112927676454,132.27855197816064,137.4385991382569,125.98814195214055,126.16295882701101,121.01973732665485,152.84161487473264,164.33677007348342,191.25753285177825,172.5133355389902,143.9245326448037,169.52600080338888,171.08321747768167,162.55915042691296,170.67459356854258,169.68229957953264,156.3555562507949,151.2493773346322,166.7780438823662,161.18252809078047,149.25249207260066,135.4161907222321
2022-08-12,148.98818243904284,143.87556133895325,141.37077732274244,132.73462355564575,131.82993827593546,123.0628749434755,120.85958294481495,128.872435427428,149.33099217205202,167.3093587358214,166.31028337534428,169.850756263426,135.21535295084908,146.16736596706102,172.88338482813185,184.49119895312117,178.35806975280136,164.35628074369214,153.77169430942044,154.62349652636732,167.28937169296944,156.92694303927706,149.29630372926846,131.71693358158237
2022-08-13,152.7374819986085,151.67938820149698,140.59258976407654,128.67288707912297,135.78098877533995,123.33810084559312,117.12191707830992,118.07843042059379,128.9791494186618,132.8325712057757,142.95264409162763,140.26082367394233,119.04942744776233,149.9910924419185,143.09591308993535,151.9766623791316,152.58531818986333,156.96219214259364,151.55740723913706,154.38915491451274,183.4956528418937,172.48288336043478,149.5889057845634,136.4095128829514
2022-08-14,158.7269781075924,143.7352240487231,146.72401946549698,128.94371523056364,135.38246888159748,121.01636121383842,115.18162370472018,91.26530432801108,83.27158865732405,92.3336027675251,99.99391537512005,95.81473957343356,75.96980911244927,85.2239421252708,89.81752365470624,86.5406346527376,101.57358196045884,120.78240992773759,125.8783810147897,161.34654734328248,192.5673338743339,191.63118493664675,150.38276629519893,135.1258259131609
2022-08-15,164.9112692594128,146.54976599022282,134.13460645789942,128.89789019826918,128.4667818953662,132.92909103603012,131.05807125164245,110.29535094018115,176.0500468207549,182.82195365805882,144.05341492430108,200.33008110874627,188.81650187987728,197.04913204232696,231.54605746070945,210.1313522154618,221.88854162384234,187.29872438392783,177.2609289492333,173.18053235900803,200.7557968155514,195.84249349523006,151.66252806863366,144.70411470822336
2022-08-16,168.43079666253507,153.68543655789418,161.9703217440103,129.10781721982198,138.79588578298214,121.36786347340737,132.01202132304675,114.75618177678719,133.42259494489818,180.06881900229098,168.7382599298421,187.16184178320782,178.93839355725396,171.0120287239044,195.88868850289725,194.78240005340555,209.44271779064366,197.49174059881454,186.88084484190279,177.0684960633359,202.12672420837515,193.98471795146057,153.53126586581138,150.85019645875633
2022-08-17,169.77319941973502,165.93681569556574,155.98148407703184,132.0346527837205,132.72939266494888,128.41238836378454,136.62586455219773,140.07291158414702,174.80396211639388,182.23598889474812,189.01844169892271,168.1396930305715,147.50347680638723,156.67087897633607,185.62352447878223,184.89483539454457,197.971738915557,181.1992033277753,191.6838779488631,191.5003021906682,216.3600149440215,204.41948639789092,163.89905247503054,153.51622557384894
2022-08-18,170.0163343130484,138.72530313061398,132.60943993684168,131.33546155574868,142.0787000499087,127.65618987212922,126.4048969201048,104.2920672068435,139.22551126198462,129.16254872745424,162.65047744556173,139.6888800805426,99.1550373753479,107.56863066156058,153.45860172970995,140.96696188116513,165.04234812435502,184.6340671085444,206.42451942835524,183.62775687502216,176.58920101445537,168.08450578158528,156.67855888703374,142.36158245947965
2022-08-19,161.5361852057631,156.57338889761053,141.557368018782,132.52255919193303,138.83485468547352,131.15158587924805,127.01528277441022,129.33998072554795,164.59244485796845,176.70398618506962,173.31440058020397,180.6142736985797,152.87022473563522,144.04887543032663,191.0015694476829,188.76538197854583,179.55568762130196,180.89738862740901,172.67012219118487,172.4866664549483,188.18738822242256,175.83786959730392,153.38262063933024,142.91410732151218
2022-08-20,175.5493409841783,177.88646697923207,158.6888168764993,138.70283270094828,141.90609383008464,129.7812256643365,124.2223553590492,107.44003043191377,96.78851009716041,96.46129714145535,142.2869375104438,145.9890071072735,111.7961680472133,138.9817208160325,153.38026570379466,154.61692287097395,155.13202204588413,174.77248918028445,195.12812126071412,180.79561076021275,209.67386002031495,188.9395179359259,175.96993652482124,141.97532914662892
2022-08-21,178.21719886474907,163.2407092687995,140.89611524687678,136.61543471587026,143.95112181643304,131.94456676787573,108.65499461484583,102.56134806564675,93.78551570441503,103.11758697087367,112.55054569783981,112.06954495623684,101.58006507536724,110.09687863110373,110.81728620808344,126.9924993318037,139.30009067317005,139.78645176340865,150.56597237078932,183.67182560677298,204.13052281518895,191.30816409274212,177.88938829951968,140.4475201913821
2022-08-22,173.2129289134203,166.94164773674214,141.00143386069317,141.85783138888823,143.8834189373654,137.12920147017323,121.56473819772101,138.0521936030065,201.08488415195,210.3385574209765,220.4343559637637,236.95668370156918,157.093943761507,197.36566367511327,230.56891133661495,236.83420879307087,181.8951513809999,204.1592298136794,202.41737400615878,185.60718894122292,191.02171393999356,169.93526872281268,167.9708078974154,135.7135897819351
2022-08-23,198.69132899992567,193.15544532424897,165.7603954380379,144.23490629006102,165.6388352836723,144.51865258642715,152.69681494611908,151.13307971068494,198.55525474329187,223.23486294834262,211.38511128802634,206.20878150525033,167.7102185697877,194.73498400410747,187.2565816239161,193.4350596490968,170.79160928467198,210.28061129235306,204.7733149610616,188.08869212862686,207.3697868804796,189.09319724739743,179.48787356110032,147.943035128789
2022-08-24,187.83304570841656,174.45591543262694,146.12151638613787,132.38028131360156,149.2056432140397,135.94427511983596,142.77498486892864,126.02326592774762,168.16426580886187,210.19992082317455,214.39500920279255,212.48512140823127,168.77398872505086,205.50104460906158,213.16051023317073,201.06595427045318,196.261628909217,215.38643508098272,197.50514149411728,192.0232742898278,217.45419559550695,192.9671753188512,181.9553369170639,154.80663626034138
2022-08-25,190.48111289194938,166.37469103902592,164.0981179750721,132.686770683562,159.35238970401798,153.0348169037051,147.165408576645,134.10742289671958,170.29751701445946,193.0700581762855,207.03396846543112,199.52644354946466,157.44416970544964,171.10797030320586,203.60725048598573,202.37828811153906,202.5371583986382,214.7800070690159,210.0100176138622,190.2554119191108,206.75097779389,191.99235633041587,178.97059905314993,154.0628281622391
2022-08-26,194.730612850888,183.40910896086308,168.52959306198747,144.4283670492638,159.51034820136624,159.4292623745249,157.67175849299878,159.19168125984564,195.81963662331955,180.68397618829403,206.30688363373912,211.72291251454186,180.7772963982291,166.01084557842822,207.48566230640404,235.77306586519654,230.93020984583097,219.51632264291834,231.72304886958617,194.8543614817959,217.28357227861298,187.69310813840826,187.10562493282694,155.94032360466616
2022-08-27,191.72569891250282,167.31940089862033,155.84573657755644,145.90294510356696,159.99378576575873,153.8834021542957,143.52264401717517,128.66187570595773,142.51438451968454,124.76719176282108,139.51978595865873,136.17023662654975,114.5294867876682,119.77991412576333,133.74934557659944,147.31576152811198,144.84416894450487,182.11725679674242,204.59459911960707,185.97987653687179,205.64162689487998,187.30168748002254,174.1165763851397,144.83275596486132
2022-08-28,189.76730134579952,170.54241675880976,166.76505488298153,145.61386230148565,162.68263265641033,158.5997933901857,124.77725750376207,115.01777306632181,93.48735979127308,121.62727026822084,135.33999113201548,103.83941504088179,104.06761811740917,99.64381994852316,103.46873752281543,105.84744069835254,123.01055597941152,130.02285972852633,164.18345818132772,186.15269144641977,217.07952077627542,192.33885455521818,187.09467952326779,156.18479397610605
2022-08-29,177.8842045248403,162.96431377699258,136.876169339162,155.8074702448582,151.46331110617845,146.25680195507917,167.65662839146748,152.52669922851788,133.54603320764656,136.83169158937807,158.7073222148747,155.0880030718448,107.34065086113168,143.97007041123885,168.0795030335973,196.92400034414828,184.7663778071571,191.37100836766842,215.73886998736188,185.98567878101363,190.3444134248914,185.04029535637514,176.04714082910905,141.39393124280954
2022-08-30,162.87926366528296,170.61318199472615,151.7816650343062,145.85202572597933,149.40520835464818,141.27256968011758,148.94812953020897,127.26277899549225,140.62262042493822,144.25600531988212,135.82840764808626,145.5650859913345,108.83872120715786,123.80900451751391,183.46497658897385,157.27053880793275,158.55025745222105,195.1474488850094,192.7449631930791,178.21754680290397,199.41378442815306,184.27432589524608,160.64943243410724,144.11622767908074
2022-08-31,193.93682189200703,170.58309861601495,156.30434486726833,144.613320842241,149.66532182248054,141.3007099994984,127.37912263796669,150.49050847340487,132.96747486214554,156.02267368735636,144.00369443069076,134.73177856743519,125.99769612771125,139.05759109305777,182.7648396282609,185.13427650516903,182.21115198801556,175.84943508367493,176.6517864598546,195.1115825676469,216.03817336724663,201.11332207388213,177.64267662831216,151.75475819484018
2022-09-01,202.49805643815583,189.52813112108944,153.55573859533237,148.78794366527615,151.18869638699508,138.52460732205674,144.10411192516335,167.8364954987196,235.70875568828802,285.234675832722,258.7110067119099,267.86327587274354,228.62040836997332,230.45329181802674,284.77549883169615,252.716629550516,238.1691798825324,200.28820580523265,209.39549737229902,193.99339820715832,205.9171336466134,198.6204013735842,192.93263574605567,157.92391017070565
2022-09-02,195.08124797092884,167.266037005582,156.20506745146912,150.98510106128543,156.37911710120224,172.30108185790303,138.14340529868696,140.33498911538305,175.25675235008515,184.3473058926333,220.6489183208875,214.5159325216449,164.60174246183817,156.76440344648336,295.837301185113,298.3347978453379,215.92209249509776,200.16997417811055,200.8559773573268,184.46844068074418,217.24447348224126,202.46518523225572,182.69234745690176,158.91179716513582
2022-09-03,239.09449974727553,201.49721170895572,187.57172671693215,182.42169954659474,204.0420048497092,176.741588727231,189.692697466144,156.1822523861249,258.0802172773164,305.1262910455263,273.90191592871315,249.72595356933928,190.44020473593997,200.69048725574214,206.8051610453193,253.72927231092905,185.95446619757598,234.14316546714926,243.49192014604282,221.6442543909408,240.38761528971295,214.51066722994713,217.0412748191697,173.01301246109094
2022-09-04,236.45858828703516,180.7362398997742,183.29904170101503,183.95443783964825,214.474826232995,216.19304348114085,204.3978497655989,132.99056211364473,153.34145650219943,165.32519061169904,178.09839713322359,176.22731809610647,178.4560261747959,166.56346638328947,161.26026736483502,174.52486122438575,167.3137193812801,175.41749521533623,220.9764056273708,213.83529971673238,240.39829054638818,215.52618837160028,193.27537632337058,168.97627512908036
2022-09-05,227.97357888568342,202.81916371028586,184.00727132011596,189.44656515641643,192.87809069592655,162.8353048758579,173.46093626340115,173.72143259458952,160.02564086112363,201.54429308656086,242.40968515888272,255.3645792923341,212.58847360279705,250.44936087351508,252.23394790839302,257.58698195550244,250.13786086906157,249.21237396902254,247.1735547943095,229.99388070720772,241.24478938025436,219.06902864456262,222.85545940055448,177.61815184334836
2022-09-06,211.91586804851624,214.4222864329503,177.0248875627576,132.6071501235962,131.44069096331896,142.43673629527342,100.34899026386596,140.43972303764272,171.4345025854927,207.76916086005667,198.52278663097556,183.76197361463133,176.91932417055642,222.36743684878093,251.28061028698806,240.31812671662942,208.09686733739184,219.27140737269548,212.8004470359457,207.91405536602934,238.28504040435212,233.81499460651213,197.25895122785283,177.44798126968877
2022-09-07,194.3841214520593,206.74148166905601,166.70879861888127,163.4613941359318,170.1038735719059,163.5180574889289,156.65297102650038,163.47677167993854,162.5611376763692,188.51128980426023,203.85885517426792,202.2238786381275,167.72009544081192,186.4916010478652,224.86728232319763,230.72452569347118,187.13520368129096,203.89723603157879,212.6429525035962,214.2841816291246,223.4286701191566,197.4788613589516,197.6013175727028,172.0178454379949
2022-09-08,226.33964507768434,180.95027159965807,172.70634552062182,184.6152519011904,175.8976879787218,155.3658010542616,110.12825836651197,129.33132458631488,177.5632334249197,214.5647810322476,204.16603290241738,203.65317921870394,142.00005306019747,162.62388954333002,203.1821197489188,214.71276103042953,196.8362749693525,213.13707895328582,222.94015692411998,216.3548103386341,206.8447753972168,213.73800366135322,213.75529861400534,160.93296295256258
2022-09-09,241.71300290342091,210.86185964515008,189.48140274836845,190.50819297759978,188.83965535441214,176.32131339415727,157.35727435482877,169.4663076356586,205.00820032175787,226.4107975243139,205.97300265584082,210.9866040024144,178.56150687358752,192.96438485352138,227.36712230697964,234.86262223426883,210.55715074687598,224.14024544768742,230.74531333077616,253.66341431889737,257.842593889435,231.80553610327635,211.75442362203415,187.95339137252395
2022-09-10,298.77045152566797,231.8332942205138,204.09015103076862,207.43048655071593,202.67691900435625,184.49330948436224,171.17677988305272,183.05727237645561,214.81057240079386,216.67969943455606,195.26971175943282,201.52892791036095,174.7541540543857,200.0269529762941,221.65916137345886,231.79133526402862,182.54695585123955,226.01743171077803,269.480481280815,294.19862452776874,291.7328940000878,260.02977542141866,247.3005343421701,193.6484931023529
2022-09-11,255.99780203349536,207.30445300059856,180.78630549456963,191.21822339353918,207.90457200119485,182.7337926082684,169.73373422288782,135.85526009917004,133.30195163451566,154.40795820203738,158.18375013546427,154.10937629762506,151.44553147294025,174.8907584184977,171.83512236759958,168.0207301653098,157.99339199531028,200.4561308181657,227.63495318373015,232.15145658166298,265.53647576686467,237.28907534574012,205.54851950637138,186.46968599270352
2022-09-12,235.27009064030176,210.75693531764796,165.4315245736619,162.70699985586026,170.59651067374352,143.93783753404796,142.46764568458568,120.87555586969036,251.22861077930378,244.28206828431522,259.9721566489036,242.57701643299006,174.1034032214618,231.31910257757323,274.7148336999107,278.19131348633704,234.14364757797657,276.8111721491173,283.0351702229925,243.35470076847912,261.941065134934,242.08121822758105,228.82442963020748,206.67335590251957
2022-09-13,265.71360631313223,221.1184416816586,182.324416403581,196.6173746131639,179.5029017519914,161.0144199928609,162.2238405322727,193.3602782935842,203.4854104154917,226.25476903626455,236.12865970934112,229.4679578548603,174.4684344173637,227.77056460179043,291.3612423235469,256.5005129640867,243.3070299057486,284.78370445542646,285.6628610076031,276.4812917616481,277.22100716478116,253.60573113280122,244.1475933884971,207.39226769211416
2022-09-14,244.63308715883574,205.77643456259864,185.65464586774442,193.6578148436104,180.8306804326162,178.2276397650988,179.97215225654568,191.63489748823324,201.05627490087736,216.9989776144575,213.78379919508413,217.07354397394352,168.16972721315983,206.2836750349777,248.22191931181666,230.18758421558073,221.3848100852058,226.05239730056405,232.18304067738683,242.967964527181,258.0995278830392,235.53041479159296,214.5084986351531,197.78025807094852
2022-09-15,258.93129859906315,223.4736133174253,197.95047210330029,196.80013329670592,184.76387581672364,171.7728339847342,180.22731322929715,194.965252564468,207.4759120491432,233.499830846885,213.83576672163488,241.52025806231472,177.13311153272042,202.6868044394697,240.88755439711767,235.82231296419639,228.20407894403513,236.98529763156586,237.6235939992839,265.1775303691213,255.86659092329867,236.68586640622573,249.61021389563635,210.86676167992343
2022-09-16,258.79896419614283,237.21020451209662,197.20273142705477,201.5469746459537,188.8319493183257,181.99352289250876,180.01360867961102,205.90836338671735,211.87749901039638,225.17007457825147,220.9796391861159,194.51688304517086,178.2537914938478,201.50317187318535,237.7213612691783,233.77977201599634,222.22731613134906,261.22376539518325,248.94304158647273,256.1733028344005,263.34359192694245,241.44596833846256,246.3830690503277,228.8878288287574
2022-09-17,261.74085943646696,224.73901766743768,196.1941408159207,204.74694139587731,191.32971849135794,183.82520034369068,191.82975748446043,201.1418488830881,209.74116240281418,211.219225200822,207.33673746532133,241.0786013725824,166.4681952224896,203.05462954511245,212.0423882629053,218.04682009365794,174.8949925485277,215.76211937098094,252.88411924563476,285.10753727400163,274.169213127483,257.4276563776592,252.52357806418493,201.72063703525356
2022-09-18,252.4964777945841,197.10498317002924,179.93408862522512,206.12617533603566,181.7675038089576,182.50910721125783,196.3396832361461,195.51167915535294,153.8581414030001,158.28356840197074,182.4593699828064,157.40385097624926,163.13188793788046,189.48134881855069,187.55819086980972,168.4658129602127,161.4010419289351,208.97668356065967,223.83913967616976,237.21667004834146,267.23057475184436,248.21199374333904,222.3296469584614,203.92993486118075
2022-09-19,238.64713830120317,199.32483995463897,177.84655699044816,183.3730832322219,172.54586298328906,160.06974208365463,156.861259772319,173.7429767163191,220.70893654354367,251.5033233793119,212.21082214105678,216.87007703162664,169.1485324058382,201.94275335795734,249.9648120129989,247.30467814511883,255.1823358530747,270.57613403850075,252.7125659385557,248.65677915650534,260.2504147467774,252.59978720632313,229.2515883079845,207.58227141317266
2022-09-20,241.72292223877494,217.07848498908905,194.0530495356052,196.69061768608253,186.62151572542493,178.81314585678166,182.18045287334448,185.6258030450201,217.17804818536914,226.2816786142559,212.04384251113325,219.5531460847825,171.91545505057897,205.48084030853488,243.8229982094799,230.3249925716463,239.58581421332676,251.80640048697006,269.1883355092828,275.26195872011357,262.8810899363922,248.10114238575034,234.6276290812806,216.14819782760463
2022-09-21,232.95342851621305,204.1834121910201,182.44830808302842,180.34168701625114,181.72240773070044,177.44773628946805,174.87545639553008,191.24060122795888,212.04329599856908,226.45508712681718,211.06483274985314,225.3448204750515,176.53419204581155,226.4275944074576,240.7994621171951,223.38172879575998,241.47146743087382,257.4776936601692,257.93188750390516,279.4244513520582,260.3258138374183,242.15226796400916,213.85769125060455,189.61981364645413
2022-09-22,223.42331137341674,198.08098529202226,189.57260195970792,185.19727846485404,179.55266482869237,180.99511665548556,170.35205508959268,191.77533971694862,199.83185285125614,201.63413536235882,201.77526318647435,192.68497259573044,170.28975527862062,186.16951306084687,224.4978665519525,215.64633243176027,241.71001827191836,239.5684069201222,222.84089971389687,232.0999716187403,241.552448278289,227.1922145429195,211.7712003476662,197.42950393715176
2022-09-23,248.20388881132652,212.7398123102066,199.7516013175046,197.9387483479062,183.05787723676283,176.28762816323837,179.12939213637713,194.12631828699386,228.14237671227448,236.25630263779433,199.54415184653234,223.70836586385573,172.80324341522726,188.647962695852,225.53370257433093,245.32081807275583,226.56889458919596,255.4570581550968,254.05320376100082,262.3620900151109,260.5284797478626,242.8735904364481,232.51489706289107,204.9302675949173
2022-09-24,211.94178171271918,193.55351526441012,178.56007436727947,183.24138089944444,187.8389167589836,173.1972277582063,181.4668168717573,169.98370516042283,200.18196073104843,209.57569056371997,203.7809047754081,203.0839832989974,165.4177344022763,200.16199986659635,190.50101361747613,179.5787789268368,164.59870380326484,196.60390756360064,222.38143227079456,249.41931865502562,239.63480579012406,223.08824705739994,217.08052598058043,195.10148941745763
2022-09-25,248.53357076892556,205.79688858402122,162.38255200891965,187.6401317614792,178.53302527993756,170.35186929910543,188.68796418038687,174.69170685914537,157.04280040708946,162.15004484020065,153.69046645006944,156.31588539670852,151.4203038344209,156.668010394579,148.22062267744656,153.2544039082426,155.536620970763,177.41457890920913,220.34683687639674,244.01106831122655,247.59014958728577,226.19196847233547,205.95023839564104,191.45043996622564
2022-09-26,239.41564987213857,210.3638453787153,190.5963806019716,185.4595119469021,157.01973663180277,147.99837860563034,144.47896044146978,187.0895596151749,241.56152045200076,234.0463839843971,217.77090987557656,221.80647369746507,173.05988426134704,213.38499955360624,236.77275615282403,240.78514344703217,256.6002072184069,255.71348587808916,255.53235000162638,251.36776096135196,253.2401642160081,242.12548366172834,221.70647858877155,192.54126430277137
2022-09-27,236.50274631787585,200.26175057004593,180.2585099649245,182.77928376098592,173.65137101754252,182.71510953379078,188.85034308903315,170.04370165385777,225.44723757741016,208.71488146664055,222.22778111817664,217.34052627554325,168.3944280482702,210.32558326941046,215.79570450461938,214.02313765147284,224.40418228429266,224.49868243392896,252.9157337529717,260.72112397227625,249.49112362498883,227.26621248342175,218.25799506662966,188.38812032487417
2022-09-28,222.38351045966607,199.1214386918536,165.9634601341978,175.24989868928222,162.51419498735157,176.5169720047729,182.10160169538148,168.8519915862369,211.73172720425185,213.74103566038212,211.13519534156768,205.16395765662762,157.37155336233093,187.77028106099868,215.32294169009467,203.22628589660985,222.57704562324483,241.85821369462602,249.86790900996075,264.8037242100778,244.32774291125972,229.7387991669234,211.51195832772433,192.4546738824883
2022-09-29,230.87506041568804,195.7370268566863,176.94554815225914,182.1830372763685,183.23889403360232,181.07984249408926,183.34822895769082,187.02372811488507,240.51614133734722,214.72983248392498,204.07689701289192,196.27918665252517,156.40274430784092,172.16243458925183,186.10332058506998,195.51099906838098,196.82112493147585,233.8178031379732,248.16999344455945,258.0613475126813,254.42296095750265,235.5268646644268,215.39833123058813,191.79456954344698
2022-09-30,225.74891489859112,195.7579537424412,178.2670579437877,172.3735830347583,175.47212098472883,165.76535996723757,197.83226633303764,170.22067599931995,220.36638368617915,244.86199221635522,207.50752445157013,200.52278057653004,155.45425304021492,160.31315046914304,172.72456432177978,184.49231498756947,186.67406050074933,222.55754038598783,253.00642196329767,248.38554984644995,246.73678230607695,224.44887182293758,215.33594720376723,191.22551333050777
2022-10-01,242.42243894261813,209.35553938075927,202.45447802522,207.17072566122013,183.63819803342994,195.53127047073122,212.49399710085487,163.63082337215792,209.6269073672956,224.64686039911186,187.27249756153802,233.01551631061744,156.20797010527713,184.42143878683962,184.05234352168162,186.0322690595215,174.71315019904287,225.56198707616696,256.1053324360225,277.4110954589525,261.78982091049573,236.30464445905676,221.7515466107132,190.01621245478043
2022-10-02,235.23918978984537,210.93474057033768,209.7454994710449,199.17349504118766,195.78551062908113,197.47088162448662,216.73291871087307,160.1985716535273,152.5159561858673,165.0902977767244,172.00092839588643,156.21021188539984,146.2393200892631,158.6118031739964,163.5636462441044,153.56947839766613,201.61657914687038,213.33077362354194,236.57070654660436,244.4261612890899,249.14185199075334,223.56631176995324,209.0470964415284,192.08842766825552
2022-10-03,216.1482764416293,176.65342489665477,152.6846646523408,165.75926384415166,150.1477519285122,148.34987719366194,149.1837465957612,147.4503997507775,223.8461656906815,249.26900434205558,215.12181120299553,209.5439302813389,137.70969386104846,180.30287741606182,213.5098964447267,208.91139364762904,248.42090297829643,253.09650386510395,251.37188852514987,232.66259228781016,240.53833027975747,226.39072763217078,200.01677352216703,191.16107563069534
2022-10-04,206.13162700012958,180.68343122454058,181.75833321376064,170.0547159295291,163.39729023168428,175.16110295706147,180.03728186602265,178.6679172163606,211.78630532188737,225.4701613562593,200.2192561296793,192.2550078055453,138.90537479092674,164.55553129930854,182.95572007407733,199.122168686337,206.06489390037171,234.66481910199113,246.81927361316184,261.950694852818,254.73746944700332,224.40346783546514,209.71038431304623,189.46389145785471
2022-10-05,222.26689308857252,195.88524360991477,186.83722490140218,185.50914557242967,173.11873561895462,194.32116877910377,176.45456495368367,177.4881283153203,251.02453371647823,221.24953212452746,195.99790521980577,212.8134538698379,178.90721894516284,191.50992519220185,220.32043693255076,199.99890705633925,226.10261066703856,247.4816915245305,239.84912838228564,246.65965349802912,248.43038553024297,226.22124736462217,214.04212415868594,185.2919851975029
2022-10-06,224.42825359857895,196.81784429977182,179.38319556224977,167.76708719955303,177.98439085060969,187.34844245236974,201.341042308069,166.01780327513916,223.56651750927006,217.45201347394783,194.69710376103484,204.52926647961726,152.47541768032283,186.84320837884317,209.0531024567911,209.50081509801552,228.34671488391083,231.9696030956167,233.2363244686324,244.83648714300043,240.0808796651869,227.4463210408867,209.03331721384635,177.92395136279313
2022-10-07,201.22615147455326,169.275047673512,168.94241007576267,172.33979226409778,166.3099380464101,164.59718179586787,166.6599520971529,191.2813941130794,235.67839256309767,212.46044410317998,205.93919046925168,202.6466883416617,142.61110705397144,163.71399154802546,208.39534440505588,211.872167570482,208.3334283019803,242.97855083551394,237.11046299622748,239.63995089522325,243.0838845121577,217.3207532003371,208.2839341201813,188.15818691389097
2022-10-08,225.3664694316452,192.70838131391272,168.50543938409254,164.97438351943057,147.32312801024983,171.42508797866233,181.10600675863094,178.70993202644746,232.83532798768653,218.87972603913025,199.63626844131463,207.36321775127524,124.70052824220687,155.51400687893826,171.35062275223973,177.18365717345642,184.03335998402144,206.7975142150404,260.6283559252202,249.53570911465079,244.11024179728273,214.97424223372843,209.75570118776432,181.84047818354458
2022-10-09,235.6004365135198,212.54479147080764,163.58983581704337,150.08967326128734,134.38995242162568,167.89763622719232,179.3936597117403,157.11892951512283,144.0270291942522,141.95207577610623,153.05605233924385,198.80838533409099,121.84110014234571,159.71625181295772,177.11141887875087,159.32339426229407,170.48439453699842,197.37683395252486,240.42967221285738,254.1805692078822,259.83190090595997,233.03480496504858,216.329077868372,181.73577242365053
2022-10-10,222.1803394151569,198.66570691383265,163.18782609549737,154.1989847422934,149.85074526390997,165.4958040055614,195.7929858567455,165.22636410322485,280.76101381580054,226.22327010032473,209.92738303001835,222.1113112651349,163.4400823504563,196.11353779585087,222.18030844199987,209.91511065603657,238.85597306709022,235.20962600905528,249.06030459674952,264.4582162134809,241.46736908767838,225.79092503230663,209.05199029301227,183.00458410877178
2022-10-11,215.57359765226565,199.8045771578101,178.84262416385212,165.61034767595817,155.1442792080426,170.14868989340818,175.60161872577257,174.28566667586063,222.68377795152094,230.86218174351274,207.64618313691435,228.18133166638253,156.08517283068076,192.6138420716408,218.60447934835895,221.58260768071432,225.31082042107235,234.35399086869856,248.7458322212591,278.74583014375685,255.04046953226052,232.25225677904774,213.49376712415705,183.59760504382615
2022-10-12,226.66082354984314,195.48258602180144,173.87131797377393,169.85749242671372,161.93461892591787,166.25791998424975,197.03040135390876,173.52022501642077,230.62428597687708,219.89666971331175,200.59439680743995,178.7333356440521,151.69841240715584,185.6830531365235,177.6865812415818,197.79598405587927,222.80703344488677,241.95198046319905,258.38740145818497,257.2408552700044,243.47556849945613,220.91083637088516,210.7253396458267,183.15587358513125
2022-10-13,217.5047943245139,178.76062960562757,170.60381656687363,167.3211938704468,165.12985984654554,169.21842660262007,185.21319471952086,153.78172055405864,191.29322580246705,217.0527346072427,201.10026750861095,209.59860155454962,155.1616559202672,184.833102996118,197.0382729423061,198.44683849794814,204.52064140327133,215.8093276328123,244.758563136855,244.54267621770788,239.21375127776815,224.81483873781102,207.92723656582032,184.49529034538944
2022-10-14,214.5841829735394,190.87769778420886,166.3277382797689,164.13390740247212,155.66459548066007,165.84361171276777,150.25234950057086,170.73271575523484,168.01028871076338,230.01936103082062,193.98122608533677,212.9181044288687,148.04608407742796,184.30272007805948,206.41594848247496,192.45091800036093,212.19501266326716,232.20068226263118,251.19229064854795,252.35146264726046,225.98927036786233,224.10565997128614,209.07226031946362,185.78334113801472
2022-10-15,230.4408504486995,205.48165062161817,174.95514037550188,156.73811156903872,161.21770867318557,172.74462636941735,198.18990220742208,169.98464521949987,218.25886908600074,210.94554488104077,193.50914487528368,212.86743441537777,140.45224095786782,184.47672367996944,189.22019248403544,194.16032861323717,209.97103897581044,230.10696808023954,267.72387067011846,248.6335060831587,240.68585590224396,224.7341080079604,206.56553410405073,186.16836777112138
2022-10-16,221.74506753587028,199.52777368414058,162.40357971771883,163.83392771212678,168.58804469052927,165.84049917385482,202.91163395776545,170.52269382739135,153.70443806994012,161.62559472591906,176.86183142702873,153.30425681545523,146.04702619450154,185.24412992833507,213.44504968372905,162.80029852723533,194.1622108780613,202.69318266397357,249.62294204419544,243.80953837777005,240.43845352322379,224.32088915367808,206.95571069316978,185.65773891092647
2022-10-17,162.1028863961368,126.66591006829576,93.96255881630893,106.11425714829052,95.67895025061328,136.11057684659573,150.32860073696756,160.47100188487536,223.5237210884282,201.63522066185703,171.55481081665843,171.1751230995689,96.58581862048838,148.90857182956515,169.86208216528996,185.13903608280287,250.47999365882663,269.4844667749302,240.38994204150237,173.96295111905,211.55677344011139,190.34987877425348,159.75609784258515,183.49103915653342
2022-10-18,0.3932887867549066,0.7664585427403914,0.6881084777961302,154.21602988031276,-39.2028548075912,75.47352732630378,99.98143609125474,143.88232726963784,215.2491006291529,176.1142261349753,196.93795675401248,129.7907554648026,40.39090492447166,120.2826431778248,73.41292669982082,61.75665317516629,165.4455653973495,208.82905031094413,245.76030458443455,139.93662762659963,133.0616257984362,89.35189846652376,206.80356645188488,183.12506028250584
2022-10-19,200.70125867240554,258.10948197481133,106.21889887808734,24.42055164171768,234.837227746712,795.9294067713327,421.25219274491485,166.03123278039206,216.95986706453323,219.6294747415802,198.95196830352668,204.61313264416228,162.17227442503963,181.6887028641272,216.136122668629,147.51599598433256,240.43736320555507,332.3871711509314,213.39537888805984,225.73939944488689,180.0184738502312,226.3599934105392,207.4483109001764,183.7896756182144
2022-10-20,489.44101940095766,133.42617512784258,98.94920233332093,144.00684689977925,128.43364512095687,387.61791037683815,181.70017536408767,179.90255353592522,220.4543590922397,224.0562387196108,200.97834492218263,177.07116283013156,236.34489293848296,249.71979872721133,215.1684015031485,210.72775015551986,347.3945511762361,256.8808733515609,255.5248312488281,245.69538463420216,246.23596629974313,228.7304640052343,208.29659654809765,184.63411152700925
2022-10-21,195.97668363563784,225.02542622544732,175.10022686969978,147.1052327556915,169.38251315339554,163.25911733494306,183.7706260199503,159.5406075718242,217.3749612972951,217.7216184338891,199.10137542452148,209.21915976172875,139.72361671120942,147.68085381178267,198.6319864514863,202.42442210414066,219.05042992842883,237.39383753839383,244.7019609483548,228.64445264057994,241.54328472693888,222.40591284097746,208.06009556995278,184.61975712476743
2022-10-22,164.69634066633918,139.10525250512742,83.81296759804688,89.74879447008686,63.302485279426456,64.23795674365259,119.94726336564845,148.9469831271415,216.75455011173784,208.8899074230757,195.46790944811957,195.86452630019798,123.55547063818484,158.55599312804367,164.77234806659402,175.2978209805873,202.34927115279856,228.34076484935224,240.99003666264284,236.03157996129033,229.44316510105477,218.9890148511154,204.67213525636026,182.94447821945218
2022-10-23,238.0076429289134,110.28547165566842,163.62078221589044,347.5639493896318,438.37575038914576,689.2795281133035,144.14085597868237,154.49707858429872,135.51680323731307,131.69559443423253,183.50173479014,140.799212534937,102.4932435882681,219.98922225897638,203.16691028464248,151.96462038649025,175.71268512987578,172.99346722411022,254.04208049362418,221.47126395579568,213.2768780117631,224.0928676963058,199.96894102705127,176.69278154677943
2022-10-24,163.82647839366172,20.74497994187701,149.21149752796057,139.13444581008625,62.79943170601467,27.80508221005931,54.35435177651108,154.4396806649696,212.6462332851064,205.56343291852855,189.43180396917177,203.87631721180304,118.92929325043738,165.4590891552325,337.87297450904646,204.98445496565517,235.91734285450852,305.16806997760375,245.747140122485,183.37356187789138,185.9830368411986,219.66588369921772,197.34782576895307,175.69402307188173
2022-10-25,273.25908610648605,230.3695262852066,311.5431853846948,240.58752323961727,165.79434473302314,332.72000465664814,235.55945004024142,155.1397978493672,223.50391673162744,212.94189169382085,190.78012523220343,212.43895863405467,146.31183492330453,188.36083801234997,208.32904769081645,203.52055422144602,223.67279984267012,243.1804857609138,250.9516788583543,264.9840936863987,262.19876165905447,244.1134836478111,212.08459486654502,183.89446914425082
2022-10-26,217.64457475334507,119.19890290649295,78.89415144773041,168.0074629956715,122.3615286246858,139.33113509577166,221.2482674736782,161.33716424773232,227.9441516053928,242.0332572916271,189.89299038135383,206.93657199783974,130.553034559088,172.70291799329078,206.52068650009292,207.87144353870968,219.5996465794282,237.39215363824016,255.8462579396229,256.2916934740878,255.9801946261105,234.71810782987419,207.42458138434662,183.84375398476718
2022-10-27,214.67751136673712,201.7878158806337,231.40501183439656,152.5526321902996,195.92159212491796,194.84134276750794,175.57465985504933,163.8785920133582,228.5478443340108,225.8786718376287,192.35352661769164,210.9136368517625,121.60536350793176,176.06470037618135,213.21639429893884,211.62781897021307,219.71862026472297,238.15439104716773,249.4685048724036,258.25886576860563,252.37538496900413,231.05327217216146,208.333240979093,187.61039469265776
2022-10-28,150.71968481193397,111.41936316822996,136.31865018504524,123.25270474540343,111.21445981241727,133.9399313905258,160.45060918076132,138.00183704413695,226.25786162653387,201.92578784586328,176.2390098310725,198.02621203286446,123.11375682147188,131.0925702865858,195.24152356495705,202.5439450513903,219.8048939962267,238.43283913265097,253.2501094212744,263.58308244977184,225.78427626124505,212.94099238664012,201.73806102642502,181.0577759122814
2022-10-29,136.049579033293,108.66372418639783,30.787625357803304,45.05990240956805,27.461243151927818,33.306812132261854,75.92204116683361,108.48942983714113,207.72415999740042,186.3321042330238,172.37073404800574,191.2023745575795,100.98920132863852,128.11712768896376,152.02897456184775,160.61928691179202,201.13926498013714,237.5367524169127,252.17863027041713,257.43681489707916,197.98190556237466,222.97527563878904,175.09444615318807,169.71019887172423
2022-10-30,54.44629406348343,43.086184437085336,25.41790739159301,20.728536452715407,17.910439620858906,19.663633765676,39.93258575999715,42.64174382003602,93.2491020844873,88.44696501464436,116.82469971108333,125.26363444764648,81.94224894565025,118.19895092720387,133.39788675467636,133.53816470550643,178.00419619905875,220.18204482896982,241.16839835228862,251.1074018943428,227.65763954684823,211.78090663193555,162.58777356243226,161.69802405323637
2022-10-31,136.94011964752286,83.44146101290004,26.334223906638,14.876298184976488,14.303754206026445,17.406875200526223,77.36137820240117,77.26498824509481,213.0961060671166,241.2804171396252,153.71210451690524,145.13516526452423,78.64971922566382,148.92099313445877,205.59238360887852,234.78340262571845,255.09345670059776,235.67299324524055,249.65757339743087,248.48061492346451,240.08544413264482,222.3199181559464,218.09263640233814,176.02656168578213
2022-11-01,216.24035594141444,170.92339942242984,170.37175014714123,227.1418440339964,166.2145901049912,221.19761192705764,157.20322652386162,177.73117614271712,215.78463731060626,158.4524264634302,125.18203508998766,143.8228965201239,109.47400771014321,42.02364028055755,182.07172436942244,164.47882922601886,213.02789046741802,235.41123767089735,250.362383170095,250.12299528605408,228.92868210922092,219.1835056326676,193.70339830088682,172.85331876894628
2022-11-02,118.9646740690672,170.28367244667098,47.612938919081344,87.12374118715033,59.48902665645653,53.69101612939286,152.7815245167956,193.0554099152461,226.54384828111574,220.88321808619173,164.88313920206664,188.0054994193599,96.50385939827332,126.72102456845867,184.33760422250896,169.34489619677413,227.3947649150241,236.57408784321134,252.95719957640162,251.08692474106493,207.01820215820382,204.4340958192782,187.5064701314289,176.0794975854567
2022-11-03,188.24205207794648,169.59524780820942,153.8990399716464,164.30044727136917,134.5034182542393,148.92447955688084,158.39660265501246,166.67714812812687,220.34564934097625,193.35333398672677,170.62485927949817,187.61754847429614,108.65139722364313,143.88131941821032,189.32586902258248,157.81189496249502,209.51025829856252,237.42748083876094,253.36365425425907,251.41658727455254,243.19403791973252,199.64943766037447,173.9285252707834,177.3470314532634
2022-11-04,189.16787377790456,170.04628479524104,161.26002420981484,149.1220821466026,116.6518674177782,131.9278195383404,159.95476275184055,253.4484997532857,222.27699885410456,202.3573556400155,178.35254819297435,189.0064320136903,103.66899639449483,88.28666807875996,207.78895100654663,200.7328650803344,227.15414269589792,238.10955384815858,249.65840783954155,251.36832657507014,234.46981827611316,236.1338128319956,156.48006788854735,170.68918401167076
2022-11-05,230.10626571873564,186.25537888345588,121.73146325803366,199.38042740132414,86.45450800074515,180.62958556684194,163.2130984874436,158.86065068747024,199.8176446233287,128.69930472907546,119.58028777483486,147.4646482452372,102.78795910615074,130.72068856421538,165.00010543576198,160.16147190259136,197.21297474618552,226.77451677192818,258.50686027219444,251.71455189198818,241.9958384742914,221.98311984846023,173.26183050414735,160.57728309259295
2022-11-06,214.72485324454567,176.21830572861145,173.45881545527917,93.0051403255971,116.64949826415128,152.62347196134868,159.796342727475,112.57637327625191,106.15960927483663,74.60551166465946,103.02421680544023,91.99260640346648,63.87547122726046,90.3036108691445,151.87101242191736,127.04788171737859,162.07317165591815,215.88675212264164,252.34231418761632,252.46435323803658,243.31139588303495,223.99288111529773,176.05675528266238,157.25226583190369
2022-11-07,75.16110429611086,97.36419615226657,26.79549403796905,38.49102053629023,28.309789240618834,26.427318737269548,156.05468621145022,53.74085692291486,229.76664593697103,242.89828105719022,194.30183566288542,169.16778401353216,93.6932836635423,132.93012026068763,177.98769066229892,176.39847409538078,229.4540252272818,235.51489026237547,252.7953231494084,250.76308847714924,230.86011808114407,190.95860269158507,198.29924121265861,170.22446163073613
2022-11-08,200.48639923887865,174.37814448293258,150.58952778917092,105.3015424121735,101.2101501632682,141.1982045834711,160.35904147188472,172.58700513075414,234.1277752687258,236.31071001957406,224.44000559370886,201.85084347435262,110.31643078666897,144.83413386464838,199.43160734251123,190.78444138791232,217.05535457428576,241.58672089507493,249.27650920959027,268.941562975638,239.85002589899923,231.6634103902712,216.10274279490403,170.98594122709403
2022-11-09,218.94008911895875,168.82527497522946,141.99204759016635,172.37953503687018,145.3866459581587,156.2037637721903,157.22809077335822,227.6216504680753,238.67380150293832,241.1974653172914,229.8280616547975,231.0930253283184,172.7328967363555,175.23748650233875,215.94795865341771,243.86270166603197,248.68110756960832,257.9992336494565,253.0066229768,255.91644721492005,239.33823423223515,236.26861519550982,237.07138121066833,174.9657792685463
2022-11-10,219.20386219823055,164.74529863159503,146.809510909234,211.28063289711437,145.1382666810081,131.62878155078664,155.66601926692704,209.19950227278372,243.01279391899163,248.06164967686203,217.78686671434625,211.85817479265847,127.18212379562075,145.60080354012734,192.0913875809815,206.7864455600148,223.32007622409026,239.81840596395884,251.63860789297226,248.19783716567557,239.05367024767526,215.94930020568617,198.6405004184368,177.22576408666131
2022-11-11,253.06405607002006,176.93544292564613,147.0877016818231,196.32476196204857,160.23587028404802,200.11310261511218,157.16901453890702,217.75270912181782,246.558822413258,256.27723438317236,221.07158423197947,223.6599091531763,131.75845615199236,135.32726201175467,220.08864944323057,234.5860037358047,232.17220738632776,249.88819201953766,251.73487835698282,248.11120861009888,240.5104209177683,233.8794392285331,199.04206823762772,178.36653237128326
2022-11-12,199.51371760017284,164.25908993863436,192.38001897910584,195.03041711573664,142.67698125360542,156.32120638317735,154.59744077243082,147.44550176099375,221.8556542317428,206.40187812611444,181.82782276826586,183.7617881034777,109.15382979354632,136.38897483504343,176.84125254872694,165.5479035163556,195.84169332778268,226.37761492150412,251.62313557816248,247.74920334870794,238.72612214789848,224.0964795402501,188.73475553752672,165.40134866703428
2022-11-13,195.3507265845552,164.79013948946823,90.50346063149084,115.93450898190314,97.31360247599994,99.04375853173502,151.61062538983975,92.88653610305937,100.84521965345837,84.62538352229568,106.2167561779958,96.96009638318918,60.71562584937173,97.23109076530956,144.57132233021818,148.98830868519698,180.9692965540936,232.93983992076517,251.36287387180306,247.54945984893712,237.9112307794529,221.62835300293614,191.97286129874638,159.8547853006415
2022-11-14,100.49157428678402,91.20251063067165,103.21560653121793,79.35291995094889,57.565747221450124,67.10255405881266,140.1461978483809,90.86069474131767,185.73515804581228,170.25535460721636,154.8225817807954,169.33728731744645,93.92107493738374,109.29838208082403,195.3582471865983,201.57305380932488,242.93951956849378,243.41257873225763,249.81909850457507,246.8426657208224,235.24104511168636,207.22959267266367,198.27008453700682,178.56844169003682
2022-11-15,228.601618163232,223.9977839970559,159.3112753018295,194.9987096944327,173.2442791837086,166.13733957618214,158.0106078327588,237.62346032304572,254.35089183075215,247.32897172634225,211.94679918327805,226.8188913028216,177.28799536124794,263.87461212903577,208.71873869008024,237.45879748341844,264.7062746736915,256.91590918799506,252.2894726900953,246.77938316193632,235.1807367869728,227.10922966154592,214.24968061750744,177.03746537671748
2022-11-16,261.90033705452214,175.5580088607078,197.980562581549,285.6710962554615,195.9934919071588,233.28978403457754,161.19824223986245,236.9407179625552,245.62336234971863,260.37691898949544,230.52792083773048,229.22738147766862,182.34096943605076,324.17475914954616,218.45146346896982,242.0344651960432,246.88587761714876,251.52997991867284,252.87454574696343,246.85602467524035,235.2088517001356,233.58353728264427,199.60736689871115,184.66835964264527
2022-11-17,127.26406991767591,152.94202594281992,99.64377548231768,115.52297515564187,93.65999698798704,76.65760570387748,151.06315105524556,116.73789608118155,252.19172105487553,273.29616967948164,249.97909945976556,239.10392795422456,153.07394807078546,154.22042767834105,202.70516247072695,142.2005775752157,206.08334207141277,240.19482127067414,251.89743784235736,247.36958090172303,235.36295280284313,186.2757927233604,181.11213776468279,174.86887096673067
2022-11-18,110.43582129756761,89.70427176574636,68.11356365274374,102.75826490429024,45.68787067216491,66.98631140486009,153.48904236457216,115.3747845309647,258.0627758522437,280.94920087948265,262.32863437798017,226.43938607235253,129.35939547844873,94.3583268473219,215.31400025416983,182.00297977054728,224.65124976662315,231.71327003157583,251.88935338773192,244.84836184621875,208.6365623838916,180.19891746903645,156.95929861680304,159.86804633923387
2022-11-19,11.059869859289508,16.818119325313543,8.729890708222868,3.6555798135592434,3.704680623824309,3.8128631435744964,10.211648687202022,6.597237362394123,202.65915766734742,189.47900894146807,179.25942449796366,181.727569581706,203.66446659899205,156.61895808645917,169.65209981110675,153.59690044559596,207.96514262327224,219.25665621080816,245.3955643197393,227.68800770720782,199.2960563724638,148.42454889630073,132.23566127784022,149.91842872505464
2022-11-20,132.1388095793312,118.19228401014536,82.46165424355068,81.3836010017404,47.94377790822971,65.4683853153352,113.12405305561266,80.7166112270845,80.80210674360228,68.40095095980118,90.25613954763371,338.3436582740149,604.129230755682,191.66844189679392,135.20671952777565,146.23709739588776,181.35359854239698,214.93524863373904,249.84207910195062,223.44099710668726,214.28033574457584,232.3670606206245,159.17341926270274,161.61546019798985
2022-11-21,70.36435960151364,13.766485215956491,7.554721575369539,1.1349140068783017,1.5771850347106273,2.039882786197933,6.975214699462917,35.646011766991734,223.99733619598285,229.42248090540846,188.0241555628521,168.55932106614458,117.898551857729,91.16759246143826,110.4943741866456,207.19465289336443,196.41411763460292,192.04410290786402,233.0257670738992,203.8406555356394,132.15467814439236,210.70269593936104,49.01145142218909,151.30891823981884
2022-11-22,183.7352645968714,162.09425335626833,107.52565073432382,54.10395451480335,64.22711380780073,103.22523136275659,151.4691914637999,163.7274568939472,168.73728701445,188.91110180652973,117.20566323104566,75.56830332253107,72.26596946211659,145.13816662648742,135.0006136377728,202.17127383426916,246.64772530625433,248.55029366412788,244.23351089907118,236.2901031787467,225.91295817415488,210.36686058766966,178.5732418779897,151.534197627425
2022-11-23,180.50101044750167,171.78895734658212,160.27815813444025,336.80442950244424,125.4633824185804,145.20956328349203,165.8892676251143,188.0777204989758,235.79425659988945,276.9053269934128,243.85848591232292,244.2895891656295,163.86846950273923,191.0086615840357,236.78412810496866,221.29156037426645,266.738921994333,271.5499755812015,249.31641566254277,234.6683877467775,225.30667562448482,210.41643655354204,178.77245844079005,151.16573587699688
2022-11-24,180.406371871838,151.7707972993547,116.70337516760286,91.48395293695671,106.41843923383874,127.76706984067897,148.97549984962467,174.30757302096822,258.00355361890735,275.3439429715462,238.36894636996908,250.06301518662318,156.62855455430608,188.52356656953256,234.55216851603302,218.94883494956278,270.4291347785485,243.58339455134453,247.0444692189193,227.21813761468115,225.28767608374457,210.0591067368233,178.18480546122416,148.92532976040638
2022-11-25,177.4355999825151,165.71968914827474,157.10607923579454,210.29460513701935,103.03347537552466,120.3200644029126,160.59442953385303,172.10434575620772,259.33724160104845,256.7290423506624,250.86376554290422,243.26431840656068,146.32870796335988,151.25245441568023,234.25287589782647,218.12376645402298,229.63860257739282,271.038715586561,250.11708113106567,238.440034263042,226.98688554345827,210.5493299740796,178.03532768089246,149.06340922170895
2022-11-26,176.01174451896082,163.88573819118358,157.6628909438266,110.95212799366621,111.34782503881615,128.79110796738775,159.94175773715986,169.73658776951285,247.5322283764939,248.34695333799826,216.35157967147177,232.59772383412704,127.77640600201804,157.7858592637571,202.26680494506257,194.83339808404511,221.6503776922833,235.1677073396006,238.40217559646146,237.07925170973235,221.44033590792066,210.17782736165694,177.4650002075373,147.74122635068383
2022-11-27,175.4680535397148,154.46858431503307,125.18742997222205,88.23009535346716,107.21290093638919,109.69541446300708,136.18191829920596,113.39753251434462,71.85817901488211,70.73657657171513,94.50280221350404,92.2238967502815,69.52857412190274,102.03848998260925,143.55892410117625,143.26303909141444,188.867800918802,248.64667714650628,246.43093979152079,235.56159040290723,220.5317585092577,209.4342136726457,177.0805781895908,147.76513387950945
2022-11-28,173.21572073660622,91.90977993703164,62.83073467940647,39.2982111877622,36.138162845176616,56.176710850326685,74.35534544848437,79.44831443755962,191.09998842710104,206.7087840753533,160.76631538918528,187.99786753976363,130.24416942564548,184.07505351614486,206.52438598678188,230.9946689722944,249.49945704826058,248.39795681608481,250.0790485874886,237.03714053713645,220.2589257417583,209.11076836064964,177.70824419905648,146.4107805738375
2022-11-29,172.83139226117024,156.65052590749923,133.4020583438883,121.46312145812787,117.8124499934339,131.24033580703733,157.55810965718442,190.97176651052203,267.2342175837256,271.79792181609054,253.82519436302084,251.6798350438214,170.76582614581318,203.87229308777302,239.46638787423473,245.7944477920614,276.07243534354035,272.6673949514044,248.33208460176556,244.40671529336285,227.28283775218196,208.93358160213688,219.2219359213583,146.1807873542685
2022-11-30,172.8547528310187,156.6625006438017,139.50595960328474,143.32518115118268,110.8993465614079,122.76830156237544,156.06246007174934,205.95031139941824,270.30629967508753,312.4116486847147,279.2035215100201,333.8044513113134,209.11696471331513,261.70529106841684,273.2918965008722,276.33816225400926,245.49140216595274,254.26738278465007,251.0944005171492,234.5570029470221,222.7960161798123,209.2544596553024,192.9562551221656,145.87559312488077
2022-12-01,172.80538083425427,156.2678032945534,146.6693391982617,142.75076141121033,109.62752734982989,127.18104087021051,151.50389152340583,191.65072374337862,265.6931678848469,288.8832423031762,288.6391325362459,238.80501511168873,185.0239924980861,223.66695416500062,246.4778503824153,254.2167959158034,249.5218610673032,246.641294144769,248.64357462744667,236.27901041612068,221.7637406438208,209.0144364925132,177.0879317579445,145.67806877509608
2022-12-02,172.68195511815495,154.49612976257808,141.12045967216466,129.23435317374157,104.18893232859135,123.5466648471737,145.21767582324307,188.33220116008545,272.1985610462738,294.98333061358517,273.3869412802525,227.64218560232777,154.6360839443209,168.18190603647906,250.6438396819647,245.4399597120527,243.6422698886174,243.15188784773392,250.11710057010635,236.34280277677107,220.96335027245695,210.22183087428877,177.82530974745225,145.78954465965006
2022-12-03,172.45154392429043,158.53101675851133,148.506426165985,147.5602335765979,120.7440305139589,132.2541109557079,149.20166258864757,165.3505812309694,233.2110017240233,246.88597653534882,251.94713380938526,202.60323910128704,140.20920919446345,166.68055486301037,192.64682204449812,197.7202822957936,223.68358523551152,233.49562119379817,250.47107784650524,236.38636636778278,220.29085704795384,210.5867843286737,177.6405722113129,145.81685219161926
2022-12-04,172.02015271882857,161.4379612506039,144.65023684758535,136.54612051419014,105.9978568314912,120.55562020903955,139.8047026673057,120.7608091021784,85.37787132210391,85.17012771892749,106.65318239641933,99.29289122750343,89.97308648902006,128.15238632243953,164.73812398314635,156.29239930322245,197.42518869883793,223.62718381401376,248.60668083360014,236.10181740935138,222.5618279610738,210.1239977823182,176.91587698212925,144.89952546616232
2022-12-05,171.3999561357805,144.29574597888436,131.38218474767442,129.57083523026168,107.12696006785757,124.75492899761655,135.97097107785703,184.5178382823189,286.3221360892916,342.6814115310318,311.0901787631227,314.25133044068235,208.82011464204106,220.86533470218583,225.1907019489786,264.1358959466702,258.0813352151419,259.92916849596617,250.32912251373216,237.51104079645086,221.16660394111656,208.878183970594,177.38726517528949,145.1995776323022
2022-12-06,171.31526929072874,164.24160799684455,156.94901265731784,165.31424287018385,128.60925837577153,146.90011591481368,160.9064961860758,164.84848570704577,272.58182067649113,276.0530176906345,259.77887332662647,231.4151206956554,215.4751441878844,219.58901146248306,258.5243280714115,280.510479823706,265.2365018393803,261.0365573624602,251.89881912230473,239.0959303571637,221.78516157448993,209.4011724256316,177.29947684857802,145.3253416274224
2022-12-07,170.61138631265865,172.7701145977302,169.95042996231373,176.79959121679963,135.54488363940317,159.44307271220245,165.23203818382083,183.18808653813255,273.0149820891943,284.00807608274016,286.37827952964824,270.27448917568654,217.0919189208786,226.23373448694835,261.97406936391667,280.0940808251899,258.7810101019231,256.4347029738406,251.8512218698962,238.98454692911892,220.3329290892219,225.41842888212452,177.64920104870663,146.0826663112147
2022-12-08,170.24390991511285,160.83350791989903,154.48968330180014,159.34167847184582,128.94989887600767,143.2860675648478,158.26881838107926,187.99555761278188,278.98561860002246,310.2304681637784,292.4602447960439,239.429499438954,220.27906697799403,245.6797265830331,272.2877380721319,291.62205544091034,262.0163841969372,261.27226182155476,252.34925391182492,239.29168774483324,221.77640279414288,213.976382405659,177.6515264137079,145.67340649389652
2022-12-09,170.32013730263606,156.41767956459537,145.62694644808568,135.03514518643132,115.06336692155297,133.34412373257484,155.6970249329605,183.52155131833587,272.128745583577,282.56301258711403,265.0300045422456,223.16558284534955,185.498734660067,199.5558388272132,257.7839546562138,268.18320733725875,262.24803088163554,256.0644647481488,247.6771653168529,240.42316469828086,221.7666078302581,219.34112682767903,177.53519572619447,145.13496141791956
2022-12-10,169.25595014730303,149.71810306717478,134.63448730729817,119.81374753647668,109.40385197777972,125.25195965608687,153.15389406563747,170.74032286290026,247.60236930904415,240.21462104273104,240.69677999667448,268.6553983754007,150.6562400392533,181.8997663977406,220.24706336074073,217.05546341626223,212.72683223646052,226.07001435447523,247.0569949611305,240.54862709607477,217.4276809187102,209.4801633459586,177.11387333752523,144.68884833004128
2022-12-11,167.6508579924597,108.64063204926535,80.64828096642746,71.28784614459195,68.88876186922977,77.38714704698285,119.7965626887035,169.03443581511743,94.82061883458593,85.26174260118702,107.46476381414091,88.95040260336125,89.59536495622507,117.4763137044937,141.4927469921307,144.9467610458852,205.10191964282728,228.79080090938797,249.7771069444008,225.36082409207077,206.92920523889057,209.48407324435124,175.17396142650196,142.94031149818002
2022-12-12,168.51270416471291,35.61818463855407,12.139572503372879,5.329728684755774,13.0944742033653,10.799349308106118,29.696769301184993,46.553371075430164,199.10350602057895,402.06233918339376,146.25059883282321,99.11927989398329,127.31201788403338,185.57081043548516,262.4197841481655,255.4943418484489,251.17419556620305,233.81885202090677,203.5489645985737,206.38637569137433,173.83962990547533,190.40369785532482,173.11055974476918,69.91852608009864
2022-12-13,198.19806347823555,164.5654889851154,139.2889319909603,107.54966005885576,62.29469117659247,125.6331730240314,118.89347330125426,185.76146549104106,148.44264301713662,208.74395421700453,163.15219149418309,64.96714500247654,198.66622879023214,219.39908273566957,115.97182711239947,234.39245778472434,255.92421008444023,262.01099749219975,250.1249425638027,231.92027426163048,195.77983838235394,157.72542909748958,87.80558635178903,26.816476039213438
2022-12-14,174.04704322925915,70.54518152708653,54.27370022399243,60.77135254724034,68.88973015279508,84.67563372802962,71.33558278460657,139.56170482000798,247.9734233003817,279.3853390691571,287.78134313549185,327.7890805849451,202.15926378343653,219.68774488538014,261.60139853833715,293.38441223423814,255.49665340344887,236.20878252716025,227.57693018249347,216.33780740436825,215.83453335227927,215.6008059666937,172.74942272014735,137.48113652364543
2022-12-15,186.3436344793046,160.9132797223694,148.3575674874441,116.21775989432552,112.59821445942246,147.54222005587334,165.2688514486221,199.80662422985927,249.21559968935287,278.44434585417105,281.6159240174719,241.58162158623986,195.27293704496603,221.73690636593605,255.24786846711936,275.80841937696323,254.5354003977227,252.99953855156474,247.40185095257772,209.61600078273378,209.42060189744885,202.32904110273847,172.03623662950747,136.9617709505914
2022-12-16,161.07879191410896,139.2177623309537,131.35370313930835,115.75595107684813,114.37387182507801,146.85164736122715,154.95004470228784,184.44663456972498,248.98663774705776,268.0846789096846,264.23908184966706,225.14087726673438,183.12312504341827,195.23307648212733,239.25133151328976,257.2454596050665,247.8480471015536,250.25637587187367,246.01223801427483,225.95624678941638,214.45189085058252,210.2348256967981,172.02525355040467,136.87248824144297
2022-12-17,173.52330052986898,163.13631668563346,135.92494780866645,115.74519065624847,118.15123646206591,137.42751002430742,148.24292157149068,140.68950394994678,219.59123973456602,234.08118234646196,223.39919965522577,188.80927840340104,137.56297624490836,161.62372519878602,204.31205922596783,213.66182186631437,232.76239636832176,239.58434367133233,246.36345076905212,225.39922635185243,220.7537921958239,210.34331077041367,172.77894528266717,137.11589552349162
2022-12-18,218.13051154542345,180.51450087210495,149.82239707929187,139.4565133114397,132.96681248821898,128.65940249286245,150.8594402503358,128.0975217742597,75.39789616887217,73.40088592357374,107.26769353389571,133.73000262811004,87.17684917187064,114.19967979697961,255.22346647612153,176.82597025227855,199.244475351296,221.70317810340867,247.0628918647375,228.6980167443211,163.16314385229438,207.2138047146136,172.77387468530011,137.25859315678
2022-12-19,207.1310578672243,146.32012857953137,101.73356879460734,72.84709343179593,87.15541447263554,114.615643346286,127.50250191288181,186.9501658468067,245.55111473597233,266.4561914019142,223.0047854085405,221.09774267213257,157.34422852482686,202.71435000075934,234.06498060351214,250.81006865741597,261.1245041142273,258.30791570497587,246.78358623711017,235.59023361641306,229.35165623201547,233.33083711058487,172.0921357159165,135.73040130207835
2022-12-20,82.73361008367797,91.20110359795198,84.19916005475909,65.16120334476251,104.99529856040266,126.82442815859308,126.30952288217941,202.71943501539988,256.8829026569229,292.0484534996554,373.8205954821387,260.4304458302532,208.43493208723356,243.12334284794838,277.9829068469769,302.8209236681341,262.4141834516553,256.0228646011536,234.63441751032508,232.62503657210885,222.6068394268631,237.6032920385372,170.53020889642704,133.22365242191117
2022-12-21,115.22900932510439,127.37693281736713,118.13927849475655,107.20615057607976,96.03183893100002,135.4200327087646,135.37074863288422,191.16531583732,271.7893543045164,292.11399457811865,273.58779527308064,263.1952458816797,238.87997969093877,268.48242612190364,260.6123298549379,313.6536523545706,267.0938387362717,260.38566436453067,239.62840477405,207.95410779818812,194.2482583706114,205.79515045606652,172.5115860377654,132.63930409909852
2022-12-22,182.42610446959105,184.08055591333726,172.7886520628061,164.40090619303672,124.8154172441383,152.2792201237027,154.6559290260263,252.75472353814564,326.71952227271083,307.28618694790936,262.5895579362547,282.7789159972921,252.9562216582692,301.7398058848247,269.3523309339105,315.1166926380014,258.8801506150095,261.81216307728414,249.72883565181584,216.13749630271477,209.93286857213488,220.1385506475391,170.21277985488317,133.04234930291403
2022-12-23,189.2777861962303,188.33287751502712,168.70460581439272,157.01937417899964,139.34466923878642,165.33083925458723,177.90470631719464,202.13274977483468,265.79931923022025,267.8763879888258,325.4470177731835,232.6079487240561,190.67341250937545,185.0494362954584,228.83562352898093,255.82942503075577,257.3985424310978,254.24873905760478,244.10612366263115,227.05271310996193,230.2932600206283,219.153508044613,178.87771562471445,134.43488886508516
2022-12-24,206.55682196192072,191.11121839454557,165.1646241006957,142.25413355814524,123.58289115915206,151.31346249863265,176.37469565842852,184.27208810137392,233.53733890227724,243.58965297100994,227.7437613848302,211.56677187026634,157.7700786015989,185.30186935190733,218.21729519905557,232.50967852119763,224.80213504177166,249.97730161520352,244.26460906161387,227.3022478409761,214.97513312885835,214.6045614332957,177.40631340549444,137.15474551946025
2022-12-25,204.29833859388094,171.54863427608424,152.12340772421297,134.85642513011803,124.36982093522144,146.99993822977797,178.89579899391455,124.92148661138278,54.90132951916388,76.89729035663889,120.4749380772263,143.84838535296905,85.78127558036631,102.48626111413543,152.10427132606964,175.91865767474178,225.26711844485857,231.83532489814797,244.5312149957189,227.46104498954048,215.20977123754855,209.11247684431913,168.91268500624773,87.18404896623275
2022-12-26,209.82702286616424,151.04745586166112,123.86510107752488,120.9674056472707,134.87537992275335,153.44926131735758,140.29724493853732,228.8817570720405,311.1295490814805,273.5126761288671,291.1231096642616,285.6868969616673,206.9562449350685,262.807065368628,247.79150585185016,269.7570437652544,250.52219720936404,255.26445421972838,248.98844046350052,228.40643121370292,221.89884110040813,242.25601998093308,238.24763669828533,323.6912795545262
2022-12-27,179.8601127298314,158.6343201503644,147.96742372518605,129.38407348561856,144.31162934988865,193.25406404044028,190.9125909138541,246.36247263642653,284.317440473645,268.4482804874159,311.0855352616206,259.3072544345644,200.94391166333838,240.20451434264658,245.56324922510055,263.09136109348555,257.79819757002787,258.4511811060922,246.49164677971208,228.28356470521965,212.71078755504467,232.71964276676084,214.99300180566038,217.52482701610845
2022-12-28,203.51471600267863,181.96162135733132,173.1010414000076,149.65012821102889,130.48348432190838,151.90714262248676,172.63040573798594,223.75464390798797,285.56364686097675,257.5348321476735,254.65878723399973,232.1127226576708,188.61829251745584,222.325190322845,234.98996800898504,253.6683190418011,268.4799528732362,263.0518395428675,248.43159020264756,227.14264282534106,231.40595672078916,227.62055765748534,190.37019937697394,172.83831625979414
2022-12-29,195.08007918572716,164.55479597361588,149.92826608182133,127.56708424537435,139.8551242147198,163.8201184765261,179.6313936168936,210.7759177726628,258.3827240673494,250.76906476682575,246.01642711844625,222.78152697480556,176.66811222603053,198.44589777520247,226.38280366976988,244.94324403645393,264.2351014885996,259.8194749063879,244.6501680898774,229.10043666972294,229.14036021255683,222.96201561221594,186.2887037063535,224.9927983574293
2022-12-30,194.96216395087512,162.3400238823045,142.83819743674286,127.2302606066933,137.7323418483794,165.81146592910684,180.3636871151787,188.05145540394668,239.74054552078505,240.26021581389398,232.45707034163627,206.37621336246875,157.62719275496303,185.68819939324717,213.45992461871936,230.435074691894,264.2717204709817,261.23921424186057,246.65819690787828,228.50063502426477,219.65193925005505,216.8206929533534,182.26303860143594,160.54097980846055
2022-12-31,196.78352017373572,178.92215460276321,146.80318067630847,135.00224887248646,142.7088331680973,206.59571961752374,173.42165586915004,123.93586971550155,157.93677114421467,178.305456221786,162.63582330867416,127.61365476538603,86.5811208681316,119.13894318618053,149.46059357072085,161.23404777456594,252.48114821471344,251.57830201120063,247.134647469857,228.59334846738972,203.91251769875595,182.16336319983824,152.54785272486149,100.06461163843134
