,h00,h01,h02,h03,h04,h05,h06,h07,h08,h09,h10,h11,h12,h13,h14,h15,h16,h17,h18,h19,h20,h21,h22,h23
2023-08-01,81.8998074827394,80.21132213441763,76.3053244256073,73.38655448752189,72.24470959209489,68.93010943259029,69.5727306694714,70.80629340197481,88.58572420230121,86.07221592693712,82.91520678497024,83.19596774370557,73.37470466115722,78.40357884535696,83.47666188753759,86.67495217981993,85.89921186859019,87.13112285689317,91.41069790889091,95.62445288253774,96.2560137380201,95.56405541116861,88.1581776932523,82.88189054509907
2023-08-02,86.59642603175025,82.02579228118358,75.03159626791536,73.67956562065689,70.95337936306446,70.01335637807598,67.49710757100277,68.35227909220157,88.43476281461075,85.14112003175707,80.53884509496224,83.34086090262902,69.89763779317761,77.31925986305282,89.5629351795185,91.67435573850351,94.42653664599084,93.99075085670933,95.89945820412794,98.15241460440271,98.21709982421478,96.43612949988682,92.10685682992255,86.81858283961515
2023-08-03,88.20273428780504,83.04333174110756,77.67849729622017,75.97063783821024,79.25326708866736,70.86453623916724,71.00836610935394,72.98850043135634,97.29006847665137,97.48917805569701,94.60373623169177,89.70526557365838,79.09012830614525,84.87060778406166,89.61359335377654,89.32175801249018,90.55480314651496,91.88918171434518,94.28093950241973,95.74472466350615,96.6786860340065,96.91429809502036,86.114970867316,82.87781620161779
2023-08-04,87.1446983537426,77.99344501876293,72.64754342190871,72.14452796878862,73.10329632790294,72.87302758675801,72.954179221467,74.47833847371058,94.20767560998945,94.37525157386578,89.0817547343546,86.52746547521205,74.65672836257056,75.96147648476058,93.24803115386314,94.27934985407735,92.95393780478727,91.22253090533395,92.94987774861417,96.42713394612038,95.13739652182832,94.72111089587106,84.84120501452962,75.69761084129145
2023-08-05,85.13790595119738,77.59319893435931,74.80444842742286,70.26148502415806,69.03339135833666,65.10366435906353,66.66450351564002,64.42168518373036,92.91404448823265,94.56655511008192,85.40541872947132,83.34625638187705,72.83958533354834,73.57776689715203,81.79781869556416,82.24185543929326,80.00164564227012,77.96404712050767,90.46487165064207,95.25525680261993,94.51113578816589,89.19239901804006,81.20640446947621,77.81519180760802
2023-08-06,86.47998259813609,76.10852014942917,73.12352010459598,70.39541004095665,69.14318293288036,70.47478956700532,71.53794793912618,62.810907668384786,71.46442668041661,58.79581025470874,52.18512577704847,46.07911607584438,45.44626300843424,51.6050469415099,56.590808183461526,58.01239758645608,60.418028111047995,71.54860844032117,87.4004671675358,97.45902575505836,97.62815313436303,98.03806593970556,84.03843788287116,81.493097272688
2023-08-07,87.22618513775467,82.31286366515963,81.34706281495257,80.44922458082996,77.41370558856487,74.42870720068201,76.45572775985326,71.26808050607931,84.98465225462205,86.11801257775049,81.58702060937473,86.16296594352016,70.04056804643368,76.61857429727722,82.02573099827372,85.94638904933386,84.75104680172275,85.3059562802937,91.5671570782075,97.3776795298636,98.93680468613532,97.02719726290368,91.92101844000338,85.13720866573766
2023-08-08,91.82858788529063,83.48690312529634,75.79423787110392,74.60604655455582,71.27532842538643,67.64779059649126,67.53390984985073,69.02369135142447,88.36253806702933,89.60559834114558,84.0277597831886,86.2217922156498,75.50720965146627,78.14742489476605,90.49262873622621,90.73525248472687,91.4204404958624,92.52387693376092,93.01393311510623,94.5997433364449,95.19158223199219,93.85169435386226,82.17679323066187,81.62321799498827
2023-08-09,79.07924588234675,79.46997716697634,79.65999323848587,77.85563825305735,76.1412465554682,67.8831259125158,68.35160629494708,68.07338671411102,84.74648730393281,84.48030567617629,84.49823298352686,86.72467456947955,77.85503053611579,85.38686683486686,90.85138572714892,92.44819554391879,92.05784924792017,91.40810365167133,90.24777684814858,90.88167417852843,91.01151888604895,91.66815594654855,85.27973888389987,84.83158274823293
2023-08-10,82.06728293409847,77.99497129982153,74.108836622732,74.84928935217262,73.15602067815361,69.9779582659319,68.23893646366678,69.98602350016365,88.46437907303174,84.21496120698944,83.14618723167288,82.79286379695954,74.19397218105122,80.52441020101105,86.49898983034893,85.7977212059615,86.58172208914571,88.14682551860557,89.80769910804545,92.949590167902,95.65209694101922,94.48157699232557,91.91273584361248,85.65630866726437
2023-08-11,87.49961328328145,81.97388112934755,77.63525040113247,74.89977359418275,74.44238702314742,70.10180657028573,68.74429007997114,68.27912989679027,93.26313170871282,87.2443760168779,87.19167842109732,86.35703220119778,74.45675725652816,76.77362455643198,88.43575458358198,89.1743909539916,90.30360934129793,87.4314065322873,87.64223822941265,87.20191236362345,93.14311818634398,91.59481681818957,83.28220527352458,79.36402730793468
2023-08-12,80.67007411532292,75.85972380612068,73.21347967966625,68.63464744334738,68.28204717300366,65.68063066066112,67.84307481922697,63.35051824358797,79.81877872471146,76.49841809148802,78.6718187055368,78.80992188175632,68.22391331770785,73.69264218100929,79.64827616172596,81.76666515561124,79.47907990234148,82.87486447311922,86.43341149190357,90.38337130374148,91.81921213710424,90.35492794022086,78.96453761211525,81.53469352491427
2023-08-13,79.51998512194798,78.13483546316714,77.5738121302395,75.81121679973374,74.73003215269837,72.3525248124009,71.41545588886387,62.206138284752306,64.71818885881196,54.907274861410755,59.16831112908268,59.63315432883634,56.64419224875599,64.95833353388429,63.54289515477781,63.59916054284268,68.99639350314729,72.98513055845284,70.44747457408268,81.24216893988364,85.86095092114547,84.05028591838733,76.21375583939374,75.85692922227808
2023-08-14,84.89034713407997,78.32518303780465,73.93584400504565,73.8606716585268,71.27395201811441,71.24614329188081,72.574452558775,70.59945104985329,88.09393832293384,88.34075184704582,87.05532587571058,91.01416803828398,84.08769452170493,89.99841080583356,91.7150048900743,87.25647964758164,87.11362441857888,85.57590254268176,88.66743437608568,89.46980946552509,96.48608737163018,97.14674507471881,84.74829089325742,87.49749310877817
2023-08-15,85.95645490840614,80.98805733994658,76.93893655694913,73.72152535474844,70.85448292373606,69.93381349013436,68.12298856913775,65.90531716615322,84.32694059305256,86.35703642601725,83.0961978510092,81.03046679178597,77.25378945214997,80.74186618788592,87.18814454395708,92.00007661466077,93.36530490828436,92.69499703493001,89.76601904498916,88.46171577807108,97.09527018868255,89.99179739634751,85.55606727238984,84.96934615598
2023-08-16,95.41248655446094,83.67283309643496,79.21239599105287,75.69968997310772,74.66762302941576,71.1820202408272,70.03321744343798,69.69442886219208,84.12393998328115,90.23215641642706,89.44764780590307,85.85942155046256,81.83934590298458,85.77417217878954,94.16649486585746,95.11751373145479,96.91636936315557,96.14852844403849,98.04890231530445,97.42907486583117,100.9239871266351,99.64163065312977,91.41184693168599,86.1012209817537
2023-08-17,93.50257001604682,84.98177538838243,79.70076894120845,72.99403603040257,72.78762054169864,71.78688197371619,70.13480090299252,71.29631340342598,93.3579735441348,92.79887883674677,92.41768300616027,96.88637637048105,93.88502399667449,92.9666513344525,92.14711060431924,92.56913949488755,90.03604065939265,95.30693171853815,95.84805980644344,95.41483520700392,95.86786113629735,97.68014961792693,91.3796587898699,89.26276018251372
2023-08-18,96.88173832033745,92.00526103575471,80.10655703213712,75.47145468466248,71.81609962339704,67.54613947192249,67.08228576613774,69.61948694716553,96.10752355234904,96.41964021596945,96.3641779151504,95.78887835976562,88.77361317573153,90.92440556110233,97.0725729020109,95.02773169321644,95.54112895881259,93.95916616524359,93.39377944444963,95.83532857750937,95.61189068020909,96.85494388557343,90.54043254988714,92.26042861747123
2023-08-19,91.26496365165018,82.04942791448775,78.93363603542915,78.11933134686359,76.61375409627328,74.40743691316527,70.60566668235532,68.91451983215272,83.1443210330263,93.79093810423169,86.15028672700952,81.44556806988551,72.52431888363984,75.67392229941113,82.90336801245297,85.11618255895843,85.54041582924826,85.33044997918563,86.06209810260914,92.37705988662596,92.51679121436729,95.38451901711234,84.83964618448051,82.06979635520257
2023-08-20,91.59633253958326,87.07536217372989,80.652108466777,74.32547239591462,73.77811165102791,73.69491871249205,74.18978882950417,63.41997746448111,79.10337602903006,73.05037715986506,65.39362665716985,66.99912652668472,60.80543512189146,66.65844294227641,72.16437025156048,73.31629227031927,78.79472772775352,86.57177001583428,92.4217313556052,94.62676511783572,96.37186643721869,95.92050022396246,87.54450388665823,82.70286332297488
2023-08-21,82.44258609173728,76.84203353496574,70.55519136080801,68.34261895088994,69.31834956902796,66.41068746286204,65.51279107336757,63.60207740894824,81.11517411695664,84.11580969555096,80.76151877680245,78.22172394036002,68.02975892788167,77.15990264150685,78.60969233966118,81.23737117936362,81.90433482042026,80.53739316513638,93.06233537940733,96.35249954008155,96.49512248990305,95.44846883478341,85.33048005578102,81.41895678299615
2023-08-22,90.7701827439722,84.4741958893442,75.18446275801,71.1249655704544,70.51441033571307,69.15218737098475,68.89410134877902,64.24184584644225,87.97488583541949,90.29713473130542,92.06872927488125,87.67639789178456,79.34378693879394,87.00070933987217,92.22128840787508,92.75529913726692,94.03689880136929,93.73829392355886,95.41612732528964,98.16612180286334,100.37728359486604,98.86396107755309,89.26950498795667,86.59762810294433
2023-08-23,90.41649571886067,86.06559872876926,78.537123104898,72.2293551295641,71.96729127836758,72.14064862900302,70.28292772313843,64.07321956664704,88.9647140372343,95.77640902394471,96.59638358784511,95.11571794288521,86.38723038447765,89.6821645646396,96.47344608835071,96.96472052557748,97.9616871686304,96.20152253203055,97.77223833205717,99.63733450942647,99.59812592442032,98.42004216728144,93.20335166380232,91.69942080988723
2023-08-24,87.41302632283471,84.81685312354182,78.40292132022698,75.92185590748718,72.68551899730646,72.50968769577867,67.83610593079416,66.65330001750316,86.05479487753222,94.04489167276026,93.80536715201775,93.2547121062204,83.84834218199096,86.50519766099296,87.93582092559423,94.09677662864097,95.07614292360486,97.4081708574867,97.05232665543298,99.49324698909199,99.63264553158452,96.77805460247008,94.90837624750377,89.93057617420496
2023-08-25,89.97618023001496,84.30120074342692,76.08771131430804,72.37912677470601,72.1250338411967,70.44275051601542,68.77611010503117,67.03758471669241,85.45994857689249,90.99844248852895,91.46911651183555,90.8127739528324,76.64985816756717,79.88477300389205,95.42807352068671,97.39401647527413,95.12908542284482,97.72418711716327,98.23520628663363,99.28661786932828,98.53574644334424,98.85492851457671,91.92736863661683,86.97924922468982
2023-08-26,96.91126828129293,87.02693225563306,80.01413627750017,74.9911815122762,73.61014286542267,74.35423744068463,70.90992430418035,65.06988834311056,86.20839600609219,91.83416785693102,89.6242687665395,93.39976254294677,71.2871712137433,76.17075500005703,91.85017985906734,92.14151187673203,92.6109440733111,97.485978285988,97.72433336797329,99.60950861384583,99.32173709879635,98.82121450501981,90.60765905821712,88.84654722268992
2023-08-27,92.34639910401313,80.40796320503519,73.46350572007978,70.12174513103815,71.15194909383429,71.14138287618034,71.94478154893251,60.60261693687133,70.65476120358383,70.43513677802216,68.28880480846212,64.95751668712099,57.80873587010282,64.11502861323673,70.26209149736692,68.17661573023072,66.9379579221636,79.6333317660873,94.76377364079,98.55523920759491,99.121152918328,97.98827864861441,84.47332974650597,80.23443273283881
2023-08-28,84.95715115701618,79.09123837331093,76.02140200424843,72.52914454042876,73.40357235179543,70.62954293344644,69.71441687154538,65.73893729437229,78.79622106802314,82.45725442199989,86.13957740006065,85.24651082565254,78.85541372403432,81.21296729226039,88.32985145190528,89.33388599582224,91.37148202136994,91.34494005683443,92.25659082249537,90.5226318845929,90.44037103140072,89.55096091632613,88.27550848716427,84.59627976341173
2023-08-29,90.46112435731604,80.81306252609014,75.48497742489654,73.46323331541886,71.79468038958193,72.21717206127215,70.34551336904194,68.17601473998653,83.04511383240609,93.22741307764427,99.54797352327134,99.68472451375702,86.08635132722198,93.73798278564605,100.37008404036904,99.81514705186875,99.7542873513802,99.34085005975751,100.68416767773485,99.88061178544775,99.74016154106577,99.29850719215996,99.13134135844065,94.43280819153959
2023-08-30,88.88652642148188,84.993074794618,77.72108958231416,73.09928370790894,74.3527378456279,74.92995595098886,74.31403870770336,71.48600430000067,89.32642763052516,98.7448307708516,98.40285057547663,98.85727795115304,83.22608275587277,87.65626716628574,99.70914084278265,99.84118243068198,100.29348869685234,100.26127862716784,99.0954188660353,99.08200668513304,99.38758034293969,99.58531798719287,97.47908848357946,96.05055046812681
2023-08-31,89.35734200850878,83.54442132250098,74.78994283311798,72.7867358211518,73.08250801033454,74.0331654018751,72.7889706070025,68.42041650360376,83.01752288268916,84.76817717770443,83.94956491199837,83.2364410560114,77.86996143035637,80.82555745274368,86.07803679844004,89.25851055629552,93.30329674897926,96.0058249788315,98.39890611649825,97.80590402846624,97.75783242169305,97.6056106891819,91.1549265079393,87.07893811925418
2023-09-01,90.59822919781413,84.92563360270577,78.81732841539767,76.183365825324,75.16482519996046,73.818614114708,73.71446624066147,72.34713509132166,90.6118473131985,92.76104914692476,92.46898892103366,90.2869079448652,82.54792235082425,88.44847667672217,93.56592688866424,95.97061054653538,96.97836322614687,99.58880739747563,96.81261022495329,98.78022940350007,101.5248808907387,100.56155931287306,95.56502319512072,88.35389044506559
2023-09-02,92.34003972135335,83.16588459446197,75.62950261686977,72.55937739861979,74.22049198084511,74.12401595629349,70.8829356333671,68.9750414698955,83.45746411441758,87.7265013332112,85.27270768043158,82.36846957393219,66.71888432020701,70.66447045219363,79.62791494863639,81.32575270021961,79.13837870537344,87.51233454663807,91.49857360620916,91.80601250439638,92.79047976255377,90.38913232472454,77.36876073034259,81.23399904645744
2023-09-03,78.31425884332248,71.2073246240629,70.1868787495662,68.18503306149466,68.5868891557222,69.04125238476388,67.31382128089842,58.541107012109705,55.47016936824588,56.16042810381834,53.00635398597423,53.93744163982205,45.75668594053247,56.80427144861345,61.935748183924716,64.32336468706431,68.72992038486602,64.7812009865332,84.39337568136519,91.82554361176228,90.31275944929357,86.61975224764652,74.55048920066676,72.86556743643527
2023-09-04,78.10779090973053,73.83387674062385,72.37601241115695,67.36554041331924,66.42239357823827,66.97951978206092,65.47355537922734,64.74655232426242,77.35350945173249,83.56004217852485,86.9374828466511,87.03984313619553,70.16459908318213,83.680527916285,87.36031809570153,88.4142646957814,92.9157035540063,93.06546844561149,92.32587735805502,93.82281392592039,93.95090129584281,91.066912133917,84.89746812721727,82.64097898886034
2023-09-05,81.39995922616491,76.57766363316681,72.99196753802197,68.7385108705006,69.23279315431017,72.5903193234204,74.58182210864086,68.26371244850354,76.34060374502236,80.01193971883758,86.26401782973903,86.22333328558966,76.61855739967943,85.24288462333905,90.39018509325913,87.7007375232701,88.91008236671665,90.87947492835549,89.90342272872614,92.76314472826414,91.13655522750398,85.765399199911,81.3609879150182,84.26337176608797
2023-09-06,82.55710821758771,74.1381911776155,71.54327008984333,68.47212047372726,67.95729897935779,68.15096552199248,67.55085243126972,63.921748728291604,74.17344833101866,80.04783299230563,76.35054982554276,76.69582752455707,65.7584429995807,73.92418481056868,76.67282958460949,84.60024564092215,85.75224866826517,92.28640882488948,91.69821414675903,92.52315007207972,92.62589377946435,93.21819166670242,80.85903804452761,75.83349039923475
2023-09-07,81.89401841871893,77.10248635630478,72.44498939000238,69.78351938322177,71.15518601633924,72.03986940665882,71.23491955150783,70.59195868202751,84.14487526478369,88.0528260964657,88.21813403730657,87.61509370700537,72.4802061582121,84.64748120055818,86.56714693356888,86.0052841469028,91.68307416137543,95.30894758607232,96.39676844658572,97.82516478810189,96.46565300112027,89.15473133634711,79.65616076174616,80.74114378613835
2023-09-08,80.87076412569223,75.14198828878874,70.6181496833182,67.26442077860843,65.34839803659644,68.0825814554199,66.69852303553866,64.64051193525637,76.67522521536493,78.73298926571083,77.32882143661277,80.46794502478812,70.10853404902383,76.08287920774629,83.10482019516135,83.54227932362498,86.11449168398752,89.08866825949802,88.09097139401524,91.68676521510677,89.50759023891744,82.66081989300825,75.6577559777514,75.62436613100398
2023-09-09,78.71974084967866,74.6397903063395,73.06277956800459,68.95449294284941,67.17887472474627,68.60453346719305,61.782624054548556,59.42291030061723,67.82809495797831,74.87278446555976,71.95935202485146,71.93847902856,63.82809794407035,68.24603119727843,72.9199001690602,73.84841911361252,75.23231581702522,80.31858829638598,84.53765031247566,84.68494440935862,84.2862032769808,81.61149834965285,75.74285247004298,72.82868561769101
2023-09-10,79.30190293048629,74.09973399641378,71.6003597133908,65.74237449658042,65.49240027473184,66.93911980096463,62.55261115678809,59.506424928125675,58.938158914790215,60.938938486025876,51.99968979465854,49.44284680494501,44.75996214075025,52.22950525313244,53.522331292974634,53.988134522135155,59.81449117172668,72.41428980074227,78.01958241984426,91.4898257730415,92.89377794925781,79.53688312561604,73.68484728892068,72.40316221758421
2023-09-11,76.89929529948516,67.4091923897044,60.45747379389197,59.15932417997844,56.084082498315226,53.13105797184621,52.427703034227115,50.231097418901015,68.1984118735683,73.30688121292735,72.93538896178961,74.4626470412117,60.900997587687925,72.56393531883724,77.67367107688106,79.04546486089365,84.99920428110168,86.6858287819922,85.65650267663683,93.02317431725723,91.43107622794085,79.160734346682,72.27605911669944,69.80227124412046
2023-09-12,75.04950565783263,69.80605761231051,65.87559845446067,62.40326587325595,61.68643132795049,60.67635709514289,57.54971546875872,57.97998808177401,75.58869077751672,78.12501906201757,76.78487906752254,77.3937289641994,63.06340061422024,72.19918549943093,76.80596411390972,79.89357961897446,79.17248830818161,82.63708164705625,83.06503108532235,91.32910960642033,89.3599540891044,82.22271889692178,76.46016521860712,72.14862762760939
2023-09-13,79.84139313736337,74.93063835306143,72.01886538817713,67.25555095753877,68.5377022977043,69.79070058948851,68.20030966847095,67.78742139875787,80.35873120644668,84.64681299903903,80.35057269125632,79.42382876312091,71.00090437302543,76.59725977307933,81.90352606305538,86.88638586042664,88.23287384163821,88.507843404583,92.39002299670666,94.8141959028467,93.9704234259505,84.94582631512075,82.70299439805744,79.53280644665321
2023-09-14,77.78667304809093,72.38665732668066,68.53137322725965,65.1284018281327,65.25944745652947,68.99183451265682,68.02691080543073,67.3461094454218,76.63723582311829,84.10548434727906,75.5370208044998,74.44885247133497,66.94126217340344,74.08626927445805,79.0800665573308,80.44489145094542,84.12315434204656,90.89793499949762,96.19308354566185,95.08380774286206,91.04849449671725,80.91418274112193,78.02000593760049,74.15130395603956
2023-09-15,74.94289596294631,72.58074614902773,71.52970629523557,70.65144391447193,69.72180011445609,69.99143174251924,69.74160760452756,69.55852260758296,76.54832713507639,74.7747163775953,73.94529150322018,75.45617698132003,62.01783731848323,68.06697222889923,76.18246816901456,76.42354666799147,79.065510324967,82.55521406849012,91.48017513186285,93.49526358509173,88.4244046770478,81.1640994812599,75.62087884870354,72.36841589074619
2023-09-16,77.66740797078691,76.59776539106656,71.67538841885961,71.51202486490882,70.31400750050231,73.19802301594783,72.79683084040109,70.41368673328712,76.75748264180265,75.07339210672929,71.07519536750507,71.81690638837233,57.14608513628241,61.32550772964414,68.62431775040533,71.7597455064348,76.66088614681023,84.61071675127218,94.38871318705752,96.92544755982475,94.84938022968228,83.43401167963407,77.05704613382682,72.87010092736767
2023-09-17,77.50521972573291,75.7616819192568,69.71288163564425,64.57528447321654,62.182873770449824,63.255365930243016,61.70721145727792,56.43948735523665,49.54810524226302,43.183996937618716,40.086747453147616,43.10836046225802,32.8714708285511,39.0986239870629,44.69799042571539,52.6933422813405,62.41264889257816,76.67242366234227,79.81272058031074,90.86830056422649,85.41849690321204,76.35919750869783,68.80073041281102,64.60907613378787
2023-09-18,70.28408703974029,61.46436572501279,58.21032751885681,59.41271063613981,55.19695248952195,56.92145775788356,53.87225914232159,51.34714234115822,68.4202322348898,69.13114342329045,67.34367671552177,65.49814294715996,50.39389860528584,61.55345676836035,68.2527219932623,70.6263509694328,74.8743896623255,80.77100573973588,81.91792032702764,95.3172876134259,89.07864021390195,77.53573042495843,72.65530968977433,67.92434386196904
2023-09-19,70.05160450654773,70.63857643065558,69.72018267563871,61.389927975079544,61.46076400864251,68.29186890396832,70.61242742014461,71.34360442575975,78.82675793999906,79.1399969269678,73.33615557389989,67.4097981341002,55.70582143460897,64.50500133058314,73.19789961097835,73.56179061255591,74.155408000134,82.81662355466435,85.70412628191414,95.93922762611375,89.13132420602044,79.56937764614855,76.58166185994541,70.29215009817933
2023-09-20,74.29588837402946,71.65347565674423,68.81923300611437,65.21493004750563,66.81954573677842,69.20107443661877,69.67322202739534,67.68856988001103,78.18130010704012,78.12080447003473,68.33816430762356,70.23949250939565,55.86979857061688,64.7773934663716,74.39097709415178,73.90511201249848,77.76690765394905,85.60045579711382,88.55396147750578,98.42454326138436,91.75075385867098,83.65941834833987,76.91603931188551,74.75191723966724
2023-09-21,76.90717031870957,73.40654523457647,71.49384401438174,70.08947775713726,68.31423413015283,70.17399417539558,72.50337418083657,69.57654734091442,85.725989252113,77.75744797267222,72.34090677739763,73.8623609207044,59.49647568860892,69.00203812980646,73.45156169954755,73.96014258400047,80.14895568091133,94.0115662217924,94.16861699638561,98.30784056818838,93.01011288067114,86.25224494266075,78.57236641119448,74.05443226390946
2023-09-22,78.43234306119804,77.5873451463493,72.41142538197772,70.66006812599426,69.55742094523436,69.98948674952915,69.81184975305125,71.86668993861285,77.79948162352731,79.42238506531967,73.76012320754523,77.74980272732505,67.2615706054776,71.5866479670573,79.51031471713627,82.4747351302361,87.16598836021204,95.71176752214112,99.02222075354975,99.23849925911034,98.62185428623467,91.22421918063165,84.69706191031668,76.97364477604056
2023-09-23,83.33197957484461,77.1869964481118,76.47576722487703,72.3397275102989,69.61409850263318,75.32845564663751,75.81483632919719,72.13345319559893,75.62438295808576,75.76973280542805,72.36686536065194,75.46327939256699,64.60565036223683,71.79584911599504,75.68239373796467,78.6518823455112,80.32464441432788,92.00979793864806,94.66625318027383,96.47745758324862,94.94265455286255,83.49062314929205,78.21930771073797,74.07873487035117
2023-09-24,76.47894627269986,70.51509678933641,70.99982417131142,71.66744653417696,68.90188256559455,71.65771399627936,70.48568954480301,67.03834025294198,60.07801322305167,64.03017226444493,65.54562181335197,65.16621265469223,63.09418602141178,63.61316503572994,66.5514021182942,60.52910206180891,60.202546787803364,71.57350062379336,79.70307397889394,91.91831861108491,89.32426059536114,74.1977689431643,68.14176519833913,65.83213341965846
2023-09-25,77.20551064755726,76.14759305412655,71.22274983345191,70.13983027820944,67.25193355362948,67.74691992045022,70.13212773410412,69.05179294192672,78.32916759264516,77.06642676693626,72.84244056281095,70.48536449001244,61.85026813108399,65.52007334907971,73.94131597802496,74.44010139670245,80.08021721085738,82.88239950512472,84.47519731209121,91.3497573749621,91.63518215298457,77.4045709155134,75.84885827392188,71.43196067113558
2023-09-26,77.76969524579034,74.99065978232241,66.23942079813972,67.00911700412864,65.87953365673182,68.30307335536367,71.35616421855754,68.44697316248723,75.26508329792277,77.7807004870713,68.26525640869872,72.66152579015179,55.381640739367484,65.84532892533761,76.51137234685346,76.3892173588755,78.54670296658536,88.17917403145987,93.49754737827699,97.55354746050014,92.07381351339862,81.79935224776246,75.76220313523669,75.3003362266525
2023-09-27,75.14171120920646,69.85116360379934,67.08665385140766,63.7795826852595,61.655329644245306,63.276995542171925,63.026434034790796,67.37342910374102,77.47997269790737,77.45068480666588,71.661175149836,73.51188283395248,61.476995624575984,68.65496522724986,75.23421816805735,78.18382466794235,78.65140011583543,86.75672095336327,90.58400727197325,94.9901405523518,82.53431164315866,77.06739105653163,75.15684987786068,73.26393161322711
2023-09-28,80.16019771297735,72.04651445319529,67.69843303888187,61.481698749283126,63.75480936810494,66.44885137683723,68.4973983055882,70.69260152662777,79.6318310439367,81.6321274612591,77.42923749218306,75.04496900229752,67.62279247305202,73.24185570859865,79.13454696393894,80.5598984877206,83.80714201100804,94.02424725225436,96.03222090267344,98.60368725648436,95.41639683339115,85.38045745183423,79.80145262907703,77.06080885169432
2023-09-29,83.91000777493095,77.89100406692812,72.43122878545938,70.67799804788285,70.15372129599623,71.22908278147233,72.53729978805404,73.81108314048917,82.55513460989535,85.1452455481719,81.57606116479782,79.05280388602435,69.73296886150648,75.4504666573706,84.11194782359998,86.86703864259702,89.68375649486379,97.2068490855052,94.62495973808223,95.43881044478924,94.37746412663466,91.88861483624207,85.30258424035786,74.54782896291165
2023-09-30,79.81808567261537,73.58001980184073,72.20935818949533,67.72490372910946,64.96967873802156,65.32100474223469,70.17397452758152,68.97435631401306,74.45382093561152,79.75361299501576,73.95585413634586,73.67963672326437,67.47732238718977,69.74986352178115,77.17748289104753,80.81436438424778,82.1277528296544,91.5012715254379,95.0849596426054,97.18298729834184,94.98194645048147,82.22712193695759,76.00665501279146,70.12396897756776
2023-10-01,76.9002781205894,75.56092377546274,72.5469398751409,71.67320362831306,70.60239510062598,70.86739783271113,72.89474092379125,72.57848473085913,71.63822089709555,60.6973824140027,55.427592999304494,52.7603736484825,42.51271020065304,51.55421384012894,50.130405801071454,59.84605017761037,68.14526763165017,76.7334558679568,81.29381416602992,88.55418212509323,83.52258402908407,77.3393089351473,70.28847153393392,66.43266061674653
2023-10-02,72.18328344385193,62.36548760210032,64.0420894343423,62.24905404712967,65.15663250676461,61.418387066972414,62.04163778842157,63.28874822521739,75.19300772113343,77.9693274835261,68.50761827283947,70.83827406609392,56.44335919940575,64.20126649321158,72.36630475096148,75.20900139229666,78.37120723951473,82.61550498427253,83.62487941335884,88.34995523763466,87.33806662800558,76.82110984639841,70.9652069100476,69.15564350963685
2023-10-03,72.71243665073601,67.11493309977493,62.114303537058966,53.54122922053595,53.51763985759852,55.36440100672158,58.32617448013834,65.73660226193884,75.25635822613803,78.82647939873661,72.35601330907191,73.73893965010359,57.41357374847661,65.32742197674652,70.80242498334691,76.60336618319089,78.7302425441522,91.58104377306097,88.36301154841385,88.59095525205873,85.38952052318449,80.58963803196293,69.98108772016245,69.60303401825325
2023-10-04,74.37984127531982,69.86580335606676,66.44454994496614,65.21073057313528,65.3681018832414,66.93072005101904,66.35336519287729,67.48958518527442,84.1398366579922,88.13553158182695,81.56665595570824,79.72960652996835,67.9557347448563,78.4828496563905,82.57848225732862,83.96580693430458,92.28134379645871,95.7922554988512,96.76586230858535,97.06291804854862,90.13075475305195,84.63182052751755,79.66796092053669,73.84043705901593
2023-10-05,80.44340217236999,75.52416217780576,70.96321279543061,72.85406392078235,72.3811532964808,70.6720853785812,74.27034650562524,74.65095902361833,89.59773711348848,87.67355120754578,81.17873922856838,78.76894756636032,66.86265614053288,74.08460753176463,79.84458814052543,83.9669694845379,94.75565284120546,96.58627540613614,98.22119339409862,98.58264577086385,95.87595418456189,92.48199894488604,82.91714033778611,76.5901389812815
2023-10-06,90.50414217568489,82.64528795428261,76.60592447168685,77.02348650658793,73.49121630855164,75.1098359914616,75.49385008152105,78.84403106754368,93.01895425624336,88.45684315838064,80.51518811235236,77.40798227148808,64.4780230889087,70.19921245764947,82.7873925570646,87.01813050274595,90.3483491582235,97.60150787465331,98.08827000945959,98.38451154295792,95.10564771057271,94.04038690896293,83.74268380616465,76.7020842456305
2023-10-07,80.08834419104586,79.62689174741398,76.06886122063044,67.55243289100466,65.40898461166901,68.75293405048221,70.77672279214696,73.6284497247455,84.3146123408281,81.66919050978774,77.01352398730566,78.36912740429514,60.55329130629523,66.90452997195995,73.19340033204482,76.36406520162896,77.81817921886592,85.43849358344445,93.16862318047109,94.93281691193361,88.99416578127824,82.00496985281158,74.60548503651411,71.180752887153
2023-10-08,86.16523677286727,73.37800341281174,75.76257702260922,75.3133669286186,75.35390160415163,78.83709425823596,78.6996159626139,76.69657547200892,80.43112782733184,79.84489042275897,74.5261642243673,70.11915357133712,61.315128578910254,63.80584728240591,78.90011758406528,79.20580243543988,80.42654582714279,91.64071250554686,95.65656330803122,96.2149095526628,95.7279620506157,83.1737980515548,79.19229608885442,76.23118092864769
2023-10-09,79.95570277558934,74.52563551750436,68.99627164756726,68.20342927794826,66.33385543818748,67.75973879364237,73.5100640014631,77.1569187516529,82.77446236338756,83.96753487613879,78.78344582369218,73.0365351210427,50.80184004326582,66.18846845134871,79.88680408474822,79.14633420871526,80.69127048899885,87.47097631946858,86.85615606856216,96.63719534483532,95.13668238371869,87.54725169008923,81.55541338945677,79.0345852368602
2023-10-10,85.91377707498219,84.66546621270105,76.41987370916291,72.42233038282706,71.55702766499917,74.4265078286424,76.56718854885337,80.06243734574801,85.76508533971369,81.86112386149802,69.72834725691756,68.43037553123739,56.96075464169894,74.62190365731428,91.90667876188748,93.9954672118215,93.34537307638635,96.64129698978628,97.92876751885869,97.60935137053593,96.71543415251016,89.02836076261073,76.31573977253089,76.95897499713871
2023-10-11,76.13143198768739,70.6165513888729,62.86084217192218,55.841777180806055,63.753804079159586,63.92807808947089,68.0688992333584,74.54747144046286,81.04659651003075,84.99416924199984,76.23093836535998,72.01194751889554,57.38340863628873,67.69453646178495,74.22961703552906,82.36326125187504,79.04062554650977,93.0300490853423,92.71018395946969,93.36601287647976,89.01308294911122,84.70619561155583,75.36090968625808,69.87492960059299
2023-10-12,78.4985527944343,75.91191649573088,68.66461652764067,67.09210511745945,68.03982403274408,72.83915715402287,77.70915417828394,82.16323902500946,92.4093460528251,88.35893157139037,76.4529976360256,77.22599862238994,59.08853567934936,68.10485210914253,80.47855646846129,86.71149164824412,86.20133698665562,97.45897779190521,95.46629562801449,95.69162973256941,94.48267658824642,89.63011046044059,83.25485274351827,79.69006650778887
2023-10-13,90.28498067978988,89.13610182696024,84.31725154066635,80.23746688006268,75.40607546463184,79.0690730279953,87.06863702025609,87.21404595922941,94.0651932996422,92.95950975191612,86.96488030775755,79.96472060630668,62.711616976065656,68.45783377333387,85.87382717018758,88.65680061115582,91.54460725555968,98.35287822804678,97.84534241204767,97.90443542267593,97.68431828187406,93.29203109468253,82.27256731314745,81.77274119344787
2023-10-14,85.12938390057977,79.14297497963265,78.92740687633972,74.29760888050573,71.04617434460168,80.68809272148535,86.01652363036081,86.29672712042236,94.62764799699326,88.78195448468705,77.5407462617309,68.54084255802753,50.03717878925669,59.09942653497582,75.35187958937587,81.87687093956328,86.33776902606012,95.00271275605574,94.63061989842831,94.46793649240408,94.99894918667808,92.92262135147946,88.75536241905111,83.15739276441272
2023-10-15,87.6033047295841,84.55188128419842,82.46622941472278,79.84718502848818,79.48355308687198,80.35222600355274,90.05644531443258,83.02427173801918,81.27531380138242,71.20961250904695,63.61324733539291,61.43624190441956,50.725234337958796,53.574743707267736,55.96303424745739,57.43203322748303,69.02666591362214,86.53406871447633,92.7210028878841,93.53488623763275,93.74133078997889,90.76199568677812,82.97120696844729,75.13097290779956
2023-10-16,75.8211127489813,78.70643854003173,78.04424204120224,72.8688956978466,72.24293593902117,72.49270566150825,74.01735957208655,69.24467389577225,77.35186971762843,76.87638949523635,67.1942519128458,76.17394037082389,64.0778668319707,71.85185744807137,75.4586182200563,81.59146198358926,83.36212276364417,84.33870422297258,84.25231260932699,92.32739303885346,91.91479396418102,86.17493537092194,78.36476261323983,77.82089324158414
2023-10-17,87.0539721026488,82.37675669652776,74.76500081636105,68.42260735582208,70.733158964645,72.32192142857997,81.8595805421141,85.79432603374568,94.66620825365565,94.98341884249217,84.51948616356806,82.38686436065171,65.79384392166445,69.00578296184672,77.83761392476033,81.32718793065855,86.90338962743837,94.35274774899906,97.91966203650647,94.41757828495813,94.09517511712183,89.93475936818223,82.35278763399035,76.63979192560974
2023-10-18,83.18634585388627,80.44806268817372,71.95084949467255,69.76612830409256,67.01167963804737,69.03551228110067,80.54351192564293,85.28169535175444,90.41385578596503,88.8486348131987,82.84396040898064,83.60345558395662,65.23231603491094,67.05491628179476,80.34079242879963,84.9389207569273,90.36542795846366,97.63482659729878,97.80095590226686,97.5138023977639,97.26675899899075,90.5233604137009,84.00487810981905,83.01652741804979
2023-10-19,82.395653224788,84.70835154391769,80.96893611310024,75.34249576134118,73.04492945511878,77.48546767926658,83.78458066138703,82.49003873076776,88.91160754867862,90.02289215431416,82.06247154920138,82.13570103538751,75.75418876820801,76.78657010782847,87.56102827666851,92.88437866493182,92.84137181590998,94.64690158790367,95.52638255619891,95.24701533983456,92.94229308617807,88.70531765155327,83.6333500176761,82.34268244350316
2023-10-20,86.7056616167223,85.02546593330892,79.04925665076247,78.4117621133331,76.6793033926317,77.30926536045294,87.08609742069578,85.83849870993788,90.06286906782914,89.77153610232173,86.615244468977,82.3220911694863,64.09577737239174,70.01474587549306,79.51167927130813,88.0335451008333,87.252224531894,94.0788174763541,93.24167030119258,93.67261384641832,93.60782957619232,89.28654375572528,80.42918805766739,75.98869578634701
2023-10-21,81.88135411163384,79.80263852517871,74.82873261488982,74.29063766768549,74.06267812096208,75.91214020362436,82.16639603429569,82.450509605708,87.98766886760308,84.3887436454414,77.10203895852464,82.4438652059358,64.59596886882689,69.17031924331259,73.7746481199791,77.72925368664552,83.23415646272804,93.93801455565902,94.26563219165865,93.03491378218946,91.99552332240658,89.75981275388392,84.3508712848402,77.46244097938502
2023-10-22,81.0014986098424,83.53074738609402,75.55811704950158,73.91854631065482,73.90464489796992,75.87533375133395,83.49719429385664,72.74596983776235,85.10216880151239,84.27174497785025,76.25469746843683,65.41745021159346,52.20703220436788,55.21447916695089,65.38607776468437,80.26288138269155,82.8453947624381,91.25024599028816,93.40544696629156,94.2031746297957,93.61474830285252,92.99743795253329,81.44059284073258,73.85575607361471
2023-10-23,86.1472944311414,83.90856244366634,79.33604924314957,69.14772489122811,69.59761853722486,71.78203307194599,83.76860281186717,84.98545063231376,87.4081753457406,83.24442271737556,80.2649878268666,79.9362208133854,60.3070885044809,68.45933647955222,78.31617573970384,78.88149213837195,87.32358101354134,95.36601451893166,96.53898599576507,96.50296120573353,95.10929104810135,88.5262979182458,78.47174810723169,75.5136114402801
2023-10-24,85.91295058006025,82.3441152809336,79.77823668206037,76.21676974914863,73.12057672519074,77.35885460467199,86.84821890611605,88.06413437419701,93.77535677576864,91.06828750278753,84.11868309895732,84.6530226174897,74.82641422491969,77.67773591623953,89.72673942445275,89.13728190753076,90.58747458558784,95.10196034142125,95.65370129111443,95.29727893872212,93.87268832161898,91.20710612584014,86.11789928475324,82.94817554748155
2023-10-25,89.01896834619572,85.7222482429091,78.23558732224336,77.40079731198175,75.65901131513999,77.59065600566464,85.99396715115483,86.17437126521706,93.6603965884321,88.58139178056251,82.97179357767376,83.54519065823136,73.63043601922018,81.33881834620252,90.41207771184781,90.43459380053282,89.21382786445541,95.93498737078215,95.1651416664661,95.61974369026545,94.99179356126558,89.7318982380854,84.75642021259051,75.73680125627227
2023-10-26,82.37018030981211,82.69233851298802,78.19600392264,68.30449651984263,69.87921213189269,71.1896683698196,76.52605446945059,78.04561127584702,85.8561076089137,87.61355705805653,80.06787934675263,77.39618679850048,61.314601394831904,72.7885095327249,83.2338392688091,82.24518590595285,91.9145247420664,95.60319712075167,95.8069420534098,93.10547063668966,88.89788861275807,91.33860151740394,84.33749556458406,82.1032265809249
2023-10-27,80.63884840270343,82.1118015534511,78.120144847099,73.17262448038636,69.07356002112564,70.75309825163443,81.48242423035266,84.37696907322947,94.33990635581952,92.96413783448223,81.24606146221022,79.39819785959986,52.21577233562321,62.35213302158796,72.92878699901043,73.37153455802299,89.47677641617756,94.08384466082697,94.2499043376188,90.4904191970138,85.91809941629307,82.89526444751105,76.66107458045343,73.21255783705108
2023-10-28,77.86282487260884,79.26011557949118,71.14066369706994,66.2260201552734,59.17215628836167,69.3247513441744,82.21670586907041,81.70168710364814,88.93043746910982,78.56733926547771,78.02018992398666,68.27274780443253,42.96920726201568,54.46844557609734,75.75297650072065,79.45140931075618,83.77972564471098,95.64251989544877,96.9989994084205,96.96708198963812,94.75817759224087,93.51475246502788,79.98347904036892,76.57394738407488
2023-10-29,82.93678575697264,77.2603680880267,77.68258322320439,73.47926372840284,72.29006243835038,74.22014880183977,84.79176420074964,82.70390116838544,86.92300423396527,69.58083605588352,55.295238960436244,44.808534410267974,40.31850971453769,39.428425617240265,52.103549462406114,64.19422154623645,76.93401716228821,93.451044566972,94.27220687804608,93.90238289644472,93.38147044344974,87.90215920896259,76.94495437738868,69.31088701929643
2023-10-30,80.02371121806749,77.77317155665165,72.05187368288152,70.10164952767357,70.09810876384883,73.50292155340419,88.68468930762114,84.78047426279998,85.17178526667588,80.27949015755108,80.51680744001186,83.30076952082561,72.61323859730695,79.84533700379228,80.74226524561603,83.40408964385766,93.49833910449354,96.85655028855477,96.95777483332398,96.86060664632987,97.13690227746196,93.39495076573648,86.67001280787854,83.75801983242347
2023-10-31,92.49940191011846,88.20115474908444,77.78055122991208,75.9716570899217,76.7744902094676,80.63265163153388,87.61777501506452,87.71858583919632,93.36057693482329,94.8583892576506,87.24329692677587,86.12624625419758,77.67860348137671,82.90370793512886,96.96410256393291,96.21722355990443,96.35850777719479,96.86795321182629,96.92655042569733,96.4806727301808,96.69934849579307,96.1273354299169,92.75172245889274,86.36726872518169
2023-11-01,81.84407798969401,81.1366194032591,78.20392416265832,78.41690330388255,79.38506297887886,78.55914574353484,80.89537642826616,82.98011863757016,89.67234391591327,90.12992427184504,87.30541423070889,82.66922908272875,76.33632319973958,80.3077810586335,86.48321791817341,87.85022696909509,92.29810320616487,94.65212095513944,96.21979111004767,93.77789334405996,90.28718040315331,92.78254783252143,86.52430762209212,83.5023617019618
2023-11-02,87.55924491521277,87.62729020207875,80.67901374120056,78.96530337362928,78.31629755750323,77.64892803299352,87.90008927974513,90.24094458487113,94.14612416199529,96.54501343178275,89.14055587986367,87.01948446705659,76.92869236570392,85.18887451050466,91.78062702650323,92.82257925475922,90.0285728582762,94.38716452202746,94.91180766954079,94.11928727091929,93.37104397305659,88.04976530897105,84.54670020439231,79.59037697399101
2023-11-03,85.50684000903411,81.21909922307617,78.07780433568882,74.81320478296853,76.91122492374998,74.05040539529487,81.48305668495722,87.62206283425246,93.79345971517286,91.65238593934383,91.80559039011642,82.1243812834305,52.12082544857728,69.3399017197132,82.30654277915892,85.81391434541978,89.4837413718577,93.11710716239683,93.20848967846715,93.09974983505094,92.8439826884197,85.5642446226428,80.69730753513474,72.0832745500473
2023-11-04,69.39794408610165,65.7422115791214,63.37717104977785,61.944009952847075,61.80926828315983,65.24373629166743,73.15902273849169,73.99777216421099,84.3940370607547,71.48046856639847,61.856512513920244,58.13747267067515,43.75223201208067,48.26685891688597,59.552066127718234,62.708940332541225,83.7250229665842,88.96676244518511,91.58352558200447,82.31597077378368,81.8682875517278,80.73072050668841,77.3656057672291,71.25230196468308
2023-11-05,65.52106293650228,59.188173133309604,54.10764226047291,55.3247354335902,66.96191394226811,69.65285389652514,76.04457254427595,66.93421535307888,66.23698842580745,63.47000081420747,48.78941699563704,29.125020888595177,28.85462079869687,31.50103404062822,42.15830430803918,43.22158511176205,60.52869118556924,78.73465032523129,84.15205765634637,74.4396296464086,72.39394897554403,72.42770211065255,64.8497846765144,56.602770940692196
2023-11-06,39.92995054990928,46.66899248996698,39.97296515553574,47.35111787329466,46.944903974051634,46.96242302572566,51.438201090105224,55.87032547462771,65.17869438734978,70.88088943208353,69.98148664825277,68.64243416704484,65.75074827790924,63.470073686420825,68.26315180154424,66.51782650771602,74.52476425793155,75.69839543818267,74.45497890321116,72.87778406295091,71.59079361597153,70.63860571675411,68.23219679256414,67.27143412651532
2023-11-07,75.3168614153151,77.17172685743726,73.35770940620615,74.41840217231626,76.85634535498484,78.62915238909137,81.95921336679697,83.70046713348972,89.88413673566328,89.90864852630418,87.09561261454373,87.11499995114848,73.13322893504008,85.33127644812147,88.88212720277954,90.24356121896035,92.20520695049031,92.43338191069358,92.34566846124707,92.33636379182538,92.53066143088101,92.6167171614521,85.16275166800591,77.73919159415719
2023-11-08,87.0980079507433,78.93960665853808,76.57965416905725,74.09336236681904,72.15324712023525,74.05231460519181,77.07381806867001,79.98174163337565,93.37951611046962,91.98404515348254,89.99277014481864,84.59469018754021,69.39087233917385,75.54590776577069,87.74787676853194,92.35178186591027,92.03172032927313,93.3567527541344,93.27348341101138,93.02931530126352,92.41151596143062,91.63440663296264,89.20201727300956,78.59228482308262
2023-11-09,84.14618699698333,78.92375625384531,76.8428989509392,72.26527970270784,75.32572281584127,76.1541788637897,81.21718901203445,90.6404877073577,92.28255654900597,93.09906416384024,83.81789910130153,83.59490745326634,73.42681173447372,81.01366330107024,85.65299672356976,91.81259039932206,93.41550126220768,96.18660344002943,95.07340388864608,94.68560925412031,93.80963999711531,87.41507059202048,82.50981649979477,76.56616884065673
2023-11-10,77.14748603382496,77.37692535082364,73.65862307618565,73.13786737324214,74.51671765428962,75.22801749543143,80.38926700821733,82.94614913974176,92.18147740466802,91.94876889123123,82.77074925936888,76.7708623870376,68.36161886898022,72.44544442774988,79.64730988718485,87.13900554752523,90.36130313934773,92.27155209988385,92.59493552632807,81.75971980688536,83.66520347536468,74.30660935106448,69.6589279773471,54.69912081031807
2023-11-11,59.481156719948,56.34206115111295,59.90733024502024,57.65328169330007,55.70234615065869,54.776799525508096,56.358040735030684,58.37490110863395,69.88526981677757,65.78138988248189,52.17941809992351,43.114486505422946,31.61563346374786,39.82079144303589,43.96364220304818,56.87752910185333,70.35421431990419,84.02873741231535,87.49495870941188,81.54413224805248,67.76607625793993,67.94839167719775,46.13769413081839,34.91214095379099
2023-11-12,45.81678937067857,47.6381178194944,48.10100007554298,46.255206216245334,61.72107631795905,63.029681571949155,73.48190757290001,57.96848646204579,68.47774461259195,60.45023451466226,47.68962203496562,39.36084384019812,35.85190331460454,30.98408947383742,33.82269329361004,35.59942818031232,55.71302372284706,78.61157795226028,83.97760967667384,81.34195525311951,76.23463830315795,75.03679455979652,58.783280944122446,50.29819421570155
2023-11-13,44.184279419037566,50.09190252404253,41.04714586048548,40.74815258211399,42.039593265310295,46.749455830193874,52.371359252134056,63.62770999585504,83.98319536781814,82.81920535513136,75.93899833787685,68.74070889913726,53.98799713670388,66.57577762209286,82.6975783959555,85.86932804129822,88.84042365187634,96.13444456211872,95.2634492148497,95.84663909073136,91.32308470300637,89.2957655233262,82.0213106359295,76.07110628283132
2023-11-14,77.70189457489559,75.40747242410548,73.57262225207272,72.84063159518874,73.92083669282803,74.41670983501116,87.48008840623635,92.16467485689584,92.73409292732924,92.92664261760032,88.58400743356236,83.85933794241174,70.51138516255953,74.62984967115301,87.68028716096525,94.10270817392218,94.50858496267284,95.24020504296988,96.06496036520821,90.17112755973581,91.99235350129699,91.22964480892975,88.87688096011757,79.62363229996375
2023-11-15,82.88128677724835,78.87484161535822,78.38577548342573,74.91357963682475,76.17273384874895,80.24407673777971,80.98662532630811,89.91059150197984,93.32741928715052,91.83527210501762,85.18089288050062,83.6131696167171,65.23356019341011,69.1371946505217,84.83660653181971,88.87021558920841,87.66651290732234,93.70879926492385,93.77374627199849,85.36459487604603,90.84092766342233,79.49144815941817,77.26834992267293,75.18765110595139
2023-11-16,81.62526120293074,80.12628360048132,73.72488108694596,66.45391668931602,69.90018452345072,75.36457832721173,73.53354188665247,74.5671710796518,92.270290505505,90.78471887507213,87.55290472553425,79.53888401399152,64.56198788361763,69.03924434359253,80.84204344990907,85.90890494647354,94.07847350567295,94.72802014205261,92.4349938224559,90.2740279833796,87.43779265648207,83.00948936010506,78.81038932254529,72.31186355697595
2023-11-17,75.4047600512624,77.15373336557226,76.0871851148361,72.58526908831126,71.91229049141324,76.55452021011226,85.28540934653225,86.0601330003195,92.4181511590795,88.42291053103004,85.36504426262002,80.29382749806933,68.09290705680709,69.77318557950873,83.95858939846018,89.7087536712613,92.50404066011832,94.05438823642982,94.39632877973143,92.00740760175509,87.89429010505252,82.1379371447166,66.84932029961084,52.79274884854921
2023-11-18,65.49467718074123,49.38404065060922,46.806095948031796,44.8314139840083,44.65580117436142,41.58993072149988,50.68043701782219,59.15283270400298,78.42727408832076,81.87256558421979,72.22439975279184,60.088095646542286,41.790931346759045,39.738268636475944,57.15958504473284,75.92584817407575,72.85280642514375,90.60363688882447,91.80304391809244,80.5865520103487,83.1972737690779,84.68535548509645,69.91341171925035,57.24725274938568
2023-11-19,53.086450789213764,53.25479402802165,48.58592396266946,47.07835897156968,43.60693157181893,43.4183799523953,48.195601078357356,48.31181064819994,40.20161253184898,55.630881193411845,49.733018594871794,39.26792287100269,38.857910040721265,37.946098213028314,55.77076805367364,54.30610994575576,73.41539566382968,89.82550004797694,91.22220832355066,85.37646860701395,81.9774136788249,83.97225054554382,69.42414436379087,60.65705345825129
2023-11-20,71.76043377583566,66.30160680372035,55.624890088073094,55.072929215834044,54.441380930142984,65.34392014004756,71.43936006048874,76.13379392422834,89.2804754095084,90.77128510450156,77.5217517922211,78.91107227808492,73.2990312486868,79.39997415615876,89.72059650491843,91.6475978944826,89.93194554854065,94.63263895281769,92.09514224529246,90.55147713561925,86.09805902733046,84.5509898637198,80.24411286052106,79.06826983974355
2023-11-21,81.60054578458826,75.60471807337302,70.35375383659223,67.27180765163017,69.6142163708749,76.67542032598126,75.28025403200347,84.5855106698178,89.6055715745966,88.82173014543599,86.2041801320348,84.02915638290312,73.61912578944614,76.30151326285369,83.43231059076109,85.88783076664538,89.42718004619564,92.10086395644342,89.78934930996462,81.73864704522654,84.73743478371158,77.03188829082036,73.89078309264592,60.56311554796015
2023-11-22,67.13243154457595,62.53892655489885,52.57193351234336,49.10888207130868,45.36071183584938,47.34037256735143,65.30752422531117,65.3760435645828,82.21545887913896,80.58849385717151,75.5604061561225,68.64024600582313,52.9751812882494,56.41185475504306,74.36281322255891,79.64044175660808,88.7385740851531,91.46393898919118,87.10973404314144,84.88515558307334,81.87217036990711,83.15807931917408,79.7860911241452,73.61836743938436
2023-11-23,74.31541885488994,70.80734432281197,73.49389443762452,66.73132626815715,65.98099356457718,68.499021992145,84.56655802178732,77.04049349550357,90.4152115066405,87.31206185108054,79.33075058592102,78.39431417904497,68.37719861031852,74.75883768464941,84.99358673155427,87.98990127481383,92.74294031278222,91.61512270807656,90.79900381570556,89.71483604601107,90.25037267409606,87.5067166248292,81.96088531762011,80.08137446198513
2023-11-24,79.9951021018962,75.64620331604914,76.20086800048091,76.33371135860591,74.05398760568762,74.43301249146782,84.46355267795211,86.31048340237105,92.12168839601426,92.37817573844734,86.90871108360857,82.41109165264977,58.95498553248204,67.46121847588549,82.97912293306263,87.505328353187,90.83442514607808,90.46884479728995,90.64291410511952,83.4355763015891,84.84499959906609,84.47694147572392,76.82947499458942,65.11377397633642
2023-11-25,66.48088143941978,60.922177800114916,50.16806625972945,42.23122403960741,40.317683844531764,41.66576645805598,51.89032563378227,45.28185202283931,60.361131453454654,71.5579337257428,72.00016292359452,64.22281590286137,44.5682082185751,61.518081203721316,69.93168513292169,78.82280842107384,84.0276712537105,91.48634273819802,87.26411077032773,80.49760518555652,80.84036233967656,74.2969095202725,65.14016569951664,58.425687427556795
2023-11-26,42.4897137792029,35.53548764617305,33.822995347487144,34.780559339886935,34.8499804161918,35.3047101195806,36.554901954675465,40.567155928980625,47.82679752558982,44.42748856095793,46.447732669552515,41.19687782232836,35.958113441414696,42.0018049648528,50.26693866833433,49.5663502084938,61.18303335616995,86.21077056650842,87.32842615281815,86.48949130634475,83.02260284135593,80.46042607748898,73.06607160385929,67.6282465945617
2023-11-27,70.23698590884942,64.14989433712047,58.10908906453832,46.077037636796845,44.47553430682685,50.03676725821202,51.76484886257357,71.04916807249502,89.75433172401782,86.91313263216348,87.93901552082927,85.03528570350298,77.44195235100793,79.86918818103494,81.8076001623522,83.83074283632855,86.11406686104095,90.28351041002632,87.949314714897,83.63430605185636,88.16280512064377,82.6753149628463,76.34974157503511,68.72832700605478
2023-11-28,73.4428400336271,71.30223039842717,66.72557329570228,58.97988469712092,57.92208867371048,65.259409384246,74.50741388518706,79.06090347197497,86.5775386621358,87.44309466309767,79.87269673732243,79.51383385957787,68.54242640385763,69.66421105336099,78.21546825073763,83.52321003364949,86.19700231785501,84.78892431969513,79.90617197021115,86.33631544690138,85.6531762354318,80.74181026596587,74.42009262875727,56.909361096258586
2023-11-29,59.94343019227094,49.17483679238919,34.552683385307986,31.217423408979094,30.733057287731885,32.74377148962289,36.6411339105179,49.09106346357923,81.9473375176936,85.43528860869874,74.81869833787799,69.27690834545402,56.933825059712184,62.5374816664705,70.33571402880307,73.28096383897176,83.28656274773996,83.64622460294923,84.43023234324787,79.68606561298559,83.37591979564213,84.94563142693342,72.16284407612224,55.64946841372193
2023-11-30,69.61857765322483,69.4271767966854,51.24607280934012,38.32696890080968,58.55089189358516,76.73210589686393,79.92587769260032,86.17050586751478,89.4827468250576,91.78395707873972,85.54022397469315,82.95299565928433,73.59449426769444,80.6389838941078,86.0868456151336,86.3458553578432,93.58246185206771,90.05249425491284,87.9679557740675,88.11186097584054,83.92361397893276,83.95587125105482,80.246043162909,69.8973527730015
2023-12-01,70.80498029120291,69.7376497923144,64.16061310979705,59.698526007829244,56.64308982941752,52.01378283851106,71.12280600438206,80.53911312649933,88.89309652437538,90.95696864694308,85.82217019923225,80.86541328615418,65.83514483372151,67.61042527081496,83.04643937832509,88.17107275042416,91.7569571638228,93.38392828078257,92.05036345120972,78.99602993921111,81.82545945289635,78.4865542071937,71.10446591602644,50.13099641764021
2023-12-02,59.66123277035921,50.43570538688553,41.97032822035905,39.19689083419454,39.43045809434602,40.10705333683719,43.37151409912017,49.59617868245124,78.52087696040554,85.0620815527654,74.43818827306572,72.73967955926543,55.2655274368493,59.692303560611315,66.25549811448896,79.9238989061675,82.26849998377789,89.40171928189778,91.37449402701543,82.72731639872869,79.41865288379918,75.27316038651344,65.55568467295153,53.97915018633969
2023-12-03,53.9599975356618,39.3536152719288,35.96937755659789,34.971046060367165,36.88650958586102,39.20996055466052,44.078067851404704,46.26096157084152,41.984092937020925,48.29544036708154,43.31637296728541,35.000395254807444,30.271148637157726,33.79362949004563,46.31662901030127,55.03115162174126,61.56438014233428,74.87344223273436,81.75733137618028,76.49086703287506,75.66390468076578,72.33456005063232,60.257409109062024,49.24931382514159
2023-12-04,46.40875933729357,45.05603120653144,39.76986815351299,35.39537758139542,38.78469560113234,45.50168090453392,47.91954296626507,75.34769003071811,87.37395149720973,86.00070844442982,82.53546680990348,79.41260387312293,70.38471036512763,76.41425750849518,79.75478747155792,83.30672597287169,84.73142827879542,85.72475290223103,84.754559975603,84.65154291308623,77.49224693026811,74.48398806923521,71.37485877426798,63.183348649702
2023-12-05,68.9233082257891,71.66761399532108,56.740231293324456,51.8044956825643,63.1729924628883,66.35235138617811,74.1190346294239,75.40901150634944,91.6158193016823,89.09714228036403,81.41488560171791,79.66333048959937,65.61832228364972,74.94144844592762,83.3770542138129,85.4110774583573,93.62298473018372,90.5975964825275,90.56649425841943,87.81363609782798,83.08867420772083,81.11576008670033,77.00403423982554,72.9871773996981
2023-12-06,77.13726539452757,72.30126141962018,70.48648256168313,67.5191635111232,66.70172602475225,69.60989696164143,74.96670725244999,80.12092853633186,88.66036602026202,93.0987346167075,81.2954024500899,81.11204439718952,71.58236333725097,76.15430821532988,79.8478934495982,84.47844483697223,93.08059454446828,93.42479953726868,88.28942402153947,82.68672380995517,82.74106527947848,84.2934793190214,77.43169637339874,70.23849566193346
2023-12-07,72.8590779909947,73.97747095373158,75.56519875397883,74.94217512523795,76.35583626951848,79.2480188660128,80.38055488238295,82.75226619697308,91.86269443482189,93.70924090364693,90.62681771470606,92.43236015189699,83.21370125584559,87.94686328931365,91.82796044443998,93.2153170068636,94.11739972062816,95.28246907947992,90.70786327011383,85.71892056322596,89.21884218502674,85.31423135246897,81.24678624722347,77.39890899564043
2023-12-08,78.96960472076259,77.29322880218373,68.93746440154497,62.39109181304474,62.46621210524847,66.80857215380823,71.25842438579163,73.56423343360485,88.82794677750843,91.00888290801998,80.29560336901655,80.11608664338468,66.10850313131004,68.37013736317147,80.089003983117,82.34779806258642,83.7260986706632,92.25734415145214,91.07638407090744,79.16086443854635,79.60692441959098,80.14004983403977,71.20977293100812,60.5557092479415
2023-12-09,58.00430119099665,45.23659037550153,46.685578347620385,43.81855623967404,38.791044044832134,41.33364257710599,50.85584774532714,52.03753591206854,84.80021036207552,85.5264272279183,72.30660895103202,62.73990753297482,52.62364399376131,56.242991148786444,66.29467225215485,69.35558627506593,79.9413446744781,83.52794136777045,84.2535331512938,79.56185578506401,81.6695982364941,81.07538479115377,71.29994581268329,63.620556447986985
2023-12-10,68.75271234912533,69.16230576750492,64.62916743532662,57.860270149835706,56.20851271372554,62.01978262695562,64.79009669616951,69.48207203499611,70.93585407826086,71.7042389921208,74.80001547167453,74.55301818034378,63.194968490799035,68.8717121700797,73.61097567686622,73.99524072645212,81.97579360911168,80.53032007895348,85.63289667797451,84.26424390669334,79.21548526398641,77.96950334143986,72.34727121236132,67.92986516935562
2023-12-11,67.56140273651839,65.66317282338333,65.93904956044378,64.12808538379034,64.71446974975511,70.40523336599213,61.5882654359373,75.16052982996497,87.90474858313229,81.9823113834019,79.51560289937096,77.3775120655117,76.81070271687159,78.89206486878084,81.83350507347457,83.4550846605366,87.23380273805164,89.75320984721505,91.5712117467207,82.06194750302046,80.26731373725177,81.23045912475138,79.06715115240307,72.17547717967778
2023-12-12,80.05027734418594,75.08459194565162,74.34698690825329,70.99139188140086,74.13570826208147,79.2445710878736,85.28332702706504,85.84625156576618,93.57456462979,93.87414596203597,89.17386947694892,85.32923359099573,82.36207064616876,84.10652601034067,83.05688349391822,91.47438675554481,92.75664315683282,92.53606160040373,92.65301096232693,89.3159967821026,89.81135261638013,87.11501952724848,78.07181110989553,79.04410720877792
2023-12-13,81.13034847805555,78.79978192734171,75.06711843566157,72.72978019770342,69.86684594396284,73.10642070671173,80.93518830224428,80.18091118997316,94.24272119854967,94.19726494303994,93.87723225463677,93.8213973218297,90.13899905603127,91.07955421599077,93.21950781998082,93.06448439075459,91.77883268268408,90.83129207114106,87.85176198337905,85.16710306681915,83.15811461986215,83.18615787297273,75.39727662934428,64.8038761470123
2023-12-14,68.29768972315885,56.25456186013263,51.546519549155086,51.067967109798126,46.11874006433781,55.912213961759875,64.62574563730676,67.32579252371741,84.29275910497066,84.43176271468604,81.96652328532488,81.07299606547699,72.38016719724894,78.35879620205846,80.28176171405843,81.36530794982049,85.09064659474528,87.16229420743227,85.32429074023851,78.10803426653499,77.18051237169712,77.39311531651276,63.95541045579055,53.68335818465829
2023-12-15,42.719562329712055,37.97028871998277,36.88385252480325,37.28404305878262,35.53698373461539,41.87146198891419,47.692001157241066,75.39192386192886,84.01710455465692,86.46413145525759,77.2511455949245,78.89353362414731,77.59054640686163,72.33184870165091,74.09809553514782,69.7107683307923,78.8984572047635,87.87604985957363,81.73787655212905,78.04250595629159,75.16520093165121,76.68082578825465,61.266193797027256,52.693262912200325
2023-12-16,52.545881993740245,45.41494661650151,40.12108256195314,36.468181562682496,37.82953925903912,44.79230969603213,47.057868176193885,67.29231618399372,80.78279463201136,79.47450378972673,73.88645404531987,72.68889765083229,61.796403558287125,64.66235985378107,70.37615575777025,77.43477785305491,70.74002813542032,85.68095584496635,86.97759605127001,77.56401972813681,74.99715537798926,76.28061194581602,64.7748308751595,52.37095531981558
2023-12-17,63.41075993655319,55.101386977005525,43.295751352334804,42.93094261675063,41.1548238038745,42.998813880297305,53.34989028075289,51.21270945851062,55.57395562593384,51.4026627164923,55.2939032665664,52.17879612503314,42.96600510740208,46.5118094651811,52.444536303441836,52.54947939022247,58.69291118961622,87.01166868527037,88.1134579920579,79.84902727563788,77.42337616196171,72.34180194228328,59.95189475929453,54.240322516626975
2023-12-18,56.28099747609469,50.43076941826153,42.084209721937604,38.665488099224035,41.69208655913451,45.91140326700875,56.487477288617995,65.90826607696926,88.31718791171615,89.92122263346253,88.83789602437602,88.97115807312376,84.87588054620376,88.7920437251561,88.70960082788947,89.36085867296008,88.65962512049745,86.94880302419617,83.41005843122363,77.46067213382268,80.4685790215767,79.26993730487308,74.66785647293665,71.12431373453877
2023-12-19,77.35935311645665,74.15798973232879,73.17264216743693,69.86549721968933,73.22832326813995,74.40491863290933,82.38432622109944,83.97646533556298,91.29075873835588,91.67415399833314,83.95884141809277,83.03382009375123,79.77412044840341,80.90596813183927,83.64800727812698,87.19683977356883,91.88172094966856,89.00679005732482,91.92812402082754,89.38113663388499,88.31279992895026,87.5735359558045,82.29092327567702,78.57087133458931
2023-12-20,82.03879119696528,79.11704906567881,74.53576867930869,70.52774650496166,71.27689544334963,71.75222518864193,79.05851887418432,82.17674810956771,92.77387962574174,92.76581879958115,82.46087362707262,85.53841077733344,72.68528932018071,77.29220714442158,76.05882445839312,79.52198730965478,87.79719270620113,92.66318784048264,89.41496113748488,79.60747428361945,79.2699660640461,79.29890604963741,73.15434986728643,67.65336783603901
2023-12-21,70.15213183736627,71.52955606711193,67.64483183751071,65.8639917910298,66.9625561881861,70.78689532924545,83.79850954371203,91.02302165958982,91.40330910731798,90.96205641463342,83.51673025971647,81.47454895704327,63.80536408880514,69.2078630059318,73.2436079572791,80.834656914455,89.61576799967298,92.77427170310072,89.85392092035522,82.98425314544056,82.8230818119694,82.7310007173111,78.60725991143558,65.39772639133862
2023-12-22,76.66960757781999,74.06429334520354,64.92454363773253,62.04141695689367,67.1823311341156,69.91893700293274,75.52648117327617,76.53186344262478,88.87575715308583,88.18594695774614,80.76366683228993,78.69875252810083,64.12754038325728,66.2227934248522,76.05552747855506,79.62959501817618,83.69560722504265,91.16369513641689,92.72603767036563,83.18212087051239,83.24847433703599,83.03788707812453,81.76626921888709,71.22792253325295
2023-12-23,82.31668865455659,80.47972211164996,68.02554120547411,66.80211915278954,70.25757515081551,71.16933850494966,83.76522542503224,85.11672841724898,88.4094544522165,85.37127620091094,82.79433784981556,77.6549562440035,64.80428776107325,60.604052075770674,61.92809103345202,62.501647764943215,76.43279677462556,86.66255743936308,87.03408768644367,83.57556292104111,80.83246102391239,79.6511647281365,69.1370481855068,57.14494347386913
2023-12-24,59.702810092612225,56.55107517395216,47.515716987828675,45.96810369692902,42.62268439139572,47.033934869337834,51.26052373715091,49.5191382938126,64.7789850757478,67.52410082970334,66.61093695109822,65.18198383805318,60.817932709168076,69.88734368893348,71.25902531550416,74.9111609365417,72.64832061115068,79.73818478920062,85.05072380255683,80.58291308756951,79.8653729055212,80.57246358078315,64.85674934998838,55.88965982844499
2023-12-25,64.88360964791714,57.15070475891418,59.2096534394383,48.01005181659867,51.53486850470177,54.47456874750826,63.29274106569712,80.06558949016107,86.27662204377474,91.20683980416874,77.86169605545486,75.91072803656851,67.37683339936157,67.01756844372449,71.48327045244872,80.02687635418097,86.36601263600521,86.13390198563998,90.9267182905555,86.43130101346985,82.7881903042042,81.93023609307147,75.72445846971021,67.97748502002635
2023-12-26,68.96264781458034,69.2483991974052,62.95025566442977,57.232291888456345,67.31206560384683,68.78252611731831,74.2580244822024,74.07495692728249,89.97801027364822,88.69060701742157,77.7039746830999,79.57203786698501,67.05754262730798,71.08765838302804,75.55702795652356,80.00852974625117,84.78817869273908,91.18688847800355,92.39112206389386,85.78365828770296,81.45889767635767,79.81169972265494,75.07309104120341,72.38295763562401
2023-12-27,78.34168499238687,77.5664219246346,73.40687111518525,70.13372072263851,69.41002880395689,73.36326779886123,84.96515190460879,86.57940707379433,91.37050006507909,92.54245896252,78.73842576683809,79.66449500249622,60.2357084533866,67.99471927523032,76.89502342006388,82.03895573293916,91.94305742471015,94.26522894204398,93.5762577661634,83.00950277938009,81.26544967771085,82.97445716623562,79.81487562566656,73.64737564483607
2023-12-28,75.82535234286865,72.75478123980551,68.49732323059271,68.56672037093269,71.61420721210938,77.60270105674347,77.24476639448457,80.01015425322933,88.06273307926917,92.49489974960913,79.08671186044604,78.4881224367022,67.32890507882124,74.64549209948213,76.19453934621107,81.87995653951248,86.24670513950724,92.43651691564705,92.93492096245248,90.27868875182114,88.76962946168044,81.99253694362082,79.59283592109126,75.83510223941516
2023-12-29,75.97509073953094,74.50037845340368,68.72657549701105,68.81897399029609,69.55193603971405,70.392792497159,71.96712798945804,75.33439575448477,90.59079043017873,91.91777756928275,82.21967934412154,84.76794382164326,56.57805408550886,65.87309222934947,76.55701028210488,82.37790959644646,82.11001521119104,91.96079908521287,90.17815940395364,83.21350907599434,82.07975626237327,80.88019151335206,72.22754144041669,68.88983973113491
2023-12-30,75.11835839598602,74.01908161378208,69.79088271934374,67.36008958788338,67.44031961859255,70.4040900493607,74.87858411951898,75.72841586104903,88.44524874805269,89.00318812278685,70.62057272490043,74.60688264574168,51.01700286751505,57.03622001678584,58.45046497624061,68.46399879285951,76.21312826107987,91.40762716904969,91.96880437864597,89.42922496242089,81.33067754617267,82.6458851077999,71.47977985799669,67.71768288604402
2023-12-31,68.767780366755,61.35955096194925,55.86125397272449,56.093279967398885,58.67212597685384,62.33754728944114,68.30622223585853,67.56033335509588,66.1358321622177,67.70646753811317,54.03874070360293,46.476890365769684,39.34087819932092,40.17915610110083,46.34926612390703,56.32350019802377,75.4635501985906,81.72882507026307,85.91052410782058,82.6606522897499,80.11720281893777,77.87858387456558,72.89467438803719,68.2742519593882
2024-01-01,73.67550677252669,66.40926414262793,62.9812828941295,53.27851624017008,52.22778836011626,55.405820356253415,68.82240620704518,80.30258525960778,85.65055601108735,84.78175792205288,74.70082933786583,72.434604021946,54.35499994869047,58.098656173147795,68.69512538118381,74.45507833537437,81.7738798786113,90.11881381565968,88.31100872355167,85.18455330959948,80.51633707190908,79.47771481351147,70.81070691227637,64.8366039438944
2024-01-02,55.98888399775347,61.69659435679835,41.12142281207634,43.736983620739075,44.90597580952478,50.267709851352805,56.823224232666306,58.863392531104466,72.6870155929603,71.38599163147715,47.510365380687965,55.12949076567856,49.07617445885383,50.55639683433634,54.0653631456371,60.06134108969165,71.55814398258694,81.14015285524292,82.74749676537427,78.92691518344886,75.24415605983879,74.34222309295181,63.322104905129116,55.61573356942202
2024-01-03,76.32087107599585,73.72696910855473,69.77702633984164,64.71474510148988,59.07389815170386,67.35951637662247,71.57775442326802,74.9206386938596,89.8011521593835,90.82705052568676,77.50154714084776,77.7007167181089,61.69019234101938,66.63331050070146,65.78986965802964,68.28637686538944,81.04239424583727,90.75052257167366,90.84660337853353,87.04388021762932,80.63419332298601,80.04500221387933,76.21655021255704,69.1400788992747
2024-01-04,71.27936868498514,69.40458358195605,57.55187628524368,57.27358343307385,58.324540927191684,62.21056114762483,65.89438828450123,70.64644500325554,88.58836702217329,89.59829301351142,82.96030718608979,77.16443313665259,58.15415739143698,57.39847784327724,60.52239572718119,68.40935709849207,72.07541655976843,85.1663599658298,84.57745020048053,80.66565636330999,80.68581790515036,79.9715548095491,68.16134210952298,57.397054187648045
2024-01-05,67.29767820721605,61.41789207006799,59.70381538913556,51.30108457336266,52.62422245310229,73.45639556888216,75.48455431591223,76.5970138989517,90.7458908970804,92.89934680734052,80.63091472270348,80.81219514015646,66.51468120279132,63.87793433784002,74.33590698834752,77.69500039094738,81.5537597068663,91.43401194876972,90.64516750761993,88.26558434667015,85.9312966903878,82.52546085107139,76.49589408288895,70.85203125355322
2024-01-06,76.26089929314907,74.85797133160906,69.92204692738453,56.84196111498839,57.87585421232767,65.44353914941868,65.89238506858862,69.11311577123776,80.19287295858689,85.17248438989763,77.6907588183487,70.69317009581889,58.954271317714166,58.23919858216047,61.3789711555214,66.23153434256562,69.15477877650504,82.32937626433424,83.61642733898566,75.1830540864505,72.90624870811564,72.27962587359431,56.50766608591285,51.030349608607004
2024-01-07,50.17962442111957,49.02144823697576,46.03867088943748,46.954656874740145,45.3789580655209,45.82285074340139,52.33296545856812,53.855858484222786,48.35731145387651,47.346566290754346,45.13101810812941,48.06873848479621,42.12142718239847,41.54774309622681,44.91403125919702,45.444755014024366,45.5083503000321,66.22391032757443,75.99069051467463,70.0853967776406,68.61655875440565,58.73322759729104,38.716516939776945,41.353511906149976
2024-01-08,33.811348738924,23.793231363663693,25.36915671672403,27.041248178068855,24.3769780974938,25.26625789770138,29.118551841948097,39.2402415142518,50.04851400965991,55.604304190470955,49.49449576353484,49.667408255157866,44.462750538831074,47.163315756460655,42.92508505620437,49.087724688233074,63.96322200919267,73.76351996327492,82.30228107825779,78.70344598234074,75.08908781894652,73.42004940732485,60.390513120780334,56.15277486754524
2024-01-09,65.78857245165506,69.12503800771324,64.7410289549046,49.22216139920608,53.92668370964752,49.20513421323352,51.57832539782778,61.602798069941706,66.8653470764969,73.35692814341635,69.24919903745685,71.6345351261791,55.24742913825356,59.51669464779438,64.88420046393256,65.61236389954075,72.15316460568927,88.57627924918755,88.31238175981231,80.5102717358292,79.84833645247748,77.04570843384384,54.83617861735894,47.918789020333556
2024-01-10,52.48632502736749,47.96158119535068,37.13621068003455,42.82264974033113,42.187523638316634,42.68145946306159,46.65414973865012,55.26037774916471,79.40356204178224,84.91879126129487,79.39481435703262,72.95081138927414,61.130745185403114,68.29991604533204,73.81511930377857,77.0732360605892,74.40781779203105,86.99563773473962,85.52662141488001,82.75510190901866,78.39669326075584,78.81676810253423,55.8529856775149,42.116365099357864
2024-01-11,57.75119840931796,48.80783219214566,47.61621014084588,46.83379158570845,43.04018448581959,47.568514417293954,58.25827439399749,73.18066865717526,82.84973465146065,86.83022599747304,81.5219491685249,79.64244699301581,76.38047666039375,78.63825165293746,83.72328274427173,85.4209298417314,87.46419904940717,89.85467149584626,90.47005843267225,85.23240351342083,85.50485989233047,84.85258130961496,80.17109793006767,78.06327793085687
2024-01-12,77.56189863648903,76.44209119916552,76.2552931507879,74.7046843423101,76.29147176044998,77.9445231723961,78.69263883823675,82.00238698337323,88.68903045328597,89.35470082700863,86.24616529438319,87.5410075943951,73.09433722285281,80.24143865733538,82.93394453660152,83.39994909345569,88.85843550625393,91.87534128572801,91.3767590598318,88.17594728596168,81.69777180489662,79.08013477634513,69.53817801280671,60.71795841943982
2024-01-13,54.86947498552193,50.4656949099538,43.967572617541116,41.70640031191106,41.068460161230014,42.09266749423594,44.30061801309075,53.718796807163436,76.34094107431461,81.81928152945052,79.53483640515171,76.42844780778395,65.86534412067472,69.93225651949777,74.61066954885024,77.32258612604683,78.95848043320866,84.93070158455188,86.44554063566902,82.81448257575705,80.85836060924892,79.31356635259546,73.05457435616708,72.22029100110525
2024-01-14,70.1309537101831,67.34791719903544,66.65272419844726,63.502783134773644,65.73762466963008,71.9109627947552,72.2571321246883,73.84596986067235,70.98676225556942,70.63768792454205,64.83886537924397,62.385138493985465,57.48611163136313,57.76893478330137,60.943224106127346,63.40489791061289,77.17691768670883,85.84929356780951,83.49053601826733,80.66599753169393,80.29968462838275,80.11832091033727,71.44881008464948,63.18915775890841
2024-01-15,72.37646292924154,65.99093166466476,56.10017545943022,54.50157091605768,56.143364775779894,58.08763204838074,60.92423277813206,69.80899584263925,85.70706964667517,84.81020333733075,80.55718009501179,81.69678104159958,64.65918943803878,66.72331801807785,73.82624947263166,77.40746448470074,80.65969987168037,86.66433757195044,87.63670044438659,81.13610756909348,78.65118204400578,78.15156540305351,72.65889929598298,57.19200394564332
2024-01-16,39.57105932172341,30.00361360582213,28.13829423325675,26.843555777411627,30.4361918046535,41.42350207264622,48.8355014399496,65.18430049118052,81.49546523818957,85.83720229509107,86.61832675900516,86.41629240249699,72.70352747029813,78.8814193012336,83.14579892636003,82.66918230420232,86.92259591906685,89.24332023151565,90.00028168424389,87.5366393660989,85.45482824695318,81.82670288543827,76.11219011959302,69.04653628869247
2024-01-17,78.90854719095069,72.93429092562448,66.84059307884847,66.28258941791492,64.67700910264337,68.64689566779732,72.3258343765112,79.30130221476607,86.7681330052873,89.20203804383459,89.11224157364775,89.67098133535252,84.44301065709394,86.66138507303744,88.07512351166079,89.26463679856732,90.87764151433211,92.56259771739306,91.88020209141224,88.4455068608936,87.29349636007012,87.42796579864125,80.42899470965968,72.29628573864277
2024-01-18,75.66271614650503,69.21585206027444,62.998756008333444,56.98115707560883,54.25980942924185,57.48587963149077,55.98730495419405,64.25031755624745,77.82811831691392,79.84838035167441,77.94129997423457,79.98503759665341,74.12145398273792,76.73357180772727,77.1959341962895,80.6440666861608,81.6907851909428,85.31193204386327,85.08975749111976,79.3113607490572,73.95174093086109,74.8386321388659,64.46679908749162,53.25988482767229
2024-01-19,35.56951493033236,31.15931666781653,29.501647417534585,31.602023287339353,34.5709085296643,35.6140673951426,40.77433776409125,51.827114258588516,76.8967786650182,82.92759853566582,79.70582398950233,80.42465352959493,71.7418188907354,74.6665214021027,76.98430190776436,78.16713492918194,81.7358063565212,84.90785514525204,84.47764137572786,82.17340405949761,80.00726261402048,79.33150396026109,73.50991135405756,67.09213166016254
2024-01-20,61.7581876524155,56.86869934008121,45.03317556712322,44.28928576431062,46.649660076412076,49.03363857528217,49.805636113928735,64.15896317438451,73.62930606946811,82.48692850623316,81.60750135105961,77.17395559157389,68.0605858216119,65.60764181525678,73.30233633645791,74.8356818466184,76.98963228622725,84.34973438632493,83.54332635481916,75.48668171690221,77.04506758397564,78.21498492898345,67.82884533508971,59.60330020380207
2024-01-21,50.94237342189626,42.32775467794958,40.10400952166799,35.65719204074548,37.28369303072933,38.92284992135732,40.601068277440255,38.783486971773044,38.31335796870863,37.537518458459836,34.93107515236729,31.97351393749877,31.094070610277925,31.32585371850903,35.47127394272555,35.57002667076578,44.269846419570996,67.53294315804595,73.92245077661893,69.81657827495704,68.42284740237069,59.7926536623025,39.0064326739123,28.11575132386278
2024-01-22,32.99757723541764,33.44441346399757,32.058246753553654,30.491094293943508,30.41329888231032,31.611900615481424,38.67744782729573,39.50079914828145,73.23555600436451,75.12381786981707,80.2941069800098,77.93148681366213,69.75485328889219,71.95116937644096,71.2601177202799,73.24882841897984,75.89767306873799,81.59950290237737,80.61035013848793,75.23052094658928,72.77256532087334,69.61627226368454,64.81382518082876,59.19478355856523
2024-01-23,48.13485615766473,31.895789210001386,30.559255141457466,38.45368935460253,40.69721177355976,41.258362176616004,50.80769270706236,71.36559435487298,81.54006701413279,83.88094433207564,82.1566060222371,83.93704136216165,74.42548248802476,82.26957996886293,82.21710963812508,81.65339128173632,85.02577695460862,87.92793314489602,88.37110446446214,83.85844136767774,81.89921286886707,78.69983569145342,71.28495973686769,71.25099006241798
2024-01-24,71.54821351200108,66.4399528868493,60.838761809596924,54.38179294174958,58.996867708855,55.48152805942963,56.371945983757215,72.0172483227047,81.91541480192718,83.66140702115621,79.6267349187924,78.71251859253026,69.66135282401369,71.86506060770411,75.0465049559957,79.2618961732324,82.66519944570213,88.26128779403183,88.77847854098157,82.98967431807893,82.42505866001493,82.21589646779024,73.0360195191857,71.04218824701435
2024-01-25,77.84919693117236,75.69453650953629,72.65926573413395,71.74830298645472,71.50281740972603,73.9212172462518,75.10440373815399,80.34453401796392,87.70719529402376,87.19632749722956,83.10864581932779,85.50478749234357,81.08820508601227,81.67564800690532,81.62337694361244,81.6196700585889,85.54664119623729,91.55204728489245,90.82945254979097,86.38286950775748,83.91586835344857,82.94889631041008,78.02044547402136,74.2853905770696
2024-01-26,75.28059995059365,74.44859499410273,68.05404094045461,67.96191872646922,67.55180449755397,67.16312966207981,68.63652882906462,75.93743332169456,83.90882704181827,83.36770678162597,80.17061877767301,76.38549936588271,68.50766082621891,70.341721248469,71.59946674739498,75.83617940152203,81.07025922699825,88.0179513629131,87.86341678134303,82.90838090713592,81.52192063861362,80.9296406843961,73.10143229406948,68.41763609302954
2024-01-27,74.166882896193,74.05407450957074,71.32899292031372,70.01071728908683,69.30411065432,69.82553604770284,71.4009010228332,74.49160455531106,76.37791690669263,79.24095990110355,77.04243913395877,78.71278300896995,70.84537193527217,72.15274757395234,72.99779326205646,72.3079984817178,76.21335182759853,85.87197764002455,86.37818726363355,81.52154398202703,80.46896816681014,78.76476313519758,72.97219386284377,67.61563670983786
2024-01-28,69.60098917283071,65.34242602021011,42.42160372845596,44.744191313928866,47.964393994968994,48.830721208062904,52.21910146620253,44.996067257945555,45.99750145092735,60.15801352774299,63.4763945069098,62.34960320710593,50.84728254266805,47.888523379031234,52.177704739760614,58.7432461703762,66.92704879456295,80.57851231346045,84.65640357547524,79.86420083574723,79.39758368529584,76.73985750557635,64.94312443857548,57.091909808649255
2024-01-29,63.3064646051247,53.03083110647045,42.12928526361424,41.22830396644989,41.16209313089491,43.40706500365775,54.338320556523406,55.5919954519475,75.92890733869929,78.9577164981332,75.28274362124242,74.29444121390006,62.533313425775724,66.08671892028441,73.3729176266635,74.39368446037996,80.0109473028197,83.98881915577493,84.60228545742645,82.05539928570681,78.78763792206882,77.3762426653929,68.82783944859887,61.9247430082119
2024-01-30,46.15455215876039,46.941621076637645,37.13477297765655,32.73546473161889,39.41896163704805,38.982418092237445,46.74171282860663,56.27839235173359,76.43595104112309,78.57975338344632,79.32376671216682,76.62283833943083,66.65562699115443,69.3722475808284,73.69679759427336,75.50464569182994,77.1579382566562,85.08179990598789,84.3680811471667,76.940549557614,76.07170614515537,74.25862283590872,65.86421911967527,55.121150267352604
2024-01-31,55.93485186750355,44.205604936883276,38.87400603516175,42.0841951552061,42.935135561368405,43.322449716887206,53.078205476667826,60.59529681442202,76.44857880749774,79.63849368725188,75.6753624444696,76.36264323166034,64.76356274552215,68.45720399232832,72.73283950280607,76.15690793829451,78.12435766580926,85.92991116707995,85.43703350026661,77.22333968687099,74.208354475679,77.18339126047658,72.68313919719303,65.67666956949144
2024-02-01,65.84471021548231,62.259510634813076,60.7949771935292,60.29111077988653,50.766271127890136,57.9599544332121,61.84187578724198,69.75051097670472,78.76559952249866,81.06601972666081,76.23460501946714,76.3093943069879,69.01464679294773,71.8262129911202,74.27391324956646,79.17079734311194,83.7879204100257,89.33532762323765,88.71421645832947,83.40883576596185,80.79484866389521,80.00311682232882,77.05182316790618,71.8931288859953
2024-02-02,80.46124103804708,78.47824167730396,77.74884430927239,73.58124619943763,73.19976292949481,73.03360191244906,76.74368891358087,78.20894632009451,84.38080216925687,87.87554259070178,82.30010547924945,82.12418958625369,69.99032500010642,72.07816191255623,76.4572545850863,76.53209818508886,85.14124641105866,88.42111445582042,87.58650828281957,82.70898733832253,80.69371473229475,78.95338560189451,75.2705748274242,69.50554921000969
2024-02-03,70.19298700786003,66.7459335393395,61.4131888284376,53.68671035387095,50.38416940222774,59.307167312762886,59.25371277568995,63.82261952951529,75.18872938258342,78.71667654765776,74.67195006338893,75.36579266523606,65.99376704469844,65.84693700529677,69.63002137020108,69.9469223804416,74.02116452552599,87.74550012518843,88.02993807851094,83.0001361700527,82.60534257735976,80.97430420317497,76.63289668071839,69.63572961652316
2024-02-04,77.62421760613033,72.17200215278292,67.55179712098625,66.47953982835524,67.22065287192412,68.33858335561636,68.86458050100545,68.26021274533524,66.36560484184896,67.1458908833681,63.64646055250043,63.32982624329503,53.516977075328505,55.95251445411907,58.31759762795578,62.98939213144791,64.97058724370204,78.49387684011525,86.63758475740256,82.06226889391472,79.1130101244408,77.95411057120192,72.6190508034892,71.03473230256391
2024-02-05,73.90008756896066,71.13254117826754,64.47129158223261,64.08866627548795,63.28606682133617,67.11806134235047,66.70350141583414,70.4416167123794,79.19780469955185,81.45676721013999,80.14933073237961,76.08010559970579,68.01974312333165,69.73052031705683,76.13909009009784,73.64597489470013,78.19352256668805,85.69329873090398,84.37537867074978,80.96866855012009,81.4225704453298,79.22947656081153,74.27801034657631,67.64243032306672
2024-02-06,74.42132107616482,68.6548559910908,67.40542559714892,66.15981653216407,66.97644953963906,67.6274816779846,70.99795431611278,74.19686277205552,80.12259683662415,87.31110111032154,79.69348341754186,78.4725778552343,71.24960398207052,72.79584041202683,74.71430642422587,78.4069098538147,82.37236464663154,86.19325804800532,86.40157301482297,80.60733202596307,78.30014388334763,77.87341812290737,73.59368044045772,71.38809721937022
2024-02-07,73.72304427269253,64.10295935144404,59.83785375565282,59.59281840180588,59.21706154008251,58.741441296496674,62.81249031124541,69.48576597931525,83.46656934272697,83.25298695754452,76.23062155298585,72.5065299827641,57.9135927677745,58.642054926328804,63.774319114315574,65.82682335058223,72.94999874506959,86.29722459724404,87.99673632442207,77.91539465035241,75.259818997521,74.76000928432482,70.3195721388901,65.21841851912622
2024-02-08,70.37618826878733,66.80511744635412,67.42237651483157,66.0643071104628,65.77551911996443,71.167036960435,71.56548149512521,75.78872843761444,82.31353533762837,84.22868345957345,74.11549800883937,74.90785434486608,55.92225598804062,55.54914196545263,57.504853000179,59.15784385634356,69.9377602850484,86.54139524896068,86.86560054621614,80.23755892915779,79.77214609822612,78.87050190435205,73.62025481735292,69.1934747387561
2024-02-09,63.49712725953155,63.239964021626335,60.50134952900588,59.746927750513294,48.48951190499525,51.3227591978448,64.8459828082847,67.67117601244273,76.49219237535024,78.82396908878206,76.58185142092451,75.98066747877637,63.562195137408274,55.11760455874484,55.37102866823363,62.704698514314636,71.81612378634294,81.89848958156436,80.97003346139071,74.05712904217499,72.55743657615567,71.63212648847542,63.75353878643794,59.85263085259957
2024-02-10,73.36257917226233,68.17826546043153,59.4131452909616,55.2243661321389,52.135461195887785,48.5806199388868,55.76778039467768,57.77663933740059,73.33867565075532,79.5969582671384,71.62491922770145,66.64012140071789,54.178461736245424,53.167356827181756,54.83478368821407,59.0024636007543,65.5856785090435,76.08396214446596,76.21586740184999,73.29922198538301,73.85235512031777,68.21871669804318,49.7519556563165,43.59780039457775
2024-02-11,36.94021905151763,35.08269502282273,33.12476350254677,31.028753266188716,26.903523884307347,26.37063439583096,30.5465997139694,31.191920377147518,31.91144234163265,34.02259209609377,31.073422330868944,35.26512832067112,29.935046695139842,27.289824132797946,27.557221466830065,30.44929937950762,40.472991163752106,51.80403761734433,59.52278915331921,64.70181825276767,52.41845046269891,52.333409397975174,35.59700850033253,31.57485532299173
2024-02-12,34.22286798509042,27.575851666583983,24.177598919393443,23.410941178414003,25.076287456386783,27.204554385638883,30.904003676600034,40.201798937173436,64.45023170051509,73.83900328307762,70.01003572741857,66.12463434502399,54.02071309790957,55.00615137366535,60.68988541229065,60.65495286361059,66.3480690508399,73.76682816460169,76.75913257375052,74.11702831417851,72.6037857613412,71.53259200843146,68.65922433632797,67.18549346432297
2024-02-13,66.21385284690287,36.35343666729609,40.04529976859758,37.12334614910721,35.6097303915006,41.27950549212745,63.691859710722966,70.73142597541629,83.64522337699394,87.70739844680492,75.57265840487358,72.48454691018742,55.701632991408495,59.489877297482145,63.57821235366613,66.46120451998472,71.9700534616818,83.39423268558502,83.0993760521784,77.72916335482984,75.11451553009212,73.74058410461562,68.38020325177986,68.02296111701114
2024-02-14,75.33199955908299,74.18123499513477,69.53691885644352,68.27914276169783,65.38395163340529,69.19582348998925,69.17932070071686,73.18963832655477,81.51105089648732,82.41823498924592,70.57348123137456,67.22097954814441,52.3735308325193,53.895660410714015,54.31309582725954,62.71193257472903,64.79746299750408,73.00277424753574,76.25969121455145,72.76893372846118,71.94473645651759,67.09068875568873,61.41046895264461,53.07917500637413
2024-02-15,53.5438414724397,46.55033576783921,39.74085154484939,37.906917405752566,43.64974402703266,42.79863755751733,49.38249946558301,62.985356436606665,71.66263786145443,80.84428691587583,73.7487645678215,73.79244094608116,70.00901642965748,69.15053574018253,71.42200647716595,71.81001710476374,75.03796109093322,74.13744542762043,75.14898404024993,74.71082764516335,74.25857155323418,74.23118222094115,67.69718708617039,58.134447899418944
2024-02-16,59.58483752994398,58.48214383358937,51.53535351017637,48.73544687247152,49.16547500889593,56.80788326645462,62.94583681854053,72.2156019046227,79.23089440857147,80.67868896795409,75.34084052251613,70.547373085384,63.10137186698541,61.56842576361978,65.19507118125851,68.57206475306326,70.99985665232532,76.35354039543199,78.32151813397412,77.8751116815647,75.3470136214365,76.73071034679367,71.95097738611494,69.08487441638138
2024-02-17,53.61086244756455,49.70999495816589,37.62512319722469,36.40328113382199,36.39451105640768,43.11082466928492,50.42800446038125,57.376275167830684,61.37682801297265,59.191498793278924,55.52193286765234,52.08594942022509,41.352720232598465,40.88751868640451,45.424236945270366,51.02654418095087,51.80986067865142,68.24267403588134,73.9254630664448,74.62183446143177,70.7106947975822,69.07904090913317,61.55354300647282,51.296408666459754
2024-02-18,37.18686899815608,37.58112867288241,38.70853023304143,40.886420883709135,38.06394954509459,38.309517237885444,39.24874855807725,41.61513688943437,34.276818669149414,30.49991518029645,30.71016685507366,35.13879052498898,37.96897227376528,37.30501225672544,26.865048405575855,27.24352955678705,32.81756557160127,63.244674930388896,71.92839337295484,76.06231932244248,73.70557993041082,71.18644425646183,54.51264281472134,50.63810183836702
2024-02-19,55.002148449334996,50.80961651031196,45.20648300491896,45.378698439845245,44.61087899209827,43.422195892537225,44.85821178544921,59.696183602483714,71.58787078843568,81.14628307246788,73.85302509955535,69.37151770786043,61.523054484745934,64.43118787298769,63.54255801815331,64.10599298532073,70.7813073067102,77.59945031922382,79.50787290758079,80.81615388452094,78.30224468952973,75.98592955120255,66.34137353255096,59.723344711048966
2024-02-20,61.351782881216295,61.30834343462937,57.55729047182963,45.11226652532896,61.60350285099211,65.20224232085884,70.55996949129951,73.65774289172843,79.6022378914066,81.26050741671827,74.59305410429971,73.34650270667396,66.88233101032601,67.62867527268367,68.01202813014287,70.46854044225239,71.28692331802561,80.082360302402,83.70136270204641,83.39414488067602,78.49498333563801,78.53698079698063,71.34440298412954,66.61759211827098
2024-02-21,72.69196163607994,71.97823057064713,70.1609660234846,68.69901587011864,67.13640622456059,69.46542086513914,71.8314287036351,74.32181899041875,83.34501307961251,88.27970006572882,78.50534520890699,76.97576829247792,68.08795783713198,68.99371632205322,69.17174618008123,72.65280729561857,72.38184007112504,80.17671483508373,82.5868133125818,80.97029601925037,78.76957366551758,76.57111125993084,72.53482954630284,70.01083098231625
2024-02-22,71.23647508233034,70.18402610579523,68.1001799598774,65.25284714366144,65.06348476014331,65.2578989633674,67.11477384205173,70.18105330698411,84.00420216121579,78.12868248428441,65.88498364999714,65.25555444604485,59.11216074912738,59.23628231224149,60.16642702258931,64.42594014499772,66.50416634035308,78.96409887605826,85.19776237947059,79.23062938287732,75.54679071260811,67.60835005210181,61.98931917951931,59.03049722262605
2024-02-23,68.99025567879237,67.15323089450831,61.92304933157666,57.1341442630005,54.269376863624174,57.42868233088137,60.50409063758628,66.65642105585606,75.01430688544892,77.76892275135208,74.95970530424545,75.60966301980443,57.90862651502318,55.53590181916369,50.91949653312206,56.54207951921092,66.411854679314,73.34626335131581,79.37239456655709,82.09758661549002,78.29771427972774,77.45912585111121,71.53258411223361,65.5069607561594
2024-02-24,64.08728525394514,64.95287331921043,56.08860492371179,52.61827102730668,47.2593059376918,52.05849176036595,56.30592643108721,66.4210412425037,72.48145130105229,68.35518115039955,51.75781619158456,48.877040603401795,29.32477564296043,30.992557763560228,32.96367012349312,38.339381534028156,44.901848282346315,67.52081754100443,77.47247040202947,84.09640079059552,78.49179510923125,74.36054967047825,71.07891260448841,66.75915004033354
2024-02-25,73.73055112862362,69.97263739584758,66.06064822104685,47.43239521560426,46.657645387008124,43.17187383260612,45.27102644574903,46.691881918481045,43.865353897130234,40.84005502760772,36.01210744311662,33.38072633502046,27.626018239222947,27.780459058310534,29.248763809153612,30.345873538215255,36.42984041755584,58.37176870920772,75.9167045915227,81.94182189422486,76.38403265100146,74.75879914897375,70.65207214292123,68.06537077946204
2024-02-26,68.67235623228703,65.37224824778687,60.73562628116092,53.55278203654629,44.67924712071406,44.11551747754741,56.870954243775685,72.0252534659481,76.62131966642565,77.11272908015115,65.50031217356168,66.07192448518559,56.26200270512566,57.15793786631771,57.295688074590124,62.67308984328497,70.10841309233415,75.9063739758178,83.65363136200122,85.87033413385616,82.4117768532718,76.34056155329597,73.38338592985089,70.97596594409355
2024-02-27,70.07513748279459,68.8824144522294,64.69622192393273,65.46405081435906,64.76062809094698,66.63805204265435,68.4967744681465,73.13914135417703,84.68059498689703,81.23100375905953,70.03367726491055,73.08333239524536,61.67324148446276,63.01375109401893,61.80329096298796,64.46290371392925,69.14827691547924,79.37116999956982,82.11290152415972,83.88950717042803,82.38797559995557,76.66744445324062,73.23155608049704,69.59806556300916
2024-02-28,74.11796954034457,69.41611310901914,64.76279078189255,63.92085600886625,60.8278900055821,64.69514959027319,71.46469165964372,76.04194647878204,88.85615430184322,83.66681385179878,68.59129391294601,66.66147450497071,56.62749139339937,56.39743930373966,58.87948645187678,61.502053440858745,61.842017402577454,77.18647016723676,84.89260365296114,84.37464177737954,80.15537708626313,75.3684079232815,74.95308097526701,68.11955611608009
2024-02-29,67.8114414630173,66.65080598049084,59.62883134639052,58.3551060389038,56.71944622576587,58.92661541483459,66.66341527596042,75.04133378316286,87.17623018276545,80.61175559356612,68.9936313035971,65.48934727942218,40.42772441334665,50.871204190080284,54.819065644878165,62.33495848159388,69.28297812637325,75.9507195540976,85.57963301953698,84.10738174839187,83.17803156786164,75.81729480364132,72.53231362131751,66.54840260089802
2024-03-01,75.39973871460029,73.9670968276664,67.21599536049254,67.0802008164409,63.57133146520106,68.52409391718996,74.58918341732785,77.80338166469372,87.14611353665745,84.50160810550533,51.71442657536749,38.78918268570289,30.044224885661173,23.916012933727597,26.197019700472783,27.308846335310694,50.66165557941695,73.53998491800989,84.58717901552694,83.93205633557784,81.77816227376057,77.43363414496794,74.4272000104939,71.16839713780881
2024-03-02,73.50627592228841,72.9676247963726,66.70939070858971,65.7109020044165,66.34330844694577,65.87852808269749,68.10862438303529,69.49261977610263,77.4962532425402,57.10687640638136,45.48818895676339,44.692788183851725,31.172288497497156,31.647460103625434,33.91923401790395,44.75490178504928,56.26756127017761,71.09574521094467,80.33458295954703,84.60503933884704,84.08871471861984,78.3864338406104,73.44868096802287,69.30104238345923
2024-03-03,68.50981386088858,64.5001712832694,62.749664109653914,62.81470834597872,51.900821530182434,51.55418387332449,61.25919183159257,61.98981171760095,43.504635744268484,39.83462781375146,33.49939143459622,35.387152237697755,34.732120829664915,36.539087527058214,35.168066455964336,39.08722985195858,44.95351038709582,62.65247758556863,74.52667734469567,81.43399740447417,78.5858668413132,73.15231102276755,68.13713829477324,63.61134447253036
2024-03-04,72.33082145419677,68.04933116686686,69.60490295929316,66.84015595161235,66.7902183178566,67.99200620116302,69.72157841015773,70.01639819840855,78.23526296215809,76.67718307916105,67.53769994061129,61.25428234438365,53.42528622249575,52.02162547026772,54.684366692536635,60.67276755592519,66.7587068682707,71.99444047540665,75.03277822574617,81.73345331727973,80.16234745885097,73.87492927634689,71.8157782252374,69.02201470239869
2024-03-05,72.86328953575972,70.71285157500992,68.63202109154788,65.83126067019882,64.26905465343877,66.80512436600165,71.2000409180459,74.23126194535435,84.17635493628961,76.56888170585887,61.49863606017364,60.60383937143009,49.32290506014762,45.102236761726346,49.01819324984839,50.182648206487585,61.99995449696029,76.16253234289461,81.96474851056213,87.7867668288732,87.02251492856016,80.24483013200727,73.78039170342558,72.48817873101609
2024-03-06,74.75441177912349,72.86286451229499,71.88472757386505,70.66248118865178,67.25548102817052,70.23750336833115,75.82456482041043,76.56648311249641,84.25929680636884,79.17980141515731,68.70278677567073,67.3848163033808,61.392380329834516,64.22414407735738,65.93470464836471,73.66085950957762,72.64594820130847,80.08267490529045,81.66922983341256,84.99242775433129,83.00719388324904,77.43951982233068,74.26319275326235,71.84799507361866
2024-03-07,75.9211320091211,74.4848038991201,73.59987150928764,72.46837344842159,68.91567434725593,70.59031388768601,78.21427401977762,77.52061790412783,85.40533422197137,85.56719460715959,79.77702546234374,77.94840591075888,71.28877144010062,72.07396093233756,74.23345528695737,75.60987161188574,74.31454676134838,76.86232377956695,82.00841134512365,84.48396458022276,83.51250517680205,80.93724658966016,78.5598773377572,74.8859812872463
2024-03-08,73.40391222385587,72.26087540966799,72.46531894522303,70.01681850199154,67.65572044369395,69.17296224184352,74.43154817758517,73.95048318035272,81.90344302260225,81.70594518167003,75.42553865050732,76.13069873008465,63.5415982568518,62.452731883286056,70.11676874765524,72.14395900775448,69.63545649973187,77.70648215653527,79.6002137893725,81.47652565321728,80.29258480150393,79.46478416782482,72.96660799343498,72.86227334058638
2024-03-09,73.73756111106675,72.20290012489333,68.68183942309138,69.37820312185438,70.65757937889633,71.09416990307045,75.36006271232712,75.4329747820517,76.78605811421549,78.26355411531266,71.77990110134283,72.65379615883249,53.43840724974838,51.733720943294124,65.66438201714905,68.4086721131033,68.08251965742184,77.8959388388971,79.20566600339194,84.22096685621638,82.79580304593377,79.17950682304718,74.36080536453882,71.63529973201548
2024-03-10,72.3887925566428,69.81642669044358,70.9848453352427,71.64229454336504,70.52395655612597,73.40975900646018,75.11104409055874,69.77418705767006,65.98191019368991,61.33774765569495,54.439852040144196,48.026915021360814,43.510995854146486,43.90430877933553,43.303939032848334,46.194383201783864,51.04714306027153,67.5462757216461,75.02478850364514,82.64078972390796,82.11451379698458,78.25275253033824,71.41225494456417,69.99865531603605
2024-03-11,71.67567845783755,71.00333107985759,71.92955079721716,69.92065142144556,69.62969472648854,69.92980293636778,73.10803676919085,72.51452518165108,80.94141700689364,79.5020675378582,70.54302215764054,67.82497580736721,59.27044309049667,55.25579741848363,52.51517195527945,56.469016150465755,66.37584582730985,79.82370015521288,81.66820107049797,82.95094912339584,83.18282479786896,79.41407572566106,70.01585550924183,61.93764892263922
2024-03-12,64.08981485467889,61.267854881017975,63.255559527312904,58.928322427438914,57.3154248596103,57.77709472154257,67.95822655416667,64.95068742624181,77.4011700070274,73.94001246864948,56.7631668132605,56.986372036082194,42.02000511775105,43.59939956491922,46.79018748282872,52.54641070921197,47.93036088439662,68.20501171070218,71.95548495085124,79.0127361072112,77.31990922443087,77.06904110534138,66.60460890107153,63.11137697077142
2024-03-13,67.53335947515433,64.02374530573113,66.10683931121017,67.15187185473589,67.46160038058746,69.20619708342883,72.85449201408927,69.45029981319634,84.22337873036564,75.8650668512048,67.99284260337122,64.61153577814142,51.055030477136754,50.82758729662011,53.877323338043254,63.4635851845684,70.40770264827299,77.98680469892766,83.72070384732069,85.1993510687469,84.9244868001083,79.91504527868992,76.37541085609189,71.48031807583017
2024-03-14,77.76244629000671,75.39118280562897,74.14553816437498,72.99957623730579,72.61599713161701,72.97600399167158,76.80377502965065,77.41414890530477,86.40034292176031,82.46060049811425,75.84189112969004,73.71526163619797,62.11426946234639,64.59701117825571,69.79747794621376,73.52243009351265,77.5393256259213,80.86993186608252,82.97539067950275,81.34626364038148,81.89707990624191,81.03401550717663,76.87915153801958,75.2729643939756
2024-03-15,77.42460331475691,74.68762636522113,74.88179445680164,72.93125346842592,73.55985244302616,73.84511598685901,76.44130499339119,78.5199717144903,85.54440050747688,85.20103939392008,76.36331134632326,72.81513930308176,69.9315825478135,65.15173478676165,72.32095638720502,75.60804561689119,80.41108008148329,81.744953029442,79.5651883695047,83.09460338914688,83.8243870034612,81.85508059813321,80.72645560354391,76.34256349500082
2024-03-16,74.19385251312168,74.10887899083941,73.64378946022075,74.48216302553448,73.86695024652927,74.91622287658475,77.66679226965041,74.72855285536954,79.57556256995247,80.66751975909256,76.45104754967498,73.59861914530096,64.36298563594653,65.01856110030342,66.54549492056675,70.8608021529838,70.62817162054405,75.47446728441372,81.86362501744705,82.08921927006757,82.41087047975947,81.5362499913583,76.09055895533083,73.43847275613771
2024-03-17,72.09186069275748,69.25616935837533,67.45637647318942,68.61191802499273,71.35179539330605,71.18074243192457,74.2100036577796,73.05915824413961,70.97041596507776,63.177950514088906,45.80440616649729,41.171519909037464,29.876432259522172,31.710798527822554,35.56540970687809,35.27368679180082,49.98515865253589,67.51344121891029,77.0081220022951,82.04138765498611,81.71522449910702,79.53413507443429,71.34379551439386,70.20263087253973
2024-03-18,72.74173767525504,69.42954861946407,65.18916929292928,67.6973340051479,70.18414321992108,74.62340611590345,74.56448666756984,72.09275756915233,77.58871176763759,77.3710734751762,69.26774459087825,69.11507387242403,59.353193639692016,57.63729091265277,63.90180806275673,67.87432266478449,71.49426112159352,80.44031907294638,86.24058904680928,85.11237429540768,85.72001614954706,82.5878296746646,74.53953038304978,74.33728760772988
2024-03-19,74.1240246763592,72.64402447007782,73.13786864633009,74.62336682307661,76.3278542838824,76.69259846334393,77.89251907191809,74.72670347464779,81.59852459967777,74.57799607096557,70.64417368898727,58.933611338339695,54.980457967113026,55.330033294329944,58.29614183044387,63.82912396667218,67.83438769455769,77.07744952975729,80.859428000838,81.63445622500184,82.6131856980796,78.87016345432721,71.08623084412044,66.226926575896
2024-03-20,67.47376095800198,66.17394047987561,66.41779804097308,66.01726098077565,67.50011769206138,69.16082009963554,67.53246271864064,65.25910137770565,74.86397023348817,72.2059794427509,62.19539304183503,59.80262595836954,49.873951944304714,57.08911157968605,60.914640021451646,67.39786172573002,74.44314284915497,81.1283290925565,83.15883488935589,82.96616009173468,83.3436659887753,81.12267230146787,71.7077613628644,69.07050643867593
2024-03-21,68.69091360739353,69.05972104809354,68.67243033837013,69.4963816862582,75.00506461946814,77.63155850228057,80.33791010587228,78.35497308096619,81.49217038527377,82.02202372590432,76.19296494774893,75.10472857095517,65.88549970122801,68.47657237134071,70.87938641327004,75.73926850094635,76.70704189593339,82.07999676900953,83.90854813199667,82.62557599032894,84.44889428993936,81.15970160040423,79.31318492189548,76.05724999565531
2024-03-22,73.82226008353297,72.8720912941804,70.77641475276609,70.61205022605917,75.18572348910885,75.27330709936092,74.50411276375108,72.20175436780255,81.28741787860227,78.94484694078277,75.99478008626369,73.6463281602331,61.27937372190931,63.35377775326759,74.83251500955275,75.30843832299526,74.59860035269267,79.23024421518704,82.42824906506101,79.10326483454291,82.69830689938097,80.27161313138521,73.35078366009807,73.10637756364267
2024-03-23,75.88195745794216,73.3752944920736,70.95810891617744,71.82236361778406,74.32470807725458,75.13952043249162,73.72474903257113,71.41798199510549,75.16484058007389,74.1570370044652,63.92547246354719,65.41162158420266,56.70028086717679,55.94242882383133,62.83884648307672,63.88380258204459,65.20185449419307,77.42135106976669,83.01176990925892,82.42762851044084,83.15633860506625,83.05896499484133,73.23294235404067,72.97152432927736
2024-03-24,73.6095282726708,71.19081491408232,71.8568327270649,72.87712379601057,73.2444237061604,67.23058036784134,70.01823124612962,58.309609498915954,57.21668416786997,39.54807867329491,40.288324280247124,33.48135267567957,25.71308162538979,25.98171025514861,25.430336767020105,30.54214904554607,41.690656821795066,60.29627979524635,69.47434296009199,78.23974245492452,78.67825852866795,69.50492370970181,42.91130916513332,44.52288162050018
2024-03-25,64.84521873662995,58.37069094126755,51.01908257938764,54.645703324133336,57.13903805091265,55.19082848271669,49.85552791952279,48.24691827540647,69.94104335040214,48.70219655007525,50.7666847515161,47.54506206127336,37.42993563399268,51.21190423202327,54.01701261822292,65.7501687070859,72.47476403970391,80.41350055607472,83.13198653294813,86.22220882590395,86.19560168053279,83.35420666710614,75.37494899567866,75.55912451676134
2024-03-26,77.95861886633705,76.63172977060374,74.30350019195056,74.78267430816264,76.43722308583487,76.58025013471773,75.47647153465081,73.17476557200011,77.30270340324472,74.56227046363205,68.21416217712613,70.31850897534457,64.40041820861244,64.44475631401009,65.26966268049289,68.0354404954631,65.27904838693803,81.72812829252338,85.32431894530453,85.5946872491017,85.81594320481597,82.42044196890488,78.03336755358067,75.5742146662634
2024-03-27,76.65554747052198,72.24735444010555,70.14961345381334,68.51579611904442,67.44594383724933,66.98733671073674,68.11573099479122,67.19479096934246,81.3326530789458,76.45381160593014,63.82786239997869,56.13276546818878,43.24005222564123,44.51986765107193,54.73448574276628,62.17860498726369,58.94993179024411,76.34515493950124,84.22264218917084,80.52359636885494,83.61190747538475,81.39608719745063,68.9394441155968,63.86931967210399
2024-03-28,65.22295899595859,59.17505726209599,56.77275615622958,56.54248139614956,53.6404748399646,49.523427489221646,44.69875882296361,56.7873604222362,69.7102694766414,73.83592410450667,58.03631406887681,68.20513196276198,50.668439395034774,60.662634977672674,62.025583584270116,67.52721948486501,66.78836592244929,78.33322050156652,83.71432512373224,82.81101329192116,84.17817583698441,80.65167522361422,69.93028100069665,69.04539721997604
2024-03-29,70.75712819081525,67.690445462328,64.44998745851807,69.00182531484867,69.63708585982066,68.37892635894671,69.63995826688819,66.06928430695051,71.5400673740201,67.05272885708364,58.41746034951047,56.24865201358112,46.43406942565527,44.88914383212743,53.05002398885599,60.23215368928339,65.68731275419348,79.10133996494979,79.87352459041603,78.2593133486478,81.52221811438876,79.24978084619022,68.05131109660337,66.71076261276298
2024-03-30,70.41474479710453,71.84009403878693,69.73209521206003,71.55603174878071,73.28550216193567,73.8744089946342,72.58525810891383,66.10801879759144,68.65733692561871,56.92292728576386,54.90834273332851,51.20841020462056,44.72433522535063,44.94694890488352,48.25303543832432,50.80852873366602,56.69184310072958,73.41661694112648,77.92608380440389,75.40643878271617,82.4121140119713,76.13445847771139,63.904847041694815,62.14449384515394
2024-03-31,71.68978018048219,72.13371510041243,61.630002069462606,59.37590232486972,68.01127236389598,62.8197286839378,62.25774693669677,40.96729513987471,28.03424868077002,32.561275243309225,29.486269443578394,17.146196478273655,14.033944648880933,14.18027032745872,18.129094578962842,28.76215773283645,27.128092237055736,63.75571958975877,76.90908336449212,79.47543274136223,81.75880440548096,76.68658634683109,68.98531344610898,66.02636969601755
2024-04-01,73.05071699686727,67.23524194671549,60.35333950291919,62.66238760984018,62.44151300592654,61.80072932456265,65.93961286001138,50.233188692973584,72.27676488771338,59.25956717899753,45.49580531955033,44.28720388397546,39.55141950468132,47.93814038354514,56.91040940010754,59.960064755124876,65.44407088745271,73.10795568371068,78.43887492872682,81.48431443209356,81.86764383622496,80.83350861984022,72.78439834340386,69.9140769392121
2024-04-02,73.0803692000571,70.72211014262898,67.86413919387063,65.87439814740712,70.11774444441652,67.06237519795418,67.39139872868847,66.73866933123709,73.04000596701783,68.54294817213628,52.18648132483186,56.52944492271203,45.135098509561956,39.998630213641036,37.86568275471295,46.88046882947128,47.22230360568399,70.14246531686997,75.82031396103136,75.93897024421977,76.58113467957907,74.42299807990628,62.880425951411624,56.62631078378538
2024-04-03,61.364573997345104,52.434702905204986,57.533981789796016,65.45424302499934,65.82515383164234,70.11465570471267,56.369032905950384,53.24583226109199,57.54846694791161,52.37940316061866,34.14456411677263,32.446844856083196,31.493220999109155,33.664869068023634,46.511613683861015,48.65685713801799,62.848623993064116,76.82944677622872,80.23777036028969,82.26882111795432,83.33144082291156,77.84953749264712,68.76916311943542,68.4867232965995
2024-04-04,73.11700470464207,71.64407863555095,68.0769179986554,67.04886386854344,69.15951020199181,73.63229797882433,72.16108735057028,68.39032225156727,70.2285762799442,55.159552213857886,49.12998049571483,48.10672432030442,40.663371656681576,43.19391500965531,51.31427774692519,55.02579696225529,58.15908860172934,68.94233942857056,78.05896297851191,77.89063582712905,82.33679126392485,77.73020546771639,72.14711721901269,70.50587360401663
2024-04-05,74.28612917820999,73.25112434149322,68.50998561448046,67.51303151456891,69.32256462419986,71.9432936221269,68.91581236185789,60.713364669351364,72.50539029364946,56.31294855535883,48.033886409446005,45.59189428372079,30.206279991970042,33.44431308250149,38.07577225959873,37.01542115438241,47.3180226531552,66.86120801315185,78.04276495717566,76.17826711895296,82.33366653104599,76.83082501107779,63.13095834435201,63.39237199314403
2024-04-06,72.28893721915203,69.08359764648856,59.82709045693547,58.035769458388245,57.899795716347235,58.885594189060946,60.99604655268828,52.760248680608285,59.521777419742264,38.27054319592128,26.08055956342678,21.87970525974974,17.023167188622235,18.498275710869258,22.38610533439432,25.625615851799434,44.90839208013256,69.9037260622858,75.73697836592859,78.29577613090372,80.18690745287591,76.50275202231987,70.06049305498509,68.74212812858217
2024-04-07,71.23296895887174,66.96402082014694,64.03413608201555,63.03375090706518,62.88494432478749,65.37020988254913,59.055743487589176,41.402252428699896,26.508136795381226,25.985199108030727,25.915715882304767,20.090426721176275,19.416931088710122,20.508903977849997,19.38471649469863,19.07169726375991,28.977189493671656,47.611207450561366,53.07530393298935,54.65270921964422,56.76701325269181,60.413513851930766,50.11792627338429,40.24664400832862
2024-04-08,47.92862473545162,41.395252928280755,39.48916159147138,40.389699724524284,37.51556143773481,47.2428660632755,48.448765424205696,34.18594498140676,39.59120290462233,38.496501677241426,37.34315698685145,35.22890608397284,19.96440523152114,25.789448449159938,33.04652775633974,36.24537519843871,45.45179820120312,64.24326370594052,64.90698542655981,70.41704019967287,68.68154033054424,72.40994246730524,54.974858639486285,57.706871100594604
2024-04-09,51.509724388449534,42.66243125284216,44.25419368181188,41.97107983830577,45.02692428880423,51.35362795778355,47.128845844001326,41.29193404344885,54.57884305077085,46.71463599747798,30.29256904043881,24.98585716545057,16.359100537393438,14.771505414992063,26.115266071037503,31.347175512291567,47.89148376395863,66.96384829138518,75.28850092748577,78.89608863839338,79.81531859168113,75.60594921189842,72.74826354819663,64.53546840270916
2024-04-10,63.21980264726788,63.784894252708,57.16799562110833,49.01792011059323,44.963870646707484,45.61646890689394,45.88455447307921,29.674854537792513,38.27665827089741,33.58412313106556,22.823714527909882,26.30966610984331,16.64588612496193,18.156528540713598,14.70374090137026,28.54096961540837,42.185208386358035,49.127964869257525,67.36213820655905,70.42761493046294,73.41267100134593,74.71943012584374,62.86713561880166,47.602775760077634
2024-04-11,45.95044253064599,38.6881342620178,38.220888957505196,39.01573624015926,32.21171639998353,37.867146604365054,32.59683385801169,28.84309418917458,33.06842729238762,25.957453279316127,23.997570590136835,21.891343860812587,18.737714400096277,19.372998592156815,22.354819252987912,21.55220271975122,29.778021888511834,42.24529438881912,53.99463101924161,56.986587079479484,59.94920969691774,54.772988688871166,37.60499961173225,39.73194181641186
2024-04-12,48.557772008374776,36.240260083926486,30.241175523750208,28.74279278111154,23.993509653357854,21.682228492560476,16.28430363335905,11.948060841927008,14.395036024184693,0.7127299690040311,-0.4547780006767806,-2.4165249049115025,-1.0584211370014407,-1.4510967638688712,-1.4151831454630035,-1.280716148953889,3.555471527955054,21.80092008566746,32.64308556927095,50.321062287909875,55.2704722761279,48.36363532912479,38.09217345287927,33.381377014865606
2024-04-13,18.792962614147942,8.631443086255892,1.6399302459807938,4.745954476553159,2.7168508320798175,4.020533761796123,11.274524750863918,6.990730925494647,2.9331299590666866,3.3505378536901427,4.400109794836368,3.1287573935244657,4.5135218292534525,3.6348536362671537,3.52025010855922,2.408277941654779,3.128346031745446,20.75582274921685,38.07466740150072,45.74526241782764,58.569606633959744,56.06962364787768,41.32566308903539,34.381778363684866
2024-04-14,43.656683416880014,28.58723143143421,19.309467912192574,19.428369281590825,29.204192660136282,34.4519025805529,33.33391911914397,20.698575993195693,11.495771741828593,0.8624817325203197,4.66405585304065,4.789571128091343,4.024636569766241,3.829381431830424,3.085065388342728,3.3363038138415693,4.395204292446094,15.390442746022318,36.726501254672854,57.27932506806955,55.70834824137874,53.842354748375115,32.87907716969576,33.714379564726336
2024-04-15,56.226974535047596,50.88526456568277,41.82070787315189,41.21350073809428,31.188985455156324,26.96161861539381,18.793505639979,16.61093390416151,24.67568762864285,23.919044451110224,17.675195998607165,21.31404288284659,21.531112685163215,22.599902035890317,24.58977073646733,25.85973146368947,36.0848691564554,65.84762528419972,77.71495541242628,82.4947499275478,83.05305527765485,79.89311774363773,72.4169934086789,70.86901637347933
2024-04-16,71.38763164091289,64.92738997294246,61.00730821374709,60.76298617494093,63.893521158928976,65.22635343694519,58.95739254465067,47.149316659018815,32.33741177618856,39.63844742665412,32.79207431197138,28.910433869454565,12.674809242895128,12.417822578995693,29.037008116977148,35.60955189866756,43.10026897587601,53.227507248419904,64.45988506846123,71.50752143841687,73.6773694498426,74.61548855203209,61.263378823054204,62.59130276831223
2024-04-17,63.10270607039406,54.34506989483314,45.11455050220772,42.01008070212944,37.48433717685515,44.15343333776646,33.152266765182766,30.513688690258036,41.64219831921848,40.0544311172763,21.72762822850479,20.439163690194203,12.482572336969046,14.614979563424026,27.146457583026802,28.687719363353086,41.38527133742389,65.63357393226106,75.24418570193676,75.9827158695814,80.34623118801463,78.47257092231848,70.20492503555634,61.352106681450984
2024-04-18,53.46057274460673,40.551098190290595,30.884989249225804,27.892541243718455,32.24887002440671,40.43172701419925,41.87075052218721,38.3654193224077,54.56416703301411,48.75309147062415,34.29920052915816,27.95322971553504,22.608778692018415,25.117138490857872,34.36185528384417,36.68393095330773,43.520343493953206,59.17114471450649,69.14327530654376,76.14791990252616,80.35446334022998,75.79884015024602,60.50216007476228,59.517834808952735
2024-04-19,65.43370334004071,54.026870174249595,61.56836573129074,54.475135670423875,53.24252080129784,54.54587813055959,57.40570590921438,50.54868859296082,58.97776910054408,54.66909033912483,42.65660772300894,41.70815999798217,36.1494097682028,40.51722501427226,48.45223779993159,47.66267432066636,57.35236440713628,73.57618011994109,78.22047107308703,82.94544149552229,83.03506989627378,81.75541650198163,71.15283774861338,70.75763794788884
2024-04-20,67.89096881022321,67.45111294611814,58.454567870963615,45.91011011494181,41.89114204123289,59.774765259823184,62.49962594865731,39.6516014885661,37.15873775141788,52.03798672952712,43.231819974552515,56.12643413818294,43.118015022374856,39.195097958612784,45.04341344892864,46.49023966565981,51.06793421013845,70.43084339911782,79.69215836821924,82.73211171184951,82.84420030929876,80.40211511507883,67.92305318158823,65.731596719306
2024-04-21,69.55538795064703,68.22412564816082,66.97132074852684,65.98288151382212,59.63226661851383,69.26151690635987,57.051785915355275,44.454330479752265,48.60394943159306,46.161091973421605,31.91261100152554,21.118759178131064,15.09129365237649,15.087759260945463,18.624725672717123,16.648111118772015,20.449481026516874,48.097011083335914,67.55914479413397,71.82561742294169,73.07565948186894,71.92275916101256,60.68473620123318,52.16811819062698
2024-04-22,44.6066143534789,38.13500693675079,30.613397943031245,29.18432393624157,52.60285725349218,54.30747554411218,47.46785032186773,29.56205909932559,31.490845336727176,42.71718048467978,44.76741025106499,45.00876365298681,27.88647511394813,37.121269717769124,49.96251298477237,52.269617095720754,58.821172644198235,76.12947474447938,76.37224476864738,81.63649450647571,84.42123703600124,83.24159092517012,74.92770335941539,72.63446931443254
2024-04-23,74.81796986534283,68.03262119176777,65.29652119806022,64.5763440857437,67.14026560200239,65.04144572226244,62.7940177765488,48.09289441863654,67.84854382331898,59.36653187977763,40.77573686910303,37.27605635752188,26.878327362758846,32.107788755016735,53.32297897487591,58.209399457851376,59.13216739392486,75.70404705578348,78.50872777235121,81.66377103183312,84.40204568667737,82.62336005381076,70.67253440952656,65.25149813263837
2024-04-24,59.796131454230625,56.5962272599499,47.53455848998677,45.590310654946585,45.50653001221109,50.02009634976271,45.64126009411733,29.667054026018175,36.085755784343775,57.74693697270732,37.830229884167885,37.91675178465037,29.116951296307462,32.10436419133371,30.169338181255984,34.142205133973434,48.40068431023259,70.98268225465424,77.9480332299153,82.44848701574031,82.98856061171779,81.85074022152503,69.47773166494355,68.62515945753354
2024-04-25,78.29093317130285,71.40635993559326,68.96253499586057,63.26829227087352,66.14213870433429,71.42348362286278,64.18186331189823,65.00349035388034,71.69663835228316,73.33001468098789,64.98997545478213,61.27970394673267,46.455560436266545,45.80402269376033,56.43623448452477,60.40169955467245,67.90626899328045,76.82406834616258,81.52656601666105,82.48813977634737,82.56339752757623,81.17280931483866,73.74821588275732,62.877294982921164
2024-04-26,77.41282599556982,73.96600245586978,70.7570076838953,68.7566770212816,70.7949304120353,69.22476362162874,70.81628760271373,70.59962215690021,79.43977072667784,80.40955719030804,73.19504408810731,71.07035171638681,61.76007700682857,62.329453248643226,71.58921887183004,76.53395140967966,77.71513344743619,81.97438011369272,82.44484635161695,82.97827556061671,82.53807358449271,82.69673008601656,78.68863754719344,79.12307775009742
2024-04-27,78.88746357225398,77.75400521291607,76.02859653386776,72.94523088799791,72.85228586079126,73.58689774499945,60.023313666938115,60.57025104393821,75.31022944672613,72.74065337896961,76.05449728041131,71.29981334954302,49.53333597564279,50.60094396162571,61.8997789448163,64.61049630895471,64.27186002032192,76.61870117806599,79.00564959196637,80.39468314864664,81.93496571508115,82.30890384586601,74.1818266857513,72.1598445982089
2024-04-28,67.64053063801458,68.75769771832023,55.3846627078026,44.811775126021786,56.29704288685497,56.734671913669246,40.61068328730498,45.01551361951495,47.91047611597822,24.949354429785473,16.77895770133941,17.03325811814274,11.22704779365686,14.321887167700405,20.455152116432423,20.74057768987073,23.42393960317344,45.137325778215704,74.35511316332587,76.18721665392901,77.43140559093132,78.84411297913832,59.8920086206238,48.79919611997936
2024-04-29,76.35669823534009,66.58273220022684,60.06529000426985,37.40817455976438,42.544747366001545,46.59273280144361,40.83780274801148,27.89269796178826,63.837453416036844,60.45177741519925,49.75664551630432,49.27006592543159,38.68689805812992,47.152968174927466,68.43361581835958,69.84955312171331,72.16909218805917,77.78483466478784,77.26176701033032,78.4487592061886,78.0569146195431,80.45637441696734,78.31457804331464,76.00632773929748
2024-04-30,77.74344811334538,77.9335357217142,71.53012559401157,49.03573192278986,51.63705805960533,63.11971124859162,57.890053059812814,46.605499922476305,65.94878694612788,69.03090183341529,57.5086060631822,54.610269149624266,35.61831459729476,38.50843055827053,55.92470274991977,63.99776761715523,68.16974207997234,78.95400897613419,75.77244809343124,83.2339639086008,83.99510746575065,83.30010049316486,74.97447619297019,67.84143216459873
2024-05-01,75.69027595831109,72.0951911371254,56.86098228781859,54.22528407294116,53.837643938511846,57.08824805955879,41.5908039373347,45.73057445119389,76.16645642613274,74.98265161594487,65.25451220889138,68.68808694704637,53.68196370045259,61.052712977952744,67.83196723191678,73.77022313663346,75.07638820353502,80.74515595407736,82.68096948328049,83.24400591262702,83.28581616257911,82.97694663152964,72.15753972737163,71.77912568332736
2024-05-02,75.4194747947891,76.29676770553196,73.16872173794488,67.60729555686983,63.79187865200144,64.22628644465678,50.31814001541498,61.23080568405061,78.05496463590245,74.86088464779014,70.4448144168494,66.29210607376535,50.94304027862092,60.279568329942954,66.17435408012247,69.72404160756176,74.60073948188158,81.93243235745375,82.0522703029295,83.84771697076785,83.99021401359987,83.91389184265259,75.16530718604339,74.92970769042087
2024-05-03,77.42770267514497,75.02429547591767,69.53460115201658,69.26937364670044,70.41504720720724,70.02541461752234,66.0689044797592,68.35420761662812,81.17027554384545,79.76078093910128,74.83296218995558,72.92878986240531,55.71765860869412,49.44656074031798,69.19729822979137,68.80931143133203,73.05507544844035,82.9143272151246,82.34074122801718,83.32317536980695,83.75843209337218,83.58808582836446,79.49195961934429,76.87805676944431
2024-05-04,77.41998320578975,75.008440898744,65.95771513693671,59.03603318835107,68.76688212928467,67.51748438295657,62.22990029541767,60.373771095524575,74.92294250914227,72.38940840089293,59.8745963451468,65.15843515866764,55.59829914954978,61.51160275698363,61.69219682899402,64.25754077996017,69.31524443422796,77.10879738710193,81.48127296818417,83.48321614522787,83.92937230385951,83.86677588963411,80.84535301948682,76.66120263209413
2024-05-05,77.5896972231257,69.78380864301447,56.18925151610729,57.68825977431098,54.248929340072785,51.48442133738853,49.98070821188413,31.190764754217422,20.5116520022159,14.483678289169655,15.590638932081479,16.065551413440254,8.079960000710727,10.853512352716445,16.369153382015483,16.01159376584947,23.89568300069383,63.883313714973916,77.97190217249181,80.3633795551822,83.18723600968785,80.55565697175261,70.34031620225188,68.82382354187992
2024-05-06,77.67328790864933,64.02390314094391,44.09739179893848,42.06791898981067,38.63649218159766,44.61865408635023,42.36583232684846,42.358429035196195,79.66362313701951,79.45031490915626,74.0786077579663,74.25667733766278,64.78234096429635,65.32228006121184,74.643405477961,78.05887209719752,75.36105036084184,81.79270491946286,80.66748999336987,84.13153076600327,84.0072024208305,84.17397771667834,75.93448108131416,71.24486793437651
2024-05-07,74.32757202332056,75.61437657347342,73.35463047075177,65.94262221115937,62.11286648917904,68.31893402408724,60.14566666389495,60.219168670217876,73.51420083282213,74.6916115481331,66.66332934340143,57.95105284919852,47.176407649295626,49.51494822633702,56.0526325934678,61.00587281174548,64.26606078458889,75.94363076827527,80.98836193741839,81.60917104221951,83.84862414317405,83.81799269478918,75.73103806743727,71.28221575736845
2024-05-08,77.7131642326933,73.12582495170393,65.05966787440909,60.71259000458173,59.57031461396008,60.83507411543137,56.02696877702904,53.707462220399705,67.95901381462316,65.61101988315296,55.68175945003803,53.44195895327319,39.84581560080809,47.6638300858904,56.32983561698401,58.04731787922117,63.221925485117836,75.84978520217237,83.01368056175076,83.89063887352641,83.72138004867337,83.69108605588454,74.61890268299109,70.72645076363581
2024-05-09,77.42011590794002,74.34293665444297,70.93057953950097,69.24696050168231,70.96296267316069,70.88981937850302,61.286075229005036,65.43422693652052,79.20968021849694,74.3674146215952,64.2228129082224,64.30839590080764,50.17947379424914,55.10890903064481,64.34894855772508,66.32682162157394,70.81357472489054,78.35204136682692,82.24078372356695,83.73842854335263,83.97982180674464,83.68197866892885,74.20158782350471,67.51778239647588
2024-05-10,70.48249851216686,61.817715170359065,57.643146040387784,53.34005766417414,52.84054347676106,50.49142504890333,41.07211779066337,37.963153419079006,69.23885567018719,72.12386553371455,69.41503025828179,61.43682440372474,42.40548375061399,47.10498408000388,56.207122418012176,58.86096525795535,63.8527083419656,76.38180627510812,80.1976415899809,82.44077534096924,81.27618452985028,79.85090565924895,67.29512234143861,60.16335383680064
2024-05-11,68.35490224815341,66.82616324003325,64.07186124561066,50.968805660510924,50.418647079836326,49.4769715313543,38.47535526446307,26.439780112055963,35.653728548926445,43.94938777205088,43.40237133471422,45.32061822615482,21.841165036584297,30.849896336323678,48.94468399127567,56.44290895127812,50.642596519004876,71.81118268912809,73.13681961217365,75.17506783112447,76.90506818755674,75.35965377620225,66.14096259792517,62.40336436624317
2024-05-12,64.89208410536529,60.22874061975995,47.41787496552494,45.41458970655448,45.51749333888416,50.810242512881594,44.37101183133061,42.7519097122223,25.491256245931737,14.968594437991012,7.66424172477576,11.024060760560724,7.102389112359128,6.73755728244822,8.217758665749793,15.479667454080944,23.270496574116294,42.09794080302299,54.769416615578095,76.94637277191396,82.33034250562488,77.10119916504458,64.74752059632814,58.779564913746654
2024-05-13,67.52435175286271,60.629836593497366,58.627309319286944,57.529215348382465,60.09785443175681,54.20740929034304,52.815366217450716,50.297778767662834,77.28139225729312,78.33863517013093,76.4972635642076,73.9453148740125,55.71195989309473,57.529649948106645,67.84111425570228,62.887875810977,61.56970763532763,78.39830553439788,80.26221489539132,83.40347175815185,83.79056712265667,83.71969552809546,71.72417008894257,68.89606911953773
2024-05-14,63.0627954318385,64.61132333049848,63.350107881283265,62.84317776495728,66.8613781197923,68.20146184361734,55.215878788081454,51.655130906963876,75.7021548634613,76.50892431203008,63.07429067146859,58.25156214728442,46.06661230743548,51.19780670261319,58.48691473754505,60.32821774130255,59.59595372370873,75.85251324693677,77.01373668681728,81.97322107578051,83.92098190753383,82.50809915823271,75.08402215607272,72.33993456868842
2024-05-15,75.53045612115547,69.7322026770711,63.671651187195394,61.62622299027524,64.20858213040242,63.05049200048452,55.708940713874455,49.25408433020398,73.76350090880878,68.86082490198245,54.79532287015046,57.146391471712704,44.40957519123098,49.805725316923464,56.266988719773195,61.64160686720574,71.06400570210064,77.54747027627724,79.44162073505939,83.97963293575195,83.7729624900894,81.24407049549701,72.05562252034298,59.96452839152682
2024-05-16,75.48866524154441,74.32058608474362,71.74868897200925,67.72300751307846,67.75512092541437,68.7302283379061,56.949406766380186,64.0965371544187,76.14361256067062,78.41983458303038,66.90031854714952,67.3776132799632,51.90701372442412,57.387867348705974,71.54876554734412,71.08866298968515,72.49188435236958,78.72787671125494,79.11372141679662,83.87094702592205,84.13459789523633,80.8570637110063,72.52673662205977,68.60377073452874
2024-05-17,76.0893342039382,72.29803652966292,67.98855668980703,65.7727211899532,66.30452578688029,67.4726117660798,53.85244696669559,51.28905507880182,74.16241708579857,74.91820483896902,64.14022026636201,66.46741699607928,47.79989277337011,55.07435295012486,70.0850682896371,70.33087638169641,70.31511309441998,75.56223761111386,75.88623189028061,83.87768787398173,83.68134644684858,81.59114882710509,67.04973274113664,65.78436020025632
2024-05-18,70.90072452952255,70.92260922427135,64.73007485948821,65.39421573163786,66.12435918659371,68.14568996801673,48.415797399345415,47.896709586504656,71.00434664659043,72.74640038631742,64.56953153071015,60.81688258871262,45.50396453436845,52.52719281547855,66.70454786766113,62.08713799695885,66.08311344099592,72.39580854596012,75.09721730973622,82.7254720320816,84.19422366614437,83.74220361243822,71.61150645925589,66.76187523341957
2024-05-19,71.91743606401407,70.62470825775686,64.54216277955786,60.99321434796302,59.94855696938257,65.10192420050701,48.35999917867091,31.110104299170786,32.13362412595827,21.593349988003354,18.76830044875325,19.611276979845453,15.135498876607134,18.612398828561464,17.780241590044184,21.90242276234023,35.23595908186671,54.92127786528693,71.38494807232726,80.4182333993494,82.80923566699074,82.25621508413936,68.97714629307721,64.05751288616482
2024-05-20,73.09729242366299,68.79181044784201,65.98122995122455,63.710890113224465,65.71375273830269,51.453081876926454,42.97703248430857,28.852407479841478,77.00589972173252,69.53420723110833,54.13159125832406,52.506801993573305,42.00252156138044,46.687969127887584,51.422860332290746,54.46627483102499,63.307717305986856,74.10718056309537,76.19788517299848,82.12511041115737,82.6411659273627,81.85156844128909,74.78017995526298,68.8123341138912
2024-05-21,74.71702447503695,71.43777463272161,65.92605751462051,63.136521778147504,59.766484087621016,60.75703395389907,54.265153148284234,50.69170140981493,67.11998431847417,64.29204775836418,61.78714545937196,64.10831531407824,46.889552268248984,57.54858557271018,64.21908402158051,60.209616138238566,63.89480273211509,75.05076275474694,77.59691302753906,83.32332677437468,84.30509078141976,79.75975113778091,73.14852305927111,69.75282305715166
2024-05-22,77.10533492970474,75.86733610803653,74.35167585296301,72.22394679844432,73.26415525377064,71.02756088293923,63.24676950545448,63.67836793934372,76.78918730657163,75.4786483156654,74.21318299882516,70.67306343600609,49.781397139466755,60.34497253036504,73.45064301926325,73.28102603303776,74.0455670121516,78.15910122916334,82.4421042187776,83.30380205109492,83.94108132834495,82.61288093743012,77.51138349403817,70.83014383053137
2024-05-23,78.26787741759362,77.9306829034905,76.33900159434604,73.59564842663559,73.72463133474842,75.5089276841605,61.104423615132916,59.88867369015512,80.48601958979414,79.91593565321399,76.43068022805701,72.00215345116385,40.11884276056398,56.61819559637719,72.33622191368774,71.32908652547222,72.9026243214556,81.8296379742664,82.73655934089324,84.01646832615583,83.68485536984531,83.15448843474702,78.3079692848971,76.12299423474978
2024-05-24,75.18712892250001,78.05687810265427,76.02385300736582,73.18865099474647,73.87539365218085,73.89416548119374,57.843972761405034,52.643802421699256,80.07656205388407,80.29430654431067,75.31345018103826,77.32059753112438,55.704454321372765,55.54811382888858,71.05062924008462,72.7730173394234,72.12552391102044,78.12001416629732,79.2451062529737,81.25219239565577,83.56678268179165,82.84670719860432,73.27480601277674,70.7262664952293
2024-05-25,75.07368151896047,74.85249407337335,71.07313560637206,66.89176511789205,66.65181186905393,64.55242104447271,64.55275749546392,54.526812994345704,72.56873041114432,65.41479172978165,60.42866990196413,51.62836084353351,34.52362306227817,29.95658597715654,46.40235368116361,47.686316728567704,65.4032539616242,72.67640069941069,76.82078625450212,76.69995373130583,82.23977559605588,78.94091552572044,67.57653522321738,66.63896336021676
2024-05-26,68.24681175933917,62.655271489357396,54.66469079496787,52.486810203232984,62.47185522287735,51.20883150061292,42.820844742018224,26.882800303691177,5.495019832016171,1.6445317536875361,4.077323431911465,12.329074870291313,3.3913013108354937,12.752984974982962,13.912778857439973,18.112466892100123,16.637758143087613,54.39474823990683,52.90096934521466,65.71829353965421,77.1372444790973,73.14598329582711,62.61399058261212,56.1837496020545
2024-05-27,55.875740552106684,39.49711647109563,35.64082581881268,33.70534491982888,34.85757035544356,32.224694531150675,24.51494628991766,20.298488393577628,63.163075104203905,59.570778301134794,53.31349283167064,55.61491173503128,43.74539135332189,50.99818195269689,59.67128453982839,64.79196484821088,63.72193896078678,67.2565715458923,69.32205634349639,71.28780915797073,77.01421044602168,74.68547334837936,66.77250488717421,64.91406613366068
2024-05-28,72.20787439575146,71.4055301568973,58.74703203651995,55.7603504726612,54.26129239915272,51.21128591756132,36.0303429682887,37.77430074926016,59.974613033454816,61.40766312307254,56.3625600881904,58.16925063220217,45.10493060425389,53.674377863349854,65.69054418087839,64.03190397648675,59.76648514625138,75.36639425339791,76.0754198600388,78.51526671176991,82.13906657193066,82.8330456954502,77.7657296706077,73.97056293256253
2024-05-29,75.14757334759554,73.96310729326945,72.11078701018867,69.96119586546321,71.20024702528168,68.73245649471599,63.06552876636168,56.05008784191598,79.47942222094831,78.05094864542393,73.73929026787569,73.63304406010076,56.63976698946848,65.3338274356739,70.23411797290333,73.04454550732186,76.35658878324853,78.18262324031525,72.77654514419606,80.4976614350381,83.35383621927608,83.06293270920017,75.03407080891442,72.06562791226314
2024-05-30,73.73242997401994,75.38948373346109,69.47271144198848,70.27992343072084,70.29381859944725,70.02049451037875,65.71748204029728,59.316725378323596,78.23210438592365,77.24756942305203,71.7210961168714,66.9349120955258,50.391523024999785,60.98294892491813,66.56975852590108,70.64056005635639,70.64252989373642,73.16558828978916,73.35941365670648,77.22910679732306,82.57896304850786,80.69509363450528,71.17340811500983,69.02664036854362
2024-05-31,74.17322686136696,72.50264216810969,71.73635107162028,70.16449770405708,70.86228093986095,72.05820951002667,64.64386946451361,63.584899065714666,74.99451982161227,74.73290586603198,69.50051611557961,63.721869178886415,48.46833699249438,54.09706990057199,65.78045184699373,66.01158099287741,70.12249037650028,74.81189021301158,70.95057227451323,74.20751514588027,82.50632583917664,78.1786099403903,72.46380276311105,71.22431343798948
2024-06-01,74.29515787624209,72.92934748164184,70.4558106238923,64.58910595474535,71.691439294896,69.97075752868164,53.70521894850161,42.54833259416247,59.022387929899494,47.699134079076636,41.88371272823677,40.653917908087934,34.42830209495956,37.3781561109058,42.16829665385675,49.69365361222042,52.364961730257015,63.471802132675265,69.6291969683116,72.08909926807264,82.93876379267363,81.02050475866736,70.01550413780174,66.01534784242416
2024-06-02,76.60942515537131,73.84645020437124,66.0718304555624,66.2697719155954,62.73830734595369,60.62860773130887,40.27767414912969,23.40041916505964,23.179746235015724,19.570298403440482,16.476823549716507,12.643270852546781,13.429072625752422,14.524538376859168,20.71822702590334,19.06388883918283,27.27985732671177,51.83199329492335,67.13512474920311,74.00984167143525,77.09575733969699,76.94320636478905,69.11253729256858,66.21681982011256
2024-06-03,73.59636654357372,71.6001840301402,70.9409532620318,64.77781654348308,66.12559455566901,66.98756251809131,67.00198280320947,46.58206765269248,54.565168912415494,52.42058097259183,50.841821266046345,50.57165529044075,40.76515210211407,44.683640941988415,65.28892193850655,70.18782965873073,69.75726431712678,74.59419665078904,74.6605335320457,79.52323435363964,82.63092107439775,82.07275067421655,74.97704438422261,74.43333925349349
2024-06-04,75.84242542889433,73.48876244198911,71.90630180128566,70.22119043962726,70.5219641856171,68.2617762733544,59.19505727469598,58.175049384942334,67.3009483538846,70.58427846397436,65.61905505974191,65.1753949366932,52.581059162343834,58.286392680721725,66.80843951675025,62.92886589856051,66.72083200474081,74.7907852577124,74.85456790439873,80.83709281476146,83.55690902109151,83.17845175100807,70.73418505359797,69.89946843023237
2024-06-05,78.04716560512709,76.160675269667,73.42023319945397,72.91189378422567,73.29264635978656,71.74234713234031,68.38870774507782,47.790998792343615,70.97239793242645,72.63270000369533,70.4748320922075,66.22253837208535,49.25034895675322,58.83467318249233,73.93482203476952,72.88406776719874,71.38414658539337,79.54609218890182,81.95247974411595,81.51297219859026,83.67336993623464,82.1943242599915,74.26980519621048,72.18250356157701
2024-06-06,81.03506008065352,78.86999327280223,72.47679796836475,71.43626964489216,72.56386277063618,72.07983222007867,63.70770203306975,56.469617362452155,79.16457658286899,80.27973504628959,78.88575332689841,78.83481117733821,71.02501734267584,75.42452178875035,79.5450347623886,79.87795532822729,81.00133680207016,80.08583105303569,81.48171824621848,82.02381055954012,82.89221082306845,82.33580848887249,77.51903904296829,77.72058579174336
2024-06-07,79.57219364384761,78.81507937688352,72.70690568256823,70.75460648585185,69.32454753820728,68.52094712252563,51.754476553268205,51.40682758106669,71.52188147649788,74.47606372990307,73.32426329629692,74.2647024340961,56.37404029897359,61.84062134946691,73.90524220149541,79.54543393960225,75.1134607202757,79.30543491477113,83.0903690845878,83.09350338009102,83.22999556857836,82.22617353369861,75.19726195469109,70.8556059233937
2024-06-08,72.15105941863402,71.55641263166099,68.2135649753282,67.78744783209368,69.20245443822769,65.24262080254259,53.34709782685274,31.389882055263975,45.699051599927536,60.11886359209946,58.34519941273306,56.00703007084441,40.006683436391036,44.08184377565603,58.01291884730752,53.56023241892815,59.88017185126179,67.70086944010154,73.92016765531034,73.42031703956218,80.1779146784754,78.72323702426347,68.45358073027474,65.98532914015136
2024-06-09,75.48518545481602,71.90997381135817,68.6620042976687,64.30055538252917,63.00771980695087,53.43409370355757,43.05151583755846,34.38103417204673,38.770682760092384,43.8759202085649,24.618855157373375,44.10549918670041,12.359792449765916,40.522202666335154,51.139335225128235,51.46112647868715,45.53401870498682,67.38160529280738,72.9706729552443,75.89611203499666,81.375548431261,80.1988487566818,70.17226156748232,69.51179628161213
2024-06-10,76.81594607796842,72.58029833334326,73.76718740563716,70.38818885233462,69.96460385376821,66.7324089044711,57.068419864938555,46.714271769830454,64.12416168149561,70.56344456488533,75.05565298298758,74.70953966609065,61.332687411106704,68.4310970797257,78.02778405992514,78.0152078264497,71.35853012498481,78.44558837558542,79.37785829478044,80.0323277982297,80.76486631356637,81.2320874700296,71.15501829085659,70.96271787121252
2024-06-11,78.65554762558185,78.11685992223299,76.15437498474625,74.66881084729549,74.04606266818003,68.3187507833165,60.749958428757424,53.78020191750458,69.87444675018307,75.3071229030747,75.34930650540367,76.32415279885804,68.54383103506683,74.46843414464261,76.12900680494127,77.76570518454031,77.54502949426065,81.45790907672158,84.10683271100254,83.82525054572639,83.75019089552546,83.58436159498544,79.54790761350084,78.73988585843213
2024-06-12,82.76748693192545,79.63085192423502,77.53446182731467,75.4208136894205,77.55153987368442,76.12042535665712,69.84554396886901,67.55034295029529,79.03839684123092,79.94449826742041,79.0031270413124,80.40592023543896,77.55155897903096,79.36855327832879,81.94276354554465,83.15126443135907,80.98959942746558,83.2749050380843,83.39516964001456,84.05942175787072,83.92851521186434,83.9583535076602,82.02559111346082,80.84221256643833
2024-06-13,83.36323755149682,81.91994498652221,80.71258137206033,80.84290645542995,80.64750401416855,76.39328921663339,70.72289115433622,69.01548143477537,77.98215968532884,82.19965774731155,82.5411425688215,82.58547647471448,78.78942651692344,82.86676679053816,82.27509998370205,82.40810079032401,82.75543940980464,82.65469052050662,83.58110530778369,83.53748317989314,83.31132162749755,83.57507958913094,82.05432943651762,81.62147156943344
2024-06-14,84.01141282436602,82.4686738634965,82.3864725781488,82.32255925025116,82.34081002651735,80.73092391393789,75.9596521823115,75.8111801649983,81.3571161987229,83.00025946447393,83.05927386393435,82.9029055614389,80.67156129244012,79.76656822595864,82.4081544207041,82.93892834429779,80.77375671564843,82.4320674560933,82.28995763491352,80.63700596510539,83.06133615195934,83.3396826164059,78.41087801908412,78.71446843278996
2024-06-15,81.97843775973767,80.92503666311502,79.30415942168896,75.04411189116406,73.92245771555812,72.56747699302421,65.27931954132565,59.42138719261459,79.32836731746077,79.56034188828457,78.60019335552576,76.60475486406952,67.03373276047463,74.31466573438163,79.21395168160106,77.9345882166906,76.2547066582351,80.47141282155768,80.79783989728713,81.60438016278364,82.99913944577686,83.02495879327671,79.3465976285764,78.03186795917283
2024-06-16,65.52771495156418,61.105742540718886,63.238137757816375,65.4525487190474,61.73523017062101,57.897426746712696,44.30505756928684,20.930331723841952,18.012560557576307,10.809379214072537,12.395201832029597,15.145217966773359,17.494003318352842,22.513490797651034,41.92157913581071,35.91464010580801,44.1938139478725,47.09533297733426,60.53824440132883,72.05758983734523,81.26500520046758,80.75009632233936,70.30926302900039,63.02808455491467
2024-06-17,67.1833659279939,59.005424547165845,57.780507019882684,54.996609677433995,52.63928116889453,43.494734904718655,33.84911206983226,29.876928679098548,61.32419710165798,60.54606921158721,60.00627243287331,61.49018642353346,51.7695578628276,60.859838060700554,62.939487421386616,63.449182063616156,62.02343770870749,64.17716732840796,65.2694691643801,69.85708160870308,73.08657254351994,80.3044640901026,73.42508468288835,71.31522811425123
2024-06-18,70.72742045644213,65.07290056079555,63.65652977710922,62.411000408680636,56.20957710995586,53.74207208776046,42.63216045326633,19.9641960434182,17.489016505319942,16.27432990193728,24.947628603644006,25.362454323641277,27.646043962594234,28.013031275615457,34.307296549608154,39.90507654289697,43.71103480878088,45.37039092946478,51.87417447190662,60.288094417164274,71.4985197606132,78.95002062363865,63.22357859410384,61.904761226668626
2024-06-19,68.25479560882775,63.00278716917336,56.793172391285275,46.17682357452917,44.75804900719445,33.21050573804293,28.439599353196897,20.95264693017386,8.782643165517358,4.674278102043428,4.640137710165567,9.688454263874576,9.996357368314206,10.174775182176697,12.297002079957867,13.604254916632398,18.545817128904737,24.884873662852456,34.03485188961237,57.0382475251744,73.86015719295624,77.53411884639381,62.32666029046697,57.31404606455592
2024-06-20,69.37836917210258,59.67354304460084,53.52818213060086,48.501116536264,45.05220643452477,39.18658532991555,39.906217407888725,27.37746055227946,14.787699250009766,20.22634227397677,28.717209076026663,34.81940334089222,32.99337171543291,36.18469600270522,35.969572969242726,39.904475680948494,44.718467310294535,57.02491492554551,62.7260927537186,78.73322270659233,81.94850164889058,82.08000876506861,72.37524745284117,72.29570190316711
2024-06-21,75.43887085116401,74.04194814111109,69.48472182688089,66.92867959407216,66.71702872451924,67.95732964441333,59.00979357544457,59.26318698297351,66.24954598679166,74.48260926551588,73.92478642877546,66.97222301929261,58.11398730404152,58.06410623707667,67.12936171985012,68.06683047005856,69.95307456980167,80.4585644196803,81.8363383569003,82.23410788888772,82.51528904421868,82.48229498373122,76.17261316762631,74.55142564584202
2024-06-22,71.06276266081775,66.15364617346214,63.204323978996285,65.69802735284402,61.66717009995893,58.98745511543964,39.63518695713128,25.86137767587891,44.07753214116849,43.637501921372156,35.606619111285795,31.1774010002188,31.197786002755745,31.43931368686482,38.379565580959124,43.999889232418504,46.23532882022212,54.14679032630562,61.16963719201341,73.01776558555649,79.19465459153984,79.47685055571748,68.08647311939986,69.2655257768664
2024-06-23,72.27567574707925,68.85515148410575,59.48204013917222,58.9164259438482,58.666408153024705,56.64425133840631,58.479447142289764,33.594951868133386,23.585530356754276,34.45823189538937,36.95469143549713,42.86804382141567,33.58954342985289,35.48560860050815,38.76586043203842,41.70413666031746,46.50809339645059,68.01357389863874,74.20022981672507,81.59849048078813,81.76654930319738,83.1438274014803,76.32170430856048,74.74295858268202
2024-06-24,78.00878372292674,70.3930283929165,63.51935066762229,68.12531556983936,67.31507996596072,59.95225307885182,51.044071829523276,36.19674640827627,43.98587991065621,38.61547771241745,46.598433016767764,49.046234827967574,43.99888210367301,46.86936023990758,47.61472666459851,47.41912809168684,50.53977371260767,62.92729958374858,68.35230919320297,81.32463053436275,83.56569673875028,84.1838003547337,79.01693936462561,75.91267452271565
2024-06-25,81.87139957440446,80.36872783004766,75.0974023698556,71.4211938042689,72.00443072220475,73.11654103016858,70.48417522899717,70.57988458533042,67.60260833800409,66.91018425898258,68.33645190637726,66.57952212579782,65.91462451251822,66.38604566798851,65.12794300343889,58.87350982042316,57.01420185545807,68.98215977714047,71.37518770871209,80.64831135662814,82.03661246865411,81.82568562389137,79.00029294579545,74.4955496235687
2024-06-26,81.99943117068945,74.21953373407499,80.63898714658832,77.19003186439194,76.98091775770013,68.59340846275228,63.388005909524175,61.051935275400396,69.78180884945003,72.82582190751685,74.15546511549056,72.12556541084425,64.17018343072831,65.7354393889586,69.00256609692653,70.18282958259456,64.71968939849822,73.32530376814816,78.65843577542745,80.24415107701697,82.90544080688302,82.97110152940273,81.2977735295976,80.95031713801752
2024-06-27,79.02600511521472,77.11832106876146,71.15226760890411,69.49187575818692,71.7631947366997,70.59520263583366,60.11292034170481,64.01100390759846,72.12315955923987,71.30229524483816,70.58392533538913,69.67302720223323,66.71606530206535,66.55775341256135,65.26817364417197,67.6157587380427,70.99923359141215,73.66489117680995,80.23399136462217,81.85131776790861,82.54389867496442,82.74766656320914,82.58944226500554,80.60609712024227
2024-06-28,78.46320498184079,76.91223590424819,75.79234700172879,72.64590557084561,73.00930671431709,68.96982426532102,59.42194345865338,60.06164315578747,75.2932827050219,77.91465453208406,77.17239209083667,75.92887316145897,67.03322075820411,70.42937104543178,72.1427512031489,74.52202914038665,68.31010590045325,74.69468452159006,77.02685289396376,79.75443194215877,80.94274140752279,81.05097402884536,80.3676786307683,79.00419295482997
2024-06-29,76.29022859520589,71.45637723583714,69.07833802319605,67.92401372470873,70.66679115324827,64.77363910407324,61.803511243239406,44.089733474549654,59.01967846297636,59.79715077757127,59.828885024974284,58.72084366219007,44.10252744729233,44.79873038234767,53.86035730390354,56.55322235017168,60.141057589851506,66.86117854677495,70.74005830066699,76.55968677952748,79.50333204832596,79.54710024420217,74.92608479342955,72.05724556944142
2024-06-30,70.34348439449862,66.88194931637977,64.33680920370415,66.01088535325941,66.75474895554974,53.43566695474217,42.410014895991715,25.922207994327877,17.865573485390247,16.127766628828443,21.788591568293604,21.613744102206027,19.270340301202427,21.004998776230103,29.799312171553066,27.25213585392109,36.36740686798358,65.68169182728383,69.50528387135961,77.41719729178942,78.91300133276499,80.50466954339615,78.6858488276382,76.34826435596264
2024-07-01,77.69890483743782,80.31225126283942,79.48417268441902,74.28626128764708,71.88331531179858,73.29664430760793,49.28121782384461,58.04414457195133,69.74664523567678,68.56584524349341,70.27708164953636,68.86386453029306,62.5566618266673,68.70681406215601,69.97534130467608,67.89242372592736,70.65773600382478,71.54445232076061,78.2490867878527,81.71764223729109,83.05971789606853,83.03588618330001,78.01476809676772,77.97504470354899
2024-07-02,81.37687175682623,80.09395227730874,76.36596174014574,76.56392623366801,79.08908178018685,75.13693619001026,69.55155081748978,62.803731139307295,78.77446872391685,81.57290793852565,81.04943599232993,77.44112194076975,69.24104081060464,75.54322367091571,81.12608956200147,82.56616330392993,82.14847884093474,82.93935342323354,83.5630777038022,84.08739754951984,84.7005331142685,84.62153414181516,84.26037673877131,84.4909639462867
2024-07-03,88.86810894923498,88.64750129332415,80.86990892061547,79.63860948377342,80.2079950828222,80.792613140521,67.2086729461548,62.444499773382155,88.47149148640118,88.51463696852522,86.17187132710092,86.63664606353835,83.07519074484256,85.1619722400777,80.75396938398325,72.73106156916913,82.75525922543952,88.77835586838633,88.75604735058874,88.86985336870885,89.59218542150379,89.45458017695199,86.6137526839547,85.93334986611562
2024-07-04,91.39700960930554,90.69581653282597,88.56124954679616,87.65290133927942,87.66239130748446,87.6969243085086,78.6527342037196,70.99394981393155,89.90976014578871,90.50685037982642,89.75976102134562,86.04116191221989,75.7572820072818,77.15216101646972,85.66050802045733,89.18596507550842,88.83745375740304,89.48429406725471,89.16622760794277,90.8764979620638,91.05205054944014,90.99913761457542,89.7067203750847,89.37889595224688
2024-07-05,89.10403650080258,90.85011021988542,90.88809895625984,90.04220503416413,89.03477992024985,86.80010021854618,78.3972778091775,72.92359354144733,88.78881840726648,87.44340548358893,87.58254198759,86.60211278120669,82.39775866128643,82.49818845163331,79.70896134671764,79.52427850227177,85.57227785990771,85.43004680913894,85.2664799038941,88.89160047188189,89.43245077204843,89.46318965781256,88.65704153534806,84.49747042010486
2024-07-06,76.4408426211596,76.02238168842592,75.19111927022864,72.96889749876527,76.11252236225911,74.78429857538981,66.53413267906993,56.89390462735212,67.07408899435404,60.79932418904913,53.50970945436108,57.09196195265093,52.119966125020426,55.375317663594146,62.81995331623887,64.85766824896223,61.8893637577525,76.60294953524762,78.74229851198339,84.51740837886373,85.95493425122251,85.97419205981595,74.55688233605991,75.32570146998708
2024-07-07,80.32990072525857,71.1040343236697,68.78000252938922,64.40218788389633,65.47652841541594,65.27995146732412,45.626472927508885,32.229419775343096,37.982951502694476,33.597600973417045,28.77672449210609,29.299515645156596,25.117684674751878,27.630938535320674,29.437809627172225,28.313146574106632,40.48468190655822,60.48110716682069,74.56030141383783,84.38597898299737,87.80765961870718,88.19662337470747,70.73132517564709,71.08477539724247
2024-07-08,84.17740583551381,66.5225654376163,66.49506535487878,68.14815115358572,66.31994612987846,65.62660699200262,55.80232035569763,51.492170009290675,74.00427667106764,74.90460463443556,74.58681964223723,72.4475912232299,64.78045573207977,71.21102035893378,72.02271957874994,76.21894199588681,77.1189891424756,78.07151467395039,88.00741084073009,89.82738223634638,90.19751300741387,90.23589385579665,73.00228954687807,72.71450049893349
2024-07-09,85.15699962222739,75.41613143307656,70.21262184271119,69.48550673241793,69.98253378764613,72.76113032700306,59.692153645112725,57.10653045930437,80.32203545438144,76.71623795912626,77.12642997386871,75.6897619480539,70.49526449515385,77.23674637921856,76.16567097233721,81.84807486527316,83.82960599438441,90.90183255295467,90.31969991379623,91.29300107901092,91.1977321345362,90.78074284423882,86.39429418127703,80.2814255909818
2024-07-10,89.42562395253053,77.39223146160006,72.43705489004121,72.72418976635403,80.01870987669955,70.87807524397435,66.42659392081339,57.91794908835368,75.61545935261034,81.5364990423404,77.9560584028113,72.54520769238023,53.17703131530334,71.1216722486819,85.12103620295358,86.83675896398192,88.23916653157056,90.09923102413636,91.28683596717921,91.30678958813975,91.0280223621221,91.23959789453278,89.76823410285255,88.81455799410078
2024-07-11,90.79266887873082,90.41394888644854,84.60250648396247,78.64571683897444,80.89689361703724,80.42233970354138,74.5791153091723,74.44549560449694,86.88216042805479,91.80950774421835,86.09723354641982,89.11276177912139,78.27371938448856,89.16362393019014,89.12691229444252,90.74956184799535,90.60703227007907,89.4747902670692,90.994655336133,91.50160745360492,90.84799999247427,91.25471548464337,91.03290571566207,90.97239200881201
2024-07-12,89.45713685542577,89.48686553272549,85.04864777908219,78.42449687647,77.95682349505482,76.56799972403498,69.66522980292957,65.33656471446233,90.48707515209918,89.25137263690958,86.5159558771454,85.12791550399612,68.65649052089032,73.09766295070044,85.11367994019454,83.36537500159992,76.80603809797918,85.95515711035071,88.62921995246462,90.1332621271468,90.76194626688817,90.815496741708,86.96530121244237,80.21487850902119
2024-07-13,90.30267957897004,82.19233795640764,81.05033219154004,74.89380597184437,74.16878729169342,72.78054908708727,68.46018870067059,50.21756869500788,84.53255781851173,71.04818495935531,67.800385802891,63.92469284695874,48.473841874859474,47.904245072901105,59.626498120189986,66.64842510166818,70.29178519557442,72.84828855918258,88.71640691567319,88.63251879033896,89.52009122868802,89.63819589488367,78.91274651293318,76.54099477494233
2024-07-14,86.48124820366516,82.0177735549092,79.9079974045261,69.22954448184315,71.712370895165,72.6682349346872,60.909278307622436,48.17738387233312,54.259912127137305,54.4197540039256,39.607302777338525,33.5351434168907,34.022609725394474,41.73971904672132,57.688371410516254,65.95556721626362,44.10115177353442,62.192416718290445,86.90908400146924,88.84456131402249,89.35738995831638,89.37797436045422,78.53271466849382,78.83364938066266
2024-07-15,84.86330888297728,79.02688409671613,66.06519168233824,62.92418977575687,67.26058055805211,74.62010156984998,60.68078580906932,37.7456082263954,47.38410098201405,58.08077020441291,49.56357322018534,54.99110382145639,44.82392004509622,53.897124824956784,58.78836135504981,61.2505455913185,60.932029241810824,65.63318608379447,65.13425640149201,76.03691857376282,90.54746969860103,90.49583212589515,89.76132892132534,70.18985992058343
2024-07-16,81.76116796790642,77.66178955881925,74.33425643459805,68.52523119706312,73.81823137084564,78.68289963603527,64.80934967828861,57.46503537129817,69.70829610471715,79.66076145655941,70.86633059915519,63.066538755302545,54.4427701397784,65.3927868416225,75.8199405445014,79.03372589862487,79.95123567810856,82.80523287330503,90.77136790289312,91.35698905503648,91.59414931700121,91.31611013094177,91.83833640196072,91.40474245344107
2024-07-17,85.02364620866184,81.51366207542715,79.56297758955911,78.12309479739623,77.42552790461914,76.7328107822402,71.81006058180141,69.26131996338698,82.92488885498435,88.89951115855615,89.22738901960926,88.37633685311413,79.33687799016444,90.29454976196692,93.0038935655573,92.85992388127694,92.56857807728112,91.21929563297196,90.83023575965383,91.17007659075955,91.24468134437917,91.26699174954975,92.02754457032391,91.77353824766932
2024-07-18,90.04586743773518,88.62256338383443,82.99542346900812,68.10825807976327,69.66593208408504,71.18066490810325,65.12400673986014,58.55135986931087,86.45178695223481,86.94095129512111,85.30967300201796,85.38147384257027,73.31769789553822,85.6297803223434,89.82838503896272,90.35550714987083,90.8080527976475,89.13489389934716,89.32142194242942,89.24747764964886,88.95251374916168,89.55742766113772,90.9812290059599,88.21569138185234
2024-07-19,87.72847481047019,79.10120080005838,74.71886710735522,69.27619676262053,68.98801287916288,71.45915711878077,62.3509335786599,57.11090900372898,87.11975572447183,87.95566730508142,86.91668604478333,85.60499923112926,68.13063463055353,81.84665925338736,88.0216576681365,87.96923709914587,87.85472463129376,89.04656640595961,88.33851321542659,89.66917688022595,90.05414964514604,89.88739913260228,88.63148178358675,87.97135973204132
2024-07-20,90.17983460441539,88.1729692703327,84.08540440411898,75.11722885258096,72.30993843235568,71.99067623585229,63.554812919101565,47.78136354365641,79.36656691452386,72.81064019329091,68.31380049474842,57.809783144891625,52.86840151132985,63.05778638825062,82.15444251810769,83.21793387611615,83.06016621823984,86.7713806040311,90.76280130336862,91.33675045580974,91.28094958189135,91.22450878120219,91.04239063707233,89.58687874552797
2024-07-21,90.29040945282398,86.67241154741285,81.13306168135848,76.15520870479725,77.557633370158,74.43768651030979,69.57791556413896,44.184754122378195,52.55112445700891,46.2838468135401,48.23176757751499,52.50371752294,44.163862800965084,56.59167665559141,61.72729182146905,64.93609145247292,73.26483344709456,80.40962632958514,81.68035628167311,86.57122531711995,88.92809865114396,89.20463225744012,87.42393629073972,85.83426009636587
2024-07-22,87.24813239709286,83.14588227676896,82.8674072424489,81.01226619064302,77.24120731236633,80.45198529333749,76.24704178470337,72.97831092685666,82.62571047944088,78.47562325181904,75.86260938472554,70.48786865843084,64.39425866406394,64.70844538600196,76.1082915211025,77.82208560652802,76.88282526296187,85.71121726346401,89.20424951811121,89.96327796071303,89.5950959524651,90.40996240505436,88.48525548068251,87.78474036022604
2024-07-23,90.32148046345476,90.60027279580802,89.85236543096849,88.9381223463931,88.17147754063745,89.80705299745983,86.72707586262577,79.07691187915276,90.17998894997837,90.90684476520403,90.58932218602591,88.91093895520218,82.09096271121439,89.85790772708161,89.27395461980427,88.66174746244442,89.17376072090885,89.74874227616102,90.07746289432988,89.91215051827866,90.3159400205458,90.59444373178802,89.96447904093822,89.80183995181591
2024-07-24,90.30490414375538,90.40112016533753,89.6736530668433,83.212279872629,84.23039516459623,77.82176341175844,76.18912991809376,63.97464726390795,88.7671198552112,88.09168500178016,87.50014631967612,84.20111023158935,74.52360433047114,86.79938910294149,88.41281381083522,88.94460472705981,90.03523449652391,89.8992803236498,90.51081583164817,90.67171003466846,91.11517245583003,91.08675256494516,90.63753831281316,90.36212868591727
2024-07-25,91.31574779930048,89.63312979744421,80.15475742847826,74.27975783097745,75.08333562382667,74.1423107336558,67.56163182517317,64.29289618806675,86.46849842483101,88.93019435014259,86.66421479764894,85.06219060426592,73.25290304080224,87.04617937135552,90.15656059645336,90.49209311197309,91.00074994803394,90.97199327545327,91.311738181859,91.28536575978482,91.34692738076699,91.33687585417975,91.40933679840902,91.31150266377189
2024-07-26,91.28758543658981,91.37193510224427,90.19416780874485,84.72961831181405,82.54779482419593,77.46736175860237,71.09130966525977,62.17675566413711,87.76925826561731,89.96731555094661,90.11745183786172,88.47664815618455,74.38660847937226,77.34699505366825,89.77925522828676,91.00081968482036,90.8498364264413,91.11208540199505,91.04709804282308,91.00081715935556,90.89044151339144,90.85942304237338,90.79752666478649,90.88005793074711
2024-07-27,88.91595569472507,88.37725967987267,85.13580206083886,79.3177532930584,78.72748626900697,71.99740472495186,70.38951051552576,63.312203286613865,86.40455337006074,76.86393773666633,72.24923308514997,70.48637811683518,60.31197171924653,63.088446049876474,77.78587612084277,84.04107197085212,80.92874015931673,88.68978847190795,89.15488066929541,90.11152336831913,90.12759258942222,90.30541739678728,88.78934345721915,85.64255011820009
2024-07-28,89.11420284307013,88.4237383391417,84.41927955085603,78.97078619404468,77.15290647716219,73.8159654669113,71.07001569379366,57.35738147762217,69.14711812986721,66.59277390889504,57.34172549401242,52.060100019363404,40.13904493069692,54.95511059170636,61.16504940394467,62.07138558400051,64.38670617559492,68.10063320377259,79.92629279666396,89.17328370959734,90.72535212728481,88.8867791922428,87.1214610297594,80.46722972817733
2024-07-29,85.77589612168343,79.75868790424757,79.07313804395712,77.68159799807698,77.1638786792599,76.88844341844535,75.28195784598353,67.67748995654655,73.43487795891275,78.81389614648211,81.06280494561807,79.09102066931669,72.40807665963796,77.45277960394235,80.35339884094392,82.00695384726055,82.3276306190319,82.79433241143417,85.4504691487911,88.01330478998662,88.140952784665,88.20283022876691,81.53935030364993,82.51082715974239
2024-07-30,81.41173651765644,79.78169272463079,77.53092183018138,75.11416381764776,75.52716632857445,70.98295250610553,67.83520041175805,55.76873886959264,76.82952602430811,83.16631551753036,78.59692238059122,78.59828426364595,72.06147912246381,78.38952914318887,78.71856038384283,79.37204242672446,78.54897052387399,91.1077838083207,91.29105231848176,91.51133269966424,91.42830648459795,91.29334426848398,90.55369644997698,87.75946017424671
2024-07-31,88.52864475201747,86.40273312742472,79.58767806083142,75.84736160348433,74.5073907726105,69.68084476406378,67.5995095907351,56.9937601774792,83.62661109678191,85.57727891095001,75.4917778101491,75.03047647325106,67.94438959282759,73.40284240440887,74.24431161574478,83.2031757955165,82.80196874765787,86.39954538270153,90.5886453251683,91.04655958098591,91.12225410132913,90.30244881940654,86.80859398600035,82.6923425070791
