,h00,h01,h02,h03,h04,h05,h06,h07,h08,h09,h10,h11,h12,h13,h14,h15,h16,h17,h18,h19,h20,h21,h22,h23
2024-08-01,83.70539278424425,82.81625789684954,77.45951062691053,77.11811986844782,75.70573474955076,69.54201029117841,64.2871195461459,63.98612435092614,83.02419492557073,81.6510937671671,76.47902500881257,72.2414535802648,64.20378048605566,71.06777747407381,78.59172398711414,87.47128807079031,86.78046381747565,87.94140133585542,90.19288670718134,91.12193490815261,91.05890997893447,90.67786297791737,88.60574061796005,85.88694251054243
2024-08-02,87.41281163338249,84.89034807584258,75.86958848350814,75.40689750127751,72.78574827718207,69.64998052271386,71.57028127101732,64.93726531669938,85.24146015297454,89.36319957306078,79.82327327756455,76.01293869824649,69.11697192121665,74.75714026772192,85.83661179172363,88.67535012180196,86.7754037003053,87.19438347480589,89.66833581753356,90.24024014241432,90.9818729190328,90.28606188870106,89.01667186711344,86.74637559911783
2024-08-03,89.5410060381827,87.08211831503782,81.55110821902063,78.30714543020918,78.09538257833141,74.25618763015855,71.10763066313085,65.42807438152613,85.67242407233233,88.27443365196375,75.80710253521521,75.11174069569573,57.62832537687435,65.52934649736038,73.42207010613946,76.92791204633603,78.5320177759163,83.03092879485607,89.50526363800967,90.03106202510128,90.7582794999984,90.28071562444933,89.80470471104137,86.37094048248228
2024-08-04,90.13605902228046,87.87961738776173,87.14110890486248,84.2411589254726,82.45304332622588,81.5490531494363,76.6588482129755,66.52549602530411,75.48488552099417,71.5468093832835,65.0786063628337,52.40332099345249,50.616860543527544,51.36232890753115,58.40803968028598,55.46854240306496,55.11133039838813,76.48589862119648,90.0905946542354,90.74522441130141,90.75251084402966,90.7054993363475,84.72053452219205,86.86147109138435
2024-08-05,89.01008471303905,86.92011879383772,83.735205310306,83.36449703169811,82.84768903765611,80.97534489200066,81.54263437373515,74.07417439250318,80.54366287578814,82.72221200094573,82.76841908568557,81.56454643222222,71.58381629297895,78.26708276109967,80.31417213978322,81.31635707782911,78.36803291875805,88.8988633606359,90.91772511977622,90.90210934856513,90.75360244839412,90.82357927446994,90.89682133466901,89.56036551894026
2024-08-06,86.84206605520374,85.09991986235383,78.59211367506443,78.30310976867895,77.19759329375536,71.29861670625858,70.47560254526454,63.13127220420239,79.77759704997017,81.81801114817463,81.99353213710565,80.65295984187995,69.7872921260905,76.54449091436413,81.56254843789684,89.73951604183868,89.04468764338033,89.50961802698434,90.52221448649628,90.62276156783655,90.4947661135199,90.44190279898051,87.44856026828205,85.22369703600695
2024-08-07,87.87311478661071,86.45900149607677,81.56083262102884,76.4330480556582,75.73567053951028,75.20594833293735,63.23152057228662,66.03888236484005,86.46352576917528,86.62902777965466,76.89707935298107,72.9461134976272,64.78433839881507,77.53012931379217,83.43338949148144,90.23260712782088,89.965135151068,90.45862705297554,90.50222748241103,90.5752407711897,90.71209735583602,90.45968656300707,88.94221331692104,88.82510969660272
2024-08-08,88.59094941034219,85.9809207846563,79.38145135727096,74.21001354370604,72.35642327464575,68.35738123447936,63.90261162022127,58.142375243132825,83.56873092604985,82.13526577191365,75.18501765321668,72.12279332499038,62.42921767497222,72.58452237455488,81.86642908413472,83.5849145549427,81.11573967983496,80.88640473068624,83.77731754252267,85.74607508986274,86.75579712485468,85.96525192876322,84.60438299623455,84.17872351070008
2024-08-09,86.33820516246077,85.12281459288982,81.8486517895634,74.9270850065522,72.28719112932436,67.27930346922992,60.491191805958664,54.6235873387706,84.733267442851,84.67614093882237,76.89257320865774,77.41880862314105,60.811472384831426,75.22446500737891,84.82978872742319,84.60850078747744,85.15102190148836,87.59316544010977,88.2507490506474,90.0736896160671,90.02672274864294,89.82554834261686,88.08073993728605,86.03638122169303
2024-08-10,87.21492702632064,86.59157801099309,79.78527161510473,74.56358297433405,74.32144638988778,73.72743643218466,66.74550079852696,58.858186431980904,80.06876648570679,79.29665915935269,73.76727500985369,65.62752577195629,50.46776291700567,56.68771115746793,70.90214083513885,71.11711898228266,69.89420349099737,81.5073474818934,85.31495482776147,86.67088477390635,88.45033215248355,86.65855406166467,85.19856142434236,81.88781050975938
2024-08-11,81.36671670224766,80.30289876993432,74.1012307054445,70.57359636272251,71.3032307368059,73.721927064771,70.20205946529269,61.650362702273824,63.92275084285859,57.93689637838982,47.692832980372465,45.94757005636866,31.69696317218036,46.33432222885544,63.674677911575365,64.87483337221065,70.90973576841448,75.90383036552188,83.31440387901782,83.60495994601706,85.30215399599697,84.61856525087435,81.9707526490754,77.59213563198169
2024-08-12,76.5059008427902,71.5578316095801,66.32326561368588,67.76720707773634,68.17447631304198,66.38388462386754,54.64244205065949,49.17604380883139,71.47398457115148,74.64585900279968,69.98491218331463,68.44362119350282,55.01522532781932,66.92023672756824,74.38900421783747,76.64315563480567,79.69169354002173,82.42615089386823,87.40333515931837,89.60905619027153,90.7803913042285,90.67076724234092,86.3589725828239,83.88248450475635
2024-08-13,83.38611531807899,80.45152030008069,76.23055372358691,72.90193120400502,73.39547029476988,71.75620092303046,59.76459714391413,60.57740036490044,81.79962266567217,83.41482030845143,78.01016767726294,77.21568839628287,68.462186977854,77.15201514984145,82.3043087384436,87.02023112750838,86.27363993085763,87.38937416723819,89.07005257483547,89.83289488724779,90.69754719109878,89.2237420511575,86.65995053758776,84.09031982354459
2024-08-14,85.09713747423177,82.44980916687331,80.63566095237783,72.75927513315943,72.20864318549307,70.29788095601725,67.67958795420788,63.64985589344895,86.40364166200571,86.13326032447615,76.59321098220744,74.60957353087551,66.74668262531878,74.22749798745633,85.25214087541178,83.24431707218123,83.70693285312824,88.51803258528369,89.37680672838184,89.6299513500107,89.66973123853379,89.48031897075592,85.02834773084479,84.01946564636764
2024-08-15,84.6609386349059,83.96106869632578,79.0038463743952,74.10142849393016,72.1523407983895,66.9244126772332,63.08059602149545,61.48070849586773,84.8060644141336,84.60938866590473,83.80694857272336,81.31306803063782,62.065098360135224,64.97031283524763,79.38155395169946,82.17872731393243,84.28718381849514,86.61882803249462,89.44037193653065,89.5010257957057,89.17367165336736,89.48033508339262,86.67258766358853,83.25061266764375
2024-08-16,83.79686698409547,82.41808864536281,73.09490478813282,68.80732352058796,66.82316008122054,66.65790031827687,62.56005307845782,51.99160038945857,80.283318710157,81.99150112060452,71.8464483203335,64.66594110620065,46.69396660905275,57.97233410658102,75.84868450046093,79.60951556989224,81.15373156850134,85.48736176970198,86.83905506846385,89.56346620517196,89.74823062489003,87.31410414537497,86.56334077422358,82.5650235079668
2024-08-17,84.46917877600305,79.26130392637772,75.25577365683542,72.4259631772241,71.40432679946048,69.2044638688136,65.35250926605418,52.305578051794576,77.09241156181032,63.09057262764043,51.14714926253865,47.33471189076222,38.76943693750579,45.50243703375216,56.774145190213254,63.53465424282084,69.56610069734064,78.3728193596722,86.6312103008941,89.5353884634693,89.88506426002313,87.32205815261027,81.27914433089029,77.4297393674266
2024-08-18,81.01696896652689,73.86368816375851,65.5758971781474,67.50634748653796,69.00080964508375,74.4650994574202,61.90825999530574,49.56372181065399,68.80456681493389,49.483069413135695,51.29162973265318,49.50458563310695,43.5389053355486,54.688941163545074,49.69554366716549,54.71204569436596,51.39231298640499,74.36902850081677,85.09751030074223,89.63260474465166,89.64289773385846,89.72701381032181,86.87382929544245,78.92756438314329
2024-08-19,83.19664370762897,80.11163453498781,73.32626531826715,77.1842678860119,76.96968460302651,72.60622229527075,78.35655918673412,73.87913812677321,83.71713868020166,85.80297881629184,77.76780428601131,78.98164530267435,68.45407886199413,76.59538102852046,83.50199407256441,87.58716322650969,87.55796245679024,87.303709121184,91.12199212287128,90.57159228338001,90.46295397739101,90.1275206145108,90.48025652908042,87.79017124124492
2024-08-20,88.67615460726124,82.61136330534772,80.32868057615546,76.00802875098297,77.59775597320213,73.5800378161052,73.34102628460869,69.8546848763596,79.89354006082876,84.9339487164654,84.23499027208591,83.47897266137949,71.58087506684237,78.17828577888368,86.53735899230988,87.87241162596348,87.16655511435495,89.9916670384115,89.61753770770447,89.68523506325661,89.44060557632204,89.31183890560327,89.33044959907673,87.2698091723661
2024-08-21,88.81636707284139,85.86742898580101,85.03185834229568,80.23810741570101,80.31103770020104,79.27228449539524,69.65765152243219,70.46553554505714,85.12854452892466,85.67518211983992,84.8897670072345,79.21520426298927,69.00616348692549,77.21329310407896,85.51155946390139,87.6002746608059,89.33309098959467,89.24673912088636,89.4997710870224,89.69136542624814,89.69007826002624,89.67193744364974,89.36027072247589,87.34578351211158
2024-08-22,87.86785226175012,87.37727039407173,83.64735075929465,83.00036000183559,81.77626039708488,77.14282777442676,70.28133738425264,68.59804243945891,86.48838103466176,87.81587059027166,78.72446361592696,76.31680786938489,69.96932470316962,72.66309595622064,82.92055300319151,83.20718674034458,86.06657342227278,87.85627960980726,88.19264420339144,88.28396469043926,88.32848268289084,88.1674141847755,87.20080572211931,85.24819544342142
2024-08-23,86.23843075113714,83.39613331158955,77.55262970722546,72.28769257084663,71.03123509490227,69.9734313552904,63.323009283772265,56.510274102849436,79.39649471081759,82.50326510915144,71.08871196016206,66.97195643867727,48.32036114516971,58.514590350160326,66.03134315535098,66.83950393633482,70.7641338857784,84.31013033099211,87.6889223128233,87.73426401919913,87.95688150614752,87.80120655030977,84.78485531451176,81.52003810857533
2024-08-24,85.36630939302076,81.35483305339463,72.64911288356969,69.34305657190595,67.1013813433892,67.53709357985672,68.66779584823365,59.96073924208425,75.08627841778389,70.77234413884675,70.70170400660524,63.56580376610727,52.438363509950754,60.386263971665436,68.80663531435111,72.11724837385148,78.11017843342317,81.2794190459725,86.03024291506092,86.76674368795257,87.14611718824348,85.04928849085947,83.33310805656859,75.53602420253051
2024-08-25,80.49818654873027,77.993306384079,75.35469988448146,69.66910031012519,69.55367606278186,64.06007499510761,61.57364395419071,50.37567222781793,65.75938584090652,61.845878215905266,47.290371907462074,48.83940681038143,40.1543614983593,54.139394186464564,62.56315138378918,64.73085853107824,59.88012296040567,70.39850465429893,83.91916193312568,86.62990036199275,88.09862303571104,87.37532997651384,80.76421058788334,76.53481824892089
2024-08-26,84.10644403025383,75.99781532842226,70.37939616646513,68.43348708101685,67.42690413051285,70.35898628639777,64.80441994036828,56.316957096177184,77.35842378885792,81.20876372335323,78.41920129386877,76.9349625987243,64.83875364892842,76.07443161675346,83.52730823624991,83.46161716415529,84.9447513111293,86.71598262875438,86.79999166870782,87.41949550073026,87.28655775769776,87.19532924470289,84.10489285133413,83.87499892105082
2024-08-27,84.06200954001936,79.82269918118472,73.46023726684173,74.59733717817488,70.9065115413043,73.16697986389406,64.15051882590305,60.0589788703055,77.0206298133596,79.37958151278644,76.00011355394193,73.79004934373918,64.08364522210262,74.80730397671363,86.997191473728,87.51937141107547,85.30376361515563,85.61293490303916,87.46556683866652,87.87857653964097,87.77789268572468,84.99508179726938,84.76851348754556,80.0409337490131
2024-08-28,85.24643119239947,83.717531306446,77.35326745355,72.66868509394594,69.67008809683927,72.51515288511398,66.27899496233701,61.58978725997131,82.49792464705651,83.71869683484128,79.40192927909123,75.4318339846718,70.52615060477257,77.75060367361289,84.88623976229788,86.06083542084885,85.92317130674252,87.90273359112763,87.84861273353388,88.05919092661718,88.03176347903002,87.93744599338099,87.7393074363829,82.3828131163946
2024-08-29,83.9598083530853,79.97086714824913,75.24535846203395,69.31148782819916,67.73639312353947,67.09750840012148,66.3815501112119,62.04058175897361,78.25459816694462,83.1032519467777,78.1093542817394,75.56287364213337,65.52214395920373,75.29611896894176,84.15287097125433,85.38980147755906,86.68580534289126,88.37804660498045,88.34296564130213,88.43019608353448,88.39138819309271,88.44564913473529,86.69987014843284,82.5720547067696
2024-08-30,82.79593213291903,73.98269509783574,71.58874520224019,65.39930003341038,64.04184750283109,66.50317410783104,59.21853623688823,59.92659598247825,70.28894088441263,71.35165501137718,66.08255973341825,63.9958352181849,55.42261184845896,62.533702321577756,80.33356364992937,82.60631741236267,80.38672016823394,85.28414829312257,86.58411145426673,87.01156031448716,86.87183738026295,86.216089264371,82.72407654049364,79.17491610918164
2024-08-31,87.81662175997415,80.39494677227874,77.07958478121876,73.03820567409602,76.8093821754104,73.92476364046902,71.50920686966651,64.02559309226248,79.29506743096387,72.72675933668296,66.6679284290611,67.7602272602999,60.56272984937395,69.05384382113826,67.88191441695864,72.36802647946952,76.5135163723416,82.61057733450774,87.50928001879257,87.99007046311017,88.03447977112096,87.92063615184998,86.62270126438031,80.94050888446746
2024-09-01,77.59595482646326,75.3138872619617,71.51393588945477,69.00217179896389,69.93804832063005,73.69585802219021,71.44410698445064,65.93859735262912,52.42232379758514,51.129863841516645,51.185430519430724,49.941945145289324,47.44578164918946,53.241952912410866,62.57722799980978,68.10111476205357,74.02446282050376,78.92038175466135,87.7673903599315,88.30994610517996,88.19570800175731,84.42542494698657,79.49911190127794,75.92520282815823
2024-09-02,79.07275374011176,75.28819840550288,74.74922821152495,75.33370996979532,72.30650557436103,73.32548154279372,78.11953540278034,63.837708484064464,73.86416509063613,71.63534897413956,72.87887930700222,73.66788187126821,61.74608735008502,76.81166699230741,81.54602014940802,83.50037003027924,83.04423043694742,84.99538553856232,87.33127536875955,88.17767277479425,88.30686859153063,86.44388550211119,85.01089568287104,83.45064539062341
2024-09-03,82.1842505186354,79.62939842214845,75.73893249014797,71.12409434368038,72.164754287895,71.56203468717379,70.85770798924796,70.51953963354464,83.81280203528195,82.61028833203235,79.23506512566198,76.63350834486607,67.93369789783642,79.37717287414326,82.91279360378522,83.90345349993997,86.29296421354785,88.63604813458454,88.5035334871846,88.33798792205147,88.16567141087292,87.64081424565585,84.33446306776155,82.46285013348015
2024-09-04,84.62225727233096,80.30588050109476,73.2081588084032,70.41285799705282,70.08224246616592,69.94089755766493,68.11755474592239,61.53160517916731,80.40915745082567,80.21519938037784,78.9923995792424,76.6071430052641,64.20638439980482,74.09158785238155,80.16991930568739,84.47258810497014,86.07084218601402,87.73653516359968,87.64522650729948,87.69543219633402,87.0234606445318,83.61208485260629,80.59645620403761,79.00203169231365
2024-09-05,78.23585289734768,72.6122537445741,67.48653523477265,65.79167461391242,66.51719611864559,66.22875373209976,64.26047475232498,56.929637296285556,73.50595463628454,72.84311162835294,69.50745830164287,66.85042980292086,57.92344678710622,68.24432090113093,75.20680151063958,78.8480370710938,78.91230726561189,83.62237778032426,84.90094274737494,86.19899533989927,86.81239845696406,83.35678029136322,75.90906928829148,73.60976797591113
2024-09-06,75.75967930739719,74.38656091160529,69.31363475628581,67.79852220132244,68.31854741694495,68.66791149826427,66.8450308402833,62.289099360006354,77.11969474036567,77.66736139704409,71.9070138197829,67.81478799426591,55.40636891804653,65.35239843558587,75.20518212764249,75.99546759625224,74.47527144947081,84.47011945197336,86.23144303475728,87.0997468201281,86.83728500325162,83.61106597647365,77.90680016151694,77.78334016917292
2024-09-07,77.28227253752222,74.96840487340538,71.91127677386102,68.14048277661267,66.50530686966316,69.37475330179134,67.46789743366692,58.97211022217208,80.3852861406789,72.13252278185655,69.34602437579396,69.62596230857561,51.35710195589628,66.50183738326852,81.10522242858218,82.90872333455414,78.95142533153803,86.17371227214153,87.71155736283468,87.85572234821876,87.66048851559772,84.76451416378654,77.0343265910339,73.07757807501699
2024-09-08,79.88478501081103,79.16552998845694,73.85434876621696,71.49689308501958,73.56592096343182,72.43644779439207,71.57035914387556,58.27025670945346,48.31924213808135,54.13029495983749,41.80724077983235,39.09357036988905,32.82838753442314,44.58751585783097,39.17588461792818,41.478822088429794,56.15822892644839,66.81220605375945,83.96272214825939,87.38250387613448,87.60870853653931,83.85918270747246,79.53325491367852,74.0019384087158
2024-09-09,73.77087127631013,68.28778845610071,64.83766648239698,64.97831676429075,65.27194083507302,62.01504438695826,59.83949274811685,55.67971620406643,70.36659640030405,73.71982440584394,72.57209917255516,70.5726625964521,61.16915569901254,70.89702219010286,76.23593091897361,79.21201636488621,79.33941425546486,80.858313649335,80.60944128918764,82.81398737641575,83.97029838793634,82.37063978686159,80.56713384592919,80.24704662698558
2024-09-10,80.9792785742671,74.92278643760066,72.4790207354078,70.4625028483705,70.40075492678737,71.04129711029138,70.54602080948051,68.32376503668534,83.28424583750582,74.67630564953986,73.06082633318734,70.16107716790695,56.059130502879455,72.39671981693654,83.44104105259673,84.01054050032215,84.8127970619018,86.89695041863853,87.03630243602917,86.95762375284231,86.92079852502592,86.2211934128306,83.15601231067234,77.54956002694571
2024-09-11,79.49336618768352,75.5741126720945,70.58147191026922,66.86016423436396,65.0384247186308,68.05183991659177,64.02039043493224,61.26610293839678,76.86841434085875,74.27912523535893,70.36878803403432,69.863292203185,60.6640541895122,66.65483799184942,75.86432502402765,80.13227438797011,81.64253557423537,87.77286637970582,87.96368007169781,87.81198090847698,87.67965851954779,86.69745108538326,82.47454288793138,79.0882662056898
2024-09-12,77.793162555538,76.64359872651582,67.22518137039803,65.65289398196764,65.90642281826015,71.09328098896665,69.92780016714039,62.30833571520764,78.80607152487232,76.71591793755285,69.25908538996757,66.55868480949324,61.62132338828963,66.59186230702014,77.15195873098513,84.45084622045458,84.8075997519033,87.0891836520231,88.37427444372186,88.50538094114275,88.50966402664652,87.61321969770071,84.38752891240784,79.69659684943953
2024-09-13,78.61020928925782,74.15033103051674,69.45820134199425,66.29055310069418,65.41444170814718,71.47140270755081,69.27723428805578,65.68241123201986,79.64912764394288,77.67776192542686,73.4694044392567,71.61032934113113,58.6472759940178,63.750226254945,72.09355267090153,79.28940425526532,79.59599664290731,87.52727399194958,87.55963309775599,87.48587906886122,87.41453620958688,87.22646821010738,76.03208616569745,75.92647770251486
2024-09-14,80.56371177568785,77.58378027833112,71.35742565752304,68.29659204692335,68.81158500226525,69.34764487730023,64.41574887626099,58.12581844974158,69.15676854799625,65.52004868579512,58.566855531749546,54.532727751008366,42.15976534405831,56.94742843794661,64.90322333036653,67.15359311442126,73.79923021126565,83.41281595158839,87.7032877810585,88.23919395170233,88.140482799269,87.61495284994318,77.90030481286414,75.47294126703707
2024-09-15,78.1561224926188,75.46815828772232,73.68466649683786,73.18133375093217,73.78365621897754,71.99470339258531,70.94111163540212,59.439815771685616,47.92279079479229,42.31242712101617,33.830736769399046,30.992876977517632,22.672334090154997,30.675158067969154,34.950401131948105,36.95501874297883,58.16797435999267,79.83314987583933,81.14234549329376,83.20467078729044,86.93716113221996,83.05941348482422,79.79294405155893,79.64459810340342
2024-09-16,81.76395094826661,78.35020341784303,69.03530196882296,68.20642083194636,68.55098716702967,70.68218763629997,74.09444570326391,63.62832270386608,77.71605175893846,65.57363549295259,57.92672551025701,63.77625116174331,59.18497939169155,65.28707624704323,68.99908888899405,82.97027358421363,85.35779374244662,86.22464849924444,86.29190527116873,88.64086825284492,88.81948624461917,87.45846053089097,82.48846012379934,81.19297894219882
2024-09-17,80.38902439528586,73.6675354273481,68.53480155548586,64.64725571952857,65.220923936039,69.41100051088837,66.24834647115338,65.11261161671605,81.95146401255303,76.1626320856,67.67226370489674,67.74878444777558,57.19449900289799,63.01165969793442,70.15920161218895,75.52573651129363,81.55600467001969,88.1608358508755,87.21635947163409,87.90885236096733,87.92361216658661,85.59602461655241,78.91388550050361,78.10581879337197
2024-09-18,77.15187736407012,72.4694123477091,71.82544419085063,66.36230415388457,65.48001916118453,66.7290749196372,67.95748618551585,67.10386487220674,83.79828985774033,75.97119020633919,63.62434463485775,65.47036494796765,51.10254880410351,62.827091345208075,72.26289284882807,76.97808513827502,78.05728089562186,86.73964281626587,85.57057149221929,88.33968357802507,88.35220384119259,81.83942895061638,77.35910747103499,73.54957655391382
2024-09-19,76.18671911812277,67.3311065946587,65.46813971835401,64.02512728410575,62.118061723433215,69.87841228958976,68.51810432607192,61.58046066087891,71.59660366781166,74.88641991967673,66.20045161639585,62.96767794123147,51.63179671217879,60.155963704142316,75.8051732491907,77.31905078244786,75.38037723624426,83.2712647635633,78.46773549965225,81.36732001717147,82.44278639602977,76.23217271273764,70.80021462936172,68.52611446287355
2024-09-20,74.21207846279461,73.47575982991444,69.77382836082663,68.6473125637426,64.26993557215384,67.90103608528351,64.59634156108136,63.41448218830623,79.82507737383621,74.22997554655647,68.74127196555526,68.7870092745838,53.2922922077621,59.69886447085359,73.89843288005449,72.39819454484446,73.25439518861847,76.63406801932628,75.81043464560359,76.94187970972386,77.1042505892111,75.81038435905909,74.63539259972976,72.46903192037507
2024-09-21,73.98959142982964,72.96101765391725,71.07800599855281,66.9401501040826,66.53011494004348,70.18449775209476,68.3526755280972,60.1603292854373,65.80016996865216,47.46226300513524,41.84792841088161,55.79175115918421,47.13027357421754,54.28815036707389,65.10207968745657,66.13405676663018,65.69693030952729,79.13031432598228,79.21710400199176,79.30806516645,78.46607334396556,76.86646807317517,72.80388353375514,70.19841326608454
2024-09-22,71.08296677777031,71.40820184947235,63.67759180469997,58.76111496612684,60.03754594918915,65.08327556585358,64.38891942839508,57.4728882285698,50.917944731417435,39.96304357918639,33.50897636800066,35.60790300773817,32.56077189026968,35.13278579146113,52.02206079203377,49.530423893771456,60.10514789979801,68.89676744317434,74.53757771698642,77.99739657600097,74.91045623147802,74.72082763893525,67.82718888937617,68.7622499862802
2024-09-23,70.05557985237697,61.63618096362853,57.23041629941189,55.66663421512728,54.7639317428909,58.70072565070411,61.82027419432345,61.035833940174776,71.64463311054105,70.91231356487593,65.16856610682474,63.837098370207066,55.177201904936545,61.88162827563395,70.8288998357312,71.72861081518593,75.1814441729714,80.32377074624664,80.22311663202142,81.02817918953453,81.44462451569352,77.41187229283288,75.59288543731195,70.20450737242619
2024-09-24,77.30808452996511,67.51883957138702,70.64141521974369,64.68540098046525,61.41347118399571,63.579399836224304,66.04002900277935,67.76189166723691,83.80457880114136,80.96662783291957,69.84070441475909,68.06879658467355,57.9734388053796,63.348521949037966,71.4746241580947,77.49069109743715,77.02271877109506,82.28329266413948,82.37821316438298,86.49079790727399,84.64501934638287,78.90366079828947,75.58757005411887,64.47164095978201
2024-09-25,77.11776471328993,64.51724116513914,61.049020679730766,58.63965801951706,61.32502464734639,67.41322727601492,70.8375667820296,62.68096924809162,80.6254492730826,73.51012084740479,66.19946652944408,58.53155841244758,48.85872751569193,57.58587378781183,72.73372166873716,77.93750562632886,78.5501698985085,87.44470526443894,84.67155585507403,87.02457583302424,87.2555940228694,82.12904397277052,68.96788568664242,62.86671544637665
2024-09-26,80.16517011765796,72.26026095644926,66.40807117012903,66.06428397209648,61.05179055588021,62.972254381018324,73.6030587823556,70.760094598985,83.39317062922537,73.1006314782129,59.94469029027625,68.54587898615425,52.981265244038795,63.0289123978521,74.37371182636777,74.96827283708407,75.56336395707085,86.41277006908881,85.66826703400103,86.28539262694443,86.57465531420092,85.87850596788682,78.09112726459965,69.13760536076809
2024-09-27,74.67103695706818,73.54759183110592,65.88688846213893,63.248456468109644,63.30812888423064,66.80332036935074,70.92667927078372,65.50491003017027,78.7976146131075,66.86777188231312,54.64188575578448,57.76071759327361,41.490787905079685,47.02305374547845,71.31477777841121,74.098598253474,74.14949487328386,85.15267646827557,88.42185558734127,88.00529190244497,85.12172856791148,78.438554711898,72.73733785225704,63.48458172122751
2024-09-28,76.92298545632744,73.71437711365272,71.77129835828869,65.09754934861087,62.85610459917413,71.20912682294714,71.46371438627365,63.75877692405573,66.33487597614094,60.08634360162376,58.98785051631471,58.56509321941547,40.31132651554139,44.81108023976645,57.96902685288976,65.26303758934385,76.09437697961081,84.6502129998991,85.7647994271844,85.73960312179803,85.03905680169518,82.57317809810253,78.19482450077237,77.3155949369266
2024-09-29,78.64942048415162,73.6992765365865,70.83666416894144,70.09000900458304,67.62002060549024,67.13394608645403,71.04691367180904,64.8740532267886,64.34770676387657,62.98591766617026,52.40467097612146,54.179005067537666,42.1467922160878,48.88390184605334,52.287669275567936,49.51046902583513,58.109817990227235,79.74214303474774,81.35172483374222,84.33153739030531,85.68278441554199,80.61888247586647,76.272167542348,73.0842915628561
2024-09-30,79.54528463698438,73.94263884327609,73.28556328040244,64.82833064699115,60.63467373938027,65.12720063007008,70.39870196367521,70.69622849770559,69.27315615299051,67.4964527359075,59.76860803609869,53.816947884420586,36.13739784590276,48.955066759638136,57.7213068957254,66.45622722780247,70.88252449917654,85.50670450444902,85.63519850912378,85.50224740070396,85.45294924125119,85.27204542977145,73.1955830476103,73.4815711642503
2024-10-01,72.59266882093812,70.67571480108543,60.51498786451025,53.45148019001417,56.213755791771185,57.33391907544146,66.5779237929028,61.56694418039428,78.60596819587747,75.11982368281161,65.53220910535252,51.3077422822867,39.968909833507716,51.52275674454322,71.45310007784636,73.45616510059116,70.09904389450118,80.72836156099044,80.8321002856511,81.00675213146489,80.39805645065044,73.99895691880309,63.30490267959467,62.33173954087296
2024-10-02,76.62829823258153,69.76937477519908,66.91010303483412,65.58983084087733,62.73526058501368,63.08056464612924,72.81215759577383,73.49743642825295,84.77232489611544,73.91345524577292,61.661027950866625,63.48040838201286,39.15086365044787,57.02651434280519,68.13882236481798,72.17861259289378,71.91434891854986,82.96488989375757,83.81063538941486,84.6623890232238,84.36956244077028,80.7835789404834,69.35524899935824,67.6902871076774
2024-10-03,77.23530544104322,75.92625310767194,70.54565099562822,63.646519566878375,64.45104265197202,66.31783952059396,71.65313093014663,74.09906088601731,83.88999359020032,72.28994291739366,65.92211917959345,57.77575765951455,45.33171389016227,53.58209437525662,73.85980929088076,75.77647156342509,75.1275654092825,85.12919890699231,87.04051002945863,86.69158507035071,86.00082427504005,81.46842065811947,76.9611151412921,70.79907067680291
2024-10-04,76.80995657769363,74.25919891228455,72.6981534771636,69.77961573175529,66.9535918993188,71.45249105042328,76.41548225187958,74.85814187426627,78.39366012356113,67.88473727326077,69.16083300076092,67.23296148560367,39.50431310671358,45.723641320729605,68.07835340176419,69.0614334343501,74.62035261430594,87.45738788546008,87.25245765707729,86.81192817605255,87.24015661124417,85.60030941108825,77.46967847178026,74.44081900550765
2024-10-05,75.68863361269152,75.27718392172495,71.19015940847837,71.70794729225217,68.7466003169196,70.6371171136723,75.94034362067177,71.2513909175803,68.72993404853081,60.14536800275337,41.605300689063064,39.67427612335394,30.06017642070952,39.07399970692226,62.2964986749472,67.95387648243107,74.91549941660881,84.02943862667315,86.0473387749814,84.38349646110093,85.55711797978283,84.29042434739208,82.88690719528678,74.41609651085157
2024-10-06,78.61605021555566,77.79638187324078,71.27512919548369,65.15611701718886,63.25197767992324,67.73186369601602,70.3661577650184,69.9605526149683,52.07619264959033,42.554348707056114,41.70615703450936,36.14437029191164,29.968226027942023,33.14866158105659,31.79747277300878,36.59146627314992,51.64891576834699,78.59511592024057,82.50871208998544,84.49443622079644,84.07069797130036,80.5142902065851,74.97776060976321,75.77246594656141
2024-10-07,73.41845442800553,74.54069488860789,67.79314512980832,66.14977554511671,60.91842274176872,60.555673680097954,71.15094307662788,57.384876635779165,75.52369284226963,70.76573531220447,63.62529347433971,54.8754843870818,43.6553592337853,50.92975048824038,69.66085724276998,70.71227474583618,71.8139763296735,86.87139780379871,87.45825429126515,87.39264267490567,87.12395034643416,80.77777415027693,67.97754039177508,68.34053506080349
2024-10-08,74.6779938539799,71.48043634303389,68.92428792209085,65.21409773010852,62.94659657450117,70.49117122325329,77.96997554226468,75.18415001446287,82.16307129745114,76.87646762110653,68.40450591438797,62.75250204028796,45.58337576458431,56.26290387020066,66.93337551607186,70.7324359675627,80.01737019679865,85.90334689876694,87.77099580670883,87.71034304094312,87.05259341430352,83.88239285701422,82.10169894126366,81.23269653558452
2024-10-09,80.06774512343787,75.78583852628992,72.28871549441487,69.17616102175651,66.29687714841263,65.95797750871843,73.78310093873894,74.47952342269424,80.5559848935623,66.6152330772665,62.6318560100816,57.678132690824846,35.957460115528924,53.790685076844746,66.02182308565162,77.39937412651439,83.5576554309911,87.5805748556801,87.58594374276794,87.61410363480606,87.1718113785919,86.68687555613556,82.64000381517437,78.61576890505222
2024-10-10,74.73708202563597,73.59878565597867,69.85938080440431,67.83006604561773,66.73569445055459,69.19004222599814,76.12254852260104,74.64438759819039,84.82768450183157,72.00633651845371,63.40104436964911,61.245991093766925,39.54944668081102,50.63082743309299,59.561532381701014,67.8307999797874,74.32022054368248,87.3272259722603,87.67801963172569,87.62298530452121,87.52330546907837,86.47756989657525,77.62445380662953,73.34038915661613
2024-10-11,78.75026365671346,71.39709733390808,66.43873114011085,63.158828108334895,60.212872324681975,64.31697037589021,74.40526102450302,73.61087786647678,84.13263662586776,69.98102707288737,61.92708216287673,57.913473858241524,26.096987851169157,37.33847104226129,70.0961604360629,75.75447602902062,81.20838469023896,87.74444485038535,87.6763044170624,87.72939194995753,87.60309866494649,85.46439467018523,79.301327426853,70.67332924350268
2024-10-12,74.68315836009992,73.07645603635041,71.53928591733298,65.59104072701669,63.20202570986735,68.89274457092968,74.61187097997303,68.04406545962358,71.75866130600934,64.48537303821536,53.836829428492855,44.402893524275804,24.624540697919194,36.44801220175611,60.712270266957276,68.87686591262653,78.03208764205968,85.78084444803412,86.62842891316997,87.08072328350995,85.96451766234111,85.95492143918045,80.77463861047741,72.28073443744351
2024-10-13,78.27740838572922,74.19327276168882,72.52605755868758,68.75295542666413,59.19986322681753,61.44934740044761,75.21332656086196,59.87660365304378,59.56981001729121,45.180616174744195,32.76768295704565,23.598505932793167,25.38445467899774,27.928535304160118,37.42695357720631,46.65891577942233,65.93559933835515,80.33707453970392,83.01124507651404,83.0210007522939,81.72682269079863,77.25937368086106,72.39686068057608,69.83316278372664
2024-10-14,74.88165460934412,74.00234543421774,70.27678341990699,66.02975713839035,68.39625813659636,72.2287931497091,85.69226864968573,78.91651067779982,82.2248108475015,75.7140875660555,65.30945704677235,66.86315621380382,53.32929568338031,65.67614957900167,72.9480255080043,81.47689831000531,86.82217994017553,87.58080968483853,87.48159113901905,87.3652607194451,87.18283930320783,86.32690285412008,85.11719619757658,81.89556486903253
2024-10-15,79.4034634123034,73.68794217326645,72.28326005413227,68.52233948061283,67.12991767969818,68.05277523660276,74.32917665089138,71.78748773663231,83.21371042609583,76.83118331307165,75.04500363940758,68.32188272774553,37.6473170286786,57.978095144998086,69.28622460526105,77.46295584540267,85.19390141145605,87.36380257335715,87.24230276855454,87.14784149457793,86.68454757609938,78.40924986242153,77.26868389155837,77.26302035485169
2024-10-16,74.43881955175205,68.42873641053129,63.33932318622398,58.57263614349515,57.482168555587656,62.78162320017964,69.41758699714272,75.11675982861391,79.0644477585588,75.54390419957231,70.08779473438793,67.35690581386052,36.5921959663127,56.47136338136649,67.10556647504693,69.63983129927051,72.29861171288408,83.2834479307756,84.4673958871694,79.43986091603523,75.55941584132256,78.39386519356147,71.30186686435486,68.65087798828141
2024-10-17,63.77848188555149,61.30742463988396,59.21615479882422,54.982300799653785,55.277383336015596,57.454843189546246,66.62016675275687,63.145642222099795,75.91406495146609,59.26019767873086,50.58366534706961,54.67181383076253,28.44079411732855,47.16296769370218,55.6722229229144,59.16570100373306,71.92324702125356,84.7240181603304,85.35764864637373,77.0294210456419,76.64314148714327,71.89063959753089,65.81106014358363,63.913780081141205
2024-10-18,60.422665654434844,61.2688631714696,58.534298941685,51.66138128058596,53.38282635586939,51.54393438006182,61.96075075600267,63.889992120927644,83.17322047917379,67.54327444846975,61.73277757842251,56.474985106836264,33.09472832868648,35.23334910689893,54.61231616167955,61.69208829044317,73.74982123950203,83.62615470092453,86.41032719316881,84.29224087777094,77.4987095433763,73.38823278750353,72.1752912043637,68.87935931571633
2024-10-19,73.28232363291912,67.21215304423541,64.39072485098893,61.40256873573985,60.74048568408351,63.522561295756525,74.13242404812506,67.60389739509414,80.66460344974718,76.65106269473564,68.55517000134523,56.06818628810774,32.85029695384313,43.73122984557833,57.25485160198581,60.907120501872214,70.55570003545061,85.76048334529436,86.00855597294378,84.52222700072008,81.9792533035059,71.914144756933,64.00462347925496,59.121793535729154
2024-10-20,66.61087388619622,66.59762037688942,59.140250451980144,49.70112240491694,58.546699921592165,57.79622633530625,60.50655786863078,41.00656601375338,38.90178559326528,29.635004222913683,22.47503653759122,21.960284578528984,17.54769043526981,22.07428471484151,31.778111706593776,43.05489770441083,68.02747800425975,76.96103102742825,81.72633127742971,77.4585686357398,75.71356384563545,74.76813822147403,70.01563699703233,67.16501593948605
2024-10-21,62.91880947851662,54.190640573521705,46.367012903973986,44.59460627479602,45.35883745710284,52.6786692333301,58.15508063357234,66.42882945188366,75.42687052025629,71.06122498141693,68.28249066629438,60.84625835045836,43.62788202975256,51.70866312822445,58.39464051940461,61.837751141163245,76.19764379213287,81.44911748582841,85.55602931290666,84.57358258864888,81.81056118232044,70.92440943589085,66.59498015504865,61.3670941101161
2024-10-22,60.172806148081136,57.48819307243686,51.92749338246521,51.054667814751426,47.9426589620431,50.610455246645095,53.54477066157144,51.086439401153406,67.76763801944652,51.038814189865256,43.38169865282953,44.54758244334956,26.07882653753796,40.78326241278606,48.8131642270836,57.59456641009007,72.16331645581812,85.381036180737,85.27870667376519,78.99366753988953,76.22345547864323,73.66484430913594,69.1228638456698,62.228023084738425
2024-10-23,71.36919479541672,70.2888865766219,64.8821499461705,59.6799417403401,58.33471849342561,57.07564259261077,68.95923630261686,74.81601661323843,84.48201864917849,79.87976490053772,67.21305876697666,65.8401545988424,35.55917930163033,43.49022707038191,62.07686602148271,66.44340019861473,76.02703620762641,87.08300974645674,87.9146243378502,85.20190032079296,83.79556478378001,76.41225961899114,67.35370797854328,68.66632957956078
2024-10-24,68.45262279048748,68.19255671192641,56.790491499549596,53.6718507436961,54.66360160754184,63.47992230367845,64.460383612727,66.01167965163852,81.21304247258662,67.46985410158389,60.23132333833347,64.18398646226917,44.213584874223095,52.30390731436597,62.08291332361763,60.65994902763757,67.51544616419565,86.67368448817528,87.03523514081664,86.97334742252453,83.27762331486264,79.23783337297314,68.35890887290896,67.0266811033787
2024-10-25,69.86052221733034,69.74639005618123,61.34601328629054,53.45855392914959,59.04269923134909,57.313471542582356,69.51968707254473,67.76529701474657,83.7623375408574,68.70443277632756,58.54356820946775,52.48327495667975,30.128571757789857,37.592072007206205,59.53080972409995,59.094264807820146,69.56263180751336,82.83210765700198,85.44131288554881,82.5237818803463,80.94143056192615,78.55935692264748,70.69232939736155,67.2988386457312
2024-10-26,66.79583867332734,68.86887619971591,65.1709642466026,56.73218730698883,53.9477851956091,61.57705793325116,69.28165253430656,66.35963106419312,66.17615587510275,59.56124875180872,50.85885804083629,41.43082262033626,32.96232212387835,36.454298374673066,53.33583723050643,59.09299018780102,69.7974570325675,82.7451762329784,85.03085489127302,85.27134495759353,83.49240771635147,81.33819740290016,68.99005807537584,67.85646153842791
2024-10-27,75.58911778692458,74.93062680564147,68.89299422642517,64.91130444415545,62.91688302578532,68.74996273241022,72.95110873285024,58.45904498577236,60.73781623571292,50.79558558447861,39.21121012047325,30.635897780477556,20.283914467530654,30.37659853529358,35.858428355764325,42.50937460558007,72.90266306046718,85.94200823133153,86.40757327067469,85.98098652577474,86.71625504926709,80.75771830842687,71.93756597683888,69.03641054819593
2024-10-28,72.37888827962274,73.43852260943358,71.06480231590481,69.48221535284152,67.65026196865244,64.66411174983071,71.46379453243134,71.84006339423614,79.70152491950586,73.78671164453911,62.025642198282554,58.477248245367825,46.2284818732936,55.813814480853964,66.01090925625991,68.28442638411494,84.57483760986108,86.48423487748012,87.25880118965688,85.01825976438045,84.67398860109638,84.27744035069533,80.30811605116024,78.44775301718133
2024-10-29,77.49631135095697,76.36158655801445,74.51319490741665,70.78924026740994,67.21059628213379,72.97684060588202,76.51575223982093,76.92273137479552,85.88087836361763,81.11344421765936,72.00631259049844,70.33870960950979,45.42476763273254,57.286179113704165,67.52861350070208,72.91456961674383,76.08131540678642,85.78388710855741,86.10600609511552,85.92043868247694,85.12883486850438,82.49174426296003,73.37245090139731,70.31747563407824
2024-10-30,70.099080051931,65.258441677535,62.56471022152631,54.27852781507284,55.712140114177295,63.84739027638285,67.69680562662336,66.27338568078996,77.54337444953138,63.12843207491681,55.9290352840079,58.36207401747533,29.107278253842086,42.01735960770994,56.70474371580971,61.9547385208535,69.32641602518213,86.0558647574432,85.80257472150328,85.33178813513695,79.89063672939174,73.9753439894865,67.07362433827485,67.48935068446903
2024-10-31,72.27656122056077,71.64631418357278,61.095746494718625,55.311763847948,59.523130647496046,56.27040543543048,67.97194042818575,65.41388472430475,79.6786279129899,68.04718022283949,63.22693818713046,50.248852507148506,29.23167746319397,37.81218541870341,59.216037760827696,66.39570508060628,71.21346879722277,85.81295091741323,86.32914596423188,85.25364195108615,79.1883571810426,73.11458473202323,67.71882131495545,64.85210070255044
2024-11-01,74.31019726835187,70.83192505378928,63.78504872021142,60.428770278178966,57.59418298412975,65.18937705029123,70.39636525505657,75.69973461811678,86.18083240089885,76.69138060834155,59.19292397472532,59.63918311560189,35.992175828403596,42.097082782831095,69.07628259234829,75.31281361692427,77.66942233695319,88.3407402041042,88.34792332753071,88.2844499304346,87.45101711075866,84.36700840145846,72.66089083216023,67.67050231384259
2024-11-02,77.00701632523136,73.90259798946747,68.35823953189634,66.73521483002494,66.18369440905138,70.40313449488939,76.27376783238621,75.6082023382607,85.0707458513523,77.22724396220278,64.80388664450278,52.54863038405592,32.966092746476896,40.32796943985913,62.13429389646846,73.58892061445124,82.36995772905408,87.18624124278386,87.98774465803517,87.29261432351502,86.07151711444232,84.70368037886952,76.87106122614169,72.47558769930656
2024-11-03,75.59603403599954,70.64390940118629,68.69818330376114,68.94312475196604,65.71424621642284,66.90329743755599,72.52249419293749,68.60921664403767,58.71705650444717,29.35818625961101,22.12052253164017,18.78732181834417,21.792109409100227,21.309199634761082,33.88664041977612,45.687263230800134,62.218087085127415,82.71116217370447,83.58181729768918,81.90758248632424,81.6332147443575,79.86921152199615,77.22707394484311,61.51723589450922
2024-11-04,64.43862619032417,52.56727263463097,47.45972873424915,47.37919627974615,46.38837064072319,54.39516274830766,63.956115531290834,67.41420234771978,77.6438915798449,69.617391104977,59.16752105957965,53.816958841683636,37.19528748014693,44.91710839090562,51.14126381443507,68.61382281439381,77.56800792242129,85.25093477188835,85.37466716432323,84.29041418271883,83.51660459597491,76.16371483962023,68.2543436127526,68.18464729433444
2024-11-05,74.93288559777142,67.0288504353294,56.48475442361945,55.92399162376255,52.914760698598755,52.40524070913638,63.85031922435442,61.02833104441647,65.15005278724708,58.63522634931669,49.37043255309753,36.09224594877051,32.86340075889621,37.50902968335979,55.45247332643873,66.40691768646035,71.35234981689622,85.18934113039212,82.06745668233661,81.66177031023489,82.05365839800211,79.75375565913373,68.79703778682538,64.82966357179009
2024-11-06,68.39284525428776,66.43203027423473,59.17825793125501,58.55373555764812,57.7538717131353,59.98505710435259,71.1986974103478,74.85424162817228,85.52999002005369,79.2061260938135,70.0112417980404,64.37554959981152,41.40694765573981,55.870602111071484,64.4973831443669,73.33978485101564,75.37862256085121,87.6083852179103,86.95076351717796,85.537541539366,86.63436328923235,83.52459587354602,66.00591251538246,61.836989372884325
2024-11-07,72.60974922947898,68.76445104062161,60.510826604918456,57.58578300723122,54.82307373273331,61.108347983580806,72.78147073791138,80.14475852057555,85.71824486973402,79.82717496381534,61.51159329260365,61.479056843267244,38.24665683397078,50.84132916396551,64.20928963333799,77.08498672062524,82.23184290527514,87.57388784196715,87.31488097967821,86.68194957176443,85.59579760597316,79.8256572517856,70.91128948922787,65.71441326097872
2024-11-08,74.76260628303461,65.66243630718658,56.70134934883984,56.10858777251425,57.8485678751959,61.51067909755084,73.80283372552827,82.52533845685898,86.81577464476129,85.35859615571171,64.59208434800365,62.760038485710744,36.73438357689335,40.50189015579032,63.8228403188492,72.08501762419131,80.82257390613273,86.50896215613487,87.21604763104747,84.99223487542339,84.11164490371438,77.76042570226592,67.23494583160928,66.31242926892098
2024-11-09,68.80602380673263,60.00689482256625,64.32317707020837,61.55813081249923,60.53634643305868,60.28427299848709,68.00457551118706,69.98795883092976,80.27012444324947,61.98326038738462,50.60582037702938,39.48643278853111,30.209063117367688,41.696179782375935,54.24528576936768,67.01599083089675,71.38182652410441,86.03930738633898,86.94509837810538,82.86543381143103,78.64474698924359,70.4364360412597,65.10352327333773,65.36885198288569
2024-11-10,69.17494404157594,61.85877369697473,50.259004467739594,52.79571180779449,62.65653586797355,66.13945710584366,73.01073764025966,64.07102953797035,65.82147967654012,44.71265675290973,38.32760258252925,34.900507646439195,29.290709189576734,33.11317957123592,43.62576708380397,58.11256677906702,76.52983667139682,86.99139035845111,86.93832647723916,86.30039799640993,84.30884029655654,82.8584516971307,72.92386062447507,67.29852869575834
2024-11-11,67.8822157804353,65.15652409823704,64.78987096253415,64.9875382405253,64.51513068708287,66.83603033752107,68.47230355846209,80.72355624690846,83.60863184791428,79.34211192392081,68.96505353747617,59.128378436824136,48.68003425745964,57.18527354492679,66.62696167451625,79.64280627407803,83.55093725302214,86.75788171898346,87.60242806883399,87.6794720655676,85.43649229996424,82.48509707261827,72.1316942706812,70.37140609213579
2024-11-12,76.85045016749828,70.8557697955255,67.06999685428914,63.658575319961805,64.85762018455695,66.58578478703006,71.42447800275347,71.47109547572552,84.65540477545291,78.45677521379501,75.30106039278196,73.78395059508632,53.18542231481985,74.12794136337581,76.67089482919343,77.06514759401529,80.75053562076491,86.94750721453285,87.08528563051097,86.5870377669472,85.89937767921245,85.57026667720724,75.02238799111929,73.28009678464747
2024-11-13,73.16913293668803,68.80765162853776,62.41635165485379,61.09600661770586,62.889286191156806,67.24815878608455,76.10027442232436,82.2816381427815,86.2407880865361,85.79641202772645,72.39429932557898,72.76827808874327,49.570695302046886,61.44664393314728,69.92741755276445,78.47859028044311,86.58567911481789,87.55171256718667,87.28359510598432,87.1831769087101,87.17460997904041,86.76184866901659,76.3034207863818,71.31691816030822
2024-11-14,74.94871415564299,69.9381513258183,68.5714556459496,68.22115094720651,66.27078598132508,69.28960315746625,73.26472600010828,78.19944989441812,86.80967597609524,86.07926969871465,73.87989089116553,72.51600451178426,56.772602361464145,66.36897855150744,72.94208547908029,79.25886133066646,86.45152259057551,87.31212062456915,86.9929661223198,87.286384375356,87.02572849231188,87.27696565005661,76.45318169083359,70.41225202583075
2024-11-15,70.63784693021395,67.30544130981575,67.94057154560532,65.9894493765255,65.5256646003532,67.73055631812954,71.253725629913,71.32740430914856,86.97677089667211,84.24585168476325,76.44809794377271,74.66828274012148,61.016751980321786,68.2355103629693,77.8326215802316,81.17189514524698,86.01547169271647,87.541968305999,87.43543736043772,86.9919309753283,85.61047258775099,82.49418362289337,71.92740148130065,66.156974888584
2024-11-16,70.75004228976196,67.25213536471392,61.45137686879714,57.42404493138586,56.7191332222686,60.12200965669928,69.3116786606113,67.30867990600285,74.89867361408486,66.31202785222247,61.13417792819854,59.63342846279436,47.38315012515347,52.338096227937015,63.811275128750175,68.22828293557288,80.80078082097161,82.47575637421377,81.7371844541778,79.73459616918902,78.66952087154398,75.37255157336023,62.90829991001084,64.44850159142761
2024-11-17,65.50725524034789,63.64523486554991,58.976615405256815,59.153539099389214,59.18721541558551,60.4917562632938,61.30407007777239,61.08999124806068,67.22766817441263,65.3258190040666,62.19710208127708,49.91533868014164,47.69939026139107,57.47821440364643,69.56785767289611,64.88923063619157,76.71753310146893,79.48889196105236,84.84594673007098,81.2878466858831,80.09133440670287,75.86625289245448,70.47541546340744,69.94819237452155
2024-11-18,72.58086265864041,70.9882879404043,66.72411515933143,66.52575472039422,63.432428834166835,68.1655076735139,68.82536548298185,68.21257643257505,82.20419746875689,81.8220863997782,78.8377879953434,77.76419110740656,69.1532167070549,78.27275837258799,85.16374121317725,86.16933424633876,81.0516836787635,86.56092904845676,88.20598027793044,87.53652077158065,86.84094505288124,79.13120919123656,74.82618482865082,70.5164014983399
2024-11-19,72.71701755922527,69.61641726236122,68.54298153218564,66.6758763367566,65.59555557005761,65.59398592501584,75.60568377727972,77.74117642524442,84.17516869918067,84.93269589197267,80.25880795776403,80.55539761062329,76.95397838075333,79.37938494235823,81.9155338447377,84.84410439775084,85.75868053027533,87.05508488062426,86.82322441806193,86.34040032960988,86.52516995377394,85.22401319201884,82.24320004592936,74.50517957935804
2024-11-20,75.99118152278169,71.0369332238234,68.10325268053586,61.84528993807179,64.45546734215408,65.7537770984501,70.02769471277234,75.66908924047976,80.95116522395082,82.71692036762585,81.19159818473891,71.25953187686336,64.70817386645871,66.52059576854083,81.0596383315826,80.6629735596533,79.80459247654517,84.47536142984848,84.19471393405645,83.30821439810973,82.54956116597283,79.1262485400853,68.4911714468085,59.39713825072312
2024-11-21,56.57996671384687,53.238087959135534,51.31820818357553,49.32848266239628,49.62982568213898,51.2270226781302,56.667216001997986,62.40198168164543,77.00174370876844,77.22929388168586,70.61119542127767,66.73594343612936,55.719059058704715,60.3172736888835,72.40590481109511,77.2104549545758,83.56078734972385,85.6595815819211,85.78371216046136,83.6390886838715,80.35617252013954,76.40893952122845,69.29698156488591,65.6580047411173
2024-11-22,71.40851613730644,68.54042722488738,66.25602706373301,64.35224717778654,60.24297454586643,63.375995443386,76.76231546544273,76.75291255550889,84.7691689131046,84.94261131192522,78.10624396184268,72.69429675623473,60.95473190391768,63.68557302803392,72.80287783975541,79.12340050075095,81.4333045843516,85.96950115759512,85.99624427052635,85.3471317207244,82.97226154494447,80.93962831198426,65.08793668884744,62.36413841162112
2024-11-23,58.89234526792185,53.23697673643982,51.72657144917139,53.10993174880089,52.470352327373135,53.215697231340556,54.0482322501978,57.70676406714429,73.71866096073273,74.52866283443561,69.29457191262378,72.31988977753474,58.07699506157151,62.449708281916465,70.31944196133448,72.39028840583359,78.1197013067906,85.10004422830119,87.45725130526155,82.06127993266482,78.14125274536588,73.00537390614748,69.49564706470193,67.81319232486644
2024-11-24,59.44342598094257,54.50808501355954,52.11002233588786,51.18907909160298,51.81646372787539,52.3682948075318,60.77743474814202,58.381735090067046,53.45436215571866,62.26324637157898,68.40290545224282,60.02367661998872,51.620834602942644,70.9910348075704,75.75480612972113,77.46619322027168,70.9506038879837,82.59403372554736,84.34165131569272,82.4792350165298,75.5853236332287,74.46179672765373,64.36493394198631,64.6863587840504
2024-11-25,60.57418403483178,58.93988141383585,57.75485609711562,57.816036750964564,59.13929624992001,58.868316331344694,67.80645012213154,69.64626124465595,81.28069404877044,83.91926697115343,83.86924657614465,82.2916165461544,77.82215403335515,80.28982247704305,80.04557837271781,80.84102418496504,83.97091451204153,85.84955712228654,87.25280076539559,86.64757220828831,86.21344288976222,84.46876191141142,80.63377561575209,74.14192641818084
2024-11-26,75.85139858235647,72.31799801143994,67.01368649260841,66.30372401005252,65.1011668091047,68.42840557067493,76.49152444796108,78.70779238983158,85.27798998281463,87.23746433102245,84.44850428295605,74.69453940841741,63.43362594038595,70.055655414493,81.79468404597942,83.26286006243004,84.84681992723746,87.57038334351013,87.5717651755951,87.48549823376946,87.1255080431224,86.68170021827773,75.35159365664039,70.48491657409224
2024-11-27,78.21401013628719,78.34452474812313,77.46508142158974,69.48686242009957,73.14424552790106,73.25493025322795,74.8269067931723,78.17787072265567,85.83506842999219,87.75732094804087,85.34771072434617,80.74662974082655,74.10612065342221,76.86459674121286,81.08431165592361,82.92472517653619,85.16346149591908,87.47207763128074,87.28529527763848,87.28883052742545,85.36095471818686,83.53865659895237,79.78204096344199,77.21922955243974
2024-11-28,80.50629016543793,70.01374235443878,62.87417711072897,64.14927463055146,64.91223106014372,66.62572240878858,66.21584378593354,80.00295782385246,84.43553522509666,86.12435114842584,83.83944917756992,84.11165188771918,69.99201722593658,79.55245863675478,82.5683819226271,84.94652199047077,84.97266367158596,86.81248653260224,86.62716560338714,86.43613834420611,86.80187131935797,87.10007253338786,83.49214504883747,81.6632080710804
2024-11-29,80.77815737737436,76.17351966250037,72.93317510897553,68.92968140631318,68.56120363154483,69.85245530206227,74.5335964298476,86.79233360726332,87.70886841211885,87.89973989010822,86.9375302909575,84.73030087299229,73.3340412231783,79.80739785398036,78.42925248222157,84.83441913089277,83.25876278982983,86.57225218854065,86.42577461820737,83.40833663182809,83.5803766167526,82.92980790837322,81.05411403444589,77.0993249363143
2024-11-30,80.57485160577625,75.56420354572852,71.48124567230073,71.47865078286569,70.97880010764582,70.31511828401948,74.3410124556024,75.28308004389682,78.02531019288344,77.087011719462,76.44446346481249,77.45661755732407,65.83640091204163,67.82442972649024,80.92646934921758,82.22602767637801,83.5506329787231,86.64875330045182,86.27859648825218,85.57120107817609,82.01146507022034,81.09482171897153,70.73300257619847,68.65911533642642
2024-12-01,64.82233698209372,59.7070525941178,55.810401871769656,55.48413222878481,51.55573797735054,52.57462141292042,55.607904749741714,53.022567416483454,52.56239680190937,56.463832457557466,56.560740669859655,49.30026491744814,40.17569313097565,48.95880369838511,49.9129647512897,59.80096845445661,65.91737256058849,83.58985622679727,85.60226988058285,85.26655041252995,84.9105692211,81.96127357080766,70.34005123229582,64.81547770394641
2024-12-02,70.40404634320993,69.72550033337627,65.9983403469694,64.8167549959282,59.16878429531084,60.6094873125284,68.52428602580427,71.376770168724,82.89393835637783,84.1360225994497,81.10647844306811,74.88962344384122,60.608707530972545,63.66194362003384,72.44343368312933,79.33338357497477,83.82779117637487,87.17972634909512,86.90255703630056,86.86077311647867,86.71194490912107,86.12380100881126,69.7112380790184,65.39689531539193
2024-12-03,74.14552769026793,69.25202868144245,66.69842765400118,63.876039404325354,67.45647708532505,69.85408485426306,70.86168409897941,75.65041784922109,81.9672886980642,81.93253755063793,81.9606699265939,80.44572789687992,77.79535479277935,80.1337996474683,80.9681958678485,81.6138369788705,83.63629060250045,86.97828604615557,86.8575165041612,86.8434308942501,86.57164819729398,86.0750576343799,80.39234599455428,79.07793889065331
2024-12-04,76.28330983453819,72.85333592439957,68.66736866991363,64.25019844835947,63.82416208625473,65.49756413636818,71.10995229645651,81.53500188221004,86.66302297900681,86.94485433139194,82.71376222955524,84.08877659059318,74.56709000589932,77.87611204269639,83.8322315382494,86.20632505926422,86.43765035354375,86.37165259855999,86.60417196751862,85.99921863513435,86.22262555348544,82.4372439584743,74.58897890392319,73.12177242346402
2024-12-05,72.77970027068828,71.37385362303344,65.60041257224233,63.58976541569732,66.30496303809275,69.23616136085442,76.76559718841726,78.6969868344959,86.14068418910135,86.76090492065995,86.007745865781,86.42918318812305,80.92556792376135,84.35594550825873,83.628657830051,86.30178836129407,85.65580428471122,86.72001584566881,86.2887367900521,85.51082640914903,86.14540178344683,85.43727449198371,73.136535726098,72.34021793535855
2024-12-06,73.78306977339597,73.633567588699,70.86941506466796,67.93463339052269,68.41173195499185,70.99476194222049,72.62662162307174,77.31210912345688,86.39592703529262,86.62398912084552,86.19521613734123,85.60478316937917,77.0080650374126,77.19194511761461,85.64005856772977,85.49811051815298,86.65599006565026,86.55518417662793,86.32981684744792,86.34482170375905,85.82546789832391,82.026675274803,75.46546276805809,74.65511770412645
2024-12-07,71.20564319080641,70.2250552641466,65.55969061551858,63.21636878042616,61.221884558583554,60.41848810037205,68.22208573475574,73.12225927262162,83.45265643844681,81.93871072291073,74.23482559927963,66.09102162360095,56.817227181738545,62.37413845232401,61.00759974904108,74.67814337714489,83.96365403755247,85.64260045788716,86.13814655754265,83.86035043522119,80.34913367679935,76.68465498444715,70.02054503019113,65.02864139539216
2024-12-08,61.64857747681398,57.35298639372002,57.963069378129696,51.18740956593082,51.72013626593005,53.397216861171245,67.25044456922706,69.36993951407152,64.50670028908978,65.30686845016754,65.89762201198371,60.75319759912475,46.99739845503552,57.64925620027504,61.564829302508045,66.138289131808,77.66714859404199,85.11353972971281,85.04685276959196,81.22594862156367,82.0200299027281,75.49594088482867,61.64872209515375,55.678467447483364
2024-12-09,54.565499589323395,46.27511565541117,44.050922734993115,42.9228868359295,42.81615306918208,43.117605654325175,46.97396944630108,49.855350030926964,73.8707230575744,75.09644376421282,66.51522576544808,73.69622659246154,57.932508919567255,61.71551809660713,71.08816061869308,78.38831690034662,79.62536282368987,84.74851106511055,84.99893950964169,84.16507294400574,79.32904108556669,76.76828111913835,67.90359618103435,65.1534122981294
2024-12-10,61.82451349469441,56.22957305079376,51.86143578169703,43.56433126689296,45.207880332022455,45.31482370638002,50.55083798321144,57.38980782987658,79.43280909846335,77.71783198613527,70.38408697927335,69.56215929796868,57.94656747861077,64.50493628046728,71.07238560174244,79.08951842505425,84.99311336835194,85.72121706256006,84.58000242295108,82.51385610977879,81.6179449417445,73.4332379984757,68.617176260199,66.11964361377089
2024-12-11,68.90934849570831,65.25097123576114,58.31551910396903,59.28896579771322,58.70398071110557,58.21690585425072,68.82054472160121,75.98348139733416,86.76912211304492,86.32007997658957,78.96173029293267,75.76663700883896,75.41508770780138,76.98195356586061,79.65079263810716,82.58227379453676,84.89180574198038,86.92191047250527,86.1690228902931,82.56076515159701,84.12645111919727,81.59480470479886,77.71599880715937,73.87323838544799
2024-12-12,76.87323801406816,69.35504811846027,68.7582029908464,66.61999998111473,67.01942466241728,68.78676714232807,71.69941338695125,75.33722473801365,86.78164193584246,86.77742161922346,86.45251850833273,82.7476507425781,74.97868628480128,78.98978859408282,84.94205708072892,85.78367712086151,85.97617896301028,85.70455313624291,85.78549105682697,85.22269536127855,85.60251197946636,81.59488626278544,74.24843389734124,70.79846922877104
2024-12-13,70.82846560662568,66.97644136159721,58.51864454025769,57.46407391385889,58.792750971142056,62.652984177110525,70.8757419686646,74.73067317695981,85.98836401453981,86.15519216813271,85.90999989676097,82.22078132864316,66.24925101330793,68.77375276342067,78.70657194330097,83.81483354541855,82.97511413261515,84.63410207884027,82.675057765617,79.76380278964402,78.72922907891844,74.60806688243915,66.85877636952962,63.32751474616487
2024-12-14,65.99201175310864,61.088288764121806,59.647194638758556,59.69571084257964,60.25173278375274,62.21239360233153,67.417831579355,73.77787557564118,84.13398717890871,84.82807796921566,80.78130980528445,78.01603784407274,57.02031585714567,67.08304331614032,72.5343654017878,80.3693769100415,84.62324785829726,84.30319421793024,81.34206933441885,76.17816226043192,76.71989116827231,78.14351693267271,70.0603494218436,64.28811584642781
2024-12-15,66.27377413063884,62.577908176030924,62.58775157265896,56.653510289386496,61.45012785289594,65.680692876326,64.08172323350752,60.95873471613771,58.243498561311036,56.26370330491758,58.32991028423088,55.12914825526336,48.96827502602149,56.59610548597716,56.4856077771415,65.8105828809886,73.51441780077204,83.92295967394351,84.96503868799702,85.42698860341235,83.60544480821723,78.51909257530814,67.78027814400254,65.78105052493171
2024-12-16,69.19818024062266,65.27933058039392,58.42983858152422,56.33310477748743,52.213193327180484,57.698398506803386,64.99870498460807,67.35376935320737,81.02629125886558,82.80503110622892,70.34356924777441,61.064584027539944,56.4876418124579,61.257520699069616,70.54722288954795,80.36752852829053,84.10950561442215,85.30019109918248,85.4012935550614,83.1877754744521,82.6455277496653,75.97574454185676,69.59382281316856,67.81586171160404
2024-12-17,76.68839750901257,72.7452922505644,66.05044599607251,64.42850423346137,64.11658818639053,66.5198936656206,71.57401618120184,79.95358474405302,85.70082189008613,86.14972576430755,82.17387191385555,82.56408829341306,77.93284332721827,79.80241175742506,81.91582005808708,80.9912766803886,85.398116434926,85.57833908777728,85.20408511952289,83.87266175857678,85.37703738316881,77.82866662360584,74.6244705087791,71.18130494109293
2024-12-18,78.62615965074149,67.14204660203201,61.04479796906052,61.040517177311024,62.912877790857415,67.39171347112091,73.08960278385537,74.88640633667654,86.06602317331046,85.42937210032278,80.1559321212131,75.72416168093285,64.18957169135179,69.08062728315497,77.1691873522234,83.82383711151283,85.9779965015234,85.76175698570432,85.71279822131056,85.73693208042029,85.64547436622456,83.48036542445128,75.9861309223095,74.42039652484263
2024-12-19,74.44348010189586,71.45552101290056,67.94782726851912,64.22933665367398,63.75169761263714,65.73367023919059,77.13716261397644,83.09596193244452,86.08356486890123,85.89996475612895,81.55278453193658,73.76627775517348,59.104839096280514,69.03591631329812,75.4669893158694,84.08195529451325,85.9635871613635,85.78530177867778,85.66722680054865,84.47139084735326,83.56406639074368,83.50889949511466,75.27794133170539,72.39296735390144
2024-12-20,73.55517742052695,69.03379790028288,64.52897232699816,61.818240795960364,61.76596063113311,64.41977113504316,69.75292080142069,77.73880288838122,84.02087387512748,83.86265501974717,81.41719119880862,68.8369744994681,47.47043496919323,55.7078656958991,65.89026739898064,76.05359182695898,85.18814435451016,84.22745393187877,83.97452772399225,83.22430691399333,83.11597426412636,81.29543197018688,64.73173491528627,61.28265255450489
2024-12-21,65.59864412137989,62.816297177688924,57.22001716041951,54.66830808457188,57.5679554577348,60.7573263420485,62.88902807603817,63.95058582898602,80.32037126627664,79.17060261143195,67.08839580963767,60.33791187621118,50.75602706158662,55.749503821095814,62.13431550138095,76.67607345461533,84.98343742914308,86.04630150899975,85.30474028113277,80.90725398097821,81.60249966266454,79.03676156312808,68.58999142822829,62.27702545921996
2024-12-22,71.39635610189985,67.21381283231352,66.44733978666007,58.84788280639226,60.64445350370398,61.13020037654069,61.52821486103274,63.36842880144945,64.1342894711353,63.796509585032695,60.02397358592987,64.32675131885661,52.09591900021351,58.55853089410037,70.10285222940192,74.84313919241355,77.97331371090145,85.93254961306981,85.6822026682988,85.51869266555677,85.01256654810145,78.1858716750832,66.08133034016211,65.02343561482942
2024-12-23,75.96681187357393,68.78563360853758,64.52186986000115,59.60527265151888,58.949905112999666,68.50553404098133,69.83760331431378,69.88328404184443,82.44802451575028,82.87336746963216,80.46209715654643,77.42583987700155,76.5108222804267,80.84909766326513,78.5110080281216,80.176857823354,84.2246418316444,85.70101243719157,84.94590943258147,83.56610224770344,79.78366795544949,76.55225258689545,60.26380349421324,55.65706594966434
2024-12-24,66.37842523607337,54.27611096655433,57.415686509211014,51.23757366620356,48.0435970863682,55.98972410057217,58.02772528494979,68.53571908564032,81.98369816911962,81.08064524776874,80.50724805994858,70.63250330056962,60.6632139060233,64.42575323816594,71.18208642129024,83.74702590970759,84.66205776159596,85.90375875119096,82.39473318388733,81.93662269156948,79.84487807413787,76.58745889562904,69.51305351320127,66.92925018548851
2024-12-25,71.11923824906994,66.39513417585678,62.681038202113754,61.80284991727834,61.7491683749964,64.51580210752145,66.71658260164179,79.78183237985793,85.12786786262456,85.56907779470866,82.51236413620452,72.54057174105132,63.24618298797767,71.83453053959144,75.2396788791431,85.46214219241376,85.836526477557,86.08299326946002,85.06226199952042,83.1428635805699,82.34862189492083,80.50142103883495,67.79316745781885,67.71409155501249
2024-12-26,68.26753903027391,67.04291583322544,61.73680124466981,58.58749623290196,61.05962176044732,62.30014811430558,62.73977554547141,73.00680878290454,85.7236335521699,85.64735689628908,81.33398832584014,73.29429345178406,56.418713701333,65.52175314400186,72.75599752379058,80.07382471900854,83.92840586068272,85.61823516350742,80.88964157976804,74.58446343220977,73.99514806333413,71.85947918589324,59.37501277161364,56.82626738831424
2024-12-27,60.96451698268301,57.11928781078704,48.35550130546008,45.706587201604506,45.182174057104945,46.74312058257398,51.728562463939994,64.57770803079963,76.43025156047263,77.38522189782826,76.54619826625061,66.32864528460175,53.271798257224546,63.624237539127655,68.86042075992576,70.02046450039835,76.97210784874633,85.4312461913832,77.77852054492126,72.34202874571638,74.53847042379536,72.91706918267425,59.44959327730819,55.38971973254292
2024-12-28,66.58459123323507,61.478389250091084,51.08914142258056,51.10209311574533,50.17497951155549,50.14980904494359,53.91172723571874,61.343483978237366,73.94741535582428,79.19692130446438,67.27916622801135,66.91985198657595,58.2066153331816,61.79496068337524,71.20650799683389,76.17554641893248,80.55526504293752,85.53989156234627,77.15709433170574,76.24601266022154,76.20410416931513,73.89545556084998,62.73571336123399,57.914919251309314
2024-12-29,63.2297186518175,54.60003933451115,49.96560856925531,47.50645537690416,46.46851091084375,50.41676500022155,48.83301221297933,48.14213131543065,54.11568802043372,54.45350578185688,53.37163190383226,57.28116793247768,54.48389362274196,64.00304260772184,59.92708651688239,64.29616574667213,74.3079595250202,84.21869138016426,78.38938363522045,72.41173791461831,72.0956045521442,71.09394237005004,63.908885899596356,60.43021840477883
2024-12-30,65.59960293810258,58.28923460524954,49.41311271906079,43.16341996961647,43.25105910530051,43.76314744776299,62.25908606596553,67.08321147031592,76.31387915843533,81.22059138115371,77.19083892889232,74.22646366073039,67.38006379945833,73.79761574459539,74.87141734005841,77.01609781524714,77.5097575003456,83.33971492164152,78.23399798938277,74.826542631263,75.5447851684414,77.56893378713953,71.67470216310493,70.88951642109217
2024-12-31,69.71586569062514,65.79329073615202,61.27425775280748,60.03881460973627,60.34778774058612,63.42056451340144,66.11697516155483,72.36225047204002,76.74570292089345,85.770385500651,82.65573831252901,77.95274873883002,71.52829301958795,77.58633661259853,82.9407311595191,85.92970895924337,84.97338484133405,85.9742809512969,85.36159164650182,76.27510517686692,76.55860583127993,74.25441775568726,67.30369594944642,64.4662354435408
2025-01-01,71.1014876043901,69.60072903642498,60.43061998586863,59.93817353713662,60.0590552949047,62.14788451829455,67.62526378875502,74.01950748396352,84.96528063344597,85.386726828724,79.95920553206298,69.28375627087999,59.82198289902462,65.0609733386571,69.17994665736703,75.1082990308384,84.86023049547647,85.17240156499841,85.52562261053554,72.30962156322323,73.26450241056399,76.47608446748539,66.4384564730144,64.75710092143201
2025-01-02,75.13802092196312,68.2666992443495,64.17236281160966,65.46349039360305,66.08031630399793,67.94670113579174,70.2966205837348,73.05993519096137,76.48883640276213,80.3909202906822,79.37067527713542,69.12959793799246,57.01550843281242,59.83705994358751,69.65905285923958,81.17886914081046,85.35381841313888,85.5648817888102,80.63526266084166,80.43891128080188,80.26464718156606,80.67516644179577,66.99721984693691,64.8991219722606
2025-01-03,74.1677824496824,69.49115751420925,59.218180841921914,59.30407157787402,61.16959921043347,69.06934601212303,68.86269908065283,74.07392609011859,78.70041545994441,78.78359027481133,69.81046310064976,62.74993452813139,53.12322602969407,56.527603993619394,70.77683010921412,76.42813507908761,83.20696495111606,85.75012707703763,84.51597215335737,80.02882027561884,78.8079788054293,78.7868146637068,65.8586122571982,63.74208697695261
2025-01-04,70.17606207662263,69.77776785364178,60.436243858890215,58.35613728392355,57.86782563679662,59.09368405240636,64.76868593506072,68.75970493737393,78.70532064738768,82.31308486730003,72.9464376235854,68.88691163788636,54.71143202105699,59.47625177677327,69.37386721442986,68.78424731487873,79.81633090182318,86.35408208380858,84.82948734533917,76.45459832817104,72.69664630524142,68.36998196299137,63.83296660329024,62.35446449792448
2025-01-05,72.01283558194099,70.5854578134376,62.796357397563746,57.36663938235895,55.71015189214583,61.88720814118808,65.52268152677274,67.85668550458809,68.62625695122996,68.71395369365443,67.63912185481608,67.160305379934,67.74375565850359,70.74918326401735,76.81635793574226,74.66889979378091,81.46401113776582,83.57051129002461,84.45202038080102,81.94945627606148,77.64312740500868,78.59676490257422,67.48817827249637,67.01497816168687
2025-01-06,76.19423358875612,73.88387883171856,69.27624575822935,67.44582457881067,68.01518750250946,68.55026205558102,71.22268472005341,78.21830430269178,76.9515096051446,82.38235114685169,83.04101434279978,80.44416313188242,73.30993039601607,80.41179697965549,80.39831615160185,79.8391743083363,79.21366444666796,85.01252384948748,85.5350394551862,81.73986645475291,80.79126651380777,79.9188905824726,70.99455950747232,70.7991701646099
2025-01-07,73.72426415846124,69.27510548267341,65.44097944227623,61.621465534514414,60.14669841982761,59.77736050933644,65.31672099260436,68.287610958959,84.89296203343234,84.82033132209723,82.45599650715369,72.27358786665769,60.628473551781845,61.67602835742388,65.98267242018538,73.75173556772324,83.70998177374062,85.61743183229031,85.40885264554295,79.37282131043703,76.25592077394253,76.65325676765949,66.30578264868119,62.60169759545649
2025-01-08,69.3471002904714,65.21069645871684,53.8404179516823,56.25130519165531,57.366424079623975,61.39548258547477,69.32178509988802,71.75680231337216,78.572468727372,71.17002529083263,60.80343659801024,54.05420925798788,37.11868562294983,38.504587440190406,56.16978506268228,58.25943301357898,77.43195794763211,84.50290873414923,84.89021326313333,78.49237923511838,76.53086894072128,76.15487559029083,65.56646946556911,62.37567709412752
2025-01-09,72.65959654568354,69.25284805157465,65.38702728441842,62.13693870559105,61.58514991664739,62.72911031710444,70.3356488284371,75.68505254503705,85.82225811715725,85.52038258586218,73.57605876741864,70.68383728466203,54.8042819247861,58.13951368006479,68.96085561952451,72.4473908600188,81.08506428109125,85.44068879421236,85.98040752938282,85.27310151201775,78.14305560229802,78.97544963420061,71.24788449281093,71.07317235585401
2025-01-10,74.85276725303767,69.46634042560453,65.59089986539132,63.78808451986772,63.9776043141554,65.43827600010475,71.43341706476828,77.81890494571685,85.50892967172368,85.35608303566494,75.74300063756121,72.30165724697366,51.72045552123668,54.45495300482787,66.00845329033604,72.65480748603223,83.52937818454608,85.4994993241441,85.55171157767417,85.14807065285558,82.31996359465427,79.58664725364653,70.70898278805316,68.31979104538632
2025-01-11,69.92007662507623,67.03909587524205,63.902640425575235,63.76320287340175,63.08638306444067,63.45365444907722,71.0316745191553,69.21192627650848,83.88312614511689,84.27265354960625,74.02776533380869,67.44419056863738,58.91598520443562,59.50129724491541,67.43945711374894,70.7234366899045,84.47005793553882,84.9981906812522,84.90992873588641,81.83700911854973,77.66826098402049,75.48587593990295,64.5178645730649,63.53674872701895
2025-01-12,69.2431046686237,67.66581561317444,62.741307713429144,62.71870786229294,62.217861505988694,63.0635638412808,67.85270448684864,66.83356479224173,60.954300600249496,59.27434988779867,68.71189375002581,66.15941944880205,58.43657685057247,60.716681601274026,61.48079824281226,64.89889103898284,72.46153126016931,84.37557153552123,83.71333542163889,80.67234447950372,77.6377270241001,73.89938146183921,62.07628648938664,60.77696270685731
2025-01-13,60.22392932167822,56.557140790585386,53.2474658696934,57.242230799453345,53.75255659198946,56.002738318015865,68.2489093632114,71.54540253694898,83.16356102480489,83.938549176254,78.27126933796511,72.55595563356164,59.13375298201119,62.81904115000888,65.34422160753047,71.25498023910002,80.07130108763188,84.77438172180605,84.06845596785463,83.35477673997529,74.62892306315469,80.92985080822136,66.10786548018315,63.678093681512735
2025-01-14,69.763512962287,68.91426227561728,65.50932426509215,61.39020736990399,60.60141840318886,60.735969567419716,69.3573526940145,69.86717960041094,83.05772366546486,85.03709086396837,73.62324685485075,71.76919197494804,61.38279673358171,66.41315380920611,73.04930629246952,74.53840522889453,81.72789235658844,84.94366654558249,83.80873436960532,78.44999022586295,74.24188828010844,74.72178247650726,64.28025981967812,65.90282099507992
2025-01-15,63.33675600917694,63.831805190785424,61.095557333129236,59.324942116159875,61.46596712664197,63.95841376709214,67.21889963764495,68.56990138487373,83.31556422634145,84.69826885255281,79.27068438769295,71.85191238063503,67.07660856576605,69.91917595568967,71.241757784817,74.52413849142864,84.02675728148832,84.84759535761799,82.68260965175604,82.08531589590783,76.81087196096665,78.97468306872604,67.97426725473085,66.785176206629
2025-01-16,69.52953480669149,70.52681085574146,66.69240263938997,61.10020251560863,60.020186894021876,60.83707734397651,62.94327834503959,75.10998058771574,82.68362046298677,83.81498094000328,80.97414851029203,73.14095893940069,62.77513291416879,69.85353119828947,72.24015607490398,74.26961126021689,82.93716448564298,84.92596129104065,84.73336895305867,82.95022976972571,77.8476003166818,77.14126150486581,65.01666212948511,62.96685338984195
2025-01-17,67.78000808208715,67.0551223074815,63.369740960459474,59.383723622657826,61.37434608531302,62.35715011322029,65.64193800728778,73.61830464730764,83.84821996156053,84.1186669689825,79.50724958676723,78.33415117627554,62.79274644601599,64.34421982499589,79.71579794583596,80.49253931458605,84.94271495688997,85.09672757275759,82.06295718868441,79.46918908805833,76.645955744331,77.38521161935923,69.37628499050638,67.45299559389645
2025-01-18,70.16379425333794,68.34573681835711,65.03771743155721,64.37422895964156,63.73793297399491,66.12803738359378,67.65709936571685,71.80156797427921,84.83040654106414,84.50822668551791,76.99364279179387,75.12558718626973,56.72187936760922,57.626232626616385,61.6083119520189,72.07637150194427,80.93036377140596,85.26447102838492,85.25225369646047,85.05375537768718,80.88313276434167,80.90119250638728,69.7051906957809,67.57805410355219
2025-01-19,68.41798859484375,67.16257210823521,65.27496317194196,62.41975894781829,61.09378568590754,61.305184996234324,65.21297847370255,67.40215188170461,67.31607793702378,66.89302466724304,60.86496850990314,55.95333447012025,54.40081674010029,55.55968685532055,57.874184800934124,63.163196604885755,69.48148090053425,82.17179583480696,84.3588689036443,79.53810636884053,73.93536151565718,75.2753381272932,65.9877315307884,66.26604721027411
2025-01-20,71.98845368006668,67.4686784412866,62.69172060842354,57.006444854865514,56.36397052263428,60.413130321924115,69.98665571038657,71.7869138291923,80.75234233617559,79.73797816992476,74.78151411884355,69.99519705996528,55.82468347721759,61.75869686222325,66.44687205039797,70.8993475335611,76.83526674913412,83.14792189675713,82.488040656478,82.19734149599212,77.91861937335428,78.12680216125942,66.5454344259045,63.845448743443775
2025-01-21,66.18490126180792,67.54134059998849,61.954323843350046,55.13817580284964,55.29439459148127,59.75380392051673,64.54318384870759,65.69649698903409,83.06859284358552,82.95086777532885,76.43935354171005,55.497730196646046,45.754286842576896,49.11393447269083,51.24357096265657,64.57208533374408,79.90509387402962,83.98743864200405,83.90020974791453,81.60189543711627,75.26952473648534,76.21624455188773,63.050027749030015,61.6215488418964
2025-01-22,70.3370765010466,68.7058814631299,67.09788701595016,60.26746529559326,61.240936809906344,63.32025501083434,70.13737195322202,76.31299089455014,85.05100010965333,85.01829436359618,78.62867713555679,74.73330788537397,63.163459827060336,70.46907214652656,75.30539688156124,77.20066306028879,84.49379166711707,84.17393562421746,84.3454029827797,83.81973051101112,75.56740348724384,75.81616124131494,71.83330513781182,69.48403919346416
2025-01-23,70.11764271561871,68.95397535104289,65.69262992337248,62.56963056441945,62.1450590021472,62.76831488073079,69.1126377812592,73.12940999353737,82.46654859351504,83.52482052975017,82.7067472946782,81.99537341692292,69.43306866980065,71.36963154915972,81.17065390565065,82.5171497581798,84.53804079672258,84.41463580827345,84.73152697040314,84.2934340321558,78.69946162723502,77.79396836977934,70.99754765785343,68.82240726604923
2025-01-24,73.27718128839203,69.05780415375024,65.84887394785716,63.242079085825374,61.18094378763106,65.80257440570827,70.6061089813397,78.1803245959306,84.7032757868527,84.35446171449723,82.13361242190445,80.81539027481507,67.65367002277748,69.07278860823409,75.23001063341471,76.9305737571951,83.90831862627783,83.83518810609411,84.20873729339964,83.70638212429454,79.26765351597292,82.19779014183557,72.40387528382843,66.02841956979637
2025-01-25,70.85310629892574,70.77904177478666,65.63730696675933,62.54096079305303,61.27831560206076,63.23223810474008,71.13650212721272,76.34308332241632,84.40871942885043,81.59430992439096,71.33317317413011,67.17047670991936,49.32810152930373,51.96554603064567,61.989776897349934,67.65592632636454,75.09573064351102,84.4784352227371,84.31600713432432,84.32239232627954,80.5448462649126,81.48142667626799,73.79846767088483,69.02123103473306
2025-01-26,70.31689870568466,67.7436454549613,64.20355519579631,63.412281116623106,62.58910443565349,62.61190494346763,71.93054408180427,73.40172299829023,75.67672184027478,69.60390559902142,67.82892229796917,65.83657753959855,60.474732304746844,63.31733504071719,69.49396652087376,72.7328603722817,77.17775033276934,83.59182423539596,84.76757807792589,85.19832399796118,82.88391465557353,82.2075653052608,71.5241303081877,68.57478955555379
2025-01-27,73.3615176217074,72.82220741915813,66.47514175477362,65.12537744499068,63.83682779946001,66.27860276952569,68.80312955355211,78.53641355502208,82.13056566544884,79.81119282970377,68.97456319639969,64.92051531642207,53.80914689358738,55.903432559009346,66.02391323848316,67.86984045986938,80.8748228417562,85.41208928572046,84.72167912318854,84.76879086951047,84.57769170086482,85.0489897361338,79.24129978889884,73.86263097535522
2025-01-28,80.25275453392385,77.81020793879755,70.9657648242051,67.70504423632998,63.678284509085714,65.81580978579612,71.09492572406532,83.2304374423258,85.0124378761906,84.63854236714839,78.8026120709977,73.20512570508104,59.14995467403665,60.74604655549677,66.1983183741599,71.67397141908039,80.66884002176732,82.40303460404094,82.50072804335353,82.48013336393764,81.18956723988502,80.18756686710977,70.24321007549183,69.1745366638673
2025-01-29,66.58272248381411,67.72242055335683,64.26368319228523,60.167681713484434,58.39586083469546,57.91633839182396,65.49645686823132,67.47293834993619,83.28026769043518,83.45496868471947,74.3519985906494,68.3931114796553,50.54999503738348,61.227057868466396,64.89609998228923,69.22676426161118,82.1894830909257,83.97751750453486,83.91007819005519,84.51445006014558,83.53662164338638,79.09925384364946,70.82528083237429,67.76631060817763
2025-01-30,70.97121268849494,66.70935580975868,65.0830000414972,62.22331292649569,61.19189549564841,64.19491443843081,68.11131560979166,78.32996198370279,84.66448506591527,84.58090634464476,74.05769880599424,66.54456858114435,49.65844051623929,56.98609373720644,66.35544051795132,72.62881218544945,82.77664070650164,84.42329397689234,84.37871981548265,83.74856437222348,82.16967707352863,79.58319223924454,71.69420145918214,68.20769240335203
2025-01-31,76.28586418531697,75.77521985836944,69.7196279995715,65.517403049896,66.1028232340184,67.21199819969642,73.87244724460523,80.55136024717328,85.00112017405007,84.64721615466482,72.73311479086824,58.964211150596775,52.39533394911454,54.73295071451905,59.52527366403129,73.13148104525722,84.56082175487799,84.40493638256686,84.22465686757917,84.49362178699404,84.19891432939112,84.14920474923775,82.99075357097662,76.42303149481877
2025-02-01,77.90287559346825,78.29979189946785,76.25329397266822,71.93472927247127,68.64305713825193,71.96324995974176,78.41496209561113,82.69855217514642,83.98723496248864,83.47340397843097,71.98172751295519,62.403673712753495,52.67459449039347,57.022741506174434,57.86573764015724,71.17456748944348,81.74123674145959,83.9221097246766,84.07917709905108,84.12662907037596,82.34806028659894,83.89814352040501,77.54813179217224,74.815438676781
2025-02-02,76.56698597388429,75.91221818894137,71.33989170385892,68.45676352183438,64.4867177128171,67.21747067321675,71.21423836106703,73.67481010706281,73.99828967214354,66.50589078176246,56.11503427270629,54.228122073626324,43.85891830365748,45.80795389444358,50.12672106062482,53.91107689401542,66.20812068552267,83.24082826109341,83.9704153665832,83.90364263778334,83.82535863923424,81.55080047132576,77.01808428637115,76.41609805966667
2025-02-03,75.86883875862056,75.56041930644994,68.48267872857977,68.62164221944235,64.67145383501638,66.00682988841645,73.17072681862959,82.0304411453712,84.71227544373562,81.8020672103408,78.29103819320613,71.82081440692319,53.99264499312042,57.16798915671942,57.46933313380237,70.09328375469171,77.12944563017176,82.45635348838235,84.34328844583949,84.13071890990886,82.20686805270962,81.96455364469502,75.61585452642068,72.28611972423667
2025-02-04,71.20733837829454,69.93552175657635,65.94634609265093,63.35382607704582,61.04569024614496,61.55254311012873,67.79094487183934,68.7245828262282,77.40309413906375,76.24887350677373,66.64174950333317,54.70560474638278,46.49825527724495,47.08380436811786,55.53408939336551,57.72604576649433,73.66464849109185,81.48069410288102,81.34582988669887,81.14401083555863,74.70288961297246,74.14867345378727,59.756698449278765,57.50436173208231
2025-02-05,57.23980256771319,62.40611514931344,55.79167084597297,51.08641687976602,54.2983436573175,56.00104376361998,64.41989080898432,66.64734998562707,81.79523248837317,82.57517054918291,74.58134408996254,69.92706150174033,61.13899956722902,66.15351606203856,66.32436468350505,69.06488756125877,74.238387058217,81.87587131824422,80.04592032514996,79.94171638548768,78.39899580840918,77.62469570593638,67.78893134381443,67.43665194353834
2025-02-06,71.13362093184682,66.2099350878833,65.02514432122902,64.24387286097219,62.37703924000973,65.8200103905913,65.8813990790025,73.12248711503155,81.04125620715621,82.82749574300679,77.24856138191929,72.5163657678036,62.113174957549305,67.96747294435703,71.04188295216696,71.12902141471734,77.27883237253889,78.10770904014686,76.76272581193477,73.82225143264354,73.808826927493,73.404328784236,70.71150462470946,70.08363048620815
2025-02-07,70.56236214292453,68.44232291432924,61.1392505134003,59.17723453141889,57.714878772015766,59.712596804749786,66.07283349588351,74.04246507768364,82.21708316947168,83.79373459767253,78.40090971780788,74.77751100183741,64.09289874828393,62.48298013459,70.55127687619085,73.82596032095447,78.15028365581789,81.21606872043259,80.79594822470928,79.3224430771981,76.79237378003373,75.6560877632814,69.60587254964739,67.73160015718061
2025-02-08,71.75750309321933,70.57637237780831,67.70712095597311,66.30803259700953,60.63420799863379,64.55748494833998,66.7589572543311,68.17698919055255,82.13578103642985,81.37719522994095,74.28659100862475,71.3997610558057,60.39525028461345,59.794883754817235,66.7835266227747,72.02003485376426,74.86288884111207,78.92287986331279,79.82571105367673,74.60188688603574,74.43666203545023,74.52676259234728,65.73789340567183,64.53742195516
2025-02-09,66.77296071276359,62.43266594991626,55.03705201406135,55.56838664894916,52.02177715935867,52.49491464845905,57.79106291341469,56.31258356922162,54.86324691063735,54.758690775611356,52.940386695692055,48.81379589924246,42.42963093873965,42.40092441306322,46.814405653506306,50.517601835685426,51.762498595320274,67.58053413300864,72.59453532507808,74.55356487894348,72.33763320310987,70.99877702838303,62.346878961830235,61.187721472991264
2025-02-10,70.47316856059626,65.1295161930973,59.75205289897344,57.82400972966011,57.40010104714234,58.75424888294535,65.89119033467863,71.48318363066892,82.39302466119901,81.59123970910497,79.6796308645637,70.35787347547694,66.28417835338908,68.36939775762968,70.00261643138035,70.57096685111911,76.16742123597281,83.52751324689419,82.85623696119025,81.80127266566456,78.8908389909261,75.70978432926032,67.70491650803483,66.99253030407289
2025-02-11,73.4916838791857,66.4738526958155,65.19547824387409,62.234441963261,59.98809050127048,60.773005890383416,68.50655498853301,74.22106386007914,82.57587852451113,83.44587322303158,78.27599520006112,75.17415313017976,71.00569412301307,72.31801114989764,74.25895469588288,76.63367423429533,80.89550264638169,83.5797463398732,82.83575187406313,79.75008655144974,77.69761342669146,77.19723389820952,73.75878626841855,71.03635363592038
2025-02-12,73.26253675044235,71.93335037447554,63.16010332666391,58.473508594362656,59.419221995114576,61.16763879072356,70.39886129442017,75.28652748894326,81.34731877198804,82.9960900172062,79.200702543506,76.10043697230074,68.4697673878118,72.45463380144798,77.23180229855659,79.28485571422044,80.75187360392108,82.54698467838152,83.25663391695755,82.51785327201763,81.05524471076671,81.01373587611114,76.14127875625907,75.17079589944964
2025-02-13,68.92687388175986,63.83168295570043,63.484452243647176,62.63895011012554,58.70816485010189,62.387526054930426,66.81301140708754,71.4057806249799,79.45404255917214,81.07273475512325,75.42500041166275,70.95328606406969,59.14956353239141,63.38604452805439,70.77901500115607,70.23248085662934,77.69075169979666,81.1787152609977,80.84025915651222,79.19424032751974,72.77573173811146,74.47404835621609,71.73652357604631,69.27449689900787
2025-02-14,69.76629453265964,66.8613166009386,67.25528379705976,61.620821792851864,60.52570578962226,63.38313141471732,72.2399776756256,68.50447826094927,79.65589257456082,81.39382449996138,78.95158032307987,74.59991840170602,60.46649193748706,60.65359088943825,67.17156162900412,70.94794021876753,76.86365427268808,81.32908392070833,81.88994715966861,81.55892484778424,77.35164447031612,76.10517624218274,66.27827843942818,64.84558373721222
2025-02-15,65.45731141929483,61.940944433321334,55.368410359466054,53.00173548159402,51.498665587525096,52.30024842519073,63.439198467120676,65.35269319668059,70.90260554414867,69.25269433446724,65.49253860360963,65.31950740190857,50.23700871250392,51.198674675135926,53.59476241937839,55.93238754181471,65.39706380141672,75.60009676192718,77.22302890636131,75.47782827419249,75.14351603579519,72.2069528412918,68.94253427024329,67.16329767814695
2025-02-16,74.10782921274959,68.73322294285566,63.031045613784165,61.71483422353832,60.65784504476084,62.87880034114937,70.71865902246248,68.25695019403848,68.01117042383054,56.770244803077944,50.3138931024265,51.05081097687012,47.37595494415994,47.80440627939129,54.36428552038033,54.86996016768169,68.30126771188868,78.29479269413751,79.96867637324932,79.11759271004561,79.22940727589177,78.02370218079298,73.08342127631347,72.32201005035448
2025-02-17,75.50670371895608,70.11720571997257,65.81963179471065,65.27341311224464,64.55175113480935,67.34327511838393,72.30218215966957,77.0974669991629,82.49760850771543,78.65720830228199,70.99882056285807,65.3242147922378,55.88935932387933,58.9817182137727,60.346678396121874,65.05131469157436,77.33765549768684,83.91992637224284,83.92418166329547,83.55812055716747,82.29362755098391,80.91137057719753,75.0362521055495,74.55456088971981
2025-02-18,71.31844897065014,71.00070930689157,65.60487360113991,62.76425920441027,62.12494349476552,63.37600319964709,71.80825461417027,77.8341428683556,83.08212733287233,82.88353040483595,72.9760504096896,70.08634878918498,58.90951291887589,61.445773611522704,65.41573728965389,71.1563975663215,79.82488017868627,83.60300068435781,82.87830878502267,81.01340904920707,79.86582828740477,78.91272438802757,70.45246563915714,70.21711926804215
2025-02-19,69.90330604754625,68.22871713273132,66.8916808709101,64.16053158649491,64.39712486219655,65.51613341201433,69.88218765229621,73.18536801295333,78.17067375480023,82.51492357995679,78.78449764659489,74.41713966140718,68.96636819846702,73.47848299357551,74.02331694250472,74.09836971243648,74.0915855865846,80.3814159677176,78.66674707855113,76.46016988225001,73.75089442871128,74.02079090537114,64.024522349369,62.70773864104858
2025-02-20,69.15642088296545,68.16283089802405,63.135056239076,58.746390348221006,58.76680557222546,60.098344171440715,67.91044691183504,68.69083660912199,77.27049886175122,81.3353034444081,77.63500435053719,75.91469979966507,68.7741869474617,71.43917167088519,73.4071664615857,73.52069992731373,77.52392640358168,81.20450875175442,80.89134905864562,78.3711641821196,76.92813414966044,74.48532185650461,65.21185776129157,63.14134731794727
2025-02-21,70.44504785045491,68.33678953539389,59.472210841255524,57.75687217389213,58.08891683684981,60.796522878268256,67.96561706621827,70.07991574242807,81.56984886023518,80.38802074729544,77.18545130517317,68.55906725331823,61.48796227161413,63.0840743379112,66.15243168837573,71.6771954584156,76.84346463449307,79.72792399076424,80.08325524817211,78.67356565734909,76.19983036218179,72.85511664684796,68.77212637168196,66.09463209140317
2025-02-22,69.48743177586216,65.7356425047137,60.31016067139823,58.294090611396186,57.976064100349596,59.0681086528985,66.13550709968781,66.35326573107065,75.44426245535703,70.82803865213482,62.96852824899194,60.924768310886066,57.08279844191842,59.25803762710637,63.36551932012421,67.3476676383518,70.91848763550456,79.51140137545937,81.82517777525788,80.87888056746253,79.00118624745784,74.14443769864806,69.07990002582318,67.85484595065289
2025-02-23,68.47377248645769,65.92073831236428,60.906797301017676,60.94337625413485,60.40415780853802,61.499048766680026,69.1735341717228,70.73300762186695,69.1516007276939,59.31319008180299,55.9903458727691,50.59581099032408,44.14059028553428,46.89054726877113,50.2084488986845,51.421276893986516,61.34093523816059,76.20249288369308,77.29200644191269,78.5757410810169,77.54920282761982,76.00235141841146,65.81288207023617,65.15749364323041
2025-02-24,69.64165994175471,66.0233606701304,62.8186469301265,57.33066399750088,56.897302784560246,59.544056638187875,69.71017165158025,74.66614983649636,82.14926155580052,78.51691393494514,71.75300972707201,69.01202590100638,67.1030121449757,68.1510583654633,69.084290048184,73.41540953745636,76.29157127720322,79.65836932480428,81.79480278748555,82.05984531609118,80.05530101609064,77.29140812675169,71.32093796519241,71.73740743583832
2025-02-25,72.87725653793679,70.31378027156232,64.97939483816373,63.26944150291486,63.53522920745572,68.89776921053303,72.19077312187744,75.82979791296258,82.59800352035448,80.2561771283094,78.26891316837667,75.79375333440305,68.65881110985158,74.46874942114782,74.71279273669566,77.94027559492032,79.34107503046943,80.39241722252137,80.73156437356768,81.69045987181359,81.35946467364936,80.3501979030698,78.45688748054366,78.34717794389485
2025-02-26,76.79635368637825,75.16353798460196,69.79277270560307,65.09685603573304,64.61106680718817,66.02458173814973,75.8719727808228,78.43740616911614,83.41327350140133,81.29165941765554,74.89151164146979,65.89071251621544,58.75899171902327,60.56360105298539,64.6615551136927,65.31384091685287,76.15063413726493,80.24600067855174,81.51447081179924,81.62259168734333,81.81183323106924,81.75720902806803,80.63569619055286,77.51919226505206
2025-02-27,75.98716690051481,70.0666695280509,67.27365967885845,62.48011264451552,61.101638011058796,65.21986732311203,68.8232625309394,72.76994976704242,78.61370756454114,71.14625211692531,62.58130324224935,57.061688913087174,50.16524835291422,52.9377112130125,53.39007053700858,56.86703570618443,66.18943053499149,80.81431753605324,80.90080737778266,80.86060334339464,79.38796674377171,80.24992130043438,74.96393654198464,68.20639062780664
2025-02-28,75.03308276372657,72.62290263553218,66.35667591975333,63.33067616682454,60.51531272143823,64.10089154736916,68.19956461919188,75.97859628097048,82.74006468444558,69.42039095161746,58.98887670563663,58.7467764272228,51.51496397810568,51.77888164434329,58.33980943216084,60.16270929414436,67.90689037446525,80.56727419873813,82.10789527466306,80.67921722043478,76.18194992236344,75.7221368962321,68.16180834638801,68.68688984492273
2025-03-01,74.87775364732954,70.71184029515898,66.46369258175584,63.05160069142531,62.66200037345136,64.14420566766223,71.75914781922458,75.99247610954485,79.93250183911253,74.52255200758414,66.00226114793847,63.04767256826811,56.29453220203688,57.19118955939487,64.51779191134202,66.24279811724018,71.76531519890274,81.36191694730526,79.76367674544136,79.08432303989724,78.27475281867756,78.60663005743277,70.38883274435196,68.86204129230616
2025-03-02,75.08105242119588,73.3645902235646,67.70026577878649,67.69913732376735,67.68629087090709,68.12282535539384,73.68889882839576,70.19933331662793,58.5630244281395,50.22927732597352,46.30691955542623,45.856294216447665,42.067785318266075,42.6625931032831,45.345973911014696,46.099201381235,57.83308998651571,77.67165873318989,81.27908720497165,81.81149790731617,80.9224180315938,80.39115128684135,68.97680453954273,69.06996460093649
2025-03-03,70.82617179261084,68.87881432370139,63.445356488399504,63.63900412782159,65.95023246023545,68.9708332421227,67.60799202165062,70.52231113569503,79.5241829826575,68.15769952048531,66.46082339538681,64.50179914176205,56.23729918013975,57.78871612098802,60.119748547140446,61.37127010492541,71.84487861844896,78.5032462030561,79.615965580978,78.18461629451643,77.71677553687228,74.8854675833275,67.59083560912659,68.17291439854101
2025-03-04,69.92460113770075,67.46102834483793,64.81568711352365,59.29343102562887,59.21700630396335,62.54945145549828,65.5724177873052,67.14796465743169,79.0016515924018,80.28964377760461,78.06029868084099,71.45584526377849,63.789966232072636,68.7039705315842,70.72319554627101,71.61170310333307,78.25243687966817,80.48473815758186,78.93960610112363,75.44176138478377,74.54721880995942,74.12575705348468,66.41742454582477,65.95452900592593
2025-03-05,69.4870586977049,63.41159753092337,63.94436335350567,60.55721006567589,62.38765424933021,64.46364668981631,65.9609163965048,69.53730584814774,82.07550987562503,80.40652954117307,65.82237070411875,66.02282178457746,55.265266032044885,57.644848628913586,61.45223785511487,64.24601048150154,69.9329631426358,80.79455761800808,81.24004242242347,79.49214265153759,76.95012886527884,77.52271164102338,68.54152726981916,67.45311571625649
2025-03-06,67.00030133119878,65.83951165114924,65.37673500129692,61.91164228048378,66.59214416706025,71.59378614575364,72.10918131583469,72.52557905486428,81.78668728107111,65.43705128542827,62.187743842969084,61.301387766633454,53.277852486711566,55.53188763901641,59.1216857578123,55.66909182977482,60.575650686648196,80.5434932276918,79.90207834845242,78.78284889084804,77.0694256399564,76.81948073189223,64.6592428996102,65.79374876510794
2025-03-07,64.19371889737693,60.72781750612003,59.87582072963056,56.99690410733132,65.42961059427525,66.68904997053819,72.69271294631919,69.66095768668785,78.9909455116618,72.50989245327473,63.46569294932583,59.864013698688666,50.568715190591696,47.32506173836952,63.40492629091091,60.39530906048164,63.258866642757006,75.73196162858187,77.4141746292419,75.177982040025,74.90262489494076,73.51910641470054,59.797384850239354,62.17102589981211
2025-03-08,65.65991200701008,63.94389737590689,63.61571388724474,61.794333625721315,66.93329450432394,70.36463762777741,69.60605076238555,69.05470966857665,71.54420155401618,57.07994427700561,48.59730989148481,41.32060504539191,37.23998957050383,42.950947954260194,43.628162268053735,44.653733350584616,50.63830880470377,70.04316705735563,75.91961443112558,75.16684051279205,75.17461417632961,75.03896325527036,61.79060775044097,63.02305447346884
2025-03-09,68.0609655093688,66.96642876843529,62.188512459360915,63.524964407701894,69.96466354222251,71.37212936312018,72.74558394782478,56.247070756703415,50.35854782713256,46.03791513314065,42.29795633377317,36.33669483479324,37.69398115912469,36.08128456404315,37.08045354251439,39.539147606345416,45.82210834503531,70.6743028919835,77.90374838552569,79.45860719302304,80.01199867157256,76.89036045403155,67.84028117973446,67.84027495333355
2025-03-10,69.32965714562607,62.688385421320824,62.67655696613687,62.010829540171216,64.91500656138768,65.79224820141334,69.02488294835138,66.24870544911073,71.9096216151592,71.99816291531,63.227705533755994,55.35994168983549,47.670934118543755,49.16899170424401,57.74716416518798,57.98082204359938,63.48591268596123,77.91357283592086,80.9813602264929,79.33705462519316,79.02039466814757,79.08474307441621,67.67706115269611,67.90084851955417
2025-03-11,65.33793138995536,65.60858814093832,62.522028013605855,61.18367949539728,65.85255506400914,67.30616142057612,67.80782856276451,68.9480308832765,75.16438383024655,65.93758844473403,54.050666458857336,51.274299267266656,43.99609724854786,44.75475546908143,49.22788524539323,50.85954484227138,60.90121548542804,73.57281013851272,79.08748181622826,76.10467683577242,74.84578012346985,72.71938837650164,62.41508627870971,62.18178678431392
2025-03-12,58.93297189284596,55.29362162156068,51.16993134900677,49.88454611417438,53.35809376680861,56.16824376683139,59.660759197402854,58.400702316013124,65.4198472170094,53.94712416654549,48.8627810725096,39.48861680310168,30.758348980278935,35.67321326621453,38.93375639358482,48.08161726743505,56.122586015018584,69.62746585082435,74.80282648418097,73.05626751690589,74.47613130220824,74.0965558624872,59.99768997332388,60.07463660093307
2025-03-13,63.33795248010895,59.553653982120544,53.57542436489583,51.026093780771085,56.61768707601308,62.93038251009343,66.22436637745308,62.80038436123565,63.56388645170385,53.922208023623675,40.032103887047256,34.964899063730094,25.48383394709821,21.81159635997667,29.62139608190861,34.170047311528684,46.49880003907453,65.70571050649608,73.75505707858409,72.33489068090739,73.73157226944322,71.5188751586078,55.57239927563032,58.898773817702946
2025-03-14,60.811551194122096,57.90330323342334,52.78662982651765,51.02998656667058,62.49804542603061,64.34751665613484,67.20866597883362,59.87205797335321,59.11018853686627,37.96191586373888,33.84286008902724,26.62863384532661,15.429288476380378,9.297114320748081,20.028746868183926,28.69886592945116,40.671066651563436,59.93647099264704,73.22301089439323,77.81997002042932,78.03948629565251,78.05927718487226,59.18395026077873,57.60243083602727
2025-03-15,64.49401782747236,60.57609258028763,57.35066107888996,56.96788420536607,69.80686247614051,71.08995421432628,68.14786325058942,59.64200129658297,53.077458309487575,38.79917675446501,24.428170689568297,16.806964457120465,17.12527557083247,13.748275949185647,15.035783933006007,20.858250190336577,39.36306436051394,62.267483061571674,72.71567803553975,73.92091798806764,78.44460367039625,73.69835344495226,61.581945909704665,61.809161579236395
2025-03-16,58.64808679391632,52.1953691016154,51.040390373427556,48.98083707227308,54.10899168000402,57.90366129192353,61.208093273121925,52.704691299890634,45.59066922232937,31.473959203742893,20.222806050323502,25.759593209610806,17.341205999133923,11.318173863849315,18.707773529126996,18.695609702644656,35.01444111681038,62.38957194858276,71.84291519838392,73.7006098175815,74.58591973765341,72.0065736666683,57.89497346860627,56.43486383909069
2025-03-17,65.37265556238714,58.201780241637785,56.529480372056604,54.14346273030923,66.23254220475705,67.35234249163705,70.39300327828008,55.66090479224256,59.00981993113413,48.57006751822958,41.63217938955018,32.57605035352795,21.284548196341635,19.409952171613458,23.137433460200736,33.21787359422273,54.772859596895664,72.42335196230489,79.5316774360157,81.19632009739578,79.00109367775906,77.80912683109672,63.53543882575432,66.08766742386958
2025-03-18,68.63503061118283,63.00437862762909,61.645368256546234,59.92759498680299,68.23782298995002,72.00368252036978,71.71830077379691,61.13498819963057,57.2350705716479,54.1842924207677,42.2426941511297,25.986176814233502,21.41975246031284,20.515931481391384,24.321469513299448,40.2463076846297,49.73740054939674,64.4660293264492,72.4341995675792,72.91352059497369,72.8501517315862,72.28023949366025,61.69192403369854,60.84504292664646
2025-03-19,62.317915735549946,57.86070222111826,52.56333724536515,53.69497125567522,58.701419347386484,60.62994313786451,64.90887273764035,57.72688123768467,68.5340921104342,65.73104840939061,56.6350992724936,50.77365729764396,41.61522504090257,42.920921063716165,48.77923968056354,57.597980220443525,65.62944294321932,75.5510650011072,75.22602515608835,75.40506449866537,75.2383338975523,75.23774349355335,62.41577725978107,63.2924108327828
2025-03-20,65.41338311232997,62.0334722414615,60.09216901729759,56.51740429747335,64.21671408644741,65.58912209279535,65.2089244504212,62.29885866213967,75.13262092003667,74.50869949284753,72.02857300412319,68.61468848868469,46.379191785119225,46.362310858364566,55.25649392516603,64.47997435096018,61.43916052715703,65.32174101582201,75.3544290878202,76.70921483728564,77.21165554136627,77.21178868785036,63.53678186421983,63.85342465186688
2025-03-21,65.1950200933739,60.85135867042065,55.415996201921985,55.329270563503826,55.28512091998909,59.33992474592893,66.81995046230793,68.42884797042149,74.37151807472111,73.64140389402803,60.042427965057925,57.05784519989397,44.84817198523985,44.602947809804675,50.241780627580795,59.104184514618424,62.73702936147817,69.08974884362286,79.2802960657177,79.413881908386,80.34410061853085,79.57959928505694,64.80868663534154,64.83450852608415
2025-03-22,70.51478117084531,67.9297718507341,64.45437590290459,60.113253910289735,62.523234581444875,67.57713690195602,72.74983551588873,61.00761919747448,62.91748561410452,63.976046967506406,58.34855035525755,55.0775956341053,39.75027873459469,43.807281957525795,54.180358438765005,56.29542597394854,64.82267585071146,75.51855573169567,79.32508372522362,79.70693755895006,80.0868843524939,78.30108129515459,68.13904548150673,69.04548525727463
2025-03-23,72.6650079672692,72.86903068130579,71.19858735882165,68.37938630545393,73.56914559455771,72.73941708624943,70.17164200577648,59.05870379051195,48.27823841856788,48.92277592378906,43.623620892654486,42.377525259710445,31.51234494107991,30.012557925606103,34.22056888263993,40.25656297947293,48.525334887621895,64.7891925728409,76.01263079643434,77.22911339513654,76.58667069665317,75.6015620545968,69.09341866479015,66.27624044050525
2025-03-24,61.56964560894136,60.62923278728786,60.22496404963826,60.09048380483835,64.79533064385996,65.8865887711379,64.52957338489222,61.00683695768609,67.27361110621312,67.72599032703019,57.71939527518945,54.301999160658596,42.061226324938666,37.92536313388287,52.26709975915367,55.84846703858228,69.50940219428604,75.51076197854212,77.43432917088852,77.38187252468634,77.11849806590305,76.56244456461651,65.97484600439654,67.65581692749947
2025-03-25,71.74011164594525,64.98202744414712,63.418191911008044,63.7737725936384,61.55560146351637,64.05408932002288,68.37262466010112,64.17373919546114,67.39059602294647,68.02574990140005,55.65971595180446,56.74662689858505,45.469467046391514,44.522691707726594,44.472380476528315,51.277564941684254,66.21885106923416,76.06755303806271,78.08883381030174,77.80601422183794,78.53185094146073,78.11027527994956,62.96332057224159,61.51137656058196
2025-03-26,72.15684736824643,66.47192614776054,61.88413760130293,62.350316557106964,62.70976685966449,67.55310027299186,65.4500647472021,64.88539143870125,79.32012647130412,77.01916289474408,71.37607342117627,63.57317559919261,50.80407700186458,52.11754858341703,63.59679585647503,66.27659571082138,65.45797416991412,77.7892768469952,79.54137766624183,79.78030246146369,79.09039314242168,79.54311189827406,69.31137107335232,70.31134733384548
2025-03-27,74.39044419335787,71.9825058571487,62.88116454000634,61.00188335342044,62.940301649735034,68.14833062911192,68.72735006606956,65.06296687234686,74.85604066972542,73.9409101710331,67.42463590678301,65.14451156242332,60.973413232860814,64.99680218462066,66.75973353633462,67.16404684501504,75.00378083654097,79.52528105396232,80.02873586627199,79.98786872279614,79.57894576858149,78.89459509575119,71.24903105736392,70.04199683140567
2025-03-28,71.24130052016886,67.42670447194371,66.0306971149984,63.624616546355945,64.80792228439788,63.896181030926975,66.90439444016589,61.343565816380234,77.47819235762718,73.91556860830887,66.84360722667648,67.71718868839163,56.430702629800855,58.87036441066683,63.75891175346866,64.72752309958261,66.72907809402649,78.17602258513375,79.37957192317344,79.5126978493034,79.04785164349572,78.8246896747863,69.21067549596445,68.33431772797526
2025-03-29,68.45530194738913,64.34205578989022,63.59168059850896,59.92853975690444,63.66809463978133,65.92226192832419,66.97436466811328,58.984545308674775,62.14997233575418,62.33884459866538,54.47183831714327,52.651451235751274,47.31671123088888,47.09925948265671,49.11747988404675,56.99803360700233,64.5599921900249,72.61366019838017,77.40434982548722,77.26841734610191,77.01609698794805,76.8316402524421,64.60556128718177,64.41020758636476
2025-03-30,68.32394134782982,64.54089220397869,62.804161603501775,59.4698691952478,62.41393876663104,64.1558230815341,59.11553685168689,33.523981135724746,26.1922271662818,16.20615457864003,10.262682998095059,3.5629338047313763,10.233360320349892,11.690666155403669,12.785516468915082,21.107542266062335,29.3279056915421,59.4894129253574,71.57580164628621,70.4425158316461,73.64560737738667,72.75882064515837,63.409980623779965,61.77056360064236
2025-03-31,62.68077247433613,59.368743942930514,55.9639298961996,56.82211104086022,57.686597666105975,59.363268206032004,62.6396477336933,56.395910200270954,69.22749380977852,64.17903990773105,57.84588135866363,58.486035402060004,50.34939403023192,51.18040374775637,54.8298875720585,55.53162996069437,66.22175211738049,74.13612285083576,77.69740674718092,76.11125534254474,77.29444031548876,76.55595024482895,59.83064704297814,59.28893434339367
2025-04-01,59.41859579470447,56.68622730024526,50.82882050204452,52.18380880743079,52.73126147349126,56.625409909292564,58.59991102529906,57.95143807962501,47.54344155139892,40.42413579172312,29.32424740796158,18.540673161738138,14.318715945922927,14.5977396928132,26.65998836429195,37.415070358236306,44.7322583633944,65.36778130620485,74.84586402053948,75.92756478451223,76.93799456474524,76.59179991907043,57.47949980081842,54.246382384643134
2025-04-02,62.57780969419877,56.57497440733194,37.244901894672665,33.58551553003417,31.924724070746173,43.24011848614636,44.28049671630856,33.18900272146101,41.39705727704572,42.67915772105397,34.270146253694215,33.93162252069255,35.6027356685788,40.207137929999234,47.57288934024423,48.66666589120987,53.72010984856709,60.88231086129327,68.1442709008756,73.03741454104367,75.11226802589837,74.47025468400334,62.722795529626744,59.558089248385365
2025-04-03,67.24691729309275,63.253116712958516,59.92112743608735,57.84555199282088,58.27294084848463,57.22095357112273,61.790507174769495,63.76529127662318,68.54787037352298,67.66438149061676,63.30667457577697,66.6921336653614,53.97346053977885,58.58660040969993,59.699170725755344,56.783240496345044,61.14616517262098,67.28954894122401,69.56100391822554,79.43360728725209,79.65810831685103,79.84932067744936,62.7726451391349,61.8693631816046
2025-04-04,60.794667215756846,57.39640468806013,51.97956203685987,52.31613348370327,52.961410266679735,55.28180702831914,59.589220312157615,58.69565481605046,66.62666730651443,69.82853913667844,64.61745440111017,61.638787439987674,51.531484347816786,42.95250407988075,54.240721149099876,65.17194727929542,66.54985593436002,73.75828034892187,77.89810982156845,78.99336627078755,78.94169876524748,76.98265111408891,64.74718309866985,63.58686717329581
2025-04-05,67.39767873291527,66.49604603400928,62.79041599032768,57.99325869860055,59.84212915529374,60.940888394203974,60.94584322363547,48.46134029765145,52.992712595954316,52.027658947140665,41.59536379264727,42.04728892891005,34.75978649854954,34.79916491829895,41.22262418492251,41.4066822403765,48.57618866795524,62.44574474012881,76.06891079195226,75.94969700521477,76.63735330710433,75.187514749197,65.43683656971467,63.74455455030947
2025-04-06,61.21269089003117,56.497339237102864,47.464983857220524,42.14597161953951,43.64565139267949,49.94926136216218,59.19166162699362,43.76261496246824,54.41813496450111,50.69764339248804,24.662227685318626,13.775029055192942,8.085305709428459,6.817277522296781,9.008426774408912,17.747216641123142,18.879062670355033,64.31542692488499,73.92085032113754,76.92655352191933,74.93512564593784,76.0756144270566,54.87231499114141,45.10295127121681
2025-04-07,69.02638073232261,62.385021320744414,52.70843737874441,42.328577473084316,42.794858732933996,48.76350263271848,59.090058336850554,43.04405302540689,33.80510792120268,32.36969765611907,33.94027525338094,26.299021383600895,29.56584217336724,30.78173376449971,27.993347092016396,33.09075822748402,39.7879233006988,55.33236344644419,70.87062372009115,85.45601781598903,85.41790966211408,84.62865087195408,67.99201717029875,65.7335159255432
2025-04-08,77.13379797529106,69.19717044461082,64.53294899872802,61.96214939947178,60.37351271099902,59.95088700887219,59.44595334810529,55.26662549416673,70.44019628274096,60.52686378446593,53.66798420637322,49.10337034042042,46.678601655098944,48.6838467596803,57.553319329558605,59.75858880251179,70.93674756271544,76.17335020058982,78.60471659778253,83.5966081158711,84.3551513615429,83.00014192984891,75.11664280891233,72.7201331939039
2025-04-09,69.2366193539113,67.13454311278304,64.31302866941404,59.201153111184034,63.2793449840805,66.07589064887775,70.59849890768697,66.84256508850322,78.02823566177597,76.74891075277164,67.28744096753161,65.31457176304792,55.50669901253461,62.28851613740706,68.82712496522365,68.72289819099004,75.65737555642696,78.58016850045634,85.02992591192968,86.46119210681061,86.05507347309829,86.21496062018267,71.76767914740235,68.63493645566494
2025-04-10,80.47583516643296,75.14313686017296,67.96739530371484,60.46692554714947,61.99449748871158,71.20534548015587,75.60575501316133,73.10085910267371,84.90945731416932,82.19317120606031,74.96718974318108,73.51189445924562,57.39076705134355,60.1062089204084,65.06115912821001,66.07614596574226,76.10593458409853,85.68879933881148,88.20869682338135,89.04884947177176,88.91146786500566,89.23017203436149,79.75626708980917,77.63938711638868
2025-04-11,80.5095153584457,72.3179053071957,65.19313389204709,65.78892620838981,60.54266668189771,67.51765314834229,67.76978343391562,66.1263540122108,82.56928837854542,81.60477833887782,73.16684415968622,68.66950179478613,56.988115690661246,58.763531421376626,67.18379197573208,70.73677960765808,77.58983621641813,87.01699271417652,88.78656080583194,88.53449951388801,88.86521576368851,88.69434702409626,84.20909338139586,81.33323143363802
2025-04-12,78.10760698061,70.44754009639946,64.88161409351602,62.80111705170609,63.428033023404225,70.18511035335085,71.28505369364574,63.53181379673233,81.44995080431475,76.97302519785741,62.384179508451965,64.63766105576136,59.6401113874941,60.01835174392403,66.41068277401538,65.99157609135756,69.41565886667878,81.63597257793658,87.56013038951946,88.67598936120488,90.13533116575478,89.498432744563,77.04933381833169,75.0984145360455
2025-04-13,75.57743378440657,75.37222376852519,73.24521419838462,65.5397829247979,66.28628525062692,71.35708979088004,74.11596534527219,53.96021158772275,52.067210748508586,54.12730998579503,47.30122025853847,44.031182335171685,14.51312761437733,16.77112323309031,24.53781516247444,48.30567012876782,59.40408646283782,71.59285945002009,78.36507832886831,87.93131429818015,88.03003409706234,85.88770347652412,78.61611472585903,75.33076240690303
2025-04-14,83.36853504225303,82.68917708523455,75.01021728772463,65.74982851333725,66.60230935314361,77.25830977362857,73.00034239542559,62.618392149489196,73.97052946262737,71.29270771192013,62.7781043813425,59.218031522115766,56.27387162286449,58.66323684286423,62.975947003470985,70.15479258099298,74.86163812905569,78.16637922413221,83.70371449328022,87.10256799371973,87.27575446699903,86.98723042901918,86.35730164296308,83.41299596943036
2025-04-15,82.36633753571527,79.02418773974226,72.08226252539575,64.72228838034002,66.86278102796243,74.18757915411246,72.57309853211942,69.9848280734207,87.4273838395392,88.07203281119692,74.17581834543404,72.6770610038483,64.44853837433007,65.94232216468092,70.5933423568341,72.58643559789479,79.50140488535287,84.875488279952,85.96267146501387,86.57912041728403,87.04425312134236,87.39142236704194,83.53824782869508,79.74382803565857
2025-04-16,84.54738157484269,82.28049096558432,70.3217661954431,65.16908865275556,68.6583606034974,77.59334450653124,79.55129845398089,73.4612744898812,89.62055343807751,85.18007343836646,71.42785357373748,74.69047261501998,61.193239473890955,63.884991161230225,64.85830313709859,66.95713795786203,81.39556303957411,88.6933150788927,89.1043954790456,89.59182261731664,89.59584771577883,89.52612747899411,87.37016897251756,84.16892126751209
2025-04-17,90.1575525134715,86.93477446100152,75.39686624155756,74.28354062648417,74.54335825656453,79.51599217277197,74.628650508711,72.95038697155037,85.62765973894807,87.50822640171907,80.2279266539094,75.71049754084771,52.02808545901934,51.99791198058884,59.631625949967685,63.74546851771048,78.03819128204908,85.94932162984635,88.57844232452555,88.49051825902856,88.71194950913444,88.65303648421445,88.22119196196894,88.11102106689053
2025-04-18,87.02268961851068,86.29748497407154,80.9755427316367,79.43875352757549,81.08952407949288,82.62375346900038,75.69956969108344,68.8093518109011,71.10484540438989,67.18558002946696,46.16624427282953,53.04009782429612,39.0770495286359,37.58820341612962,49.707354099598184,50.83099766841747,66.15824293045455,84.6293513719597,88.24766100179983,87.83400005610356,88.0134780356388,87.67037529369384,86.82486190681054,84.42715197028883
2025-04-19,84.55758726700029,75.01330852297653,70.87151994564569,68.19488391174694,69.05530265255518,73.40944021316027,72.55122281762051,60.758245350419074,65.19523164961258,55.528496817975736,44.22793003501346,30.334502239453283,25.637924044303244,32.685000196388536,27.406710419757644,41.43809000954069,60.84692767835052,78.22995116794374,86.21283532177586,86.43228898817496,86.7944434561562,86.84004287634569,86.08636508635438,85.95676050181515
2025-04-20,80.80766199880887,78.37292103915146,73.96783577705366,69.06116257956847,69.66834793560646,76.5123650577517,74.18762252973252,63.18047968901192,49.94997602126454,8.490547479827585,3.0324985924103336,3.081755261481392,2.735472068941933,3.6102506802318333,0.9131571531954141,1.8687419540244468,26.842463000658082,63.074777750892736,77.51066344033549,87.45703783939338,89.50685341531056,88.51890504080302,82.46018272464057,78.9745755803805
2025-04-21,82.66932246175674,77.9066504208323,70.26464106513383,68.10705831065535,70.9895934895655,83.35976842849965,79.74310945340856,70.04558041361298,70.18146708950184,63.89036787614181,55.88108509603624,56.51016377882863,41.905552679799676,49.09572379470173,47.18249901423463,46.1321429984732,60.677609327744754,71.89775884785011,77.80444592011564,89.82023559687624,89.66714024907854,89.72036559258049,82.35559205852404,76.91240392457404
2025-04-22,82.14610967490991,78.52392211403071,73.09849036913977,69.48755268270001,71.0451378039006,78.14457835379378,73.24228177104666,60.977459281120666,72.11004685470122,59.76538923175038,44.85063808755496,41.31410086490055,34.068162544294175,30.56504191136265,29.535139741092376,41.778114451424635,60.8955531007933,79.17771867175396,83.72218815953848,89.28576892642384,89.29503943283036,89.21337452659586,88.23853055120316,81.64823198531025
2025-04-23,80.51129061979371,76.22403758922934,75.56810042955706,73.57644761765151,73.62686473055892,79.90667285769868,70.25786181792469,54.086789270013035,70.42028520108198,59.69125063013248,38.517501111403206,27.259726300253398,15.398831752450645,8.118102983559913,20.520885574528428,31.473096095961555,56.41365009043437,72.4136963085141,80.81690282901776,87.88889580897421,89.32869624137389,89.36349409272597,87.76491268274046,78.87704112871191
2025-04-24,75.3419546894439,73.23370185042538,71.56393399008468,71.67163001070688,70.51935502800355,72.0545154573034,70.95743242088388,60.885403284707984,66.27055059781789,52.94531500749496,26.906988990034094,27.937745602484483,17.622901398685375,19.363779078496037,33.017320532172576,47.34044886725884,64.33196687524337,72.59607021878038,84.68079915909523,85.81229847037251,85.1492227556505,85.50512388168875,75.89071424148597,76.55790919865278
2025-04-25,80.64189923964183,79.63589554453482,75.98964223810482,73.48118281059241,68.31433455452094,75.63802108820352,69.69967741336359,59.530899509341275,80.73723682938449,71.57505289902015,48.40359790991342,44.71025361621768,40.612410586749405,42.73233449389627,56.96531095082349,64.30788547173526,75.47139813634557,82.29262796727366,83.99566832414199,88.55003363473372,89.34356442833928,89.27507727799409,83.28665685926258,79.86419100415995
2025-04-26,79.5577036152745,75.41661109610573,69.41589156043645,66.31629279312028,66.07518048666685,68.24916506681447,69.8033770138994,60.7837884691631,78.19680148753363,75.17545736449847,63.035637089418856,61.30991159607958,39.56769359565148,51.0330149908922,53.11891614593619,56.79755961333919,60.70950678717216,79.75570800680947,85.53259079521636,89.62329727099919,89.30244909673598,89.59569604418273,86.70066978245907,81.60370227706711
2025-04-27,77.68218587178809,76.80685417256039,71.2927970187489,69.30224957907618,64.71559544987693,70.22450146617516,59.7651426385141,44.07357010148761,29.02780216995155,14.631387153976068,5.245478323559439,12.79810463629411,8.365215048206,2.7217731999533905,14.587171386744068,6.823898908928733,9.710063720300724,38.63590948603111,76.14086098916263,82.36928201967682,81.79443464661401,81.9408668301505,77.97158127859669,71.25143666979905
2025-04-28,61.60331553164914,60.73894142106532,55.69410641779324,53.44848755755736,43.57655509138859,52.393773244922556,57.817765893121845,29.719108852553138,52.638652689903296,58.19540269611584,48.35159407818787,34.75967886869788,26.461237163886512,28.85453622510894,41.97495831294788,55.66152888553265,68.7022246949369,73.90854433664104,82.86399993675231,85.3502731430047,85.7172556530751,85.71866275123315,73.88126591815956,72.86482532345788
2025-04-29,57.913328400748256,56.84153284354877,57.337002644477856,52.93688859305462,52.76969309589896,56.41083359343337,55.86109643560352,52.42162074410356,43.59015623787693,36.762056971605034,27.85418328241657,26.5302497546275,18.296996138415903,17.11671888794416,25.505405330955405,24.73666245081399,41.89663507450658,59.39547831347224,73.68491298258596,85.64021063569108,88.326624307638,84.56874364294305,74.81403213148577,64.49668645933214
2025-04-30,50.899189400894144,44.362180075348284,42.84860310625646,47.7590502440958,38.65952898389751,42.853810936963626,39.72246949249938,40.95300328780684,40.618240190980075,22.737450135705735,12.34144109849559,13.17768492575126,6.94986306133853,19.884692337256983,20.987796374142043,24.163490884150885,31.677400916839957,60.43090215133444,81.66973903942089,88.312519873544,88.64318271653678,88.28140758661382,69.4077151021894,65.16681512939353
2025-05-01,74.58419839063863,70.30490692516595,59.046052292095624,55.73820458560221,47.66035685269994,49.5700491359542,46.104246663215704,40.29133985164076,67.63358026290196,60.98427174271801,41.020366975287786,37.02659759344688,26.17804559551206,33.35773949698157,45.491987278143846,57.74789137745969,68.80770257968756,85.7332749321577,87.59289007965535,88.99558870040914,88.99849315325358,89.27644176846471,81.9131558393793,77.6391572694076
2025-05-02,63.493381772373496,53.39264641950888,49.5775613655842,44.58227270501657,46.79232202722737,47.10866478348353,47.55623148903447,49.70447700570395,43.97709499068678,44.09016258517436,37.452193597814116,34.82590266452553,33.16847074545823,25.662447357824096,33.623158451949365,39.2887233526201,37.74829474442948,64.88787625973985,72.2207887960903,82.28395505952348,82.32184789511453,82.08240877276026,59.528305649130665,63.861985350893846
2025-05-03,67.23724329246446,66.80134456509896,68.59622071014289,62.56144710049736,61.926224152775475,63.54231197470588,56.29465032258281,53.940460934716874,56.67801184374051,55.839230442181865,51.61075299979382,47.51475036852258,29.218213198709034,38.95503530270262,41.04899064245719,39.205092163146325,55.254346040852674,71.19125286070563,76.69923483032157,84.33681251657492,89.35645289205445,85.36338261923422,76.16702975801446,81.47123015362544
2025-05-04,80.32694686807874,77.23289644101895,71.24569894235924,66.5438220303196,70.4002226437577,67.2197312985469,67.41916522742126,54.19492873637335,27.081710974621036,23.641826717159965,23.83919072687799,24.87227994158248,23.506748250020358,21.17955995548281,28.606151219841372,26.030342947128354,32.17030242712932,55.00696710729254,80.40005942062777,89.4841917896695,89.65365518982233,89.42398506552118,81.68109666037847,80.66719327765239
2025-05-05,79.33794787243437,68.03351973216158,57.31873470853135,57.58324785375285,63.21914284734916,52.904123037093605,68.70217261248573,43.79780127979142,55.66790281092345,46.21244168592814,39.81115932061559,39.75811467405728,37.00024514405101,39.288509566505574,42.18280007216835,44.66102620374855,48.49848926333431,65.88958465035458,80.38459575177735,89.42465011086742,89.24549975787268,89.26832225779515,84.26559635301304,80.2741768989661
2025-05-06,82.47723392416144,73.90888519206312,72.23986362717301,71.74869332059063,71.66569623679372,66.93686845360429,62.14719300526631,50.622822637370085,62.74872430969399,44.224849558994244,30.12773579476803,29.750378775145613,22.41239273987275,25.754186236227806,35.98741252741541,37.33355611974131,48.5856451809196,75.40134351959165,87.93223896629334,88.73254998563526,88.17122728897765,88.36354163062882,81.86416615789787,79.59545148204116
2025-05-07,76.5053952442873,71.84659105768762,60.20045220583025,69.63493900228384,72.98119896473183,73.17877419762193,65.32260167172886,47.70422866645754,50.25491103728307,43.54226347052645,31.731470830441026,23.510051802386446,14.04300859612426,16.1127255976585,17.386499644840086,17.582197310452525,39.61758834657802,59.07968954432298,77.8976098284438,87.9660104231196,88.99313625670999,87.11302877044012,75.72127290880485,71.1703241298214
2025-05-08,78.41815851998855,69.81793490357144,64.61173264781573,65.66112879884831,67.59745934127073,67.39657822992811,50.74181378445661,36.649688123116334,45.48902555122359,42.81338714223932,30.75405962039157,34.339448695333076,25.742383838755327,22.208859798636936,27.899450261232733,35.17727249466774,34.92988932102916,60.013646411093646,78.81352419041238,86.53645451354461,87.40591897214286,86.68751529903514,80.89651261624003,78.21481720844031
2025-05-09,77.61014931405487,74.87210296736951,70.21806735419773,70.52773322158833,69.33916991664071,66.31735191391546,64.3274214660496,59.05920159822644,78.39474211152739,74.49489181830383,56.4008560156929,54.20289990265982,44.441157754750016,42.15561405997336,54.56583579631073,52.829203233998406,67.76107290477351,81.31503867952446,81.41696528029983,86.98282256915937,88.15188040812428,88.57847882093068,76.6805467496827,74.59259445560537
2025-05-10,83.52680309068766,77.04541399582678,72.90156497122426,73.15471406462191,72.47461007525096,66.08339290833976,59.961488287387425,55.545289500272155,45.377442578098766,44.56843438652089,36.533254536236456,22.140960773690086,9.203977197268147,14.79624532650407,39.17470862588876,42.6714969963505,44.39912982833526,71.00510025659742,80.53377775357025,86.83921155002287,87.92310984669723,87.91812746838681,85.94330205233722,83.72083087451107
2025-05-11,71.65506988262253,73.79485328726953,70.18498010944148,65.49097738993783,71.5703144529555,67.16566010004863,59.17737159274225,8.835106298148801,6.505847734939269,7.944864817624929,4.999647706064359,4.185293152096695,4.491882659037355,5.649247292893094,4.515717791863304,4.876747382009893,9.098267031359875,48.254214978808086,74.01466780971967,84.13883865123825,88.09443305737905,86.55166293112642,84.27430866424561,80.17124632744759
2025-05-12,79.04456998911486,78.08117655397909,76.03508019327072,70.36568030114564,75.03316867235246,66.02881221672227,59.668828906411505,44.76731481330812,71.46840861421208,70.5774243717916,50.91099221074215,49.82245824068549,34.2003291665425,38.56993007281521,49.368842888553935,58.34187628526241,68.71297734405174,75.96071822569824,83.60362800729574,88.74925991459712,89.10864323147455,89.06476674506509,85.51843206307979,83.70350268229994
2025-05-13,79.55953763779786,77.17818167095265,71.24670095810427,72.95260636479009,69.29967608174879,65.91496740551878,58.60145764993643,40.33080024194055,53.24999642280246,44.67279025830001,23.8008516183211,31.668263031330756,7.1077155945550485,14.07934566051385,23.012382730642468,33.48816641107566,53.28672705372927,65.69898004239404,78.22380274405862,86.31860449042173,88.97867829035435,88.82264176633659,77.48907808428271,76.17036948956405
2025-05-14,78.95561807997193,70.49300698933311,65.12757332176155,63.4638563869781,61.04797501970599,59.30588421476636,47.851072468764045,44.36545443485568,68.69641002278068,60.77807523152609,51.145242467185334,51.3579089213148,35.37171618500322,51.34286540553627,55.74087251345902,61.711631645859455,70.71276907583291,68.80658604442864,78.38620935390185,84.98791176916936,86.68779709948326,86.67523281313544,81.77119475661152,80.6964759770806
2025-05-15,77.58906792152008,75.16019790189183,69.43711060651039,68.2313341894105,68.48639634795352,64.88887321849889,60.30421450705613,52.73798028364356,79.6624580312887,69.63555325358234,61.25297062830649,54.30491688947013,39.56391157981859,49.96737419906439,57.49734860173037,61.9630068527734,65.18246081691598,81.02040341895224,77.3464823823886,84.52429156918802,86.92621933743385,86.66050058513129,80.21701963505885,80.0165877933609
2025-05-16,82.60905907756523,78.35669467634283,73.4528691736117,74.32094010072979,73.08610952456375,68.5948148580054,69.08486345359167,65.61216634576199,82.27686504627997,52.75892883289388,56.31288271355256,52.31186627043185,27.970723392845294,37.56782738380134,57.72407782738009,63.83268841037473,46.509726798757434,73.2720552668948,82.06055487808155,85.37180335015853,86.02208045827614,86.26226776724793,83.89360001562476,77.58939043180429
2025-05-17,72.07417213049337,64.24944378551264,42.83855473741627,39.59993705477885,35.155002822413856,39.69225673823036,36.091263987899296,18.370260055138775,39.63498483148181,38.17374823229834,14.102762693037187,20.04054266611569,5.303509407361065,12.127134172816682,19.98862033564559,25.355209544479383,30.69695349833987,61.224287248244366,76.96159043100661,84.69384475312492,85.8441495886651,84.31011290556746,79.95191088841386,76.79609361662273
2025-05-18,77.30382101872645,72.85907793561847,70.62589891316134,56.05448472341028,68.07848441080448,52.11308102529968,49.31890979293125,33.994529012107115,10.459023711272966,10.930841011872788,5.979189192969299,7.006296708980083,6.468417820874611,5.5227270607487835,5.31566104159516,3.215384921106541,7.0391558618349235,26.022019539929374,72.40743054085235,84.9572726492618,87.0622394970961,86.86670939385779,83.76029972999987,78.21231099529926
2025-05-19,74.42314468422028,74.18483211612383,69.93416703070831,69.87785072179577,67.09269762459691,67.75756350513628,55.00644381508446,40.260072349403536,63.21218230732035,63.06616938899872,50.72837902612074,49.03376504142592,43.53486067201939,46.7527104278458,46.64587621510043,52.259513960379905,64.56123632009495,78.08284015779999,83.10080043852865,87.40575930193452,87.57400573439178,87.39777701091501,82.42613904044629,77.79529902492817
2025-05-20,79.06787759979724,76.8546018539402,71.98888717974668,68.89786263771491,68.02075423120016,66.45793381574359,65.17890471039081,43.13290200885045,59.60458016191028,39.77885292742562,31.565894504296352,21.335173665413652,16.651215179381726,21.116898935862196,29.223998737241732,35.16920194375958,48.36556764605984,70.22547420952026,81.212398536334,87.04591588284781,87.59072014143135,87.5414493967753,82.06723983900258,76.28650300414392
2025-05-21,79.97744182893987,77.16679591862979,75.9107602873408,73.30815012522625,73.55721883005961,70.2300681190698,65.00466785647293,57.694617755303675,76.78299751393801,58.878689366205634,38.09883158681154,33.90782250981637,27.96667123274266,31.97936082156007,33.38426789963357,45.799375638884094,69.21730030436125,80.42673867490058,83.76664110867722,88.35665077755293,88.04729274698937,87.5694426756707,81.1203973868432,78.15002989880092
2025-05-22,80.81982405903263,79.72564768035501,76.8679159434653,75.74460309062862,74.10310942566242,73.44846813827793,71.31808259703774,60.82719821671711,82.10490399074294,63.52453904891713,44.25020904873579,46.01838485643918,31.580391089935315,38.44795596562691,46.81582800872354,46.02697923276103,54.726950848014475,82.41605737152638,85.64856229295623,87.80923675161544,87.20984167384285,86.78840317461044,84.8470633551482,81.25850484132604
2025-05-23,84.86742278235448,81.19614691524124,78.01448758016069,76.8646744194889,74.90533904335794,72.80859997978762,66.25187956580777,50.12197120604698,78.04032155074674,66.99499276889034,51.74052794552688,54.608843748692486,44.72880596335169,53.13406655992981,43.401825733207325,55.96327120444424,71.02163259044437,83.97203380632978,85.936934290194,87.47497128488752,87.54034383460657,86.99938488987793,84.70325062991428,83.53077905398
2025-05-24,85.54066874604334,84.592935673778,79.40833681679968,74.48391683469934,74.90033888869019,71.37029831687089,70.17692602062795,53.97723762946071,68.75311538483116,54.56299266870131,47.26185144602502,48.98259156627845,26.215801176657695,29.511991524007488,49.7900976152501,48.15458909416635,49.12023529530791,75.58675416335343,81.86052455952947,87.6797795921888,87.05856995800326,86.40414909776952,85.26723309578013,86.08391028801388
2025-05-25,83.22022943645801,82.9374709536766,74.74919435907452,74.84178498667374,77.43901441356117,74.70632041078494,72.48810425503387,35.10824721314998,9.72945377720928,35.08014963441314,3.0193242070272155,2.984911941849759,2.879829208057839,2.7077528531167756,3.1337178429951225,2.9876180164672523,28.85321705867964,45.732163428268755,71.9452027579685,85.82157228903169,88.24972053693527,88.11615639964538,87.28130492870248,83.91623916557137
2025-05-26,77.56035605176609,77.88017929090196,75.4942771027627,71.07903143037576,75.6865207972111,75.0745926429631,66.24522534257737,41.170091207599604,61.83983866092705,57.20628128108674,48.61421007541458,48.08764531185936,37.13989174614642,37.9966778835144,38.59553491088044,57.23361476637688,68.2009588412196,74.94847235861745,87.46925475786267,88.49468833295889,87.43527581522076,87.98113009520927,85.18019003539933,83.92937951969847
2025-05-27,80.34269551424468,76.56809024314283,75.40087177716862,72.42088479028023,72.40997148263556,68.9990001908833,65.30050961062534,62.917917965156825,81.92588567193918,80.61019636471197,65.27624714912986,64.83941363567467,53.58798512666781,64.89612723745603,69.87144941305144,68.00708407913268,82.39785900194995,87.34231418259179,87.19020125093071,88.2770153200511,88.05224647689386,87.93578894454046,87.65408782363568,86.82044408335595
2025-05-28,88.47322464751804,84.57895500591783,76.77739060201166,76.32676222860903,77.86237621110018,77.02006520799881,70.26325945426743,62.32176576885044,81.4656088589376,70.25431211230462,66.82705951888317,66.66192187291735,60.743339560576075,61.46954392536121,63.92326283848975,64.94505412539282,73.18849702083989,87.09685058743328,88.1705594311803,88.16538275601182,87.8649450089525,87.81943373046981,87.69650486568828,87.40917789348212
2025-05-29,86.63734159060266,82.06856999844744,78.34994808818475,78.6096576905621,78.41098942699814,76.84342707661412,71.68549111266292,71.88473026695424,83.72641245641269,78.76746779640958,74.63540536466029,64.391103063965,53.35499493070972,59.93197703316973,76.40846366818766,72.7258287696635,76.9088425964444,86.32721097721908,87.42555057286845,87.48835423364987,87.46897627854237,87.27763666349895,87.38676816059049,87.4547287315638
2025-05-30,82.97904894728562,80.709977699683,79.80137462840246,79.096688885237,75.98702796680134,75.53619129780552,67.4690211388381,60.68104909783881,79.41297094888284,78.4295377335557,55.01577267018388,52.599782602368045,42.37661360871629,65.05746890456025,71.28757444132171,76.28142332086003,76.33784855429262,80.17459416319572,81.27114784180209,85.7503110776675,86.02778599418615,85.5532947765981,83.42932079734864,78.88279381049017
2025-05-31,78.48674244195387,76.68235775496144,73.51270741016438,73.8744388246028,74.24772700641249,73.0470391123741,64.97407565113473,42.45388917686446,39.61999401511395,47.64725422047772,38.50791852098716,39.203657102462664,14.6802349416174,20.304241103632027,40.304953273931694,51.64638785259274,57.6190522795214,73.12056413980896,74.14394560790662,80.10473856864319,83.86865139747088,83.69666960826227,76.79329376744089,71.14219678417601
2025-06-01,77.31414976505081,70.2336057498473,62.75737943709944,61.72528177985264,61.142288696356744,61.362135671607085,58.76661864205799,39.8671811793996,6.618927310898294,5.181515611178335,5.154540729227351,7.25864331467714,6.28336121937092,8.607292864603403,12.794936644973463,13.497620820679805,40.838969739145334,57.09727809010805,71.96659819042591,83.22389366344491,86.50890791418077,86.41251933730663,81.97419800012139,74.44605761604508
2025-06-02,76.70510456553816,73.5206177190358,69.06893319227665,67.13085499770308,67.54701512574283,60.7315736021649,45.870523633018585,42.020449399935764,69.99170305433739,69.0908965007433,64.10560799854213,61.94825220634961,54.35437566464095,59.12253431297064,62.30102829343502,61.735072844304185,63.84410933007359,66.87569405556843,70.96138245074086,78.90597055030389,82.67179547862875,84.00305756157465,79.33419479768318,78.85572895098315
2025-06-03,81.72117408083548,73.75127151678046,73.19520138525681,72.92049377806848,72.41024623627305,68.12385972556433,59.602696855154235,47.91928786587724,75.3383474340397,69.2085311194665,52.61438885017156,50.48879599219769,46.78037606629689,49.25009179889903,56.01280049739205,53.33364472753939,64.6268126030588,69.88710136960933,71.35869750716924,84.65323068895634,86.64971741659139,86.81856164823876,82.7493862189279,77.51961239167346
2025-06-04,80.23438917019926,77.39334220915475,75.92141782533447,71.91252609878649,71.24699762081868,68.47557966730317,63.71921421560293,58.25743817967676,73.47217301836548,71.53836659431138,47.338458314320334,44.37550187128466,35.864538877455665,47.30997156114043,51.09170055514316,51.57201282739025,68.0168588405462,80.44201508425581,81.2270052178721,85.15623435325925,86.76854155938445,87.02681754612973,79.39888810423366,77.26185027136385
2025-06-05,70.10632712843051,71.61909349117903,67.01758908891682,68.52932159321311,65.93270541023955,63.38295080668102,58.73972461670584,41.88694470152201,56.245506641907916,42.80521081253002,37.869496848766595,37.639194478996615,25.451405558587922,27.200984061781096,38.95088335016802,29.33837480562859,45.48800923813835,66.72614085187959,67.86090901726574,79.88368487457835,82.86297990281724,77.42878375627605,70.01236787200064,68.9259867297153
2025-06-06,46.006336375821284,49.40062032130092,46.740014787565244,43.5510838681082,45.40157618385752,40.245246056993324,26.960858099082746,17.76500187998925,22.870647354946016,22.785985324393245,23.504292081275487,24.07494963683399,13.192142703914199,13.937264667568144,17.123080522015222,19.162259683447722,25.500927403224775,37.76070441033711,43.80424436560536,66.41958901147628,78.21831444279134,76.42762825602092,49.96691151941117,35.87020788406641
2025-06-07,33.64331892628309,30.5561954028564,36.21656475772288,21.790361892891706,17.69706194393223,21.133764137398614,20.567139569110086,10.366497903304479,16.411115230752838,9.220056695437954,7.480711961101261,7.053888451717833,7.929719204663974,6.846951590369017,5.728424861900015,5.279217373694646,4.49011607576591,14.167498953593444,21.90141764392778,31.963437501144206,40.65238182884498,40.574745802734874,30.31121380286026,28.438574776736026
2025-06-08,46.10584837881518,40.47869329559277,35.76048112198694,41.77787685907444,43.69257469615977,39.12018389927061,21.9402422205272,12.46839376563675,-0.7549500760523609,1.6461746444486411,1.8671674785342756,1.3832849626779797,1.2470026196872697,0.9967568717697718,1.97087448706825,1.224480014660573,0.6623130314951753,9.122559951405549,34.49585924896855,64.07563037088241,71.91067970769491,64.15009570489842,46.81867236417949,44.95362118297437
2025-06-09,48.7541209865385,52.404219895407195,44.954097235777766,53.096780475470354,54.77288523159832,55.76438233919616,49.56440310997648,33.211973105368926,38.97022237249967,24.450477033554623,13.705782632784889,13.576174777964507,14.892150015455783,3.5046640267888236,3.75892083109136,9.694754814404009,11.623013289881216,32.8122689771447,70.94036638497745,76.49611183767891,80.56943271960083,80.26134903923551,57.03079308037272,57.68790086259774
2025-06-10,71.99761399484257,70.34298912720966,67.68841679896244,64.27596353409787,60.096930346490254,48.795327800531176,27.72784554559691,6.664476131055248,6.3688892942341715,4.989299303888692,6.20497243536927,8.53544405416637,5.062784040598707,7.81917837223707,8.564198277248476,8.626849055646362,24.948882016599217,51.36589369739153,69.20093719598906,79.49838790892318,82.11682377554675,82.5174997635463,66.016732874958,58.34321816987505
2025-06-11,64.92191435825409,62.03051720115304,61.14109573720624,59.56389795267146,55.91083856968445,52.18940420641671,46.78444515055532,33.713018710271,50.78754357554944,41.058502320492984,23.61641861116975,23.352345307982617,16.617736829571253,19.68319168615822,28.878322450189426,44.83067578654921,49.7818485143801,68.11520163388126,72.28183961831374,76.74979190782837,85.5545145838638,84.64285572000985,73.11130742941045,68.36458670078834
2025-06-12,72.77869640878735,68.77752754273996,66.15961727229623,62.84116094718645,62.589843807545996,55.796397399223984,54.80066304683982,37.42007088668005,51.789013535346236,49.74737335252815,48.883772387090154,55.4697029310405,45.81001115069715,53.85130535802173,53.17944262328486,49.563998069451486,61.97978093422899,69.55483375062008,70.28374433258479,81.44148012165907,82.60681992335574,82.73705114248406,73.9931499242741,69.95312967521049
2025-06-13,78.68228106344526,68.71067753151958,68.41982340599556,66.13600460918634,67.95550716566568,67.79546630831427,61.04451263031069,53.95901688033421,68.07203341404308,68.82118005707825,60.68341181757988,60.12939761398517,46.328728571432755,57.972160098064826,67.0278407145138,70.85900205020576,74.96111441427806,77.50134423372852,77.5755209619249,83.96764427022349,85.5543835362665,85.41429449095247,72.66869170013393,70.94008436528588
2025-06-14,74.25116174268152,70.75424595655474,67.12737612373101,67.4024220710563,69.8633771306318,63.73218745895637,55.72343275067844,37.29274268830531,51.14764787409894,34.750012756886925,23.143499042482514,19.502751122421635,7.047922388027739,7.568517959867574,45.0641532209283,53.83220486353624,68.76784507839548,73.66883936266142,75.53225449484884,84.17461072571993,86.11308442035467,85.46951336288684,70.88469337537929,68.67126474877975
2025-06-15,71.42257269159963,65.06393393192236,61.12363119181139,62.93608534241914,63.691870949821954,60.58558116403521,48.618444116876304,34.18525439935884,15.484762448000696,3.553028499273505,5.2936003671639895,5.390078955845299,4.962479621396688,5.366648194884814,6.243071618060892,5.311390532957542,4.504683375641468,42.85296727722678,61.739189069344704,70.28692909237124,76.51274595608004,76.68369076095779,71.1951779335237,68.24648727815627
2025-06-16,74.47150802415172,71.80275274175344,67.59654860907787,67.9971701305947,68.29315906312829,66.44040390831657,52.716948033686826,38.123771429611956,68.37405673652741,63.605882636024326,49.661849444077234,49.30523760652498,14.424656104318695,19.24377505030234,43.37202635146303,51.73646107505684,54.42135304496105,67.10496303675151,70.19322671906886,76.38309227861998,82.85485846697912,83.44205050177902,74.55174546628596,71.64671637288035
2025-06-17,78.46652280590126,74.27831018457475,70.08103319675566,71.04690546898887,71.6577543848553,70.46958711780208,56.75327662844062,51.72522077457711,55.32022885979373,54.22854801084654,50.96941389488772,51.128446154881985,39.95322595853844,45.66408882665459,50.18292554907374,52.97696092911422,63.47016170418258,76.56022619601518,73.22441537193586,85.64019366080939,86.52378624162311,85.88890598849613,79.19788952133443,74.87289443115242
2025-06-18,76.679850569253,70.42051825056201,68.47691454664964,73.49056072001733,72.91996420321883,63.20239479844993,56.63525560366441,37.98204125628066,66.32974208527529,60.96672843885105,44.723135344310805,43.71925340322153,23.19460504606357,39.73398503167898,47.55991669636899,48.41299700051386,64.83817649096332,67.36555155859405,73.59351240677003,80.04293429781262,85.43858466558552,86.22816469621962,78.30445918100405,76.80983168329388
2025-06-19,75.88595556960358,73.24770169669425,70.43165013143219,69.8205658890908,69.99000321564436,67.746553028499,62.2037437087772,41.56362499337619,71.20256326009101,72.94563685216738,56.89053699456047,47.24918964922293,36.14798181246845,45.376128685680456,54.36652145868161,60.67295553749649,72.6197929871114,71.71635657657141,75.32911967813571,78.7623586342273,86.24778889696593,85.57415704225012,77.77543632876646,73.15184136297222
2025-06-20,75.95335176685221,72.54202149057163,69.56612187070658,70.9880965374519,74.14752980671666,71.84146853935486,73.77743987569644,63.211188052261754,75.865361619512,69.53854772812414,59.889228011962565,63.0430303305986,42.87866168794956,55.678764934672365,60.72304217837661,58.95567083156006,74.81011360519288,75.18219103585325,79.14889572831362,83.93054481505818,85.26519940860284,84.31192947756652,78.18522385508568,76.29964898797031
2025-06-21,80.67091949842752,76.04084666201751,75.88664929031138,74.76833529799356,75.31806125232468,72.98562951302547,72.4715700578958,54.17917622423764,58.77527274626519,50.15971007319843,37.60522231898366,33.85547099050334,24.68700227518011,34.84428166631388,35.48759746442281,38.84462945633838,50.462543843729,69.64296957217289,72.0539537506327,84.88305788516558,84.89701494637433,85.32549713168589,73.6546440372487,71.2626683129024
2025-06-22,69.11574073351699,65.97970977671187,62.537322676951085,65.38412089946492,64.82178038737047,64.7666958221897,45.944781760483735,13.73713389194255,4.1419269709613,4.574494495483617,1.5287725468465447,6.825583133054367,-0.17440849016418902,5.5355081925176,7.868139783894023,7.781943370898467,14.981454537508554,39.34948907588894,62.173066159632604,73.86097937525587,82.06728620987396,82.24926825503942,73.76632241588244,71.83242169037754
2025-06-23,75.24440039464005,73.65737268601221,69.28637686782976,71.2643508125333,72.1872706608233,70.860937271622,58.775316904394565,44.90774627547978,66.20454854789095,63.74506230860968,49.1588783469366,45.72384952032193,28.105505234433988,38.882434080304364,48.135912021489005,56.41762103754849,66.08357426565897,70.94869431254658,74.93923506194277,81.40008707659283,86.93917542375722,86.57498021769857,77.20498430542284,73.94457887064556
2025-06-24,72.84393337420047,71.60172067424007,72.80814798627964,71.76092306836931,76.56086572721865,72.15048858409824,62.14915303286842,56.956279941395785,65.8459091863049,69.79208145580021,59.518852070210265,62.68209661940072,43.56410821138726,54.63384974889177,67.50174990881203,66.28729540852828,68.96194430605203,76.98198673878373,76.48380323951628,83.31558212848097,86.62141089007396,86.5604101426828,74.29381185400717,72.41279623043343
2025-06-25,78.09060181873029,76.949189675549,75.48556149390859,75.76721334532661,74.78204961565721,73.34712650920464,70.74172932704687,68.558237961424,77.64701358555833,77.33291989785468,71.29338227714491,62.53771830712843,41.114693532855746,59.53673454434477,69.957384509205,72.76701164783707,73.25150215510241,78.10508892547942,76.14760979222484,85.26448898723345,86.51257370428662,86.69575033916493,79.81589404269629,72.71693676095958
2025-06-26,76.31719750680733,75.38444870234277,74.34731531409749,74.9674261423147,74.10219062541853,71.95638191396067,65.90270569211332,57.90881513481642,73.2865531432347,71.8000125088897,63.936293223400305,64.60690241784708,51.68974508716849,63.10466557532335,74.00923839059018,73.88993094732156,74.37873358879445,78.08491462654513,79.4688746713666,85.30770013390041,85.72240388360764,86.16499462059537,78.83275044561498,76.24742363809928
2025-06-27,75.60406105442071,73.06902258833196,73.63121747331068,74.32269669680592,73.77255312667641,72.12720757087175,72.66589916721406,56.87447794710394,78.28946151725134,78.58792857953169,77.99920948229494,77.47432710884279,64.00504368605245,65.0797998929605,75.57919079085659,75.44860907544671,77.71548989130221,80.17647150697049,85.3137630663412,87.02578647739004,86.52781040672923,86.41857735940935,80.64688035092857,76.98420502947236
2025-06-28,76.5839269097092,75.84784843760387,75.20957497765309,74.89441511434542,74.35656612697973,70.40030681250606,63.84666697966876,47.5061919502034,67.67123860735228,51.78026565891002,34.74090955145142,30.556962987236645,20.61610903232024,29.65319849139581,37.40136132601506,45.55767136283748,55.364975815009196,73.65058498907167,77.43159606977916,84.28176389207286,85.96609347951944,86.00419958938271,81.77465833443107,75.95803362549174
2025-06-29,75.90131963930932,74.35123543630542,70.62350642227368,68.92955308768582,71.14611813201189,65.26971507569337,48.49621397013182,14.93799289750285,10.382874514194182,6.650484846775816,1.7480978315708111,5.666439804353306,3.6818195395430378,3.5651827537472585,8.620220606487097,8.626339056213077,9.952178318231406,35.15256866321244,69.31699172990263,80.86060286381439,86.35691221532574,86.90501438858558,78.41353442897316,76.7669736773424
2025-06-30,77.661470519839,74.3153160398407,66.99345109136873,67.04375935261874,68.99236106218969,68.45077828335542,59.44229399392448,43.25033391732477,70.2318333838002,65.7642115444318,60.647339401219966,56.44474113408845,46.3585534857201,53.813549093916116,63.23655652428569,63.29069869647201,70.01429183896342,70.9941406103733,72.87364336522299,85.54631109806057,85.96037438280831,85.96763559283613,79.34036808041864,73.62730801273473
2025-07-01,77.33256654559595,77.55160983350211,76.90938219992826,75.64196805629433,74.98281226950466,71.31526692673651,69.24803865490857,62.3337352614724,79.42500643450478,80.28676688157347,67.21593363486153,65.42644840809623,56.58669978120736,64.91687975952658,69.61206530359586,72.6500448445722,74.75167264977355,76.53499474158815,76.94472772964113,85.70845622214222,86.14263025817935,85.97120672249211,83.23356775411304,77.14318661610633
2025-07-02,76.23994629251764,73.43797680569384,73.15416846061798,73.21599880222702,74.35957610958728,70.17611285470574,65.03797611183788,50.90582958083304,75.17974742461656,66.80290605815836,61.561134455946664,58.40900403507947,44.08751420642217,56.19108243757619,72.35439018376731,74.00509112425797,74.7269046514942,77.08939180569642,76.99666450185535,81.41653895293678,84.61041307527054,85.31406060955462,81.21422615493952,76.72600413038734
2025-07-03,77.26387480617639,74.7686889062062,72.92839254410913,73.73190814680538,74.17172130308508,72.1802015471978,73.88475777644554,63.81119956817466,77.18734802210179,77.67454527643287,69.25746415151708,66.96554108737422,52.096390636931574,62.10761668639344,66.66085244517755,71.13484025716689,74.21077114126136,74.98931814353136,76.12161566853423,80.7434644130021,84.4946231176368,84.97034133626397,79.24304226058908,76.7533624427085
2025-07-04,75.10447384641665,75.22602900903075,75.82744136229897,75.91649575889251,75.08469496636462,71.69233356159785,61.27543045269667,46.17962118570669,61.62730370774807,60.52400936156183,49.93050018166287,50.98626582199313,38.503539149548864,44.77828140027027,57.00406056419519,65.01750210850045,69.94838304956495,75.38754842274054,74.92522853016638,81.94145593440233,85.18134109401488,85.51451526736022,80.47992763669356,76.52111530823392
2025-07-05,76.21142326834111,75.00421371192586,73.14936198778805,73.14977836191345,72.89402810599005,76.68216822709164,73.61365253422146,57.75034217645869,74.58148872430597,69.48881748308308,60.41394394727928,54.323127638873956,40.89267615755249,48.75639751443371,60.30846028801675,64.35618678817946,72.37452181693104,72.81179773191877,74.30906170210555,81.64062083846532,80.9096278030553,85.67175925422738,77.6168147443107,74.87860464228554
2025-07-06,78.02183069625887,75.54524126179432,74.13858958968925,74.71351710625754,73.66670051647186,71.33885767971437,68.88925510574359,37.065176141952676,42.63530512584531,18.337261736514797,7.306407760075133,5.7172793266486455,10.97979302614135,13.770882083637005,23.874627745520026,23.92620199731324,49.579431870144035,63.892780532752624,73.72125602333945,82.59161152624593,82.94487808122179,84.23246045886283,78.90010017624545,79.26647190139902
2025-07-07,79.66080266635,78.5795212203998,78.23045741304159,75.83130914355779,76.34892966534788,74.91532708517381,71.80117741001429,56.00156013463834,71.54526275399418,69.64319183530533,63.95420517258694,61.879344744936475,51.791155758504374,58.194063058289814,65.80535283805494,68.99514914349415,73.61057257949108,76.71198781255873,79.42172088231399,83.9738383805482,85.39293813901743,85.61910954937012,81.30584351577538,82.36942523777338
2025-07-08,82.83933016949788,79.64415766297513,78.01421709630425,76.98309768671515,75.18148818293572,74.94196210218495,72.48980046800064,69.328700218585,74.3260416985751,75.07058587736525,72.68028928213,73.75043093072811,62.631196339176135,69.34449567150212,75.06934307854245,73.39945266989676,78.267873495776,83.12838353702428,84.98919570435874,84.83567883698811,85.31816636621956,85.37524028807928,83.40975243197904,84.08374822222488
2025-07-09,85.38751466186912,80.39733534982989,77.5074725268364,79.07756337707357,77.04518500118657,78.7853985212048,75.3244391538243,70.67814273623156,78.09151805312283,78.59556074283051,68.27447853319794,67.59814435210066,55.662433317475354,63.45553336072495,70.42657443840258,70.22814342821368,78.64619994947373,84.79865012033872,83.86412055131048,83.4056889787147,83.49215077190773,83.60899852614635,80.87144749047147,82.82255877424996
2025-07-10,84.97032027404542,83.90744996465759,83.5691360163905,81.68812603541411,82.5819409965273,78.83462616504785,74.84547411628452,67.63105102533704,73.72858512095992,74.68212091878792,69.49422708376694,74.32151291579451,66.17309353344484,69.66619739920552,74.45064289206742,73.90163001438569,80.52592109126948,84.79019689623968,84.73129953347909,85.33421763833692,85.56999980539251,85.66640997291644,85.16862671065176,84.8546396638364
2025-07-11,80.06733447581439,79.82894479747378,77.36541566886444,78.14369714286491,75.87105685467711,73.73018719506193,72.72723033348504,67.29970767326826,77.50204544346023,75.54539043318569,71.42339156425692,68.567404146724,46.544537609361846,62.2561334821967,71.34039795201716,73.94157943290135,74.09975278806358,73.4892911204676,77.02462097310935,83.0901286739523,83.40067190933117,83.58438823876732,82.52874123269319,78.47130876179047
2025-07-12,79.57965512948768,77.37439871155884,76.06690315428953,76.34626953468955,74.72492177984478,72.82497659513473,71.77975364166167,55.494449430564565,73.79860015209697,57.288718726693084,43.19741293296253,42.00863290405937,34.45119460410591,42.53413294161677,48.67816115935042,51.881922456233575,66.14829336277556,73.75988264384483,74.7551794107693,78.11942833511182,82.29629132799317,82.24443987668994,77.70688313525316,77.16756401416046
2025-07-13,80.83601777050441,79.25190738340821,76.91915389821375,73.63535551200873,73.07533431091883,73.36011434545878,67.83946232733066,43.02173359903365,30.153935491399082,7.506445120620571,9.55482121333621,11.582071992972214,8.557949804401144,10.019981069466843,18.60415348079484,18.75006851934641,27.691115816648793,43.84054696406239,73.32427580407915,76.5767628237172,83.0521534460914,83.20857269608734,75.46510145504794,75.67097379147818
2025-07-14,80.22705347644,80.19952679049688,72.98393882094551,73.84251326119512,74.74002547803852,72.41632452977085,71.48403991181114,54.04045978281154,76.73944206237123,75.25032994150386,67.25560567570558,55.38833933730108,40.75145124366375,52.252204331124034,63.807185055444045,69.20997606381405,76.6888078795013,77.5541604071114,80.35439760780474,84.89600008289813,85.46726338845045,85.56890306061999,81.44870043590264,82.56058385700973
2025-07-15,66.01758249650005,64.52902269980024,63.783601865359245,56.91286433328173,63.69132033961286,55.336543253492046,53.06332750933115,47.860883909508885,59.84047826255556,58.315022104835144,42.96848522573491,41.92843977184878,34.38027532006074,39.38287284413047,50.32831206584964,55.73553395348984,61.68378842478922,64.82476354774124,78.5275387080919,81.517812284121,83.52943227280963,83.06928982766986,72.59463772081709,66.72547012334985
2025-07-16,78.21768699595772,76.6174931177717,75.24176771776801,74.5078216568576,74.7807009758614,74.42791222024724,72.73617789055525,62.67199974447095,76.50747612549561,71.33255479694628,56.44157862882328,56.34488645266612,41.634427583812375,57.31051804140044,62.78943155058755,65.5066507229359,74.93223920357678,77.33234559195978,78.22668107722075,82.59606389725897,85.06962089748579,84.93692622890173,79.06612273674372,78.47997113530184
2025-07-17,82.83125294279235,82.19778712282475,81.54423771575094,79.10431782491575,77.66108080921701,77.02255878221779,76.38978573393624,72.32802735306262,76.94327106081022,78.07446412413942,77.66940082246076,74.27604443920661,63.70381913623333,76.98105743988911,80.43436688685617,81.47671035370062,82.65361280950802,81.56870709431938,84.63305413812112,85.67136786813444,85.70623707141031,85.53021719803151,85.41746780528062,80.39704180603397
2025-07-18,84.45081484061716,83.8997145414703,84.28679694612953,82.43052397769846,82.75431984655665,81.59338803352003,78.89020433802375,72.6175669698108,82.36255861801088,83.15086576464968,78.26195091500999,78.05463615849872,70.99895490574497,78.18929596972646,79.51549214100572,79.15274842232542,78.9567216782301,82.75535065395444,83.02583939012928,84.69362815742873,85.13445795140576,85.22528668635965,84.85304611934816,84.35529851186516
2025-07-19,85.3794961806865,83.38391985099777,82.21871977490494,79.21016108561848,82.97974965992658,82.26902722611761,78.36222275259794,74.53320592210316,80.99014363987158,77.51351519578309,75.1962207190969,71.48035308774716,61.29410859157019,68.52317002998295,72.95409603478039,74.55073372429318,78.34322056586171,84.28852742832176,85.4449372634627,84.63813749636377,84.85596918616812,84.76657810884383,81.88012270115705,81.94585521187837
2025-07-20,83.42236775840854,80.48791551425352,78.73855089856431,78.40768332774863,75.35501719987501,73.44624018342282,74.88123379351327,56.89729104238065,56.868996243950704,42.52793896528299,15.61521155757217,14.936155111781519,18.4839013502574,19.470627933625014,28.018043041180025,35.91672327921093,44.527807084093865,74.14654239893936,77.9092801446328,84.60666978429194,84.76184856698647,84.7772593013434,82.31123537990045,81.07497376138886
2025-07-21,83.08257949945991,79.02816139732388,78.15790308530025,75.79887741402412,77.75169962783647,77.76451076677353,78.9076849352864,71.73761511286126,76.28677414149945,77.24769333570886,73.77867027863216,72.7051037396107,66.10964853046855,73.12119871220898,75.6111569984629,76.33811764766709,80.34836954992558,83.43530777007284,85.19101510260491,85.99800861106603,85.44268227593204,85.19023167948144,85.16930659653745,82.03486771833681
2025-07-22,84.37720761392377,82.75318355905456,77.2829852650199,77.21623194549376,76.18155112660541,74.56387791946278,76.48787849111962,69.80668885323742,77.62795318684275,77.54882180543079,75.20778972168334,75.3716480225857,67.02500679969847,75.06896056144424,76.56677705954354,77.43076640333283,81.59529204174301,83.1997770012509,83.63839296997286,84.06015350886922,84.84917031533418,84.56539936812919,84.5210196906818,84.77448237131473
2025-07-23,85.34755340359847,84.74163157808681,82.5717278389141,82.61927062007229,84.38927762368404,82.53034719646202,80.87504538982763,76.91732654567872,81.80867887377254,82.21689499984565,79.21957091027927,76.35827269715135,71.99725873550469,75.86548376678589,76.71238207009495,77.59181204406875,85.01768920304721,84.48238256357088,83.13566595260941,83.2078876837511,83.65932565744066,83.47340854126301,81.64275185741853,83.50420111798744
2025-07-24,83.20762254292646,84.124933526162,83.97857843371729,83.34573938177175,81.60675459974668,80.68400454085928,76.63362525053991,73.40175239089508,83.21956354652674,81.81388461491754,77.33599013118423,75.76303081771577,72.82181055874038,73.39167980844294,75.11993325591996,75.55690121872446,82.1169630194826,81.82775269750555,81.88917889621233,82.60108679387288,82.97069647313464,83.0148470341647,81.41790930065987,78.74602888515271
2025-07-25,82.40814077078804,79.9103077232969,77.33646636596451,76.90529086538777,75.85074494441447,75.85104441481649,71.63252083731354,70.87731229885146,77.8160394545006,77.56846053053023,75.06487438900177,73.92442359023144,69.05503607595642,73.94376337495201,76.35938122134596,77.61684991082754,81.23180131919804,82.20915562890322,83.38245758000204,84.12006566374552,84.05699554921046,84.04534882576672,82.570269636801,81.43032131913985
2025-07-26,81.32924503784689,77.42488789666476,75.53349985410726,75.84382902952649,74.33839168990927,73.70916443289538,69.8370331826013,62.620805802794344,75.5355282829898,76.27961265274347,69.30385418331792,51.81181542637105,37.00484954328715,49.488826228910774,58.74631205628703,62.03279193501811,75.93249499531842,80.3434504558864,76.78787612980089,82.16928984570804,83.41071513027524,83.3774237823627,81.65621146740787,79.80039877468295
2025-07-27,82.25120111433998,80.51364598486389,78.96167416999063,78.49652590388197,79.16342690239128,78.6088744633721,73.63213754156732,65.08825622590363,63.68430906762323,45.84332605035133,37.42972079326606,39.32552317994038,50.07949827981192,61.34560632708206,68.39015471409083,66.09601611467761,72.67401738415522,79.24973989391876,83.30681985331046,83.67568790259553,84.47981095545609,84.67139922701584,84.03278470314135,83.20385000246151
2025-07-28,85.12773644103801,84.23250610275642,82.57035144420985,83.1873666960845,79.84461819757394,76.85271587128952,79.25720687720857,76.0531871056115,80.13013825899765,81.57976099495914,78.71951315089976,78.4726206400477,76.664067041393,78.64373980328787,78.08311198810074,78.43436101284169,80.99302219104587,85.38203630557116,84.06935742365286,83.75659401162856,83.78858944756182,84.41030414326532,84.59961119388406,84.51048458845973
2025-07-29,82.78963191744369,81.14140247521979,78.52356871032389,77.76726557975498,76.31016903762439,77.60238382024659,81.05302392659043,80.69744558981917,82.52134492798729,82.01702940797719,81.16284113758171,80.09930001310923,74.71884812853875,79.70293933637105,79.3079150807678,79.89041954765179,80.44086972402015,81.83855539524608,81.98211373125801,83.1842431875887,83.66694186409808,83.32176305619487,83.19913476148773,83.1870176803328
2025-07-30,83.8114518537323,83.73325839941131,83.88145710298885,82.47266748613009,82.84425699730009,82.47760711227853,81.05610347864041,81.77755354175993,83.46494852814399,83.55625682231411,83.47039090523249,83.10198742002669,78.69772458663027,83.31442212399767,83.35989603109556,83.86167929860585,83.67238265703111,82.42511859605584,82.2183143749823,83.54617823142743,84.08865148411807,84.11018441344034,82.35937849615259,82.19662773419596
2025-07-31,83.55109455067691,83.58289543626654,82.15447191678115,82.04727739742242,79.93475593372706,79.55112117758846,74.31640619299303,74.42548766276812,81.85830681497151,81.68784339090698,78.72602791556656,79.33780802295209,72.56133184160069,76.7417653000486,77.37729342424133,80.1480892489725,82.05644184379923,83.62246345449876,82.77989202805679,84.31376619837279,84.00301886244559,84.11788786360468,82.69979901428253,82.46695866952966
2025-08-01,83.33772739095862,83.09177926429487,81.16244064702832,76.70887706387484,76.38496597316362,73.15194619707165,73.9128427956703,73.10337290393151,77.79452039683859,77.036924245496,73.79823277573249,72.60137153715706,66.15869455304286,72.5464036311096,78.56835491086866,79.35673325438653,83.3518695975652,83.23134372030697,81.04819827945056,84.4244269801537,84.50300318482239,84.57138072577438,83.2550688927582,82.95998794408544
2025-08-02,83.656213609255,82.11876584807263,78.5813630859997,79.15504346606741,78.88445772292009,76.14233097796144,70.90934394276782,69.77537495939683,70.76131491212595,72.01918091652108,69.96897104060771,68.65576305175058,57.745640448242874,66.14006282261154,73.91190460744514,73.03634413020175,76.01773878504704,82.91336789094181,82.47005196271316,84.15392009725906,84.09777163216735,84.16511520493627,82.56340542095293,80.9298049206622
2025-08-03,82.82273853751798,78.73336419683137,77.42548219843856,76.66737580232831,77.62230483444678,75.15296900310379,77.02057822205082,74.9220704427009,64.99694409127693,60.13799701774264,52.296427503084594,66.6026945559352,50.99369005962134,68.50867481355245,71.85320544226046,71.91534562310855,75.07969306995298,77.82104648680516,78.4599231893498,83.8307233825493,83.94773011982946,84.15371285500157,82.87458167303772,82.55254920328092
2025-08-04,82.513672790066,82.43422862230165,81.91153274999027,82.00856868274607,80.80783191529021,80.44665024724459,81.1079163174771,77.75441106540009,78.14268494199472,78.09912308969828,75.19767521563722,74.67743021781665,68.76252501256685,74.70426212220302,76.17806741946363,77.3811890806257,80.23320876074756,81.56769601872841,81.28431277671946,84.11117783609954,84.02588983830519,84.09851211256948,83.42709365538954,82.7157694141954
2025-08-05,82.73411150085721,82.4616008949101,81.38494314100714,80.06150171077729,79.09760909328664,78.43339379032133,79.02352363738022,76.09586060659947,82.37089408380916,79.78509896925966,76.82276621862937,73.08755204376074,55.92295063362078,72.02818228973146,75.71492460090457,76.30373195470496,78.49897471393729,83.30677260426678,82.94574189403718,83.76020612812707,83.66201613368371,83.63327271120473,83.31110416081926,82.64717954812568
2025-08-06,83.31809130027322,81.8356261167324,80.36735072581264,80.61993335231163,79.42307547415642,78.6414105635942,76.01284820323404,69.49154740797722,78.1084584807475,79.35402543483684,73.27959188163133,70.34060219273285,57.266023897988866,70.25830698158751,74.01042554437406,75.76810609740929,78.6141347900321,82.07633989300285,82.45126853917068,83.90362643021484,83.9473806933854,84.00533729765235,82.5694992114116,81.28430137590367
2025-08-07,83.09046539597452,81.43104443338785,78.7625041136642,76.66690878382695,73.13359691511079,72.4874596604678,68.02014733239093,61.44013934354038,75.2587360955965,76.2126652654115,70.68777011656233,68.86355395454243,55.969219474305504,68.90450051249562,76.41892120846398,78.63189393741023,77.98376788874674,82.11231983726013,82.29642235879504,84.42846368087437,84.35172951354461,82.57922829324194,79.00386451666338,78.49641926062057
2025-08-08,83.14559039577925,80.21206775275841,78.47788162978831,76.59571656887745,76.30362498571513,73.21823203313475,69.57302452306816,66.54519850698335,71.16736337682075,70.32313212445136,68.85287826616343,66.87306293208883,58.491001284459266,65.91591344841652,70.82338176398356,72.9282042192319,75.24553131158521,77.71609825722652,78.9115750943854,82.74167706501579,83.47668631734994,81.52256155598906,79.61369204740944,78.4872387437334
2025-08-09,81.1992196781818,77.67861160098099,75.82346773295698,75.12962707169265,74.77683508369218,70.29921143801762,66.31026654842691,60.900712734698985,66.3599111833147,65.74299039954015,51.67475604787179,52.65647897701972,43.49302872102814,59.88005660523059,73.85383686435853,73.56612417822983,75.83623381191678,76.1801591104614,78.45113119850352,83.72256237043318,84.02057151558004,84.13064929044522,80.41504019947031,77.48415078128437
2025-08-10,83.17723344279402,81.9081355120164,78.26565300233632,76.01088784840208,75.47426290282495,74.09332875472636,71.60482840451813,56.907664486166205,47.80291343458046,42.707882280483865,36.812087891052556,38.28762023157549,29.003728509164482,41.03364133053703,51.10095600754515,62.61079279253459,67.44445464101133,73.52324084532016,80.38465944566539,84.16499128232665,84.31090380649806,84.43476454698813,82.74027642496088,78.24085935489124
2025-08-11,83.15629968728857,80.04634168002488,77.84170151424826,77.41612026471725,74.62855796856442,74.39727857628164,74.021761704268,65.97434601012135,74.70799879453207,74.98459344432639,69.0309236646941,62.12617447380572,47.241443583412774,58.69091809363145,65.18687765473922,70.8591601329872,76.74028013226405,76.30539843885109,78.85777056783505,83.70917488455645,84.15365219096039,84.09086520729689,83.2055538785309,80.81377946503953
2025-08-12,83.67405661833769,80.27958787886124,78.87171770910811,79.19196135537122,75.3903733928063,74.81873966500149,72.6012078738279,68.94726143287278,77.70354138694236,76.30816324858444,68.56905191195847,64.25424654133495,58.551299196160535,66.67676621995362,73.11569958571171,75.42385644352787,76.39937143276691,79.01073587155591,81.0270058231204,84.04961283436458,84.14533295791335,84.1601129123642,83.38058465251342,82.56768475153685
2025-08-13,81.99870065177447,81.02723226146418,78.12853557300265,77.8948195238778,77.18488381334299,70.1272834341319,69.50474384613221,64.14257981355526,75.83805381942203,76.14382840177306,66.53945851167303,63.74030319697133,55.27024507921545,63.96184789237133,75.07801223772387,75.88162382638465,75.46084277396614,75.68306491885816,80.05160041776129,83.60408302375934,83.62046882018592,84.05893552245162,82.74754248749646,81.50114436056079
2025-08-14,83.38788281150916,81.49858252612984,79.14646152882136,78.87284781281811,77.2528436734402,74.86605349259132,70.79082170289747,65.5166994855825,75.71919967176302,74.04894429453945,66.79006450142192,67.06534128277065,55.68135322941345,67.2352491502902,76.30379692631347,76.60961546565136,75.28820352894815,78.93866685306219,81.85585713890153,83.65794824977651,83.00097111272797,83.78341863795778,81.77535218287527,81.12818769780566
2025-08-15,83.34037563888347,82.40125029717962,81.15143335712116,80.31041880359793,80.05229214101071,79.21421503974575,75.20938800312841,70.01888829559115,75.3455435794913,73.62847372961836,66.06896581080446,64.53685198357333,55.628317489914735,65.76062740859626,73.78846669476482,73.04366814357861,73.85797487656282,77.7997005444243,82.07702797627984,83.4007006789388,83.29230046093681,83.33863373248505,82.98356202948608,81.2770503173235
2025-08-16,81.02440921839742,79.57923437795826,76.92726875998372,76.80469607389891,72.92072169961672,71.40239031167671,71.52782264499255,62.83726973420046,68.18875204865232,63.900935492102164,57.134934581778296,53.92247692346117,36.52645691389645,48.124537123257426,60.97754278005276,66.15330333603376,68.69231286240102,74.43406683187663,77.48304429759398,83.0536847441086,82.97448107850353,83.18693982830472,78.21777094150863,77.9849702092976
2025-08-17,80.53449826715469,78.62949949510863,77.49503014605712,75.72264732694047,74.85028114953802,74.85303175392676,75.31405842854426,67.44476681841417,55.36137429601009,35.74673115423632,23.824448716925136,32.0098915143388,21.5136459410978,35.683378260542284,36.78430486110069,53.01239187354744,66.14110790048996,76.5126577713858,80.36672566810869,83.84672077951157,83.5498476042526,83.94835568118312,83.6531813375267,82.43809415623033
2025-08-18,83.50160439793545,81.72164010547888,80.68274745620496,81.07302785259213,80.47132700347183,78.53302477065965,71.81574597049332,73.24968105912598,77.14893722557217,79.49824576155358,69.52228650972111,67.81052047339475,57.12546256406135,70.7142535173217,73.47708905096226,76.72854521099846,79.92132508044213,81.64595291963745,83.62443789425302,83.02218212011007,83.44537012551619,83.36830978616945,82.96800597387936,83.51699712625167
2025-08-19,83.85664225135285,83.10034867583644,81.6488099142799,80.58162949901926,76.94157624240539,77.32814368554823,74.0858665349902,71.30345537930626,78.07732660833555,77.4047898699213,68.57230489632428,66.61461110254339,54.85821494891266,68.8020085401475,76.02117345751557,76.93798995825709,79.17849888782357,82.29600597240774,81.96623028373342,83.22120721532467,83.36453390481402,83.42396975949279,80.69996611828722,80.79955412572774
2025-08-20,82.98516406934097,82.80153521269422,78.45924537773578,76.94201415251999,75.79200131430589,74.65017088450098,73.25558581295066,70.08743070652196,76.11194197524577,74.58083519383074,71.90013384065361,70.14831570530431,57.573012097718085,71.24325693692798,72.62634045032769,75.11360998006892,75.84306610175015,79.97385964687237,82.35304672356787,83.21511991224597,83.29672177775346,83.22611498635055,81.85339862819824,79.91460091293743
2025-08-21,80.66414522251831,80.83882875844974,78.61084917131083,78.37115054746089,78.05183074656543,77.94657310243333,76.36335342272938,75.43163258746354,78.03877821627715,77.62607447730171,72.3436848739624,70.43287248472492,61.85688185415452,71.09821161160367,73.30373267235,76.34238852084542,79.32264283361404,82.90722837377777,83.55794625303864,83.4763823740958,83.60119242441527,83.5762316909451,83.49014952723907,80.57080088770567
2025-08-22,82.79570870454495,82.45516447879926,81.76558685970521,82.28062515064315,81.66308520506672,81.92316700261144,82.12734097770101,78.30866080164081,82.0925754597402,80.7444860997869,74.91626307372023,75.13196840591354,59.81245172773257,67.61451354518377,75.8050845430414,77.87943142407543,79.45002978223128,82.81738396644798,82.68331223848337,82.94560273638848,82.97888282367113,83.40966469810844,82.46093951603586,83.12963476861476
2025-08-23,83.53441103794474,83.09007445454219,81.95293618157221,81.08546696406171,80.98082317660909,80.16243770664651,76.95259948567426,71.85012423637205,78.06591168512108,75.1907251280861,68.07050174099996,65.11059156931324,52.44089891080709,64.19294566857144,69.62504065477482,71.38105412878924,78.38781127266115,80.65879174262108,82.78427007486354,83.38651483659999,83.44323956538857,83.59748689800668,82.9028164747348,82.02030698521713
2025-08-24,81.77995826479642,81.30412773186985,78.33491816320404,77.13914405433532,77.56495771382122,77.34819661712987,73.41596348149605,69.5378294663139,57.855829340863124,38.79242641256938,35.93515770979717,39.09647397549468,32.42074987515602,39.084315203364014,40.75410646403264,38.57741313962454,66.06285512730292,75.26841869700397,78.93393703592491,83.54583043908542,83.61285509296128,83.5734999193412,82.2946525769497,77.94203142949915
2025-08-25,81.2137219472377,78.98839182721173,77.89027702168615,75.65878221272801,74.90620215960634,70.74707238452793,71.293359167765,63.336856151851585,72.5772654604518,74.43705047108232,71.12800552803255,66.0649011393912,55.72990223565894,64.03571803882346,73.50649686728505,76.24999413566272,77.84317471873607,77.92788019240159,81.94905248279608,83.6625221463298,83.71598708357355,83.69825135721032,82.65937231113973,80.27689675074465
2025-08-26,80.93719146604381,78.1468581955964,75.7683417721513,75.0937754042115,74.40099914816193,73.41756737401514,72.37411956710879,64.83523866557326,73.65140529421059,73.66540188965463,63.915588353343516,62.36226491224006,49.75867372129207,61.24681685281775,66.60905885305765,70.18570062139543,77.1689720217965,77.74182524428213,80.49513736513407,83.3708984493998,83.493306037134,82.90462695934085,79.7483736714323,78.69807819809073
2025-08-27,77.69789795902628,77.43016144558516,77.29219400869268,77.78815147691577,71.93694009500096,71.63240602146986,70.64214887229332,66.44811924167371,76.52157489156923,65.57626633397045,58.74069267958201,57.977970212832375,35.38021010126804,58.629162961203775,64.7721335286008,68.41249437174869,77.42471355730893,78.17553560444479,79.29465095002054,83.54789949223728,83.55798896710564,81.2240929722944,78.76766743112016,77.038685601866
2025-08-28,77.59734867311768,78.0068222852772,77.4974186110094,74.44381208239133,73.29831759986192,72.81955917753702,70.1892251958039,66.12737930640324,74.44279106623253,71.97558190947369,61.30408914968437,59.89993833902148,46.230580601553214,55.27046597825211,70.14844112764578,72.8561865084779,77.20264106209336,78.68909610492058,80.88878546473651,83.35030471243033,83.45811886976627,81.0799138472397,77.37301262821387,78.29386705074904
2025-08-29,77.23059609741213,76.03093851580378,74.74268999251052,72.31075365233518,71.42756711773073,71.70750865065341,69.31343019642554,62.08287454116782,71.79734359967216,70.50364822104865,59.30058339196765,54.99526487620627,39.08238285666661,51.851361491024306,68.27826515138138,67.35787056958789,74.89512645680679,77.28944974883686,80.15137728893825,82.10641073045251,81.96401318895016,82.94951935221457,81.61808380435568,79.63623304590458
2025-08-30,79.11285161997749,77.56291640564577,74.97779395706912,74.79831555481749,69.86088922953803,70.42197885355525,69.00390094737267,63.18404770056855,70.49176972871882,66.08416737074566,56.50661487522783,58.542006941850374,45.68906639463347,56.604375437891896,61.23295404072777,63.71703783948751,72.73020672996185,80.20284163264218,81.93716237944255,82.34137818624953,80.543477557493,82.2306297251406,81.90991019231775,81.46673612068062
2025-08-31,83.01690078563239,80.54652191066944,80.50852365023327,78.43691270116317,80.23810476979969,78.73403001781985,75.69404673491604,71.5858670782794,50.56261664602647,47.00118775146907,38.94719727347093,32.51443972806365,25.000330852938745,27.50852710779431,31.894726503966854,43.65563691397389,61.54144438763072,68.485089647185,83.07536730725475,83.41263178585734,83.4241140517094,83.31157502830408,82.53111174269826,80.4094939115883
2025-09-01,83.25434255021486,83.2650859485745,77.88748692708486,77.93680057661633,77.3600056011786,73.93335716711843,70.91527675881869,64.1417901625196,74.04673438914237,75.26473943801643,60.8602362169551,66.21396140688874,52.46183381106086,68.50069370519158,69.78173513974862,76.0294471739387,77.83157508991482,80.87426354772764,80.55463192345083,83.22537286535733,83.29194561533919,82.99795225115314,82.8475607691647,80.8292016586957
2025-09-02,83.00001272810607,82.08581634455139,77.53321581856505,75.0910455505293,74.67893565314556,73.54769603230304,70.12761087357713,67.35535832338908,77.45395897512236,75.12776014253348,66.63628236873926,62.95176130476463,55.56666935981325,66.82938817544948,72.91419178033857,75.58206024982229,80.85001179635282,80.61894202563367,82.03159364409247,83.09091378145682,83.13760140580813,82.92589059923007,80.76963004739575,76.00884612829876
2025-09-03,79.49578834775124,79.24299333548997,76.977076957465,75.85693810982453,71.68334327895766,71.7216922396558,71.39207836383093,65.63318071945753,75.85152126022919,74.3016056877225,67.32771918617999,63.147960461431374,50.82389098045394,62.18355592918333,70.16400844815146,70.65310145054218,74.29614375861794,78.92658954533087,79.92707723660203,81.33019341207283,81.1148738233536,77.76095590209961,76.7293179807847,75.85681794427678
2025-09-04,76.98388212537328,77.12303016429072,74.17704517930295,74.1941811270563,71.05401021242962,69.7469682898704,70.7664098817422,67.94556807053195,76.23356122236777,72.9367221744526,67.01034091198437,63.885311287950216,42.58872365514175,59.01595894469123,67.4956705976905,67.7409500141153,73.38572926047344,76.29029122616186,79.7426160313395,81.7825557693026,81.7436824452035,81.46384276665877,79.63656015980267,76.90794461974261
2025-09-05,77.89715510892248,76.0195228987002,73.63004778458755,72.25070991181182,71.41421570059791,74.16127313307743,69.11419120348161,67.32851794823529,73.05863860836813,68.01274887502397,60.12752720216171,61.86337873994031,40.403374773147,57.83012882300793,72.7965058142718,72.60542729653217,76.30066380573469,80.2018659374473,80.82399576098942,82.01643217386216,81.89594118670055,81.7625170279708,78.44293732583189,76.82291921867659
2025-09-06,79.79227179543136,79.12782308966185,73.23030785825914,73.31010925028292,71.67260838986763,71.33113972977,71.4775837936192,69.42601380474647,74.9114717836971,72.2269918920194,63.99847956721027,53.39779716911982,41.77551655849081,60.63443355523598,67.97846626276466,67.27042037517073,74.4268906265729,80.1713242270661,81.47252631318365,81.70546876065104,81.88116058516917,81.69728977942366,82.12609557716536,78.70139664567569
2025-09-07,79.29107879542309,77.13796460969854,76.29977427452924,75.8000691148634,74.92316440928793,74.03402840664029,73.30984644101817,68.41687293975927,40.15894657414033,31.77608095669123,19.920261306190774,20.752523036864243,21.43157285190986,24.659147824075756,28.4886981892267,31.182159888333597,67.37681366872572,73.93160156638025,77.61863694756339,81.0012709494826,81.07403814927974,80.53408736436769,78.40528519977997,76.57530245170362
2025-09-08,77.04401955731011,76.57005130810731,74.83776053602398,71.77003186574265,68.728136036608,69.18049512917048,66.84252860288282,65.22060976066794,76.08410009349961,75.08457922409558,61.33908271012468,55.74845414120194,45.94755141584131,61.449749430504944,72.46370282080963,75.506122558374,77.29693368123473,78.07022339335741,79.323241785903,79.62530944192848,78.76566051813381,76.86383531421471,76.02524217122122,75.7941401459925
2025-09-09,77.52836916967559,77.2402538463437,77.76085332244,76.55610510146902,76.40054949279971,75.29497852854149,76.23861931079884,72.16241155007116,79.13736668407245,78.48803110547783,73.31698458535618,69.6203721216512,59.11528852762282,69.6311363407303,71.67053608210057,73.82857698368025,77.44891882567421,79.7938659875871,80.54718439019689,82.42327252093109,81.78092114724983,81.71342433593395,80.6890459471648,78.98590005107074
2025-09-10,80.64698721179484,80.09226992767569,79.29078743126335,78.0323461030629,73.72195018217694,74.03131113455254,75.3680801559697,72.73893943674577,78.92909354948918,77.73160861615061,73.79439503973225,72.15368008821005,59.996665381051805,70.94344735901231,73.48586846657896,74.55218717630191,79.20756070500151,81.36711410295393,81.88319628564837,82.2212101688788,82.00222312590736,82.13902847004522,81.00947135821221,77.05446465552302
2025-09-11,79.79702846415861,78.61684597515364,75.90767591005326,73.99783726795326,73.80994940406316,72.69834091469274,73.7637752359747,69.91064203344038,76.89722441898724,72.04452428317008,67.48680296094653,63.835671662494036,54.24687521024073,66.26049277685127,72.78536902459417,73.87119636256442,76.21039720083846,80.16728544609455,82.75947244412828,82.70123912274629,82.70908210884083,82.51754633251153,79.18807295497706,76.65870722443849
2025-09-12,78.12073138437226,77.18922323593682,75.86626695437835,75.56593628706295,74.2983213635342,74.43670535730992,74.29153845641895,69.55704362406787,78.65762301642383,75.66910506999118,72.32482307393596,68.13632809583392,51.955485950315335,65.34619479019955,71.92186600405327,73.34276884195387,77.2820933424467,81.46576695278243,82.00589252418084,81.26579805284263,82.02976410040841,82.17075074796034,79.42268961650059,77.57860789805422
2025-09-13,78.51383713559547,76.12658529170716,74.97896728704843,74.90477011384363,75.06641756177295,75.1347098152802,75.57162050157429,74.34789781092728,74.84181459926873,70.89038984717648,51.53290847666925,50.270685290117314,32.0616453201673,58.44217671976577,60.60845898226493,66.28123407463579,73.00165836797729,78.28609464372639,79.95142213262476,81.00630726637138,81.65675999548219,80.43185344578453,76.37770139739494,73.99881977348205
2025-09-14,75.77463032736102,73.82894542039874,70.4882964519019,71.41065008500335,67.41377712775957,69.12976189817729,68.51056674192962,54.88899608759437,25.569382279736285,14.804845882090806,8.656066847965302,10.170002759345751,9.886494117093973,15.238752648987322,25.558929803821545,26.97241482517785,55.85141630895215,72.2552093474088,79.08862418753228,81.26519675664322,82.18049376082999,79.98133480346435,78.89188371230874,77.38363211775858
2025-09-15,78.47799118495008,73.58657262754757,73.16559643121579,73.6349792645868,70.97533999841414,69.15487715105331,66.517367158308,65.88412139765441,77.15240161436431,73.66297938096982,60.52918245660693,61.00276084091513,41.90599534490582,58.780773253440216,69.6736224626812,74.89337613403124,76.56392618424921,79.56887261404717,81.13580114632187,82.35950012655162,82.17069053220686,81.7390379017573,78.57983038994865,77.09892845934428
2025-09-16,77.32310138940163,76.8491111996238,75.17285685731049,73.76407327145692,72.26682532769875,73.08880411118861,73.60985194038513,67.85196127007794,78.29800653719228,71.54178987420558,63.662384959517965,61.65678053374465,40.09939358894349,53.0502776105592,62.74523107055078,67.85876597443405,75.08998410052999,81.29273561591367,82.01448666978357,82.32810544727644,82.489233306986,81.60211150147441,78.85566296420808,76.63393689301164
2025-09-17,77.74017280778449,73.34265762121613,73.22088545003558,71.04605151661274,70.33294586377511,71.72619422455622,74.91808291367629,71.04694909711871,77.5208401086716,70.69162555718502,70.22220137372521,63.52932081564802,49.863170094529856,62.320013570382514,70.64613398049204,71.32496510170478,75.24521601883352,81.7500142776695,82.80398135114574,82.73597565330901,82.66077234184583,82.48241675398131,79.58623924210956,75.87034250646384
2025-09-18,76.79324306794554,73.3779280636565,70.02606336115355,68.65835448306491,68.25844538284113,72.06394575671328,72.27254579089625,66.28806185340348,77.07519687354673,70.47206931619648,33.283022757795734,32.398603057025966,18.60757381448746,31.91632460634705,45.73466704552105,67.43093301741483,75.74044444595134,78.77253471183803,80.72242951014886,80.92353229651353,80.96423348510892,80.2612942486677,77.25837011737747,75.85040049509958
2025-09-19,75.64367798666206,70.51401516191737,67.18439872897915,67.47518888343458,68.39917557791487,69.25021956481736,73.7104030597537,69.70881223444725,76.36553907771616,73.70120997868432,40.32522915304625,45.16366395001711,27.068907639019017,31.496757552918126,41.631423424102245,61.68638887417089,74.00025288081804,79.69746702187925,79.46290088905968,80.66954579531871,80.32148872137884,78.75598442380414,77.8169586800564,75.4818183812117
2025-09-20,77.93072660292226,72.03414262572745,67.99774842306034,63.68199380749271,60.89726713833641,63.27736283863466,66.02967679345635,61.08565746003747,55.68444463687995,33.3065182062456,20.11594395908305,19.28430170446,17.626831589439718,21.634543110334242,22.458028777319576,22.160919152874325,58.85157491193474,72.26795499931387,76.92516196667157,79.99676508655112,77.81679253941032,76.80136125514325,72.52375050402446,71.23477839005704
2025-09-21,75.57560082266826,69.77963485608818,61.932863833468495,64.36447150682619,52.85626861041737,52.491945682357844,49.49896285226819,37.30109610462087,6.393812385328721,3.958968098414669,3.2539664646598845,2.0028387689518556,3.3724163200138912,3.263599781329898,0.42371962529059704,2.127375667620114,25.53125100752469,65.85898834436848,75.5597087893105,80.11544903390259,79.37897575715168,75.29830442262929,73.72443433392611,72.3954262021955
2025-09-22,71.24731496417931,69.07835027167884,67.83978709789531,66.38700663474847,67.06125165706624,67.6720131767409,67.91120111139605,67.27029559202862,79.23324487227485,77.59146680950836,64.85250626058858,61.35959880007952,48.853725018637206,61.75860876592246,72.28069209919838,75.46491075718167,77.57440844989287,80.00624529989352,82.46927362787572,82.96848033431118,81.94928076825299,81.67757781375327,79.17709477755237,77.91632981438737
2025-09-23,78.03572652853389,74.42200810989902,71.42184057490488,68.52257682296519,67.85962646093634,69.8955184408141,77.35773773447713,69.17891072258114,78.10632845846915,64.15226104720278,55.553063825250874,54.372851205410015,33.94603063909247,52.69132107961901,63.4940790154446,68.45686829592599,78.19136932988349,82.66950753858039,82.77425691014092,82.63943419629196,82.30142291569352,82.25370580625871,80.60219180667515,78.3784948097967
2025-09-24,78.85900405289007,76.338554692324,73.6364592411354,73.08700083894087,73.29617887012571,75.41284958552554,77.02462899176726,75.04310734299989,80.56856172047459,71.3577963869614,67.93791249567737,60.964439720230914,51.2282202796009,60.843332894519826,72.11979734760028,73.95292116471548,79.26805069065948,82.7227346810646,82.89206931145478,82.90820631327038,82.8250462130929,82.35758823683487,82.00370778498585,78.73890934812987
2025-09-25,77.71405134282654,74.37111915803038,71.54255211941465,68.56560829125448,67.84017341002163,71.04415221351479,75.47317566993677,68.00088044759015,78.5317766971762,72.26063375353554,55.30248734150613,54.454521800257005,27.45486766276352,50.58560951986721,51.42484580290575,60.970254921159714,73.03002349692647,80.7485485880107,81.57889637355409,81.9778348305116,81.1813895657024,80.00100058928444,76.10389636972995,71.91801868325838
2025-09-26,74.70475276290135,67.78355169220954,60.197398040499394,56.812813932210744,54.0273026238224,57.81730699048094,64.73867674741345,47.57531763074615,61.00338821019369,20.674647713491815,16.29406463929914,7.092302132878644,1.3685567792904931,2.804978781560673,12.712277153534695,18.647671267777927,56.77407337902655,76.09248796013965,77.74727106820866,79.57611630149283,77.79458465967402,75.10156857034906,69.43350461523374,68.16853539951144
2025-09-27,70.95811358311205,62.72097473007477,56.11974732719666,48.48023965142441,47.821650271524426,52.05805162006631,53.740626931209924,41.84423805483985,33.2514699578162,25.22188495926561,11.056972056253588,6.285584881793198,5.584789173099404,6.356572806660004,10.378128757216766,21.33029555713029,39.2863475252681,75.06409247361866,79.65961683906154,80.28289076720715,80.07356739201276,73.25021692438963,70.1627242310532,70.20850265145114
2025-09-28,65.527147912234,59.74573141573308,55.67352048236083,47.494677653678664,47.36241835507304,48.96741342815707,43.275063869196295,37.51443632509127,19.17961880485356,15.118535635047133,8.175770330111638,7.576164345420925,7.250440781779519,5.488167891431569,9.187750891300743,16.21860659930186,42.46738434941704,77.40263287564845,81.02584111205927,82.61099400114941,81.50285674849462,78.53207994241701,75.770958469799,71.9270398669088
2025-09-29,77.24394641228996,71.56401984998824,70.46660122188233,69.36593282439618,67.56943623698135,68.2676903522818,74.30609124098491,66.1947637349201,77.51379915542759,67.20476242155993,59.80769833536275,52.912808229289155,35.315241937361854,54.70608754362984,62.31782269203576,74.12418559728536,77.90809167895226,80.50196485242486,81.09723844358987,81.2494505794228,81.27030735684687,80.67759601181615,78.10220910699164,76.11555500852798
2025-09-30,78.13847230781268,75.08642373784078,72.56218272422794,72.028882763188,72.21287652817277,73.02261451931344,77.41427591398904,73.33323774224172,79.26287535921985,69.72365882291372,66.15549789099262,67.68622661905403,53.00136670709134,64.19196469512184,76.21701021991095,74.77030412937222,79.68303316560785,81.4305688146299,81.83026174510098,82.2086432962858,81.98714638936279,82.14547587157496,81.4407188974007,76.38235687476165
2025-10-01,75.10415882810928,74.8502876368844,72.33939869168596,69.19483523726983,67.5308957351271,70.16464482531585,77.25740349771111,70.01385690528589,77.1051943535699,77.40524341420506,73.77044059768608,68.92115804202572,42.54038717218599,58.56687379860527,66.08805146035395,67.38652456410479,76.24408096532952,80.58545688458139,81.49335499470698,81.88676053043478,80.59204391646234,79.4797369160607,74.7030450494819,72.42766826046065
2025-10-02,73.72877705423879,69.05489673658703,61.62562385109701,62.337872551498954,60.41670459484879,66.07992096907792,69.92768849186054,62.29969151762355,70.30070091882034,57.51070647881726,48.697651358661595,35.687678311133894,18.179902122901854,32.93960899702696,48.61139995346987,57.52765502972746,74.2977829253562,82.14906284210862,82.64080818488468,82.64204985430717,80.73904897285324,79.47494813499335,77.11681149996714,73.51792735370505
2025-10-03,71.51756285051857,69.24166334264608,65.0234303833358,61.881414062614766,64.54970361026145,64.88988425658344,72.24822162306076,57.94680353192761,61.20627227386928,49.42913571981417,31.331512402037678,15.301765874106547,9.799417170921101,14.652297877883742,38.50588757895217,56.550399229570594,74.2964671220683,81.96395826482933,82.29262944538284,82.43505848202778,82.22365919481597,80.34031497831513,78.57031694289628,74.51255565649775
2025-10-04,71.68996161740283,65.64229069687836,62.243825686683046,61.523693648240446,64.380071033274,64.50212653689343,71.86468508873962,64.73087824798566,64.975623775921,36.333823174898804,27.817803254831027,21.6436728092949,10.77562039037119,14.529243178309448,24.035641850801824,43.295242751819764,65.86992349728058,79.32749076282948,80.85834765646725,81.06325975630676,80.67597931261058,79.81853942024559,75.18085534975968,69.6129196407121
2025-10-05,75.46833951083327,65.64525511129756,65.94704056723326,66.48398213637265,67.45948049666185,66.84331471176412,72.3823342629555,43.10690199188989,26.244629146509777,17.033228638033222,11.771953918452486,10.061516823047427,12.057514372299904,12.336835881832735,10.424912484303027,16.64092211754804,50.770236044929085,76.56681226012216,79.7406606707026,80.08533106297062,79.09276925341358,78.33005958044336,76.27040919831543,68.81485275098476
2025-10-06,76.39623291471901,70.40190823308522,69.38515689275734,64.11320939172376,58.917352253931,61.96363455492832,70.23300255099107,62.3580226663153,72.86021645614932,69.51619483927267,63.70855040515251,50.35619959214856,27.466423802173505,39.328895736230386,65.67295701459085,68.84545856061598,73.46819214427191,80.78307247158983,82.07216075456193,82.2382867103384,81.90661597973138,81.83419333002178,78.93172165751325,74.66371747222085
2025-10-07,75.17070948662443,72.1780024500636,69.5367354530861,61.53886046159121,61.21448525046669,64.8313731121541,72.27845302378964,69.1133687419813,75.85773328828697,60.33548622619301,54.023581600880235,36.779292270464765,24.4833173986565,26.744858891017348,52.382277191951864,64.31809320545716,76.4169230628132,81.02722040037783,81.99866491404406,82.47727780333372,82.02776653721297,81.9706019343622,77.94255853761508,74.98723876991535
2025-10-08,75.42123334899426,71.89325142368509,69.65911728915407,65.73181190604608,63.99597091469905,63.68431869447851,74.33181199548031,71.86109921553813,77.02119093618579,68.69408550606033,62.492459998918726,60.80597974937944,41.16198811424537,57.47374719395433,70.07405662711199,65.02853184145921,77.16904111884314,80.68207171061601,81.2016363231028,81.03618911487814,80.96530137855481,80.16668290229323,75.7147620018992,72.99181268589138
2025-10-09,73.3258031356143,72.12705529872458,70.40421518851271,65.57344863942967,67.21574671472302,69.35457322478192,73.06978510502628,76.4249192245774,78.09393725178498,75.75818860494235,60.78510485680263,63.04340862263221,50.55166817037724,62.15557139165614,71.77314428305222,71.01741721267122,77.1225938680138,80.99412832158716,81.85965832676787,82.02719569354475,80.78349096351029,81.38597060206915,74.1636415618755,72.75632745366826
2025-10-10,73.06102156889044,69.27065103420013,65.09562910187539,63.98676464179262,64.68712133392565,65.90377808342407,70.84194721088063,72.0017144032265,78.96862329717027,72.66374460849971,66.37958020235261,65.46992714566636,50.6096520650419,61.18789378410391,66.23032441999527,68.36561068969247,78.3454080861662,80.8118853149058,81.52401414010043,80.90790734118073,80.95356900363865,79.6890639763059,71.84449053417038,69.7025884860489
2025-10-11,75.33054903230668,70.39118516026834,63.89399672177433,64.79441862896368,64.79299573020054,67.68755415914822,73.38021606514558,72.79413282386997,72.06025770027343,63.39396375497077,46.40551388654998,36.257114520258135,22.011857138623167,24.37063856510424,38.562517024074175,41.059559371844436,73.97032431857019,79.87639495864602,80.40230329034165,80.9780953387891,79.87557197023298,79.45544186401233,76.1095518776302,69.93566725981901
2025-10-12,70.52463778650596,66.19158297080773,67.67180841312124,58.69581565245334,59.73877472014383,61.566274544858224,71.34539078386493,54.56573676715674,32.67073997942161,24.752316581423127,16.29440374923067,10.96710364756706,8.128698128595532,10.904546272575832,18.386440836635135,22.817117408498763,53.77033002729043,71.14933688557643,79.24575168450603,79.98204998784338,78.40738800770141,75.52693617423472,71.16195029404159,69.5792933176185
2025-10-13,72.71065848600841,67.88713199930709,63.517994724012894,63.24481456060792,62.04312044694926,66.64512651706957,70.24330866818504,70.70957308156194,73.40319536561219,72.38754470398274,67.76709662939757,66.58158532981938,46.110869917769065,63.00240324661069,66.79261752435872,69.04078582760394,77.08836085559099,79.35019897788855,79.84985755674045,81.92142166253112,80.93555937414571,80.25014284992223,76.04307553733226,72.11537396229143
2025-10-14,75.74076818697772,67.00622626978661,59.452700109645654,59.41536843983026,57.881027724841864,63.995759964649444,74.85122187978338,75.08777674926783,81.5187784036834,77.15916290959979,66.81325824547041,63.963690801865916,38.94483232851445,63.4933557072068,72.5553793024935,69.95188781144594,78.43072881542356,80.38338364103444,82.43628266126419,82.32829457655939,81.84181085049298,81.8551242757589,75.07400260837002,73.44238308379474
2025-10-15,73.5937497847293,69.35362802557037,68.34152524827226,67.4771989039622,66.8525025904449,67.80450172629429,73.73189230496617,76.65814239840975,78.55554082995232,77.03477495582615,65.90457869926072,64.87138441544258,35.86632298181486,60.01667425016243,68.66874180888462,69.27211622680952,77.66716126674774,80.5912366976078,82.09033341527311,82.16496033832573,81.50500399924418,80.21485664430273,75.20390374042555,72.4994748790875
2025-10-16,74.32231344562119,69.99611924772098,64.03179298588066,61.23517335933561,61.67097632695576,65.55190047765262,68.71097035503605,71.50260946567123,76.64585440121039,71.6502584020289,54.76634566044755,43.037664685670336,25.38126378150244,40.62604257142909,56.55551824946101,60.88708148156111,74.73148472760992,79.45250676527291,80.48598638662071,80.41946928784446,80.02936586858071,79.339818456558,73.29002897588852,69.78007029958003
2025-10-17,71.4766846004487,67.52617526408625,65.9953264348217,61.51944526711602,60.01369085660982,67.79194482498265,75.45476544920076,75.80498416289474,78.57577019457656,71.72985068911501,51.73009310901062,50.32573484486099,22.841213475532445,36.41198674753123,62.00796411478768,67.04729954759,75.04385412387205,80.14146133529195,81.75172012660613,81.06980129422718,80.58608104525966,79.96532494175469,77.57053889208198,74.35615153685707
2025-10-18,74.88505100706574,72.23779864052995,69.48338285994315,66.3700620026864,64.57518336561843,70.3296276365387,75.93963110958403,74.45514814221274,71.07091892968205,63.95697167068207,43.56165709681248,35.31880128910669,19.13522177386112,32.453395245678074,48.19549046677747,63.29748372138299,77.09002244973784,80.52993586875154,81.95716981694521,81.8189001585413,82.00893330529121,80.7956544071606,79.61620829815243,74.57603658453554
2025-10-19,74.684225753131,74.21748880818534,70.49547245950941,70.46049575789526,70.13832478323161,70.05255909889843,71.27111804996939,62.23839247995312,36.69940030406139,39.59707606850154,22.99468500308262,24.95633772161354,15.094947662811922,30.119213263355743,33.971520797369266,39.91445275320752,61.94696381615565,74.0153566912758,79.70064348524747,80.37946999604202,80.36766995816906,77.62608442609961,73.66683912893966,70.68314277506614
2025-10-20,75.02778976421837,72.5129843381252,63.74223870741038,65.43230913922156,63.91504351713284,67.5127827400204,74.81092234164379,75.10111306290159,78.76360372000754,75.17020661283198,66.96170253600644,67.00463674456047,45.06916032006706,67.25444000040875,74.39880572361015,75.60166737442609,80.83697968319358,81.39818029686279,81.67134558271977,81.59341188566498,81.66280291498795,81.82337675681094,76.41160100912394,75.00738932624728
2025-10-21,76.07041768809378,74.20467576559032,70.78582027438803,66.98074479677265,66.48083897964848,70.42460544539317,75.06493337211752,77.01315425730463,78.55332500904865,72.63976487532021,74.07198177824588,71.86006954326072,41.75868713590585,62.13994093540636,72.9702803205128,74.34512619301702,80.09084438382664,81.98917630427944,82.02264089044188,82.15365892255286,82.00991988113152,81.6033696178799,79.58371244093091,75.53902766065588
2025-10-22,74.7067674031876,70.40582044486345,68.86315622798949,66.97302991020668,64.74793016399389,66.50776435227036,71.04152161319354,72.23864975385258,76.61756859353633,76.38914537373769,72.68359956356159,72.18178765716736,58.23816146615836,71.06610351596906,74.7171407683242,75.745746743216,78.17736497152954,80.9449187116775,81.31813131807027,81.18391293136847,80.93880571687933,79.85997114804688,73.94374666327808,73.5903338031814
2025-10-23,75.77139616635098,72.00595964334723,66.50268959687001,61.14221419184956,58.32894744268016,63.63318959678361,68.4215686261416,72.93338884999785,76.82905311308569,73.67282128219186,69.63479609701795,62.632306047293056,47.23392405011685,54.45819489636935,69.77267469930884,73.62500209614376,78.75655850653976,81.2343348648864,81.22519150710767,81.26073105374223,80.81786381937005,80.6583206411,74.88269197892802,73.67792282436106
2025-10-24,74.81441596939673,71.25474949533012,62.29724423061443,58.65375997950102,56.06192763859636,58.12183320689529,71.91951147567488,73.94938229043649,73.86154779993505,71.80485178289346,67.11077814602864,48.96111764899857,22.9039215867064,27.516426142439844,68.21899098915766,70.85739422267038,76.44044569827638,77.711552817808,80.08702269570998,77.3373462810641,77.4027571699692,77.27593566282853,72.50754825368176,72.04416252561822
2025-10-25,70.23856033583219,68.84583001719463,66.71993045597732,64.09633348268814,59.88252158015465,63.443292209767755,75.56213648587672,67.85135208971087,68.60891537625967,57.403213017582694,41.339337013119724,35.459317979713916,17.374501370226785,28.692656211069846,51.248356802499956,65.85808811872405,74.24726567857259,80.04717168029234,80.24970147151434,80.32078947375362,80.48259619197994,79.87327504817398,79.54881209901905,77.749056462659
2025-10-26,75.61632684863635,74.92179457589766,70.054794717732,70.38125820287706,68.00872217323102,69.14195804790718,74.78630276163385,66.07277276309374,64.23461897616924,56.942783539448754,23.23026298236274,21.13238879927989,11.678734369634894,16.690365129256552,23.751964467934837,36.036981163602114,64.19902227963759,75.49446368055257,77.27986623481266,77.58920004470193,75.95406926639647,75.93693676995196,71.82074196901677,68.39278332684856
2025-10-27,70.14116349581795,62.31636433020599,56.380006763995176,51.04502342479871,51.66475144899712,53.33260098222954,60.09487877787442,66.70541812431496,76.60229210491975,74.40696824819105,51.75469045863157,47.13604592508242,10.863619389654934,27.349907220104285,47.81722552807449,63.02398922091314,75.59816818821334,79.11167186240536,80.16026111491308,80.71974682504334,81.14810186277502,80.93466688427493,76.91740339503882,72.66702298991001
2025-10-28,70.92259051235386,66.29406623725609,66.5569731751469,60.22460593983311,63.620396594429565,66.32285344939982,72.52272359230203,70.81630589369864,79.82602653257038,73.88979281850101,67.32730387203355,61.94993510695817,49.185118544539755,55.293253514888825,65.13820080347905,70.30966760894677,80.13259615953585,81.5936131413891,82.33017027343136,81.98652256505883,81.91778960978858,81.51155257967805,78.45292817561972,77.94390842059569
2025-10-29,74.0627170518063,70.27884431469901,62.167151995093086,57.566968420873444,57.49200220404209,57.9445493131673,69.90208372387484,73.2466753146089,80.05596919435192,79.95691905240966,74.3929920099324,72.34187100426144,49.04278312634865,63.756615985068294,68.02459036911404,73.82434307260812,79.40962530270272,81.15146148320135,81.23908882635625,81.14384666744618,80.71643720456073,80.27907302438541,73.26333541674815,70.48795642947213
2025-10-30,70.12318902639186,67.1509432330847,63.98487174261334,57.81557646821704,58.41861030815131,60.39448495555953,70.48887488091772,70.95402742131355,74.64047584245473,75.52102210549408,64.16009382640294,55.60534248012642,31.39266942928272,39.89889765869561,65.28732665958259,73.57218963374227,80.19557715365862,82.02453773361971,81.88588079396041,81.95226513012322,81.32720553433774,81.06486095818474,73.5592498208621,73.20970955267612
2025-10-31,73.83012084426812,73.30642608837462,70.1441269573244,65.2821167627343,63.29021697686931,65.35632791586838,75.74919070466316,76.38130280666935,78.74179462768703,74.8193220501497,57.32872079810702,51.80329552272658,27.10671066630615,43.4192048795095,60.308352341481594,68.63611100726366,79.22604559958825,81.71758213929077,81.61670730672681,81.53546970627087,81.22913553912049,80.95610042761577,78.59656441130674,75.54827873710701
2025-11-01,76.21587338043928,75.99096908846502,73.6143141797215,67.3458025008261,67.97840008465873,76.31338305534089,79.5262301513485,80.10716876307039,79.51186406348992,74.07538928714278,67.23013723029673,44.10675175836689,24.224689353689527,38.04847116601658,65.11950916583677,68.82648657826884,79.0331707083223,81.04529417294336,81.21026188028506,81.07682101017383,81.07969573806238,81.07505399159757,79.68669599303185,78.9280548138254
2025-11-02,76.18138743256941,75.11217261886681,73.25530999058878,74.42758258405706,74.05614797880618,72.09935907539064,78.02635460009317,71.95561897251767,47.270556913851976,42.29839527495183,32.19754549305419,20.766062546552195,12.504969128274121,18.311793247330247,32.76524090965897,47.683661624896395,74.8510019437539,79.00837451582694,80.08519830768282,80.11580481673016,79.67578182521088,79.51380668097245,73.22960818379585,67.96968278507828
2025-11-03,72.63993822989431,70.47840134611033,65.17190998352696,62.78834526865465,62.92498619318962,63.88974391939532,69.87715660741686,72.7064128874999,78.48441332699352,71.3367991533157,66.21821646754476,62.04737429251442,39.139396265977254,58.26705700359795,71.36519541718276,75.11752960093091,81.1301890181311,82.14172268838648,81.93473995755447,81.75181510169645,82.00468711573104,81.6874809831485,77.26517187417254,76.89213021063838
2025-11-04,75.0228079869437,69.83897614556189,67.39523809186093,65.51153360443429,66.15839566441163,66.28559322842271,78.10123558451878,78.37105868028998,77.06237979931326,78.2146427972703,72.04047163511292,69.6833278573576,49.38960268352665,68.27432616577957,75.8425404023674,78.69784026082864,81.27132222240166,80.95634621793982,80.14981337902768,80.90468427946733,80.70377491043403,81.03798529675714,72.37607052194078,73.03154460899478
2025-11-05,71.37532052657562,64.63720266782778,63.12644713192472,60.38521497677981,59.998064787212456,60.329794374415904,77.80670178749529,76.59199739942261,76.44080616434371,65.10725913356107,49.05508169106384,37.00321982101855,15.785060740603477,21.83668293854938,49.32954934817528,65.3977638017727,78.13286545125823,80.98588940530523,80.84750628321136,80.7916512202104,80.04737722274255,79.65463494878401,66.8772330661718,67.86044216641336
2025-11-06,74.11881424069753,73.16595637916119,65.65871942356543,62.25326876037829,60.746472139431624,65.39107664890392,75.10058933096634,77.34518255807382,79.56981429754758,74.86036250706877,64.17080286832851,55.432055035682055,28.024542118379454,42.66148814210637,73.19795413834872,74.0035436771586,80.2786738129467,81.5877396796014,81.43490064071382,81.43476051203797,80.99499347051331,78.84186546453462,75.09533520417669,74.98968814053944
2025-11-07,74.21747450759942,73.41447076228548,70.96441889692028,66.85054426062962,67.96322100913336,70.27244907360031,76.76234702513155,78.35665389451444,80.97436050528992,76.86029173875733,73.22195777291391,71.415757296534,46.489505885794735,65.45858666073889,75.63506000248631,75.28439390734246,80.60245945046304,81.25128325663987,81.43706243167003,81.31526033320709,81.46957174506205,80.00452582450325,75.44503592893385,74.98509386383535
2025-11-08,75.48325862776399,74.3148240239044,72.43962597980386,69.94567513533634,66.81340571963531,68.92387712772556,79.66323767752635,78.65380508022906,78.44939870279951,71.64041110974556,69.9951335307199,65.31900131621441,37.2833619972752,52.303333599819005,68.14252086279473,70.70965599266039,79.30944699362203,80.92620933422576,80.797551826763,80.86955598213463,80.64415148138164,79.66399781303554,73.89684697603316,72.6253164302896
2025-11-09,74.65869881088122,68.61645618364395,68.15439162552583,63.3581387929223,61.57278280233988,63.889145459718414,73.06180113394136,70.19793290586568,51.44307306378763,32.5223663516657,12.305785850917955,16.1344768530025,10.28418023304259,17.0327034409461,38.77753068234957,55.3983834315769,77.15093277833383,80.58496755134696,80.98529431482241,80.86977605549586,80.75104281292526,80.27179622243374,71.37500053583031,74.2307100577507
2025-11-10,73.71261992125386,66.48601264360802,61.16817362988494,61.28929704873893,60.875931347644766,62.01547078197163,78.88396020803846,78.35575801251996,78.93596722276776,78.58491507453407,68.49818909224491,68.72074985301218,29.330585220205915,47.84711829914354,71.7844542765179,74.9050484609675,81.72489573570054,81.62408205168003,80.94654748770036,80.8033683907907,80.74154426091037,81.2538877470407,75.16285841898426,73.61295070445405
2025-11-11,71.34790279591742,66.91943792746031,62.99494793059526,59.581730261904426,55.24073528002063,56.916382102276366,74.01138116366293,78.16931004604169,78.99896790297164,78.9234632802151,75.2964467387883,66.62611643582704,38.70645182991154,62.25460092698784,68.7742461896706,74.64565299999373,80.55439725939333,81.24548878785824,81.2875241128834,81.35045935704422,81.46888405666546,80.64135904796731,72.39787178438537,72.75946957701217
2025-11-12,74.1903141324188,68.77322682362674,66.49792269858528,63.16616739159219,61.10812696990366,60.037952356942014,67.78748157248411,77.99861377080504,78.84379024616429,76.18020368715885,69.34274465348247,65.15693868454404,43.56151867882977,66.42274986097702,69.54349938541561,74.15410402235878,81.0535509084277,80.67534971152786,80.58267592187693,80.98049725533969,81.30821215751773,79.51260112617473,74.56340401196977,74.52279690996325
2025-11-13,73.23785605024392,71.2718684734662,68.41667294329679,66.38211102896962,64.31919909550577,66.63765526208552,78.61964729941467,79.04148680379497,80.22686720658956,78.59461086465166,73.31080646873022,69.56123257377718,48.371396801795235,63.80216716770937,73.38320566098346,72.86985159559168,80.94591705184305,81.01146319888886,80.99958235311428,80.94157354285099,81.02514272364674,81.47725410243974,75.73650118975094,75.55913091165343
2025-11-14,75.21985419416258,72.21164865267396,68.73923784493915,64.42197500243682,64.86197045917034,66.91004840852547,75.5256270032652,79.19650647237397,79.59877243034742,79.54877358640368,75.05704767657083,72.22068461923573,56.44357843271406,68.22063442593819,74.71210909986709,74.98015228727354,80.72067627688523,80.4446237206402,79.9839912580891,79.71721702284194,79.13159980440386,77.12890411948699,73.95817770358259,74.02354588336303
2025-11-15,74.69666266129734,73.68952079275071,71.72081218815981,65.83734025945944,65.09949329948176,67.26669418968253,72.90386178847933,77.28868243516652,79.86227961763923,76.94966271966305,69.04342212792713,68.05534298325915,51.211310299223825,64.15739435071792,70.76750485739184,73.3654319279423,80.39400854939838,80.49133448112221,80.61336754185868,80.46810305002599,80.42015008920961,78.20137474373591,73.77916327287376,73.0227357858365
2025-11-16,74.06778617513646,71.65924665110938,64.5863692986096,62.46555012851691,63.22015826371952,63.65676129932492,75.20930737363943,73.10177130901359,67.01477375323984,57.00883539032069,48.79987700892611,29.912950627119894,21.660301604499434,31.672021365478717,46.56249707798505,63.74984520624767,79.46187681403367,80.66088390803142,80.57492373017669,80.54647987077853,80.50530472937736,80.48451054024366,73.23117818551505,72.97651782685503
2025-11-17,71.34103122260846,65.01635219360472,60.56868066925208,55.67821739757302,52.506003547567154,53.912398908685674,73.24650768289575,71.72007329803587,78.28752351199513,78.66347638469765,66.3732458640262,52.29575582088792,18.491344118212155,23.084614878011195,43.0946542817652,69.53517543996216,79.63161430229222,80.89476707949048,80.97071110480016,80.55816564544435,80.06800557750273,77.7680192794766,67.87002125514034,67.36981390358466
2025-11-18,57.83146722336842,53.10253278936655,45.186249766363446,44.56576817749773,41.82960316025502,46.138541118375365,56.71172666394129,65.99309590432244,75.51537156111408,72.70398195680227,40.99388557379772,39.42125456483537,17.063066642682276,30.546849572549853,40.32165243456437,59.50740482631264,80.0721035272359,80.57064511629443,80.79344878809019,80.43675500620819,80.42838043901965,68.76021777915189,60.64882405083378,59.04016850769343
2025-11-19,60.09646916812117,57.79421628152379,54.8568358883133,54.57708033209643,52.70845910216614,57.6815438989366,71.3619543388825,76.55931749720969,80.84130992966699,72.48527429324564,60.70876757576464,43.373678669823754,24.68266826587586,41.87331711445649,63.429599816311615,72.71992107887515,80.81455560473276,80.93769277989334,80.77533630103109,80.48952369878691,76.45253504262774,75.80299870224597,66.95663181106855,67.00650719555514
2025-11-20,69.88384533751464,67.29050085610601,63.59541974269754,59.48458407398039,57.23807526457251,61.17383210580203,72.95944745501782,79.96831011431932,79.50889262674708,78.27803413909913,69.60276835647304,62.88793188466756,33.21690417423964,45.013236160184945,67.68213211814637,67.93990639446532,80.60890545873237,80.857178533024,80.75308749677825,80.84549250143256,77.24376457212765,75.23758004960703,66.87328729299051,64.43519775280619
2025-11-21,65.32267593357258,64.43671526827426,57.202948605969574,50.203783972933806,48.58824948049788,50.06602426276044,67.62580300353869,78.30648836532436,80.32631838750089,75.87818934450341,55.56388538615864,35.054820864270575,15.595081214434073,33.697222530026934,51.09283661374097,60.829429662750286,80.61056128337724,80.4969982796325,80.4021003705807,80.43569739061961,79.05383744404224,76.63140425439259,67.2265404518721,63.546688226725266
2025-11-22,62.38034643971732,55.11967373544098,56.493477247774706,54.790867899495716,53.82561388920981,57.41926121080981,76.25778962903048,73.64932402486443,79.51752730570607,74.24055390160817,49.80968661695947,19.00660022101623,9.621083792479608,17.585615038981604,26.856502528791033,58.010718601103065,79.04199178635452,80.29042180013599,80.35567861603361,80.61671705405833,78.99913412932212,76.25706411596613,63.0347936742298,59.98371554763477
2025-11-23,62.653188084103206,52.24977960567431,42.676832618161384,38.65831414212538,46.55660589177601,43.67766566114491,66.26597944163534,52.79681381049004,57.03616895466549,15.084769095855838,5.471654232502238,-0.5566039844669823,1.737653683189134,3.3017694415783736,8.48491843886416,22.063008368745137,72.97238760901674,80.36786172232189,80.4749030962331,80.5398318809504,78.84939045645882,78.28920990588536,67.66090377955248,65.67555706964596
2025-11-24,70.79318187350297,59.79132328974511,58.17655053898744,57.95815335832059,58.198165886962144,58.97603947881793,73.97042758439584,77.90184634632813,79.63484970471089,79.14132693675244,72.64435656891888,72.90877009591519,54.011466514685175,67.7666122317111,71.33403213812252,70.66295351880734,77.65566378609115,78.60638819271995,80.82821709923448,80.83103691643043,78.8316100345297,74.81318935448486,71.68324283095387,68.6385880006277
2025-11-25,75.07665012286776,71.9564706295209,69.24636987419862,68.44697891091997,67.12895270525283,68.59282260187834,72.26658691432513,78.06052147164876,78.63796521653057,75.37781464100719,72.31181569737886,68.89436068964277,48.53119037879945,63.56616031557052,69.41502509372499,76.22873317471489,79.69676788973409,80.30260602704816,80.69974161810974,80.64791893512421,77.70904529964301,77.79750465529291,70.45696031539686,67.99470120633448
2025-11-26,70.83129552425555,72.35608209208611,66.83053250076941,61.21036049635611,60.098679107853854,62.65087500108987,75.53419405124042,79.89940249683889,79.4326493206635,78.47757600957831,67.86189376153894,55.684297717342574,39.42740595543956,52.38816092201741,54.74755286570653,71.87278757641528,79.22664452357155,80.12639400833983,79.97899008845427,79.99020553810226,78.83031070514471,72.13092703816618,66.34656306202947,64.09121530045925
2025-11-27,60.55909292073567,57.8196874129128,55.53697807002527,52.87553217780489,46.78549714706738,59.00535858610334,67.36658117720314,73.9030528029301,76.44957519727745,76.11518508305991,53.82334389078631,51.07075056500454,30.52237640546521,41.178318823530724,50.86561684813531,59.89282075672549,79.44949762520213,80.18102554378535,80.23044026301636,80.20809596159712,77.47206933698659,76.2217237333252,64.67131191682515,59.85123216240513
2025-11-28,66.6003693046881,62.37884761591289,58.342286308997544,59.36957606870885,58.82977284778167,58.03384439933781,76.64550265478516,79.05906357980996,79.9488632794293,79.12478761691838,66.27605796415408,60.90650776478333,39.97221653424719,54.43268980550373,61.056003126119954,69.18501670045767,80.55460296263038,80.45660794559853,80.38580308079148,80.22325052677843,77.77020235262646,76.24664058560234,68.02696596551522,65.2107292716368
2025-11-29,68.28183898172735,69.15830851245761,62.38804420321287,65.45074973169528,64.44178725911662,64.27646090328997,72.15684096226722,78.78967043916788,80.06218281874698,76.82700840724534,68.11708075873224,60.448847544700506,43.05862508620875,56.09657042206846,70.46579762876108,70.08919624817383,78.1527940122456,80.32964331932826,80.36082613735314,80.36793748852139,78.94737136310995,78.78360857619818,68.04233604489376,66.3181510889283
2025-11-30,67.97388501773288,64.15482759530673,59.44986964015176,59.02718516761164,58.88723934567766,59.21433935504155,67.09742580021265,68.97527522570797,73.69575167686644,50.421649449571234,35.01615760442805,34.022420334636955,29.05539710224877,34.9881404622873,45.054036272929,62.14789872272219,75.36794615721578,77.95892483372266,80.37767108951509,80.36353023583985,79.48902644258331,76.57219028869248,69.76872027399604,67.76412186092274
2025-12-01,69.19697633366174,64.98353904214602,62.085597433073595,62.09827782453967,59.30774207448433,62.82220872132766,73.92266400300392,75.87775006905783,78.80004283868016,79.23955509630687,77.34535728556877,69.30932604806847,58.14572864043936,70.04561888844007,75.28726390250414,76.72792122402345,79.92845731885456,80.73635249530356,80.63737132053546,80.51732860284552,80.39491104342872,78.96913128825062,69.20462838299056,67.91586823995515
2025-12-02,72.32824567599432,70.95506325850475,67.04052841006062,64.68008022718126,64.59011770233381,66.9291788732253,74.86101278105346,78.98663232594323,80.66756071359873,81.54262127766187,77.88164397675975,70.69251748912255,58.88122765752952,68.40522102877381,70.08940971556454,76.173596852156,80.55366078110461,80.27602013949904,80.12991310969714,80.23010641522708,80.53842544944216,76.44150484481341,73.9410012571865,73.79719376715119
2025-12-03,77.73693796278364,74.69513415235834,69.22683671263914,66.67603422249896,66.48781770060933,67.03426980902057,78.39409039901483,79.51099349345769,79.60037968798068,78.82996157627144,72.02415680671616,69.30662140331913,53.018207180279894,64.8397477154488,68.30297374111132,70.96201986860656,80.35514790012219,80.27944392486991,80.1153446438192,80.22456556187524,80.5659392134205,80.43713233751619,77.54182950517689,76.50088953393751
2025-12-04,75.61131203599548,74.29246726841369,71.67440419506893,66.49150406991077,66.17308983178674,66.54796883051122,77.16024136321903,79.2015865068348,78.86812542473184,78.9315436269667,73.42038071023076,68.95421565136675,52.77540207778442,65.00303713437967,69.6484001520903,70.86807400120239,78.71226253005565,79.51000671477405,79.44171765955213,79.40705488629555,78.91986006516719,77.45274288111916,71.23935029112042,71.94697566569653
2025-12-05,72.1482582961988,74.16079152046947,66.85978985758139,63.05315555938529,63.53561303275844,64.65488867494624,75.29784501461548,79.72567453553042,80.6790677453559,80.77894479374189,74.36563946284254,70.53586099321787,54.35175157816134,63.90492565477617,72.58742459451611,75.80526218602063,79.60929768948539,79.6035961761878,79.48044434103213,79.59858658109236,77.10477749941525,78.2050554279879,70.9945748189921,67.74920667696932
2025-12-06,62.7319002842683,58.246901967361545,52.39490314959732,52.0140363972888,54.81996622310022,58.030753066739344,64.14225845786925,72.75289194422663,79.80439646213955,73.95607232146423,73.58003209773494,72.94145102757427,54.95215503526203,62.810033294520096,71.78223581514102,74.60186058758282,80.42352575415485,80.44140981236833,79.86566862751975,79.7665953031063,77.24359064552614,75.51310125187088,65.55279403666864,62.878097217909165
2025-12-07,64.55316091634755,61.08330561413598,59.85502411852911,61.80594402228666,59.801502818095656,63.052854884424285,71.11244979423232,71.00988355138924,74.16410143947051,70.82448740977662,64.06441624077215,50.26618133759461,48.008234326637,62.5170953031706,66.85984487731128,69.11026345386216,73.41293434724317,78.23519298795081,79.00668083886156,78.92412560939353,75.11567383464687,74.89087630714617,69.28082614008623,65.63500098372461
2025-12-08,65.22127119675464,62.13230470158973,57.318312358791204,55.34403766873582,55.69640364302706,56.24214961470725,67.94775460262294,71.47578307144732,78.91555211814688,79.16583361256288,76.10230895307258,72.58604400526363,62.351509744121564,72.25097395345914,72.10422147225394,71.27388333819735,78.96495903526562,80.40388481184341,80.22549026522724,79.19708868730947,70.87194220661566,76.42880471921814,66.6550025926597,62.02965967805935
2025-12-09,70.36803714046094,64.61950212937188,58.983209134739795,57.88953573659657,58.48095633245374,59.33368783940817,68.20017509119234,72.19389312545799,79.93214900155269,80.25446305769192,80.37524664962412,74.17253614345196,63.14170578169757,70.70996858670152,74.39553516676996,74.57287569514807,80.26125815749724,80.44628518852376,80.39106433774676,77.24020109735784,69.71861423599377,74.43815400464712,71.55773564742319,70.17701721244576
2025-12-10,71.01970536473402,68.73948721728767,64.2063045360515,62.30757845115653,61.07296925605384,63.36898041684612,71.66061308864658,74.48496977324913,80.53154014052323,80.42167262341295,78.9747026192564,74.25235017579878,67.36720619193449,69.53738957390763,73.71053456902234,76.7652422606922,80.02391162286341,79.95319208447643,79.28653832338235,77.52761491287526,72.92700649842008,74.98991119903731,69.73423377499823,71.04577714639585
2025-12-11,69.23421610295674,67.77205787191366,63.635984531811,61.64530166479863,60.816949161742286,61.21116881785322,72.89644051959554,75.37645876348344,80.02937355611385,79.97252075543807,77.66295462578427,76.73358811278301,63.7228291732878,69.41171804852391,76.6191032229342,79.07615394459111,80.2835489801174,80.07264118716068,80.00856413744032,80.0675295132258,77.15539329499778,77.01276567615878,74.73858532624565,73.07680539516687
2025-12-12,74.29252122422017,72.94214760058598,66.03421871585667,64.4690813258016,63.67482681068541,65.37781012177308,68.04447164748,75.77790851877657,79.43018559533037,79.41364623331715,78.2464656350369,76.3965192842666,65.35030253523209,69.57020809600814,75.76594020915644,77.44029150525036,79.22781302846776,79.50603082934015,79.4614659883861,79.50798825544375,78.14594254945172,78.35033216684823,73.90988508719829,72.51957209279558
2025-12-13,70.24986290155044,66.12486741708781,62.06531927834983,61.3163603662758,61.94274496746408,63.23283869510901,68.55096746804827,70.23831097738353,79.56379085204624,79.25282904970089,76.32478015323196,68.66566238421008,55.70620476586512,69.37303368811412,70.33984599991904,75.00587221084874,79.63594268810958,79.57849072206334,79.56952229751197,79.53938729963632,77.68701815137251,76.71250247352621,70.38824663249669,68.468465393429
2025-12-14,64.57616050293593,58.299969097295424,55.37863821249962,56.3015847419824,55.94641352356783,58.28252355028545,65.97607136132582,65.77761638189747,70.27033590482165,66.85011913912467,54.915394968180706,54.47100479286146,45.10509751907554,57.40398462305752,60.83137541537609,62.03125348433201,71.66567146792417,78.46642867332663,78.04601945540381,73.86752768382875,68.77850572732957,75.76408285025983,65.8705784138348,63.52464652867377
2025-12-15,69.8372185120132,63.894645422532605,61.42964472530455,58.29204650047995,57.85477003966423,58.47679675659413,70.51284698604337,72.10886041804198,79.97677312533916,77.09642323340732,76.76566975108369,72.17971595767126,54.48027637090695,60.65911506638643,62.21939547369358,71.22712318021122,78.66863980506108,79.85702355370992,79.69671042682585,77.50720303450362,72.92651056559886,78.08846436835877,69.01951774517032,66.76875426064385
2025-12-16,68.55509069671606,67.2268545421382,60.74254272089886,60.87077828245808,63.09393282282534,64.6873636779213,66.94840859714537,67.9450608170714,79.91247798866662,78.3329596053053,79.70861529206749,74.06734425393934,62.61859973995174,66.30543699630557,70.0452656067794,71.41533126889412,79.86369809178082,80.0527668713041,80.13039021219966,77.4348421443766,71.08094258272098,72.82716735291865,65.76882679157875,61.90266443750825
2025-12-17,70.66186217136409,71.39777931953762,66.40676442045,63.36514773520601,63.48956866166002,62.31071230283694,67.64197807915971,69.68962678206861,79.92428452962862,80.01146453901309,79.1530057475719,73.59604379061149,62.36577722966527,68.87973317638662,72.89441334084492,76.59850914801528,80.02112014504925,79.57705814917475,79.11099374665714,74.38141844967897,72.87881808488446,72.86208759567737,70.89269480492545,67.31638794144301
2025-12-18,73.42642855635357,73.89949228997568,66.087339378461,65.21049767311263,65.4467410508908,65.24822615457305,71.49708184086761,73.27420851639064,79.6547943482008,79.79509054714025,74.68248209536709,70.2729222074039,59.30136789008115,64.35515880738652,68.50102465286042,73.19656582259971,79.38869453772548,79.79216681290741,79.73670882306766,77.71350074571183,76.91670966582772,80.36186528313335,73.82126248703806,73.53591263476551
2025-12-19,72.81473977548944,68.97743808864298,66.27483270588628,66.76090117377927,67.01158554858924,67.55314581256194,77.42711923831818,78.83289145605893,79.94754030772667,78.89606309597457,68.06446313692953,61.99396994753579,55.20927828820693,62.20054785314726,62.49439990054253,67.34176958923946,78.92858904487076,79.38137802124767,79.34171912422808,79.29222443937056,79.73723030258586,79.28250982788603,76.2209280217704,73.01059916279938
2025-12-20,72.71108221617845,71.99222910045654,64.57855497459839,64.44462381963075,62.24995801378712,66.18668113002023,75.94309168446179,78.36604230170683,79.70928291374541,78.52869972416363,72.34630967646031,66.43293467759075,49.46824907387524,57.946917962375394,60.73087151193213,68.40539459487431,76.09695015898383,78.90499377629337,78.7658928398272,77.93609586066711,78.33001574347398,79.40080340167769,72.5099416372216,67.979251071586
2025-12-21,70.24254837022697,65.82339803659438,64.03592934799805,63.91620944985509,64.19208557542017,62.92368985591305,72.21295108273148,71.89562864564141,72.37008489303321,54.91476589625984,46.93546608703705,44.664761151518626,37.362625072624525,47.78431854322183,57.24167145445211,65.53782197305127,77.62107156293463,78.72709519071466,79.05496773242615,76.25668053350213,73.2320792653848,76.39866283634065,70.2220086563174,65.58040592375927
2025-12-22,73.59818092128683,65.87041787607295,59.88306151032603,59.40098289113488,62.10739218279515,61.78100268288581,72.50533757271681,74.20274058658659,78.46354296064828,76.66270338474308,74.60739356771127,68.9601770366221,58.59195101676742,61.575047913935634,68.65071852789136,70.72203176357898,76.0865996695937,79.3845938601506,79.20369077494696,74.5148079250426,59.304412193844385,69.1030446750146,62.125406457694666,59.24244001655551
2025-12-23,64.4681162597496,62.257402428828854,56.18147665301123,53.19990811237497,53.36870207400208,56.215262493657285,70.57279711898038,69.75856020504278,78.69913615460044,78.6906943040621,78.82190414100782,71.90257002145562,61.03209529371614,66.63500427200461,71.37193220674101,72.0769504465056,79.56091530466824,79.76003993821087,79.82108828394445,77.42326245801937,67.07215559642871,74.32340156766678,66.52153662214522,65.24435642713728
2025-12-24,69.97740008984863,67.04151511448343,65.69481252038405,67.1645563078716,66.5736903795308,67.5776617133689,69.99158897481212,75.03522275962771,79.93569259838048,79.42163727757452,76.1880667461913,74.55295094439424,70.97212007134587,74.22012731024222,73.66444981612828,76.69256607310886,79.48626697130484,79.42913323048728,79.50951139370841,79.3505147521385,78.3762717743206,80.31478713391039,74.69738018195363,75.01814404318145
2025-12-25,70.48616815857163,70.71214644202452,66.87650816674727,63.3433363577874,61.90882016897801,64.01515254235493,76.05405614653188,79.14460408569892,79.35038458866207,79.15277777447882,74.47943773327611,72.89123442451178,65.15677238273805,67.76838681540656,69.83456831758859,72.81605040177293,79.61685809012631,79.60130833149854,79.61831391127848,79.67087494967787,79.94447083659055,79.62937198532397,72.7195605433628,71.50124327257339
2025-12-26,70.96583559362553,67.80133218909215,60.58804440121147,58.94398148327162,58.22549833546263,57.716123117237,70.0719702503342,76.48000853398567,78.6184301087516,78.164739855222,76.80891052254033,75.77873703392976,67.64603960895307,70.07326015559049,72.58090586485824,72.14783105359027,78.98950753791583,79.19950849391716,79.00487354050911,78.27362000905622,75.82642898183737,76.58036143124382,72.07218438250317,71.92365344956164
2025-12-27,72.45017947768244,69.36283271058504,62.724090826280495,59.738031313398494,60.62838976164937,61.127680408733546,69.84259090195972,72.30440563334412,77.66648568803238,77.13974698091583,77.46207741540941,70.3054516004357,68.73425456644699,67.24495233480971,71.81196309403887,69.79094626350194,76.59442596675066,78.64882722679467,79.63660322202331,76.34733808703061,75.66595910463971,79.18472953990369,73.28190206370687,71.68649163225328
2025-12-28,72.33179015758608,71.40165712547663,67.28814258657958,60.782681284193394,60.24536732539183,59.758757914123386,71.22590574407955,71.62900912611224,69.77466320562968,70.3276122038226,63.692900255176696,71.06429414588064,67.46426773937313,65.01100525097954,66.27152295650599,67.9864320972716,70.02779936199364,75.66662168766184,78.11248121515143,76.23333162785373,70.0981292660197,73.92447922385622,68.68457893461857,66.70286056483978
2025-12-29,67.97840490688466,65.99521823366385,60.258260641368736,66.05134677262157,60.1685152109021,61.30278006356349,72.27647346579444,74.64054234867186,79.4706513516447,79.51203397235852,77.960051035704,75.61413976499229,63.799456606118774,68.65511797621623,70.81131082836008,75.20588641665205,79.60495669167157,80.25925998938295,80.22694196686169,78.4932302939139,75.37897506872922,76.88871432008594,69.55383975002937,68.0029579244754
2025-12-30,67.75423194897601,65.53930806348507,59.584246161088046,59.00280902294907,55.80958848977514,58.02211678710317,70.875169842743,74.32590228550275,79.81219296863286,78.38165860899288,77.37260832849867,77.10358628396652,69.28813321712524,67.06323515904263,70.18314673330006,68.47972168808907,76.99656664079019,77.35267534758533,77.33106193852592,74.75774228491241,75.00898702497311,73.98536600921813,69.15517685685236,66.07525645779172
2025-12-31,68.54960086114389,59.68637905441139,53.82020653778781,55.48079895158577,57.05475782768476,57.343021094908515,67.71476579344943,76.4614436654012,78.74737572865656,76.86426752224365,71.20258655998234,66.91427300205143,60.34667845829821,64.087707189405,68.07005382914353,70.53692341867554,76.43530962126248,79.54708858800912,79.52851965430632,73.30972673968847,75.95076558409008,79.95352061588169,72.09257808829557,70.55548360401292
2026-01-01,69.21371622470727,68.90958869769327,63.21811788096735,62.490163166458686,59.941566077201706,59.514557551216235,67.9903316564623,71.47005724994543,78.32396940947727,76.14220565767644,69.49018010962367,64.84070000065473,59.64019764395868,60.98853443577943,64.80395386705108,64.84551291377406,68.93444344591902,69.90559611816326,70.08342817672168,64.65586685810273,60.11849211281026,64.99036979521907,61.08151129363212,64.19968450876615
2026-01-02,73.57693360179071,64.33314781923622,62.48684472177028,56.43073720139015,57.370041473056936,55.39502798523457,60.216078702551115,54.04600436296796,72.02158154860804,71.63314379418456,73.15201190912211,74.71061237728208,68.87363218647522,73.92480206195175,73.37893422359053,72.70512903366031,74.79377965416599,77.35175321885535,76.33643137048688,74.88510775556158,74.3525273037954,72.69637687772345,63.43752895145642,63.45294766546314
2026-01-03,65.07436390079103,64.58261654235618,61.21942921934219,49.631331594477004,50.22384914302421,51.946243002596844,63.795773132585886,69.93964303000159,68.98370602627936,67.12733261702958,48.54706059982028,43.84177961240075,28.36794645575504,31.464553826086224,35.49428731961386,52.05149729850965,60.43831804554076,71.79287865798898,71.59025161596514,67.15862499710569,65.83265181290449,70.71204046438314,58.94246522465816,51.38607930297945
2026-01-04,64.57740824345431,44.64351896524906,37.39165035470873,36.0657807862217,32.231846118907434,35.37896753854566,47.458577736388115,54.94536340792689,39.37141728838036,37.171751042930865,33.312675232080814,32.54345946040029,24.01263413878128,26.598978390224506,30.294521641473285,46.17675868189215,61.71129885525909,76.18825414141143,77.82948176292392,76.98396310393643,74.45249664899451,74.29218400086967,58.7161479764124,52.798245415191346
2026-01-05,67.39283182644125,59.197344579605186,47.7116744202999,41.39961423456619,40.664092506591,51.90713644632575,62.72503310705068,65.96276794736104,68.52720017326179,69.63040245278333,66.93513943622656,66.4970138588609,58.40141981132786,60.64892209232605,64.08850669859872,66.67612708455341,69.9420350343013,77.0247211747681,76.9076517709168,76.50826419751962,71.43168312213005,76.39850494805037,68.11600030676857,64.50721317791727
2026-01-06,69.2361992217251,61.461542929668376,46.56259532262664,44.69490924953307,51.67129209922464,51.5336090808786,66.97675632069945,71.13516504645756,73.46075022844089,75.13684497455704,71.61605017238321,68.54307990355626,56.697181476067996,65.0762833937767,66.38367159620091,69.8349083625479,74.11719968955458,78.69675039714525,78.4081673329899,76.4238485163931,75.19125433989734,78.65218545320221,70.57935059246763,66.352161074903
2026-01-07,65.7970944114429,62.06697546822117,48.6166554525343,43.08235990319472,45.46164082393268,45.6194969183724,58.429658620854276,71.75411131218951,76.60632277904763,77.301960220107,75.36584547772176,69.90991543566855,63.85890309784443,61.90271647185,67.69517383483415,68.65223122620212,75.06596190245618,78.88588227877177,78.8772417538072,74.88451524818718,71.9928825510799,74.41950033501699,64.2911587674096,58.47957487523907
2026-01-08,58.715075552808095,54.39619832854242,44.26789022486961,43.19843709797219,42.516963761181984,42.40241624838959,46.54154453024178,71.46932134201758,73.35026183216544,67.92178605221615,64.82663153298282,36.307006302635344,29.905953371409435,43.62944754436637,56.480308979117204,62.709541814109336,72.0802460208627,77.18722948181525,78.64107849112288,75.65285643648991,77.57032609936387,77.89278827452051,67.18908248224153,64.30509606522351
2026-01-09,62.329794190965735,57.31020662087121,54.12662313329557,53.99069643509016,54.557902568684796,59.38047316435923,65.36835903428751,73.5575541073274,77.3623037877688,76.91604002541571,75.03340522611406,74.93661402677363,63.499644853243204,70.19294876520259,71.88968816425285,68.83850970456184,75.32627137332666,79.48804025121002,77.05055206737852,75.93875428490337,77.77756701712934,78.0752415422584,73.1399926504034,65.8336676154726
2026-01-10,69.59992963383752,63.77623205524055,59.06759100098875,57.44912693347016,58.58135250464076,61.885749774583935,67.66999304559054,72.74007137056572,75.71967786238736,75.96919283605094,74.45083288253163,73.75303574763925,67.53576363953934,67.16271902506686,67.5955415982808,66.7280790798129,68.95131735938688,78.67869278223476,77.36491049064094,75.43879264751938,74.90219630807202,75.72434157632834,62.623121109025064,59.828054222670524
2026-01-11,57.578640786475376,52.79083669911597,44.37273682913296,49.283837896068675,49.22794841686876,50.07574706982624,56.61946732221192,66.59251721240624,69.15157215575178,68.0257114300344,69.7914050065878,67.38631869132854,60.99246898044919,65.5553223979225,66.35145619111225,66.78456631917896,73.37636596310635,74.34187168042786,73.882891887722,69.96627640050137,72.36524200064889,77.84790017383328,66.59314727025536,65.87142204019945
2026-01-12,62.26875025077681,57.90328281634388,51.92454497670794,43.75027753987563,40.649346818916484,41.59913943891942,52.387247666612964,69.89775778498482,75.97066932084947,76.25205599967177,76.30639735113998,75.54098328991844,73.72244651622356,72.0999243089578,71.19502635882385,68.1123588435623,70.84593693788942,73.14519601039902,77.31440183344424,77.25538559428422,74.69596997474187,78.74448967104837,71.54916452737326,66.2696845032497
2026-01-13,69.37691740007611,66.60233331177699,58.83187893727118,58.317682861933925,60.59062323643994,62.19472961765814,70.43598603381247,74.375834693902,74.76719962619484,78.558840633499,77.72140193484108,77.91401562109053,76.13872803770272,75.95540734870886,76.37678109234722,74.33327216384062,77.5343463115029,78.29969835302005,78.5464322640604,78.84992991712056,78.71807269387844,76.44014238274946,70.24726702721617,70.70472667691597
2026-01-14,73.21787477476244,70.37689524319407,65.75938055219807,63.98664016840651,62.52773322340411,64.34910139568369,73.56368377614882,77.94124290502478,77.3577842392437,78.06462738394531,77.76632612901089,77.50105928105744,72.34647701554046,75.05242597989589,74.5290210675845,72.717233860445,77.3230733453214,78.13178654467339,78.05484901767873,77.02304499822621,77.35899824313202,76.84582888046324,74.04659350119177,71.95042571526673
2026-01-15,75.67353806873471,71.08296043426485,65.1307291360171,61.928357530973564,62.330943350414856,63.57842105390696,75.87257170786965,77.46223933795262,78.7661668058158,77.94956053036667,77.54737139919717,76.00299659341502,74.48609033086441,75.09015178450227,75.51996395102626,74.82463368689713,75.3097211790658,77.8970657021564,76.09084172077272,75.55787486284039,75.31463590349095,76.55042001227115,74.3743960429698,70.83334396912396
2026-01-16,71.07905907122986,68.65714678093741,62.92349537727695,62.55025085812534,63.13787458260946,64.76437837717958,76.07789413222923,79.42326345262467,79.44769704379065,79.53243699904652,76.55855197828215,72.80117357775896,68.94041268383017,68.99874788877466,70.69611816744454,72.56616277887505,79.24759459665395,78.72254674736163,79.13776225436945,77.30544574078938,78.03852466530341,77.38767321740019,74.74258675706709,73.17425215343071
2026-01-17,68.07442905938098,65.53768146992904,59.62917326836488,52.47365703841707,50.59657363979878,52.02114989743024,63.98126126999402,65.10890994482634,76.36596953792822,74.53550806378466,73.85261826650978,70.56858654543369,67.18181020562966,66.04976526764322,66.92936995850691,66.99521792154002,69.41780967155671,74.09530266551687,75.1573466188254,73.40069738046556,72.76938703673223,72.01707145969745,68.1218549697908,64.9801823549994
2026-01-18,61.027966197238605,62.35793490926262,54.49654768013587,48.020490956925464,46.34955569861821,48.21094307908626,56.45119268752398,50.57967215585889,62.38083354438525,63.363963749585345,65.08828157811404,68.65224997451215,61.98901126938239,61.421501596018835,63.354218047098094,66.99841181414249,70.76316336722613,73.42462540217369,76.95539200581678,76.06297834002316,72.24452687873934,76.34064522619909,67.38252241536028,62.77777142932818
2026-01-19,67.73700514784534,65.45648428917292,57.104038246389564,57.418261098917675,57.881723375830155,59.20201186473484,69.41454557634498,70.49486239450552,75.26007532568957,76.9199972212358,75.86580153487814,73.47782319125953,69.53033343539455,71.22754102058376,71.12576665439956,73.06635472169083,72.23579489949714,77.30574613763515,78.15174407457116,79.09935078726699,75.90219646955653,73.90341245630253,69.24150123808862,66.16411561223414
2026-01-20,70.80337948417572,68.61966290929652,64.6642082267351,58.04740549220961,58.101717455049666,58.27691519711504,69.20249221671459,72.76959836297482,78.20674392158318,78.1323854662982,76.0851706410246,70.75064605177405,62.66859543262945,64.19202419976473,66.11176043120223,67.30985666430003,76.15444220550309,76.98064575547365,76.8816857008285,77.1306345272564,76.80548229936426,76.19590942514215,72.44424671821702,67.50218699994349
2026-01-21,70.15211787000497,65.17506651915123,67.23450493573911,63.196745202665184,63.43087094356145,64.87852553923143,72.67974003857465,75.14062022763873,77.46646323552011,78.18266581946887,76.52092028168497,73.47048455858621,70.20813828077132,70.02703134872078,69.5383309682039,70.94681909211474,77.40279819211298,77.80444816760162,77.892219653704,77.41595063384034,77.51511976950684,75.65563550034709,72.73292663064983,71.83181224132532
2026-01-22,69.86762827359632,67.35954255246364,63.381543276260935,61.96840270356959,57.965796373199446,61.03459383932,68.51766785240152,75.83569526409205,78.50510811497021,78.85809276800562,80.03006496442207,74.0951399296597,75.40630799665136,76.42820221788627,77.36877510903791,77.09736886885128,79.04180445305103,78.98495472872169,78.78897696986525,78.60660826496911,78.25631763445891,77.83293757736892,75.72085154448015,75.5110364659979
2026-01-23,72.04363887323154,66.66583602286775,62.48717245566897,58.90825630054533,56.2496174645535,60.484699207144686,70.88219995756802,74.15469473546784,77.80488159509298,77.41945163016956,78.7004418183847,79.72087765697788,76.53608522626618,76.89349933680498,78.81954674216576,78.53146602651422,79.0141728951247,78.98433199203753,78.82056684846084,78.77061125529089,76.20224908658562,72.49138400703681,70.01945808537114,72.58397369084466
2026-01-24,75.86995743943271,74.14512408617927,70.09038367290607,68.13738259652406,64.72711342994656,67.8498690774032,72.75553590249424,73.53251182072992,78.24235998745075,78.87113046863207,78.5610977891335,78.50484064377461,78.23898467478163,78.29947525422739,78.35400172914035,78.66588778860798,78.05148204169018,78.91791241011451,78.9772798239581,79.05315666864595,76.12043606125943,75.54209843576147,71.15269923119504,72.4949895260475
2026-01-25,70.91114691188938,67.43652770073585,62.32671213537307,62.246927166745905,61.50941356924152,62.495064716174575,67.4471705373105,65.65012437619198,66.59017550156885,67.86153559898258,66.12407499369291,66.63757153178115,66.85872331298475,66.21068642686741,62.566690533804405,64.08106380586983,67.36699948643742,74.20212344805037,76.58846780236148,78.75510565260055,75.79669276736212,71.78650990917689,65.92386860552583,62.738732807726535
2026-01-26,66.79102096787946,66.19889966143839,58.53309313500841,57.287544664153145,56.18342009252906,57.58597880139421,67.45422332206596,72.14998445404957,78.75890648492555,78.18389141242328,75.48691219780912,70.1796319134317,66.4090043026498,67.81145235728766,67.36307637424825,68.59406756983721,75.31397952149831,79.01814056897358,79.1078629434316,79.1206123938001,77.58330601657731,77.13357876851654,68.15507492416958,66.43699475620163
2026-01-27,62.36866237008244,62.404850296566096,58.47956505717837,58.87408335138189,57.10675456927212,58.51922095285151,69.1222057133689,71.07487236070831,78.63627215816484,77.94109232646741,66.0092904771165,63.765134461629884,60.456119689412155,62.841883761201075,62.80174344206797,64.02560899661998,78.26819482486576,79.04624072949362,78.95885343930257,78.97274739577557,76.79776401645826,76.3957259890558,73.9220546795697,68.90057875008735
2026-01-28,65.44581276271734,66.00702603442282,59.280251581421815,59.61180060969818,59.02213945320316,60.24726714871843,65.69758008985043,67.63046492121444,74.3000013385965,76.44470260281112,75.42460658890069,77.18230341302485,72.52305697115094,73.15984213861705,73.06535323663495,71.65434225759088,78.06413093523419,78.8382828689131,78.71004186436426,78.96801189743978,76.40413620546276,75.60467348469766,63.75072570417368,58.33634512404658
2026-01-29,58.47553252292081,57.85175154805298,53.97384876025282,52.8961741585451,52.548490064033,53.93886802849811,63.438512910570374,68.51986162521499,72.50044880825999,71.67397246116089,69.60111066136766,70.21943057257921,70.61872619085739,71.3814792108228,67.68332824745616,62.6875807917509,71.70820681683418,75.68301402561389,75.84962486980783,75.5065458252579,70.19510055396186,70.55556402230768,64.95435595665825,57.742141233587965
2026-01-30,60.0893803206437,56.50965347942817,47.48224465701617,46.933020974447146,45.918628221201296,48.907866903231984,55.95601426313205,69.21149266436346,75.95470422483079,75.56141792248746,69.29676773183816,68.90186255939679,65.11823767701593,67.8204526376784,68.96442675024392,68.38953104868473,69.42214052032611,78.5162593206536,78.28227489460747,77.8626407004256,75.04585564668888,73.59301994267749,70.76640679434394,67.33047264522544
2026-01-31,61.78655387212736,60.84532773935595,54.67094564682435,52.62614497590526,52.86029618683678,53.73031242722868,63.82011208595215,67.03639718292108,69.32228480264442,72.95636038054712,70.94837586923317,70.70920892486537,66.35581887496201,69.77731581494562,72.05373154386929,70.32255686880055,69.5246737834366,77.21563981754053,77.43522429148251,76.42564243731944,73.80637185772947,71.3224023599583,63.10750040378864,61.827162435937886
2026-02-01,65.56211455182552,66.62824705512917,61.80894676689715,55.204436995977794,53.03480789177926,54.42803569031278,65.0418160770273,54.76959935203765,60.76799940942177,57.293380092827455,58.54025933060713,58.1648801960897,55.99721386421123,57.49541783293344,58.90377822050122,58.18716873772044,64.70117096780251,69.1129097169502,73.55860049807573,73.80610553568468,71.3779232308468,68.08762171402371,63.44253291024114,57.80090881720754
2026-02-02,59.16273668649597,58.279733409729126,57.419125398601075,51.1489497709747,50.22844152052537,51.8694972483572,58.29866069537962,61.380937730832336,72.32842096230078,63.349113592707255,65.0951378822572,67.36635940004442,65.0463630563522,67.33689969028336,66.75954353494245,65.5490833052383,64.93062907652562,73.94819784725907,77.92326873715162,74.84697164523442,73.70413056973095,68.27109288547861,63.720998695001605,62.014732025881294
2026-02-03,67.52386243978434,67.19385070172899,63.25036360783543,64.53059555968748,62.958152946157846,64.3599882018455,70.37381505615224,70.31803865659236,75.44407519690932,77.22127532725503,74.16290377651337,76.648997069289,72.53573859230661,73.94246766926254,75.51179612539599,69.67212953577858,75.04262417112308,76.9460019050495,77.3495324883656,75.9649300123599,73.61997273985105,74.83680361579813,70.05608010031803,66.90718667821581
2026-02-04,69.57443130772312,68.92174655438225,68.31742928206077,66.6718605260112,66.86527696818894,67.60184572326058,72.40082506092314,75.27272410556272,75.54071180931325,75.37961821185158,73.99716105240537,73.8106914632014,68.01637437903442,68.00382940112787,67.99442488386109,65.20643505927706,72.72105185112271,77.85524534861125,78.20838809777258,77.49050914544358,76.82006772174081,76.25492519364185,68.01752737057775,65.31200710414551
2026-02-05,61.86002331185239,57.79039135381031,54.92907098156111,55.30760579899102,56.78132843001224,51.40477781051124,51.73745884831567,61.893513780259454,68.5492697396502,70.33949356279932,61.79376381562793,60.185053761130646,50.336383878245215,54.496271184873265,52.42128335059728,54.302677076491875,67.02004836101364,77.06726514880829,76.86633337158305,76.34893361933759,70.92148732140939,66.54299267476875,58.044591134770926,52.433117889003114
2026-02-06,46.11954136198681,44.002086879368775,41.59977771880865,42.78714593290713,41.56560040379911,43.04986426912262,52.738884835429985,56.90716459494606,72.23824848822215,72.30868478723458,63.947406519822664,64.77736944516917,55.74511804733913,54.36319963429988,59.611789172193504,61.35219771351282,65.88733271965526,76.44195559635413,74.37795745848844,71.05186751042419,63.97333671922863,65.98452107527545,57.877612444009884,55.5741519846062
2026-02-07,50.819353598131016,45.78761752848801,40.297306137836664,42.60170461725477,41.733998765876365,46.57348396929325,49.668953154707,52.39461890644763,67.28548724677965,69.23827759730679,72.57574640239434,72.34345645256285,62.64550992167564,64.84909156952207,62.098696646228014,61.871686367987664,65.11060345741218,71.4116757555766,72.48771436109845,68.32057081226134,66.36809723220783,67.32063496689126,62.64380445989816,56.53393347256067
2026-02-08,59.4824435405127,53.504284414157844,47.39525700332853,45.208020608273415,46.700332409329505,47.55978172245699,52.154794938538274,46.97375624006109,39.934165229078076,51.14438339595372,36.06591943840226,39.00102064043793,31.723859523671027,36.236858132855644,39.28354456720999,42.49752708284179,60.62733695966671,72.18613647323751,74.52559098303544,73.79701723991866,71.09548397939113,68.30680917393144,62.010439590972574,59.653280549313216
2026-02-09,68.56368411076942,63.38119954630209,61.086961160037696,59.98124248065553,60.42976136843951,60.85564632502348,62.70187996672093,64.32394237166078,76.20813656585287,76.25380387828277,68.53894029165218,68.3280033244585,63.975192902453735,66.17226761495478,66.46072300913956,67.85200592721952,69.32853682640939,75.26862422874531,77.08430337804758,75.74099428889622,72.15888106484496,63.83321036329062,58.85665369958066,58.197315840908026
2026-02-10,58.28538160443213,57.82939288959834,51.48116471610011,51.462450166218424,49.30356368222193,51.73101674662508,56.71993786482955,66.16503956515183,72.96110313622779,73.51835268683254,73.84504352951296,65.91529434002508,60.34755819418767,62.34837439688772,63.65142556172929,63.86668303325593,73.8744725573991,77.66455347529366,77.15921810901472,75.94162675428984,68.40466988535144,68.38047583637905,60.968311249721935,60.72217061000939
2026-02-11,66.05152006668479,62.28479111556748,57.517000205420324,56.53936520717872,57.32992919442203,57.515429147816846,65.89671898127897,68.26153983867678,74.34870615988746,74.6408920411718,71.31796287994817,69.60119454951148,63.59336555936131,64.65472755210199,65.81211847469473,64.98517615482751,66.09801083595258,73.59688429670472,71.71320393344493,70.64520274091049,67.1131930939868,65.69533563560348,61.5591348545743,60.40227620437575
2026-02-12,63.16213966785529,58.30518046664652,49.83910703035058,46.87916637588085,44.34019998972006,47.059478663479084,53.49468137694839,64.75994016470952,70.4641454670795,73.11475331316592,68.65852551803034,66.95253362103026,45.326202014029825,47.56718783230466,52.18086891020141,51.80827836305995,60.832038587391054,75.28967115652641,74.68670027788609,71.0164273163015,62.34980939138453,60.84215168307441,50.81254022282724,47.781017368278945
2026-02-13,33.15074899999095,31.435597984588657,30.211151563196434,29.590887651150442,31.970822443602355,36.57373068793847,39.088484877252796,43.12878098024516,64.34602896286712,71.6042410834674,71.66853444405224,71.55816096550551,59.24868625577906,60.35361615533657,63.5834351102606,64.11327979920038,66.80464089694598,72.95664489762446,72.51321780835887,61.29341626671609,51.48079615967365,51.20521135240658,49.97427751288611,45.1630234762681
2026-02-14,45.78839846809392,35.11412059511104,31.58287788184558,36.404993776443426,38.25160222547264,41.15742153357553,57.093005508575,61.53402525054218,65.65613479850751,71.67873722935113,71.36044100537521,70.07036927098503,61.71118458244989,63.46513548765705,56.88704292483888,67.05292335642928,66.62152320653263,67.9217821323009,71.9083508250247,70.93038881073117,66.26833795553256,68.29425805857036,59.451416721876456,55.597095970503105
2026-02-15,42.54038976382958,42.526153858772275,40.65871212684483,43.19449839074262,43.521155868055885,43.36295865748339,48.79246909472058,49.54439918280132,45.69629443813445,30.096465372255285,28.554584323445738,27.797693306605566,25.37103818543196,26.81861497286824,25.8125919426467,26.602659549484436,33.574149886767295,42.732713738154416,54.17114717585427,55.781088999146625,47.818412848535864,37.83546582691901,28.35758865407319,25.261500201523766
2026-02-16,7.286433643758745,7.264979012483192,7.222292149031589,11.623364108437078,13.238518212633949,15.361579181936081,17.185638913258227,26.249607440775822,56.39980432603018,58.51271651645395,44.455639154561936,33.605299990115654,20.232011068640347,21.183743070636375,21.525957984211377,36.648861923480425,46.21631866298314,54.93537107679638,54.383168588632955,50.00727895714269,47.36906287795621,47.08399869815534,38.985100129863476,32.190821226283326
2026-02-17,8.57286340543242,3.541704054121188,7.429756274858453,10.29251356166001,8.97244343345673,12.881473078642909,14.61372293845944,11.658674507059503,53.99478102180245,58.67077324077956,47.54188573530398,37.93744081915874,31.076868294904596,31.5571436435445,35.91065177500448,49.306334302087095,53.617386733544805,70.9121349637075,68.25931710338944,66.48872184877274,62.63125768199852,61.33499693992708,45.145400385261404,25.515306600607378
2026-02-18,23.839476734333097,6.094128112666694,6.97454118245721,19.728999715508355,15.115508157223001,15.15257677016594,9.76660948901572,40.38676693432735,65.47473561045163,64.89107549119885,52.915857828570786,53.40384439325611,33.7075544520208,31.987427605275766,38.42164280159106,42.30697732520239,54.14063898430899,73.61162548081616,73.73125199314643,72.80338907163434,66.05031507969208,67.79614535179594,50.01594096137049,46.374222785178674
2026-02-19,53.33370361726746,49.52559437148803,37.248662554015084,36.67497032435939,37.21382639145793,37.65717010330202,53.21552686792968,63.64180649188796,62.02152445110109,61.09792793106782,60.3114888797951,59.72426666283564,58.56769541561024,55.47945719011107,56.953310910565264,59.65396910761363,59.936717092577936,60.00646482008466,62.473795267364125,62.75423107365256,61.12720538223325,61.045824232871155,53.67471397829572,48.80450462707717
2026-02-20,47.978892920668365,34.32697843502243,30.536995383830792,30.778355922996486,31.86496307946695,33.60612520006669,37.072357923717604,45.206080610194185,54.12833813091662,56.278908285572,39.87824342030627,28.1886570239098,22.092745349401536,21.280597285067298,24.458309294461866,23.54961969661981,31.26956744970072,57.49277714121411,62.239314853741654,61.30861727488613,58.21514751367415,56.852019712343356,34.89457712388731,32.06764580866601
2026-02-21,16.05420942214094,18.154421989673022,16.52631140112461,15.633553944908789,14.714172013059105,18.5616232276533,20.87678414235291,21.25412925729946,41.308824641419584,24.932502456366173,13.460283803736388,12.871507913504136,8.628761444017705,11.425185979397519,12.492854320587815,18.596013574509296,38.26817068263183,64.19172605043906,71.25462866668691,72.62792034362637,64.1999792495231,63.920559206399375,39.595031591504544,31.614716783179997
2026-02-22,32.83106898499356,25.264435521375397,28.36361406270334,26.01341773342949,31.965435129998767,28.078296327960544,25.34675554279781,24.112797648997795,20.564978228841447,16.8512564613548,13.466686886012107,2.856399912957462,8.652387336437101,7.607282181542218,7.467193086348634,1.6817860650587177,5.458059303423898,19.10304131624274,46.72862497498676,53.64511397755901,52.58314358308678,41.152979820075416,35.13544692974259,36.70763653427225
2026-02-23,35.04497562205283,30.467999972063186,30.310593791240755,33.55172349921344,34.7776999066322,35.63330769847005,36.60111739361068,43.842533786050105,60.736964902499565,60.69252108620414,56.7501387021148,39.48810203366144,37.68587822387616,35.43268241904558,37.28959841890598,50.414453826742225,48.13407314857079,72.05684152573258,73.49807939842945,68.76141265777008,68.996298345036,65.74711426028101,56.74759759672345,52.57068516159201
2026-02-24,60.04568635267331,56.84225771689109,52.45210492662386,50.7942333348913,53.06144290462913,55.055994417199855,57.923733159318004,64.07029409132717,67.08370857498042,50.07906201406797,47.61248219407461,42.65287874299173,22.39621919971637,23.821464950575255,25.886103227681424,27.60958155437936,43.678906303369374,64.22096379333266,69.74082781179006,67.05489259013274,67.63991153448471,63.85574026380669,51.80226648229597,45.4196551608734
2026-02-25,60.205034619769805,49.82026648413882,32.15167475936498,44.367171579719816,50.64969821069502,59.53140171140468,65.03648885393167,63.24463985774122,53.866532852708865,24.263395270559652,9.590655341346348,8.221763711792686,4.18830735081911,2.9811598962261887,7.469463899645566,13.616876546268827,28.496560147091593,68.10116510112294,75.88161815801622,76.68792211562504,73.62257309217716,67.6823554487052,61.32512233619924,61.83731912067357
2026-02-26,60.900814332655564,64.27993313111229,60.934215034456706,60.30384161544429,62.5230848723135,64.04322512850779,63.00347003603465,59.87808259566184,65.9229914632091,60.18856009917601,53.64748273729733,48.84817178934215,36.94516953705145,40.468785720598945,35.70437474231188,37.21763788978306,50.34209841219256,70.14719100076972,68.75829437646192,69.44829304694495,69.54257857367213,62.27662034616227,56.84725210850891,51.32538959027981
2026-02-27,35.029455798771444,31.965347101946698,37.28401535481132,41.01260045172234,45.79977268233062,50.214904488562716,52.80287599025042,56.7673031222068,56.29389963388522,45.063598996570626,28.292185875716566,30.89603251785291,30.196531634942893,35.622055124474784,36.511759445889886,38.36592194363485,36.583641489091384,59.447067397486755,60.6820136981899,61.68711797157384,56.80249363983203,57.12744454561261,42.81139115970131,40.39103115286778
2026-02-28,37.81310717804195,43.90963134649516,41.27534192259035,41.87196451320467,42.81578730317136,46.38430501096583,43.072442662123436,31.601900068612498,40.516600726379146,32.68073288273248,23.782749292865493,32.45055796833094,6.308703610390059,5.463329875209782,10.161045723427309,14.711770948011443,16.68101714902011,44.56892171487142,51.32770811935869,48.27075416572696,49.5280609280123,48.39961193443972,33.25649017826576,30.517535100657994
2026-03-01,32.70544993256391,32.622217654444405,31.029766370011764,31.570350970380364,31.56606323903153,34.13972574076743,33.807229862996,26.67338177596153,16.122068274297163,11.462549854633204,13.569039741190984,7.020625521689415,7.061484218469198,5.9905409929998905,8.826843649500788,7.444547943085362,11.71730152683147,38.36309225063751,45.13268178097842,44.637027127397914,46.205706754187986,45.603211956847225,33.8757117408117,30.65711375667757
2026-03-02,39.39870108364141,40.160141442684605,41.832558042554744,42.83143685517089,45.61466801015745,48.66478298466323,50.30914273004399,56.19275600259575,63.35736277998515,51.23035288198992,45.67034664561043,30.237772429975564,17.539924314105797,16.187413841461,20.071495646754144,27.381689302223602,38.739082786871826,67.59356892384268,71.04439079521792,72.35564574873302,70.58593413682088,65.21590634942386,59.28112985355945,58.07478288287173
2026-03-03,50.5228079946024,47.53896356162562,50.04310008352976,51.289556776415154,52.17560963267549,53.74994913117376,50.40358858169443,46.90262602623766,48.17700040865128,36.579578425191336,29.368464985997374,27.872768293026628,22.11379892048884,25.226975042472198,30.50131240181185,31.157492747272016,34.74342237284424,61.13995389888727,76.26415618474935,76.14687411889325,76.59243247564122,75.37533928327481,64.64018781631187,61.33259035147944
2026-03-04,44.17306983206417,41.95186308961397,44.31916946676725,38.28156301381054,37.02911117531149,49.1019613720377,49.874399638631715,43.07257578209166,56.10603533464542,49.98842406776995,48.21542861269859,58.635428529686976,41.874648848657415,61.40087330601723,62.431943306231716,62.392683576954504,59.88710809519713,64.37735987311687,75.61405324126181,77.00485428818776,73.30659940014634,66.01689924358632,63.672690088300016,57.39284561106108
2026-03-05,50.640472345938576,51.926773733108625,53.48326373715304,53.62115230805684,54.88931406236124,58.201704404944735,57.444242555109426,56.95229140988947,63.475329208764386,53.17052465825696,45.360197727923435,43.921839352897095,37.00776900723437,42.28694670679362,41.75729424472137,37.39039927173675,36.61270149298167,61.12833738324497,66.90891770164984,66.44919939188827,72.73168812965791,65.21077009002128,58.38138695183153,56.04531880873861
2026-03-06,49.91896166547973,47.084773134825674,45.29501507826312,45.41877593057395,49.170561184456844,55.774443852692855,54.817292531021884,53.67356378084634,46.6973588094862,32.945869338462586,28.737236376730063,29.475404031191772,25.07345553381169,26.939877537179598,30.43101726497869,28.617662994722025,32.54450740715206,53.56315858112197,72.63940364738689,74.18765350358397,73.56207391877659,65.39750332968758,55.02929833425054,45.99250487687807
2026-03-07,48.610208962138444,43.454811295901024,40.044903485875224,39.17445720575645,41.59086232896371,46.720657656039116,45.028383250910714,41.81811749675689,40.93128251557062,35.059427906889724,31.00105514827251,30.841879199075592,32.09828645461245,31.947321217337205,34.5947150966289,31.4973693483227,35.25908451418539,52.090144244814866,68.26711781304387,65.95752086773389,68.1592712413589,56.25335694418923,48.231503002612364,46.03123779200596
2026-03-08,39.26143876172034,39.34201482360199,38.382390900284655,41.657341039774046,45.33870008822671,50.006475604604276,46.22786260531971,40.334032623414764,27.43905345736374,19.10354011742137,17.73466501595671,15.088278207793165,14.085809201779112,12.54428536910648,5.601607584244942,7.026714537546232,9.48941213439892,38.73492515740741,50.99925290174483,51.32604193955353,54.87523942636093,50.55242843623441,38.82974337419275,27.092023433124417
2026-03-09,36.60379455453234,36.04530535109069,29.956759368602537,29.804113465092232,33.09143247734953,38.8535466374184,35.88468061716666,37.05525311192601,38.17732760127117,32.00827965849602,36.0089293890804,21.387394777430334,15.192559413038804,17.84679127363035,16.88014021653034,13.319541240427274,13.719029024030837,41.74537855405575,56.601347548514426,58.37841562467196,61.434577723931454,60.21128797287694,46.20661731550227,38.72675496598232
2026-03-10,43.350722852091224,38.585120907959904,29.57509378230978,33.87282939032315,46.32581654041622,50.948440653739155,48.6754723735234,39.926418709531745,49.39960756510462,32.85608697582537,18.166030679687438,11.217854325539982,11.493299954562374,12.463856798120256,9.3970133774031,12.727659016099862,29.19381111141411,56.025184512780115,70.62696475622477,72.65855946613296,75.9433043877546,73.50570414898598,61.55587822426233,52.75928024979992
2026-03-11,58.07643468128253,57.640976798413774,48.872470007068024,48.55614395477117,58.390563080854214,58.97333624733647,58.970269460335466,55.268767144541066,57.3561295979656,44.39216969898017,26.863773423720488,22.390107410052522,14.722421242643202,16.72867232926381,20.23222686636494,26.328083648080575,33.796962042141416,55.68326138300055,73.3030746128381,72.49568241205588,74.48298914828634,72.73618998525299,66.59978940976997,63.954503055806526
2026-03-12,65.4065447107296,65.71368473868554,64.83939123460792,59.95694484661823,67.16802994907565,67.9019410877418,66.18622330861243,66.58558764219651,68.08646840299457,51.87086223121891,33.16020371125476,33.309982765399695,20.035699875750794,21.467693872128127,20.658408251848375,21.905972249049157,24.316684483432155,60.553760886901124,68.33457920644236,72.19995132029885,74.86656190769429,73.35770415671784,68.8497557741129,64.70543651240581
2026-03-13,57.3659785566267,49.28874207468939,52.21475991110729,52.65476514358924,64.65717153789353,69.14107595548873,68.5215588694058,66.90037850375997,65.87824688922731,40.3730184115865,30.345717921522944,31.100613582756242,14.816809340855151,18.96037071896137,25.9077595043008,26.811232169535398,31.47223374696228,49.76654447983925,69.93904102240921,72.58460941498507,75.99240707266179,69.86858824021706,67.36506719943773,60.73949410101193
2026-03-14,65.48147610731102,60.9861342483553,60.73711532056974,57.05401571429144,62.18030847244184,64.57722337639832,65.06865636496494,52.61827573098055,40.84755557473962,26.47631868613574,18.11295828577661,18.874710263093316,9.074124430547522,10.019790105405912,12.489528663756591,10.676432637278621,10.676508760395931,44.131526148965605,65.27348557579536,65.53538301311323,69.11259763624255,66.35282796321341,62.77321978676041,58.280462894991636
2026-03-15,48.47061929859499,46.42103342590152,45.106709117658,42.932220385148206,43.735707283085056,47.0436270092247,45.817983240792245,43.3094358179471,30.99631109580189,21.264792830233105,22.50689129337461,22.56414107888871,17.136268906389194,20.970931925135286,24.886849375643816,26.16070319062992,25.639799991286583,46.75593338292947,59.089273922714916,63.75276853494261,66.28352280058604,63.09624226626371,59.63338835409266,49.60827794954409
2026-03-16,48.34844466343162,48.59918668321341,42.73626608647855,42.620534472196425,50.32256816811575,56.372134079882954,58.41133067677803,62.25019610714371,63.27677728468609,56.8850709914102,51.302416794277086,48.448394327234794,35.618336695261114,39.06974392155446,45.66834022564662,41.851934463623586,35.54084429686554,62.22665365243331,73.48347250853682,74.69071682570092,77.26102975433031,73.74409976530127,68.94557252068498,61.42317479419337
2026-03-17,61.57653246597964,51.30449846766035,47.12961758482226,46.97202887133713,54.29390613303695,54.98684414914646,53.429853165379185,64.05646747936073,60.71835588246584,48.29490784716259,44.60189146736917,34.60643658441281,34.7948732830655,37.022165304795664,38.078308613477674,36.92191539855521,36.44695907093106,58.09174348301185,71.16435625908522,70.49829198968705,73.34478962342,63.805988140071335,58.57728482494817,57.3326225108155
2026-03-18,55.46386138191822,43.87865942579054,40.33768872872006,36.42852997110385,42.74439966293577,43.655393403604975,44.01855951280112,48.5679762242412,53.80706981931884,31.091360178619304,32.133316567100245,26.9394744923859,16.81430111485549,17.107525780641677,24.300716150734154,24.8781263316267,39.35385609310136,52.52224778516301,57.01491820263437,57.62698638447395,60.95670357386534,55.296126226934916,47.61869173489535,48.52055453722809
2026-03-19,31.995741704237332,25.02178353005763,24.051016399414518,21.18886576933137,21.402476842262303,24.235001591043925,27.77362509450363,26.436005916500203,32.90737764434964,34.5828148701751,35.60128064125958,34.747157415739565,24.10013554392353,27.10742327004357,33.7922416119003,35.18143712266014,37.07544679249359,47.299762886160735,48.65130555026767,51.16296550284809,50.988198813450595,53.823244780218886,43.04363566352704,36.69673495633721
2026-03-20,14.433250356457677,11.345453640836574,9.652130658392926,8.116425414334085,3.8598851522801745,4.790908933414174,6.049313112784527,4.7077125559688096,8.417191155061056,9.210925016956153,8.607646052911512,5.284536958485024,2.2527531084531525,2.067121612200482,7.438141669827155,7.763625728716795,11.078113674015826,26.30264648147785,33.11484912863843,37.16125706837277,39.698045263317645,35.60916887250456,19.666709636149275,12.707888834435897
2026-03-21,4.673811072410846,0.11375508072460869,0.08473247027307297,-0.28941304939405904,1.1461451749124771,2.38908336558972,0.5948897310295155,-0.20493618110934445,0.44219316343917087,0.1709089967435609,-0.2700356166784512,0.20472530507973033,-0.26046619444433583,1.599571225737552,1.5039868671642849,2.3379924402605305,4.396730951926155,18.350910776418793,17.186004095899758,19.825656272937838,20.44737395917065,16.383256763340224,5.4029932517866825,1.9955216597726386
2026-03-22,9.231826836757197,6.500295725503367,2.8110801300906685,4.841681055303773,4.764845164215385,4.842799455452535,5.18036700875182,5.221875996806683,4.276629378303384,3.403337104869916,3.083971785265865,3.1310750774213485,3.2265625795181343,4.474007586118818,5.815322939930715,5.375770624286432,6.173166041952136,15.902689650311473,20.55723073576497,23.494550744087196,25.0271012061681,20.224554768409302,4.611226743744883,7.290713139239686
2026-03-23,28.945285997306815,23.97586295739247,22.510252221169907,16.552512047849127,21.43085407159532,21.695670369771385,29.780096607754455,31.67818088528145,23.78946650380375,14.106963820575146,12.359954142229718,14.635483166833907,15.037015086583953,17.980471075469037,19.62101998844284,25.109002522056862,37.280551873156945,48.205327706890245,60.668703562010926,63.3245438170348,60.853364310379575,57.78803695349023,43.62357193473592,47.55771626845864
2026-03-24,40.53740917160022,39.6505118941089,33.61121895708545,33.92720987228917,39.05330953794599,38.9489545621344,35.04871337411119,37.62663792478399,47.77566779328883,42.35198298630608,36.62209384848296,37.55378076356651,37.89947327157026,40.188880396653744,38.834454188376206,39.34620457759645,40.09524142822934,58.042727441697686,58.10057367630767,61.40395305834202,56.40319708112336,52.14453500423039,39.75464050960644,33.30602379344697
2026-03-25,31.260894628376892,28.084015051814948,25.21837684244444,25.982326939984137,23.219097878391324,25.64434673245901,23.509638756105414,22.099624528889247,32.984863605411164,34.40729923398271,34.474179895787785,33.19145194603893,28.037266775952116,29.829102854665518,33.35139078188763,27.425397718019738,34.99690684621002,43.653667880071694,49.215574354709055,48.68968092569854,45.38299792829834,47.185382772114345,35.271638253293766,30.217625636507247
2026-03-26,32.14401888825907,34.192780468878986,39.26233349692978,42.01109524959684,42.05051921265719,44.395007380294146,51.976990813790195,42.71684989789208,45.466228672942876,42.814712911524914,34.83825827804477,32.37301688679636,31.290697476277547,35.51993343128186,33.62334487705215,35.26378340258583,37.69584266302724,51.642900567798,63.01131973139875,66.60541267310515,65.69029382066631,70.10880241815305,53.44727041542605,44.08294602228839
2026-03-27,38.20764112593743,35.73687913165081,33.984651638592226,36.364430035898586,34.01870201535913,33.450510294832505,26.793462086609534,23.362193649180288,29.298015920988856,24.41100247628265,15.691195384679139,12.170653166868558,8.861029833299737,8.328638166517585,7.8364903494587965,10.655001134884706,14.495856912770288,38.67204913968958,50.25099465089374,52.08149736238959,51.36695091746151,51.21178904241341,30.21648468149297,24.20389262835288
2026-03-28,11.693095056233677,6.609252699889117,6.945497619479298,9.329005044068653,8.79509997371295,12.355367485336915,12.53682330741423,7.435987820155842,17.329058850931812,10.545070478920096,9.653305736163453,8.828531335753949,9.06049881230242,9.495622926871429,7.155782844280786,9.099879230227836,8.746824481364587,44.717271705618856,58.023140045846255,65.23833483226443,60.75837842942734,58.150447953827765,35.031700327678074,31.501876828954636
2026-03-29,32.30210504625051,19.353853832429735,19.470673807257494,21.165614677755872,25.10680824968801,30.680975570843287,30.275106831555146,14.246270719263112,9.229320770447275,7.1911743543098146,5.934283223144902,5.457445089115801,6.015345129803781,6.6277232337781244,8.939984008884005,7.8293332628832655,4.679515843325175,42.833389596850104,53.60140937716426,53.76347999976956,52.27935344208721,53.1314521812822,31.64323708113893,21.287423510896875
2026-03-30,48.81544514913136,32.04980282768982,22.849892626435114,18.04918479955955,19.988696199118497,23.084921196253745,24.341609453120544,26.252567396139806,48.51010544213766,36.16891022207356,32.097373042132574,27.60603847495601,25.557309997586902,24.94955978167086,27.78470912978291,31.443063504509965,33.03219263686148,58.80641668995045,71.24977460682672,74.14612508904871,76.11804169441284,73.5913121719194,49.641533284995404,35.256288697483384
2026-03-31,35.9934122843971,28.786341461071967,19.26913197934901,14.76621726557654,18.899337659350916,20.732350750158815,20.510861823193824,33.74980333109971,41.043913368093364,39.009823834010724,35.84761242980966,34.538879685888865,22.517047900065716,24.264406718933085,26.428060892747848,30.025393827492273,33.8169209423914,52.249704642059896,62.10841556982931,69.02852663188165,67.05586442089736,64.8254929828418,56.59975217897543,45.40252250382998
2026-04-01,33.46106010127584,25.171951391554487,19.024402593328904,18.4024666535881,15.975964943981891,21.156686249012573,23.763328481356904,26.454587016211565,32.765259557258915,28.467797716014058,23.40720137877464,18.41308406108454,14.656875033247172,14.496543507646097,15.0062020675365,17.597804852545924,22.069856288468298,47.507003004484275,53.75697887071181,56.05576278941152,58.72220000905497,54.717968645215095,31.05119060816897,23.23110427931036
2026-04-02,18.247692427332176,12.069422795185627,12.267565195761142,7.228125170261496,8.46519047976102,12.164879641547419,14.322150838701948,11.227234569087683,15.972068565369964,21.693113172426187,19.396594442862764,16.244780518669526,8.350852605461723,13.962464716616168,16.34785564981224,16.31353464490926,18.79564566440901,39.460447247527675,46.49897725438795,48.57415535654307,48.02127332746644,46.87065262575111,38.075454831259506,29.314120995149583
2026-04-03,16.64442041021056,12.831810719177911,13.878172833479532,13.905319816084187,14.038556522929918,14.679203700602125,14.516228008789664,16.799320068082075,26.53932607638265,27.710506012883187,27.025331922173653,27.066078284591004,16.68620756003988,16.8658401897804,22.34525545936719,21.55950834932725,21.68002886139134,39.186815734750674,45.834129688504326,58.0112197380175,59.35900621458044,50.215293674087455,36.54607240891459,34.9915279098002
2026-04-04,9.963016734402258,7.013844809490021,5.535646564254668,11.31502684417518,10.581786673451264,10.149683356541551,13.169206714528368,9.507532136237353,9.115286818001643,6.342054128265826,5.926828111198603,6.358452844939125,6.58915518567144,6.76150145130419,9.344551227677206,9.118800741402843,10.9052564964681,36.60471826348219,48.67181783302603,54.7827607149723,54.51879977056076,49.6911357094812,29.78564280825743,25.23836935122984
2026-04-05,24.97357846804289,19.331137520617357,15.554366198660285,10.400746638293178,10.187104887949374,17.532204232429557,16.24782897735551,9.372237015324254,6.091030758348774,7.355711436668364,6.554932060561945,7.227084691240017,5.973490009408922,6.600831660381558,6.894773758649014,7.42868299794804,10.555118922078204,34.10149179825592,51.2963886024501,63.25582265379987,66.06418724089205,63.37154045792699,33.767275606064075,20.344953081010775
2026-04-06,19.49938649601587,13.516872624396811,3.8501950556939972,2.6389185925045866,3.817832770514991,5.414352985266728,10.360035021989333,15.139210719418449,31.608401438009924,31.238050103964365,26.60771820851154,37.56324480832352,18.20221191376108,19.768560244545526,20.437198386804916,24.718135161652356,34.189307008820656,57.660499551650204,65.99438632533136,74.29484298660176,76.05528218740199,72.90784267699222,52.25490468828304,40.23829067036602
2026-04-07,41.3247059885095,25.44416115151732,20.192856297838052,21.801160893922997,22.070955166572528,23.71290095372369,23.632845009383995,27.09009491794473,29.690588955026374,17.517540730669552,17.199400727187644,19.103408971344432,11.128523871681203,13.133605703988144,15.563891949087784,16.960347308577177,22.73742987930569,50.85828833584265,55.98862358873919,68.03939267522244,65.17340364825034,55.77496853093029,53.351543340141156,37.81566197094949
2026-04-08,24.221328885326226,14.464020213770102,13.664549687047293,11.136175556873512,9.780311168168245,13.008177240175286,13.760095999240741,6.83787721725043,5.605361963232634,3.856620229726778,3.251642615377508,4.7984135367063105,0.4408837421500339,0.536924560373378,1.1334294718375586,2.8274831687221993,6.626671514200395,34.54142354347111,44.23630983949796,54.10669760732139,57.64107868020717,52.30372695623306,32.45143995050113,24.561400125228953
2026-04-09,15.311511733374408,15.720738545921655,13.16429464416918,16.2318357723703,16.12018123878743,20.806144594118383,19.98079096503001,17.033524040277822,21.47966240978394,15.84534336637717,12.955642820807466,8.201619949228839,5.161535961112021,6.423784743938033,6.359265938858804,6.182087320366879,12.854575793815998,42.45798026493715,52.6175509736172,72.77524600279986,74.92880923471601,73.36389425481873,49.953988407160445,29.30725264687329
2026-04-10,14.6294130143427,13.928656852260545,13.962473448344971,10.376381970430584,11.14751072985361,15.856641051031126,27.867943902645617,13.905560398408857,15.127537854584947,7.924244350236079,6.668668425648029,6.810634589151136,5.195486199116172,5.9699771351707565,6.545069386406812,8.907337861979096,14.916063146974777,49.160393569648974,63.98309431030403,72.53521669919026,71.76202098790488,71.62829222811284,39.35758804288663,32.026852868388026
2026-04-11,34.962144079267276,24.44423970838491,22.105476721407538,21.57356607133803,22.37685808617044,29.466629110113544,24.543098056050948,19.716101278614943,32.71464362931173,28.660226670490598,16.800553184852294,19.881871910319642,14.795343744470996,15.436290790416944,21.613554874074396,19.0899043414802,21.297059564419925,49.88403160097779,60.25232455113678,75.26446915490956,78.20574844971713,68.34178950214448,48.83665064604144,40.950416787245246
2026-04-12,35.65871156202992,19.58437038716735,16.97334585495774,15.517989483485424,16.01313515902419,17.741740637274855,16.12819435911917,5.067219100804791,7.384934789368715,3.7167252599774083,2.064686430913116,2.3899717714932613,2.086516483912211,2.181249482100201,2.8391858085184523,3.8046980538047506,5.020334714899499,31.994168134757842,50.541198574543394,73.8063277415511,73.67185666361776,70.57496533850325,47.83978128274986,39.53712828903554
2026-04-13,36.08439209111735,23.626153111419548,14.810353205898041,13.73133105612111,11.43254564407102,16.832228211033335,14.97937365965577,13.433211266090636,21.894294815117238,14.99717771826722,1.760061830646193,2.8156033075017843,1.382068209126269,2.254558361170063,10.51614692212364,4.853398849307453,5.724202575305812,48.19033302361501,63.852838655480284,82.31003100314237,84.82576851081366,79.64041407537033,54.928842436961595,51.98290659579704
2026-04-14,32.81248972058598,19.022030666026566,15.126572825210621,15.971779949522967,14.348209632701762,17.110363134791402,20.590130359123815,14.713722819685296,11.944894690231047,5.4699258685728855,4.130292372665396,4.4481681114950815,3.3118182237205893,3.6506901407437775,3.600340229827844,3.095156252738052,3.7971021222070367,33.108467958690824,72.59135114290879,94.57485589333828,95.26055426765187,94.40507333782944,56.94396068259431,39.899733022227245
2026-04-15,39.73416018908524,23.442471546609788,19.12626537627694,18.580388706786724,15.392795312274075,20.7109314002979,18.821410691899533,20.28981693921288,16.33281316473591,8.69787646375135,5.250122594119011,6.459007871393511,5.26360236406605,5.970456181464225,10.393615200049274,8.014120633756301,13.85710675803506,31.772855168918863,53.154798312850055,84.83073530532732,84.86726320382412,89.77505669325974,55.051580449525936,38.3956857017835
2026-04-16,30.598881924645,21.276256197696817,20.001422196761943,18.237880585086696,23.380033333003755,26.685767761962,23.718042797641985,18.787999001513633,29.24093140759889,17.09820590035056,14.23870534316454,15.36086494994322,8.772808090113374,10.14549559350228,13.918960019897206,10.14828594077603,19.40801640156314,45.876445236784626,60.05175172403845,74.97966565212953,71.44256387322002,71.96158515291208,42.616901235560555,39.743913764902146
2026-04-17,18.085816968501252,8.343674899377511,8.451635860594918,7.070721333262785,10.206803761666455,11.240148341165046,9.346203083996748,7.774114537599217,21.239882572272297,9.839440273012922,3.1653986667485587,3.319611015530525,1.9954261680489394,2.5384365419692303,2.286315514584945,2.7131680575001336,5.759724416237612,24.258587105273914,35.81016232448065,72.15821783906073,63.29905809980205,63.357253071393664,32.62031559272558,16.61221086763876
2026-04-18,13.674015253227012,8.691796191578396,8.522603961844744,8.447337409984625,8.518871045253915,8.21447892848384,10.299200173360855,5.866189421440835,6.336645720973218,2.835497030417951,3.477360568253198,3.752931429366943,3.7853335013057983,3.901351195350984,3.841525787171268,3.5082022597533684,4.758432848446631,23.068333765079313,24.728725587949455,32.610188507327706,40.18506658949419,37.93718233087037,12.017364672609187,16.30974203728109
2026-04-19,9.219228351963705,8.141706344361708,5.848910504563052,5.635788187208285,5.768647392463381,5.702459618969857,6.158340051862789,4.33046285904965,4.758731325695957,6.848980542316325,6.509247180384794,6.923832688416081,6.4708400428891535,6.235218916342543,6.687186323329595,4.3128949100405665,4.238539638142236,19.765397410431678,20.191280897322354,38.49645924918306,50.83645000691088,46.98667455090271,24.292268832892795,21.28754390843083
2026-04-20,19.21472718292814,14.753220585622762,8.94076023091256,7.541753488771132,7.4168750083688755,10.29807737013775,15.180057164060795,19.630263174479946,30.86984663645993,16.967820542837785,13.794532646622063,7.320241880020549,2.550402843937832,2.9926133275090945,4.1530952095074865,6.1217935804492924,13.11595463925275,37.05360595239357,46.49295221757456,76.07055269361179,82.4591595135511,74.40014782327383,53.42159169889273,44.081159508219365
2026-04-21,34.678398054935364,23.95459764655578,23.644233434647425,26.335559030154702,26.010746637505427,27.535747725155783,27.579629390229172,21.356297399821287,24.387419281996607,14.415885797603554,13.252998773494257,13.057187304814766,10.265801392422217,10.260811301633105,10.655031696159451,5.563437764868618,11.232442343662388,34.77334820294853,39.30779569537366,83.73215093234653,98.18915220566004,86.99891286396274,43.92183521863801,33.47034331213745
2026-04-22,26.072659129090294,23.716910076049295,14.455690644726294,11.34427512396861,8.544320983879098,8.62614297385068,9.76115462096158,3.31326515263506,15.33215334724779,3.7662931876956884,4.311831180773382,4.594110072532102,2.6397260858973493,2.8825943143350288,3.0563426524441986,2.9949605314358823,4.293230882156938,19.233045779062838,37.45672643704327,76.25656485240737,83.29214766163216,66.90551002358242,38.66956644474655,29.472882763938728
2026-04-23,12.28618701179273,8.332684846729965,6.583733700998271,6.285618266811123,6.458479036744506,7.71322347223792,8.950508320083314,3.5725873791269396,7.133530182113504,2.4860528290418213,2.4426687518492995,2.1103199156613384,2.0064489106421184,2.8387436538389546,2.670227359036467,3.11514500057769,5.815795332799117,19.30922390753206,37.221687156832935,79.61248622516746,80.67545810957436,70.10877292569485,31.116496188373986,33.48434093232094
2026-04-24,13.14694840551436,8.965749519168604,7.691912846320087,10.310557071089965,7.6842883935126824,11.061541998952938,7.761329037850204,5.720234950686605,6.558135810136551,6.032491536891324,3.8485332855648617,4.380812210781195,4.0835091171737785,3.005226671200419,3.9185099896212843,6.051210858664456,9.26448564478043,16.386582822166787,25.871083947082987,52.52716853114904,59.81588215735869,48.16718354279154,27.196458996071915,10.58446894828842
2026-04-25,16.946489405029595,13.503286294118038,13.467531923469334,11.14302393393489,11.547727425167833,17.29304059365348,13.400290676520115,9.637847224754946,13.340275566640278,15.975692933921136,13.278382421312822,14.19610176012563,11.779517360002624,10.807649153092699,10.11422726417663,10.181676941059164,11.259390329074446,18.34528201737606,34.21345060323133,56.21524895856742,77.38519832228066,58.70236766848697,28.9501363383192,21.325124841819182
2026-04-26,15.35309704800875,12.287145450146992,10.24935995554592,8.540315781480565,7.501532190294618,6.952780991302239,4.48484066992449,2.7854722452857374,4.166603747136433,2.5552841248326597,1.3337108546894278,1.0981197312727198,1.0182859565220665,1.0804959093963795,1.296615632815169,1.433640100289003,2.1591729550706584,9.873424913048929,17.882403822146273,41.6591653929202,58.872556167262175,57.87629006610088,23.912929762477123,15.084729005751052
2026-04-27,10.768187048474124,9.399661738792204,12.1566164837217,14.609220618815373,10.827630682366207,3.7797007432763867,6.471718502880829,2.4259015989153845,2.837990210999561,1.1077488490179648,2.153193640369991,1.794841261572435,1.9061119368977812,1.8634473832062874,1.824661994473315,1.8789002411303306,2.2765771988787233,8.347862590486884,22.252547587503344,36.73325896502594,51.44042298303326,43.91203095554068,27.236980010791378,15.020061069499228
2026-04-28,6.019941049813464,5.001413840043469,4.788690505451271,6.7893322398672336,7.29643654450028,9.638157943090095,11.06302025417265,11.068723335710045,8.72890934513673,8.529164239123686,5.434855885810491,4.075176527396923,3.7166990585628845,3.3548621622897015,2.3816706890151327,1.2489115119351595,1.6126171512087768,8.491474852102508,17.620427126807595,45.70280977757919,56.04229594475132,36.42986113929288,16.96104365944618,13.050447020722624
2026-04-29,6.972539771335536,6.18595936438565,5.181942765270988,4.774957275542575,4.735744557734924,7.000663793855592,6.6478197295467,2.7652941162908027,2.4380783229880194,1.5709055106555072,0.23012580085556106,1.1045189479537862,-0.04767886651991337,0.32544153120064123,0.030512827367439894,0.9314136256643628,2.946968189970826,8.67031405798664,21.24221030469038,45.24831633643495,65.0081328978447,65.8680275113867,26.66912070525423,18.561406525246507
2026-04-30,16.3462121099981,14.547558747279073,14.316754151450294,8.000044132518532,8.558326521082492,11.560131849175793,6.782699147627555,3.3661772711396005,3.544439443614485,1.9288617730886426,0.1661030745881618,0.3350133852237382,0.2769015990085873,0.24353617400071598,0.37599632557839624,0.4681211116789242,0.6903313044557083,6.556944750393918,17.004789875834557,49.86210690335303,76.53086609157484,56.65959947367884,30.124015318864576,8.639756951544348
2026-05-01,5.430034047070774,8.145745603230326,6.213582342344182,5.666223577022814,5.938872078145712,3.7617978714459874,2.9039351955295944,1.3729920695807345,1.367546064020108,0.7190093257939677,0.8867205465710157,0.7285497103423655,0.6750660805173603,0.4815661413578724,0.2569505117119668,0.03887650888007949,1.2660394884983912,3.6731409219986926,10.65803732238552,27.290021666593915,37.67702370888556,33.26978488238851,9.487379254006742,6.614242473847882
2026-05-02,3.586146138450488,2.7617651273282138,3.1523051080684095,3.284082121439814,3.019505979360982,2.7566612853600962,2.055162048063825,1.5127527508755554,0.8420367679606897,0.836266082133687,1.1505784872451874,1.2087539987317997,1.1770064583160105,1.8368859844006198,1.6453487808654332,1.1808277723713294,1.3420763538829512,3.189550845490823,3.905664833935106,12.639684867396774,16.592338432791404,15.509521384865117,5.591557566744623,3.37646605637857
2026-05-03,2.7609024642996167,3.169989213936597,3.6645944026861614,3.6090833559253515,3.7294349598691126,3.9706483893693605,3.0345389450225873,2.1340539193006514,1.6947303373022444,1.6860365111638298,1.507059831698396,1.3691903473480174,1.1186018334357264,1.1527252739398606,1.2073575708822146,1.9249966833883612,2.191829595503694,3.042120695197696,4.819436624290197,5.287856914455564,17.61662348854843,6.893474775232732,4.65983752506552,3.721816005793413
2026-05-04,3.7141569242378973,3.113846470350358,2.15087166743727,1.7863219391931193,2.3630330418069176,3.0463281155905753,2.899828607060569,3.193860859286602,9.795383729082106,8.930028460848051,5.401966533630373,5.097352945977951,5.634676303537869,6.892723852928756,4.713829183426105,2.3406452803236313,6.111622161850063,16.847489406718395,21.613499842801698,38.25126724862205,59.83311826919646,45.65470891186649,27.626871283623505,16.370999352198986
2026-05-05,24.616921993372316,15.470706280826416,7.205289142190952,5.3052626487530645,6.569363690043734,7.894778382335975,7.223995427055129,9.46760005875317,18.190720364763425,17.73756987375656,15.0075152985334,15.897821838864179,10.201344118209944,11.237681927325577,13.44690728818606,10.96583304091528,16.33845252487966,36.8078914474343,42.17918490350398,81.16752805986526,85.77661332817287,78.06136441031435,40.98081902874919,31.086786662027365
2026-05-06,22.394689864679254,19.79850428145388,15.71151615559935,12.996220473576058,13.078752713805084,15.07801552723837,17.993993312761614,17.34583831092649,34.02351884694911,34.350737271379295,21.50762867118379,21.044061572367816,20.38956724431014,20.614777882092156,20.0521446286228,19.836247455326685,17.722848830539245,48.672353148031775,66.30175228332018,92.3407217674941,93.94394316283082,95.08641835814015,62.351785229327945,34.68661807353672
2026-05-07,18.106051807077257,12.206799401914804,11.961283563712508,10.6898996970076,9.929025203012158,10.058231070813916,13.06838744126351,11.767723848763305,16.87739500965581,20.089928296667125,15.513644757106245,29.37794455178237,13.166693277135986,14.270868169130868,16.32553275075635,30.0393209631862,28.14722157299622,19.83048280522104,38.25573829977094,84.68555693642683,88.26566272752824,94.0158657242807,58.57358219907654,33.246668804670854
2026-05-08,11.129302586752436,10.205367319204832,8.565190278553015,8.56325690509883,8.61040635022908,9.250292382619582,6.717375033057728,5.855378331517453,3.270808854410885,4.033675595391505,2.4303899472599464,2.7033394100584762,2.9690423014409895,3.3290391086696127,4.848848579408256,5.367046706577082,9.549500012536742,17.732520941530147,17.302735961083,76.4506515894235,81.79343443204237,80.92221696666,35.094486158768454,15.969633130659254
2026-05-09,14.026905704897631,8.240226525515014,10.333518771271889,11.5365461117233,12.093401728908196,12.345029269858001,4.249527380378141,3.0322615470878307,2.5739032984394,1.7650336672243174,1.141137477771226,1.5668698864514414,2.963418626552763,3.426538969990007,3.9915811431120165,5.1106091781763645,5.434061651811046,6.166245615886105,8.769819079815418,37.00799257359984,75.8110880866976,52.9939526209011,13.982920256343695,13.91276901556924
2026-05-10,16.00252559622425,12.984552890974934,12.319462232815775,11.532435985532263,11.34052008192231,11.52763142540585,7.995239002125598,5.540685984651377,2.1156824364650455,0.45356865114229006,1.0911314239446352,1.3371513340211711,1.0779523868654444,0.959288788484127,0.47117344121487365,1.2112162714244497,1.2676184750923971,4.994873641568061,11.545066718466625,41.38421596543782,48.900795260779745,46.737354428872344,12.148629371576432,10.878635649399776
2026-05-11,11.925616501102185,11.697556754855494,13.357406909860353,13.615865885857808,13.862452648595497,14.26964667213597,8.143897250118991,3.955198198791207,10.909413862751816,13.172394535865662,13.511333349237237,13.711963938137828,10.540747589828936,10.416141992496554,12.503807283118267,11.822386424052961,18.59065368247383,26.151332539141674,37.82380052583921,49.58556843778323,81.19998520260687,87.69204691376616,49.997322019967584,18.458337174529554
2026-05-12,13.563415994728299,12.611454745147963,8.957972001553763,8.123310768912892,8.024479006225103,9.16031619019294,7.460453594801042,5.318511522960254,4.346007814279299,3.7254094053084224,2.2404764769801426,2.3285865216670367,1.1034508439790214,1.2289681382034208,1.1776908428249757,2.0644389047047405,4.462927496298817,7.633545411242785,15.130497334168103,42.74856672317714,49.989953786977146,46.15782414116373,21.311593298580593,10.149264187453623
2026-05-13,7.053068371601696,4.755805872651857,4.218912329730389,4.299790504052198,4.313192519647858,4.302914096922962,4.162507400759923,2.0396208492862944,1.2741001705216197,0.5317147216125891,-0.04689559020261365,0.0014881006366341209,0.275573059209839,0.2983103916314465,0.7958775800064415,0.9058342035384401,1.8517685565970612,3.1981824471095868,5.286366534971349,11.35425043475471,23.487844909917264,22.905221244430717,8.083930527687032,6.9578339464776375
2026-05-14,10.932851422918032,10.64697182306892,6.201558292172427,8.481531253015019,6.9627446419141625,6.7031156574830195,7.309168823565857,4.7460650849469745,2.444222696900651,0.5223280713942441,0.10013576504899112,1.4540735379553664,1.2864724885502943,1.8134411562286838,1.5696117239534606,1.7568936856080675,8.249777018831418,12.896121858177816,22.070037266425555,56.717135337890625,86.46115384051227,82.10950960235104,37.5887878501881,16.755212584177798
2026-05-15,15.141796812464039,11.677453953763015,9.681291547281946,8.248981941386539,7.380928577230361,7.634087173126585,5.968912701863259,3.4486777664136685,3.0701305176591718,1.8283823940877748,1.6055908413129225,1.689380271447018,1.2381257456847663,4.38476659007384,10.041148541496575,5.535927129621482,6.4682684537052175,19.87444176612048,39.70900674844349,48.56613833945879,89.07739477801222,87.83280389350159,42.490477287289515,33.082599146434426
2026-05-16,15.160436964242274,7.590889949637084,7.779420151655357,8.173490238881241,7.938062526384133,7.614146617572539,5.623376808016904,4.307650531968818,3.3335835597317107,3.477600769807025,1.612195578694525,1.0724932787308954,0.25005665036801605,0.4132543902516734,1.7289759370199167,3.110877199618239,3.1967667304041125,5.556568000657765,20.361250958070947,28.564807536322235,36.17169770554747,32.23753825155526,23.16626085270111,18.40610767828935
2026-05-17,5.694908931046433,5.244318412793123,5.045355664901122,5.134226371009205,5.7222620374494255,5.0692709844233965,4.243833249991728,1.4333218408642412,0.9199394076302957,0.36867575529933616,0.20926004337049917,0.3329553826553995,0.007637352954956842,-0.0337649228855219,0.2700115797202698,0.17901215020939118,0.6951509096850284,2.5159052896759166,5.730299902570244,28.811621193466667,38.47167345904588,42.36269839866731,22.70707775017629,12.275638097838684
2026-05-18,7.969736045474776,8.506597767006566,9.724351865168533,8.72635848016046,6.260992141467102,6.646129284385079,6.43894572588316,5.221879738452759,5.425231254832063,4.4961365177589725,3.8287302319793155,3.1845670922793445,4.037814966852079,3.63981562897142,3.7846156001057785,4.629062993839646,5.69799202031166,13.905932304952897,30.227847958581705,47.90471621129465,90.63358537495782,87.3579782702321,39.016332897096504,21.724891233001948
2026-05-19,23.50337491476178,16.010325371711797,10.710023009227411,7.717512537113761,7.470489075747687,7.961039352275227,5.247870750572,3.3316855410553363,2.9949278947380624,1.3096060813275894,0.6657871552628186,1.6500826922400613,0.4241110869654876,0.6026239369793928,2.3550290368135283,3.291744296662037,4.867604783523261,23.526221032507046,36.858350572319594,82.12786470624178,89.99094812477821,87.18301132939469,34.693917690373766,18.040009745432958
2026-05-20,11.988733552802579,10.522945639727645,5.786141570939266,6.359550317403736,6.864414857935702,4.06975803719957,3.619874382776052,3.2186962054269355,1.2876353154847655,1.426513186150898,1.2206031378105409,1.458221425756636,0.7314306327091981,1.1051621626805426,1.652376019852561,1.243051344337506,2.5943146946000044,12.947778191506638,17.61530978314563,70.39749727407491,92.77724772236027,93.46975938101188,50.07213805979682,33.80829276836303
2026-05-21,14.262091245556105,9.172981078120017,9.089466334765465,7.759773722202352,8.675950322537231,8.91540507992823,5.124535401122297,4.6614050476212014,5.484363706479536,3.6250358869354264,3.0965231157165745,2.338063065002337,2.065955763876997,2.339178707242742,2.844368358499575,3.405858096459524,8.54888760859454,11.452605614737642,26.419129731818316,48.93376433663193,93.78591629873289,91.27927829101431,41.393825727474116,23.44794729378345
2026-05-22,15.961826022175977,7.757751450451952,7.848121091757787,8.196108408352124,7.905665690537162,8.408230954497698,6.092774337746984,6.568373302974852,9.056156353549646,10.514976626196383,7.675106855265113,9.104951883492516,3.508235446927461,3.333005193182464,5.985602282177457,9.128592911290774,10.842689423854566,39.08885201832759,37.719189662230164,75.23334741149789,93.46621139873527,92.6038462173568,47.377095753759185,24.654407014304056
2026-05-23,19.566668574447817,8.414176355879864,6.408601518020028,6.347354840596212,6.168187974805689,5.9200587383311225,4.1648439713823935,2.1660564353305203,1.392089704482546,1.7661843800225905,0.6518930704436964,0.9577486883202325,0.5596344122328683,0.4751334634214452,1.4584556570756628,1.7709634621743273,3.2257528430693663,23.740566508813018,26.546986139290194,42.17250113376133,83.00236801190054,55.328574988774726,35.504238456867235,31.293515443514604
2026-05-24,11.17477729387031,6.943697044552185,6.06477217825931,3.5877944122897634,3.585371875382995,3.6337302934310722,1.05013359316278,0.3748073478682226,-0.30542074627861787,-0.11514948076088354,-0.044885509986817625,-0.10021952159714743,-0.17890810633280627,-0.1925181651436279,-0.13623434154969252,0.10269326153281574,-0.14024129225353396,1.5990370863413246,5.872881430667868,15.521455447415507,37.927684160745216,31.415810891648356,11.406827209672478,5.92148527860394
2026-05-25,4.664418427219113,3.8470898244453404,4.342516946490152,5.438520930971416,5.649547633834433,5.414249692441519,2.949659392613449,2.0929846162320294,2.81706164002624,2.1700814818410774,1.8648362794743263,1.9657176324482761,0.8100040916644538,1.2200513393282766,1.5602327235600932,1.5724397745313203,3.783348343434075,5.700973703897817,14.486815543038057,36.189458975261005,74.41660172790054,48.790366062311165,34.146901440052844,18.001641521138264
2026-05-26,4.61242543751899,3.663349473816599,3.821684136264859,3.1222518621367956,3.216096184697578,3.314692855795529,3.3762935684745634,1.942479838674229,1.3978628133614464,0.9186099404644875,0.6537497231163407,0.7691828643537783,-0.2337495822924509,-0.21307074558422312,0.4543212081718725,1.1522297225933615,1.8735342519493696,3.8067878833758018,12.677984358643771,17.102985973411386,38.356461481125415,32.30667395784912,18.25431882146793,14.065010001473459
2026-05-27,4.917268250214826,3.849492775594667,3.70458180216621,3.969017431232536,4.2117643586259295,3.332538948792149,3.3474773143659085,1.4096472879239235,2.112219244063011,4.533105840248234,2.6470376464761953,3.7894434701365394,1.2738089643236428,2.049018175519797,4.413849233361191,3.108387847077458,4.037549808015958,8.280304093070482,11.840187935762783,23.680561310258287,26.89722373863685,25.73098600059261,20.108095610078358,6.665009424314792
2026-05-28,3.7193083205897017,3.9940555427432605,3.124659467828119,2.858459158167077,2.3889725933216583,2.114470759524231,1.0099357736955357,0.2628244266563651,1.3753334653444562,0.8683897834760319,0.8045706385819947,0.9384486333679806,0.08916179178304114,0.7074331381470361,0.46875517986868204,0.3605897558442715,0.7133637263789742,5.1771770441595875,5.079438821268701,11.978807081672482,19.7994966100143,17.21061369909664,13.479103327019725,8.538118620417698
2026-05-29,8.139962208683999,6.000009505076541,6.650085635904153,6.714392058121611,6.280405900491172,5.263666628240359,2.1318134527591215,0.7524289564927981,0.8760345855879177,0.28660817766287944,0.1995806695701384,0.26140533551416484,0.06965061579196428,0.5370028212450797,0.6119455805804686,1.0679120399676851,1.3265065694468086,5.154890089659679,8.111059886302863,11.303594991746683,13.526820801297427,12.590418317392837,9.66234089338195,8.287555538763137
2026-05-30,6.27538401033291,5.896094246905118,5.2537598394247444,4.782533899534002,5.254328109311694,4.738278121107268,3.77106450927275,1.4525772871246616,0.8206383237423734,0.756722606029068,0.6606185792172575,0.652078540909297,0.6296524539826662,0.627151081630864,0.5745560531264071,0.6381597170674714,0.7691678260996547,1.019355888711412,1.7352324225651596,4.6712495759639925,7.539639596795824,7.396317773638654,5.48091718870676,5.5516734241868955
2026-05-31,5.752983605509373,4.762018814903117,5.0655130743616406,5.26170822461447,5.14930253997372,4.463473327847192,2.3784943391859543,-0.18322104153877536,0.0238568576378423,0.131316768740383,0.16659151906817782,0.17002081463005678,0.15899000192928026,-0.11273000733384289,-0.04988656821371938,-0.09791642931655517,0.10897038233287219,0.8431480767103624,2.7570556407726055,6.329549906048132,9.581926671928919,9.887270344649592,8.924078863151001,9.584677775877443
2026-06-01,11.70962079386603,10.510321708444998,6.459664830922959,9.26694796563524,9.11476084825974,5.858453621532256,3.5842578218003225,1.3154254096773088,1.074255601747167,0.5269485607353221,-0.07995238345854012,-0.062596349663279,-0.04098643760274784,-0.04720463516691108,-0.035336120106879636,0.019997519574840274,0.500406996554221,2.318933025363301,10.352343148766488,41.16282398588716,73.15264328381157,66.73841799455248,27.175232728657257,20.91245280006104
2026-06-02,15.68559493337363,15.427321440375687,6.869223677988734,7.612204778933402,6.556456431144674,5.9506551906798855,3.5230292054094576,1.5797527771673645,1.0058117581237747,0.49474254173368915,0.09420001965451838,0.376696576454533,0.5733695746079015,0.7001341137286867,0.9703058007492553,2.64121652564619,4.229523681953329,11.252332145636961,19.170553806030025,38.007113975165126,70.7399065143636,69.82051483472627,44.67128226050214,31.851998721556296
2026-06-03,45.61550815236595,48.91322784861047,46.2057737207122,43.80909412523063,32.96547059326554,23.721118617645203,12.41777378918329,5.784975444076974,1.8058804965623794,1.6519066873768256,1.2961315044474926,1.2349105675869771,0.8782709120683779,0.9434263194163112,1.8214259956348475,5.060574182906325,6.155270838197456,15.135799427230063,26.63189630294056,48.28519898698887,64.69229837029609,72.44409321404068,51.569791801231794,41.922202836020446
2026-06-04,26.908462097241742,9.487883659262907,8.746577982518733,8.162485548790874,7.366639934467485,7.093934841296498,3.226921603319789,3.121440480961647,4.053597365303849,1.7750337449117533,0.9036387234449058,1.1459707082379593,0.5139524338017349,1.666628053930139,2.5122760622013507,2.2894063804560734,4.582173470507495,6.641336085479816,16.72636969206309,49.917636930751165,72.57303473789821,72.55712098070764,50.30907501036578,23.03964868122866
2026-06-05,32.689924733848265,18.618645572352065,16.980352916268266,17.24364921257486,17.13830126775923,15.36248401467384,12.699251000317915,7.708403888557381,8.068056421984222,6.606269592141902,4.809935212509821,5.910162177870315,4.31708489825323,5.611207375236892,9.03892919456542,7.94290782349965,13.1262768893193,21.01195863542786,40.23688121650491,63.48417594217021,82.31799604923211,81.80055231489834,42.59635721153563,25.484210719794685
2026-06-06,34.22024193973953,26.4588972860897,19.504139076681838,15.400346064216418,21.354076092960685,17.21926818735112,10.268675168405785,12.888435665097461,12.474317361044074,11.645731229549472,9.11882429407665,9.084989495338997,6.749601469788385,8.298497470814736,11.357056780224118,11.915146936919141,13.610169752506769,20.310891498075122,36.368275252878895,72.64877820200115,97.51480377778078,88.18798617599157,48.085751782267664,40.72756639057689
2026-06-07,31.727111827378465,20.276197140611607,15.692084728739287,17.796820931293645,19.62949884785834,16.348618953701926,11.372227258754268,6.092221646975998,4.8410448318586985,2.3016602443885854,3.071840134637203,2.9880114111678195,3.140433256928182,3.3045608991614706,3.6227379734088725,5.292943634386369,5.077185816266962,7.908647378329232,15.061978922774335,22.611597694854733,55.84954908419929,43.08811790147004,20.233791186521255,20.7152345138295
2026-06-08,11.502017884123115,7.134634527160514,5.6813864440949065,8.287915905444684,6.901720790626426,7.150780182848582,2.9271487604220603,1.509062063511594,1.9431977978076755,1.810529911501112,1.7666642633873313,1.6959364117124023,1.5208163384195448,1.3178175523637146,2.3538377596559377,2.3789779449749906,3.975423458218785,6.356205473953037,14.544103599936426,17.1104830972507,37.185728707839345,34.989299149512085,15.851832670478998,12.606929027891736
2026-06-09,13.941795402665768,11.724391781832207,9.61572058345892,9.05087593798426,9.376717736917325,8.455253177404025,5.024115663476262,3.7460252713536013,6.316778117276041,4.863593926405913,3.1464993717868737,4.4014531343249885,3.771543955954718,6.163062648739875,8.391989917396186,8.930482595420171,6.8663379318557585,12.470181017682494,24.056114351085736,49.957373051980795,66.89880643646637,59.058342944412345,42.43391301922137,27.05892221752241
2026-06-10,45.32259503076149,23.22065622193515,22.381338845820878,21.53722865262281,20.59074489322637,18.587984860131154,10.651525098823393,5.540279871220044,11.164957516819602,8.647677121244785,7.096099937655114,8.671809313646477,4.933862716107678,9.625552478472231,12.797523529592938,15.318875686506146,23.252551250901416,38.53061526225456,53.6811244352137,75.9531886599211,91.14297615562742,88.60223816588656,71.83323054933352,48.050434669573406
2026-06-11,48.80632328677775,40.539768501783215,25.23958100640399,27.727100817676508,32.15454325027128,23.02333981624698,15.751026248386019,12.910819172877105,17.03736502081017,15.504325963583213,13.631004727812824,14.110675545861566,9.3718525307992,15.356200916249344,16.637733536404596,27.867044326096163,44.03552191955111,66.71213440653096,75.4397193171456,83.12541925344117,93.39609533863485,92.8415562871652,87.9573440441739,70.64458379511174
2026-06-12,52.98473803429604,45.5200282312068,25.923954837369987,37.02069046933861,37.90011801257818,26.79187913452331,13.027200514297132,8.164154857926263,10.248222550660262,7.612327663769907,8.171156357901316,9.06632166942137,5.993187920672886,7.922199081335208,12.01123169244351,15.56056450910024,20.039899886399034,49.075232480170236,73.03016268559946,81.4546660466693,88.07344227957033,88.00399540624612,68.62852900253033,49.70758667477119
2026-06-13,39.19133703060491,23.384123486613206,20.30771576267072,16.37930724909344,15.395097969161153,16.132030933172114,11.3312581542252,5.359257194844079,6.415483773541207,5.132529300134815,4.115257753669638,4.2560707348105495,3.6168033379566755,3.937551764511881,6.422211157008609,7.131864543370674,12.573991245148113,24.28971807438335,22.206113681430868,56.131733667674304,53.625732736346954,54.11903178444869,43.22008665899453,20.354035771616314
2026-06-14,22.02056060893748,14.978591130788914,12.851423521069467,18.838965494793882,14.834628176197056,12.820441664130225,7.778445498709435,3.3615615977747946,1.1394299344696701,1.1225737053259925,1.5155444804050278,0.9828073647930011,0.9377406311303009,1.4595878957029014,3.35295798432963,5.367300144499195,8.151552586148279,11.74385444077923,24.367182016740916,38.00574301236806,57.2886615668816,56.35571408611794,38.63259981610489,30.7856111732605
2026-06-15,22.400074592660044,17.76370872630172,12.22156535935275,11.637477055080257,11.980827478786503,9.837659486044766,8.626386788384828,4.9870388590961765,8.420323190557626,5.9376122290276925,4.642605067632589,5.686255030912107,3.747537889883135,5.628226235495511,10.5126940329523,12.45457077781144,21.955891488533435,27.505366876729934,41.58833924089732,66.64869325605238,90.76219424335413,90.22560657126483,76.15935390579662,54.60637772351484
2026-06-16,35.18353883495504,30.475305129997697,28.78269249993326,27.842715709205894,27.026660886897982,21.03606775114555,16.609781413390383,8.307086103286919,13.508024810065319,9.992168219412719,9.58551275809851,10.05082953329453,7.0862262642134946,9.038309425534152,13.013087474837882,12.78046219137866,15.262772518210042,25.523432502705525,43.04789673363904,54.569744970754385,86.18204190802567,83.34426952731258,64.29798757389266,36.00567847337162
2026-06-17,42.591863240639036,26.826870446468057,24.25399116755959,26.47699393753521,27.46537586232339,19.86605615743422,11.289868209652326,6.320386617193901,11.258963721229836,8.31010144825601,6.5547936892935255,6.3674115871027395,3.9775560686339424,6.0191418619733446,7.138935634434092,9.570905192122325,14.73029213960342,28.746990047761134,49.14277320815038,77.53832322349719,82.18594326051173,80.88032093922968,77.01962059739206,39.29237680581654
2026-06-18,27.790131561640333,13.841338637530535,11.465241079302803,11.47855395249085,11.281796364111015,9.58453529927491,7.987572082112716,3.909534736141527,8.45969381836367,6.567305073360906,5.157537847080391,5.115829467400288,3.916111470071178,4.601854915282655,5.687191823653747,7.331824615821193,10.103735012006585,16.80761867758935,35.58943048713312,42.657278579841474,64.35651133495784,69.8587684337451,48.13448589004799,34.82565370264773
2026-06-19,24.683728582163575,15.84299866322546,12.524397112405468,13.138624246697145,8.757564454505655,6.8117064054808285,6.238066701630333,3.5435734515630477,5.26227925742449,4.4170236449061475,2.8655196254117232,2.846568244106628,2.552831995936724,3.1814963265619682,6.782209700081225,7.436764508932288,11.970342479857838,19.014262155969124,27.71237573068539,31.351666076324193,39.74884520668851,38.647596623459265,18.821611021800074,22.01319610056138
2026-06-20,18.499732087407804,12.540899380049101,7.540707448919986,8.079164807920137,9.131615288548325,8.02076651968467,4.809690404598342,5.057408501462371,5.034454233203282,4.422676065779992,4.812075858032451,4.2433733361936,3.631074136558649,3.7789346897251352,6.242328619820285,7.586029715934814,9.416832241844768,12.409243369407742,15.304531069982941,32.88653580190907,39.69256127008713,37.9192959438035,25.872213876037076,15.304383102504312
2026-06-21,13.106766873501506,8.739290025204717,5.711161544005409,6.539861318436264,5.892312273208126,5.3833375986730925,4.068704899927452,2.3733227879798724,0.9888727894581814,0.7232255623108945,0.7828561515274662,0.8579953266973238,0.8626695553774695,0.7017456577938158,0.960074205182391,0.2923260568528115,1.2732726075157625,3.008316540406188,7.38377083409965,15.347916486031362,28.372759089237892,25.262069015838726,14.69042856869687,12.799981518986005
2026-06-22,16.30668379272839,11.520230664748222,9.784193048942244,11.112885978339373,7.565370772090851,8.148855177779938,5.718218392339996,2.9143571751875275,4.94993088804533,4.358385408878162,4.046586647209547,3.4791807681917564,3.32031491592923,3.628650424846596,4.1215427575206,4.534974034109417,6.2545233273933585,16.39906586683393,36.49566107293233,46.24796243396181,46.76889143913954,43.38477864292562,33.0566718418169,27.477937362346136
2026-06-23,33.22907530168495,30.866367353826167,23.52900402086629,17.457941010736555,18.122188676523287,13.818427022753776,8.823834296649101,4.399289435445553,7.031148406882664,5.429922189093472,3.7615651687427674,3.0961869354678657,2.9030120404441857,2.986158906610745,4.529722685285508,6.334796013127297,8.391424796560345,19.211619026251164,34.982998998149085,57.71230475731592,71.91372276973108,70.133223322047,59.14193139322779,47.15395617943501
2026-06-24,45.319753849912686,38.705086553178106,28.613363665830768,25.8654614954588,23.597621298601908,19.29517462705469,14.77981400295599,9.876235921747961,14.501628723251004,12.50102284535432,9.468721303669735,8.858380382161744,7.2741477247147985,8.737208200234857,11.600318613325227,11.85816227596541,15.092963195287497,29.18689674689615,38.255644926593796,71.57860233558597,76.59697575909796,80.5734485739319,74.27594247768216,49.30693240077891
2026-06-25,56.59439392228094,46.18437842279499,41.17360132485362,42.4711295346655,41.10932304101201,32.56029472535744,24.554954630969597,14.832681824248814,28.037925990237614,16.388858454691228,11.648387978958162,8.180918397193436,5.982869497333133,8.25305749486704,11.53910390637678,17.89471822963246,18.51138589003194,37.51497265875897,56.187452248061646,72.83448300323485,80.10045962314302,84.81751438679102,73.65688363488466,59.29803071192814
2026-06-26,48.503427364454545,41.95896138042961,35.30672692342768,30.223647579820934,32.579809895437684,33.89138503538928,25.310292014494255,10.60057540264355,30.825772155367,17.75208009940331,10.55804364061201,9.085763882357822,5.527016929183997,5.367409664091096,9.766340196563824,12.496609597318455,25.570501898057838,37.906176505456756,38.964937270014154,70.77726015784121,82.55991462592418,79.03239189669738,47.517694905386755,42.46735258397424
2026-06-27,44.60478776657434,38.87082646875602,36.79752894143977,29.53201183773265,30.31504734070037,29.95145509764382,12.977096490430709,7.108989628898836,9.667305974734738,5.826425391333729,4.5734333956432,4.580835750995539,3.450103841215105,3.7611853248010307,6.618796748497442,10.361114815501972,9.975852566133549,16.235179272418055,22.343725138719655,46.74655105819762,52.94477738375282,54.44587476813216,36.31979184685635,28.522096700803917
2026-06-28,30.26314888024282,28.515502542660634,27.449917984039047,25.572821899255924,24.98883225443563,20.440621754039917,5.4333548489294525,2.3139876366691965,1.3113393919783736,1.3632109333723517,0.9128694812830734,0.9953058202374666,0.9514809254346797,0.9197465420444924,0.9711865872951599,1.6298515122115254,1.8831868588644534,9.11784713862425,16.0636396507535,30.216603100330424,42.78948012721182,45.49946287337456,29.675044418790442,23.302538238295334
2026-06-29,31.49863826456385,36.65316222267089,35.17184763068693,32.20764211828939,33.84143737419673,27.758600372290484,11.518815784355459,6.218786316087125,11.728410836187313,10.06460817033252,7.16546161307919,7.1034133827449075,5.433827854031247,5.949919665053681,8.782782575667554,9.698292704688669,13.143909745480572,19.032393801388153,27.373492828667793,57.383826343419656,56.87464476791106,58.715684552308296,51.56746356130361,50.67902465635104
2026-06-30,40.7829888043996,35.43440394360078,35.18583227704428,35.07203559432343,33.196854220636936,29.191393528712325,22.229127355018726,11.517908505028053,22.10228878684923,21.240941672271667,15.424985087527565,13.322941586286587,9.078945779485965,14.589940220242203,18.870352976873303,22.742717963597805,26.963765673840406,37.329917418226124,41.1024807412149,57.27805288466378,69.31738260310605,69.51659963256347,59.895037184519815,58.51417147586558
2026-07-01,63.26116574824482,45.869054645860096,41.5038391250682,42.05640644759464,42.233062040893465,41.82791794653432,32.22987760206183,26.994920810182645,39.07767136385077,36.0281514719069,30.13720690294859,31.016419562138985,21.084072240362932,30.368786300618616,36.28604788463633,31.366212864123447,40.07767541011039,55.924000901063174,62.03841501080486,82.70621161153515,90.26653537337596,90.16039267921528,82.36689948029701,82.30665729464482
2026-07-02,89.00515154780001,75.29558097381225,63.15107577952428,61.360181398894795,61.52751903305192,60.50771523969753,45.948532030399754,28.096986418700443,54.48708879173306,54.71332904693223,54.52557598975704,52.29146918514528,45.88183000113955,57.3731107866121,63.16876600097978,65.9193278364507,66.65894679883606,73.90199593587884,71.07089691994588,79.73038059193395,87.88607315498184,85.432130731839,77.35229375978513,79.03388419786783
2026-07-03,84.61607966728353,80.84260249173037,68.99300269060684,68.09220562529252,69.93822282090602,68.9768541998359,63.188641687790046,53.65491805502225,70.35243428593489,65.90948981804755,60.59473916731995,61.86670908836851,52.81070660071697,58.9436410268006,65.27116016924458,69.64742292971766,69.16924029960924,83.13124904178187,67.65219946403955,85.92859502818938,90.91425725815577,92.673942954391,83.62007131212518,78.69472987672832
2026-07-04,74.09414365007271,70.3453807030356,70.62207015619981,72.44452471109716,74.66937200795604,73.55962465665606,54.77579545029121,40.667814436512124,48.62840857699668,45.472099290497624,32.34008716170834,22.76273876531181,28.574650099777365,33.1646101324153,31.8370962186426,46.07555652378148,46.07086283661948,62.4492804099897,60.37390645697813,71.97720481969114,88.42369750520075,84.5135206804465,64.18738338744132,61.36786247821769
2026-07-05,50.761352017737956,49.21319142798281,49.91102673562337,51.90259918424635,48.212348429604134,43.08200908901565,36.122811197010705,19.96405870563034,15.374250539624043,11.544308943881044,7.9198025274417345,7.829776462701027,3.110201197045496,8.572011570713713,9.834805079368449,10.631851538211224,11.035455921933359,18.853744916087052,31.192293594395853,39.755858865791645,54.094889469327214,56.724823581408316,45.46392842142761,45.531302814046995
2026-07-06,57.27389666115193,47.67063058288121,44.97332113967422,46.269045852060515,45.39754585015442,41.72921311579497,33.78669701599246,12.588580374811134,21.427994427269176,22.09160655545716,21.770374299414026,21.785384292917193,21.427033803585793,24.40792959745303,27.529592829899038,29.02892321629341,33.2274860347768,38.06165080851473,69.83584986968097,81.51073631964995,85.5185428440292,86.50156426686107,80.86815917618615,80.15147683668837
2026-07-07,60.584056135501996,60.839417262639785,56.325405067899325,52.0328233406271,55.77771120927568,50.97107046008747,46.97251464653996,31.60927931550105,53.67230853286431,52.95309248073895,46.710855033741176,42.313512245933275,23.417006481518147,43.54160161220142,53.152773798199654,52.70582265100933,55.899350805773174,64.36093997719179,74.13341094929892,87.08533759187371,90.43390589863743,93.82001748500106,87.18068640213812,80.2430106499555
2026-07-08,76.93736438256069,75.49319858485218,73.17422805806522,70.3578006356539,69.75324879880151,64.16615180007452,51.18448215736158,49.78206051313717,61.157670446779356,54.98415911180096,51.30063546769574,52.4310714405561,51.393642040126146,53.54734936074163,58.58005147148923,62.961214029887365,65.72023273680115,69.05601074615333,64.13687507578874,74.29330634726936,89.6644251486783,92.6739076743914,74.6963250480646,75.25139801803067
2026-07-09,70.86270544444218,67.26884736286635,62.65547245910644,65.64035399859436,65.01311300653316,58.92777825469847,44.11136745010494,33.65997169382096,54.417050921569896,41.93975190760391,33.648471295166075,32.41752563013221,21.114915896220857,36.175461802432764,43.78189323626576,48.40132352904999,59.807375575560435,72.56292018252007,59.64278348831615,78.75865274285971,91.53904767947662,90.44758875566964,75.3906867193893,66.70440388222246
2026-07-10,76.53779999997461,71.00736536637619,71.12187584863514,71.15514690773763,73.60977561788546,70.5087136893524,62.52192224151233,52.997045503025745,62.54617567544557,56.129242265778366,45.17878307744577,46.07192277582761,37.64270183539372,49.01785406369614,59.876123862592436,62.214284776958834,65.1431823092971,66.21661475930361,63.64486587226331,71.35470417010053,91.4645137563353,91.20055545134895,75.27868915154909,71.47720395910831
2026-07-11,70.00241482715975,73.140783020072,71.18110358279317,72.41955304710604,73.3071377722024,64.26989492747411,54.11963487396087,40.496793270490656,50.42707808850136,49.18609589345079,41.450520197246725,39.01109232735392,28.87509694857782,29.67132545825299,44.21913199767273,49.882820733112865,56.720219787285274,52.43113672231819,55.279041371549454,73.71856328608733,89.12808834108463,75.82330164671642,71.49746137968923,65.29271810060756
2026-07-12,69.79543453446976,68.71743991882676,63.68739442867995,55.38755627696414,48.72669416116085,40.166958533953874,34.522701261694735,20.921846254614703,25.48548415752778,13.148652404230894,4.298488894906453,4.28919342516336,5.447980655200091,5.0159112870945375,9.805001868103702,10.379615601156383,20.150791159471122,35.503050532977156,54.20816245915127,62.06273653629284,86.07412236567667,86.48029771294041,62.889548636828884,64.47900036836957
2026-07-13,73.213389609965,74.37776748989172,72.65806764420662,66.03212733709809,65.32601922680857,46.029347574326316,36.26314125269248,28.51928858708662,23.778246274710117,25.049431670076896,23.97748759346367,23.758813145851096,22.734092920696366,23.989607947838135,25.925560848886292,33.30470646432471,36.3454806697565,54.580852107553014,60.587267056663826,69.60803384160205,88.64703226974717,89.35183449068703,69.84111107474561,69.57626137381713
2026-07-14,64.22282812596116,65.79594837748789,62.992928186416634,66.15223673812723,65.36257985011702,58.012968040017284,38.65869373973728,27.008666342100753,47.2968482263933,37.93101906374076,31.46683635191947,28.545787223903208,23.351421388200333,30.363006040785347,39.44445630989499,41.425211913796026,52.8657380003877,66.08331034370019,58.444320146805886,72.46293473399548,89.97724618688059,90.46882906504393,74.26691065522009,68.63870132971682
2026-07-15,60.09810398616542,60.547864619322006,58.566095347035976,59.883632514237284,58.938460585856284,55.62469695918998,44.05719967410457,26.272399783179292,42.885504905197436,35.82384230410878,27.010491450540187,27.550198100337617,14.54467770564261,28.081697188577394,30.534958241514417,38.08208280301853,46.081670711185225,56.753544361102776,62.376477105176846,69.3746591274791,83.12541771560909,84.17788030464784,71.98869362307367,62.97030040001664
2026-07-16,64.13893370419117,63.65195421949353,58.57285368868779,59.812138071200785,62.48002941312461,48.62882910708253,41.046791396315705,22.767228705354846,41.27415077560109,32.60577272501283,17.898239813788877,23.360772916226352,12.177312904295905,24.785488417928303,42.178371327760445,41.516204121955234,44.55034343703175,54.589606948585235,61.53751241689909,76.12123517363072,82.49768126553501,82.42458458731572,74.77301017662857,64.8984207875747
2026-07-17,72.59055472196776,75.22130658720454,71.68379151846175,70.73831869335847,71.6837227123568,67.07575741298956,51.36614570641154,32.835296526819356,46.43882883216302,43.56733065425812,31.01632011955353,30.471494637383945,19.59570117514249,32.99934149520182,44.5623061863848,48.39731774606464,59.56123912179019,70.38265046857138,65.10543024687944,82.96743599027893,93.74795122696457,93.8250025492365,76.68617397070784,67.73608911356693
2026-07-18,74.60028682408063,71.16889251970176,68.44256749374198,69.2631902980291,72.39181189798907,62.096346782437564,42.67713260231396,26.69523795537017,41.957245003721,31.440333822041353,28.39284053359803,23.477302175779485,16.20665201310429,25.355175015171827,36.16534537805352,32.84267934295674,39.42644977650109,61.095565558682324,62.32697299813236,79.46688980456514,94.58175403476557,93.15889205686625,77.53454035697517,68.80059921738372
2026-07-19,76.57801341819457,72.88952924291593,71.12347630441978,70.15876225748964,68.8929413086363,62.8797360710499,44.16675183456925,22.686718613292836,21.05282664083768,11.569755908394072,6.655247579084988,5.208606103254089,6.022893793767248,6.556082351770352,7.6698206093042,12.193233797988713,23.35457415057794,47.878594323073294,63.15445388895437,76.66568235681574,93.24324886428211,93.08833394596904,81.12657707928155,76.31099486915683
2026-07-20,77.41808836732793,72.10203169354469,69.2623453734263,72.39813300191739,73.53719782564198,69.73515620572172,61.793005017613126,42.855526336331174,31.313396338543434,36.986165458458295,30.0442950284848,28.83021369423583,26.41663168278419,42.79770070392748,54.17915488452694,41.06568675257099,62.63362279558333,67.85382897615878,62.32173127085876,77.99830728844029,94.1147174899313,94.0189183526353,77.84001278468374,73.67112886734567
2026-07-21,81.73324812017033,76.74526475857337,71.44447958295224,71.54076933795349,74.75878050342126,73.82114164790192,56.941500497096776,46.793269352651315,65.21361273465571,68.87772741480808,50.595917049379594,51.61560893396222,38.47839789723312,52.058688202628076,61.41386802341849,58.452610317957216,66.55672258293374,67.94951515653113,65.68751189001992,82.44677598996643,90.60847359782032,90.61590016869984,78.31478915686594,71.61902180283232
2026-07-22,73.44193386162891,71.37299458809676,68.99694813367326,73.49590140457438,71.94379096985676,55.07544327905091,41.20061647207705,22.37572600028519,47.29395903755803,36.38082638872291,26.903225914001254,27.26574553085327,15.361981132475526,26.55045782728321,42.17401378105094,45.48930511414278,58.08588964415187,71.95173151752252,74.5502477316424,88.95396641625199,93.28629114411129,92.13807951904235,81.01112385234433,76.53429126817555
2026-07-23,79.05698995181962,77.00209957739038,74.52975434496058,71.20430756670919,73.61390328198115,74.8579477812528,72.91103192524017,51.97165101818974,65.39590242483735,67.65091574890525,59.727796311192016,52.76984314513803,45.50695288486491,59.12048350181036,61.93161013259092,62.06371303293861,63.07559778326395,78.48165920253071,75.18358401495394,91.99880914945743,92.99700630680843,92.99739284351763,82.4052557440783,75.93536218464966
2026-07-24,81.44874684304767,70.77805030938215,66.84903164327653,69.68662536561538,71.02681915137433,69.93743420124878,64.19717004061795,46.56434229333961,66.90982228638741,64.71851664992765,56.28209569620866,43.239515988340436,34.702051197998976,44.350525606348874,55.752156468055595,59.82259615507838,68.97561203688367,79.10795254389451,76.95449746479929,83.40183499156943,92.93503144564693,92.65747533649206,81.58523281370664,76.49699222798864
2026-07-25,73.64588243949704,74.7760001091804,74.19439942866342,71.18406546986574,72.27644607010839,70.31017049240297,60.48903612581491,42.759557710183124,51.48955446794086,43.66414112364319,36.49835843405904,35.974985884313995,33.04943675270877,34.07435557209903,36.41864260667175,35.87440164828357,34.31157593301248,63.259973745562235,69.90551113285112,79.97437417710933,90.71758963980741,83.22587780096197,73.22646993485003,66.05720295830713
2026-07-26,73.21653536750746,72.3299428483636,69.96275865510178,70.66948549229838,70.88944619807522,68.5186579596845,56.685752822878065,32.01144926619915,29.589457922730766,31.829308409595274,34.213515797976164,31.737701304308008,29.480909085548024,37.89946590548817,29.73967855780259,28.290501687218306,40.223020010368785,64.069931977349,70.22802210493336,80.73800534461972,83.3957119348505,82.12723908089384,77.25383123836022,76.08031143282507
2026-07-27,77.52717494760371,79.09792428201223,72.67582618560961,71.18257220414684,70.95941854347045,67.3932629666162,58.34153501669016,52.8736354628199,55.93153457589458,46.029622084374765,43.76120810836891,44.42650075087188,39.955042800392974,47.315615715168384,55.68192532856196,67.5598722338977,57.12890268258995,78.34243816915053,76.43190504996251,91.62242578091683,86.66695484029962,83.82182877088863,80.49800321826025,76.85067392406118
2026-07-28,77.50258508972307,75.40558564420283,67.49846659049818,65.23398516766247,62.32830984110862,65.14230991727281,56.011537643630135,38.32153660661796,56.8563853534203,53.8587698969238,41.5518516954364,39.83244088640867,24.159956960711856,35.09059917229499,51.62088002767567,44.63854775491933,58.14964111148072,67.65546608064894,67.67404557662913,89.9520678608314,92.78078631699252,91.14364836395387,78.31399021772525,76.35419944064229
2026-07-29,68.44383432293064,67.99767270568745,65.62102064474058,68.33369628268971,69.09072476468552,69.6287078337147,61.23114317678814,45.18343937243226,50.10969958860245,38.945551013678234,24.39161379713529,22.869560679421955,20.636407766583414,25.268687085126196,29.64598687911772,35.90952384775264,43.000672122136145,64.68393852095305,66.2189749395345,82.41526423109141,89.02158764759082,89.02659119797228,69.17440395184632,65.59490314173128
2026-07-30,51.18938725944943,37.90046953670819,35.78154338660262,45.11765205533964,45.14400828718371,43.80742434293656,36.70472579810582,33.049556057035495,33.35359721954283,28.48929194030762,22.373113183039525,19.50286641846095,16.873756418276532,18.591987234380824,35.895703095382075,27.293187250506886,41.64473671649996,56.6093444180542,56.15032769552458,66.62306139586,78.85005221498182,75.1924098135978,62.47296317362216,57.95736462382823
2026-07-31,52.254730334158786,50.92398317186705,45.447054680103484,45.21686354239413,41.09919384171232,42.95502262872336,40.04487490739752,29.30561788819845,38.63746714930951,32.1003993948172,30.62779436648829,29.48180094400777,16.6534542629463,23.272717658063478,26.061240252616024,34.20300253773199,33.18777402209919,47.57503424139591,49.12431764210677,78.20877911322565,87.36322436764192,80.24667422937425,61.35486170931936,57.06896208183221
2026-08-01,53.642819130613006,45.00022788064872,38.66084269721848,37.92296462598555,38.5810360520757,39.13155513127799,37.19494083782011,24.999214888690062,36.990329420007015,30.76785454433898,29.598899370834378,29.955602181325744,13.823284573367328,17.370076041145264,25.67333261185255,23.799919493302365,26.229142808352968,42.72827150910557,53.51567296651196,70.8361036617966,80.50056708920333,76.26817440558344,64.26161246161833,56.48713120781603
2026-08-02,67.96486293812876,64.63226672409698,64.0657728254134,57.119152119988435,57.262396516830286,58.89958765108864,51.2578622092828,33.0423173074484,24.647884696904104,13.29250220357539,9.639877671465673,12.13738304757401,8.6695556601444,21.866881337145138,26.990319842041508,24.030319588433983,23.0648811211522,41.3403087713059,60.56069000588891,81.42982858541346,89.17969705012986,86.7146478955384,76.88477951104691,73.97566205404235
2026-08-03,74.0145979121749,70.3378845904985,67.5665921089823,69.23075299081358,70.97815308608872,70.44404826035839,61.89541572585961,31.5060978815608,41.6886715680507,37.993197798837656,35.469644665553126,32.208758648070415,23.48100942565471,34.3651698552353,43.54744232369243,41.43314787699519,60.10312121062151,54.52113466065889,63.12017907048312,82.03881345155317,84.98256596837152,85.3218834815333,80.6576320631701,76.77690780827032
2026-08-04,67.54818057495335,64.27304548456,60.98744858110811,65.95747001387448,65.96736142306905,65.14144133002853,58.17228120304927,45.78753906096422,56.841429752076046,56.50261141796248,45.079123833285664,50.57620832201958,38.194438267893275,42.75017861625801,51.065869030294444,53.9190914254368,60.517061591642616,67.31078834105303,71.42203576751456,84.96935069776984,88.1707080632045,87.77192692114889,69.01028544064283,65.01203904315668
2026-08-05,72.86179227375726,71.0696318334122,69.53074422945544,67.95294494119081,65.24597964449862,63.70877937453467,57.687302309471356,52.21509077486499,64.46320651101342,61.965734111726334,43.50100523382455,36.893283177742255,33.59594211424322,36.702385300397125,36.8753314948858,42.170507326961236,52.22025865997199,66.73180314487928,72.29280621983814,90.5359252818973,91.49749622959115,90.86129118039294,78.08228396876582,72.73605311387024
2026-08-06,72.8972099693768,69.93925630883031,70.91763650141672,70.40771902654531,71.26081065430965,72.41838014862643,68.22665978902253,54.84144327616208,68.8805406909769,65.28000632041169,44.710559982546734,44.91508836041309,35.35626363237021,46.443452924116066,47.79387183748088,56.39972721106347,68.66210738768103,75.71473715939422,73.31573569852534,87.93842380922678,90.81813033358952,89.53236998671521,78.0716841010869,73.7740476276889
2026-08-07,75.62489711957608,71.78433662501715,67.54160335411103,70.80084288697866,71.17436885704332,70.94348312394528,66.57200012673077,56.02750271696749,72.84512678813964,70.1252329520029,57.13272671542579,59.48567606872153,35.848322486689455,52.48408610459685,60.93304263240928,68.91296199956844,68.99353993531976,76.64478921798518,74.71413164067985,89.80384281671614,92.3726908661495,91.72542351312559,80.68017237839474,75.62583184075571
2026-08-08,76.50387734189556,73.70746017013526,71.16204677768543,70.7979685057098,71.23322899801856,71.65027668936463,65.14588894070579,40.978244679993296,46.21805060104971,43.53703486049088,38.90825686556748,38.281992716504206,24.808351459589762,38.66764898183292,46.13044954221687,46.22958937624526,49.64944330698416,69.38672108382357,72.21213516741697,87.99121442728084,92.30423755505116,88.92880718275643,78.88245843596339,73.41648872958078
2026-08-09,74.37120416989225,71.56005707812838,67.35182801217024,67.90160308889935,61.868416506929606,55.543573688842685,51.098265740897304,33.59791968580268,26.475698293046953,13.322489138440906,8.829153071020006,18.670170939362162,7.385516897317645,23.683072881040772,26.764571097390384,29.451884419887456,30.80809781590432,35.91040104961181,52.592469147155406,69.64726846897804,82.30115238346889,76.24381662029012,71.30336027295276,67.37318998422877
2026-08-10,71.30821146289608,64.32979340846633,59.33283699154675,51.24354321905931,50.564489156957485,50.282756884763046,49.102501131189236,38.7765519545025,42.819231977990796,43.65962444162136,32.9704618741954,28.822347144674335,24.105033733743387,27.988814131105897,30.837888349391942,37.450272410927624,38.160980296522645,59.804888680439895,74.29645680978979,90.00840745116086,90.77223499714827,89.59761812955661,77.89408564414147,72.98161924773815
2026-08-11,68.66291365805635,59.98048153918012,47.17922875321148,43.887093237065216,44.389892463233025,44.23056595065493,47.002602202962855,39.232927548328504,44.75653630260409,43.415411690935365,41.54978608113175,46.4912296796185,36.56453437351869,44.47042940737962,52.6083868409817,52.26628748538835,66.96060612777248,75.7654140499608,74.26402429557427,84.94985248378771,91.09373507205419,85.71455931856009,79.03781590197059,75.71501568901982
2026-08-12,71.79117654640471,67.96627382530752,65.64043661717719,64.32233623941104,64.10166615657663,64.94223275230578,61.851359162851814,56.64364945619503,71.03928867482561,66.2927755942067,57.47696981349208,55.403711005490116,42.74151529260867,56.75729466763914,57.74047430472321,61.939010361874665,65.35575034738194,78.21603437754743,75.68177448388595,85.25624124913057,91.46356041037546,85.30078045184366,72.18170332697693,72.73988130706239
2026-08-13,73.75388951369884,67.68523021968721,65.98754591899956,67.96295237084395,65.95066150513894,64.76678283668807,60.78551224095748,49.54768765817842,64.50806249079943,55.142970514333356,44.403797276757665,50.1985129997189,33.64907490866815,48.092970660992286,44.9361000689734,46.56953195388742,60.25330146639879,75.12517945626287,68.12282594608095,82.08948901612253,85.64598203978393,82.29119804646699,73.73836894919279,72.22894757512468
2026-08-14,63.27231978672821,56.166274561128084,51.99313897982809,48.66206768428563,45.88150073736717,46.3085268591606,44.71266016644805,37.934603542000126,47.02691616708446,40.33765428528654,39.84957260686587,37.83917234257895,26.31012844499683,39.45106813365877,43.63067900412924,44.84223788172751,48.557857098879076,61.03102681813545,64.19337232673784,80.60677447394424,82.23392396411526,80.55313340970453,66.43821166277611,57.585868228363815
2026-08-15,67.82241337618822,57.543318883365224,45.32673562436431,43.9314267866163,44.74935575442176,43.92215922414796,46.67880201336581,32.28203334486676,37.374717448673486,34.72852149517035,34.56363916881012,36.757372320795895,28.28159463174697,35.644356565462324,39.373887635154595,39.55390858758921,38.21857237793605,53.03782127390844,64.17776335941083,75.6271066064581,82.04527628659443,76.73535219650492,68.42404269987878,64.88440071434438
2026-08-16,65.00235727632548,62.10880004756228,48.970417727029975,49.64869794428368,49.27004662977702,50.419059774695036,46.896790610198806,30.341124171632984,19.45747911300665,13.168139334602385,11.730322639506895,12.27574277685076,11.423806586024037,17.00454004668452,22.729031143695973,21.626522962457404,34.22843047984909,48.76190031372528,63.54531467569247,76.95028169005474,80.52971679965258,78.1853769553938,69.41366190271782,66.95641020004375
2026-08-17,72.2837867377058,69.87314260996027,67.14297853350439,66.72104733096539,71.35565468348493,72.28108308545794,65.97851133903387,61.38270236340774,58.73280715732677,58.59772088597076,50.182801137770326,55.502198323391134,46.80140250627458,55.40918415601516,66.40942870571244,57.750146997936845,63.485293862855,75.57272111895293,74.43407601015872,80.06841299293633,82.98530386474476,82.21577875680683,75.01636071965905,74.61291007955593
2026-08-18,75.05241441142906,72.45962368181574,69.2732852304363,65.4691581628596,65.17248378316125,67.0517371926994,63.684262442672335,59.31846654165039,66.88981431260346,62.40198777224152,56.41064133049425,54.84119295696451,49.10525581531821,55.69247869216423,61.786514986890445,66.13845234615327,69.54846015619985,75.12253283709401,75.04178745203882,89.52426921017495,92.32932523799805,89.56932410272665,79.19652949658762,74.47045769450702
2026-08-19,78.4487248948434,73.05410837148278,72.6950005257367,70.45657142388066,70.5092300912439,70.72721721643711,67.25458864151292,62.848935124354206,72.17444051892848,65.62560071766829,53.97607364199057,52.390660694597045,38.75331363181286,51.71420356427057,63.82896356247013,64.8469371518924,70.37502909406439,75.5654587451344,74.5342333260175,89.47532825502778,91.48836137071329,88.71924017748093,67.17027649572563,67.45284712561228
2026-08-20,73.89216489107716,72.05616700347629,64.2311849467135,64.9122057172544,65.37457604920364,68.08042795790975,68.66126433993577,56.31236298117449,67.04623819668339,60.6419959877586,40.27091397057468,41.07729561105139,32.8456580190351,47.01182814200461,58.86678114948677,49.18183481752123,63.758259800380614,76.6711163085506,72.59992227213162,87.66953069012833,86.73951047432284,82.02209823340745,69.1898239798854,65.04354892501651
2026-08-21,70.71112793028084,70.04255534752814,64.96911789538144,64.30865680184714,62.67486998162872,62.97146810784478,61.729360235645984,55.69992662580797,60.160630180353735,57.46631060290785,45.5616142643662,42.740915446423784,31.413519391776582,46.85312207306418,52.03197376099888,63.16011131311372,67.76486610639,74.68266016994022,73.4560067884242,87.63754584241026,89.69980921449044,82.26711601797604,71.8548456980251,71.22336016262683
2026-08-22,74.30112395927496,71.20732167048857,67.37235830990736,65.42187444331309,66.00956626053076,70.18322708536886,68.78810223389861,52.18363174216069,48.49023376600489,41.107412903150234,40.43781764048519,41.312190520822234,20.962974995441375,30.386737102827105,45.48160653763738,50.063523125278394,65.31187525517643,73.34256277183289,74.46601739185792,86.89164574346637,88.7350621437233,85.40320744310593,72.44558078709198,72.54835473260076
2026-08-23,75.82686864169519,73.67013029308086,70.88040414513334,72.69629496433873,67.70076564413115,71.67602916092956,68.93564664847575,50.633374156318034,37.89701742944907,32.044002278642026,26.707415837697603,32.311317683715274,26.782241810895535,29.685770823070552,31.68050131887563,35.88028310348939,39.468654848832024,52.49730181443328,68.87158828689584,81.6445292657298,86.4428210607932,80.72107868944728,72.67593457495447,68.60640894472367
2026-08-24,67.91426757941775,64.84418188944045,62.71959686769785,63.19036452519645,64.15877056326212,64.47669020049051,63.411118845027346,44.956961865465296,49.226138310267906,45.21797887269977,34.510759691198416,34.71251999283723,29.52449267231032,33.89750851824363,34.48605400445763,37.87266967147238,45.451101105061696,66.44857875730823,68.56421970517206,83.12785860700089,84.9340145238827,82.56415815165397,73.48294806828692,65.67559674417402
2026-08-25,65.1502543499943,59.763798539158785,54.90154571366547,48.81150340017588,50.67807794877231,61.629438441741186,51.61921591109352,45.02753242351737,52.62601881269748,47.7381370441368,44.3378015506729,44.96148635082885,35.79241067292862,45.67037624778834,53.674200396771106,56.80903789081577,68.65539455632293,76.82506083982103,75.43587381106718,85.73155219438198,87.47988189962207,83.4830957998015,69.7092428558574,70.00707474495309
2026-08-26,76.32385594255476,71.32275091618946,68.49419623862566,63.22533253570411,64.51109120058555,65.93653114738417,65.71451522134454,53.14586467543337,65.42592617320598,59.858997462336745,58.39195094902321,59.84441841994777,46.288472795339,60.97993749565297,64.88558867603784,66.52021914992865,70.27846120457048,75.6057432532402,70.02713385190758,86.90106556445728,89.40946964629173,83.40059109206753,74.20405192266348,72.61367073140278
2026-08-27,75.57268442443643,73.48018957607228,68.87687639210104,64.82730678228069,64.47298766066623,67.90146239699736,67.20055774291603,60.06059910127517,69.03478913737895,65.7098103431889,59.217390089618966,50.503290276506846,40.13164137204032,48.90417913827646,60.78437547177024,64.90064943126698,70.32718148199693,82.75302488612516,81.04762659462303,88.8632713156955,89.08307317070185,87.58502743591951,74.24209621794176,73.67257673010666
