,h00,h01,h02,h03,h04,h05,h06,h07,h08,h09,h10,h11,h12,h13,h14,h15,h16,h17,h18,h19,h20,h21,h22,h23
2024-08-01,84.46630927344536,83.9277278882418,79.35926187276017,75.68614165493261,75.43516016077871,70.28203880341752,64.84881636123251,59.63415809985694,83.35677317930922,82.96614754458069,71.61018358772928,69.52829854878551,67.6792705038928,71.86737045321573,79.00625570167026,87.90917510895669,86.39760369182517,90.33521447556615,90.52847486263991,91.30178733560655,91.44430265593301,91.04912074616732,89.96229485467543,85.56049493897902
2024-08-02,85.67816237772924,84.08294189233631,74.14817740390247,74.7876163568392,73.0854614340718,70.88513172985257,68.69097078871806,66.03031513716854,83.65396499086354,88.63234001850059,78.19619846080232,73.74644716231587,71.26834275974367,74.91364149191112,88.25123684757529,88.28611246361864,88.99176615363547,89.29883960587692,90.19556800589311,90.47993424165044,91.10486492573723,90.22594373785434,89.4112415632921,87.87969990656539
2024-08-03,89.60606069797892,87.02052651887831,83.58214752307231,79.2740359035699,77.62341191342313,73.73498800719076,73.47573461202553,63.38555178837241,85.4007319130611,87.6091501696066,74.24685436682284,72.35004785069582,62.070310244855904,68.48212555402542,74.20660908026204,77.03732389534585,77.74188694289728,81.45551205861517,88.63822317451172,90.7935974228085,91.06096173825493,90.88607888220328,90.50967791538247,87.10628004571451
2024-08-04,90.67986850378786,87.42940645408083,86.32470087457627,81.44864626887079,80.61901914142621,80.56818737837236,75.07171058454105,60.32875125568372,68.33786491824117,69.51126926158175,54.4076157258021,52.52072326672311,46.85908325226893,56.79241095464444,56.915147199339316,55.91633542987347,53.772324016715764,79.02887038040049,89.34761339953067,90.50052694118725,90.43751676796808,89.95856054242152,85.8191185283965,87.22777222464339
2024-08-05,90.68205098569726,86.34843105917875,83.85166120593598,83.1112551500689,82.29121247298045,80.85626472718336,77.25052131768027,74.36276241320257,83.69457102672013,81.15954101218173,79.73383066077818,79.06772750767169,68.78564746862065,75.62939303774532,77.6007088481808,76.56340432197769,76.8509316222248,88.18061626426993,90.8866262557311,91.27366949945215,91.02707567350127,91.30852148671352,91.33995831914608,87.89090572920388
2024-08-06,86.13339470304025,85.18888032334274,78.49505875190177,79.35321597155702,78.34154208076444,76.33733738582877,73.03632919486688,70.16504377621996,83.93719751070782,85.14156665648972,81.12299928298663,77.51024899028911,70.36851309916271,75.5452064078924,76.8917901655357,86.88110230583342,87.15667902687764,89.23461841331684,91.12955213455248,91.09548091280485,90.98384462031713,91.11160627877116,89.1376238991246,85.9224607275878
2024-08-07,87.00168097640862,86.14056761993851,82.1324840332935,75.86813876518067,72.79062291747192,73.22110160191117,63.64250192503201,63.66712795338108,85.842731658289,85.33777996025597,72.58350825590828,70.89654218727384,59.49038306986522,69.67520578554775,80.78495664477023,90.96441755161558,88.25528473799271,90.94173672427497,90.96310986741452,90.7813725601502,90.50496585628862,90.3785797178454,90.56079128016212,87.79225376938355
2024-08-08,87.57966762135949,85.19093707120919,80.40214385113667,73.5620355861658,70.66470074888643,69.98607412545782,59.86395525290274,60.46077604301385,82.53024938882096,82.04838695819394,74.94622520951441,73.02087765641386,60.920493431711655,74.44675220392506,85.31091179927557,84.95248514462882,78.9712241102869,81.77131128886887,85.88229802582593,86.35420158741738,87.29312220176232,86.82195147131216,84.30794475309722,83.86717374293072
2024-08-09,86.07892688375618,85.39923788769387,79.25879795994331,75.33912214856642,72.19282721484842,67.19621629611501,57.542719511288,57.799711260623745,85.11894192657067,85.35090484170723,79.81581446906465,75.76031400025833,61.1369815223062,73.65672958737908,85.10532473812736,84.61942642313008,84.81100983146798,88.1273194316546,88.62427406435673,89.01990753338643,89.10238202234578,89.17034583132721,86.86249669007847,86.3440231281736
2024-08-10,86.52059529750262,86.48262575020964,81.4131736862488,75.70220330430938,75.00331500551493,73.52900404973458,67.50968179373595,57.3315340262778,80.85650260506692,75.4360660645717,67.94428957974233,62.255808814521494,51.966821560201055,58.127461005531224,67.22989661257795,67.88972829654327,66.77634220116681,83.38321771504899,86.36176022350955,86.34425300543705,88.88267444185828,86.10627281604714,85.7008195145232,79.82657281265593
2024-08-11,82.23779885008148,79.88827152565933,75.73147390134491,72.2146667159998,71.80154376266766,73.10265469376917,66.98308536881295,54.429745980861455,57.28745997914432,42.09719778774145,42.18317271438246,41.18975364730878,30.72647828896264,44.36260396261387,61.25877150757071,66.20086651798037,68.56480362233485,77.73759966042545,82.88486098549095,85.49284989882013,85.35960422444955,84.81932006803432,82.70330265193184,74.23158657729067
2024-08-12,78.86798089542647,72.70719590661976,67.4194934942668,70.68548195836918,69.71114200079488,68.44674948870713,55.333846781331815,56.13000491558612,71.85074797845544,77.40221171928538,73.69463339053644,71.49040002017375,58.11193182148785,70.64524304865384,76.20884224521342,78.90653499622847,80.31872893712077,81.86954885587612,85.80820796281488,88.13821317536775,90.05224464662055,90.1546881992876,86.27808695834958,81.60482880646778
2024-08-13,80.94627866849021,78.18483420058014,74.28451052022673,72.32538164785615,72.57367233021733,71.85350969692854,60.57283915195864,59.833549539371674,83.85099953373187,82.5394939794176,77.29077893053233,74.39455246134942,64.21054672398051,74.23039424124507,83.04605655605874,87.31162810573294,86.32828090836838,87.54129258753055,88.42459730510205,88.7371236362181,89.7003988784069,88.06370705002549,86.87029444190217,82.48915952965629
2024-08-14,83.58645281963274,81.19538513414065,76.26159182628909,73.66389191060648,73.8838304755257,69.30969321550131,66.0315821154976,62.531196397331,84.3698167706687,84.4975968021927,77.14606528282113,76.05855095644904,64.95180893175775,72.89576299091875,85.48379751986766,82.57896711413572,83.00704315424002,88.7325451423136,89.6301097925449,89.95401628314013,89.8616204696951,89.71782555587431,85.39378162575694,84.67504878775519
2024-08-15,86.58979815032856,84.18744444402799,79.9066409965162,73.20702094433368,70.672033999186,69.30819744219133,62.2431136599471,61.13580727143536,85.63703829181036,86.14796928975059,82.35477868089974,80.51568783524691,59.44922449249815,68.12110102481874,83.09539692232505,82.41184520235741,84.49376825742932,86.95677041521174,90.0895457776109,89.68425965214634,89.91529073633566,89.91913823619196,87.20528620842254,84.627425199468
2024-08-16,84.12008071941034,83.33044598805657,72.8321846003896,70.80249348485951,69.87569501937904,69.84107761299263,61.03827069600401,57.56300908910895,82.0494611066663,81.78790680500393,69.93920727030252,65.95467086570119,51.030531842202016,55.75290889011424,76.37051805048235,81.35657431768689,83.9306268264201,86.06995441191177,86.83304777159783,89.21423792319744,89.01827045536413,86.66785193166606,86.6430039375287,83.50179051214216
2024-08-17,84.97393039920857,81.93847214198941,74.24956926728619,73.14025735892234,70.92555277141977,70.00556746779067,65.3072569893271,59.096844646493246,72.70344900216038,62.25054646512704,58.12530809272192,51.867208579540325,40.663116510330006,42.37654252075421,52.021540046647196,59.61636719591716,64.53358672991229,77.00428297683429,85.90418413928825,89.39943590159878,89.58430330736972,86.964840007945,83.34305139472534,75.73414536108476
2024-08-18,78.66968129502828,72.61010413741421,68.0354679930197,71.62073839236653,71.84650602006977,73.54818219446926,68.79455226950188,49.99325771481205,70.55212289469341,57.21350831321152,53.565717159853875,45.68232217733811,38.67020616931614,49.96586746482193,54.59076153642449,56.69911381289886,57.437730413632,76.18800739657998,87.37587146960348,90.54523039708388,90.68052535495356,90.67311546075672,87.58466035213101,80.4453268082203
2024-08-19,83.52888833132336,77.9441916505298,74.48729129296566,76.42673993240732,76.10055465836871,72.41685111777197,76.3908572982533,71.31930802764396,85.50204947566883,83.82010509037386,76.53110554941077,76.4713764022856,68.70912950709038,76.21657133599956,84.8079563093529,88.03237425356104,86.39014733133523,85.65963277197228,91.24042235376882,90.98232622562422,90.63252856867271,90.5619411281097,90.53015847070742,86.63715255846661
2024-08-20,86.38374170037612,84.21285793089473,80.19063403302442,72.80944806488696,74.6688574798807,73.21870792675543,69.52346361965112,66.11615975614113,83.01875870803788,85.73001823136329,85.06356120454818,84.1546920558361,68.99792715655259,79.00778844014636,85.2929101980076,86.50901139207926,85.99215348923484,89.14461262247266,88.69292656455644,89.24788070384571,89.04376989131613,88.88544940614408,88.77383217465723,85.69486725070529
2024-08-21,88.98181909451745,87.37197633793986,83.86436519307752,79.38263317776118,78.35406769382116,76.3239689581471,67.09575451520304,65.0161293640713,85.15100462160933,85.71922724383626,84.14711939729973,79.5234530767461,67.3975117248783,76.67286666131704,85.60007334843743,87.52758498704192,90.25821567658637,89.0872663725158,89.2593942113046,89.88358765133668,89.33054912006332,90.16633265954114,89.67040084220514,87.66572960712793
2024-08-22,87.77946598897235,87.44677106444017,83.90284172385643,80.69935059240316,79.50108373861981,78.0269669426541,67.09996730677138,63.914431065814846,86.6506046779207,87.01682252929325,79.86184698650412,76.4374464172241,73.23525012580474,73.54382326506814,85.53705742521961,85.53352983133533,86.26138994400657,88.47328803178576,88.60718041055227,89.07812813104111,88.82705310742001,88.68650204686463,86.97919358945214,85.49268347458543
2024-08-23,86.02102386876103,84.08238884706064,77.20507482180162,71.98230555831802,71.57123320392392,70.2978395854713,63.243472524609864,61.466595771842286,79.58174695296486,83.96780455483125,72.30554786394622,70.3209297257873,53.35239911679037,59.3439633458866,69.1102904001335,72.18747748173784,77.31549346580502,84.57364498004019,88.16376760348432,88.28524575863328,88.33913265078723,88.12874438985799,85.61399016411322,79.49683646056653
2024-08-24,86.15767214342142,79.90089494549495,74.88549385969847,68.53117131629207,69.17356033489929,70.35320033487504,69.728733023414,60.572220630677855,72.91862097323593,74.31664099794637,71.31381794400858,66.56801115494231,50.09095751335012,58.9752310256325,66.63552598009584,70.37361136395046,76.49544307746139,82.6474186479592,86.4476380913207,87.03376997170346,87.11615666836127,85.61504866314384,84.6808364709646,71.44942864427057
2024-08-25,79.945681947909,78.00772508379119,74.64456397068795,71.0466970845703,70.17141272910453,63.77936278066937,61.15335331908479,48.636133181751966,66.5853676090138,62.86451941657076,51.57666231514841,46.202765192703026,41.23952362373725,50.739686342193885,58.730377890970686,67.02091634117869,62.74020674863419,71.58042363320367,83.83047975366492,86.56623725273502,87.05256673142623,86.52991558674961,80.02709363947915,76.96054768168383
2024-08-26,81.4170197767744,73.79406157941615,70.95278585311144,71.06366794564264,71.08905593908489,68.41975176791796,61.95409504250577,61.21752804382122,78.59710418971342,81.02810496093332,80.1935672813593,78.81956118562886,64.81681484905573,76.57786612168852,82.05483604698661,81.62648613845552,83.32748418542552,86.6079289038849,86.37067989985255,88.63922023279268,88.36159091031158,87.63399428222789,83.23995820106471,81.86247341085286
2024-08-27,85.14241890783177,78.4984034260583,75.26914786873158,74.26252897565784,73.29628309236298,74.10793438069737,63.95454380681413,62.515108044110924,78.18702549534014,79.59105443510356,77.78861140649927,76.10527491875538,64.1887290494129,74.28589567373105,86.48529862584972,86.36926747647233,85.18138260392314,86.24572423601671,87.34260828629759,87.07387255098847,86.5357235247974,85.30641056529173,84.72212522545634,77.65567488182812
2024-08-28,85.46447604551719,84.77357766522762,80.19356224720946,75.07184276617512,72.49660285602683,73.86040796719173,65.28115378187445,63.12878165337173,82.03805095744734,82.95025442235305,76.69647093658908,76.06544654551074,74.20720073313355,76.43420981656627,83.70883385522176,84.80413966260458,85.00551218376295,87.89899688155931,88.0205585702976,88.12187177402814,88.16129553581276,88.00245964481086,87.22718800408543,83.3990203095735
2024-08-29,84.35354797723245,81.1669500249733,73.86442525911883,67.9358925072584,68.47011217779799,67.32952048904197,62.749221080369644,61.06874005531012,77.54870369655906,82.91723196953787,79.21647208875709,77.52592558072584,63.08078496964536,75.44085976102531,84.47867736195474,85.30507077207157,86.82345793907865,87.97290475460296,88.13919466832678,88.09689069350226,88.04904728193156,87.93776807449694,87.6712775414766,82.05803652252074
2024-08-30,83.20686449155075,79.90982076575636,74.43406916779111,66.90869981517882,62.97337860235739,64.94327707641966,57.05072872474506,55.5285066535147,72.89512352463643,69.49608171485217,65.07683238796957,63.37907360765235,53.35492856022292,64.51585563272715,80.95966055917044,82.64188670278719,81.84512385605206,84.06593162401808,86.13215612584216,87.11373396957761,86.82210937269352,85.79546666942042,83.17467655791941,74.02863438969447
2024-08-31,86.89152868213675,79.30538503022235,76.5637674098802,73.03891835684713,74.5318226350754,73.56154773626847,72.33228823211064,63.729968430122796,79.76820418475663,79.01960080238115,68.8497872445679,69.30553359945333,55.831853029855864,64.68999500934517,64.39926474351236,72.82786145764223,69.73519656546252,79.79590049894674,87.71757843448327,87.97257610605178,87.71003166001206,88.07868286501439,86.51686907876636,80.49304118337977
2024-09-01,78.73190956489536,75.2079992465037,73.1020309803551,70.0088398449608,70.57006393267875,72.02872766957167,71.04088168407374,64.54752560558398,56.848876330685606,50.102954836928724,44.572457169861835,40.7832498483398,38.573927350746246,51.8013617946081,63.19991096714401,67.58462967024145,73.0952645132998,82.67239950762186,87.32242176486213,88.16718328652338,88.1144604108987,84.69808625709398,77.9498003153838,73.0309653944904
2024-09-02,79.30514951735167,73.644545956737,72.70658662225604,72.52258006720947,68.79867724857608,73.32851023134904,74.70053845238125,66.6586129537939,75.2084619170419,78.51325879891539,76.2537048343283,77.60122369278628,66.58988211173816,78.3841201138233,82.92420791467809,83.76987631449951,84.12647899212875,86.57155596160842,87.89561458583302,88.7136456498066,88.51857000894267,86.3244216743253,86.24715206802598,82.36411833962924
2024-09-03,82.07151486338505,78.84943681103795,77.30823866890456,72.8425141863577,72.79696188622273,72.02638611044941,69.5404023826391,71.39323531240959,85.15772928495377,80.55532456286319,80.36527680302666,79.21760513865956,66.28457606987179,80.74096118920109,84.90129417906267,85.58694698884462,86.17198182084982,88.54138486695402,88.54189450689242,88.61054577220823,87.99369401456383,88.00415855266712,84.77616864592925,80.86543671725619
2024-09-04,85.90457984094259,83.17840053480462,77.74295432992409,69.71148199566373,69.59964957452344,71.82943540291515,66.68018676572098,64.39863605460683,77.0814085838111,79.80139515230327,79.02443786814912,74.92806955753029,61.03992397296163,74.74715645724042,81.16483472732878,84.82564992957096,85.97353639164818,86.98069102928459,86.94137349549837,87.09516897516032,86.97449286764018,84.7968407283495,79.92204433550823,76.52824722480149
2024-09-05,81.60188256470047,74.6254094222032,69.52151442029965,66.01512256100723,68.46202114607861,69.83856762285313,65.17487891809984,59.54694115232872,72.4212472695425,74.68708778675285,68.81936078040779,65.598267203968,57.81482347146054,69.39512605672682,72.85677984854468,78.37732715328174,77.47643061791881,84.36394772380717,84.48959065063191,85.40141541949365,86.3918473227519,83.3382529424331,75.17336593333714,71.59858137355654
2024-09-06,76.14899141067386,72.92615706750065,71.52662938671824,67.29599778714218,71.74510155446129,69.1040560788439,69.03522900495463,63.57118571259187,75.8645600271262,78.71096621002914,72.04032493955579,70.83748830853446,58.249460034181965,68.46940547322149,75.28625018019459,79.00219616457437,76.78205436462802,84.76805850018411,85.6178311010337,86.55875083953406,86.52259096245488,84.23085982160454,76.08382704206316,72.76483381545916
2024-09-07,76.76228964342019,75.04419786320591,72.49323150463434,67.33557647044626,67.40795508093994,71.08262383013336,67.05432036331476,59.20807207968665,77.51564171432773,73.52305891629734,72.56890808503483,68.38606978930846,54.31790509757128,65.91658718412418,75.38829004096812,79.61482754316648,77.183239443793,85.38178897608779,86.85770777045248,87.02445723944957,86.91079918183367,84.84159852640886,76.09370747973247,73.68046931543537
2024-09-08,80.23613522497484,78.29628087751284,71.92113250670853,70.52987504068018,71.22353139963882,72.4068842857191,67.68446758681831,56.43190913157311,53.56671904087958,55.124267611562416,39.067694930277845,37.03607830938212,28.684652701593528,38.29141950131946,58.85324411694851,59.79178486630284,66.82997530220975,75.32938195697008,85.48884947243005,87.29121873739918,87.3477556072933,84.45361388245726,78.39463916739267,72.91173869323144
2024-09-09,73.332332703711,68.5010192107255,63.775401987035046,63.567562165991475,62.761410457946354,61.60092843700798,60.44406162577302,60.86246893078179,71.65017589271926,73.96118256543423,75.24811860657648,73.36917999992403,62.94096963498795,73.67624320280437,76.95945531168984,78.23958891699998,80.82314170664925,81.88181302866239,82.09208320248545,81.27641117609957,83.51431312977915,82.3273397644525,81.00553644159996,79.13637909941563
2024-09-10,81.5694739445033,78.52753969916593,74.86828403958344,69.92222130471664,68.68991261775042,74.18769888569503,69.31783122760471,65.9819065274865,83.53278656650849,76.32696915531156,75.02716341755125,71.24783606198588,56.979471552107846,71.21331417477286,83.04607096811854,83.57615876030026,82.31430011796013,86.83187305825764,87.18094080312304,87.30030870212398,86.66210621633668,86.53928978215886,79.03679070763135,76.60348669642134
2024-09-11,79.12906788830949,77.65066816190951,71.03271254521694,67.09141563682138,67.68792759525945,70.2433171002846,70.12882531269415,62.0628736422939,74.80713753742226,76.31097567904622,70.54150482900148,71.86728728344578,58.189947826284545,67.75919086646215,76.76084126635368,78.35567129015706,80.59625888550278,87.35087635957892,87.51650008888679,87.91361700108841,87.93485664978638,86.73401321607581,79.41372520954991,77.40369760308904
2024-09-12,77.95139027691869,75.09861486424174,69.33672024086052,67.98748255058707,67.65275302068314,69.82717419894698,69.14961074143474,64.23346643058917,78.98112661055161,79.00842070682974,72.65663992220684,70.04891969713495,60.747178511303275,67.70931687918687,77.30357259538924,82.4671775189576,82.71622366292436,87.38677344548528,87.55451945930693,87.59663572397058,87.2954753815241,86.75961614451408,82.25142407235431,78.39562253885576
2024-09-13,78.42707922972171,75.07601415866264,70.82529450596465,67.14699742795138,67.23239020708066,70.71567352934913,67.79547123127924,66.77720508684138,78.75947072363459,77.84122297781082,73.64103332850186,70.16805135133404,52.47436515408352,61.19894569454926,72.82524137018937,78.39908958037324,80.55637090915059,87.04912268343317,87.45982622005708,87.80094661770904,87.70938704406719,87.13019476318854,76.99572962076972,76.01023414241456
2024-09-14,79.79040452914495,77.03611359646513,71.54729504452045,69.83461937742625,69.47951722725189,70.79694340832071,66.59505176343205,63.385763664359715,72.4370649001071,71.69154205128207,62.0571337429018,57.735153477576674,41.45979736352561,49.63073497433707,64.61287673856037,66.58705700251375,70.92445516951041,82.65529603031807,87.75575478548753,87.98939640446741,87.81017827643207,87.53486285677918,77.28308269395839,74.1761832509737
2024-09-15,78.02760762397374,77.07646860756883,75.43670353765592,75.76825325118793,74.42151885961177,73.20295112995154,70.79416608479855,56.09519713944548,44.959162154532514,33.15297687767638,31.56542375956487,29.828927207714713,28.07115784237244,33.31552390323387,41.270503250038864,47.651808655232664,59.85020007413509,77.57100101224606,78.22462636373886,80.60030522565879,88.01210424369543,79.37991538485085,78.42806371661574,77.3839908922056
2024-09-16,80.92452956541784,74.53663625256104,69.9784628297093,68.99404588156038,68.29332125353126,72.81594544509692,73.38337454485608,66.44743962463038,77.22067138638134,76.67677488064946,69.79141485651951,71.8955456759628,61.273942339025744,71.14710199827572,80.61968231889728,82.8665171365142,85.17575351238787,85.4234261312054,86.28150037720454,89.17326162715094,89.11374226464997,86.96172141026508,83.45548802536261,81.6820797539272
2024-09-17,78.88383869746058,75.76227195552084,69.15671070093865,67.74346137602821,68.17876729075759,74.77911919869625,69.50871141463492,66.8899762180321,84.76966988171999,77.47364934797908,71.70017463101057,70.08132463344377,59.30712970032997,61.885158317867244,72.33246799440354,75.19673104973788,77.92374557271525,86.71660053177348,86.94757178570023,88.19963402494562,88.2865008595789,85.25885580604225,78.70298736605463,74.33565478740657
2024-09-18,75.14900327542689,71.76241217291769,71.99468830785256,68.20713813532288,65.49080953988515,68.22726244509626,68.78155966963203,67.57979204611988,82.04846464116504,75.11541452922093,63.733981870808044,64.46028010740122,55.00524602921311,61.976272446506044,71.9286776532273,74.0742931543019,77.97525852834441,86.84594597059113,85.81138477109265,88.73435161980586,88.64771493806809,79.22716751326897,76.321969582711,71.2349241293282
2024-09-19,74.72617113733176,68.93489744754953,65.93693291901275,64.6139742843248,66.09330801737552,68.72761873645479,69.42273086036495,61.667869466678376,72.500287383724,71.89299638576627,64.05727307779216,62.310192839104964,53.24210658386687,59.62824392893918,74.9463658496609,75.4541787194203,75.15785652438755,82.66561544171775,76.49677953849012,82.94259538044689,83.10412587685568,74.85636110907059,68.32115173844008,67.92522540620968
2024-09-20,73.22205869863477,73.51207158498727,70.8862605398196,67.58219282185127,65.0917768436231,67.71446804714759,65.19931700937472,63.792661522127545,79.10374471543852,73.32708297535476,68.1581711870741,69.28828590186147,52.58371747136726,59.30223472614317,73.29955236613898,71.51399044409193,72.5442829465763,74.28953400425834,74.00965307215463,75.29394835054944,74.99058763334212,74.25939821692386,73.92345052544638,70.32694521134358
2024-09-21,73.85806018909851,73.52253971431892,70.53705529748615,69.78397871047011,68.82845400185798,68.49307170740282,65.50790887177992,59.7924973555809,66.53461104515499,62.86197276111652,47.30826306197553,51.490980012363515,38.7863443361441,44.095985182553,61.863008177594715,63.80845210308677,65.36889850641631,76.83109853227445,76.75082793316466,81.15397066409055,80.93965272015951,74.39047281655768,71.36803416187061,69.8832773258488
2024-09-22,71.38427425802887,69.44004028251715,61.77233942815878,56.75367110434073,55.64913861739214,61.59515816425046,59.14319400696859,46.16759177885378,36.86916252053927,29.382295138817746,22.778726593378998,28.636132446104256,22.306638210212142,31.231820589614845,40.96327007566083,41.7031662566941,57.08461110048837,69.73361219926412,75.55598883073189,81.26535330230368,75.26977267721021,73.26413756181073,71.23057796657292,68.29705013998351
2024-09-23,73.00721835329996,64.75670801989064,61.05212947169489,56.20805376342119,59.98562488275084,60.046342716208954,63.20063124725214,60.35840665675919,73.47037617395797,72.54197008090864,66.61867180648518,65.46806554334981,56.35181590542577,67.91294806748535,72.77909187345868,74.61790558317934,76.33104061165898,80.54882820413171,80.39532901083584,83.20833862996817,83.42141534102211,77.67022516069174,75.00825970951452,70.98946699971711
2024-09-24,73.42422071287871,68.92054905262252,69.93039078141555,66.35299680378093,66.5690702875697,67.99881555687631,69.20795872573753,64.10333761082687,83.0285605915213,79.42822894908782,67.63448403392681,65.4636231257789,54.58826742031858,60.36418885663235,72.06574746831181,75.15999494090073,76.40488697129415,83.53095741222897,83.28823322811144,86.35896526138455,85.56564984481159,76.85646102917423,74.13102218127875,68.13560021438653
2024-09-25,79.71067772901856,69.35097539155217,68.31526957902534,64.03675435724236,64.71807590700544,71.15277050522204,74.93924164178941,67.96231174982746,82.25247382991569,82.7182217936275,70.30669394240198,61.377634440545876,53.05116374135192,62.70483765607787,74.4589281562433,77.44360645698788,78.34572966220516,87.48317976225275,83.83411581240061,86.82887921872711,86.9517858295691,81.68921718703255,71.36062097840748,65.51786700045686
2024-09-26,80.87343596835944,73.98829054375322,68.97775479585954,68.15634045825594,64.7092770599288,65.14358871272727,72.75857090037505,71.02104895146351,84.04156432264317,74.58413437477451,61.54617763941833,66.83607782960986,53.928820875746,64.87240354706599,74.487523015266,74.87625410065816,73.49188915209128,83.66500225540506,83.2734963269661,83.347666806114,83.34334158169217,81.9898340569237,74.07752639627643,69.57750407330013
2024-09-27,75.36136723804337,73.62963258969596,67.7240700335756,65.30065868973028,65.18585663920996,67.4057441509923,69.47064083266743,65.79316543762071,82.42948940338016,71.44509405336538,63.460547282333614,59.19119620328787,46.71646138138653,54.180623384638665,72.73263233841351,74.10384593911293,74.24679912803394,86.01006302111236,86.57612958014822,87.17896624708605,84.47977636142167,75.94669606581851,73.29890149587884,67.68354667744518
2024-09-28,76.00180335202877,73.76662603567891,72.00370430890021,67.33570947101025,64.78704315206728,70.91119652906097,71.3258139284659,66.79177290724424,70.70467699548144,62.07442747074162,60.630987542793314,56.697262031855736,39.65165952041937,45.96466251199318,66.3663886306831,63.601574939417546,75.34337557566725,86.30041796191239,86.03502795218832,87.68538490986512,83.37595855078175,78.66726912019523,75.54071872059467,74.90090058006597
2024-09-29,76.80861153758948,76.59001575807807,76.0119287876495,74.57035156319726,73.31792205038116,74.35546907648548,75.03009537240561,70.88083056011295,58.31113588270554,43.14164285431302,25.367273699136774,24.295135309339223,20.86530747371719,23.263458893254885,43.69156362979217,45.793024772481026,68.35048660102198,83.52181245624689,84.2313136706505,84.9484930387957,85.9702567763174,83.2304141803338,78.54376198919357,73.8019806354098
2024-09-30,78.02687520576008,73.87028979994244,70.0832264140116,66.65741233258187,60.616189186808214,64.96052019255897,71.94341597856224,68.78148651479252,70.73537808363557,66.90815829731883,56.40411338152218,58.633740496938834,30.82595644230448,43.60589519229392,45.39866227163184,49.57215005589559,52.01265221759174,71.29240639890453,71.32577652521304,86.26150549586167,85.99246824584026,84.54035405639299,72.47112873925374,72.38002515898006
2024-10-01,70.54118423300889,68.60941973499361,62.40237941037314,55.72727734337935,57.39107329747309,59.67034247904403,67.36970615111531,60.807274961340966,78.34550829543991,69.84653489693183,60.34746702813066,53.5078079994819,44.38173576610173,52.52765048738257,65.76423382898888,67.47424779048947,69.66092527501372,81.72080880693825,80.86300149551145,80.81627838036094,80.5037797518646,77.14032285412884,68.24827353674128,65.69104712781632
2024-10-02,75.92174765623264,71.0617253410914,65.10584429857971,63.233858661691016,61.15461462953668,63.8711823318625,71.52578113439223,72.34602482733919,84.64319843746358,65.91363489635215,56.85293931808644,53.979821539413905,42.88982457695476,57.17448465869595,69.15621284478513,72.23494296481273,71.61011713610544,81.31546703228578,85.33272812576843,85.25201466533639,85.329441041765,80.13817848687285,70.64948597756313,67.83947324235895
2024-10-03,76.53435437729982,75.81418348575502,69.42405804861063,66.02500630980913,64.24833730663983,64.3200644215403,71.02299451333141,73.73735521336309,82.91290946023453,75.14865826221222,67.84428423573895,63.01785985565567,49.88728404369557,59.80950223394052,76.44273498327513,75.97995535609456,75.67904502077273,84.15638263511325,86.68782491784515,86.72088853858932,86.48229952511197,82.31045601131598,76.36180231944792,73.42677879015572
2024-10-04,76.22303918397269,74.5192253398153,71.89558988981068,67.24860400088724,66.82944076803108,69.92258736494634,71.91003818680922,70.98464504128852,81.25696538381942,73.1094203316617,72.77129163719124,71.96283776573966,41.9204419142901,52.03393584382792,72.16549517714525,71.18153722450712,75.84236304670785,87.95759876122492,88.0699833025355,87.30275265901118,87.03672165681883,86.82861876217072,81.35375362645428,74.7770431042001
2024-10-05,77.10633709773235,73.77174023445234,70.71097437398531,71.03679700786547,69.46116698721208,71.71192258276409,75.61958194786405,68.28300549384583,74.77267728673313,51.54352042959396,37.46927439521884,40.56686582114728,31.45697231759479,38.148629786701754,61.11192974077042,70.29138737454079,78.52002123369401,85.87049381991739,87.2057172869033,85.721908525062,85.63252991450248,84.77227315724572,83.12753933685555,75.83264157320268
2024-10-06,78.06574955456966,77.38677649717911,71.2661806446856,65.41538867850137,60.74719475678667,68.03845679496398,77.88262389251703,67.30651237013423,41.34861185730336,25.17304042539071,24.563506998767703,25.32055157962578,21.38642898156717,16.1049546527385,17.716639553039226,21.708597139531452,51.6684710890145,82.19439201023246,82.66372997638271,82.44282735513504,82.46983739892096,81.99462121588888,75.66915240427572,75.30961347657934
2024-10-07,75.28189314904535,74.15346609091682,66.89335934354563,68.29548062750656,57.284297630273386,61.09417524211864,71.9061294136572,58.564643429539636,74.98717179354897,69.87351082445814,65.8225126237445,61.79626558199872,44.374241664653006,63.23004115537041,75.3205845440217,76.96077799475519,70.88835830651455,86.58005780467184,86.99244188312457,86.38554096952336,86.27653766950657,78.34347719208439,68.60116305125061,68.13931159127836
2024-10-08,75.55318967160984,72.11085997175614,68.81940233569784,62.209739099031566,61.18252252387644,70.37578630513593,74.78785866634266,74.35939739479733,85.79520818964467,69.43574928211963,59.934972568920685,63.87434414393536,47.57353083199401,62.84123566073776,70.2848351978439,74.07844751830162,80.44311269021227,86.88547404969012,87.76337152309512,87.58529192347082,87.02048341212584,83.70621428109334,80.14262167264886,78.25014156450916
2024-10-09,82.46427639032838,77.35730331114493,73.57177851979127,69.91094661292094,69.24789618795131,67.78646639741525,73.60637035211597,74.1868175924152,84.23805227478185,72.17252078418421,66.4525713465389,60.71935981593632,43.09184026189061,59.281449353559516,72.18786010571449,77.66160186475022,84.99340825294927,88.33750747265513,88.39741754123237,88.45199051543986,87.59874581396983,86.98754728816141,82.26291688132139,76.47791673688562
2024-10-10,75.25885307350211,73.37114583420235,69.49358060180184,65.17375122261099,64.06705786718899,68.42567740141966,74.18373102150159,72.68115490156198,85.16481921733846,74.83672359894477,69.07340853020104,66.48217902881042,44.57427585236764,58.53311032515313,63.50631604790581,69.02838115772421,75.13672972592992,87.42716889587324,86.97937201847867,87.16611100941103,87.16471538534007,85.64929759511718,75.82279079558401,72.71211921167036
2024-10-11,75.43956284852872,71.61054042068967,65.5283528069535,61.4377465678836,61.47237514336155,65.69834594400965,73.49464512003044,71.6841046053198,83.34583738320772,70.91144051104354,63.729137908520386,61.68202670291166,35.510600158197555,45.8610653199766,69.53241067831547,74.66887957208505,82.59997523656449,87.60690178020022,87.62709226678524,87.58730517579902,87.66315202359225,84.73525215341668,79.4074833799001,73.48455585549827
2024-10-12,75.17058923777635,74.3445279536777,72.21532016222999,70.82236169076454,70.6173437619415,69.42145929319439,75.04739968143237,69.8740796378429,72.41961833810365,61.873744851873454,54.85581198829111,55.93748638597567,30.742647681037745,44.62384436565353,64.87747823444641,65.03858106493188,75.68346613812922,86.04143696756688,87.34156651236235,86.11558615441768,86.10054120839325,86.28846114653403,82.7150824882959,74.69490565062459
2024-10-13,81.44268335862887,74.76288263000168,70.30560744222655,65.62660382220267,62.047444759742135,65.09781670183526,81.55941497432872,63.40200395951082,61.667526468207896,35.34694149490929,29.97053223968103,15.628745089418983,9.438958269265642,16.373362254392937,38.98697297736033,43.989078716838364,64.69140845798744,83.1297788607857,85.51035659858822,86.13901094906534,83.16206054339507,75.15076838026049,70.56603911743146,67.38673054062552
2024-10-14,76.07717540064891,75.68581765155004,72.6454925626594,63.87903146568635,71.41850324740808,72.65253147226532,81.06705299641773,72.86651014882197,78.03886887858673,76.47852621260148,66.47497028147478,65.79353968142884,48.6711617387825,65.09031356302161,72.94106062836799,78.46867959784977,88.31164726216224,89.43547500252626,89.37679475567197,89.10377822338027,89.1911115638295,88.53516016571069,85.01330863552153,79.68096168473275
2024-10-15,76.98456750746907,74.54749937294895,71.86757631727873,67.25062903649646,66.4827373220166,66.23620331144198,73.2320857513473,73.8521541606554,84.76936791786342,77.39262596938335,76.27271780386675,70.19824875839691,40.77716935931768,61.294617621163354,72.74280987361274,77.32585686609531,87.19203634880225,88.38310765487799,88.2244266146773,87.79860273709771,86.61024594575403,79.35905784821175,78.32186585748708,77.14910289111734
2024-10-16,74.03702342570848,71.15906440746784,63.49510883304448,58.12570415487926,56.10971223978762,61.93699815789165,70.40767191938156,71.20549269821521,77.06786964314618,75.0907401589311,72.14880741788821,66.96420081615022,40.25006242142067,55.94789693504526,65.69048739862204,68.0450391798353,74.01475264047576,84.36606421380526,85.3824528211743,82.2362389070986,76.0985381426035,80.20018777028277,70.42415598833828,65.06337736338519
2024-10-17,66.37339519227957,62.48660390133156,60.36893838272201,55.724238447161284,56.68754006208404,58.49067561652284,65.6968660821275,62.922123164570024,76.86935958336953,63.6043755745714,56.86410668206955,57.37666341147539,29.957517074254003,48.3824777472963,63.00373860638924,60.35953951030577,73.70468408357699,82.99053272245806,84.61035092353218,77.13304254715847,76.9861204073244,74.47798297572022,70.41685061853325,65.39485680110646
2024-10-18,63.68609965507245,63.04897367867038,53.193068172083954,48.15263471727037,52.203191214473634,47.485575128585175,61.464926316411756,63.74367007592278,84.04223046132206,69.20182724277728,59.75821534339352,55.61199492828455,33.29367450768361,37.15728886518362,54.25983703823438,59.534441750297475,71.53214365108083,82.97706404307809,86.63592899657331,84.4136185736613,78.77158498670396,71.35540364923935,71.0480939876635,68.07928183860155
2024-10-19,70.89240185832682,65.50394756818008,62.7682904391638,58.6138934119578,60.97100624244791,63.067429600783335,69.01756094452331,67.83036056114705,83.39506057957746,67.17080427341794,64.05429053544512,47.9949816258668,37.84696001034194,45.22941821344777,56.18650963180867,58.506701862026915,71.04827906075549,85.04470231992204,86.81640269670476,85.80824595095118,81.1646679879635,70.2970858781355,66.50193327601973,63.55953973339407
2024-10-20,68.8585874527282,66.92425105853924,63.906263210196975,52.45109068943589,61.056648005269714,61.98989810204305,64.46088312355833,48.55487080493394,46.744906705258664,27.6532876074667,25.733141991219462,14.271403425378399,12.855245859931545,17.349103693989417,27.73439749016588,31.56358880162447,65.17301293615515,76.3306892286139,81.30742069968578,78.99311337824984,74.6849415082229,72.57487302428648,68.82468484714406,61.297653835427354
2024-10-21,64.97694076038114,57.19007801188876,52.36678076058834,45.49363036049367,49.13069348056431,49.69914743363565,61.433400000114176,65.39309515973248,73.63136675495142,67.0429338956911,65.57199491954276,60.178613493301,43.958734814475235,49.206296577096076,59.28743879163305,58.93195901746931,75.7644023833623,80.95911254303208,84.96667625473007,84.26263579454255,81.75178879959901,74.02729277023589,69.05694467130314,63.74768295299608
2024-10-22,62.562399090602405,56.618476954586484,47.176849909735274,44.78368021944913,47.04521948640122,47.428245219967394,51.878452336850884,48.248307865434974,65.28021295808593,50.77557554648938,43.31770473316072,47.977691236862974,30.743580423058606,39.78005123815843,50.592087213714166,61.76916027584436,76.26556838956083,84.67965971861925,84.5514205356088,81.8225190292343,78.41159192023564,74.3061079259038,70.55613071460701,67.45783720894237
2024-10-23,70.94103379477984,68.24041933926132,65.35280157162266,58.878377506778904,57.02046309216615,58.18554194680705,69.95259895483215,73.87450305593298,83.1318284386565,81.36217952097893,70.71452382692428,67.65418489450923,48.31658151641943,55.91594397741274,62.26916144798236,73.18825734235985,79.45887493406165,86.0496757624641,87.28754179943212,83.75524308103411,83.70952958840266,75.90374466888471,68.53476487221984,69.42717640533235
2024-10-24,72.21244455252781,70.78932081547174,64.14703834435473,61.493974322732235,61.62915535819236,70.05355550283855,71.3216228735053,65.92502649805844,82.1345946942614,67.20963485422345,56.649476969323445,59.706585135855356,40.93141496876681,47.514938369883815,60.560777558465745,64.54214579578098,68.97596352221825,86.55812118566134,87.43276240983664,86.6393297757066,85.0126459553284,82.41063326083716,70.07919013301235,65.86940192668085
2024-10-25,71.90522858724607,73.03463972649419,63.622754851141615,57.72150262838515,63.362276007373545,59.99597710823058,73.56492359267193,71.56178812608108,85.31242638319173,71.53937520205199,59.554558883098544,49.60758498968485,31.574115767390893,42.720861994537465,58.634757189459314,61.18884419485253,69.58182226138314,80.97665257683248,85.46760605823967,81.75056066164206,84.38886983171673,81.00987520288709,73.34095478850328,66.87143528889327
2024-10-26,71.42908807655472,66.4724285998007,58.875586334160545,52.71416573706035,55.537667410713055,61.28696161281162,70.8048559710905,71.81851455690693,71.0256277167829,53.577671901143695,42.78272389245132,42.313119199732604,29.639737200065333,37.32306481851589,50.473531716610935,63.73251484947654,70.05618375101238,81.07254889153913,85.33306845041346,82.16397091550368,84.02083453744258,81.18699542580451,70.0778039315323,65.78998326067541
2024-10-27,75.37646233215018,75.04991783475587,68.75428409767193,67.1764077075884,67.58707441691791,70.59015780696329,73.92952806560369,61.91214107411891,71.11062701631927,40.58750034000756,36.097558893159345,13.634576803787578,6.0340960827914,7.091071853840707,12.157217747311078,35.067877453255456,71.62848269506279,83.98747323045254,86.9133287713855,86.1669020982806,85.35771508244548,80.7932269839401,75.37402307142531,71.1516358458686
2024-10-28,74.4497215978165,72.34175379122273,70.17281307598607,68.94613498036588,68.35040550493152,67.83097740604751,76.06608155467987,71.90129899687354,78.98927576774186,70.91735622532191,64.7561017107226,60.527831753326936,41.96413681402282,58.498663310000765,64.55631385975498,66.07389088372983,85.46973460343496,86.71711516919976,87.35934193651593,86.29231687440208,85.82975624130476,85.22672853536743,84.32679792417052,81.01850567549513
2024-10-29,77.22320822844875,70.80419605748101,72.38031582293691,67.00618862484609,66.88604749462309,70.26074349425392,76.36760821760907,77.74171273555744,84.42100395055904,72.89911881000288,59.616398974204145,59.995948675164385,36.33890883529998,45.817182033024956,51.37338099872289,71.50684638213994,70.57708519915334,85.06910523690641,85.52215944464405,84.76984662763519,85.1153066236297,76.22996856193954,68.20460193932563,63.63896765000133
2024-10-30,70.13250485068316,65.64994947904268,60.89788594904455,54.27700280757138,54.479003731981045,62.776184853910785,65.77460777409962,60.411502915156305,71.24233060846085,55.606176876724746,48.13902351535957,53.91369525249962,22.65009988823708,34.696683947523745,49.3024397893489,61.952603244673995,73.22932520569546,83.61021802781106,84.56724755697273,85.5312131194766,79.23141525610116,76.28806729062104,70.68955019611892,66.14140206094723
2024-10-31,70.79508570104619,68.04192998430584,62.070616470935406,56.33413186005206,60.66217193389462,57.28282266031491,70.42935447336431,70.1563729679285,81.7151905979716,76.72282944539171,63.65460510082589,56.64939729416112,35.34539153236014,44.067571509940414,57.98647420778839,68.69804194617528,71.0470810696921,85.44219466662518,86.10280557934517,86.31613925672072,82.5837047566989,76.33889106038585,66.31752926150838,65.06205449345045
2024-11-01,76.14309396718033,69.36039961041998,63.70749469985484,60.31590877416456,60.10038170315037,64.23551193814816,73.45053246190939,76.94500999907237,85.55911995918306,78.58487580077012,57.008490746194035,58.21417455910279,39.98559855196355,43.89595989598808,70.11880831431947,75.78849488175926,78.67524788027217,88.97612826124293,89.12821859851337,89.17057334166964,88.40833942965645,82.83884463452183,73.50315297399767,69.27130556888073
2024-11-02,78.2373649720303,75.46189572662057,68.00083692793449,67.58242491227226,67.23287607920987,70.92251547419363,75.38620466580754,77.44772096422588,84.1464556303071,74.0360578282358,69.02931940400676,50.84753916230141,31.767961729457426,42.46873422062996,61.50894494752183,73.5126852130378,85.4806992898828,87.3590793611403,88.43260721644954,87.95053338881183,86.95117911247705,86.0957135866674,78.65601881030392,72.85755021429982
2024-11-03,77.27663011910656,70.55515905159953,71.68032986680788,68.2408294223782,63.69289408619477,66.69024505611566,78.8107026902708,66.33234236619539,61.488188013926404,26.374977528955714,31.10722699637037,21.455718316081676,22.086596353105044,22.8705209775543,32.268845529695895,42.03034682937994,68.22966947209949,81.62708922728352,82.75661732490076,82.62111137278708,82.70446825546102,81.40822454130999,78.15331288210628,64.75592079702768
2024-11-04,71.48209630888316,58.8768770630649,56.70768601375587,53.38586007477587,58.360822367088254,61.35014991677527,64.61098439637954,67.22799581972336,73.5302429081249,69.82638452471565,62.70751258252551,64.00194006979439,47.90004429115855,56.33910627690447,59.14181355376533,70.93220768798709,77.05936535790869,87.7220329652268,86.09588668971745,86.29665077833623,78.67171616656435,75.99008297106805,68.82342937885034,67.55659093555276
2024-11-05,73.88437049083696,67.98148968899898,60.41772580515009,56.236844603731676,56.25868393379988,51.78154802911643,59.82598065717911,67.30649920603939,70.42584877920453,67.78506708409107,62.69620675112774,49.38751966673405,43.60130335336383,48.5714546296251,58.85862853267442,65.8506433927335,72.14422881174812,85.19892298030442,85.31254306190003,84.13366091669374,82.51135000659595,79.32995619462818,68.81590634729133,61.618325436598745
2024-11-06,68.92145107460432,67.10599752871273,59.006179607576954,56.817605705445196,56.317150737981926,60.60777912621871,69.02183685601398,76.6116521785292,85.73822505299141,80.75669500610267,68.41392110665703,64.90403908939707,44.32029627747311,59.11576464968421,62.04140484511691,76.86977842210104,78.2667822927281,87.72492080379976,86.62403750735997,86.48807960852683,85.5519008821881,83.0816113327839,65.25593521553735,59.96497806180412
2024-11-07,74.42592035642423,66.6468979453373,61.009896874346744,57.230502341550526,55.51349148999723,62.31354971620608,75.49504134744352,76.79617894392628,85.07607348942366,83.2455571917541,62.57942022304886,61.82370662486475,44.96527381704342,52.65709090335198,63.11753762047553,77.80028653238944,78.5075181386079,88.13826636168058,87.81992501348957,87.01068789410164,85.60051533025297,81.77953611936209,68.50948968773648,67.14591894112029
2024-11-08,76.70113087455091,66.76254037595623,60.281523101231905,58.83914279466219,59.51305309694231,63.65488138038925,75.18260517953709,80.40922870950885,86.60244574461893,83.23348725870515,63.84399947317119,61.9937394688691,41.60253802269721,49.3569875692148,66.75037369090659,73.36517164389814,83.1366622003596,87.22176181168238,87.52731423841293,85.42589025809976,84.17998199669323,82.43279849186028,69.49274111636922,68.47354890623956
2024-11-09,71.21692852903331,59.31486490416351,62.32177911020926,61.36019433784989,60.33416041429418,61.42039374002083,72.57455887827399,73.24154317550396,81.04690930292664,59.963956068873046,51.74495676657817,41.683396813155156,29.671065963353236,39.12555840358367,52.81347134966734,65.62050994682241,76.37057275204587,85.6451965817259,86.23372534716422,82.36085081359924,81.59440595615374,75.46907657067786,71.12514317416502,66.60598052411041
2024-11-10,67.2296951637345,61.78434956619324,54.52047708157793,57.14393732426425,61.96847787133911,60.88797313127727,65.42511779022618,63.25752597048602,66.90202368823672,32.71251592035581,29.453329678542428,30.172588985003365,22.321758087847822,31.238777133728245,32.84880572272696,40.49063118646051,78.120396284243,86.91545781320238,87.97741514443148,86.84680425318186,83.51206931204057,82.51024794703939,69.94455710010648,65.41074559149399
2024-11-11,69.78676244275162,65.56197715282033,65.93532601163729,64.69155333668748,64.96643085836857,65.11308889359341,68.18279217588235,78.42125530377017,81.83516927227063,80.25296446298398,74.97030729601754,62.96859090855732,52.842892927706245,61.17327908236605,66.8594853310627,79.12942196108573,82.07463539837453,84.26657315440384,86.89477429671922,86.60189313563437,85.65313680912097,82.81020928853953,76.4535632865142,73.2218680756933
2024-11-12,77.04844226912161,74.80711069161684,64.50258482800943,63.13117175087758,63.80470142922434,69.5032436788126,70.46025689653051,70.39853399977991,85.53439798417209,79.80751598233239,76.80441798151985,76.43716290414464,59.33364327198928,70.70432851427341,79.02586867630872,79.88285968843194,79.97010362045022,87.34012207029957,87.50305699622727,87.29842608318366,86.74486243435187,86.05226914038559,80.5528283023347,74.66660600503077
2024-11-13,74.40852848910615,67.56181653452207,65.48429699628983,62.18713897102732,62.4194919596514,67.10685491658518,76.50607992689135,79.84835045536119,87.8083000749134,87.09397665750411,75.03855494823897,74.24941626388498,56.68330709814131,64.11849831616229,70.0127365878253,80.38945612360864,85.60147888057216,87.78499163825356,87.71191210333363,87.62740515013202,86.69099763012244,85.70184560175814,76.94120184569691,73.26455017304998
2024-11-14,76.01881077349451,68.57559300073278,66.61850369057606,65.31000252072164,66.67668082089713,69.25967794354662,74.2623919783947,80.9292502069339,87.13812264692805,86.54703352148735,76.08633436577182,72.34522070704622,55.65623405202202,67.4401119699471,78.89847628025491,85.40286338088984,87.22265194699487,87.44048071195918,87.03889753820074,87.15028236322584,87.1537163031291,86.70577038345627,76.74172829385567,70.42851493457036
2024-11-15,72.2535400701266,66.5735331719543,66.60187699119263,65.0503616688018,64.72626955958425,67.6372951175766,74.13457245184836,75.15350371467925,87.60420151244263,86.9260304970189,76.92701793108839,77.36770571163855,61.185305739527436,68.9424583661807,79.45928865638996,81.4319130839728,86.96554620750425,87.56210971160898,87.73210655233575,86.90075105401034,86.77627763943089,81.50301914041029,72.9331756072303,66.18839194814933
2024-11-16,71.72267769180903,71.0723633195656,61.22060611025402,54.76929120253526,56.94110725902567,59.09474022613908,68.13072937056224,69.50850640663242,73.48886379434373,64.8975208975098,62.96735011929011,58.385908186673035,46.50985580860289,55.59783906934098,64.17129263720095,66.80111160194912,75.62720645932164,81.8400568005364,81.3783469214382,81.601938504849,78.00083645602963,74.99149420624212,64.29959838256453,63.70238374445229
2024-11-17,65.91574791104202,61.490080271183714,60.805258991528305,61.34182148373387,62.82750238284731,59.06742994904739,65.70950513894249,62.16879326288861,67.4936544815722,64.56928672953168,64.55095166250214,58.823469229116455,45.613683720477866,58.310357211083826,73.93639024189578,67.37338186774954,76.63915542842146,82.10113734876853,85.71193480928528,80.37372401583674,78.85021675975278,76.55248349711638,70.35646122597738,67.9640248300679
2024-11-18,72.3270161507254,72.07783345371637,65.67267413266867,66.15096322006059,64.0682603386685,68.0430163483037,68.20321718534834,67.55334054406326,81.71405762274127,82.12343512468104,80.61019584689645,81.0696095860842,67.0572877770511,74.45452097018199,84.70687252785895,85.80912210492384,82.10405257549897,85.9307480958586,86.70848271755955,86.1141000629249,85.62904178640677,80.68232699154782,77.77136870364001,75.90967885912109
2024-11-19,73.77518869543376,68.1023304069355,66.2135410961266,64.9561935318902,63.22470352291116,65.71875809019244,75.11916966262552,78.13274200032362,84.07854447921382,87.11143967844448,77.28204654838298,78.53775911367812,75.08858473096583,76.14316872932318,79.06301735571381,86.60835041211827,86.96435781546046,87.30787573196211,87.69375488707685,87.57413101812577,87.47200451175806,82.95750235990447,80.23160704058209,75.04776120889026
2024-11-20,75.6525098381427,72.33711838060226,66.55939144318164,62.69130608269673,63.73766148377055,66.91853193377892,70.54657117592316,78.39136518018516,80.70029854377309,83.43928891229544,80.87128982607436,72.39298617295495,59.39354220697399,63.38040381120898,81.61382804967488,78.77696754858454,79.49226973755644,85.40619722127319,85.6814550773528,83.76713571429283,82.35377859931928,79.51050736773252,66.47828925918337,58.802231820701245
2024-11-21,58.04628740323196,51.722227032519285,47.91984044214813,48.959223397840205,47.26774075719908,49.59798749556525,54.487285997983825,58.46394160555963,71.77018811995639,77.2374217056697,71.62247068024249,68.47808847246819,51.761924205360955,59.83345364187802,72.18373241061074,77.88632964991652,85.38050120182703,86.1681578796014,85.62253988279119,83.93777453628947,78.81643340509396,76.18183422314034,71.9675588890927,67.5214696142781
2024-11-22,71.58862312236606,68.47932691608253,64.49289979813675,64.06894508703154,61.26887448631338,63.75448647793908,75.24118080756821,75.09429617886275,86.30965028881917,86.30210628209541,81.52167062416058,72.79841901245834,59.117391433791724,63.50629788096631,70.93266908254596,79.78381342551117,81.68371359567307,86.35783303878986,86.3185856606946,84.53107753008359,82.72398798193178,77.5497113587053,64.11715697968812,59.66339759954813
2024-11-23,59.36644755895414,53.709374677285794,50.415799243597924,52.470095086758256,49.89961290400559,51.06062053742973,56.16873857471569,59.43912978131494,77.6348320786685,74.6174458983689,74.25326205414216,74.32865042792201,52.75433914345642,61.70988827396146,73.07516016220877,73.54803871961325,80.48047081651278,86.24591754395523,86.6460578534962,82.91678108061161,79.3020744075129,74.89915678159164,65.5392335413364,62.93128232884075
2024-11-24,53.74491553812263,50.39806137320692,51.107728613609304,50.82851525654569,50.55538938875912,51.65275581502321,59.83398509570091,52.94871443441899,53.493464403523376,52.374770793401886,67.56309520589438,52.82784414680376,50.65394489155009,71.0202872829682,71.7400548437413,80.32198312165532,68.52100838809127,84.42430761299472,84.0266443855125,82.82223672022741,77.07148337162002,71.43203765754623,64.20785897315663,63.38411001317138
2024-11-25,63.79725777828226,59.74593218609377,60.16880113813263,60.54175023566345,61.6563714244864,62.71632652244796,72.01433554176278,75.23023411708024,84.97216394068127,86.45708534202423,85.8328365692893,85.13563717637747,78.89746337732711,78.37300241657108,79.40533689287238,80.48703823422922,82.36354763557736,86.17813070381732,86.9348019444806,85.71169721891185,85.77292953645005,85.48780344395628,81.04539764501133,73.80599497873447
2024-11-26,75.19871797466936,72.44366129155878,67.22277024852696,66.41355300635452,65.71231695912336,70.22278542203891,78.43712598903446,78.82532812473482,87.61939891000834,87.69353802814979,87.37101602065908,78.39857814439134,65.62447331834373,76.2478723395444,83.86921785894519,85.72939752032828,86.77961160835589,87.78383375360885,87.8097378710964,86.05339455764964,85.7153478721634,86.85197378698426,78.35030999160513,75.89529865229922
2024-11-27,81.54950970070855,78.21856684741707,76.49564345890892,70.56498703150542,71.95435638441161,75.32571245026811,77.20434806192789,80.64692221730812,86.98243974200388,87.07262366370699,87.03099452449266,81.5987566991921,74.54105823671978,75.32517203464691,82.84360758173807,84.34159045433167,87.0568960901607,87.0929137293595,87.23706212411713,86.89578093375923,84.91831545956374,84.94246219038173,78.55397849867269,77.27364649570059
2024-11-28,81.31629009148499,70.44769394640066,64.21966334784027,64.08882151527115,65.42575707903927,66.38853809721884,67.25413827948546,80.20542817445619,85.9776107714558,85.95103870640426,78.87609150849941,79.59602315188944,67.38364895129948,80.47340545269293,81.51332566663264,84.12829671083307,84.3015958407035,85.57669712790575,85.42898313574159,85.7038327858532,85.8975255345377,85.63299369335918,83.07184306370377,82.47764251569569
2024-11-29,80.79361103531504,76.88817111339549,71.12473157590627,69.89594258719652,69.66029200292633,70.93336552125207,77.54798806639305,83.68921838106385,87.2107447994156,87.0866072221731,86.9329097436182,86.77277203237215,71.72022203985354,81.74822007468168,78.20783713996795,84.11643324862956,86.54365551746643,86.60811310224452,86.92299134978597,85.9263216437953,84.57235469738724,84.61378032188591,82.086713215993,79.63906378412027
2024-11-30,83.70790723347491,76.34526719887504,72.01322564793021,69.97346027470387,69.96980102000396,70.31630135792875,76.32737212812214,76.39814927472574,83.90267306078167,74.11890360985119,76.28844393609218,77.6313757730145,62.77209757068703,67.42992886573907,83.37928343757713,85.27945588186938,85.44479138948677,86.15201615183712,85.83270620804457,85.5600088344582,83.32322523053607,82.0448500044306,71.45648291737977,69.77798732404813
2024-12-01,66.5021474783496,57.53781615147621,52.537539031337204,53.318653279488615,52.298444811132384,50.65459380774726,56.89313055236647,61.14352376890742,61.53179141195319,62.37858104854451,55.73756538230833,51.189087936935266,45.05101527489089,54.07782323149617,56.17801290870195,64.49337149845474,66.32476444603594,85.49864448997428,86.55604618028528,86.3203218976401,85.52022369354395,83.56434149554624,70.87930490989162,68.24466691721346
2024-12-02,72.96622622932796,68.43681263126267,66.54427371822129,66.8830829441773,60.57761165246007,62.12231210476169,68.93155998131377,72.63001452300944,83.43296909530784,82.61233778036112,82.5026638209504,74.80262088987952,55.33341411402672,64.02128403477941,72.8567103320467,80.86836460861805,85.05543418169387,87.17167313399939,87.49296245652046,86.32424202624387,87.0686302288969,86.95047873954492,73.48061109277113,66.9243589907964
2024-12-03,71.76548440484909,68.11943846008994,66.02508730693816,65.5239020593211,66.4817733573633,69.6527523783338,69.32762899458052,72.18341010359269,84.18107614823477,85.55627104770929,82.11247308405902,82.3464132334978,78.7416648931043,80.1455684224932,82.92774498574974,85.39510549107167,86.51078024016846,87.46079248137052,87.42891791916466,87.09738841572066,86.76404079898307,86.53917335705994,78.73689735494207,80.41402149900999
2024-12-04,77.14027057071888,72.54434334212974,67.63976514791408,64.69821269551669,65.38327172063538,65.7058111384997,70.66647693720918,80.8733995376849,84.12644789636744,86.61377296688445,83.59325039161955,83.87559603905713,72.23675637445726,80.14829221449433,82.37012627296657,86.76908069128937,86.60141615725132,86.78940499571566,86.78356180227632,83.85260179953241,83.87645619312919,81.71189258600049,75.99631017288117,75.08000685797721
2024-12-05,73.82065421002477,69.78441952175865,62.73478357171606,63.65791647706874,64.24174407231598,66.99150462541476,76.80131873223726,77.73567346061321,85.90696223665765,86.19352389426405,86.18403177666414,85.78644111065137,77.8587522915236,84.27047496274548,79.29056124982118,85.58524789867711,85.84781826362595,85.66194622396857,85.30706366036326,85.49101059786399,85.90697225805087,85.32509646169943,75.48456516838868,74.78390618200818
2024-12-06,73.49503585378818,74.06399084769693,68.79443699352933,67.17276713281612,67.5267848551234,69.42042375760313,75.43195861864251,79.98363062000242,86.25549211005696,86.7846416038207,86.00168987899644,85.47305470332364,78.00860405243782,79.08101693508976,85.51996975515141,85.55899158158336,86.33752898618101,86.36849906276777,86.67509462000721,87.1071451112983,86.3121046698776,84.83259689009793,77.50775325717447,76.3588307866306
2024-12-07,73.38054458957069,70.11534660755625,64.68121990295188,61.389035786216,61.006446823521216,62.476501050616875,68.3641425707061,75.93605928444215,79.94084293497427,84.31161950265286,74.18722597611736,69.78673811820963,50.672090490752005,57.726628598046034,56.3613449424543,76.43407073354733,84.68875482591669,86.17871766387167,86.03528169853028,84.94134311437713,80.21574797724865,78.67223746868389,67.22600778363731,62.82944655796018
2024-12-08,55.515048422390414,54.295490240380474,56.287336917349805,46.41882078838769,49.83338484384707,51.6241803673464,69.25220841668335,68.37212215252967,62.46406142196513,63.58741506636986,64.37062382121009,66.2741074373783,47.822466182445915,56.163428754217726,64.61636480441426,68.25570875675004,74.2087805831769,83.94701169508254,83.80044876418415,81.02048750166855,79.24400938225452,75.05121741286688,59.948854270743716,54.03442811335998
2024-12-09,49.945999328572405,42.12358311335444,40.35973501286746,41.22311936160599,40.98937533289808,41.19004707376395,43.03379267117686,47.538002415674505,69.3467962473032,73.88631174531797,66.94009149953939,74.34577341625247,59.02630621044554,59.72195960075539,69.75305970219443,76.1315632283585,77.38341148735518,83.81619567704297,83.10839921301228,83.80580962514217,81.9225590696051,81.11054133790786,70.27887823833946,66.78729082396424
2024-12-10,62.396366544426215,58.475309943111,55.38494109915369,44.813507553575306,46.24841285885847,45.54958827425387,49.433301655436395,59.262287327189874,81.77267976415492,82.04123483996756,77.6236181534966,75.1281752382422,57.01692046880834,66.35347024714066,77.96441714251917,82.76523291443114,86.04032090431097,86.79285685242223,85.1444629108674,81.67611826725917,82.65754470169996,78.0481631611242,71.95927170062352,70.52426388110842
2024-12-11,72.71303386259821,64.36754205913516,58.891516622206204,58.724611346009006,58.938920289216355,58.0553720780044,65.79540620863655,73.31344736079075,85.98259466547242,86.46554393443768,81.45150695810263,78.96754422715166,77.0154434252919,78.79062669653116,81.2593875611917,82.37220675456078,83.49064817225555,85.4668803131074,85.55039363666452,81.55417957524074,83.10501490475299,81.08210656601403,74.76547700553706,73.03737472328778
2024-12-12,77.67274845730734,69.01385039508335,66.07011911465084,65.54652133974226,65.20427724794017,70.31527191166435,74.20931334961085,78.81413639183842,86.23804224106017,85.9843171200482,85.69592608837854,83.37727838661839,72.7645475578387,76.68850062392777,83.2081679127957,83.75144680094614,85.44594717935678,85.49799843791182,85.18671644714907,84.40037658134587,83.98389022881844,83.658000534944,74.0088063368248,70.7769424147407
2024-12-13,70.97165158138041,65.5884240787267,59.24342515303983,59.1841956741306,60.487389795496206,62.46242735474188,70.9054653914241,74.18011694313795,84.62493666778768,85.35806580404885,85.34580012373316,80.4381917723392,68.83928980152795,70.76694773127346,77.92778369449383,82.76904515685453,83.57047919912937,85.13775143012877,81.19102238363794,78.86023876547121,77.85643696487834,77.26492730958655,67.70425954697068,62.97908708057206
2024-12-14,67.63684547441878,60.26225775214445,59.06281462857218,59.379794537353725,61.42952918213721,62.36100087344601,65.13715040511441,73.81436782794512,82.5565072505556,82.46111339536102,79.88029494872443,77.72958242050113,62.69912909331179,65.94104458282166,73.39677075578977,78.99504267186443,83.89410678700851,82.27522173242129,79.77926887161334,76.97771514133471,76.94593154552373,78.17270537959452,70.23590196278552,65.60002866433031
2024-12-15,67.69475421474574,62.82365643418766,61.0271612697373,58.3898838031438,60.6326454965956,62.70299698923096,62.85082373391788,60.99415319395585,61.7548445244594,59.789370659655326,57.833815306792175,57.2782395449737,46.80083769211597,54.70306864582216,56.93238531677244,67.51962560898052,72.23354506973786,82.66232399485172,82.80140641363145,83.72198028168879,85.31861193443679,81.95126373849098,70.30397078760325,68.9044044504118
2024-12-16,74.6601959507839,65.12988717577547,56.5318360229575,54.702125802685266,54.78800720978719,56.53266775972476,60.18177212896178,62.23166772645503,78.5126837247878,79.31036630082642,72.62422592800797,60.76720679568335,55.766092854372246,63.41057403420082,72.44799459330541,80.27737641496543,84.0704347472268,86.4999192053169,86.81272285894302,84.39489592197829,85.1765078445245,73.54387312632751,69.47550014828464,70.20421917113522
2024-12-17,77.83147559545108,72.18685372736805,67.26607564429469,64.96052469031613,64.46220863858647,65.57028402406083,70.27746702879212,80.06342408401147,86.60281604060347,85.96452317244578,83.99340106552573,83.18967778265142,77.85893380376409,80.931162908032,83.5332717824403,83.66572942835059,84.69163569109811,85.27315026824425,85.28543553010566,84.33397046776325,84.61755063867608,79.32991097007327,74.90389602870852,71.51388255158591
2024-12-18,80.44997899048805,65.89705140909467,62.37796660377329,61.142742042652706,62.490442592742966,68.0060453497434,74.39439604049566,74.85475162403473,83.66301178033466,83.08644212173854,81.11598553817964,74.49073390784345,59.58038369852433,68.91311544760877,72.6928732066996,80.9297984132858,83.39413202012845,84.20021971123778,83.91845183114994,83.69973046088364,83.47382142918424,83.27028856057171,74.62960661565158,73.183850881761
2024-12-19,73.30744642377752,70.2676427300747,65.99099565915577,64.00597533052988,62.727265397519766,65.65670021572696,77.88497108351177,81.24076564554703,84.37998788277005,84.1708860925958,82.17945614532644,72.91976647137098,60.63268767728271,67.21503477585591,74.21239631802362,83.69255435431718,84.40856398117744,84.15842552685123,83.50906371535294,83.87398238392,83.70291095001127,83.66272785383126,75.6556293682606,74.0854646512925
2024-12-20,74.46973789233529,69.07312852916746,64.63990642652598,62.54800184892748,63.68798963224689,63.62130606124048,67.87617785147755,77.49178109617394,83.22184200885205,83.48692847743044,81.8658909280631,70.41087474577442,49.43351542554601,54.74709495497698,65.41573881720761,78.35145319176704,83.75565871800539,85.28958394710405,83.98339479761819,83.60985036914252,83.8696926480396,81.89776427937944,66.65682124255736,61.976742095931485
2024-12-21,64.84356609913333,63.7997447956961,58.010011471125715,55.231318131409715,58.866362381017275,62.305776790527005,66.90061363062416,63.528945253250704,77.79226975945802,80.54033591461554,70.18806016004739,58.259066870093264,46.57251935052511,52.894492642512176,62.07599741453413,74.39286985364807,84.49497396464706,86.02121690640547,85.06309159505703,79.36124899495276,79.67433985864199,77.85793762939444,70.63369685055855,59.63286018972417
2024-12-22,71.46404903914609,70.00706111800365,67.23435664948514,59.777844053048035,60.78795163563495,60.66524676611712,57.76545981389738,62.25631620170862,64.30399103231014,61.9809083324776,61.193407300729824,62.86432107943141,49.48451979365646,60.24276881327141,68.05048183258539,74.56595838838105,77.17177708600138,85.67472301655482,85.81520610955046,84.46477934314711,84.39216776249177,79.76188928847633,64.7581499584512,64.54710545663734
2024-12-23,75.2149366519906,67.46993335196947,62.82000121675883,57.73232931637489,61.00198984734489,67.4114292303151,69.34790445516019,69.63715207222123,79.64862690128787,80.29678849995238,78.8320033835663,75.16520945135183,73.30358487611633,77.63571904881935,74.89808213283777,75.20861307088366,83.46786326626798,84.21408583134149,84.25556484238378,83.67890166517545,82.18817526479954,76.06622931727678,59.52873283225382,54.44416104353657
2024-12-24,65.71264028060976,57.56354465858656,57.228747506929984,48.099939452849895,46.49012205363802,53.03134057054437,56.100695492889365,66.5572780555852,83.59195857113278,84.15608572720707,82.9479294325906,73.2052619987686,61.78186227890727,65.88694476404993,75.25503460820687,85.04615173706168,85.36277108125311,86.08784657848406,82.67049788496685,79.75890347742886,79.65930050670677,78.0209852256991,70.13680928093356,68.62021999868001
2024-12-25,70.61048270416813,66.55867846440445,62.425875158054424,61.86088176469773,61.197822576861626,63.02437181125268,65.029089892729,77.28861111737774,84.9887228981723,86.12569295776508,81.72549406914347,72.0943450544722,63.66821705809792,71.7996994938423,76.39551534305188,85.82434082279569,85.80626034376249,86.27198252409674,85.48429246074356,85.35115813710354,83.97052192782465,82.41121521194117,71.69599349886336,68.07951737181733
2024-12-26,67.56149265459177,65.88219682013869,60.03098099731887,59.25626292091326,60.9339744310526,60.55068813300714,64.43153628628146,72.58403150397268,85.00309125096501,84.8764034412783,81.33188895910105,73.5349170660981,55.49939340701328,65.71939859412129,72.47840242559005,78.57120141330088,84.0917533425248,83.57749610273649,79.15140568976703,75.12784922220033,74.34596896862051,72.71472132905345,60.70048498304632,55.15206883719605
2024-12-27,59.441951305714795,57.91276186864104,45.73856061087823,43.733544133132625,45.358047289548125,46.47764293706147,49.68510754761277,63.30826052498082,82.08438246417631,83.78103042797991,77.38497792438847,64.73371830934485,52.16625015263613,59.351693519412876,66.3666371846319,70.81671816663881,84.02742206317339,86.10478262156639,77.43342351133761,72.66537699513572,70.26027482880231,69.12624956862642,60.641841210288185,56.30487774241099
2024-12-28,67.15860963918168,61.9710883454492,54.259593166772476,49.4439451311752,49.57248262705992,51.01425503356792,50.805787730304495,58.54698068006136,74.0344588032127,76.37814561980524,69.35986526450617,67.8012102608764,59.651689820244336,60.711046192564986,74.55404887481819,77.89044829378179,85.08822585816118,86.25893865160326,81.7748705724111,76.05737608403821,74.77792948673397,71.1559372487393,63.41638629789679,59.72427057113321
2024-12-29,61.03715681613838,53.277073785002855,49.7178492655074,46.876386368347006,45.22097643707183,49.969182785688815,46.61238338599572,45.4115608626802,51.89869057585648,54.521005325814855,55.07034173926015,57.37591418591494,53.31773067452799,61.38941115931479,58.45075833926409,59.055218601739,71.86673104737193,83.36034952886644,72.56858828257916,70.37621329407119,70.2175720922142,69.97702458642746,62.701337320134165,60.17837221632497
2024-12-30,66.13087987544665,58.18842606766843,48.09312742632014,44.76869244461886,44.57810190256876,46.58797848816709,60.513987924835384,68.21797016036933,77.92711821035722,81.97150613191087,79.07898969077087,75.05612653386247,68.97488809283062,75.48744557029345,76.80673017277665,78.13211778462694,79.55493866598746,81.91376960123773,78.62752399079523,75.2293606130752,74.07370141900978,79.68985541444637,71.47975663275955,69.93967392382876
2024-12-31,69.33419013248304,64.91642699191962,61.799353278302355,60.6893316394893,60.38364308587425,64.33490685154736,68.49474028618674,70.2451294244891,82.61475371383361,85.40902583573255,83.44871351285923,82.90459407145583,73.42019047591327,80.4889954744946,83.73734107878667,84.94336944546303,84.89759471622182,85.87991792729771,84.94191882085444,77.80965219798726,77.28252026752145,74.47993603041118,67.58692707066075,62.72528183950091
2025-01-01,75.16860668817165,70.85915287877816,60.961758489427076,59.84486870776444,60.45118406984204,62.21332156456635,63.44725791353594,74.27424461682358,84.07946165390108,83.90467198269381,76.25760350225248,70.94258504517623,62.26806935582884,66.6913015720133,70.86415085162253,75.22692990852538,83.38274010691623,84.47682509153405,84.39192870188654,73.26177831788608,72.06114345355822,76.14077343134278,66.22317394582831,64.84668787579496
2025-01-02,72.59509428223684,66.37369253642652,62.99201840866913,65.08007871029007,66.3513868950768,70.53063871841088,74.94206662943432,74.11979825015005,78.72895750584968,76.20231074090135,77.50453890477857,70.98679096612146,55.23746244906392,67.89063046667974,74.49974025021353,78.99990917704986,84.14456606948438,84.8169061481328,81.91908539569924,81.32323212455391,81.81360077281444,82.1102098064007,67.321023002482,64.86701628036073
2025-01-03,74.30077039035159,69.29276330875412,56.59524189994087,60.68430839251227,62.043525111391176,66.52008862913995,67.69200533009295,73.11177895509057,77.59088487332154,77.80835076195882,72.67841034059849,67.332906127442,52.04085282205927,55.84279780574625,72.61523503403801,78.44606571605557,82.91265671873232,84.47766736927447,84.27495971800185,77.50317144862252,76.62724802617443,77.21050485920048,66.58573748080998,65.53964919949316
2025-01-04,68.71694994639027,67.96528489794149,62.88768908530679,58.171390084024374,56.87046304378564,57.504966136335796,65.95343777771983,70.99998823893921,77.0470146788632,80.07661474437006,73.44968943729805,71.82330807659386,54.844080615383895,57.90284089808709,70.24418918525069,70.87099812046125,78.60600237206044,85.80637498406912,83.27391391389234,77.39378401006182,72.9160862278742,71.07870932022254,65.72786895430687,63.983984243199885
2025-01-05,72.97762071777863,70.0191403200235,66.17597734582696,57.35262705075315,54.233248248396905,59.38405865990208,65.63711795946666,63.10652210964662,70.29706888833789,68.4824779223898,68.40946502029863,66.24855861841792,65.5994638129722,68.73529511914981,75.83106308275846,73.84515724759093,79.72112552383531,83.81326701991595,84.47626405921817,83.13860037371026,77.57312976881906,78.62432992949817,69.18286637966769,68.07991935963085
2025-01-06,75.23589156805295,75.4227050971923,69.91263931284735,66.01840313029912,66.85489465481255,67.11230019846828,72.6751867354009,75.01877035864484,76.32011338176476,80.90649728812893,80.69270273929834,78.44742828680153,72.98703523279451,77.30134248999077,78.8044130782093,77.7944461465915,78.89764892668022,85.84140016049888,85.6361195091874,82.56230916878803,80.46571333534057,79.70271690437274,71.23875629412423,71.47956896341657
2025-01-07,75.44406227059686,70.71684802939438,64.31674592641413,61.531609771258495,59.41409729051027,60.57575321650473,65.24719726770796,71.57821341775835,83.31689492338228,82.9208910897186,82.19137546311443,68.99947476422021,60.44379823161448,62.19428809796503,64.78053545483144,73.11942557104834,82.42850100229172,83.98209464723796,84.28071180885269,79.85738931305126,76.03756914202165,76.56448836828828,62.90727808478395,60.288619017228285
2025-01-08,66.87818292380737,63.75639772153205,55.510537602292565,57.88137775261512,57.20490550887755,60.88338724778585,70.39452499658474,72.29096872698852,80.27680780024647,66.97724458363574,52.72778535725368,48.890670001009845,34.813082151690566,37.35161339269074,52.77094990854416,56.92667312135667,75.95202543756682,83.92887326790178,84.5680587871664,76.2647844385085,75.41391775565661,74.12513406507888,66.49671195561139,62.41950473447316
2025-01-09,73.72837794923778,69.3965124956349,62.57015608654526,59.45802666951958,59.778661457197,61.22559896308089,69.9357330007404,77.01850190841891,86.15242425443529,85.42398626593369,76.19496948917109,71.55116104996856,54.78061389044038,59.28378497877713,70.40550863877476,72.20494084326873,81.43019448905547,85.90843974390897,85.562268949437,85.16791396118745,80.22640419105227,81.84301541318683,73.68392591501004,73.23933791650354
2025-01-10,74.62608299992785,68.74671403665909,67.23046156373574,62.60931700227019,62.878353095535545,64.95625672937058,71.24010097361614,77.61322524548847,85.13320817386564,85.16766301618837,78.93926115539358,74.26812445976798,53.071016429426656,57.187445369819486,69.49750475834718,70.46744193141367,83.61624030355962,85.38177070593663,85.2031995022001,84.58752376600536,82.70635730191859,80.7180286811856,71.1884229728536,68.72274899550771
2025-01-11,73.05641260930774,66.06616827121702,62.584636631300306,63.22118390409539,64.79772451173613,64.20607283041019,71.9197861269166,69.94293248705736,84.37847729816922,83.87800036163779,76.24770049464345,70.2205059776024,57.65204526578973,61.192132712420985,69.65577362576273,68.09680001619364,83.86491824744938,84.58121030308075,84.67581838362051,81.73075397099889,76.35217567703513,75.7920120978588,65.95855319283444,64.8029242805994
2025-01-12,68.61146726942354,68.00792221695147,63.55110693189304,61.78953560480074,62.8498237448813,68.1207695379929,68.33451975527589,68.25284431340324,65.56059570436084,63.306832496614,69.77552292075347,66.94927849297721,60.00474481222673,63.46968383895802,65.48565422807363,62.98157057086662,71.92515792295237,82.90361342714255,82.14086442179119,80.30646765531874,78.26270521215304,75.97628107430745,63.175037259415696,62.40379493694225
2025-01-13,62.35975937655444,56.078055566547846,52.45571775786479,55.32428015224881,50.49809858630692,52.52475657955384,69.31810128574945,72.19506423329369,79.58850882439424,81.49365778495216,81.06051920911872,71.82090166859298,60.15963352978606,63.539957118695085,66.8371630350285,70.18522989146882,81.02175009491596,85.37114023936624,80.45359716720196,81.70520223257363,74.84687296218935,78.94417084552516,68.71177415500284,65.37268747979644
2025-01-14,69.45970890048676,68.26134769226852,65.04907125970294,62.10533952793972,60.677564388979626,61.51872719524594,70.21515816474286,69.4986590717422,83.27160719207862,84.79449532343894,74.66420454195743,69.57937509533218,56.68798359896757,63.72378022374535,72.56207660445816,74.82692250747819,82.87766204441981,84.79433198475239,83.00540846155525,79.01663080967818,74.82295642446054,75.14906828549549,64.66556957950161,63.89123349174531
2025-01-15,66.2639841449937,67.70245520704593,63.87556709229212,59.15434809902706,59.81181725081044,63.4892755301491,65.01437940414192,69.40940180933674,83.87997445424692,84.67573782785281,79.63199571651774,73.69440497144338,62.85034021100718,69.05190421506785,72.55339673939085,77.55333198202288,84.99975984984424,85.23657285905047,82.0917810238388,79.60516981272076,76.67825016998569,78.2675411492439,68.32493227160398,68.52546170770121
2025-01-16,70.44361979648465,69.55703126255513,66.11813356409668,59.60975687081184,58.475761821977805,60.94313343053228,64.99354830598563,74.21017760216392,81.56216736242565,84.09913997897839,81.77089228047981,74.07499835844867,66.73696048798435,71.58022665720331,75.48717773088559,76.58612792060109,82.96914845190815,84.78264645993202,84.48355056677794,83.80631718089819,76.15900750913303,78.16109269894537,66.28881689232189,63.95785231049159
2025-01-17,67.61446641227248,66.31589784667139,62.61404924521921,59.01035370776895,60.26185404704693,60.82981336981047,66.39434370509876,71.97576119915672,82.90169226496282,82.44300816204986,79.99001137671479,73.40277296907153,60.48117095571308,65.27317490596563,74.70432468692321,78.12324970912877,83.89371762926486,84.84231854562798,82.49780902017248,80.29775395982671,77.60146561747898,77.67496656853997,72.69720233822184,68.41597482696602
2025-01-18,73.4513025324246,69.85486322161894,68.76446018800944,65.56698035890199,64.68683247267874,66.63294518174656,68.02729236579518,70.64097960661631,82.92626982475886,84.40186066030425,74.45715351413287,72.38608665613737,57.086943943506824,62.36700549539167,64.66640235225302,71.54712168298904,80.72412928216893,85.0876083928154,85.13131957498439,84.75892283738726,80.26286097096546,80.35941802817334,69.91279723764707,69.83129958715267
2025-01-19,70.6377633670816,66.77703345013451,66.4912243919107,60.59148206260854,59.10861482166131,59.484876381807226,67.4543260970007,69.89296338588045,69.7686624804088,68.17189935075383,59.986530384842844,58.273284457655905,47.92266308952829,51.83070939711888,54.960444227254136,65.01825414251437,68.10289703811706,80.17189366178438,84.79774613213483,79.04338206591721,76.85144898557846,75.48546202421964,66.88461549381982,67.85721115063704
2025-01-20,71.79518036655818,67.7738829727942,62.96044484686806,55.74669287675637,56.539961252809874,58.51153497717933,68.94170489962755,70.620135656227,80.48572934567235,79.9986828670636,70.48929820327037,66.77051136570061,52.36742792979757,57.11046401885763,64.74791772774317,71.03455276611362,78.0785212536583,81.50118856589788,80.00990870728143,80.65700275880286,78.09878328139952,76.7065455921709,65.28988998656138,64.81074041297805
2025-01-21,67.21841967946527,66.06487797283968,62.73285630106839,55.79442545812299,54.36967304601445,58.776081511657694,62.46102898910409,65.04833880199429,84.33108104704044,82.88750936635039,76.58626123415169,60.75100253238678,48.79919119446185,53.318552746410255,56.21142550968319,67.60013274869794,79.08695983327608,84.93279107452034,84.64638518256147,80.58320030940926,77.05356544039562,78.59025986991186,63.38243781620637,61.50112912494647
2025-01-22,71.40447456738676,69.85710389725371,66.45734458671154,61.628410427624466,61.098557726961516,61.31097908561484,68.95830259245253,72.5222295352717,84.99749185801099,84.52068355639665,77.37831838950363,75.4195885188496,61.626734752831176,71.78209395330465,76.3485604519094,76.38478237304801,83.96839322155189,84.44285046416805,84.70285523686886,84.80450781653971,76.54277237626313,74.86401435418979,73.16767825170638,69.82297132332482
2025-01-23,70.55935160113354,71.21138004937966,67.79245645120088,64.4449894362331,62.695637708266204,63.40360191037016,65.63847064854237,73.02658441712153,80.08728409024046,80.80326430753011,81.02624748979787,80.34296899705873,71.99587881171843,73.8289146072884,79.49542418738855,81.34044289084979,84.33229281764633,84.34562467413944,84.05254973605722,83.22301136504015,79.74655886666675,77.94422925551557,71.70377978802425,69.68798211946395
2025-01-24,71.64374184314063,69.4866230607262,64.7701247001044,61.72648187741479,60.794022315840124,64.60590991289578,68.70044761651124,75.97574772425094,84.9531030555132,83.60263366062449,83.5434046649598,77.96533638857768,68.04091665399551,70.6055024218773,73.42052356391356,76.15464158746309,83.74930226395314,84.46483565974074,84.38044018014001,83.85905046352104,78.21894811787087,81.90295637350738,74.27131411710575,68.86965074138395
2025-01-25,71.36390230398982,71.22569071409718,66.29688794942408,62.45091224235527,60.64937762997124,61.64390509585966,70.66095578190935,75.08377158388195,83.06214123245452,79.70648274032547,68.24743795193356,66.813333107869,51.19047198092253,56.877744763001154,65.85979113147572,66.422865162208,73.16190422395034,84.73585161571764,84.42414330342633,84.40308669917086,81.28280547386193,80.72104793588534,72.82499840161265,67.03319287541686
2025-01-26,70.0263833709619,68.79571524681872,64.37769733535163,62.698439862931295,61.65568519930413,65.15644912906205,70.85683321730701,73.55696455655973,74.33039196931173,68.3432756577454,64.75576705807748,63.08477127869564,58.875259615012865,63.05779777589085,64.64412249619787,68.39677090455551,78.58700208603825,83.33593601348811,84.8054604147703,85.13025908406726,82.93853815364578,81.93071718631295,70.6543620847037,65.20342904225005
2025-01-27,74.22940520848314,73.12986564040106,69.79068393052846,63.87170963440953,62.649546294735856,66.7835806922483,71.87249485761997,75.54921303385673,81.59764744310365,80.70878423856415,76.89774883526881,72.03154975821792,61.554730190268906,64.69626262339541,71.07137370000609,72.80240512810087,80.98097507799224,85.39766048849638,85.43705947810453,85.06970654736642,84.55585733241996,84.93888499503491,79.28793149278935,74.47492203181753
2025-01-28,78.43679346124904,76.35967798213618,70.90420051662508,65.70283920483583,63.83183246316829,62.8410575488091,71.27943607754386,81.63877944890922,84.79022937169185,84.01726238222301,77.68952668280072,72.54460054451667,53.02864840244173,57.550146027504304,67.82971498302507,73.07195724333134,81.98896034540218,84.24439753105993,84.73125919148202,84.54511760207751,82.32461854072363,81.45368306231688,72.48955669199043,68.34301299074787
2025-01-29,65.63565015256242,67.61552643545973,61.669482627172755,61.23016280605501,58.54279052274391,59.2260472141339,69.61164794280647,70.01979725992358,81.36349573758491,82.41666179146347,77.40056532469647,71.5655139213992,57.0510170324229,64.59977250325689,67.63921853796562,73.32370266143549,81.16958258716167,83.06081062208534,83.31160591528212,84.62843500233531,82.25115292167834,78.63831782495971,70.83318384501922,68.29189469565074
2025-01-30,72.80754863171153,68.83429614143715,64.54033961311707,63.964780937764175,62.71324568766357,66.90940212369576,70.76618356473081,76.64637917289174,84.1240174607759,83.10088615842356,74.06070408246741,71.19110419957181,57.45215660016912,64.6838596203651,69.1900968025274,72.67690373032073,81.98108448789486,85.05201420391606,84.91759602779617,84.71451532086782,83.29729487381739,80.04140576473058,74.25057534062358,71.07826961270557
2025-01-31,75.56251896744467,75.0614085394604,70.7425414453477,64.21427052237418,64.42773068438835,71.5916486054833,70.48275811713992,79.84197888322072,85.27618360785348,85.20726623151127,77.64120136651934,68.118804567093,49.06029136882756,53.51905403464377,61.949486060510374,73.09731477529776,83.69787621898229,84.32969288719212,84.48119596414647,84.37943342452286,84.5348471964812,82.64891896706219,82.72281832450669,76.96697851819184
2025-02-01,77.95963381587612,77.55587913399626,74.5893193733012,74.80391684581312,69.29705345439764,73.85741982961606,76.91537501057915,82.07806774355898,84.01372576043121,84.09147948603318,70.7052046046014,64.43159803828861,49.87967799575837,61.21357023469352,63.97453124282233,72.90292706141021,79.70322962294557,83.88867971046764,83.8395951509088,83.88074377750911,84.02348584167339,83.92632780621696,77.8444225005934,77.58124340916552
2025-02-02,78.20956257451786,75.54164858975133,72.86995176689484,71.46221082191988,70.00217183587111,70.07624646516695,70.91495711830295,77.28605301231423,75.42279775089713,68.38581142646267,52.443144003363145,40.1349595751142,16.40406774953842,20.52833493587798,32.31664689707983,53.180472544388124,72.09793247578384,83.58330452977816,83.66975510520888,83.6902132010623,83.53899211850292,80.03737480932243,75.65264884653611,75.28682461470986
2025-02-03,77.72544442635058,76.33929746489223,70.59728825914253,74.65453310818465,67.4080640369716,67.63198961694744,72.44295059409026,81.8274306496988,85.15265537153043,84.59865348576842,80.40999904230469,76.14080453727209,54.595249469412494,57.84204653219778,64.78950209348184,72.29777995124721,78.95917119726056,81.74879258353843,82.59522452838148,82.77747731826447,82.24666073612153,80.24783581088323,73.95661196439002,70.82752754063989
2025-02-04,71.5640253837053,68.99093759530324,62.10852093928098,63.25914498834858,60.36914533942617,60.66931425534317,68.21935319720238,69.75158499225375,78.73555814135452,77.30274704331539,64.41582998307658,52.1601127356189,39.872201429787445,42.353698933273606,52.86013964108271,57.95001084851344,74.59706164465864,78.46459214682768,79.06153348244459,77.87996533805068,73.60586095203327,72.12574036706465,60.757040973126536,59.09915313233839
2025-02-05,58.56126398851062,59.622981619618194,53.30036881322267,51.79708273545453,56.80988033905002,56.19227546044961,64.37316734794994,67.85388127340643,82.74425257729608,82.20431580270242,73.31656451255857,68.39006674522456,59.96599902132964,63.27783031553186,64.13891284204477,68.99543179406562,69.72547399400023,82.18432421702256,79.81709668665347,79.88620725350945,75.80316967262344,74.82705010901546,67.79116757742962,66.53874765594172
2025-02-06,68.64485738110778,66.89080598074163,64.34382916264248,62.22075450256212,60.989276596201954,62.96605446818,64.94546364408698,70.37923355726706,81.0524387356277,82.24196415878211,75.86692159015438,72.61604651575651,61.39011805720017,66.23705496101917,67.71456999839843,72.19984062354277,77.25506287687836,79.05044043562583,76.95884946325253,73.47590354030467,73.72789114228274,73.66356643560592,71.09163172349038,69.34108828227212
2025-02-07,70.79640882065205,68.69813535940344,60.317835077677586,59.993606093704315,59.16660581442556,60.98660358020311,66.02795599528662,74.76594538080842,82.69245657871473,83.66304510069487,79.78127467289467,73.35999419461928,61.92997012786366,59.26626111060368,68.57022859775796,73.59861249980177,77.05238859583618,79.0622599706771,80.39143209067227,80.11879677803604,78.4705314557728,76.29667727300695,68.16673359035049,66.07242615612515
2025-02-08,74.75860269770348,71.43487434749579,68.5004837875118,65.93341167662847,61.284043486705094,66.40417194375753,68.75532637703125,72.30528742184548,81.56384618426083,80.78195161191762,72.4608783868844,68.10226693781142,54.84510105538853,56.862657595289164,66.30840279197595,69.53927400590253,69.15414206543475,77.69678839716002,78.65240259650491,76.48252018736287,77.11844302022713,74.124866464131,64.90964894196188,63.00336767525405
2025-02-09,66.93915804700568,59.35469690988742,53.022939281122014,56.01197262973209,51.26062319655665,50.80778608574897,56.1113392787336,58.54214014596042,55.195890598737016,52.47183827827281,49.61003187808398,43.44403923351467,34.697129360413584,34.71742083222576,39.237131875287055,42.49333027128111,44.999594632771796,72.78962475123402,72.8254252703328,74.81886009960161,73.07268243481982,71.56591145414156,63.82169781754927,63.748248186246556
2025-02-10,69.84780074947186,65.90152619710351,56.08307665659879,55.44745807380719,54.64340295206268,57.689951812992206,66.69283420774532,72.45465237890679,81.19504418756014,80.75315982438597,78.7964724100557,69.50971794709281,61.451432231176035,63.680823569841436,64.79376691051635,66.68511029858483,75.41487280766273,83.14532544553465,83.34515762189525,82.74086612969144,79.03207480654389,76.07545385840854,65.68776163410982,65.96285997445881
2025-02-11,75.07444114397141,69.36609149626416,62.48024504974126,60.43705540400206,58.376062665402884,59.1408538291185,69.45546882412367,71.42779706097276,82.06931254258181,83.23455784366006,76.15916779616991,74.43337077915679,70.84000346274387,74.12860322727896,74.4529593802982,76.63214511970253,82.31394806479378,81.92168372028945,81.84644363942269,79.85485394074705,78.37254980560415,77.89625553031551,75.4051474438079,73.07731760884029
2025-02-12,73.65061734048109,67.82519131270656,61.91503888311198,57.92308907099727,58.591326539754654,60.92582135644781,67.5821456479813,76.68631039843196,81.04862273667908,81.77933919613099,80.1802583670095,77.23913073417339,70.57494688788411,74.52938992862661,77.92635822798823,78.89966338243553,79.7531930126518,82.64549968396388,81.36656963081519,81.6858475788822,80.83614532820593,80.10228658931945,75.67907543486865,71.59553488876296
2025-02-13,69.24574157441732,63.62184147414529,62.604757648218396,61.60179508993645,60.092654997646285,61.481319558477644,65.62706823419848,66.66591282106154,78.92636499820618,81.84237146861818,76.46347012413393,71.31782261163907,58.90594456822419,60.94619343887747,69.37720947651704,68.6181035262987,76.62934985067514,81.52634089933359,80.82627791261314,78.1216457404283,73.76858285616373,70.84652965682784,70.99668888179755,66.49378297388193
2025-02-14,70.91613364984461,66.81548539105393,64.52277608641027,61.12277745181811,60.72142805818797,62.16938459933379,72.44276868687253,68.33046263055525,80.89373390523879,82.13175843601225,80.19301083496075,75.64516581594204,62.75913481569351,65.71936013494496,68.45282283959934,70.16127184536064,77.4220864439,81.67608454496697,81.54504965888633,81.3367574210599,78.51971565576075,75.70157262636997,66.82883621440423,64.5622868565797
2025-02-15,62.222190811065,60.17090361854685,55.23242194517478,52.13116828871377,49.98442154437972,52.178056973915986,61.74403323099063,64.16247514689682,67.74113147772546,65.4043571171941,60.90379488280484,65.28748084495363,47.35120003767341,49.44144579953512,52.01458184232467,53.98687094812726,62.33781179080682,76.58850274293837,77.03861480790923,75.8297204531911,74.98369094209653,71.85821441256932,69.17824437320411,68.06652460462742
2025-02-16,74.47284093625338,69.21847152046657,62.876325045567654,60.93085566309637,60.88919653833989,62.65837640919644,71.77386147398929,73.70114449352144,68.481373547616,62.2105609238189,48.05297620706695,47.799850778912564,32.175262531299474,38.92440831979968,51.75212330528693,51.40026653536202,70.41950960007028,81.28490595566164,82.57619089491926,81.37037029111531,80.84698514857546,78.0858277986481,72.61526233084658,71.70947210945421
2025-02-17,73.8661228476466,70.88238612121026,67.52232204120257,67.34854266075001,67.35605494378022,70.37275333820533,73.4859422055408,76.37737571022679,83.02851016115943,81.31804898437898,68.37441776592063,67.39092887773096,53.876184222387366,62.346764393236725,64.71182755606576,66.67807027328172,79.36096175949385,82.97817536465858,83.29602452638355,82.76911942022831,83.00607335674532,82.13359063386301,73.62696662949482,72.5790311934105
2025-02-18,71.46822896798693,69.13450566765607,66.81829058507533,65.99031433684065,65.7565478096877,66.89760272277931,70.072888125795,77.9104389500574,83.40022465395997,82.59276367966264,72.62088282707232,69.32868707868347,59.07926899543156,61.773331568800586,66.09625897079948,69.2829351064001,79.64813965219537,82.8180524189361,82.59530272196162,81.0400419563487,79.87659101888389,79.12006272748606,71.34184139257614,70.99907901409419
2025-02-19,71.21315917601366,68.74408261729401,65.43617059115068,62.701201703560066,61.67155674458301,64.13976459584187,70.26275321022868,72.56306082270595,80.39947838607412,81.79297405161047,80.38510541981393,73.44665153661212,70.34763163109243,73.27799161239504,73.66281295068019,73.85644452686303,73.65554276393526,80.61520771593959,77.98921074915782,75.0241513896917,72.63763534433113,71.37833360659216,64.55055172417082,61.85326024795927
2025-02-20,70.32353670917836,66.47465259918486,62.378366949596256,59.082770807297166,58.37455803005001,60.36343879447881,68.51254765852119,69.07712361280689,78.62749308740662,81.55625354590029,80.79169879172393,76.50498715557234,66.91196566373226,69.90329533068333,72.78453686415322,72.70209179879971,74.61622824996341,80.33890968591584,79.67237765299753,76.61170058279475,77.18926249845991,72.65151614529043,64.03801787452025,60.96547329408505
2025-02-21,71.68304518127219,69.62051584045557,59.777550431111074,58.27749777270124,56.34209067053824,60.55315855659901,67.01240761025927,70.67359109479472,81.87430905377137,80.70924738442335,75.90644695798363,70.84497193814981,58.92611022833413,58.941671440417515,67.92911805170142,74.23600601028103,77.22617090347829,80.96626007653417,81.54868108449438,80.67027548797338,76.4025426533188,70.15008328877074,65.25339563109763,63.724583661927085
2025-02-22,70.05176257340699,64.32930337201708,60.31153171810513,57.87112133578059,57.50458955071111,59.599428522420524,64.74415069799251,67.43604057155905,78.40036395323908,72.10973069961824,62.36361856692787,61.54078055051849,49.443198108327216,55.96586830925983,62.22690727275061,66.66604165884304,72.52105565828622,80.95741204989078,81.44074921012755,80.39398324733028,79.07383439272368,74.62950371391064,69.4304543530823,68.66208962764958
2025-02-23,69.04905325273684,65.7289356300321,62.382104483136516,61.454136213099375,59.555198721969035,60.02484400676999,67.07369833232218,70.37962383832598,68.01986671932859,61.780469455831984,53.20159237418002,44.46808460716654,33.78876731048428,38.152450261987596,43.26494620657181,47.74105355886647,61.327565010834235,77.1545660562051,78.71753202520271,80.10674943924377,79.44114927636433,77.52366444177247,67.85526628517466,66.41510400311539
2025-02-24,69.89669129755997,67.75954074949513,60.63546330895144,56.837540062211744,56.03099685757253,57.56596528973281,70.27860084098897,76.66009924973316,83.99464652942137,81.2362264483268,75.56817828711752,70.48974461241794,71.012992575583,71.57710556621309,72.67047579237307,75.30465248605033,78.95520119755697,80.18819657065832,81.31881341123595,81.8741438534502,79.89602468089207,78.43624021098667,72.35778323762823,72.46077514476124
2025-02-25,74.93105305795919,70.16452786651323,65.83841793381582,62.42597338408349,62.94150562537863,67.43840877745913,73.80782995405627,78.43260741619225,82.90805910827989,80.73673488062181,76.15129686934068,75.03005433947168,65.33002407086322,73.00842477733576,74.31708939756601,75.78444181879676,80.71131167112512,81.03929050313084,82.68225838336343,82.60498705915379,82.46893696970409,81.68777933102288,77.97749064379973,77.93107134808119
2025-02-26,78.10621805009075,76.90661410801978,70.46542000878128,63.36512417370637,62.746531123477375,66.30937381306809,78.26449908298285,77.98381527283,82.60236146248857,80.9201454766004,68.93214498093806,65.26481238844235,54.1890987738428,57.22096860814852,63.082432235475764,65.5501020790474,75.60730384609889,81.20318537323112,82.04545631440784,80.19992735862897,80.24225765817026,80.22365133192619,79.411759369439,76.17638497476447
2025-02-27,76.4533420445314,70.38629318455008,67.18043387856079,62.90495531456096,60.71796566309829,64.71420059853504,68.48189950148495,71.61871875841288,77.39915157362537,71.74281423450955,63.76590409693635,60.68962618738102,48.209898298614185,52.674284173223505,57.06886415309715,60.61019941157944,67.83368681004582,80.97067280527168,81.34177078709327,80.53571306317754,79.46510540658433,80.6717634131365,72.93091043307405,68.14389740309309
2025-02-28,75.11921989427611,72.72312289064982,65.64553242426763,62.72404340250727,58.677267672642586,64.0658642936244,68.28064287973939,76.13736729375749,83.05209142458472,70.43019108700544,60.116004661789525,59.650892687650746,50.67324098423114,52.20580281131231,59.11875233441049,60.888004653807215,68.88425804724889,80.62953047833726,82.29979249044614,81.20830733236008,77.15373471574173,76.1994784186742,68.6734643671806,69.40801975959226
2025-03-01,73.57687962911633,70.9916235735029,63.915595945767464,60.996403594955325,60.424159480464596,63.46342899651835,72.44345672211102,74.76428392951108,81.47306430723279,74.69767958391377,70.43181293637146,64.98067605584686,54.144300932541334,56.50422934913244,67.09404729206982,71.3340287626876,74.34471664404789,80.63587920758714,79.8404355385282,79.3799863242458,78.7740325553061,78.14686188446856,67.7888651610204,70.45873087768193
2025-03-02,74.95895618202877,71.66963121150923,69.79123212322806,70.79873399100094,71.19162438492947,73.02746497324871,76.29183662987644,72.95969501685471,68.53930669950529,58.83009149178551,47.17953871861061,42.032825030136586,39.07971794552845,45.348334416310536,49.21691588833394,50.45549123853473,62.50694150358229,78.5993322761605,81.18966528755759,81.18229555425846,80.6273687239411,80.61214204381767,69.40053577823933,67.42756852903506
2025-03-03,72.61691284298213,69.09953136622732,65.23903239315915,65.94997644679384,67.48087862603452,68.76897003888399,68.1126138904641,67.81732718235179,78.63409763537588,68.09659878545865,63.17270845436214,62.76692069951836,55.246607987255345,59.399813790261256,60.30690296704891,61.479173077918944,67.8981244454948,80.3119395271845,79.70552273565812,78.8823658121223,78.10097035672942,75.80783705592165,69.6326397078991,68.68083247652622
2025-03-04,69.66280716677204,66.11902985532716,62.632234765067295,58.202167712154385,58.17491100676597,61.996914560534876,63.506730933509445,67.62533296001014,78.6377000296986,80.1131029883927,76.43989963700002,71.30453073452189,64.52979140518812,66.40881893381275,69.62303712556657,70.9104222321347,78.10316961074038,79.87305175900637,79.02776512198517,79.19317933363541,76.79954454519462,75.68205317432098,68.74508604108401,67.77187237035157
2025-03-05,68.6080914183669,64.94054535883917,63.1085322676831,59.87197345273213,62.97530279802154,64.10759646669646,66.11837865891238,71.08198046403518,82.36843203633092,80.28710826899626,65.93257453527038,61.858230654318625,55.56925023493211,57.80151995050244,60.17673134054279,62.53155971085903,70.00689921628164,81.15820150719136,81.67554434668347,80.80316430358795,78.54081780724425,78.4061000896808,68.13392601568859,66.66406530663967
2025-03-06,68.15865208063829,67.3811107336733,65.42588714216487,64.55767452176873,67.24319250322495,68.73098785407419,72.09815084028018,74.13587898654227,81.31490687150658,66.25177497493645,63.17598100121269,59.44674944965274,51.33055640025174,56.17441456809628,56.522416496247565,57.60016691021566,63.12954786350258,80.17067446907937,79.19792837116798,78.23524363176737,77.58565772637431,76.7623093828036,63.45204794784444,66.34531357514616
2025-03-07,63.31990852520536,61.483874539892184,59.35173897574584,59.92752524297231,67.83875986064555,68.83991689283444,72.93603822504826,69.99970581301737,78.99234463367895,73.4620102345047,62.502362295195155,61.2438907717333,49.63912153839236,48.96180347721921,60.18669362292805,60.97560552827579,68.25759095425359,76.68628849478927,75.60543224166894,74.6868174083194,75.1882821332316,74.41184087261914,61.80688098198168,62.94271354011571
2025-03-08,63.57297029442135,63.291406968756206,62.23616237681603,62.85310515152534,68.91473832014785,71.2426026256857,71.06949597974325,69.6572611289218,73.62887385138879,60.7774657739569,52.08486559217373,44.89776798943775,36.79989941523698,38.952651198818074,40.04354150075353,43.204391466165696,51.75745906119159,71.6018521845902,76.492022050039,75.59560213970072,74.63230139907455,75.31723991129695,62.83634279269608,64.22243539112247
2025-03-09,68.86956384265244,67.37537934754737,65.96972242145335,65.3176640104667,70.46359362156694,71.2489803145627,72.7201103870417,66.46202067731058,58.607164418900226,44.01747684149195,32.25425232737409,23.574305609469082,19.51012003720087,25.244602579762308,29.430717737713888,35.82729782777026,47.21434838105754,74.72652141219795,80.54868785236809,79.8479487621725,81.0224090271063,79.01886171282855,68.51561208146639,67.71742926019611
2025-03-10,69.9903375289431,66.92127072831303,63.35912022847766,63.84863578369423,69.05894821087834,69.40670304679931,72.14026893267568,69.43885802119773,76.29672430155047,74.4260305067601,68.64378951846955,55.70916643700655,52.850468254962216,55.2180018305811,59.001971059373346,58.87765458201786,66.79908917182676,75.47599085238457,81.74347570329935,78.89620074283043,78.39021096836296,79.27512252416942,69.60417487923935,68.28416677809314
2025-03-11,65.70198252499448,65.31643263374653,61.17633799743157,59.722587598575394,65.75607723755506,68.35623497928547,70.22005799770427,69.90628290556587,78.96047499751815,67.58892580848628,55.690721820246544,53.174795897982904,37.83207887818236,45.45670124300921,52.21076713829116,51.02081591693187,61.462031006581135,76.8454152570861,80.42148288919222,78.510913255012,77.45701787488841,75.87760255669811,64.82294607724312,65.30324230631481
2025-03-12,58.460244017413196,53.68385866621914,52.88001930058736,47.898167247996106,54.35539758094384,55.23638699152604,61.31141025720731,57.06006850696027,62.53049008602728,53.22305279611417,45.59306220531234,35.093614442115616,28.9096493763308,29.80150999987185,37.066072299553134,41.67464706315256,53.49242901658324,68.59405510496121,72.22445662052638,70.74039567521889,72.02350947693067,72.11114535794489,58.78416296391196,59.10155857929367
2025-03-13,63.163097516575576,58.40930190877017,55.215666553119284,53.23748540413645,58.88419955796831,62.65497254177857,66.09639010710863,65.21682026990267,64.89661445558349,55.135331162558415,43.056992682374755,42.38423182268454,33.399407931143976,30.530058443617044,36.60913443829666,38.44521378140245,44.08627429156772,62.82351526452743,75.06916412114279,73.33897975427331,74.57639212401678,73.86968113318316,54.55814140755709,55.68283974562683
2025-03-14,60.611487465074546,58.39707966478831,51.74316505033072,51.43588081253639,63.45365078710036,65.48079633566843,70.76253611294563,64.96866061324612,56.79242164936405,36.42473319312058,32.44356014275479,22.487325212022512,13.326601867405474,11.442121720673779,20.14199120612808,29.388483177179847,40.65580007624752,60.374320076322135,74.81364340734218,75.31479365340341,77.94024479800902,76.19522911471789,60.42662183223634,56.651462265018765
2025-03-15,64.98483631654594,61.394134850100315,59.548652062226175,61.20440598275116,70.50731234272493,71.17985248102315,72.93037440675796,63.738433126217224,43.8749327451595,40.75949519269585,28.079311470360754,22.12692537148462,20.584214661007017,18.952978847521948,21.098301419563803,24.949271169008043,36.528489961849736,59.10686697552219,75.04515601871341,76.30050891408578,77.73466490315003,75.47776578935213,62.039921402149766,59.92838772938121
2025-03-16,57.47678954968789,51.596695937832415,48.60958461672595,47.28717148547134,51.490028935707834,55.09103107079346,54.830555632696544,49.56925670694826,43.55317465859209,20.243910316681593,17.777783518135852,14.776861005917715,12.544352966448631,6.406733705647694,11.020955627812851,11.560816478950487,33.20903844299515,68.39550501029328,73.11425203189542,74.82648239255656,76.71597589140323,73.8433935820739,57.87855848945525,55.58411812987612
2025-03-17,66.73198130112118,57.695968783182664,57.38176530701335,54.55958075020228,62.01262532588224,63.73479030383888,69.02526384016282,56.354878078922255,61.190425402887264,50.747175471951415,42.317554118905875,36.434730338496465,29.283685337099456,25.561585259473198,27.53227708947627,35.83055932784405,53.81067413618578,73.85931944635489,78.77752208842698,81.26247347996075,80.03696018923563,76.95634913757043,63.92298941832542,67.04092644642583
2025-03-18,72.24549803460874,64.0268032599841,61.734636639739115,60.80186108411582,66.87783197666785,68.02974494478713,72.46767294377572,65.66724821605854,62.543688209917605,57.6802289619681,42.237835791592005,32.33555129258494,31.659896506251123,31.593609464345143,34.310516696818965,45.32980918146636,50.57461617254144,66.57001242294747,75.81845446904268,71.84168001125168,74.59514411343707,72.76058542373697,62.99043020290689,59.72797717168846
2025-03-19,64.58435991019896,53.52656046685892,49.81007175153161,49.2880276138637,58.110175916763346,58.25333451951939,65.47577895676218,61.02478865661226,69.53142156813647,63.88692727701334,50.34345965218749,49.27955168300755,37.07202683305334,38.16537188855798,43.42528792461698,51.790173959124914,63.5841575108323,75.72404978769794,75.45706745529638,76.8683927852594,76.40146160362521,75.37368906700961,61.24668552869439,59.40434148234834
2025-03-20,61.28075847782546,59.501363823830275,58.42842418530739,55.17942980314439,64.47956133454939,65.62309494713249,66.43072188344065,60.39773925665351,76.12091411484705,74.7024192786415,73.91905805951497,67.02226512498393,45.053708142680605,49.452603863387104,51.55753432318461,63.00994963154029,63.02554110555906,68.27884828467471,76.96237476178284,77.31749702986718,78.31827665647747,78.12863866511259,65.46840488003653,64.03718325946298
2025-03-21,63.43776165317101,63.160847789151,56.208674761421626,56.26656859593694,56.34003508337213,59.405168673065695,69.18042426943741,66.83200087302843,77.05662963983585,71.41453059353385,57.47141850588516,54.035560376633576,38.43640503972004,38.844081220520266,45.294696235890065,56.96919319706867,60.475687757285584,67.73128130778169,77.24715564442332,79.1663671900022,79.21083783889281,78.79935729011791,63.66153530996626,65.3177864318927
2025-03-22,71.85436351510303,67.8235079275169,65.70527029211858,62.40125358197278,64.7969703666539,67.56967007801087,73.88708606444568,62.864032365482096,64.96407223155377,62.78973719543062,59.221130979208674,56.53031631839578,40.638668405779335,43.47400644611636,52.710987106448286,51.679310741964436,61.90701377364927,75.9473863118084,80.12599336517195,80.17536018102005,81.07348120554965,81.14202185020666,71.12317010710125,69.38241259418528
2025-03-23,74.54830223880104,71.43826746949858,68.22444953376319,67.60743569578678,72.53047730663245,72.19798547814455,74.83005356644725,55.7403479016502,49.69373065589531,36.97320236321311,41.459934779963795,38.48674181384235,24.74430053832649,24.27846229663067,27.08118598439114,42.7269010964019,46.118729066288516,66.52112278867524,78.26472534862091,79.17745973808863,78.54821008159868,75.90196175929951,67.55139473366044,65.07390544478335
2025-03-24,58.02006104696519,56.76789426686074,55.57606943755705,55.63830685067225,60.55515850497125,63.42636725962546,64.98797944014503,60.81311689161328,69.58060001628779,69.30068320913703,59.566369283226194,52.5582223212492,39.66863861602248,47.31313071281637,51.67508470483498,58.752177308437915,72.08195025483182,74.68067328329039,77.71618996725834,75.8979596697496,77.73456556038442,76.17891604914242,63.07301955209937,66.37273744508337
2025-03-25,73.77624655094905,63.588431253854075,61.893747758528654,58.634139509557066,57.46774816930633,60.731526064181274,68.67990943505939,64.87088408958459,69.17138913086482,65.66533472960731,56.960250695803595,55.06576845979093,42.323146196121414,43.11715619630407,48.14528061669499,55.64165396298051,69.01847009988482,78.82116273623143,79.48053178301011,78.08973642410984,78.32072617295887,78.02133785397527,61.31866800157511,60.399553512315315
2025-03-26,73.76905773921001,68.06150661565161,65.19973338719406,64.85177743325414,65.62089379452156,69.0021836948534,68.64856353329012,69.31571498521824,80.2494701599754,78.56584099428694,72.19339406920957,66.10269592448611,51.37744278322063,53.529416687139744,65.14809242560061,65.9771801503212,64.71924100443083,79.11848504209443,80.4231364489144,80.62994074193467,80.55772999584252,80.6653832847054,69.06635363212777,68.22693014483444
2025-03-27,75.34942408352188,73.10649798161498,65.63405042473295,64.16851528924583,64.21208520327838,69.16207531013934,72.64624656444862,66.75106462872972,75.04481927044245,75.40231775370538,66.2718026327093,63.74725501083683,57.879301898080044,62.702849198449414,70.5538752172262,69.96099439279403,75.06292817601862,79.67677853041431,80.41415582078018,80.70573622772751,79.65838931949139,78.95936438834214,70.53849596850344,69.68736422458603
2025-03-28,69.29920267021951,67.47193794979344,64.71745456286104,63.057659126549424,64.46492566217945,63.424392918382885,67.98995480311815,63.085254324722136,77.4060849276424,72.99151352907744,67.89804490059042,66.8975243643379,56.907652618385825,58.56506416242623,66.09975187309556,64.1953616261655,67.36330648885384,78.82104136707481,79.44194385492769,79.0916770428093,78.89132038408987,79.14028397337472,67.58617672732198,67.21369551047029
2025-03-29,68.35012909015276,64.73660711585713,63.32153007867994,57.863766382563334,63.91844550207031,66.4331072663197,68.36346823578198,60.3771009727747,61.512345147552686,62.683780811569875,57.42877629149517,51.61294126844728,43.015137261665515,42.589606591496086,49.22141584470896,54.850078648412065,64.81024327970582,74.77617236788652,77.45978521027172,77.57944443508373,75.90686747256592,76.63047800627466,67.42583489287941,66.62547473807979
2025-03-30,63.58792020383742,64.58642656862558,62.284038618744376,59.52568192402428,60.451753426206075,58.034779686045546,52.10389609753513,30.127625166199405,14.263462960133007,1.8547418872591945,-4.872075839834124,-4.638844481820509,-5.319718567630231,-7.060089775578447,-3.024525808112872,3.1223698190235116,25.082979735411897,52.97877413654056,67.2037848049345,67.61550480422068,72.26589323510929,72.724927593267,62.40173237552381,62.097860318922784
2025-03-31,64.48843607971514,60.87852562368348,57.49373831562354,58.47893887354759,60.265721218812956,61.8942970525722,65.87101195435805,54.98130501636946,71.06189204938467,65.56417305816427,56.941576800510234,58.157714356705185,51.496984095914925,54.20866989636748,57.81343031373535,57.948051741504784,67.71596924374202,73.50973168038507,76.1074162938217,75.8129905158933,76.04736806921555,76.60499347610465,61.39328291028585,61.25720203816595
2025-04-01,58.293916428792116,56.65473550606743,54.98306489296605,52.077816524339276,53.27479080120238,56.81207469799825,59.342137674947715,55.27777355875503,49.414003978601365,49.51382616796507,39.31074755318174,23.367170977642118,21.03743593396286,18.847706989427166,26.168133978967823,30.96415253169373,41.027295117128126,68.39506401173509,75.1848013956306,76.22745545942948,76.63711954336792,76.85940919679298,59.73313041244995,55.27502820081166
2025-04-02,66.63120313018867,53.82752241176736,33.50588302178237,32.278946486136974,30.002023065905483,36.172903768027226,41.21172076701544,25.76685781909362,46.253895843146594,42.72003998909175,34.5764114863358,36.764348554234175,39.072242991912816,46.840334168427404,48.91862444951744,51.390422913869216,55.65918648866632,62.98891599544086,70.55119695603338,73.86779588554117,74.91599610838533,74.19100949659592,63.74067754790238,62.2334784286928
2025-04-03,67.69721653214019,63.565294932838086,58.29016517596416,54.301992290692496,54.12545158747088,55.32213180774017,59.48946962923095,58.0092642078313,67.5198914373687,65.22517046037304,64.61264643529414,61.029109693486994,51.6198090044476,57.498945508853744,59.561767129053784,60.79717680304303,64.38324803531043,70.9383383890199,75.68597072664605,78.05514822300749,78.70656292103497,78.77395487915577,66.10485052429561,63.3735203359227
2025-04-04,60.882483728339984,57.478050051051035,52.605642360139505,51.120522905490226,50.29262072944474,52.668528620836135,59.96482895000913,58.231656994397554,69.1644399039846,67.13871598846012,61.06406569080834,58.383665256734844,49.602023675229944,48.13928947486372,56.547449515558775,59.933193782180446,62.75621230704487,73.52047600762451,78.00160400452944,78.75440533841832,78.30351698991262,76.53466673282394,62.22371140641113,60.48316362268909
2025-04-05,67.35719645595508,65.19311482188877,62.258632867352254,59.524808483282605,64.2616480248758,65.33292232434795,66.89301672820959,44.496166093183085,55.104941197364354,52.24542714642276,42.91397698341918,40.17843726260406,33.79756528114373,33.122758335006544,38.393701063864924,41.2390682239508,48.72704376952352,65.51287120354439,76.49609927555075,76.66905760406885,77.92199486017165,76.39766481462264,66.1521493265549,64.85832578375935
2025-04-06,61.03005889555061,58.04434359003173,55.38738245370752,48.255446772761545,48.732572391909436,52.82489451486739,55.31808635511238,43.07317284174208,54.64186508849569,51.262269932802525,25.272114097532256,14.84534201476406,11.087072551548603,10.033368689874115,10.177157621497834,28.401358607755647,40.86637538477599,63.2771602648616,72.01079446131759,74.1096810301992,70.80522665259805,73.33615222509448,58.33952464410678,53.265110082034866
2025-04-07,67.71026722337936,63.00739623778626,58.05104148106815,47.52442099784389,48.170419640568724,57.851452363746034,62.37975327140257,41.00911014818349,40.30529204405388,40.641640467623986,41.56907756307322,29.552471183667294,35.43672919148928,36.64402778768798,30.970499442967487,39.03370873257674,42.52877419394896,59.21772198367337,72.68341168960576,86.38494790965845,86.20500552188949,85.3061814463632,72.44053175090102,68.33090728729682
2025-04-08,74.17597631013804,65.30606976543766,56.86617791204129,55.23635712649975,52.80423351567077,53.96572607050242,57.254894473967305,51.49276270803822,71.36161875712763,61.96226054868637,49.744224209798645,46.42955545764451,40.711667400507125,43.84093634392113,51.11173673041254,54.997571033664144,71.74917645798939,76.78043769862377,79.89019690218163,82.49396500968992,82.75697359796804,81.61730301497998,75.89293268497626,73.91163882568718
2025-04-09,76.40538626185881,72.77642461299115,67.34534184750248,59.755165382655804,69.20468656743131,70.2956345583065,75.38616498137543,71.24447690208817,82.63084314069982,78.60965872585273,67.28725419464816,63.2089019215623,53.99706401098548,62.171820148601014,65.4055467854215,66.46785496038989,80.09750617213693,84.00824186753083,87.3216445570123,87.66716626121848,87.41750680204174,87.32609721890294,74.74264596732564,74.65258548900857
2025-04-10,83.92896394684787,74.09134382439218,70.68107024859266,62.470021779049624,64.66755839977199,71.41570633461882,74.0580152201424,73.14277365156428,86.12947548524275,84.00142901294413,76.13879666563372,75.11914760580434,54.95661609973868,60.72462122541591,65.49493960980226,64.79252003434935,73.83376137703452,82.91253699650072,87.51502502937947,89.47159001107038,89.21912186718708,89.26976721316312,81.53656459558535,77.62604557546706
2025-04-11,80.25508887373867,71.2664201083944,61.62468557677413,61.85304200933912,57.82358772728094,65.089146119592,67.47752793118879,66.32207085064712,82.10139985398911,81.95767150360574,72.11086237571038,69.09182663690747,58.3601733734307,60.47613760400604,68.5136868055442,70.44578063879261,79.95810857203257,89.04846983265594,88.6675536328384,89.18872103413749,89.40612405236342,89.27728758029316,82.54127753999215,81.28697959725973
2025-04-12,80.94836846379988,74.29410387636874,66.54481056784509,61.87606627197171,61.799921898544596,67.65706813375824,71.58685724315603,64.53617152318513,83.53493717117742,79.11335652757626,62.64352877083504,64.18277882319622,52.879914210345284,59.39373765816065,65.40983738314901,67.86307386093401,69.03238123285747,84.7073044195758,89.37664599547324,89.98309656081447,89.97453727838308,90.16133429896159,79.3570869316814,71.94324222956655
2025-04-13,79.76252493545039,74.9963757261168,71.0477078860396,62.70296335536479,62.28767001211384,71.94620210960788,74.19633654409883,52.989245011304476,50.110542153019196,54.05157029866478,47.746320857264074,34.85905666057497,16.276423229802976,34.11723604850407,34.95991753909088,44.59909402486529,53.99896588796586,68.92251443182819,80.29967662891684,89.15894601154783,89.32694670944525,88.41341604749839,80.22232164646829,73.72169455789003
2025-04-14,84.10928261934485,83.82397721366445,76.64897828747316,72.3305754917677,71.65298132747316,79.42107052170853,75.05400025615141,69.29981492925481,73.39432207639548,73.79456379402069,69.56384274185345,65.11485070867347,53.99048342822134,60.15640847794765,63.45407104778688,71.54116989563835,76.40224392859658,78.1835672475234,87.27923925368792,87.80623444719654,87.73119159313723,87.91404476473855,87.11430912609612,86.16911634558332
2025-04-15,80.65106606367421,77.25216266186074,72.0918447225769,63.615323508577916,66.96026724806676,73.78826560956556,73.8915731957049,73.30557467628314,86.99089097496879,86.31906499224533,72.59548799097907,70.1869244142404,58.688357716029365,64.82139477236299,68.2942387281368,70.57711639929894,79.82126626863301,87.95295087344581,88.687901114062,88.49699899919172,88.70163245770443,88.46766001448162,81.59325805673,79.06231858991018
2025-04-16,84.62232009093474,79.37069138830648,73.42653808095334,67.78686011243401,70.91880564168952,76.82577448974622,76.77945331621879,73.65724370185845,88.19670000491682,86.92482741787616,72.08090883896679,73.06612023532,57.253837175067154,63.16042091412864,63.76733711534793,69.1731028397971,80.32582215123601,89.10928566083132,89.3210309920618,89.31413251627373,89.27041990412725,89.38979915356808,86.49561540004795,85.70009721343799
2025-04-17,88.47588786839292,84.78285559561084,75.67632224619324,73.85304833749242,73.18602902031179,78.68245271490926,75.28852552426996,70.86914117166619,87.23676568942639,86.40623906600398,79.53492575834063,74.46845158065301,51.45193328099155,56.48516071260625,58.39644467386859,65.59350993160015,77.93543184282026,86.78285123078382,89.26257042692684,89.21489819845769,89.39580876904289,89.44251641667026,89.00517170208536,89.39098282778978
2025-04-18,88.43843658608829,86.3528697539709,80.27952693135896,78.17809649493782,80.01179902774751,84.4898272131975,77.48174967216515,65.62263327855267,74.97615011181682,73.95353921610774,48.0615633817919,58.297397256299234,34.53261358215855,37.384376311404274,47.6019141666438,50.068297985894056,65.71776693638245,80.18583951171448,88.10384045156206,88.18770628692738,88.2051916714927,88.22170989325288,87.85231350251284,86.98554581958544
2025-04-19,86.79362095633134,76.0090845648897,73.95377210009002,68.90915312551743,68.81380178940654,75.16123954403653,71.98489961386578,58.13612709205043,72.48555099535231,59.80776277632272,36.58377533506093,31.573997176321,30.717788434778644,34.499625628816744,28.83025862969706,42.956882013570734,62.948794934869014,78.71682682765365,88.79567850994142,89.10383247979314,89.60865777559096,89.53811964073971,88.91716011461087,87.56831841139916
2025-04-20,80.91151092633889,77.47513172322415,74.06941070128646,68.90845023834338,70.14094093912713,75.96751074614534,74.2201832745852,57.65091954099518,51.20247963205663,15.150191939200147,9.812140898165014,7.742994517434963,7.077169240546691,6.030965403257743,4.861198865849829,6.671529634343822,15.618538378642603,54.775237417271114,79.56593899925375,89.06618651756996,89.39944242044149,89.2169432009398,86.55214328436854,79.81196368775095
2025-04-21,81.25998481228248,77.31052017609514,73.05255546078433,69.12330584640155,73.0862096882519,83.54974239937322,81.64347957029786,68.2867211447539,70.8231939096541,62.644276554904955,56.91938408806929,57.62949948775718,44.03218021422933,50.84682000883547,49.647791346928436,48.797571590088744,59.447838576158404,69.90501838613947,80.40895676000632,89.17304293857545,89.29700037953742,89.37428198239978,80.69943140766522,74.99752298107377
2025-04-22,81.33804959078665,77.37227281834633,74.65656956019951,66.47380946021474,73.44762886912562,78.37967293901615,73.23137423339816,62.850252848257774,77.12186139599483,65.09330535148516,48.391251943020926,46.2738470979491,31.055138706039227,33.36805014662328,35.862344239202734,45.687677264105204,64.47704326115554,82.5207888791592,86.73107677963034,89.15139875979209,89.17526053233482,89.23359675034212,87.89003690463997,84.70321345623086
2025-04-23,83.60753339140747,78.19809270518772,75.44414521941792,73.52204735563097,72.53725705951727,76.6426464398101,70.84701669962575,58.14504267182937,74.54283004886456,64.53632608295435,43.1099059130854,31.503893775179485,19.197581084234635,20.04976376876234,22.51815038156793,33.67493256513179,55.92996306264709,69.91198066378294,83.31802349191835,89.60619239214766,89.96862100879659,89.88311904450914,88.73606286958078,81.72705112442004
2025-04-24,73.45192952464923,74.97683753267296,72.53222165394472,73.71310042251466,72.41141471250805,73.48838470798907,72.04156309492843,64.48804522773221,70.59021955200687,50.58430102263731,32.6807608581371,29.872679233916216,17.26435401975933,19.78325660986389,25.62782672646303,44.32280459676522,63.93206099584861,75.29727330688438,82.83249482672701,88.72290374835532,88.93760353847816,88.62392111368646,78.18918300228142,75.55211254995513
2025-04-25,80.6124068049849,78.97350754420765,74.74049723399082,73.18083698122075,69.42413418901839,73.25793688479,71.2184687351996,60.44939184293938,76.11865625131527,70.3247088065748,53.45571057067975,50.201881967677224,36.965484645570044,45.37374683744413,59.84999601057969,65.17737054561208,74.5733145040805,85.10990382752868,87.61917275990436,89.08897805403419,88.92438184799819,89.49262816067515,81.83228039324543,79.77564708610336
2025-04-26,77.84199159028915,74.91071576116144,71.37868170391586,66.72525077384547,67.22533278605391,69.84510923694539,72.32204813043099,61.62292689787031,77.55852654153126,74.07375347003354,67.36012634522272,65.81077401414665,37.66503453227257,53.17023306435762,55.595815493697906,59.92518435050827,62.236973815826985,78.39824835951912,86.55724249925213,89.55035373781064,89.25065228861075,89.43413891076341,85.65120859653456,84.26437426008478
2025-04-27,74.99066678406814,74.35179304477516,72.70738152057207,65.85638942214601,60.97377196509489,66.29176787936414,58.95448594343864,44.8996788750398,40.56432295358324,25.511113345901997,9.107981618728271,18.804477960758653,7.634610054758632,0.9246541858873386,19.201574370248828,12.093653877399275,16.115626834571554,45.25625541848159,74.38369410458789,79.1026447749296,78.6689811221631,80.39830837554926,76.4823723199818,72.79136857105868
2025-04-28,62.30498576915021,62.2918370232913,60.903988727289175,56.39797249068779,48.44502764228638,52.33862780036663,54.029656121219546,30.68337609807741,58.49084312965093,53.802090070152914,42.5664587368353,29.846702147066374,25.942658102495862,29.115072585775525,42.22657926017785,48.34447720462853,68.34818867613424,74.84394728338194,80.76562261583679,84.42385637942623,86.65319598447815,82.59288068631176,74.64956726549828,73.65989359920083
2025-04-29,62.812806169212415,54.26304557844073,51.33987603875839,50.047181387085836,51.51611376200993,51.81171767522997,47.06045404412429,48.61400629258486,43.967629525039754,26.82440689799835,25.350050853974977,26.101591309804494,18.88022914550822,17.125432691577924,24.57989145156632,24.611813594045675,43.77099591311138,57.189375724869514,72.87206699436098,85.9148486944424,86.96177171699793,85.72207228051876,74.06855473222129,59.07458179042275
2025-04-30,51.834557847104065,49.34118330185896,42.31367984459738,46.374628293014986,42.40925236341925,39.334480932596115,37.242103373703756,42.540545033905445,42.43169529028045,29.23432915803361,14.34686836513664,12.583866933251773,16.289298571751395,19.935739874893475,24.069555512495025,34.82203801624236,46.99955928050535,62.98112887386732,85.1343213819269,88.52242882273303,88.60536690286389,88.62593918394835,71.8672924235398,64.94505113273667
2025-05-01,73.6493083427404,69.0675494286382,63.7821382469861,57.68192739353138,51.655373172549204,55.975303232458394,54.547198227932135,47.630530426869804,71.38600400865523,67.18053229468372,47.50524565854914,42.70136874714927,31.182157873434047,34.03199552468268,54.98010945803274,61.40806784243046,66.69532363068913,84.92936006365134,87.31539396870978,88.82180264218078,89.1155747974446,88.81217492142099,80.8868926105669,77.80360560493915
2025-05-02,68.25418969154842,60.97398963618727,51.943466024068265,47.33869555486381,47.807418485819824,47.8071216097252,48.05335271225449,44.87601578706673,50.08042433868324,43.195371887108344,38.732034338994744,37.85904740999352,30.83839010972088,22.185461183354274,29.48394894655517,35.65073061270538,40.04082189665435,68.86155800217425,72.77084443978178,86.51245160646405,86.65549070493985,85.32985684132777,63.79295820351982,67.09969209786075
2025-05-03,72.95454171965046,68.52878213203148,67.67737869608305,62.31051920095385,61.257560433147276,62.31414843084004,59.84669731740048,52.45999621232422,65.90401474836021,59.68829050083527,58.908866935295855,56.56356579027405,28.586817571310558,39.491534519253044,39.70008221005149,38.47901937750849,56.29283215978295,71.46800178701174,73.88418004990709,87.65830442679845,87.80895863038106,86.79147341149236,76.41314086808543,78.28297987288434
2025-05-04,78.77077469906129,78.39262350065087,72.67537868454919,69.51665891694822,69.07597639731627,71.22286735870532,65.44137598824092,50.33452804932298,24.98457820076991,16.506683859819947,8.767615503546024,13.044938265321091,14.01236819953505,7.4748651418174195,18.828499531178377,14.877755501086238,27.5938532218264,55.131125796211286,76.04051952803594,87.65831314896081,88.22026682919842,88.39900365203671,76.74097580381914,74.46604373975846
2025-05-05,76.91814597012775,68.01844412556893,55.60012932090549,55.56343369857929,60.606085639973635,55.192168258626516,60.59857038021236,39.408535349073304,59.963387973548905,55.52002855300915,48.77018983325705,48.14605372031631,41.161130926820015,47.83278248850236,51.01543720613449,52.88125455585664,56.20061752180967,67.0605481546141,79.01983758842223,89.44953957312403,89.37671171913446,89.2725085499816,84.81467945861674,79.5336720423291
2025-05-06,79.49505768910642,71.44254219836874,70.84288651911754,72.29472778359892,73.71215894296594,69.82124549593217,62.78458758871922,43.0509352263172,63.06911908238221,48.082790872700315,31.90171889468478,30.471455350234777,26.09527092321746,27.035648985774422,31.80332631843864,33.07344330196987,51.55962640496586,73.40889255401133,87.46219971971215,88.39373794932854,88.2846932507677,88.09807097149154,79.09771398906138,77.43318290041006
2025-05-07,75.476150339062,69.85384260732529,57.71592156110077,67.70300940423186,73.24944057990808,73.79592328168961,62.857288496703376,45.39701267006512,50.48959250711042,44.63024958255114,29.752353261016932,20.34377056969445,14.288329035746317,16.692166720378317,17.41835166856322,20.10652624343657,37.13474627848334,62.18516160967774,78.93461361460555,88.88969735373664,89.32053725815581,87.99141785553513,74.55844862643788,70.07937298510957
2025-05-08,76.9142777474312,66.28985329985306,63.139332796617865,67.09547461921787,66.18918757709748,61.514548500789346,57.71925494817781,39.43917846680772,45.642800908211505,46.080545154931535,27.435839679871652,27.08780842448846,19.218403410357503,18.065534108661602,26.629738031434623,32.08996952166227,34.79157181154282,64.16488266628573,77.93087930927011,87.39284808148128,87.84140703146045,87.85801335147542,80.11081993122669,77.63815927059157
2025-05-09,78.55434462977702,71.9503066275803,65.93194378766889,69.6378724073353,68.43022716167862,66.08619640802226,63.82516507789115,55.9888044317692,79.0261472325181,78.32130308494975,56.4179237297964,59.56159335920226,41.61904096410474,41.60555630696221,54.181160610682504,56.0570698661876,66.49617316911575,80.25544340579336,80.43895128275412,87.78223160292461,87.64648860390581,87.72173514410623,76.32006890161767,74.84716641355516
2025-05-10,81.45495982646746,78.3624245293539,74.29186246481247,75.04002170515173,74.04610555514518,68.30742537267574,58.27611871064968,54.71187065262606,51.474542423561275,47.1279217469745,34.94828332705499,31.20778215534189,18.212135530564005,22.29659755749773,46.222778571694846,46.30039977493727,41.907366722366525,72.3399186579456,81.98052965856408,88.0309883293007,87.77978071721722,88.20498638047312,87.06596991504907,85.24154188970653
2025-05-11,72.92722832333547,74.62472720333126,67.08024728497502,65.79088381183756,72.45578274735347,67.64422484811584,54.387230476473945,15.526913130107248,4.907169844246412,6.615180659645063,6.2467622968855645,5.757296563778555,3.449168981070339,3.4094210086690344,3.4143361122121934,4.247791728267448,6.588785980132823,42.49155834655461,73.32996799612602,85.25121219191273,88.12052552771614,87.48324579006503,83.59469649905809,78.48554554233476
2025-05-12,79.54555083341032,78.43978451583739,76.71836339960127,68.97480143212425,76.55095912505966,70.90559952450799,58.96653342245061,46.05589846419033,65.53789218405774,59.558633991280566,51.98754144729664,53.32507095722001,30.969087215277575,36.45883747965562,44.60008636362917,60.304667600043295,63.154964201406635,75.22108100651494,79.5289456789546,88.19529043546088,88.27326661796884,88.0248470747114,86.07025832080478,84.33923330667709
2025-05-13,78.9546364914912,76.08750822937313,69.87126900803206,72.21523631166644,70.3153612223692,67.77070180621992,59.390902287120056,40.007760674073026,60.321690705171655,48.27503945478884,32.13996351417286,39.36773630820891,13.292389326515872,17.881251532573394,27.63419904214317,31.41279000531837,51.77256782398611,65.85711883117423,74.63878777103056,86.98477310903257,88.30389400002291,88.43100274510091,77.41575921753027,73.17827190180272
2025-05-14,78.50056278114475,70.28983085193343,67.0424982946187,64.18977683055108,66.26006062139695,66.0468820812683,52.13993984653792,47.49993193146153,68.64584099638961,64.80842057839727,44.59593305116604,50.2327440813273,35.46092222562384,47.567872569951966,51.84102509643917,58.46445733987748,69.09836057387126,68.14155939485399,75.8332766823564,86.06187634812353,87.7191137640768,87.65040219636569,82.23944071918218,81.5633552314695
2025-05-15,76.32406119229472,75.70497375610364,70.99872926341604,68.55706980431536,68.0233621697837,63.35480236919405,58.690256891265456,58.26779068082388,78.82563430919052,73.28946939008698,54.400270031292294,54.708043172437954,37.448564913667056,47.9707301681132,56.38277678478549,58.05390773427157,65.45476285158568,80.58411246597795,76.36159666120221,85.8969854860496,87.20927566480796,87.4246940754698,79.30173341075667,78.9531883482758
2025-05-16,79.55225962755907,77.62611467855884,74.84728189327693,75.62722229117564,74.56644490671115,70.62529148292889,65.65582687505844,64.71665149092836,83.45948849185655,64.34517436162014,54.99766792509139,36.83087464153696,21.695264116881905,33.58327583857151,56.99622932149062,65.72183210035263,52.471760878192015,74.76374780334633,82.42259536526814,87.15460776362465,87.44357407137211,87.51502778183784,82.2118748564868,79.01246172842558
2025-05-17,70.87925483358627,54.849357437164954,51.58792284801763,46.54776563041753,40.82605980002114,45.882905161812246,39.40468582479882,17.9081204120357,44.18702006630585,39.436541092418366,24.463460783761594,24.746579047013963,6.693608624444585,16.26166642469861,23.23135722826219,25.648362744683254,23.369317817809552,56.50404728908273,77.13259507297022,86.17503794562212,87.405055299447,87.12411049931866,80.08900598435733,75.71156616933179
2025-05-18,77.27045670108582,70.78435210078351,63.64492811032244,59.42149526334746,60.53920243241521,53.79959786640396,46.02499273355141,27.30499226347072,4.982540330255811,2.799803207534393,4.354986656841912,4.912730730342757,4.181075871725518,4.155303819135118,4.802441691204592,5.560104082765286,8.851801221721281,22.764664081184225,75.77809070204056,85.69530355957305,87.74825322884404,87.59170029085381,84.53698623835396,80.43618022543454
2025-05-19,72.36900094612325,73.56822734218652,69.8018047179643,69.35981955653601,64.6786591648164,64.01665212993943,54.853158409660836,44.024991000507455,68.75047226228513,70.75832941440162,56.477353107141376,59.04915226729233,43.94090339251868,49.725063662225566,52.73669799395976,53.948923027812086,70.0020789620471,73.25252531307501,78.84436976352555,87.97167015809475,87.99004666952746,87.9843796712526,82.91192253981815,76.71660269755796
2025-05-20,77.16245530129177,77.10452992414858,72.77292077813982,69.12914578155915,67.55381217477333,64.15307531883042,61.36410920754753,40.44365163741246,59.221759804073955,38.21512594713022,27.662428748617053,23.038993788033718,16.105977704810773,22.31918332336133,28.434974052485117,29.185350001392813,47.47001612236985,69.32486105090838,80.37161322015395,87.56455510492489,87.95522655508675,87.77286801733234,83.64139970699897,76.80487956594435
2025-05-21,78.67917259615047,76.85799602616132,75.22098508645765,74.61064372210843,75.09799535507636,71.50908621358941,67.16684265005723,58.05516422489552,78.86039233934463,50.40626085831588,41.16035956530298,32.516586284108214,30.445549229648474,37.34386477707134,38.53349988864193,49.70442612045103,61.50219860023917,79.50763078253627,81.34916454607321,88.09877994181848,87.94373104597618,87.9765022009248,79.4705919022629,78.10841030872119
2025-05-22,80.03495145844775,78.91874992766921,76.61722400361563,75.900208325532,74.69795738229384,72.63526048087024,73.02605871361722,56.230499493036405,80.31970339267605,57.2551644218836,46.515297729533614,48.06271656034445,37.84162086888608,40.986801568778645,41.2898100614546,39.65646379822168,48.57192156373021,79.22304807017419,84.88736030053784,87.80131155661219,87.50493353654164,87.67871288186153,84.78344385539536,83.66633946713888
2025-05-23,84.35979665618781,78.52556708248595,76.1835642135318,76.62622831058009,75.14644333631915,73.76304543702521,68.78226233479387,54.06897605054808,78.64524817245464,73.9533164121631,50.15586019572543,49.36814734578566,37.68093538251384,47.1675357526889,46.951197692888954,55.18899143343474,68.51863895852236,82.31708950137615,85.6087376412692,86.51235904522187,86.57125912750375,86.6909733441523,83.3432457280904,81.49182286030646
2025-05-24,84.24212697718058,82.9458745419555,79.44237226110093,75.75485298509626,75.57183114602323,71.8077107141919,66.51747691537986,52.01106518274597,66.981334315658,56.0192973604816,56.046468476485884,51.239409941462455,33.65376138891482,35.823186528758605,56.309601840494224,57.528400137018394,61.09729078427235,79.2020467291049,81.92099721196318,87.73624209031206,87.4392174505782,87.77114213327128,86.1761797281893,86.13389703355742
2025-05-25,84.05840214104721,82.98362129708302,75.381891612031,77.6068704099849,75.38482441794542,74.78341420914037,67.54399867946806,32.88734682959168,11.44758996038961,36.97815062229731,2.8069345349023096,4.027171835527457,2.7967516090580866,2.9097828918494013,3.8148212101875734,2.5162832502708974,28.277173382912228,55.982692610972954,77.36030439356391,85.45598578664713,88.08403758750028,87.40406614873284,86.0655045918566,82.23431676893182
2025-05-26,78.57806497971562,78.36222169617639,77.69460193925785,74.27154325342642,77.92937942486505,77.05215565789456,72.15154609034334,42.25684618860138,60.012484699713056,56.81728986579375,46.10416833540835,44.908199039200206,41.00356641503429,39.74020218141668,38.960161815218186,55.90706499669284,65.34790508473226,74.15261137214324,86.91372771710842,88.3591554848843,87.8893419546244,87.73582069919448,85.27499701012334,80.17775458697407
2025-05-27,78.87800371451472,77.01702647390834,74.74155049575407,74.1704073763079,73.82477182714146,72.17814039702915,71.12712300954936,65.42552453844394,86.49909565664606,85.05402263645001,66.21323526714637,64.80435892294136,55.89144043093858,64.66063558105273,71.86156362733962,72.35935653530379,80.28155287715106,86.80037239479263,88.0972057616952,87.86505214637319,87.8653275258838,87.95414479052286,87.48565309053939,87.22373195754007
2025-05-28,87.18544006365507,83.9179084257002,78.19792404147772,79.73086058573263,78.88999366210572,77.49088437607345,70.79655544340685,60.419892332025256,84.52661103390345,74.83652420891588,69.15431937810331,70.16915808565554,64.20723223530678,70.12620396199847,67.61693401898876,67.4130583138628,73.7786233685687,85.44644092428601,87.5286275675819,87.32311370280522,87.3302520018849,87.118782148279,87.191610539485,87.5885749152377
2025-05-29,85.58314674695261,80.26053119053128,78.63209800691166,77.59974575072283,79.00020002209557,76.51127245740547,74.61012379396261,70.94797126181585,83.64291893829021,76.69676439953504,72.1443733141671,66.48143219264067,53.332674451981376,62.757858192853945,73.49836368741066,71.98179304782236,76.56807212504977,85.35428361282217,87.63333852707385,87.3735281972932,87.70679400316087,87.64120137233576,87.54158531374352,86.56915295426764
2025-05-30,83.95955487166579,80.88376455690458,79.06526771733854,77.31852193107909,79.08453472694585,73.79031173586264,70.13714794606499,58.916685217049505,83.5282918193058,78.1588326331043,52.13659626633434,52.90276278164399,42.29342509688804,62.955004470650685,70.0369082654671,74.44379086274411,75.97147891966463,80.47206036798093,79.81335722913462,86.18490297756458,86.35321587137955,86.21981497475494,82.09780517890776,75.07542633412255
2025-05-31,75.24587842192669,73.38484775356194,74.16921018276255,72.1764577863389,73.71556930430798,70.5510517316997,64.17274654711846,41.97422595614868,45.60730983334607,59.437108274922394,40.56596843476942,41.7756157908874,14.17732879643578,15.273745887239723,40.436718997352855,52.093611786494456,58.04366826592907,71.31274364815876,74.11302088057245,80.04099268378658,84.82720816614935,84.96128866404574,77.60965296411221,74.65276441833244
2025-06-01,78.74690962145367,73.76535977133919,65.6094969049119,68.34000435491653,65.84587055585362,67.62224343764058,59.444806369851634,29.609986272106962,4.580402813467557,3.609044220323014,3.355599384264579,2.7217228865015644,2.663077194483292,4.052344725163108,5.202984593595027,7.401720690532024,39.74571858487254,58.88723816612566,75.1947302331405,83.59211891909209,86.72115123050904,86.47645669351564,80.43702084406017,76.62288919291693
2025-06-02,76.83105987069553,73.1469815791173,69.37674299679742,69.06740758000066,67.44038073730894,58.2169453411779,47.85619894965774,41.68159214527721,70.50686888456448,71.19428538769823,69.33538616986833,67.28049729757866,58.20251388361145,61.850190872953405,65.48207350749406,66.2363871411119,64.7517539732772,69.38741397092969,71.89706020032362,80.40709586182014,83.50591008545157,85.36749714418795,80.02549593960663,79.1935932986764
2025-06-03,80.60382466596103,74.19246171987805,74.15259009347751,74.00837071968097,70.76444482422069,70.4143400606379,63.96982299618989,51.14575625084828,73.15891142375997,70.23992801006987,54.734986678092106,54.465933500265535,49.067228238406045,58.05588922285818,60.24952713917071,59.67771948859961,68.24556294600838,73.84240997496835,73.68546887450213,84.3372103701121,86.06866002647565,86.46255110829993,83.86078725214371,79.10087262132842
2025-06-04,79.68448911228631,75.66732516247018,75.74124528120757,72.38304921820018,72.36510346636973,70.45935501965657,64.46788898433543,56.23621291292432,75.87642014814774,70.12628832434541,51.631313611618545,43.705197830040966,34.88322750011111,48.09006882117964,53.36601226657845,54.35022231085951,66.47724182176837,79.29183580534375,79.9186947803354,85.22911656243258,85.98428331795103,86.03798333420016,79.29894352782374,76.75146460179072
2025-06-05,69.71798199260743,68.58414082700344,68.00239844917256,70.0920924237973,69.54760882559304,68.2264736711487,60.13207884343349,42.61211487223689,56.52912919562482,39.13362228848671,34.46030660651794,35.954076802225316,25.73350802565464,28.884298491086742,37.82362423785529,33.784549940505755,44.767173720427394,67.3796252468742,66.3643194846069,81.55758394334192,84.2478232287368,80.39438924051258,69.5309754154318,62.37923335807394
2025-06-06,50.38041419319778,52.478181553936544,46.178840761644146,51.15109335595135,50.8169920583488,44.04645215315569,30.427647488480073,8.20643059499932,17.80574727842362,19.874432795023978,18.93288263116978,15.49309450262446,-7.148361607688489,-1.106713693798103,20.617295173766443,21.338137683764185,31.978183414720586,37.576171281543765,51.129192780251394,67.37741904652421,73.52036779777067,68.6090423328304,53.12608819201944,44.6302250938357
2025-06-07,25.979834600251596,31.09185707864275,34.42395711152404,23.260555208691137,25.383677855755113,27.358836338616996,20.448397354420642,18.21724752467724,15.67189306926483,2.0181358733395363,5.405601138498657,5.7512422274852355,7.382497547808424,7.755168191491517,5.438320771257214,8.302361418545601,5.533340157139098,21.017932296523764,25.697740759893726,31.167824489949325,40.090117416276364,40.27624723542973,32.86682263822403,21.809523364663526
2025-06-08,42.57469870823963,41.96735951178749,38.91557851774403,41.17491796479731,51.23507180348387,39.44472974477106,28.129666303876295,8.922973966000002,-1.5057234163133608,1.6442141552217369,1.722555832838578,1.6205296519166992,1.522290286733282,1.4912145337765674,1.6498610481628395,1.9730751086024438,-0.8600750052477789,12.512941673031804,41.999611698407975,71.13045053716462,79.18672886010934,73.75494897426223,53.29739506746139,48.41983844757234
2025-06-09,55.430849688168905,58.08733300842329,46.68387112238137,53.03710601120853,53.325704680769526,54.1540364383835,49.89477451648563,38.284470284794494,41.700348858461915,29.105318875462945,19.717479928601144,21.310937095856747,20.06333897577946,6.101336984401648,2.5219073239993244,8.841833779363947,17.869771373533943,36.599845161271205,70.16094600832554,78.38150645778573,80.2250112153491,78.84338211038232,58.54616901503219,56.220140495682095
2025-06-10,79.02476482366488,76.41471071606937,73.5302885598248,72.06534279081045,67.45177222174333,50.5532846421635,36.223586826250774,9.578648034342534,12.054005459265916,1.8763247423458755,2.222577594211666,3.978981437413338,2.840989537351141,3.6392051694105394,4.529335281294492,4.770000456000342,16.81834712870186,65.09770527177234,67.76574063375244,79.72484611693166,80.49413728159588,79.58101776720024,65.4051178853194,55.71729643325494
2025-06-11,62.542870642395336,61.14067938683462,58.55920492159344,53.536114064246085,51.454550931635616,48.13490091492645,41.09555267890866,33.51752913396608,47.15928105442314,41.7322485383807,23.478258807447943,25.68401838832493,9.988196450227377,17.851443558506585,25.46417416599744,33.84188359942688,51.42079904456997,65.78645146294238,66.1173349759588,73.71159533166939,84.3064346959343,83.34594499174564,69.95584180022672,57.20785937927441
2025-06-12,71.7870917342544,63.813843012374925,62.33409452592683,57.3029352961621,61.16237221794623,54.64215601151522,39.58210792983445,32.84890937303987,44.90816755569312,42.38280285611586,46.63262741978754,50.27317586867312,44.08181435910132,49.75581917870154,52.5115245011602,46.12908224423057,59.5335239093175,65.73005203468725,69.70120410895603,82.82605056164311,83.21146937098996,84.16498708380955,74.73709332281321,67.5801889558769
2025-06-13,77.73969816078262,66.50186607597685,65.79801798545398,64.87745795052305,67.34164412674606,61.916129107535845,57.180832559176885,56.86841031488087,66.34712278247837,65.21887094692606,63.09254441441256,59.90894840950703,47.25524609323691,58.116188245144066,65.00849394086079,70.60840621526135,69.45767150093586,73.24716573696026,73.42720711690315,81.3967617465512,83.6164667923517,83.84872386724659,72.85929975228555,67.08293958576674
2025-06-14,75.75057718810395,70.07924031887721,70.179560618602,68.66450569244017,70.48598175240667,67.28207374588999,56.91643156975747,40.900922004708534,56.78445838457573,30.85766252786038,20.095025332918887,15.507555436177457,7.2743413817334535,8.936820851804493,39.2060892682019,42.98202823929157,70.63288204626934,72.92466684008693,76.04192585443244,85.62819072903567,86.93618410142211,86.6431091547519,71.30967309205414,65.29036220091527
2025-06-15,73.14945125241526,72.30478709413532,62.234894699474104,63.38364082520052,62.59672411060632,56.993263787525166,51.97818706725346,31.839789779895312,12.112948372289022,2.5677702259651407,3.319690209474543,4.747715946019613,4.397746472555729,5.609981120324742,4.603574841375489,3.283334938096815,6.013101868906158,41.236937197797204,64.89221068755506,77.48493286356239,81.79815574119247,81.18707234196607,73.2903595456906,70.35576264059637
2025-06-16,71.8617319785922,66.75449308767585,63.17050332395938,64.76405410788699,69.57983502631829,66.06540521214568,48.858409238280906,34.94405382582167,64.66646058959972,64.56026744990429,53.21980738243733,57.02647557752949,14.929562902984538,22.766446888054986,48.13357426406181,57.768472723106065,58.489619078277215,59.562333166950374,65.21041153576527,78.26385572334786,84.95364088827105,85.32622248344838,74.0184017493369,68.31326393379265
2025-06-17,76.81238697323138,73.28729741758451,69.09770091838094,69.54857607597508,71.78540330602996,69.29865838107436,57.43507231249527,53.75115872242099,57.06990511982552,58.09477777403382,50.05782207869379,49.31556491644448,38.95360756616411,42.69940674744083,51.99707240473534,52.032284724052644,65.49603259154986,73.3458967411385,72.52816212330956,86.25920025212504,86.33890161602739,86.69399866402563,83.9317860392257,76.89376302885802
2025-06-18,75.20470897744353,72.05494509393648,68.9938721502364,73.17211753060941,73.3521468458481,63.292391991775574,56.5571555691615,42.92072451038842,70.12503233568484,66.23071965025842,46.199190087468324,44.12013204656414,23.41192355431277,38.841730785568,48.87526597127391,49.04863689891952,70.11695895222685,67.99017035109894,73.00091282182669,85.1255446973477,86.10193267917954,86.36075308808181,76.74195319360052,74.5774089841263
2025-06-19,73.7982653185964,71.31096610864552,72.25401558434088,68.31131805288334,71.6444765485428,67.64663317836818,65.84020930037548,39.21492576917484,68.16559041068349,72.40049236334892,53.26258256385687,44.092042231307104,35.0276644404391,42.62222129274889,55.72185930426405,57.631103749540586,71.23825179055875,74.19099543580515,76.41561444230615,82.35996754826722,86.33480327032254,86.19667694021548,78.68935140533564,75.17759151076216
2025-06-20,74.89530364435018,71.99957550864812,68.48986625919478,69.85410428225778,75.08796117976237,73.00301640548243,67.44332089637746,55.11600520706664,73.10253264614119,69.40956820097254,60.12912949567644,63.47374817766427,38.34681424389816,53.517471676475964,63.333394362548084,55.53731016323181,74.16984811544995,74.48426273436151,77.27196151844845,84.75714819538932,85.92804270566268,85.93095098767,79.47224821851731,75.3550948007044
2025-06-21,80.69142707567032,74.10857938940447,73.75474562720999,72.0113390239567,71.90273518186342,71.54956542987043,70.66330091351799,50.58742096124171,62.902594887821664,43.58064111057712,40.68725317170667,40.310025237200726,22.99254963311971,30.928512433404073,51.26542983675906,35.66151265562773,50.98972635984314,69.33835240097791,72.47986784079404,84.76301850655531,84.96634211855589,84.92993104083301,73.07319978325476,68.66843565746761
2025-06-22,71.78985085269024,67.45423335126559,60.16993330511831,64.89678819331034,67.66171116778548,63.02512581231969,36.168668006787215,20.449699774558304,2.175698341720732,2.446562703041778,1.1537585625121485,8.153877394749303,2.1673872634837585,8.034993882647003,7.990117294760261,8.498149169085664,9.661341960054973,28.337042249966018,66.71496818027202,76.81794901960939,82.56333242259687,82.45938520934695,75.02615654709975,69.54046547157198
2025-06-23,76.2898207123719,72.05166405452896,68.71613336428666,72.155039498438,73.98593165769533,69.70826513343626,56.428310265187314,42.9163040949051,60.79003449090543,62.8236524852905,51.04089321907019,47.8798904630621,28.352216422112786,42.19484370821514,52.05149097648914,53.86652116953511,62.5884294674482,67.36469082683287,74.97731642736252,80.61632475424021,87.11487630113653,86.99402194447937,77.7741647953962,77.00996249840601
2025-06-24,71.26589565019567,68.96836769612874,69.38464937439564,69.50072647518782,74.53819249424713,65.75065939329338,61.27304146367345,55.31635190224809,74.72715831925836,71.77378532809993,52.88166591034655,50.455239905002564,41.160961290597385,47.25019780683851,62.57317267899212,56.575987384096585,66.3819897456274,73.25516315528624,74.32350522227158,84.61405193305298,86.57148951851154,86.26627597261223,75.5900466404161,65.75287426151908
2025-06-25,74.79784406289458,74.37901855766549,72.44646021171995,72.78937611829568,73.34817894015954,69.83856582014273,68.62153953055301,62.91360397415284,78.5409963393306,77.55600896819074,66.36650617091136,58.259583148563415,41.62800422827716,57.99436451676732,67.48947864871322,67.66640110997015,71.72841496048707,77.61579810150377,78.60560200819502,85.25911848245656,86.15774624899697,86.02547745329653,79.82296727370156,72.83461295258358
2025-06-26,74.57941975655446,72.9362159294752,73.09157525186045,73.19308846380122,74.72627037388855,72.28289922421963,66.06291388664583,57.5401102120868,73.63094363687411,71.30651527931211,56.53482552387129,57.63445747905489,49.99749657762146,59.885769983827345,72.0526692708713,73.5103931924649,75.65742124452899,76.63630210640076,78.23626107585348,86.1162208613107,86.54705295938604,86.44110202371049,80.60913214439627,74.13301090808088
2025-06-27,74.75864568970398,73.83619317546058,72.93674564762019,73.42661695974697,73.10599026171757,72.75248539333265,70.33699732235652,56.96470503854471,74.49662543105312,78.42741996023018,74.47470012545303,76.66714624376344,60.82507558088386,64.1635757398924,75.35672767588227,72.77310242759573,75.20837896724434,76.5968460089215,82.30972305334002,86.22437641478493,86.22789155452665,86.18005691223767,80.06114612090137,75.04096841602755
2025-06-28,76.782167376274,76.49180142984014,74.57970093283377,74.18597014562658,73.06138183852474,70.32661844318375,65.18040060325,39.88769831788744,63.351645717002654,46.68500972055013,41.8667878659823,42.3584934390145,18.877751723306616,25.9095373339169,41.70725955198096,44.245190038898926,44.59071883936751,65.87605872122771,76.99965433245532,85.90666675759664,86.37086632825238,86.6079360511017,80.94395477981384,75.22544843388539
2025-06-29,75.70197482920271,72.70330846637631,69.72443080995053,68.85119004968105,69.37360292988933,66.0145076320678,61.831703060785124,20.27517057572901,31.35601952681922,1.4576549802578278,3.9024575260571144,4.061886473451713,3.400092811628954,3.9941206357542582,3.491783311647242,2.962934832429996,15.977952482918289,43.00947149481344,71.16109652884573,80.6115148330133,85.45767011424306,85.61448581155021,76.1078322009099,75.81987158826426
2025-06-30,76.65644711963033,69.71407270225201,69.13349276919449,68.92697587911996,69.8184311101382,63.29992785137379,52.281171647196366,40.39089597202988,70.02404395582909,67.38760422168113,56.14967040306507,57.25314745111314,37.25031804933723,51.93447567789422,58.21608146433668,57.13206926371806,67.67666400443638,69.98393261610794,69.52625300281869,85.0957068483802,86.01239472880715,86.1079784731563,79.61646724149278,75.2084831709103
2025-07-01,78.25051734476159,77.09903654318222,75.43514581530518,75.69316010982654,75.9056942627728,70.47634917447353,66.5449722827393,59.717434758773514,78.94423427602533,78.06407420176738,65.76040725386893,61.45815188835103,55.835602883886615,59.94123498652685,70.33831361571261,72.21914493152839,76.10518228148854,75.33387963397377,76.73550471327967,85.51945797891425,86.20868580919554,86.04867190069088,81.51370211033995,77.02062541739917
2025-07-02,75.30738353803257,74.62826071619558,72.83233623732451,72.59224568028259,73.22181221827093,67.19986731223098,62.15312256542252,49.33076039215434,74.3637011364425,74.30286255448377,69.19312738191044,48.933866125681284,46.906864074502174,52.715189973954566,66.81622890884935,72.06875672500792,72.92918365858006,74.05477845309868,76.32164943551417,81.96686682154348,84.21480949991164,85.06457614616639,79.29116765826109,76.49327279445795
2025-07-03,76.93659018752102,75.3932565068989,70.17245854149293,71.48836915645317,74.83991479319589,74.2247821775453,71.93019362620934,61.96921621665888,78.52291025187897,75.57546732145062,68.56672832713403,66.15116931622508,45.48185543996634,56.55398516961117,67.34443366251054,72.39543769501624,74.18966907346801,75.49429173486598,75.83706975440559,82.86533752549808,85.47212108765763,85.8158353150451,79.41189696053836,75.26422049007708
2025-07-04,75.86008361101531,75.81364789108787,74.6020390218235,74.91222485376306,72.83248191011765,71.66256443132572,67.82812196798993,50.899467481898824,68.00088586928938,66.28056029099741,54.26414937201229,52.39497836105109,43.938188631894725,48.95411933589791,60.26100635411054,62.56120105626396,71.16271278655492,73.58427346727483,72.14231011247969,79.41611204339904,83.13662954083296,85.15926825104766,78.9278160215988,75.57321382721041
2025-07-05,76.20999554191249,75.31495973144703,73.97660241634844,73.77857121232579,73.66241217944491,75.5835003953942,71.47529958004237,57.297678772673784,77.02988964805131,75.3358315757095,54.4276971963843,52.026405286751384,42.14521726290254,46.559412599794534,62.15791948593715,64.90822728023454,73.00790557273743,74.70730658069154,72.6570348318494,80.9857545297949,82.32847285611143,85.27328007544642,77.47680212630438,74.36626282212278
2025-07-06,76.28640874489876,74.28115422161464,71.76259428038702,71.35753611365159,68.90666180059193,71.22716663119488,67.9618806189606,38.990101404952235,58.752591560325634,37.46961970027245,24.425733012186715,7.485945729199158,7.996966561772105,11.168113448977932,17.69316722737361,20.222847554129444,52.72790318957998,64.28387138917262,72.6145289184272,80.80502272364413,82.13963523713846,83.7782881802675,76.40296209181645,75.59252218451836
2025-07-07,77.246074394935,76.13907970644877,76.29620684875692,74.80262109937219,75.18808396997406,72.45578486621274,71.27850282496506,53.542554430836084,72.93453392803598,66.14468857481256,64.23856795319071,59.5799308123358,52.7328818247481,57.140667385964186,59.22095514646538,62.27676588874934,73.57189115269536,75.30253009822064,78.84474555821538,84.9878456688647,87.35461391453772,87.22364768420842,83.79148687299335,80.09877986516793
2025-07-08,82.30580994726483,78.3874489371149,75.92965659708919,75.21138950813848,75.9535290085643,74.8195240014376,73.8841609748766,65.32138311303108,74.23412585063791,74.37291404336138,69.39889908922497,68.26128362082245,52.299845206340244,65.35094959704587,72.1218125137105,74.62653185880576,79.07824105538003,82.85737876880732,82.56303428324387,84.69599945409337,85.61975454606834,85.57490426652754,83.00605889113221,81.01633266741352
2025-07-09,82.03595828119099,77.86537101132697,75.4403099691293,76.5756763681374,74.22518727737378,75.41838594693355,75.4227276060711,70.46932361732955,77.94487953190632,76.29275927688272,69.3880523611676,64.578131341234,52.9870997241362,63.39328726285502,69.39449982112421,70.52389290022998,76.80636200604977,80.34622668940693,83.31563938873376,84.70838801610765,85.50823070230463,85.64931747440092,82.85887328753044,83.15313971544307
2025-07-10,83.70807187619643,83.16822087155157,80.69904972884927,79.99284594940468,77.62806192842116,74.54376753719872,71.81943184536328,68.46933351713028,73.4590214139723,72.77341535055201,71.20996655477134,71.83826574858402,62.731276680605866,68.43137738825838,74.24045723479453,72.68565515135288,77.25911006100583,85.02449360071112,80.66051549345207,85.21304003040618,85.32899229221212,85.4999855013689,84.51104578325989,84.06606840252816
2025-07-11,81.60567462774364,80.58197517238699,75.52553735120411,74.62003490681968,73.2272359766709,70.68122438025654,69.81383243324525,68.85595880686078,75.87123984401302,75.4569704277098,72.28547682062508,65.40451717317849,57.197910412156446,62.53171196496528,70.14660104008662,72.62896266225397,72.91746419259614,72.50169940431601,74.93639628509284,81.9533275272748,84.04287208204586,84.33595633127092,82.31926390440364,71.14525053558484
2025-07-12,82.6748230213018,78.73014937267935,76.27765645327402,75.2926679118958,73.99754411941828,75.61998625768307,70.94765002411552,57.05768297708047,74.13139656199915,51.23075184355713,41.936651782758396,41.751931488177654,31.95114800336769,34.66343054274913,46.671304690826965,46.95832935680052,53.03806986561807,71.97036656555959,72.75934777586967,81.36030371172679,84.72679655413387,84.70635166290056,81.15602982776853,78.19309218158352
2025-07-13,80.22209200299835,79.39604879505221,76.94317068196483,71.45124211975048,74.02087154798728,72.48651495414629,72.45249975562048,60.82067891085429,49.862059454538134,10.916434340844981,11.353253748691207,11.22721101689462,10.04582072855008,11.228147796947024,15.399669057778334,17.554356413678054,19.99975314843766,44.403857885164754,74.76444751948101,79.96618314213183,84.29079447867868,84.38780473770467,77.83064994677954,75.23496920326298
2025-07-14,81.17118114991196,80.21673759860322,76.55215997756318,75.63569184237684,73.26524541293045,68.79117437544728,68.75263944508,52.85178349212949,68.45534661512549,68.43521511588332,61.77852392459981,62.991220868125104,53.528060220009635,60.92469296117988,66.76919085426219,65.47250651555575,73.58225623776421,73.40441193276428,81.41509337054332,83.32196151309256,84.46806671016947,84.64265101521892,81.40185179549769,81.37109002814665
2025-07-15,66.19800941888784,62.4971617679568,61.57234524224252,62.236752431749665,66.14898412531342,63.84577754755497,63.626078230273116,48.055226465222695,66.77316807022521,63.72494298085495,51.28091012928202,47.6727550101015,36.079640574593355,43.99045980025003,54.517416964695904,48.226338702009684,62.878713855717905,65.7521471819133,74.4129057946846,78.21188858618423,82.68958663803133,82.47639157925138,73.22934666067646,67.01904788789483
2025-07-16,75.82087280635972,75.79419755742482,73.97849179697958,73.02972799492856,74.32859854846876,75.00424139066834,73.10449701932912,62.64268160582624,74.58125961840274,72.33525527455595,67.63415978855687,62.61902018604271,50.38225283046962,59.999643273486754,67.86014160561169,69.13850589147827,73.97033265608856,75.84264368774073,74.35154897011502,83.81855849870571,84.59391537244323,84.52935719374473,75.06992336633412,74.77744577587332
2025-07-17,81.57641746684972,80.39738617442404,79.91557679403172,78.38072929261523,76.67728154252701,75.50384153322632,75.755861446731,70.9417129271627,77.03295698140839,78.07915352617846,73.48969909689403,65.67574409796356,56.7524260374356,71.60145230357926,77.22709117518978,76.6972063348053,81.00595288338239,79.84259601746795,81.68590533568778,85.27933493990498,85.46258108043526,85.45381621996872,84.12244240034316,81.82561235265885
2025-07-18,84.59957870891375,83.64866134894135,82.64205664858395,81.1180452429218,80.15113503638938,81.3875525580523,77.65487006948669,74.24727160850364,83.54998390696248,82.86524417298995,78.3688489268172,78.87905482054282,70.6164589062062,77.54999195051464,79.7211258429189,80.3852123954372,81.72001746419224,81.76905296674919,82.03552638360107,85.22725903503265,85.41270699378342,85.31292365105669,84.90282897297838,84.08453368958004
2025-07-19,85.01695208784444,83.7029720619437,81.05564724031929,77.1693251894211,81.91398370225652,82.60193262217017,78.2992981757216,75.21494298380082,75.49204720076312,73.13962998083922,70.36343265234544,67.64231557883303,56.86349725600522,62.0974872474437,62.86600645357914,70.90783369086991,77.66937510087782,84.54204190014089,83.87508055948574,85.01908891908542,84.83272703081552,84.73574552308118,81.97325757682808,81.52749244776528
2025-07-20,82.38007860343774,80.96117189163847,78.64085320930758,79.92063831534537,75.55193390929969,74.32005561234561,72.66105749101592,52.99638762914138,60.344742903848456,60.24058377881825,26.90332991531322,14.223072260081027,16.98459306690273,21.264897866428853,25.125687341970238,33.228839373961975,45.34321987325435,72.77223041993389,80.79763501788568,84.46873335126672,84.34457524944186,85.07566087671516,84.25379967824549,79.86617820765211
2025-07-21,82.40583736811182,77.81834995388377,76.76002884308376,73.35408070698996,75.97721517688012,76.36901785761617,74.78960029682733,72.65736490975736,76.85016638477215,77.40050658939538,70.57745178984993,71.61518932015932,64.73368250871418,70.86751380225157,75.68207785637857,74.49805997585274,79.24905111118768,81.1437701588138,84.0538051666203,86.45501829547942,85.71778574638775,86.0928282611536,86.05782861886505,81.83362009524143
2025-07-22,82.86133457553021,82.31382599777504,77.77357968588133,76.6548060428233,76.575055115961,75.13998088977085,74.43752084510513,72.52466487988234,78.25934536416818,78.08250731203742,74.33498136796682,73.19070236220966,66.91280249709848,72.59754628679457,75.81564366696975,75.44184698208566,82.528255863638,82.86715985702394,82.71980635553733,84.95824306998232,84.63153448648535,84.18563212525656,84.05004316096912,83.58191080604468
2025-07-23,85.69539163504409,85.26359986838152,82.0298382734008,81.1975649961721,81.23620217100671,80.87943876889554,76.91604891552893,74.98623115479649,81.98481387015833,82.26705962829077,79.39914251686233,76.63641464358011,71.80157937575966,77.11662855135157,76.58683731400787,78.14828169985341,83.60072251890888,84.31277506033938,83.42577828195202,83.93703310804153,84.04488712911218,83.7454385369504,82.50536772434816,83.15240615596407
2025-07-24,83.57990749621369,82.56007170350756,82.31806638227101,81.98159630002841,82.23624892776743,82.67757229527606,78.33255901400416,75.61363993970411,83.29741775514027,82.90420360594852,77.66645011865025,77.40669062663183,73.0109131207149,75.55846912216654,70.65209396641873,76.04833827548133,77.70838277357123,79.39693957854077,79.99813286065638,83.92598537118003,84.26587352442175,84.45333120802238,81.44689892539378,79.81437589945757
2025-07-25,81.52656114994163,79.30580674326738,75.8295843770169,76.7138989334273,74.5865924321631,75.18409066795397,74.18202115674313,72.8498174075706,78.68769618953478,78.90212370755734,76.13826943459038,74.81729989096007,70.70092878317485,72.46635512638436,74.60276394524091,75.79469069572974,79.71964372923303,81.89282877293029,82.76375549143387,83.59028191747662,83.41756854075588,83.3817411419318,81.43815314424305,80.44729297052145
2025-07-26,81.86052823638606,79.11749939880958,76.14636881911552,77.70839688557345,74.78668217634895,72.38403944198558,66.96833700684587,68.43473626940651,75.12601394113923,76.416660614737,67.70887955404876,48.68499627873576,44.600693502952375,45.595643729132384,53.63373615791472,57.613999852413265,75.22226317646164,80.44361966380008,77.34305922998944,81.66370958202624,83.44628485794367,83.3727269935507,80.79795667173012,79.0891979699075
2025-07-27,82.7765396305605,82.2270200174495,79.21181772325109,79.2979186538533,79.83587244589566,79.94540076300608,74.05880634636308,71.41360750911079,62.97820336975577,58.65000492702605,48.1627617721578,44.40990297948884,54.39275904187078,65.31214900892284,66.8195313932154,71.01051294632096,72.98743204016414,79.30552353126461,83.7899058110773,84.86972257408763,84.93033657671774,84.94596817516245,84.03386268976784,83.7752901617229
2025-07-28,84.57836481941808,83.90416727798595,80.48356555855739,82.30043209312441,80.46509328955442,78.32090483494433,78.42561730803551,74.72719607570333,77.83558251073437,78.94232875463732,78.03337995547277,78.21388467493117,74.3869738948101,79.89314765355553,80.08498286911696,78.34301747566656,81.3975176327386,85.00579784831235,84.82894265460533,83.94090947718367,83.81206332814078,83.60201662697214,83.59617682521244,84.03494962184521
2025-07-29,84.29858753158578,82.88472800728029,81.3583692350889,79.87366332736991,79.83081546345952,79.31354624238381,80.1672624986692,80.44384118502508,83.00037498419263,82.85691757349483,78.90497955731962,78.6527863536155,76.11485200753987,78.99449054443004,77.29503260519445,79.15341090858782,82.64312266008669,83.53771292693649,83.3035372473579,83.7981654099998,83.68166676613578,83.46959257483891,81.99154502007252,81.84622077491912
2025-07-30,82.75602681886146,82.66000697770141,82.26382500434036,82.006211830235,81.78861296191018,81.83124080048938,81.04583888567517,80.37655716030739,83.34704299728331,83.65603725084185,83.76367070026133,83.4363806615436,77.67318515428494,84.11689924497213,82.58127511655684,84.34030934985826,83.86905583465959,82.31023664501977,82.69335081860363,83.74346500494092,84.15378008437574,84.07595738412499,83.54828872521578,83.27652776970943
2025-07-31,82.61993201709834,82.56893784564636,82.77416339326263,82.41106104587664,79.61525641806817,77.76175270894464,73.40404180360353,72.14210329817413,81.31124213522587,81.39055414276334,75.48632157372833,77.41637950937564,71.32987220375945,74.46179890368462,77.84400429037055,80.40496465885956,82.04181305953941,82.379136443787,81.65381098342033,83.2193368073992,83.1798410516387,82.93120214720085,82.62523032355479,82.75389742003883
2025-08-01,82.76669749913184,82.5014802032279,81.92329666764417,78.12958291372868,74.45252073820802,76.08195896170838,73.99137628736983,72.66437383616443,79.74649477207542,80.41934098876378,74.44559134461007,73.20827672957914,66.98128453384352,71.877130530401,80.67705337024248,80.03294156956264,83.09628654185481,83.31998732350631,81.9781601660006,83.99741655104516,83.82304892075166,84.10911250550683,82.55810158090178,83.23644706853595
2025-08-02,82.80770893713283,81.82204392532003,79.51044223666636,79.87248919741982,79.09687838947866,76.48355996205323,72.36391094616151,69.97209888934397,72.32009214530429,71.59318332617029,73.18366341844155,71.35873779563072,62.84398601533181,72.65234885748842,76.56784565271118,75.0926494172937,78.15472695824194,82.84031310912792,82.93355221712751,83.60986588382639,83.50265993685619,83.59776541393335,82.7344886091053,81.1932650132198
2025-08-03,83.07550354069053,80.4389913112774,77.99373774786496,78.49228419777081,77.57207390685217,76.02085259408221,75.98208512207258,73.80345276041328,63.18557781960862,61.002498543528894,58.49837585393005,66.19295990262931,48.32804671996865,61.76082428434459,73.26494528454464,72.27114893329157,75.25326709711791,77.35974000413621,81.42655472129401,83.3878674221378,82.94091678537983,83.30700260364488,82.96146440096044,82.82627018764188
2025-08-04,83.57290007768562,82.7774899376651,81.72627449158193,81.82343722162668,81.03690468860304,79.62229368977232,81.73131068932425,74.14028168516265,78.4023781343331,78.80907164298482,76.25363776879587,73.6174696546278,68.2549889945167,75.57946018401523,76.76002073067728,75.03827038057412,79.2469662654493,78.25167367955551,78.83037066848077,83.9876890298898,83.77227901126152,83.52121473593988,83.09558231985882,82.65727818471566
2025-08-05,83.04081997538695,82.80539368235186,82.52460776966862,80.71076534655805,79.65716121846363,78.06887917259313,76.87857427636965,76.8965308462001,81.50042967506786,79.3485132531738,76.36063884194945,70.76818811991946,60.10767938524643,74.09447842742728,77.32247341108528,74.24791765783894,80.03226191644428,82.45133775028738,81.88579889526197,83.95552838137083,84.02796884321218,84.13678596090729,83.66714471222022,83.28907324195215
2025-08-06,83.48886967536176,81.67233606906802,80.39963388101732,80.81902529161546,80.08122564193931,79.28844518376346,74.17878279231545,71.04290925859817,79.28677264949448,80.2912592569609,75.11577409749498,70.95355931707783,56.66599958390829,71.2433249374318,76.61164202207037,75.99133038596453,78.19356297584756,81.61775337336056,81.98224200726436,84.02394850698327,84.03921551893562,84.06858250133998,81.88253371749967,80.4548515285247
2025-08-07,82.80519578803812,81.78966235216542,78.95016522660288,77.07139200839981,71.0276106897284,71.22285337340622,68.08934469483577,64.66898565950687,75.41191155564174,77.82049399813984,66.777036695124,67.93732116602551,57.19570146602917,70.57378842706909,76.78524354346938,77.92619712487047,77.48892138272309,81.80407136679558,82.24918000695901,84.13797744372773,84.02276702446581,82.33671259722712,79.34349360064645,78.47927112238415
2025-08-08,82.87795193940426,80.84140556266814,78.91486987973221,78.61881888380667,76.45218612565643,73.52284002884892,70.51162062565822,67.55248452740973,75.28389447120323,73.93299745285609,70.05455366643619,70.74565695463778,57.909467843662874,67.16175183567636,73.4532569679217,73.72356395928267,75.44497999188722,75.227993216934,77.78868640871856,83.49943508006237,83.68390666658739,81.09221325145285,78.89858871151958,77.18641612925678
2025-08-09,81.7259971205179,78.01592305226109,75.93743443995452,72.86805713017877,72.72868897794946,71.22298276293442,68.35733563782904,63.15766214831805,69.31299486181864,70.34180468181488,57.54600579196615,57.47128347738277,41.388502242539964,60.62331363009233,72.97073204020317,72.4407194272113,74.73438902683942,75.59298779132457,78.69525669540701,83.29589997980207,83.95823979991874,83.18319042733384,81.24481931245958,77.34174491770423
2025-08-10,82.77750412363963,81.08276355851073,78.646698026181,77.92583849381793,74.73514321323587,74.22043946169397,71.95933420394881,58.12394735085623,54.74508537745919,46.47441066108689,38.476759571226225,37.72309264944255,27.651902294029234,42.58372831656847,53.08124108086477,63.91627527001535,67.53516236951265,72.94947504802812,79.53250139090747,84.1880418408152,84.24752948898488,84.25239460124692,83.13142025230843,78.91192039573036
2025-08-11,83.2595324676138,80.67586439845373,78.46108561524446,77.74541058630243,74.56996093225516,73.3778550495414,71.16503366956871,66.95262967248796,74.47766533959971,75.8011331527968,72.65640849907479,67.53914357553303,54.483782394446784,63.17559464456871,68.0474978089123,69.97878960502379,76.38756236853646,77.521400450337,81.37887525652901,84.77411345155969,84.58469162245005,84.60235110728185,83.59224034209336,81.25054017490173
2025-08-12,83.7072753405853,81.36717003215378,78.7486607318274,79.3702649516657,76.10145818500565,75.31879608705434,71.90582373630865,67.2408755088387,76.87995829333997,76.57992549827968,67.79586542307284,69.98042398737395,55.17703846541532,66.77412431986431,72.79232085366026,76.43979348917424,76.43811531000634,80.19765463302812,82.60731555040886,84.12700848473588,83.97567282057719,84.25071043446316,83.36365269998372,81.15744500390527
2025-08-13,81.7772945546988,81.25187364041128,79.52911021557159,78.57600320753563,77.27333272064186,72.71308922645451,67.80251090465546,65.72522705661895,76.4842714057664,75.96763081849949,65.06417327962617,69.36104949048867,60.67670266441065,69.17553160677399,74.17689813535378,74.27167050645164,76.11654454499426,77.26915020252416,81.69839557508564,84.11262380077774,83.97403289872193,84.20126150869102,82.10310929555033,81.42734557442874
2025-08-14,82.48951518875698,81.73353720040814,79.41887501476732,78.78528221176923,77.1259922430418,75.56487835481424,70.3872827952311,69.92043618634456,77.4510930918025,75.15596471345322,70.44964275604478,69.88314965256788,58.30497511757795,70.76325004311454,76.17264383871385,77.43640583292621,77.55586990939759,79.89871862182875,82.03063687996001,83.54490285266351,83.46515814520387,83.60550329571886,82.32077583128647,80.58199698332358
2025-08-15,83.78181966055186,82.5625280705615,80.96696360180167,78.09222114917172,77.93654684296857,78.29977449814733,76.07030761369136,70.86218496891654,77.2597286888662,75.89279942402382,66.98757302320814,67.53757451742577,57.83980576107552,68.07334742750143,74.96397134459046,71.88773962732611,73.6854268170788,77.26787614503739,82.11102198324443,83.48456743658976,83.1697810140911,83.66376278674375,82.67401423974701,81.24042089297546
2025-08-16,82.29005657375605,79.79318123048445,75.64134907309686,75.37910518436126,75.13001807476873,71.68236366691232,70.90965227701582,65.78459230906186,70.39827018547953,64.9821379737794,58.97299292894636,51.158927707039055,37.87483702031693,48.5359476729096,59.86082128031287,60.295539956387294,69.88196055808753,75.54792386658836,79.14692831625602,84.04698846353757,83.12607254186653,84.16464898345649,80.03890153763112,79.40507414412596
2025-08-17,80.3615935948326,79.52743019296679,78.4819747064808,77.47965624578912,76.33982100370133,75.51000945577208,75.9450890902591,68.66730194985902,56.659839032973714,42.90972027797511,30.306255005995673,35.16315859921494,30.768989786199207,33.639510152084185,37.37780492177076,53.85974630476635,62.7771576222126,75.87167537059396,80.34589802364306,83.96501208773444,84.06969927085487,84.32977286371955,83.39701055015937,82.34268159312803
2025-08-18,83.27067062678778,81.69294343475666,79.73498100730549,80.18708263345475,81.98730735789249,80.13381087734592,72.70255945610823,73.12960234551453,78.59303483279538,75.27013766152885,70.43547990761229,71.03821863241178,66.29071181183394,72.44154567968539,71.67789989423542,76.56985762379024,78.53661465862707,81.59164449979326,84.2011368555237,84.13261316619986,83.99455883672921,84.15327539384586,83.63524185329855,83.76161843791583
2025-08-19,83.4693371510812,82.3120665140333,82.12544788703302,81.0431633167136,78.98549360451884,79.18766381310134,75.64891312482587,69.90011059805101,78.3190777805796,77.7301416649536,70.51528820639398,70.89047808672579,59.47509427850736,68.82522496055445,72.16470570446013,73.56143834732316,76.24288624728531,81.6732737227181,81.88464185128305,83.18251779010879,83.21516550896028,83.19294572435344,82.46779038560145,82.52062656360238
2025-08-20,81.98405998153297,81.58353337905922,79.17140131134676,77.85777088351011,76.96646740322942,74.60161816493893,72.78863347192163,68.66880715604108,74.81577112794588,74.25041947727297,69.54483713299845,67.46563906609924,59.4016029812767,68.55512575438051,72.75649283725959,73.40521538620949,76.47820207438652,81.18626892053679,82.66004933263115,83.39671253228474,83.48182193819065,83.43815440889446,81.73663290656833,80.19844395156527
2025-08-21,79.33962706452476,79.57039635617936,77.71951382551957,78.00986223579639,76.91109207538533,77.34686752096091,74.55639137990835,72.45104514568986,77.3956845160143,76.44368978739097,71.34309179571987,72.30122198189557,61.36461777982747,72.95363845920534,73.80279183766436,75.13084960106049,78.15294052960539,81.481906140989,83.5925755738534,83.71694338430167,83.91495806471661,84.01304051764899,83.79537789205067,80.6654157289512
2025-08-22,82.94390718146227,81.68404602992665,81.29409463844324,81.02925321189437,80.4531237971245,80.58565132942942,81.11205268730531,75.88248151017268,82.0478055002458,79.23017438265106,74.48741755304006,74.42797111176507,66.04653701323447,70.22408779157813,73.10903808983018,76.303947977537,79.68000769527977,82.56192357985672,82.77166171615819,83.17683200862386,83.22955748122483,83.14014505760814,82.53937826147126,82.84140800030892
2025-08-23,83.45042554853082,83.63368393916683,83.46749609455044,82.0339880117997,81.95159939623468,80.62314578786024,79.20137171951326,75.16433733219299,77.7052172237719,76.54261021706397,68.1174152261082,65.42808281814587,54.38942083717235,61.86324985010169,69.1866100903978,73.53038043614643,80.2052299217493,82.66858780171042,82.13180321390118,83.44343199839692,83.5214602622546,83.58424205337222,82.9790707421998,82.72084834566165
2025-08-24,82.2362884890262,81.45876852729731,79.60311099261389,78.82294817059677,77.38121795680732,75.77005069461431,75.64044556916882,73.27245811413424,55.88781182137689,43.17257595329739,33.247343641289525,29.69303117018629,23.901671563214393,43.57220307063732,35.716121532846756,38.021788656776096,58.336804633670155,75.46417282632225,79.69285795304991,83.49435543262284,83.51577889141375,83.59378575987569,82.75521333525329,78.99956325991228
2025-08-25,81.86072263202071,80.10410469684795,78.62266131117424,75.5173250406123,72.23781237790027,67.69192905748426,67.0515765008463,61.899066948816056,68.09979140765176,70.190049244963,68.51450658048847,67.1062252075487,53.97912381711244,64.86485638530587,71.09299455876022,75.39582887386224,78.46186051311211,79.18899173038851,81.15672410340457,83.73379639403295,83.75617503904685,83.9525481603392,81.56266672036459,79.58100963301239
2025-08-26,81.36381056468664,78.45045201577852,75.77788882509473,75.76558486934687,74.24574926929662,70.22093858075867,70.68991543728049,64.45667302359718,74.42225863868607,73.85838019577949,61.69655231454416,60.187328890375106,46.30377209266929,57.06761639155883,63.62267570213569,66.513538621216,76.11837302144906,76.82328573347819,80.05791438127869,83.57034805473015,83.66238367268423,81.98612491396379,79.79440474980203,78.91550454069547
2025-08-27,78.48431553279471,78.50465054997395,77.32044607569382,77.01720262035586,71.98937811533798,73.78885519680335,69.30517446965482,67.1915612183457,75.67496210993573,69.46143740925692,61.085157081616316,60.05952362429079,44.199869503556755,58.400417642356786,65.53442915333827,67.70999876180734,77.5799145628561,78.59904451977553,80.41727453106445,83.38614406265175,83.41048489167066,80.52851472274418,78.40679910989199,77.30253050173735
2025-08-28,78.37239290639138,78.27729119000968,76.43227446498935,76.31514452265445,73.35925767124834,71.96118017604736,71.75609587227738,67.35060639541574,74.85403316136316,71.98200810097082,62.015920542410356,54.68264724094151,44.687141530588555,54.026243713593296,68.57786575382188,71.51318699935818,77.67800695597529,77.75139961763676,81.61218677055362,82.93368191858178,82.97665024852189,81.68484545161218,77.65631262677611,77.63276680715381
2025-08-29,76.95609436703533,75.79924834429822,76.08845977763862,74.99848949730115,74.91548412331042,75.44955132624325,72.89364224753618,66.46938808585394,75.60346540751999,74.0336196820375,59.328019545153914,54.850170256904214,47.914818893568246,53.917800682792496,66.5495246132298,68.13634465163756,75.06725019227976,77.15775548106197,79.42601955109922,83.18342077201284,83.19382995725178,82.75716673165901,79.88682480722098,78.42932281987207
2025-08-30,79.43109769675375,76.74450605572306,75.41149541425912,72.44281405858185,67.83757135495647,70.32070311781123,71.48650702716164,62.902905722527706,72.94048584950346,65.5223080019006,54.68703488353936,54.07254231451676,48.27800424081638,53.205387123037475,62.29827462393621,60.42367470091607,67.42212623108931,79.34310897152999,80.60982718132088,82.06900502594462,81.97443286368234,82.29420236266228,81.78162421359262,81.13906324044936
2025-08-31,81.6164982443887,81.85044917928386,81.2589345175786,79.97995872125666,80.76978003727807,79.23240346566972,77.12787874622704,71.51478095303061,57.513507166611745,50.45378238311411,44.36412759161325,29.845545253388472,29.205097651782133,27.872422550910212,34.18500236476937,44.95746201648027,65.19323966391687,72.12149453740669,81.3438827803867,82.62966968527687,82.61733722874187,82.67754771281088,81.86505308907157,81.13608268154
2025-09-01,83.53071419876164,82.78823447583223,78.62355400188169,76.81465420815748,77.37370717797917,73.48881450875582,72.04062538730491,66.67769313505491,76.13646664258339,76.45346084237063,62.155128624228766,64.0473374689707,53.240887925889105,69.01819321531141,72.23054256156286,75.59809863563666,78.12285995393707,81.07230984867192,80.59584276155655,83.30019862877097,83.33891581007163,83.59798738702827,83.35840112428359,80.35138048261672
2025-09-02,82.05667699933147,81.02378605789698,79.09380253123194,77.81888910706577,75.85465361354973,75.81777247994388,69.88818122176608,65.8875911406153,75.45040943375024,75.1671552108405,64.6632651463447,62.1324468613114,54.9637015483741,63.13654588466643,71.41794651734779,76.49670236634749,81.48864650903714,80.60159973993991,81.9847996671942,83.09202931496816,83.1110199825154,83.23545217695231,81.27289260488969,76.67129720035756
2025-09-03,81.27982596710544,79.61625121758026,75.3700270911097,75.7028084304614,72.87518603456162,72.22921167615024,71.51214198750966,69.4425496265823,76.36117808278932,75.32139354341963,69.44762409453635,64.93075320599362,52.51876552762201,62.80417558617061,69.38583790330264,70.62945922036131,75.93441330949017,80.3581083097756,81.22045942239687,81.32404295760911,81.39465836117162,79.28291501397048,77.97201884517597,76.25672661235873
2025-09-04,77.92370988130557,77.340947360164,74.56947559281208,74.22507808678372,72.11066220070843,72.66043320480087,72.38905131581195,67.82308385524028,77.84839335354047,75.2007457288068,67.85526119983565,65.95879630247994,44.308795286913686,61.76468860200484,67.81063789139336,69.5155987255148,74.3842714526865,76.21547943163641,78.714209718648,81.94791309668828,81.92690839042002,81.52486665303354,79.29159698612875,77.61456366290908
2025-09-05,78.19886781274354,76.57039710298858,74.37453684645797,71.98325621942469,71.17999246801077,73.34439199161065,69.15334198373984,68.21022893958943,74.83630622381715,70.26507290678082,61.915630556489354,63.36592700520331,44.13526261905746,58.29183270903207,70.38849901996544,73.3145080239652,77.57999458372284,80.17521710269685,81.27634282470375,82.25970022604024,82.22144349571742,81.70762431670055,78.07009420129987,77.08463696457962
2025-09-06,80.8161233582046,78.94203267189637,74.9683667230403,74.71896013476805,73.41278245037644,72.75420157245789,71.55603259818479,71.93373286270851,75.07733910791637,73.61330168728892,65.01292416209226,56.68756116571815,47.282690827402334,57.803158826032245,66.76314071027879,67.42556920915852,75.94630901539452,79.83602141557782,82.09114327383665,81.77411613654944,82.49917359151053,82.30421840607445,82.37795870194805,79.58915549244227
2025-09-07,80.04487355525242,75.81158971202404,77.0769016260631,75.7501357076421,74.68820568215139,74.22345586332041,73.44162952856566,69.86738003595657,54.48681302385261,35.74083325923307,22.872506435966862,23.451870238363792,20.646880695776815,27.21530740694799,35.80126207649152,33.873976821811695,62.68887772449336,71.97133543125784,75.2606905368393,80.32734431097059,80.40021321362667,80.51922620533426,77.02452622656858,75.37592314749065
2025-09-08,77.4597373434814,75.41245755808399,73.98034535308015,71.0767731042599,69.99339140497719,69.18360498373305,67.66653241602637,64.19565314018179,75.89986388428787,72.17280959855216,61.88954935065908,52.11932726246848,38.611689202337615,62.06323901040956,67.4737797146887,72.66983019029692,74.20820661659562,78.15692253153905,79.83180594763589,80.05921852180639,78.90297188950333,77.78645273470578,75.93291848309369,76.13279897507378
2025-09-09,77.11101456515956,76.22700063105749,77.8377113427864,76.98286798069748,74.5795276728159,72.36113062194819,74.35988351974746,69.89132519677592,79.44525303811538,78.39247695721198,69.70746210446312,63.99843622494819,55.372171022470894,63.57631256191415,70.70125377457914,71.8658616850535,75.88613513600335,77.65889621045027,80.87875534467459,82.02889527798526,81.83178666871943,81.4184906584607,80.72774132183189,79.40779520476573
2025-09-10,82.10807663866807,81.21579179404239,78.4851846981289,78.16555865052133,71.93525208722224,72.75530400606237,74.45802957582808,72.66341249857874,79.78661714923365,80.06113620947858,72.3919100324708,70.195434754824,53.51732424472876,65.88368801935529,72.09662728117449,73.6059747801019,79.22116261147488,83.09701763420863,82.68996338700428,82.74442063309168,82.54254042369882,82.72760444086178,82.38079336393437,78.20422876741152
2025-09-11,80.61089847079158,78.94666260821985,77.08301003976744,72.82954442632665,74.20058775813808,73.49000345330725,74.07189708449084,69.64950017270952,77.01156475782187,73.49475871628063,69.31924372360677,66.40299617298098,52.45947975858972,63.45808310172852,70.66996688813941,74.16022351242238,77.76549500265013,80.92724877349218,83.04520266889519,82.60941944086116,82.60484161437067,82.223881000691,79.35680928062082,77.42989650941777
2025-09-12,77.3972810896464,77.3321404592515,75.75519479748304,75.96154197366246,74.565374745404,74.75413432360759,73.95085037871702,69.41487279319793,78.09706682838697,75.16846964770731,72.52199547095616,70.1315440104495,54.93364740875026,68.3210603233546,70.22407924609522,75.03070987453994,77.19459058664523,82.6897501021808,82.19182807319031,81.90139681281138,82.18542166269555,82.37832584022419,79.08050651196511,77.31086544958808
2025-09-13,78.6661894185466,76.23179800860117,75.13763519804405,76.13868638168194,76.07882977605718,74.8776869473422,74.98267937931851,73.25906409379739,72.57654554439667,60.57867746509985,48.43211945270004,47.534271909939875,31.32304251434317,53.64847434331387,63.3804717070321,67.63891143206602,72.88792304020542,77.94591994819939,80.6474159872771,81.24514200348337,81.98353466343981,81.1089782578891,76.99928750197444,75.51771874519729
2025-09-14,74.44316171765094,73.20590379235364,70.5413732514001,69.99528482258296,66.76851611078673,68.69154557356121,69.0324146588537,57.32209236021624,28.482904226819134,11.262355586533863,11.859956270346428,12.64724439798449,15.601497548262865,11.37714116208875,19.426544443020425,18.34818247544035,51.583265663415624,74.56910408207011,80.63594115018158,81.29599841371822,82.11841338626516,79.16026872008386,78.09020661454177,76.23930435313892
2025-09-15,77.03922938791035,75.40439776233184,73.79832695440227,73.75247025607014,70.14167355450978,69.41467160905337,68.6655560076831,66.04421194768075,77.06260524336463,73.04899147003755,58.78217809877909,60.364814351699145,36.55031631644542,61.57954878659008,64.51424744325479,70.27355517542563,76.11998149738098,79.6242013344691,82.52983747226293,82.90665540250711,83.07160857780806,82.64060900691395,77.27059323791835,75.4218793337173
2025-09-16,78.55853214051348,77.01463057541707,72.91420791573962,73.69911277716136,72.25863205476358,72.77616597708199,73.17722603055549,71.59164454298039,78.21496136255085,75.7728613710422,64.58734137029877,60.73436084392689,36.76902918909818,52.643029583985,65.92780401307651,67.38783567733218,75.25825278989042,81.46867879505555,81.99010106458185,82.37625742701735,82.1635179648542,82.13723656939503,78.92761449037403,77.44850216498067
2025-09-17,78.12743413241361,73.45252190510938,75.48095021054623,73.39935417580152,74.3310085884019,74.53748893516232,76.25823725692399,70.78871844990334,78.96891640609722,74.5538431051609,65.96191552833432,64.95540621940307,45.519182494741614,62.95492644668909,68.80362020406164,72.20174135390114,75.85934156162004,82.85582777430163,82.48256178313828,82.32920805101371,82.24222079976097,82.29434373193672,79.41878431576545,74.7958706410889
2025-09-18,76.67179569517947,73.30083753848776,71.55052139902418,70.57862853271065,70.388049954239,72.71944552270035,70.86255880588058,65.77248891054553,75.18900313936408,69.70351127757804,42.950031523025004,41.84226221974101,27.88052378469052,39.89905666444381,46.39261295560265,65.98422178846522,75.25468147377116,78.95272549989816,80.81047221675843,81.98799879445666,82.17499586240372,81.65637639765379,77.41136725737594,74.95280548525525
2025-09-19,75.56959910986387,71.8718699637283,67.73970569258321,68.63747643639212,68.59672312709856,71.30776965213518,72.29095226554398,69.28783011739273,74.8242474877786,73.52198750497205,37.45732280142709,36.13623332759564,17.380621572124134,29.108464384810187,37.452661162850255,54.02981085475381,71.90146426636615,77.21822621433232,78.28292546266267,81.87918835489495,80.17696821458365,77.79351409599727,75.37353528698989,74.48735586640251
2025-09-20,75.88497749738721,72.37011746311106,68.19333354080311,66.02616934043064,64.26362102646975,66.4053604706241,65.2369066721211,63.24756601940017,55.62646401163325,46.804871514406784,19.252007223819504,15.64265914071874,13.646730276849668,16.022714199764458,16.786735271712622,25.020883442186886,61.22600957059537,70.84869558342635,73.12986144985034,80.76833304602489,75.65833247956913,75.23863704374537,68.93353907469444,68.3448225889239
2025-09-21,74.42628383126724,67.8768588292793,60.38024683954637,60.627067766965766,52.4609810155111,53.44896879009129,55.350873504594325,26.846674139312068,2.88421191833596,1.070436534269221,0.4995690020089604,0.20165756278951158,-0.3065228101310022,3.01081576893612,2.6704467499245728,2.039141409900336,9.357090054514979,54.037952410033554,75.93985092394333,82.57925984538213,79.80248465550734,76.8449293413831,69.03795371309809,72.24647370221994
2025-09-22,71.50559124490798,71.22894005418236,69.06957816533087,64.35072288631146,66.2605806426305,65.15518251393108,63.85478558035496,64.99310953357947,74.73045227508445,69.6362974044007,60.27543626979167,51.33880921657972,36.07366809569671,51.27715036642847,62.96717969844755,67.88629868332107,76.31295356657063,78.20543319490397,82.06458019547608,82.66016803036915,80.91065330886461,80.35242047742624,78.6599844820638,77.3759742715898
2025-09-23,77.78054255868905,74.60037561792326,70.4580851468628,68.90109392702222,69.29425122785808,70.87636116077876,74.8030809610703,67.39277009579042,75.2938813121501,67.335169187341,56.15688326897249,53.62181824835412,34.42541191039957,52.42966719776404,61.098128549355934,67.20873624732667,77.15362839805466,83.41253298388935,83.89877805196224,83.37516390997415,83.41169328739788,83.3582705680194,81.12484308100927,78.00402577413611
2025-09-24,82.19511603209313,77.61157490769916,77.32485632362163,76.25640822646551,75.59186768316681,77.81389191086224,78.53963495950808,72.70767670228452,79.74356558229712,73.91339725342557,63.227787955053635,60.06165930168664,42.26152765662408,55.8872479993448,67.27402341746007,69.06398869762377,76.78681701849962,82.78792267698827,83.54646341662811,83.36023599324918,83.24978889185034,83.17721023039046,82.63904338798741,79.37057012371199
2025-09-25,78.05312332405715,75.38561220147308,72.86511875733878,69.73276518415506,69.2162542800458,72.46148233751295,74.06850481857718,66.9654474974741,78.33720766767814,72.42610019474975,55.41085253588521,53.954511955096535,26.200928518165732,49.49302820119326,60.27169096005255,65.83879447578971,73.16637444699845,79.39337575006392,79.87147827091367,81.43176416839012,79.3809291173449,79.0072034132968,72.20408436305907,71.8319853765376
2025-09-26,70.51027368425844,65.43674991233536,59.752367549638095,58.03123384871376,55.063512556434915,57.78005141699796,58.47359247723101,45.645199565723665,54.965622461287126,29.590760391493223,11.533250071227696,3.837522109776244,0.6270780673661459,0.8828496222823826,9.871645708272524,23.598406665514847,53.85049014238119,77.10806277288322,81.07150185459676,81.42347313655839,81.06669986843285,76.58291594476408,68.72831208115954,67.02717587517152
2025-09-27,69.85848741499775,62.391240727566135,55.07034951952203,50.21446371619186,50.87479024156136,52.26798706010554,52.70744643659053,43.0868439809476,34.784145315319826,26.236905388624667,7.035268446870087,5.841291252977769,4.491033171929442,5.313854585727471,8.31728542656184,14.874773890321844,39.27187764478186,75.35293336889535,79.18866479363591,80.98073828553663,78.97048921065635,73.95955724930255,69.79555360044208,70.36753788457861
2025-09-28,71.48181449966779,67.19634581943676,56.083734429506514,50.89085345342769,48.47592843123555,50.2292060081638,48.655239874644124,38.106096812745896,4.918729082606258,0.644463241407205,0.48024072901102927,-0.19052608416876515,-0.023003839894665926,0.2717815711393176,2.146839853534147,4.85074545483131,44.15623130216245,78.13820801899092,83.15504084684507,83.20312378255765,83.37304510426107,81.60455069545831,76.03290003941929,73.1664843582818
2025-09-29,78.18726032979725,72.41683543182826,71.3293372021671,70.65087589419753,67.51733612212001,70.13816479430017,72.45846410112532,64.46983826915641,77.74010297579177,70.8219302888467,62.97026516687065,56.25013773527094,32.799942200446864,54.90576361349993,66.75360144573979,74.49953543620407,79.35893165357672,81.64381623128331,81.88405253350341,82.66740415604136,82.71582488377044,82.2628862225119,78.30696285212544,76.63422281826169
2025-09-30,80.47342005438855,76.64672985328058,73.62245493543467,73.02125372062596,73.41615518613482,73.75827799447273,77.1478667175407,71.02661592412574,78.56558624776923,71.33255619002709,66.1040034413783,68.06787239562617,48.97281703345536,63.29852675497483,72.43802957892207,73.89215539870374,80.34325265259763,81.63361986748188,82.33766191327209,82.21098239404913,82.17205271813405,82.25941992680958,81.35699644368152,75.97010345480784
2025-10-01,77.09381089752613,75.94950800768918,72.98534908676672,68.32361481875202,69.11288288699339,68.95281016583166,76.38502642469143,73.90269996677361,77.84258991819092,77.96486787495043,71.86443188800094,69.9037928648526,40.405134541830144,60.43143455209994,65.51076010046187,64.91817719722822,76.67553135472816,80.80150129270774,82.35697541600727,82.17195534084334,81.8714710164222,81.43639006651327,73.34056106212638,69.59640950970392
2025-10-02,73.93005820497318,72.65882394001866,67.39888861780538,64.98635317926201,65.05389562551758,68.44275562814407,72.70613003912106,67.35793353066192,73.9498896553729,65.55961974998678,50.94875389604645,41.51409190804038,21.587509262086805,39.287061841560536,51.96031764712371,59.00983655361939,75.26430280110992,81.86975937998628,82.76872943933505,82.91262681602761,81.00626142438621,80.39749455522981,78.27123586859588,72.6308294894553
2025-10-03,71.63898162550758,69.46116753244215,64.8276344516249,64.0928960832678,66.59101106250509,67.20296913920345,70.64459306676312,57.54116384422237,61.041495803583004,52.58398354248546,28.632870015969235,20.68860194512673,5.182547101245298,14.568239604218967,45.055901394617536,54.70646476461073,73.67615860528548,81.3308036693087,82.02119434152645,81.7173766678497,81.76804685662906,78.89668381620311,75.36717950932207,73.39720021452524
2025-10-04,73.31271896138651,68.6157060481929,63.61507541709151,62.72561411775918,62.402752550492686,62.64021791083097,68.58492323738547,53.56601667409087,55.01415513099479,30.410437135363203,20.241832493386756,20.785582667882355,5.58091958355065,18.47484679079814,23.71756041666579,48.8145940459494,69.53704917625821,79.74041573145857,81.8637936236681,81.92537787672893,81.87739145684121,78.44464129936168,76.40082388139922,70.01968397495591
2025-10-05,72.68184353070166,65.72080953615763,66.04051743516303,65.86540959651558,64.34608877028572,64.48530938877452,67.65435285960137,51.85497021846439,27.888266638259193,5.037647376966626,1.7614274170727116,0.21838890855396564,0.10526279307932801,1.2397887361211273,1.6387729200942391,10.934099571746591,31.227950259477957,74.15640849736684,75.25651329420906,78.35533937160251,78.98730105126039,77.81201350888762,72.89382687952576,69.76600113457714
2025-10-06,74.43700770662599,71.21641213182197,69.1450791041846,63.34868955751451,60.87209711986642,64.37742506351873,66.8161867365493,52.20130100376087,71.01649327050774,70.20990166769542,62.80643992103408,48.65431791151022,26.971641777159324,41.064311591447314,60.48771185578827,60.54042511813985,70.31219399905906,78.03902997898444,82.08301432401947,82.2058120400819,82.04468320847566,82.34479467840185,78.22116028616061,74.01148213533259
2025-10-07,74.28984421207424,72.12864077640893,69.53619238284921,60.86975154566176,55.057947878842405,60.403540127692075,70.90938278250222,71.49589402351451,74.28306991830561,58.229842645253775,42.5981790026638,36.2911451357158,16.635056660087958,27.25925240699679,49.11207135282533,64.23508217265025,77.38719054511081,80.32177501723542,81.04600923585487,81.2028272265086,81.30459852670712,81.84664989848277,76.79204300425361,73.98661441036518
2025-10-08,75.7448183379864,70.88384325060062,68.03316724322774,66.79857995547138,65.492468433452,66.42402867049671,73.7398327486249,71.73360884645582,77.16452970811893,69.52067022101912,62.42661333868146,62.358660390877915,42.07810561963161,58.23033465065561,70.78238536884012,63.37152214104226,77.59106091072117,80.78844634633117,82.0012025204838,82.06219286868685,81.45139659425793,81.45155673949517,75.70733137664506,73.29603276566263
2025-10-09,74.25410576679988,71.32904657691083,69.93752808414362,67.15523325205152,69.42494812653192,70.0227106941997,73.10712693469968,75.31122509870316,77.30826752572533,76.10227340849299,67.82780925279911,69.41345371918452,50.59876962849539,65.1468541330635,69.31635925631991,68.05097495146792,77.3137423158011,81.46848831457815,81.61695119499196,81.856130167025,81.77074887787117,81.28631214783539,72.55878233266618,70.85980459784675
2025-10-10,74.66828832572453,70.34160377426892,68.42175758017197,65.95871912905523,68.11252753797078,67.09307535339292,70.58706522071297,72.54632312067028,78.54538248185261,72.32476009791368,67.67018447648357,66.3714940935638,52.47526901593204,62.490440482571984,64.42083048183186,66.82791344742525,79.2073441995415,81.52290204454728,81.59241833211642,81.48188599412637,81.47632758809664,80.80125374735339,74.27088859878359,70.92985901427743
2025-10-11,76.6736965124075,71.89908725409958,65.21647569018727,66.0489545384343,66.44913182356312,67.63660797662415,73.51439947891042,72.00549158501165,73.0520396026271,67.48639567220056,51.69477362668491,36.66786518093409,23.21803766329338,26.925233720061904,45.58433891919118,47.351146931743216,74.08952827617654,79.87311641953346,81.47941913718564,81.5634202134984,81.65263950308295,80.81011555955004,74.94422008867723,70.54258075978524
2025-10-12,72.38728909658245,69.1667306245632,67.50990759631341,61.5916457570094,62.09515756149531,64.6316525060787,67.77892487629053,59.88451992310947,39.86802816042466,17.819143442176845,9.285370947728639,2.401251122689925,2.009908412765259,1.8278062614886816,8.624130621271679,22.999812548231613,55.68141415890539,73.35258686481905,79.41007933889246,81.03889726371084,79.66153478881328,74.8496732045167,66.28444692223732,65.49320189666334
2025-10-13,73.6728299720553,69.14376436669981,64.56175172752486,63.67496179293689,64.98944239944991,67.37153525085424,70.26398119615843,67.3637661642992,70.4680851061322,71.42708314421091,70.12283604021566,69.37720348067644,52.77664691861616,66.15233670762204,69.59282912692267,68.8771368546392,77.17136952054459,79.31323915720924,80.53251290470614,82.82279892398118,80.68268897088436,80.7606658854869,76.38817551238176,74.03762296591576
2025-10-14,76.70111872492072,68.05347826031092,64.82285996585848,64.86196821515917,64.53138155589377,66.52825864296875,74.32464648488461,72.938571417603,80.90721226363232,76.15579850482803,64.48307350636705,59.28863920601447,39.72397429345643,60.26872123481924,69.70542402357788,67.20771655692462,80.14315876052416,81.69835536747397,82.25450799204403,82.15468329839136,81.94850701087012,81.74857489588162,74.14320358009135,72.77934941708413
2025-10-15,74.47239624548504,68.88434796494143,67.82976583515375,67.64990470362032,66.68715189503774,66.7359814224873,75.33152552949655,77.00587901401131,77.64443272289161,72.91253763233817,63.616617932337796,60.30703396309597,35.70960508346705,59.84741340925413,66.99433846483036,68.20957890683725,76.66714558304245,81.22355538291036,81.87045560680708,81.79276961999616,81.59325633607608,80.7970505589555,75.36691327030029,72.34020611217248
2025-10-16,74.92410165817175,70.3685799820815,66.85867464869635,63.392510870592865,65.77955998562045,67.47033028758686,68.66418934424803,72.70044309976205,76.21215912996648,73.08444529830032,53.244077382844075,48.11387685475175,24.66869536910549,35.10532146806731,54.754541471133884,63.30009598249659,74.89293658313746,78.71640742811834,79.85474193003274,79.60539036699954,78.79788529726017,77.51471616227782,71.85616131623404,68.92588556262244
2025-10-17,73.69679445073524,69.0877890475131,66.20991445857332,63.044383264072174,62.6554765332616,66.58154723543758,75.3336867141362,75.12301598858203,77.5959532092733,74.59569340437925,54.27776685596367,47.659401504969864,24.871831975531514,39.758654486894734,62.11089286099089,67.42366733371777,74.77292593378682,80.98812294384581,80.98089970449536,81.23982961716797,81.25161617235167,80.3243809347665,74.3642101689278,73.69118960225026
2025-10-18,74.50350072700701,72.84133914313277,69.58689755159814,66.53645298084969,66.36170894908402,68.36516725032531,76.8723713669345,72.03832527493748,69.89215207804338,67.98332811810945,44.41858828307361,39.43249195670699,21.0327330613671,32.69439855792676,56.74357883608337,63.5675683918546,77.537974021156,81.70478680492886,82.12645136499201,82.08919137526652,82.23829568418621,82.27225997171949,80.59727326951614,75.43939649622429
2025-10-19,74.21586335993634,73.28369271754362,69.96965722382815,67.42691110059786,66.15810852420677,67.4588989843497,68.31471658530518,64.76909081043628,47.27699315774705,41.03865661608893,27.54242423918352,29.44482321277225,16.19272746320464,26.419868336366626,38.448291145291584,37.876503835462756,66.16282311180663,74.61297462474347,79.98535512189342,79.8264169406233,79.74246420586437,77.85624008817533,73.67284381673699,72.91992090387289
2025-10-20,73.38423852601393,71.6158440516812,63.08414819383639,64.57900864187636,64.60993019237169,65.76845278212541,72.42356981303115,72.21167482203957,75.51052896846032,73.07467415202196,64.7566265310893,62.3283302040407,46.71123379878355,63.766502400318885,73.37422430091178,72.48024957188822,79.50120245446556,80.98668270759653,81.20053355696852,80.95595922015654,80.88937592096107,80.8021238711102,74.93138062592486,73.37400264825307
2025-10-21,75.45730668167467,72.90589715024883,71.0339069902338,67.25290581221508,66.65191310935187,70.43434921250743,75.88849316156707,75.31329718249354,77.5076231702582,70.96402878005152,71.56433696881301,70.86045420964152,40.196243630224565,63.66888794919352,75.21782146386545,77.95786956432555,80.68073271013105,82.04171635009644,81.96490515115747,81.86905913566143,82.02016637783082,81.63390688563807,80.07949892827722,76.61416933549992
2025-10-22,75.4859222714095,73.10906439148081,69.8534501812888,68.11878515938191,66.35250341332592,68.16333927386513,70.85785721669254,70.95872780158923,78.4809598912662,75.64809650215756,73.11875933719367,70.65849395949245,53.92097998408776,67.61861387151629,75.93510269325324,78.04130750481316,80.04202866491188,81.19307257144139,81.13277997133038,81.18826216000048,81.00852701683617,80.4501982786006,75.54905472564421,74.65311025472153
2025-10-23,75.48443792119656,69.42022901547907,66.9425418367641,61.15252294189612,56.72351567945345,59.72376415699356,66.14775744185934,69.94898682511503,76.13663839100292,74.01631914538231,70.41783045813686,66.55000070665068,46.39308407726723,58.840446575516275,70.15134062372427,71.97367844597018,77.65882934736746,79.71554075892365,80.21041185854395,80.07724784444603,79.69379425292652,79.78076914182256,73.72489940145859,71.73900800632686
2025-10-24,71.40555504342325,70.31578109291073,63.73003040764599,60.228346725219865,59.86669950991535,59.53717646358817,72.71276213995687,71.96502242276334,74.70332922932054,71.58899088649933,65.11982415194097,40.1111471897963,16.978873617900497,32.98428161005989,65.05098054117168,69.495837021421,74.81760549665665,77.20918229276094,78.84027543754354,77.32451767160718,77.15638331199078,76.0721369196302,71.76624846638575,72.52303887391126
2025-10-25,71.73240480763613,70.66407343245476,64.4301930140714,62.76252085826839,57.63722484490276,62.437831499773125,73.70913746469327,72.88597891153385,72.52703500151296,63.955171023178714,48.53130726625537,40.76496810391749,24.82699163548219,38.344648733163574,52.44478746265578,65.53871699409136,76.46926368797227,80.58450294490558,80.85751823107223,80.48489392929237,80.6244799795554,78.67542072570087,77.56263973271165,76.45391781033602
2025-10-26,74.50194222880344,74.84276453525139,67.49163698542105,68.81005428356761,70.01483129285043,72.0968734428642,77.18133003420012,72.49807568488306,51.07251499813445,37.91595047100658,18.046164553398384,15.768058176220022,9.625632981499068,9.590651242714273,13.544216908849208,31.743127882316912,61.80487693113579,75.62879534349037,77.79020324277944,77.69170418605272,78.00227715023411,76.12665202570564,71.74408017010995,69.45006002858378
2025-10-27,69.99790398336596,64.98501411706307,56.94787353754206,48.74770692421867,47.05937532312681,46.31301122900011,51.39264433029335,65.43348556175778,74.96926365418574,72.73596947321727,45.63423738631797,37.281463829731216,6.300251456277125,19.895400768165203,36.658893869650576,52.7081255646818,71.5534562690509,79.00796864074562,79.93313441118059,80.77118725005218,80.84348725588127,80.42503548952142,77.36965074854476,72.79928264691044
2025-10-28,68.07576302905963,63.13815853593013,64.01593100868429,61.02751396654286,61.51731108569511,65.50261666136625,67.40115784467197,69.62303941543531,78.71754411939527,71.24344681950394,62.53812466439257,59.836952616960055,39.078477223648655,52.82477394466687,62.08622543351973,66.50290764146922,77.76962275516063,81.35481727236845,81.81033647641442,82.10180239971558,81.82610876231905,81.6958748699219,80.00107009013064,78.98090196438908
2025-10-29,75.82178666091176,66.93032505406464,62.33920229150741,61.45978610689498,60.547009622857104,61.44815995977615,70.88672709652559,71.32511149423956,76.52679160838602,75.93056792443824,70.06096986594659,66.63430690244589,41.00226688537695,59.50784310303352,63.80127185333072,72.42025550688304,76.50012925089597,80.76703536251661,80.41522001456579,80.35594209843607,80.31502002481166,80.14044501463661,72.37582754783807,69.9715965345802
2025-10-30,74.83642563048802,68.54776560377664,64.50090151148707,60.654518195389564,60.38834626626558,62.88694333420597,75.53326279873853,77.79576750519296,78.36350644843714,78.1643644700191,66.55635418825197,59.648680002741195,24.9153626603745,37.62074440258862,65.45352819040878,71.39428693737881,78.99767888335302,80.86314687044883,81.14938774841069,81.19100043183226,80.84197005010006,80.89474714191442,72.31555268883932,72.47912438968407
2025-10-31,76.06777723555093,72.75376656404518,66.59282744401906,63.36235997797569,63.112739787391895,64.8094773839043,76.06883356498975,77.7915430494308,81.07613186736576,76.35607534298693,55.25206169960377,54.08662488813847,30.440282195333513,44.744426680651955,63.49191056893561,68.31018091746911,80.89669056088644,81.6233348249079,81.37889251094153,81.49654969556522,81.75654961478659,81.71055416116553,79.33756295588276,75.41318744047886
2025-11-01,75.81649765897654,75.80220938580366,72.90058007868338,66.48039969654732,65.62585981180715,73.43696561913929,79.7405335744168,79.72522598243307,77.86677200605243,75.34615691997631,65.99016024709702,49.44210927565895,19.77386652533175,39.51325318298645,66.65365453664697,71.47794690005976,78.57948139762496,81.46198876016011,81.79350505842982,81.7026787963027,81.5767085861124,81.55118113257896,79.80992919983733,78.17317905660046
2025-11-02,74.55966607880835,73.80121343518465,71.1516500894188,70.32252336379709,70.19536462817905,69.87744887160211,75.7773016716535,67.96979152027886,54.45224555974677,38.43328591386064,28.866513485932256,24.882072114148325,13.166127657164049,25.9289898293838,29.315064674471778,47.18609483858412,74.48266823235586,79.72684443037001,80.57386735687032,80.13757989313505,78.71360415229908,78.69204585278166,72.9417522866813,69.67533559127979
2025-11-03,72.65889723578994,70.04792997949396,67.63448505809427,66.75664155877419,64.5418168179168,66.43710534727306,72.23999720316164,74.93837824224354,79.78867098944683,71.62106769289115,69.090870923135,65.51985265612512,37.655386597951654,61.60665724355993,73.0273809895708,74.58255680002259,81.29115697327106,82.21798673839393,81.85841820450895,81.66026545427724,81.78714567140938,81.91118198686002,77.82827554651118,77.3599063022808
2025-11-04,76.3028862794702,71.84552435511422,67.31711937911426,66.54431864604888,67.35056201647716,67.84027824395206,78.01430581104242,78.39780769095425,79.67731628424444,78.33578456522574,72.22717047678411,71.21602435654141,43.844193568777754,67.33244037416266,74.77766801827268,79.62541249690449,81.04717122236684,81.47173664827278,81.47984852188775,81.44609356143509,80.99003842647085,80.65626627960033,72.4737005367486,73.04198376298271
2025-11-05,73.85051199057928,69.76790993395049,67.43438881848549,65.68210187720544,64.78715575537154,65.81890180482513,76.46223854807944,77.36326731507134,78.98800903072433,70.96290457659148,54.09575604164388,45.17120199132226,18.808737366353498,31.069974674633876,52.466230674856135,66.76398065396006,77.87227536335875,81.58598496734277,81.36479790267306,81.3119165242729,80.43621327657709,79.62259035022745,71.13159161558319,71.63872441190982
2025-11-06,74.93833759402904,73.35554707173671,64.00960509685164,62.355690275266134,61.8983612208202,64.02667927946794,73.48842987713181,77.2339364703836,79.32381578976195,72.360571637962,61.6768332863509,58.954692078824614,32.17027164605888,53.61428404509957,69.83857855831741,71.43516059434884,79.3725432968345,81.03816469072676,81.33001147953965,81.28009688625498,80.77244352094118,78.68216097192662,75.38991799481245,74.9395284436564
2025-11-07,75.38285776263967,72.56996348319004,70.87882049692762,66.72557577709048,66.5455606623251,67.73524415055027,75.61749157968013,78.81835845068828,79.82900515977775,77.44851366941413,73.14947060709102,71.11818006670559,45.01135512087155,67.12457960723711,75.57514809452475,77.38176212124407,80.86389109234521,81.54656808520947,81.57174297004717,81.60602400545783,81.43889810311998,80.46206827016888,76.54564909855925,75.25715354922228
2025-11-08,76.03640567731166,74.24331547681406,71.28928335597168,69.45463235269558,65.25365234379167,66.67598709491533,78.30825646315672,77.22089748320869,76.86373980178305,72.59649912067383,67.66132349630034,63.943749465855184,30.607175903097435,52.4371276946998,63.686013232983285,69.43741745537757,78.94952640814682,81.43558068311033,81.21854505217759,81.20069494535878,81.0039767881067,79.7093610837067,74.3840458150352,72.42827047500097
2025-11-09,74.77395361755893,69.24744052807027,67.49938367478413,60.136265427646826,62.690209967969345,64.20851758411519,73.84554727228209,69.21707572263875,48.98876833266763,32.07303044579722,16.247997940404325,16.686341477239676,12.748228302572077,16.279165310599204,33.69107257674124,50.84793764004494,75.90649467257747,80.45612306667056,81.3643820088151,81.28176009972967,80.75270983640134,79.6925219071698,73.26457902824339,73.81301839091034
2025-11-10,73.71720326232862,67.83766111849127,62.69742884077675,62.365507895985026,63.005357311720054,64.05374020877525,75.42558106905743,76.77605823007322,79.34640259504661,79.92080836601566,66.37522605531555,66.81849344283094,29.96896923942979,49.693013245779376,72.26945120342006,74.72615591685499,80.4383301743571,81.26018477155239,80.91272941025878,80.91346539865978,81.23350703207831,80.92134150048103,75.44903913861015,73.06566270034557
2025-11-11,72.315311719746,70.17078023707255,59.52886180277184,57.13786466877624,54.032527648599114,60.086728180219005,74.66321843170664,78.81141515765735,78.77666767988559,79.63664785844892,72.87305826856645,67.90926595156408,41.44614898259181,58.952293491067294,66.94808099520415,73.88839490575445,80.76433768212735,81.01293585543988,80.97037979602544,80.99293988485466,81.11855769823083,79.18553789838508,74.50600285127771,73.9219233196988
2025-11-12,74.84519073254677,71.59519038360992,66.23170163448307,63.40788669523907,61.74350126962051,62.583180277859064,67.98687702285054,79.16349195188326,80.20075920101799,77.16958100290383,68.69111480329035,66.9164508614285,47.23526090430735,66.69959935125445,69.18188396517465,74.41925748722893,80.69544075389005,80.72698637894872,80.74342519919128,80.96387494751178,80.84866296323304,79.36718660027857,74.78802298394183,74.95103148654782
2025-11-13,74.21670944450563,71.43478121537423,68.86275320936566,66.09284541746959,63.12682902109901,65.14849229998823,76.94718171691792,78.78598263821048,80.39929801420547,79.23414590157073,74.76368897048663,71.75602152420203,45.37374050838884,64.79433047337255,73.31306757626206,72.52796672733858,80.49637252576956,80.64113371124373,80.76628691716263,80.790636250608,81.00762375532868,81.22737398705189,75.56651251579422,75.16920532179488
2025-11-14,74.60708593498767,70.16432204733954,67.99754786223137,63.30020635084957,64.15407628090145,66.25370621361701,74.6232536192731,78.87956046739576,80.42385384141389,79.65821271658903,76.10024004996919,70.27424149974826,50.122191706863674,66.2495841699996,72.54977101326817,75.01176948136735,79.97548765574498,79.68766802196551,79.81991450779078,79.57522942853248,78.82914572355743,77.74003403402986,74.58392485108604,74.19898570139696
2025-11-15,74.33667798603666,74.7665158137618,71.24899590810313,62.98437507310325,62.71567447612375,64.9098256868726,73.35215148134122,76.96412677884899,79.07805184083901,76.57658692805765,70.43725484419437,65.73584160486861,47.08361433675295,64.43610894000575,70.11511889748316,73.89275073417517,80.512900925313,80.54727845350922,80.26716138162523,79.93937956458028,79.78311665302513,78.43432931022782,75.89373055150524,73.6029162454204
2025-11-16,74.7179006264601,70.08761813513597,65.4821062482432,64.21809783303867,63.92255765353881,64.83407890761255,75.89604586609573,74.02705940199672,69.00742410092947,60.270837897021096,46.612410754843204,37.040784448033065,23.794559223969333,32.273222115982804,50.726652132032385,67.86453273051617,78.3198627512548,80.78726297276357,80.86319554038214,80.9119015383328,80.78001865695529,80.76363163078453,74.47593286102722,73.20397891954435
2025-11-17,73.28027974144842,65.54685570809639,61.396937200695284,57.55308924063336,52.34932900968818,54.866484162208174,72.99230862567767,72.60903386536025,76.46414867039029,78.80853354454433,62.77678201082589,54.25090378555968,10.771505541142632,22.31465957846925,48.61845863086964,68.56164991439495,79.31480346855396,80.55500307736351,80.10512673358537,79.64381819824173,79.28243014124405,77.26494223558825,69.25995945413838,69.47692602183005
2025-11-18,63.55384477201808,56.41674114758957,49.27254896489848,43.67503376682438,41.77353636362239,45.05315791585651,62.31521164104791,74.46407750576176,77.95261885293401,74.89230534292068,46.85701070870483,44.271025994463635,11.178502015388792,26.961175109166284,47.95547490806829,63.7691982289475,80.21530191827765,80.95342492023592,80.88266528761282,80.88929315724663,80.19002664706183,73.82568549525945,67.54479346212898,66.9822505216244
2025-11-19,63.79856023642904,57.95277086625143,53.134153374229555,47.62936933391002,49.475324331349015,53.578726466621106,70.68493450447038,77.86907964905757,79.41978072864141,76.13150546806398,62.95175810584604,54.26750759866084,26.85357520181755,44.9748042722632,65.52248647287388,71.4883652158253,80.70113006867193,81.28271473644695,81.02293922896813,80.50389306350735,78.00656193768118,76.98808029400541,72.90194770451076,70.86573189313717
2025-11-20,70.89109094026895,68.33709383418368,65.49494911031152,62.63583924427,58.624298832053604,61.24770819496612,73.76063323077321,76.14358451136334,77.28590656314155,77.12594294118716,69.12029315195613,62.87666787184336,38.8855470723994,47.54716988751283,69.73210284832045,71.52862832650915,78.65465965308705,80.42454247115727,80.67053388083326,80.66400237668996,78.4827465868251,76.8670776629994,71.2822334552893,69.10037003805358
2025-11-21,67.08333733141339,66.2318793107972,57.78554046690443,53.756037598705575,53.23605789460078,54.756003442584436,69.86812058496724,75.08439519581619,78.9684291363091,75.05303678310364,57.464152791259885,37.86079892126236,18.11610454417452,30.01518906004157,52.432228959032194,67.47138822307215,79.26497808344101,80.73453647030573,80.69408805072246,80.36487348133828,78.86712878489874,76.09605918206753,68.95330139284734,65.93789713756495
2025-11-22,63.95488389777668,56.81334881361533,53.49832490415146,51.17436691772411,48.554212239230296,53.88276194962417,74.61884949003763,70.31597172598578,79.60149009631934,75.17142089348306,51.472004763750746,26.33121398981883,11.975362755737299,20.703302262827876,23.75627250356797,57.638365263886385,77.31746094506204,80.29678480976128,80.52080233728492,80.37119129518692,78.13824387655447,76.51986152832885,59.72672755675778,58.59261506202399
2025-11-23,65.02676040838702,48.3901817984994,44.23774261232041,41.61697836301122,48.824774058599026,45.01141834133021,64.53073960652821,48.19261537656372,55.38201079954455,20.26796290221928,2.7204473371994045,-3.830358485035277,-2.871031684909573,-3.4602536436904674,3.2124483089172005,23.492747515409487,72.02132567188058,78.46535335212495,79.56997395437853,79.89245420302676,80.28202132170736,79.26265772041124,63.15000905136432,61.004115036423315
2025-11-24,67.9310455424835,60.50654638181197,55.50879551852747,55.57243154268209,55.70133884778182,57.76991635255287,72.82982531035756,74.63297844063207,80.32824313288799,79.1534929463071,72.31935421764476,70.37066638072908,53.33457538655541,67.29181655518849,71.4275991071971,73.65159738131443,79.87996914305806,81.28764987358801,81.59526232798089,81.383020219505,79.80142832222717,75.9907486544153,74.03121491500329,72.2078393533398
2025-11-25,73.17190666287391,71.84078385836848,70.44706044591321,69.28283251088243,68.81313055458212,69.04484073203213,72.71608361135026,79.87729165306551,80.69751556360059,79.18408373998719,76.22720996937616,67.71395691487285,51.45460128676324,64.26846132776816,71.02239448262267,77.93964336993238,79.14034846997805,80.68895787086608,80.74275025792242,80.81772364632016,79.49816072808835,79.67536118630605,72.55866019936038,69.8348185394279
2025-11-26,70.41696294875018,69.03068104439859,61.573116224240344,58.17368713838343,57.837470144955766,61.49748078691783,73.78757897124305,77.25126482614272,76.71508370413059,76.81676170495275,71.35496161964255,57.7314579968909,39.717277528105825,53.409937357804246,59.49882201248195,72.06783284435627,79.24768054602521,79.72922966716378,80.16932744877651,79.39449399083672,78.44199472736301,73.46389848119068,67.01637411126146,63.38445616805002
2025-11-27,62.173492572317336,56.06337100378004,53.23721377418364,50.13358293858733,47.243680443256416,54.70480385534202,67.84636500959174,75.55916109673518,76.65811032008165,76.74190809587326,54.93700309209478,52.03636820276561,31.222249991496724,42.76929241661491,53.138994477633915,63.7924020628067,79.20187616079208,79.8760668807961,79.71141253859474,79.31086699728372,77.59925168800403,75.14728755931178,64.63606342788373,60.6726103348737
2025-11-28,64.37769781656064,60.573660576568464,58.420478638345294,62.80138346048751,59.711279498368626,59.74344620927632,75.48716331002784,78.89427048802595,79.65527894477322,79.83551119430999,67.54936828752514,63.661523291606294,43.66661995398948,55.65928495671613,62.994208231166866,67.07228847678715,80.60149679171707,80.57340593407287,80.44336204596338,80.33707303770548,79.12061207165092,77.76436276372709,69.7800804585274,68.78566834142835
2025-11-29,71.79102531708232,69.49693083880497,62.82819685375176,66.53253915604881,65.76795769090793,65.83489524462067,73.4530002513807,79.25402741442939,79.78314240821366,76.73282970310545,67.84392079446678,61.35342614448371,39.293789261500045,58.75387232897379,69.22652539254638,72.00019789216901,77.98798985959377,80.09336622295424,80.2948506567898,80.43655524149924,79.21248124711863,79.31058100666912,70.43986928596146,68.31944157430011
2025-11-30,67.76911623533005,62.91493038664479,61.14491678864642,56.77855573063273,58.442494551662854,59.40460139874335,67.99382970605535,67.17107311692016,69.60602773175945,47.53430949491167,35.9144171665057,33.99494454600968,33.51187995540422,34.46938301431848,48.829277617251876,64.02912669919822,72.87008080406088,78.31616695380254,80.53751404861956,80.5093643318937,79.95216266525956,75.281000705601,68.79945914513083,67.53656855139806
2025-12-01,69.99596368829447,67.70767062010505,63.65818558407554,62.29324315907757,61.063337042691856,64.65714012449169,76.01192367048738,77.96532316044183,78.91847924786569,79.2929660493265,77.18854072049963,73.81478599246033,62.90339064791604,71.71996625320418,76.50152539157877,78.02984622514857,79.4930114097467,80.61380392836374,80.61192588193207,80.36542114985275,80.72280948494577,79.92009554893261,73.15245976210736,70.74861646969728
2025-12-02,75.25597544107318,71.48351576360157,67.01030573849535,65.9289177513423,65.50548169384427,68.22636859127532,75.72767487362907,78.83416383691356,80.26129847702835,80.7846577736938,78.0832481186689,72.98719637131047,61.29013139749448,69.32008173370639,73.08922812052445,77.1658585504781,80.47818736374269,80.44722883096846,80.3019213585944,80.38930315652725,79.97256866554808,79.06783692662114,77.40132579310598,72.88464675399351
2025-12-03,78.29180452880315,76.15871589352861,67.89204420473065,66.37904674732184,66.28325361931441,66.58955387932649,76.65262738075587,79.884316840219,80.62503154669201,81.2104721749335,75.95296987965158,70.28326428235633,54.56839023765925,66.4691131060829,69.46567820985754,73.35464145248152,80.52694506123851,80.2028328455314,80.2544175962216,80.34174759090762,80.19372126941451,79.99429249411808,78.21953054599702,77.53994015444658
2025-12-04,75.02192729729684,74.20303157998576,68.83902870329179,67.72151072283121,67.8820187712901,67.56590576316499,77.1170077548077,78.07296266702781,78.96749886770115,79.48491715196108,76.15183083829706,70.41419045174582,53.8658473107996,66.70243828608206,69.93872071290012,74.09887652224256,78.90056099397937,79.32412740489697,79.34530021140064,79.30675685724184,79.33767119531859,78.11523670682105,73.54025887578001,72.55411079699978
2025-12-05,74.01616473382713,73.7912690712112,67.49113592406478,65.48864948540607,65.73740703552217,66.4559679591476,76.64038273236575,78.78945187131275,80.81545162142427,80.9356029434801,76.85173665670906,72.36411773198279,57.97910783270538,66.22525360058209,75.30791538871868,79.02188258129304,80.42792867199292,80.56165939735224,80.46459114532534,80.26099452343449,77.31261029328928,78.19100427131947,71.86203532792219,70.79800811091867
2025-12-06,67.63381188688956,63.08129557310319,59.96080867085662,57.55226555722789,59.96212524779659,63.36800426302256,70.40337818819387,77.14487571199787,80.11500435452852,78.38731363886555,73.22876399729779,71.86266624959661,54.368939178009995,63.07306275885188,67.82640077940728,76.0236984122587,80.88457826687625,80.92777207234413,80.80946523628218,80.85841725791323,78.27608394219307,77.1393538480102,68.18092407029917,66.9979630648636
2025-12-07,67.67054541142491,62.81913544686699,59.679036707078176,61.577521420489695,59.497217093616705,60.90407287870139,71.48886481453798,70.9309099565091,75.00682427375389,71.83531987265009,66.38258100949105,55.51249099780057,53.327204897638616,68.04226322371385,70.63753670068665,71.36104641376608,73.78249994890898,79.71555198980889,80.42654545646164,79.97030176479275,76.7201519618151,76.78636004040627,70.47756682987557,66.0771796357156
2025-12-08,68.65136706206486,65.59922250878195,59.17277061945173,58.70560279542335,58.811094413375145,60.19280733173555,71.11009551619223,73.60379521416108,79.22759641306483,78.56607871037588,77.01756594301412,73.1712279499858,59.607622245368766,72.81542065395217,73.0649742831958,74.5490494872132,79.16319877410923,80.41559772928845,80.12673637015986,78.8747297049505,75.12997517789053,76.81135801543444,71.67550590246736,64.01058057409409
2025-12-09,72.57060856650142,67.39636388406338,57.69285003636694,57.39075672114729,57.09269152708044,58.914637885780564,73.98712298547234,74.76652095376994,78.56486353066067,79.41827902533065,79.68917498056366,73.51243694590738,62.70441039140992,69.15170874326948,72.61924935830855,76.09287016377353,79.94395415693704,80.1388747897273,80.23750004375485,78.7708122549502,74.9447997902838,74.79663310876909,72.4080335846378,70.50696675625854
2025-12-10,70.19460525225793,68.16995062156231,63.34243933313577,62.067193212891645,61.65188851922012,63.657565262757515,71.2752693879696,75.85518319673785,81.25052708931076,81.51818352427742,81.24951395312304,76.62606661544336,69.9954643605399,71.82255326856536,75.51653690631522,76.46532020154235,80.02284209057713,79.83018488280428,79.30070809314365,77.03600030101886,73.10800987553975,75.27970599934298,70.9664435986761,69.26194695704936
2025-12-11,69.82304343936826,67.7010817991675,63.96004521472486,62.240369384160125,62.81636693360609,62.7038131741615,73.8161781647029,75.0332257052334,80.94180812000734,80.91161899167969,79.78380497646184,76.6869142118674,66.22196969001982,70.26347624328957,78.1337533504938,80.15484407492649,80.33038761459505,80.29712026124565,80.54252394861157,80.33451037254346,79.03007984461222,79.44053585903889,74.28403372979281,73.45405766884076
2025-12-12,73.69560218589362,73.37320364138084,66.674982898212,62.889326829048734,63.434492793579615,63.95183132309507,70.48210445376989,77.0692746516784,80.58835917675799,80.43090857551873,79.22194131542122,75.9367237200465,68.28164881484452,70.88106742477756,75.90476276757121,77.99789468386557,80.0939139074131,80.11624866136998,80.18734225885908,79.79824476268418,79.13655790785505,78.90035732484307,73.75660320675344,72.95485076561832
2025-12-13,71.29059410895994,69.23850663945234,62.05282474948523,61.76844871348008,61.41977473149189,62.1390617619584,70.46253127461351,70.78729256695553,78.65187467823341,77.6043422160551,77.0979797037639,68.8233769743009,56.63006443711394,68.72431487723959,69.86289558752262,73.42146722284382,77.91011948512822,79.36715523758537,79.13212348217138,78.61816212843425,77.76842148726544,77.77981526985067,71.29424980390013,67.5049135777588
2025-12-14,63.48468052327399,57.39606022632547,54.91799176195648,55.300552492706906,56.79612283221162,58.54317229431318,67.96875150548205,67.30297186097059,68.70128103931532,66.76635472464531,62.79282490968311,62.00884374944314,53.10038962279759,67.63019246304809,62.16420948550224,64.90625832089013,70.89712893492518,78.71671774230568,78.13558143324101,77.0614846010341,70.64121729303012,77.07760998555968,67.14464086255275,64.63772332720005
2025-12-15,68.37343671391393,63.16106664126917,58.80508795499085,56.94224258402972,56.70248141241662,57.895249988137685,71.77689211466829,74.08904301080348,79.46176102188711,79.4893172456817,76.82429953285138,73.95922615312246,56.12881279326567,67.74385211999439,70.11275755862282,75.41388276711405,78.40183335692967,80.23254274267863,80.17930913417672,77.58184314177143,73.89242247704213,77.70900111635216,68.52230528408752,66.10855251232724
2025-12-16,69.37782333621189,68.8183600639433,60.659729125280585,60.38406929635043,62.15742324863875,64.27502090092605,70.13609342982777,70.72321809197703,80.0923876248098,79.0835600573028,77.89916691957355,73.68696599405672,60.950015983614755,66.37531710385089,71.41775110522981,71.40561936870922,79.73746075854274,80.06602887076104,79.90415705991056,79.16730401511438,70.84344368425064,73.48684001352416,67.78578130251266,64.38104632179976
2025-12-17,74.43118683570037,72.53848411185318,64.37919436221581,61.12838479346857,61.24197720748248,60.1949265347038,68.5815713340404,71.08461790277313,78.82997396698757,79.47012088017082,78.8289400738986,74.99922449910775,63.58478477713013,69.24894462296557,74.44880343984744,76.43083753126903,79.54476922303137,79.76348853968716,79.21097123628876,76.48419546137046,74.27212464330505,74.63591855654555,70.38511395711771,66.67257750357916
2025-12-18,74.0109382510687,74.37434626184523,66.54955115870624,66.83512574929271,66.69127439162432,66.40902526214893,73.35845086426131,73.16867397959032,79.93280891070914,79.50120722155746,75.22013576062383,70.24200716505285,62.03016632211989,66.6071063120763,71.82952125328329,75.80221190404639,79.60625311387166,79.70376956912048,79.43027507489262,78.5587330392332,77.12023956796398,78.72393195106183,75.6977608398322,74.41294385235632
2025-12-19,74.54312212975778,71.09064131702289,65.96015548264245,66.06338352166695,66.22033982374636,66.74482413348929,77.283638223933,78.51890364343942,79.35367945993268,79.06729763990165,72.2190723047061,65.1443246131775,57.339509223219466,61.44162706571732,62.1913086496153,70.47360173817194,79.01446313754377,79.02942227533694,79.1985215673874,79.2492022081415,78.98922485576736,79.11648426958682,76.12501683784679,72.983268084757
2025-12-20,71.98089121152614,71.69133609161283,63.89196716116981,63.71543581441182,62.54487033723389,64.86582302489373,76.19917726004041,77.50610510407432,79.86447274699795,79.33526748878398,74.63673444502703,70.47410891175284,53.13214840245878,59.29519850652205,63.34847938976292,70.29649612698834,77.23224359113969,79.6139602269546,79.12537507780367,77.02003152475243,77.11132475202417,80.25644569646438,72.01262359775221,66.69375070790645
2025-12-21,70.54310311525538,66.34842334563011,62.40691357247637,60.781817485386384,60.72539991105387,61.029328930535755,72.02880215883383,71.068221605847,72.66342279070435,56.110941207398746,50.043489005349045,44.21146217133101,39.62712901236712,51.27781919544178,54.60019335228742,64.48172593378509,74.38797054934717,79.16388309446766,79.23083632174516,76.63970637239365,72.68768140780395,76.38375324578242,70.28268576475404,65.8655305492752
2025-12-22,72.87012116953636,65.0735085895668,60.43075344896395,59.74878272507719,60.88724465216911,61.33960259733261,72.99742694193827,74.98257371075532,77.87986678942724,77.78940011331566,76.03680030507033,73.24108900598566,61.86235783109901,64.8402332684385,71.39314794083333,73.58546084367806,78.49362887922207,79.96599544758094,79.30203739190168,75.97752707521605,66.36816380700664,73.31132024044234,68.03032957317711,61.918635183311245
2025-12-23,63.40997818390883,63.09711274065305,57.40154758289993,54.282712845603776,54.56464020567375,56.6087099122746,70.95543309349198,70.93829736260136,79.0331002731731,79.21372173160044,76.53576275554764,73.3359417513304,60.59057393038891,66.45222139925144,72.30995604043478,74.39724323969246,79.69454931356371,79.70443741308681,79.69802616221777,77.76093503512448,68.13958328445672,74.2946011815385,68.1465228488432,67.61633359036935
2025-12-24,68.9714914714794,67.78359130108068,65.49863595243309,65.90188599038557,65.93495647462491,67.55585128992915,72.345614220177,73.07480279335086,80.76264874117457,80.24670973402856,77.04342247631138,75.85114715302653,72.44869181785498,74.01468739398194,75.60969197297176,76.72951052372738,79.92836819190082,79.99722881829318,79.91437595393789,80.0445849214946,77.06898255357537,80.14474008793954,75.4472047962897,75.47957754614367
2025-12-25,72.67191049002953,69.30425335951496,65.71912055152512,63.00985227640368,62.63694666790618,63.77373462212576,73.73461105658765,77.95286968085952,78.93984523588142,79.54257400167015,77.17376274957763,76.290098729812,63.586767177971,68.24824340369037,70.29718568313513,73.52905308821525,79.28291653606837,79.45240049229398,79.49845878313161,79.36058078437216,79.19431655840611,78.81449532425808,75.33471180466286,71.83859428115893
2025-12-26,72.2218748084543,69.03622212599919,62.07089751804677,59.85571485851263,59.53426660475912,60.62662561295346,69.45080019720557,74.94690589757029,78.30870085448801,78.7079404718275,78.8767274235704,76.89050712084476,67.41051642669082,72.63619131964371,73.33852505453174,73.98910472310756,78.97672382340802,79.46010839201331,78.89413198820048,77.91068765146953,76.33311466566272,76.79450419421616,72.59087627820304,71.66156022504266
2025-12-27,72.90318570924272,68.88475212936912,62.87337642656204,60.66432892235456,60.383565041232515,61.0902221247111,71.82930585916797,72.00930637396415,78.30275148238977,77.34880561864847,77.23329440127846,74.25814517012361,67.6292854502538,70.1019939320287,72.45673630886498,72.73116326152999,76.80704724680889,78.76622595898114,79.49018953565506,76.40151140357816,74.9454611797083,78.21300333214856,74.2745823587516,70.18380097957035
2025-12-28,72.1583607358897,70.92124271233568,68.73792131377569,59.922510468109486,60.250048335150915,58.63186290578558,70.16385157479507,70.34495362421741,72.93693460356202,68.60143201547012,62.359964627997115,70.25301381300297,63.15497637770534,62.92336092484771,64.23183172204635,66.77059532763894,67.0452129941339,77.49595829529223,79.76166468411273,76.91164863322683,70.70216203437496,74.41799602731722,70.7105321281674,67.93259993649895
2025-12-29,68.71304490463226,65.4247108643531,60.228977101614134,63.73209564619885,60.68182221308561,60.22619064443869,67.21553801654046,74.45779216762052,79.59494377076136,79.72489355945983,79.09106568422095,77.72558290547437,61.38925867888389,66.0088492749006,70.13359780260198,73.58305914340616,79.83461628314133,80.15738112774737,79.9027119443015,77.33679560966685,75.15866457665332,76.7411868477513,71.03441452844385,69.69796457977209
2025-12-30,69.35097406170786,66.55398828235145,60.75867973010252,62.04024097083481,58.596857129686484,59.79093227091175,69.89764182677594,73.5497801286694,79.36675607795952,79.31705978925855,77.25522859166618,75.96624668509796,69.1370424608201,67.66651113760786,70.30395267774685,70.87699502640488,77.95408972335042,79.08237597112131,79.09479282699478,77.45280951451844,74.98006209950732,76.89529185818576,69.70402528464349,66.75433330340712
2025-12-31,69.5383923607228,59.85757350764589,52.76939803599622,55.18654511080599,57.40061050486178,56.64349910801946,69.0300146367537,75.59485572729555,77.40076405198286,77.61314011416188,73.64366112789826,70.048414103245,54.35479915316337,64.48329278700123,68.92511311551473,69.72714348749768,75.08101064994577,80.16809267909144,79.8969396249112,76.22873708037908,76.34651518630932,79.50252356258747,73.26217184874608,73.33017143032232
2026-01-01,70.37390024819203,67.32108453345444,61.982988357161275,61.69899412475554,59.82495130915224,60.11695481392244,68.44499563615544,71.34158796725647,78.15124873492331,78.62975461876266,78.08208823474637,78.15951739883802,71.50578580259298,73.43429339766746,76.52415919865962,68.24443463246641,71.69495523983694,78.24453744215846,78.85690676979105,70.35847044146425,66.41416577892859,69.22493473524366,67.00530812336685,65.28521596924135
2026-01-02,74.11135967990593,65.55716116624735,61.627528163230565,57.91331683193388,56.22749748294536,56.38714249065781,64.4479314068552,51.069889013814254,74.04063150612221,71.89828610598265,71.69959128670234,70.27485791869333,69.87017815120342,72.39494077520794,71.91743167489832,72.36192404033481,74.45478844665753,77.2920202585788,74.99504263953627,73.83961278307665,74.07485054080011,71.34805443399561,64.26628895089685,61.54152831084848
2026-01-03,66.62982626597127,65.82277268745052,62.0275098781719,48.45811580962274,46.46195687673675,48.11907355369803,64.55774378732463,66.9375460184484,73.46639093365724,71.74207877082151,65.78729773009081,57.202652394874576,20.433844234677807,25.657019566417485,33.115214313743095,50.273300635689196,67.39250193629172,75.50097168862462,74.65710896847631,72.12769872837951,68.7521489363758,69.40835514141689,57.366251530183355,53.62240739084511
2026-01-04,64.66493408542988,56.06002582314247,52.15673095291365,54.73112567105753,50.598154770600786,51.25924274457157,58.61006520577335,68.075248847077,48.75972906625026,44.33704940464087,33.624346966832995,30.62100219461221,25.29241444878204,29.01323867807973,32.53643312102715,43.11153434392427,63.57083364130059,76.61294210108304,76.95030969707345,75.71137117902785,75.49319725047228,77.13306332116355,66.95657661705366,63.126497454988574
2026-01-05,70.37970032481661,60.61539904388595,51.3033461696351,38.39573848268129,43.782386726634535,50.6560130471431,60.51932205214562,63.907851901749495,68.15796936503065,67.50545042939804,65.94842994362388,61.977589313205684,47.49644998333222,55.37166925659381,60.26026294493684,64.74608912856091,71.75318321314327,79.08881004605519,79.06220379397139,78.49579894214588,70.54906995792123,77.3144252650937,66.2289418582514,63.72070033590915
2026-01-06,66.42028789172986,53.35286877278613,40.82965157055426,42.152028026536534,45.191533794746576,45.41471056687666,60.56462180084696,70.57255352900232,76.97676588679424,77.16192645619266,73.60399771373874,68.2995381086701,54.589216490648646,58.336082374573635,60.3186590769443,69.02694174758244,77.38144878400513,79.6404852758832,79.3773078567566,76.53624625190797,74.10854684259256,78.33838534923034,69.12754497649192,66.16420718542808
2026-01-07,65.883045377826,61.63215086547492,48.87543209901013,45.83603578112129,46.56430482454232,40.560895476775926,59.74365584906381,71.30032411333342,77.6576802756232,79.35398246456029,76.52691878296922,69.13696222392552,64.22083040612542,63.713915953279226,67.31173694156752,69.19792049636519,78.30886985201612,78.47305934546921,78.69328247639285,76.1467440459738,75.136079868615,75.25669984714618,66.71745843054192,63.23650071744678
2026-01-08,58.62239325743763,51.68701698660793,41.819918689669315,41.53787490360132,41.648516199638934,43.10824710969714,47.5724113395325,72.24432071077523,73.52023506654926,68.61088492871325,61.943792546811295,32.7650992731471,23.690567409243005,32.2990974390188,45.28644892267931,55.91759888247601,72.5966762410832,77.51103240033854,77.33726185492442,75.77278866310363,77.4157059277112,77.33348987931288,66.16348073035341,63.53766358486239
2026-01-09,66.1425644336687,63.11206729627928,59.329183562945865,59.95641019497868,59.72544124884754,63.17587263091754,65.77665981352553,74.16311488387316,78.70224702505514,77.58523334354466,74.79625582990859,73.34021498336749,64.76920833139847,69.80756256507264,71.553759146763,69.33283753747158,74.79143458210795,78.68593742897701,76.63530686019224,75.35871504849348,74.65909703135195,78.56914435703814,74.0484859381563,66.2534386198535
2026-01-10,68.95909445467206,66.95487091394769,57.955835958710445,58.13110442281394,57.76513113035953,60.06179140368021,70.1000376429853,72.3367352124603,76.98210500727475,76.45639316989421,75.50274988730655,75.26545567310153,71.86326390113807,70.71295378670942,68.73045131478031,67.91614884481093,69.51117930181704,77.20354522976534,77.09487550799861,75.5279425885921,74.73522726038573,75.16822541642487,64.96374862855072,59.181955605047186
2026-01-11,59.90878088821528,46.78036148568527,33.59161170057752,44.74816194687545,44.52253345464246,49.127750962568435,54.28511486559622,65.81861876526699,71.58203209271673,69.28419601105617,71.31423243898155,65.44057467153428,51.27260603809371,60.504905135279216,61.5957073209187,65.11762644297806,73.59735954941833,75.23826241924415,76.31315169113182,74.600410396556,74.09598369189762,78.58961021792017,69.82827277589618,68.98568480550249
2026-01-12,61.69754604399011,59.62874231199724,55.08775256936278,44.55177120633558,44.407418401229236,44.75977226813223,57.526292594321006,70.5724176679941,77.5737596605941,77.9300608639106,77.44875795945342,75.07823978409922,72.16297421232169,71.95737632799259,70.95052324301635,71.80391810622386,75.00669305592568,75.0719691954176,77.36432760302792,76.58835976395008,73.97513152289237,79.58118407397914,72.35436586109515,66.70615751471404
2026-01-13,69.6035264986314,68.1021175210201,58.26839566171487,59.798146883455445,61.06434736552958,63.500090505398724,69.78140365111993,74.93570617790154,77.21600885320525,79.6144055118443,77.60265102340196,78.25796535052905,77.4889621782508,76.97587020585702,77.15533915666727,73.05626803326662,79.69973334488193,79.78524545665387,79.87093024259453,78.7206334129586,78.3996985333902,78.4953046410394,69.57403582140068,71.15617202916836
2026-01-14,73.16230218731825,68.83811488290686,65.15562183414184,63.356238021610544,63.34969271601494,63.247948360778004,72.7471279694152,78.95193958138266,79.05580327867125,79.42287106794029,79.0794311901646,78.3877305574087,73.89003196192549,74.73657410031562,75.60584887658486,72.46170442662896,78.2932212046043,79.33676488790303,79.11097435780135,76.82147309952666,77.19217627657568,78.93109884906862,75.29441678908118,72.06526204867914
2026-01-15,74.31810369380372,72.27944508381499,63.50125454024987,62.11062691026095,61.999442376827915,63.304460982295936,74.73384701867231,78.30181414078567,78.65701751878434,78.47442035885838,78.40079215630729,77.88327841883303,75.23279243154167,75.01094146555998,75.84937751657993,76.45928928675144,76.82179707687916,78.6139635197302,77.25210702783875,76.52920868279546,76.43069772235397,77.35118408712361,75.35310405723291,73.14968549542283
2026-01-16,72.80978902370583,70.52397432836092,64.57402772139771,62.42199741140308,62.402300141268725,62.98488374608564,75.59388904259333,77.76466980064079,78.18951579624228,78.60665409936927,77.98404727774586,75.97138183649339,70.27175177706123,70.53185558296695,72.41099549061474,71.97129355025208,78.77802864655544,79.00660290487362,78.96094087024413,78.61305032169639,78.1917259811383,77.87741265952648,76.05648645833274,75.52683387927695
2026-01-17,68.60003438013176,65.4310581938066,56.946804715774576,53.89179243264889,53.741251671844545,55.64334051687074,66.88275901376987,68.64362231590322,76.65909081826355,74.9496415886172,74.78383889452344,71.88210462091637,57.18597684318154,61.10980901204019,65.66993591011699,64.84068102721795,72.04575205405791,77.13365546939204,77.64083764905476,77.08541751151469,74.54260939998858,74.17745939274397,65.30771917769148,64.05559563030839
2026-01-18,66.5435545326745,63.6600248945404,59.39449531696835,51.712902055599486,51.34187339657708,57.76472688778336,60.609495180444505,59.31412564949684,64.03507651449006,64.56313328260383,65.63594485856768,70.07839357467702,62.662555853947175,58.904735150903825,60.97610700594151,63.64668740026482,67.16355433713613,75.77518339242847,77.53043554367316,77.14489049166323,72.6131739507611,77.9736587274449,65.78019946220337,63.42329445619082
2026-01-19,68.2994981631596,64.68718138967107,58.06231673471387,56.823442728000224,56.63158445685445,59.3117579800567,67.37820120694339,74.59127417352873,75.99270053915438,77.44656369637019,76.67803053277275,74.37291243175626,73.22786299039257,76.26650678584079,76.21353174904687,72.85529346400104,76.72424853966412,79.12161392267652,79.02944016755336,79.03187407102531,76.51660781028777,74.04035388287254,69.11347470183135,68.34144055167772
2026-01-20,71.03669161221066,68.7654342102351,65.13985939226059,59.53003576268781,59.51465510258728,60.083436781062304,66.91818698538606,74.68245268873015,79.01412155299096,79.09063627677237,76.53119226944409,72.90974251404842,64.28165327948494,65.34407581047546,68.830233154669,70.70060969229678,78.46288916528297,79.16690547125624,79.1482274772649,78.92287465768533,77.30475999778494,75.02444843471491,71.06860423566835,65.92166705916986
2026-01-21,69.30484776288591,67.29735263565986,68.46310905530122,65.27726141764322,64.69746415872665,66.1408452486637,73.13160947242896,77.17706960950936,78.74222029512894,78.5637124463927,77.38245723000222,73.46900140619358,68.67936139679284,68.10956799575179,68.42870353987588,71.86513165167295,78.78254452691482,78.71579006695339,78.6142638165676,78.94874583554969,78.82275793966454,78.72936366480202,75.39243240069607,73.01550495358074
2026-01-22,69.99099651990795,67.14039165607028,63.51750448426833,59.407984444197076,57.17313437648494,59.78828470276144,68.57188534631058,73.99924643939781,78.4164831065851,79.01698581374704,79.01244160550091,77.19348548187786,73.5765132346613,74.83144410855179,73.64989013581332,75.42222010333658,78.87340680179794,78.94558051516506,78.51816883747794,78.60601690175409,78.28575771508001,78.09637658253588,75.68693405220067,76.19040194716851
2026-01-23,72.6078672147531,68.77388575648979,61.51205865161176,58.505016450035534,57.344823742814064,59.56863474992863,71.09161170636261,74.07252279750335,77.66828452070892,78.02146144212472,79.20424679604272,79.97570608610482,76.2365586173059,76.46819057226554,78.12166697163619,77.57265316132361,78.28282762706293,79.22615839274822,78.98170727773567,78.43571874651653,75.3528349289783,72.39858420187281,71.56495404186536,73.38646068623945
2026-01-24,75.56294837826763,73.08180246475828,66.66929562820837,66.55798291375018,65.45418231732346,66.04017040070674,72.36958375440955,74.19795803602656,79.20470974235168,78.77462739506866,79.05174318373051,79.38640174882136,77.06592016566958,76.81076593749324,76.8374891683691,77.61737021680536,77.19151475985603,79.29570853315734,79.3875586975285,79.07681896931736,76.68588643387763,77.03480891187914,72.46910651562357,71.78504828045101
2026-01-25,71.49509185836787,67.39569543276808,63.57395964057459,62.143557831119686,60.290585904673186,59.98324201386235,67.00058373984622,69.45097161822696,65.93142555143599,67.40308787342423,66.12300726745272,66.31071330095823,65.55678134244296,62.62873673160107,54.32204783471376,64.14876384757738,64.3886233607631,75.73222335137447,76.94563708762593,78.91682600132306,75.84780160507046,73.06291660705354,67.90679645037368,65.5923454365655
2026-01-26,68.20745845711183,66.20254673604987,58.159234765295416,56.33210816488582,58.268231062701,56.50585556290574,67.72835568052591,72.03681808772616,75.00390403305946,76.97534450027317,74.85584080652917,70.81826061441821,65.78379687668013,67.60938290260763,66.74231350366529,65.36168777173268,77.4004155851962,79.2266375295698,79.24104631978624,78.61861509682086,77.27106723838416,75.27821690044188,65.41315293252092,62.07636172546136
2026-01-27,59.72774553369484,60.62711617657459,58.481812358867494,57.63070349968068,59.037297513337435,59.120740316678074,66.57802372761594,71.85351051760544,78.74915622931135,78.35468591264006,70.85971494536645,63.72071778158703,58.50483732850312,61.387451726672246,63.059908464461195,65.12563813243467,78.83846758323645,78.94411165721989,78.91902254736961,78.93734874097846,75.45830543335448,76.86526824015922,74.09364967494426,68.49657710840843
2026-01-28,68.21215755473264,66.82899135817354,63.68730051506074,60.40461371519125,61.113640055657754,62.14787297177276,68.10945398952092,69.95758137770794,75.9203421313581,77.26856087585878,74.39626920984898,75.94118619950842,72.10214787101171,74.407995689492,76.14736351232008,74.50081356353654,79.09961298137668,79.56445475337385,79.58426602107427,79.27861999055834,77.0994859448721,78.22206238560038,70.54720096776443,63.45478862114431
2026-01-29,60.196970460413894,56.64798848016293,53.00460947175771,49.99632550091991,49.6653746221072,51.44600861067287,58.97535421934969,64.51806153645613,74.39319646351825,74.1699005685288,71.40274480826369,72.20219966811796,69.31618268757406,70.24318848635912,64.62533895443613,61.74094693048035,67.80527765639093,75.829300708299,76.02184556941931,71.58383214345797,69.24608953855324,66.62472085563927,61.92838468610289,57.45830416724744
2026-01-30,64.43244468231421,59.90747829007209,54.28165172160743,52.093931692452024,52.726762101631984,55.1841248194449,62.10169290205318,70.51077776787083,77.20358839741749,77.46458106262273,72.99815124807053,68.7038585078871,66.6977979465696,68.30560420424533,69.15395192343823,69.00697430618061,76.50056755818959,78.68168569135815,78.12565526028938,77.37172515528215,74.68946039990885,73.87031974408214,71.35359759162289,65.25865302993901
2026-01-31,64.43475143317578,64.4581896230096,56.80212956819963,54.983314647965855,54.03698236714879,55.747103589828576,65.32011061609074,66.28538905417267,69.36851865704983,76.19070990896306,75.87390901364641,75.89930472838256,66.16546703415092,69.43651912975757,71.47658691240927,69.48971151497759,74.29662274141722,77.57137317354275,77.87056809861119,76.75727632861651,72.42228342737155,71.07656416357575,64.26182034151418,61.37847374840003
2026-02-01,66.95972769220722,65.87087537491796,62.57607922898604,57.172958092111045,57.21502364417869,56.47415459407352,64.6172289616515,60.69049694014955,62.18574949778325,64.62045637720065,61.508643690478685,60.348885107030235,57.53508609652867,57.17793611550434,57.063579297176204,57.68546892495697,61.47508305320403,66.01654489389043,73.31522329054405,73.23649369073652,72.36855541743338,68.10813351822095,63.07861376432652,58.792301663339266
2026-02-02,62.2414432928648,64.016921326405,59.21398977972868,53.26104220363292,50.874536047973976,53.10765099837267,63.92565451405545,66.4343147510706,74.95981804700621,73.4986063804734,66.77200361870106,65.25268250205848,62.82436987612097,67.17985243105366,66.6718836185044,66.3129745540901,71.70259096672993,74.02520038198061,77.0893659103756,75.7647096799547,73.70576792170073,70.66855768430439,63.29610893739634,63.1732249779511
2026-02-03,66.78301385070165,65.18755828013909,64.27883184417514,65.48457537573032,62.87490174093392,65.31239696205968,72.41186122418178,73.4641397961503,76.12048489991066,77.05815786235334,73.60517913684792,75.48673224013149,70.74182428821852,73.69881909800706,73.70917583869877,70.90612927364774,75.32674230670234,76.95662097554795,77.21179075198434,76.25609470515506,74.1577849626206,75.01603066401778,67.18847437170812,64.7043002182247
2026-02-04,69.54954245696844,68.4641863636965,65.83655344359306,65.5370892024985,66.17486834912424,66.34332867854187,74.97460080553562,74.28456632987374,73.11859837080611,73.10915641655174,72.34236947669969,73.20032764883253,70.93286699108043,70.93580874599584,69.75132544821906,66.14453484973804,74.14425917305444,77.69395346308417,77.60531190345168,76.3615090649824,74.67498622492093,74.51918068219703,67.41770359890727,64.68900498067518
2026-02-05,61.33182464026873,55.800770625153845,50.33529742749696,52.86368698540328,51.67343248323938,49.54642597705443,49.13774763865684,57.78057602318154,69.31791848437383,68.36512251815262,57.214281878493246,53.315439601247775,41.82548432024677,45.114249486650735,46.754511132882016,52.798742382516764,62.47926023372891,77.91314109606108,77.58645940428508,74.07214255039845,67.4497375399032,66.14948193578249,58.145046458842,53.507303047010396
2026-02-06,47.00800509736926,44.314972549814314,41.40602040834478,41.843057612635015,42.169535341597836,44.08604967568314,52.75968658438027,59.4168386071918,70.72277176896392,71.51797755397442,63.618309129993065,63.836686878608184,51.74804685845161,53.88311815542887,55.31545038418389,58.77513426127656,64.16710468213515,75.77380820693467,74.54353243184944,72.29905142390695,66.56494813980964,61.88938687383707,56.60131955825199,55.04405402956401
2026-02-07,57.78721200148452,52.39939782352591,47.190015329702405,48.786663491281146,46.94101278197013,49.89425868598267,56.11675093927774,56.7666749750477,69.32769142152448,70.73901440757811,71.78925445120173,72.68274015648322,66.8663931654353,68.34973161295241,67.85037191055817,60.214730272398505,66.55558539742128,75.78492608625866,76.72064055053615,67.95222843953623,68.08257674376038,70.70497138802374,64.18839130198447,61.72266717337535
2026-02-08,63.45458992522635,56.41637557726401,51.54792392945929,47.49824642100797,49.59524668615648,51.41350712832625,52.11523176279082,50.99187524668299,44.64252417688229,53.91721887299707,40.22321197071386,42.32200246939669,38.08577297787936,40.75608784487463,43.457517347606874,50.229265031147555,60.93108931690769,72.60411989854232,77.28503845816739,75.3161442790822,71.89588441584344,69.8580051814116,62.925624545525174,61.67557735585948
2026-02-09,67.73512348534504,65.27310898288627,60.97886392417741,58.97871987841255,59.12408203566771,60.891943494364554,64.4304385382075,66.7510060572641,77.23748774289467,77.12507391551314,71.03618570134135,70.12497991440564,64.45157709073972,66.70331105353328,67.77527016147172,67.96051319088957,70.03018167858828,75.03039012641607,76.25014147823956,76.88682008702506,70.70416951525513,65.52385237279225,60.534700925382026,61.119969133913855
2026-02-10,62.75846252311529,54.64318738699084,50.61488842280534,51.82734889640022,49.72688871381589,46.8599184052785,59.59257269787066,70.76442952718892,74.32774166661032,75.95693461035009,74.38015806238865,69.75271826340584,60.02935414735395,62.339505512115444,64.12477693737993,64.32030261703801,69.08287243710896,76.72662960098012,77.07098411499264,71.81791256031687,66.2606666142478,69.51824418589942,62.18940786171935,61.87991808572023
2026-02-11,66.58856184550348,65.44606196140947,60.3487884243764,57.01247586552478,57.47415694179901,58.969228163399826,64.57622530698292,68.69751896483076,75.4076401684261,76.27592220642568,69.69209584768254,68.1171991695444,62.15870123817244,63.85335003014669,64.8176208842322,65.35441225172873,67.01863783485877,75.31661505743601,71.60129001776733,70.33433909997369,68.58117589323147,68.03082447120825,62.166620569769606,62.550682727219574
2026-02-12,62.79051799763238,56.677592193618125,49.69878994978243,46.97725380666283,45.88154843748941,46.29908819845927,53.65767561676535,58.98620660202694,71.75015542162278,74.0641173598902,71.50472072117135,67.87156050052226,42.31257681614758,38.390617303516095,47.54256220357648,52.7247986255321,60.552158236213444,74.12383670273248,73.80506338584793,66.88772509983043,60.117231972422935,60.43586081691576,49.74080985287904,46.29388064440724
2026-02-13,33.52753849612355,30.282730840038695,29.370719230028232,30.181746965102278,36.387967087030425,43.05596887765152,45.16142150158112,49.383726536300564,62.53503626848257,72.13711356836824,72.59232423872696,67.5282884860346,63.20574767235927,62.46429088069959,64.11590319796275,66.77679122075384,67.56793113245442,70.46052757994877,70.58050089549013,64.82991574868441,51.881353488665596,54.3126507867222,48.333451233125494,44.255446303487076
2026-02-14,40.39415403680224,39.648097510864055,35.004926716428685,41.13118506069704,40.97006914174413,42.74151664752497,56.33105512243669,58.586003476826015,64.40799585760605,70.15346493394418,71.92644768183514,69.7171112068885,61.82039825372822,61.61295679853273,60.69991323728325,64.88161845515523,65.8105155137006,67.6111561937856,71.94039623612154,71.71356280113487,67.09637614696292,70.88736892309942,59.07916148658799,59.20440404939465
2026-02-15,41.636225127106755,39.75526488327614,36.64124186872792,37.69491807885366,34.68126710879957,34.66622642131642,34.987800905305804,33.944763435307536,33.64040818969173,28.462837143320773,17.24205327463509,16.46981192588343,7.146329281882638,5.762900049640424,9.502233558696966,13.75588280759259,31.706205615651104,47.59725041501106,59.59104410994579,63.79166491603475,57.624124597818394,49.15899775783591,32.11130666499801,29.871465050611654
2026-02-16,6.6503118982527,3.94719057056439,2.0101026283916505,14.983787734027993,12.003117639901705,19.735474575397653,23.61046496494254,39.459612902553985,67.59908407701414,68.42912709672392,60.358834744209645,58.93540600698927,36.03692382441649,42.688590428216386,43.76709178308396,61.18188812252242,59.7999981240258,67.34686355091986,65.14229591126106,59.192716433718516,58.27790207041713,62.57954595536673,49.87279846650783,43.971946849858575
2026-02-17,17.912230248562487,18.998549802073867,14.310422063989618,13.524770217868735,14.26128553718303,23.610110782425746,31.935096660939358,22.095505824172836,51.52350979645801,57.71739106291281,42.97499535809935,31.853999068587946,22.2142973262365,23.426200219168333,25.188728236023717,36.60223620247665,50.516356259173975,68.00875219810375,68.92604927425863,64.6700828356174,60.87308750240607,57.55155868479824,37.95836233027996,32.880309225755106
2026-02-18,18.78732632987889,10.945681445036051,5.506228547847035,18.016277473538064,12.081917310463016,10.779396504588517,13.614015496010493,43.483740971410725,65.53157741144595,63.275115214165346,58.467985009928654,59.894942876890276,34.183255454176184,33.26167011332455,42.92730330605306,45.29475281130482,51.08523066687068,71.82451490965923,72.26087944415812,71.09652275299946,65.25194866621136,65.23024208479441,39.49332419408553,39.19686587276634
2026-02-19,49.82884426155431,48.929093125319824,42.05036532093905,40.791401459947664,41.523426510721194,41.70717617596098,49.57226968971068,56.337691803789006,58.966097842167756,58.965019273079584,58.29940347257863,56.71289828908749,51.51111368849226,50.259423964241236,56.33042830129393,58.854443700344966,61.858660904305786,60.65079432455878,62.206142755858245,65.71960282550694,59.95710406911606,59.43724400960944,47.07652928650097,38.4886731444767
2026-02-20,37.6640942758843,28.232725567412903,20.70946808102673,19.729063491687334,22.117855502070608,36.72155126602922,38.814172983217894,47.78323144506177,64.15326833287432,57.25692710271918,47.15836392327147,35.02544236841137,17.283461750785772,19.65363948792431,20.19772007186496,19.741994372933217,27.67769842016991,59.555246379702304,62.46741573681246,60.2836898878439,58.10767838522564,58.21034557847959,31.381455623724538,30.829074918820684
2026-02-21,23.788907177070595,17.789415251911485,13.51027815345613,7.634727935775392,12.589560402949333,17.203233841585917,20.035284526614628,28.187157310596895,50.88546810720405,39.382433004318536,14.003320737093391,13.198257308171307,15.372430239131083,20.196601459695138,17.82241426847575,29.457328320313994,41.00517213519133,66.79341664345962,69.66941520934155,71.91426450323843,64.7227653728055,60.737770072015884,39.58739834548122,31.27644120733898
2026-02-22,35.71917956050806,26.60169076902243,25.8951829917498,25.736512615947646,27.796428134003126,27.15175900642645,26.732844658359195,24.592778954233214,9.697953549066913,5.139872435732757,1.2007962398826477,1.2337699575636483,-1.8016347887475148,0.6811461626013472,0.3395572606831499,4.332208299577253,6.944836109039217,26.102287798039605,47.04040915176561,48.3801375979655,52.93607241136509,42.97530336602747,31.098680916980246,34.37194258480586
2026-02-23,37.973406012704615,30.203134224647485,27.16063246454089,27.953478953643202,29.349397589100775,30.721564164754664,37.814749206062665,56.07024603885282,65.05807554036677,64.39183639206381,50.40846614511922,42.99268836249781,31.94890255835747,36.14568514606328,46.87291613684569,47.12684333643238,44.60281080599586,72.09964195233438,73.18474065583948,69.77051736598547,68.61670159072698,66.83372178459035,49.43403048381359,45.464597283270734
2026-02-24,57.346708550143184,62.80854652897127,58.805821266866474,56.180021441042925,58.8566981532518,59.84151009027321,63.8526633494372,65.27388887678411,65.17622306082029,42.563886492168976,39.3366524244649,46.777110457324035,29.94377867736305,21.648620653973992,24.005792994516355,30.99176546138693,43.32913368165549,64.40203041147025,67.80237858292615,66.51671171926215,67.49832924280857,67.1614484223543,49.140136150362295,39.88591297016906
2026-02-25,48.87841242771441,45.42677224371999,28.929572267281447,48.29329927380833,52.68245167236828,56.66543382179694,58.74940194553628,55.0174729435079,56.102820892950454,22.388246299457084,10.155441036191604,11.540925875379445,1.332546024238932,4.5340735555383995,10.072496497070631,26.447513644354608,32.99174010580396,68.18878953110081,74.3979181032796,76.20879786940169,73.67131192760604,68.79849133661892,52.142243965581976,53.97466138108077
2026-02-26,55.83349099921964,64.49162127780151,59.38351935935289,59.899337307641126,64.76008808514469,66.52684502132391,65.22165307206471,58.372398688890215,65.34197523205795,60.95774586321275,49.10255243866712,45.53571207286219,41.371342630084825,46.91141611715625,46.002307643689456,48.212364263023886,52.91783186190641,65.38566649222064,66.3125094931031,67.2177707616131,68.71596777768907,65.72800841038817,48.57210015328945,44.42281241861421
2026-02-27,30.86020077548352,33.59290075751919,35.82991643183659,35.22069480414573,40.41756298174427,41.30677040893264,46.8246524230745,47.36854211619248,51.12854972666609,37.73946112879253,24.752848202700854,18.993023281270016,20.73239944428213,23.913190867030266,25.595754289126056,29.33287887942937,37.94482732505049,58.939374125715204,64.47253419232753,64.1441914643113,59.33988964287943,55.02327478294488,33.37678218239041,34.760954146807705
2026-02-28,35.679293189415255,42.21322065045412,41.007518015302395,39.38947861764168,41.70136008119684,45.57630747604893,44.166466569729515,35.437790756477185,40.490983694297036,34.35773676126914,22.646172115578132,25.450644559595453,12.986507674256446,7.799160601816587,16.30061042682456,11.135053796439342,14.099593942254444,41.47112859523488,47.69384595003531,47.42251429471178,47.272070188824806,49.142506288035904,32.65543002643783,27.768185471527502
2026-03-01,31.82575895492839,30.884152264526076,28.971901323324136,28.17971117254624,29.162592201686113,33.69938997854337,31.974593517965214,26.45911222305428,15.387713509822179,10.539932246036363,11.774047274699203,5.986728381802528,6.06574195800693,7.027763026827182,10.310290835784146,9.294070908011118,14.816657991095882,39.53690432465387,45.30364409414745,46.20494332896864,48.121586883134654,48.80287276252307,29.332177087016383,30.005955202276954
2026-03-02,38.19071821346402,36.96705986085987,33.072037367305875,32.22507696117537,38.615446144185015,40.86181053511021,49.23929057743156,53.99331964579509,71.01064362431875,53.217173536045365,50.31833424933314,29.428283048399212,16.876187027721986,16.177898370452375,23.698525885559082,23.534820036350382,34.05671160286817,70.00744837469115,71.72913571413089,71.91812734191039,71.19868880617086,63.05483468136864,57.3482892257872,54.41660297749837
2026-03-03,51.88125002929105,49.477429006004634,54.500090169927894,52.925083382372534,52.97713232264376,53.27213985259957,47.465929043170355,44.51227772522425,43.41646121796872,31.29538822051379,25.977320694276322,26.533466246234624,17.138289990232217,21.14032746577423,28.39810333031131,26.900644911215885,33.552535954777305,54.721299466034736,75.18707405884001,75.9070638624314,76.0180976360625,74.61876819445241,56.75865670799068,57.54848535797251
2026-03-04,40.4657376238477,37.180209651224565,37.6117624315596,32.814480287593696,45.564507344895006,51.421472821038854,49.38564633644818,38.965321821628415,49.332536805724935,47.679182612825215,42.287131011238216,54.60490814547139,38.342187046785064,59.08161119796289,65.82212832572388,60.05181398528732,66.13271671902578,63.66385734312056,73.01959454624443,75.27209517757679,73.5130953870023,63.56413203508853,54.28283004009911,54.21748494770979
2026-03-05,50.26000722503517,52.65268132912031,50.13902021441595,55.16723396533005,55.05605796194423,58.442300466560305,58.37650920826927,51.43385428483405,62.204254181054466,53.77495091231024,42.03435883902994,41.47502391972316,34.30699266641107,43.680479999144154,40.637852237164594,38.91065288899692,43.69922942555982,59.29530823883738,64.06402750311611,64.64642571040079,70.01715022465591,60.59759647574675,56.88955726152237,55.12474419788951
2026-03-06,44.000803566435195,40.236736886049734,43.270094106567846,48.83873129527736,51.25521646262345,51.72077340780742,52.00845264139684,51.02817125047198,49.5287395216818,35.75136161403804,28.87720052454204,30.471211229588885,26.947694473012078,27.986298061242056,27.886132867392135,26.757098323659594,24.955914364637874,58.368006163211604,73.88152025698191,75.21838184718656,74.68119118039955,66.38900419827922,57.1943440139095,49.748737116606925
2026-03-07,43.814756960033385,41.878490979148474,39.530336386708754,39.051606761364056,46.293597012651524,51.06484453072668,47.984761893161696,44.11817414067459,50.556826111875026,48.18817955055748,41.71533501685187,39.954924718328954,34.84175786481172,35.13232014917141,39.91687946992067,31.038347663168793,37.818521894864034,53.46689167024432,62.453336213164526,59.11201004010566,60.20391653331537,54.58490417967915,47.96515847320688,44.579514729215795
2026-03-08,30.89208729644165,36.22327040055394,33.588427284758374,34.43811095350412,40.862741373692685,45.554968255440514,43.80854890818948,33.07076074248695,20.723793864005714,4.071439004769848,5.620834443249501,1.4488059728990965,2.5836427881706645,-0.8613321941694754,-0.6119370184028199,-1.5734498747026135,2.918666365565432,41.453561862935835,52.148738246942436,52.250492496395225,52.25860253191276,50.174703380929785,34.10853355808446,26.16321939626602
2026-03-09,34.643656467075104,33.309211282050384,31.788818322937118,31.535496246169167,33.28246506282437,39.04239214487137,35.49793223724559,38.02569804509836,44.58111490492313,38.67660047458484,26.655147088784272,20.94216364228933,14.792619859944518,13.087526815781047,15.735004825459178,15.894769000890918,12.582288856456572,48.90692735148999,66.255544058972,68.35499841919331,69.5683789279589,67.85091317214459,37.29278554301316,33.48994627997078
2026-03-10,41.19634100045193,38.41616072516039,26.982637143915717,30.824504711298,52.88508474102549,58.7666576237816,47.28636097514443,41.68738758251825,38.68988161123213,34.62079157862494,18.660695519833624,15.709855750557502,9.207314027075864,10.04482846751446,14.118533700449037,15.638561361045653,29.77588924227001,56.7607892062159,69.87025256540473,71.52001694048803,73.77271566887322,71.65039421242619,56.807531372813564,54.315406548641526
2026-03-11,60.51506352605847,57.411677619871746,57.00927499881391,56.61311303100325,60.082664711883375,60.28393326572544,60.20227550977756,56.42540072505659,58.13974987051388,37.5455037651937,27.961059361560853,24.363601905328277,17.522859193746847,20.547843121009798,23.675588100947365,25.930195826720105,33.20125167252615,61.462553324287214,73.58827646072751,73.48241387521635,75.55636214240141,72.74842657229176,65.04752221292422,61.47275718022571
2026-03-12,67.73000229113877,67.97685021026194,67.92994633827175,63.52094089011269,66.17867178998513,65.82528890212835,65.47159573389017,65.54794391453224,68.74446398142894,38.877041093732274,27.39441442482978,26.880229348558917,9.358976923820746,9.75708726272598,15.78573985519528,15.922516532165025,22.089099231143372,61.06592359245446,70.93599865725325,70.82614984870125,74.20624919688113,73.05846429589148,69.07614878963282,67.9187665296517
2026-03-13,55.05800559207982,46.7128226374367,56.9007452460075,59.461487645165484,64.2529737643107,66.9128480747379,66.38706536440034,66.88454171121508,64.73385573398042,54.03698503013282,42.64080039260006,47.122992677966145,12.475829172106,17.551050004977036,30.67532501116021,26.46851125651384,35.05481709938558,52.399996236742254,73.41185387455326,74.60627156890395,76.1307927631547,72.26089790206994,64.74048004062266,63.330148206927255
2026-03-14,64.89195352341038,64.44268629344187,59.44140959470753,57.74419490257252,61.94856673464547,63.26033380515799,62.0897159142561,47.77091665700021,35.829501617085725,27.68587582470399,19.590295438235437,21.163312967051926,9.420637740003292,10.361080768431217,14.337678470149164,17.935185793607367,25.37240841045088,46.752280555445836,61.715159949329376,64.15854672361485,68.0494394019295,66.83645449380654,61.45334348322298,51.42899601265162
2026-03-15,48.03506971839445,45.3531868758455,44.59186306412511,43.563822277427136,54.445066934156635,53.644164428908205,49.292211379676345,45.62687545267835,20.226218569268298,10.19284171102643,12.431382780896183,10.887257852299989,6.372766117078001,10.786257955599947,12.686156616050665,19.349995972001665,26.426214080986934,49.27644105843121,57.859068179601636,65.69388276910978,65.46701411748145,60.16099777971688,54.660308081680064,45.09633445834506
2026-03-16,43.576317853372224,49.04798385199835,43.16928210820479,50.792436695567005,53.68683724496051,62.37408433138478,64.73928265011591,66.00289248461962,67.8398221704699,68.64517185524173,63.73704771144108,59.43456116889925,38.56087567673433,42.58319676441063,51.576609363284454,42.27070558552672,36.24107692919701,66.96501650835113,74.06260959093805,76.47197923321878,77.4705430645539,74.01960979207936,70.928378734654,67.96153349267423
2026-03-17,52.32537955266333,47.67295379101519,43.60672874745509,41.748301087458195,46.11163418715129,54.977506847196274,53.66582222650319,55.89582189881082,55.57419169675035,49.02546256098288,48.18111532673003,44.677997481711984,39.55495589685171,41.1869630146518,47.06887883539222,44.70967999105242,41.31552222520674,59.25644632869497,66.50090606905805,64.11336826050983,69.37026652738186,65.9472546761548,56.06190214118255,51.73350696669079
2026-03-18,57.14506500768757,47.25500432233584,36.871206479833106,30.920484311577187,43.33480582591026,51.055343318648276,49.22393222597014,49.17006398544865,55.46494313427301,33.24890985638019,33.82136656326579,30.34390657574609,22.57337008551018,23.336076472283647,30.045638646070547,32.322927034488934,39.11327411034056,53.1819301731618,60.62020273999452,60.92477726421772,60.92051035036215,59.291868723618435,46.703513539409556,40.595563382212354
2026-03-19,36.48257753784641,27.999301623964076,24.674505575387688,25.636814530449023,25.268191608300533,26.144452730304312,26.982625573370203,25.194110906004592,31.414469842368153,35.414969821267455,33.332515136517834,31.952224087950547,20.094909300589013,22.529814717321944,31.21725855347786,32.31539905996249,33.096428991263636,46.80794293752317,50.52212089854855,51.857311820450875,52.457483634617724,54.95361907798923,50.49780161812804,42.131936182893654
2026-03-20,11.471981032569483,7.972449566545423,6.170609103509569,1.1791451108283606,2.7915532391531057,6.315805305015457,3.296413538439897,2.4899319967741618,6.122927148655663,7.790153510027705,2.152389949432012,1.6873667898344133,2.381967730430407,3.7891390667706073,4.156010948349732,8.740919083888851,4.797420752358042,19.955087771497528,29.315396964016635,33.69541760668846,35.65067663585368,30.925860423937685,11.766647379422846,8.145109363628883
2026-03-21,3.7252987776441944,0.7861243042229209,0.704725619029058,1.0807044145132694,0.9860135831426435,4.94424885022767,2.110781249528869,0.9522268566289178,2.7666123621787486,2.551928139939,1.9365295773426334,0.4930785949956426,2.3099473247281086,3.118106801888126,2.8562355697463038,3.724029035947046,4.698846400326899,18.730665323721674,20.043531762844356,19.4753868831047,23.521975892765266,21.529568605317365,8.822487999784737,8.557531972370413
2026-03-22,4.6073371042786775,3.3411756390438554,4.146250479107586,2.764499269762657,3.1555699346832173,4.049551158758502,4.526893235175078,3.261234548577647,2.529064756056651,3.2874629475174824,3.5664102189461584,4.209550058003951,3.694495552836012,3.357938691569976,3.2766816907702747,5.475598817965366,3.936320663086972,12.442054845629533,19.40161862291647,23.72844829500981,27.983421404069073,23.332380243058505,0.5667366400407133,-0.17959927818248078
2026-03-23,21.96555095706147,23.63434854968571,22.955971525288387,19.173045423694926,19.79168782195952,27.368084339803833,36.28537536832692,45.19309254195082,42.822292404679324,22.4485413415684,21.7890611696135,22.813384216085197,20.904020112437646,23.709245090319303,30.154825092323456,31.417847184826275,36.50264788145663,53.13149495911115,66.69646261336713,68.70532880598792,68.22526599738663,62.48801928147363,53.183907339894056,54.5499912542465
2026-03-24,36.14007363571954,26.53040638286035,21.114302015844398,17.82615211042288,22.87546061532047,24.250809108891406,21.34641805353037,23.345704686045092,31.942741229768405,28.2445984590025,32.36062379195351,32.16827336387211,28.58681522217206,31.28992267110601,33.05205388256848,33.73366564867868,37.19258568962559,59.77995396914618,65.72368033761528,67.33717431203992,62.17634465715808,45.275361593592876,34.62633074715032,32.698352855971166
2026-03-25,32.222502833740265,28.774354183854857,27.707755070264632,27.23722029486946,25.33406014204517,27.509099042124408,24.41447560952636,24.50440300887272,32.30862805675005,29.677839815163924,28.810075071019458,31.65401930821281,25.696473855063388,25.98230535700484,29.67284061020513,25.116129213722353,27.103656198103753,41.711278027918496,46.485865911272136,47.047048036955864,49.14892515545973,45.39315802789639,33.39013821761025,25.50192564139384
2026-03-26,29.556299798186984,29.20033356780082,36.64044282287967,48.62798719791906,48.895899821221654,51.21401699083912,52.700687430336224,41.15376802118513,41.06564215464267,39.30342949619701,28.602700425183635,25.086111932705585,24.62878113977839,28.291202790322156,27.65561376767248,28.8956330293594,30.407874374714595,49.01860768555343,58.02638250545542,61.42579286443471,62.17356850237046,61.917100268296664,47.24141704422556,41.51842385005374
2026-03-27,37.75738520705481,32.95857155142574,30.29427211886234,33.698358074914815,32.76884450786319,31.75732907802826,25.32595632007254,23.133662484524685,26.878715574464593,24.821209378317164,13.735865106246147,15.152850311475884,15.53020179678091,12.563090867904393,13.786527027386168,8.223065014831063,15.777169853606337,41.90853531096634,50.37075137433073,51.751791418017966,49.19425215734729,49.82588921168706,29.010136680349333,22.654013202255776
2026-03-28,12.718784797093207,6.904582906524243,0.5455647931398796,3.4030262648891867,2.634066640533325,11.112255357653469,13.09106062923461,6.724616362851991,18.722093147864467,12.981550541765133,12.5553542075687,12.40929719466064,12.152764378367436,10.41610148644066,7.20509144529506,11.013352642393851,10.779847646234385,42.779312945616645,58.84756113336927,69.39205376497617,63.553081963319016,57.58881027477657,32.5187853645149,24.174640325508815
2026-03-29,32.284338901069,25.078426035184936,16.973245046214668,18.81477007833571,21.741541953976398,26.007113501966575,26.902772157776216,12.147489567165724,2.4906495212230824,3.1648709475231183,2.183053766845281,3.5644972571860194,2.8523263012555495,3.6860971949848382,4.984810334858788,5.522839936077771,6.7684861035774535,44.65323591966663,53.83737008939939,60.63120536049529,62.3049207314783,55.33536709481421,32.35574955038222,23.903019455113782
2026-03-30,41.97791541521443,31.910726291003442,19.661688473463467,16.14121867233681,19.625183957944525,22.865267518119975,24.163912364018103,30.47006835212033,54.58521817308857,32.100189292818385,28.42751794845183,23.078853065042406,20.34069804751626,20.955806701358743,19.688102819714285,27.76778749693426,33.8883104599965,62.981076367956774,67.97830566566641,70.7523008342714,72.35512075488111,69.8357516272716,47.45046182805729,32.85573562339586
2026-03-31,28.643148116238997,25.087612208932704,15.684295254219094,8.827003342590368,15.839083840370126,17.256630550344216,17.93784708728085,30.001431070336594,37.267782702406436,37.82946806323875,37.30160148430673,40.08129221641204,23.538325341704535,25.54361106097583,32.350155074621,31.439050587151666,33.29416866153148,53.051412165742946,57.064331259323914,70.33806492747135,66.89867169602917,64.48177328394581,46.356538877737584,38.05653724268708
2026-04-01,32.48217139134906,25.415924767411415,17.956348901059748,20.462533741061335,16.4284613204129,20.917464194995873,24.266920755937978,26.353874849201542,37.46235299209533,33.41261835237615,25.441374541202226,19.808184245025902,17.12895249363388,18.837713585824012,17.942543543374306,22.32704652078619,25.909898395865216,49.644625751763925,53.961949891475925,55.71097150959673,59.65791834824064,53.52131768006543,35.128211521493796,22.806703468732508
2026-04-02,17.44485693734011,11.368810491921243,10.729370815047194,9.627022978185941,11.158818473219823,11.862775424919667,11.34445226179692,10.407139227682459,19.248594019787976,23.764797056443395,21.264540256779405,15.502875479792664,7.514124698070427,10.156863003982629,14.591680836728015,15.1906222527726,17.259950794570923,37.117778823779766,44.92788551969733,47.596545247651655,46.98460998057474,44.24482194684685,31.64197623274756,24.475938755067624
2026-04-03,8.639061200581876,7.05438184979486,8.65443292622773,7.681321305579616,8.398381209531472,8.845814547866112,9.438728319139619,11.53380021060634,25.74749803673452,26.021900487832266,24.704677014559092,24.460306059001347,15.11693759592789,14.227601855447979,17.660216963880778,17.980928594013452,17.123178695667942,36.52549603176625,43.93174938206317,54.96417736814622,57.94980151006952,50.85410157363204,29.787508376480435,22.401898614667306
2026-04-04,11.879765025752592,7.635656043849222,11.981213078370292,13.283227072540111,13.5803636291065,15.303230951806178,17.183752873964774,12.815326426595137,9.645085160209199,6.538366411636258,7.771059367445386,6.099673110267721,6.260615210710701,6.022068976457653,10.768403889658908,11.801534433915835,8.948474255597025,45.635797338857586,50.93377461366133,58.00431741442599,59.03317153765418,51.82714548834246,31.43566649880943,23.891587518581172
2026-04-05,18.41809340346338,14.07547791114002,9.03432718719731,8.001817439919883,8.471237144952656,14.18409106937332,12.888515314811826,10.646407099951432,3.471990837371818,1.617586411446397,2.9322997113853404,2.319773330296534,2.035886360633531,2.7143294155983684,2.606305637955913,4.19413135369486,11.434319662565146,33.02703198641219,59.75677007860862,62.24730732682866,63.52769139505683,64.68771912800568,27.756466011549218,15.369214831833075
2026-04-06,24.748342363510904,17.243918390729707,9.346206194193273,7.859834896462234,8.683530509816235,9.717789144176434,9.71129080335574,18.86236464393019,32.69733140982491,27.018325451905636,20.409022461480706,24.050036877349115,15.421459075661566,21.50740835635092,23.232923625798513,27.315877976763836,33.0074678036727,59.93391324702381,70.24070093069251,77.23596616004632,78.64924202355108,76.82865085645719,51.60819079622425,40.58487243913465
2026-04-07,38.49419539336956,31.965983683984433,26.94945606845927,21.566115288132327,21.144765325686745,22.93919829710647,28.80577592446877,26.479189818417176,26.987537978037835,14.508217870214315,13.425363929003014,11.157085976859795,9.391078527797305,9.854275325975497,13.52316283537137,14.154386808812454,23.110428964238178,61.293748913093424,65.95586070037497,73.3672175034352,66.20402389672141,58.37978530247822,45.57056343319891,32.68134327474597
2026-04-08,19.574195219598415,13.036929229810431,11.906486065496031,9.017445190964322,9.977496061466878,13.715507138684998,12.791371268320946,6.605859567374689,10.33277589783444,6.229765814041458,2.2223220742669767,2.8918815587971345,0.4493081152271327,0.7718004083779296,1.2756127652431135,2.5979728950801904,6.618691421940954,48.898690056265615,49.055753679789426,52.90744688733119,52.52308574443671,53.01109425327611,30.39744645254062,19.944690449853017
2026-04-09,15.344817286240037,9.747384947258828,9.728023317830692,14.52647816797194,13.721459329566237,15.533344712284315,17.36668053760504,15.225431150845399,19.08474057290661,14.88359877138655,12.98321473286377,9.128886185749986,4.288989761860126,4.920056807280134,6.006516830624446,4.924577292394537,12.547794894980681,48.117671532372874,53.6902534519187,70.28768867082937,72.85560363936764,67.26337683874895,46.77353956700164,26.247301803564575
2026-04-10,18.508213910517618,16.663932888728898,12.4450617024349,10.47023884236192,12.232339909729692,14.106478409999982,25.29974440351852,16.601950067471133,15.315008530037638,10.894728494836324,10.180442962128348,7.596245645019784,4.449815483189351,4.349274304173717,9.577947841673339,11.737817428580774,14.979034651842,49.790315649792674,61.27028327724327,67.75954821237687,70.65677541405982,68.42454321071281,35.7727522458923,30.5636085202841
2026-04-11,33.75733398951006,24.597775792852712,23.641128854144338,22.959696326920348,24.02089804524528,30.38386086835177,24.900848346450577,18.997573268489685,31.010566453950858,32.75312372710548,19.215036796120696,19.925311843905604,12.686191712021593,13.099555137607975,24.627744269308597,19.346312608005764,21.76693590475347,57.193908798284646,63.5221986827307,72.42956825197355,75.55090769197048,72.3788233836725,47.7939412322016,35.1469434217005
2026-04-12,37.21995366306477,21.85862715369706,20.09678885196057,17.30066036388046,17.176322001699955,23.25896317673478,18.66072089885384,10.348265446277924,7.740359562556186,7.402223472101101,3.439839526624797,3.6591387436252494,0.7313482147536912,1.1220808053219888,3.5267357912363555,3.6989595470148227,5.519386750042198,38.820774590879175,55.89998410773894,73.36156561286572,72.61119000415749,73.01243016108131,44.57081684584641,37.94515634768027
2026-04-13,30.650547419549763,18.55057255125412,14.98412399793076,16.550569406835198,13.99088954182326,16.906595979411996,14.678644314454054,10.18655160862176,15.9355267237425,11.356337378232453,3.43234647150201,3.315161212615388,0.8319774852126306,1.4296854612917997,6.853808830970113,6.826687305852527,8.823102975984298,49.00507161576615,56.705247284050564,86.1295799668317,88.20496064236485,75.14508083567085,58.92816887536052,53.164866791304505
2026-04-14,31.02979771922964,23.799965809693212,16.761113629524466,16.472152649696397,14.13149109236095,19.317337128295865,20.37561833551217,12.878370566780257,11.73157174085185,3.921876866947222,2.9752933885660346,3.0475544454916776,0.6840012220107755,2.5366548399726656,3.5462117620791993,1.863107203833756,6.188375906106274,40.28226134882069,61.447851706028,87.65619700913666,89.55809893076534,86.14254766413289,59.20312551111524,47.8427149510189
2026-04-15,39.71475126605311,19.11008404021128,16.29996538348418,15.918902077437735,13.797129105494792,16.996537414430218,18.355350309556663,17.60960217443292,10.696784536658933,5.167900500232771,5.658419838752698,5.368748553933089,5.001414362292112,5.675006482941471,6.358062656350872,8.646081955980124,13.029163023918667,40.968784878185886,52.31512788995824,82.52244407300036,80.99711409526637,79.62850115316776,57.78096545863819,44.18971042724146
2026-04-16,30.34686640251645,24.807125620125124,18.896623370677602,18.378695008434416,25.225641594246323,25.646394986019402,23.94988273169642,19.103214144826985,27.15939750375514,17.445540008363306,13.914840885267544,17.276833339682685,7.391135082304106,9.489753909995382,15.390824274341211,14.825479894963534,23.925850157614104,43.82876653676808,70.98428296098886,86.2770911925375,82.27928828606304,81.40036066105549,45.76439393737048,26.689304667067336
2026-04-17,21.684843375475175,8.612624448051754,6.636955239114127,7.71857624057875,7.446659074792996,6.91515056698558,5.083850480592987,5.614630833356483,37.03387540008619,3.2821130181789977,2.9023042996269006,4.28718735099293,2.971546712671604,3.696872707657369,2.4970762366448613,2.280072299092965,5.389762101722541,25.535143809095445,41.168661234514104,55.15485955607983,56.60677705915652,55.875572559422615,33.009535951083045,22.127921324251236
2026-04-18,12.810393973841357,5.516526675509304,5.371821871512538,5.627504565292241,5.7110588909782996,6.2419894060882966,8.902160337733946,5.993210236762852,3.8709265527852637,3.894987008321834,3.447723598435245,4.104733011366397,3.7614428349408553,3.6716829050167243,3.70435104676617,3.5602082981321264,4.078422080163924,23.552451853263157,24.07750749970466,27.82507029883972,31.73360059640664,26.12590225019584,15.29756829809824,24.20064885850261
2026-04-19,6.190602705021442,5.8287646164557,4.7045827178938024,5.1553741528870995,5.118105920201642,5.228269800847429,6.431502624863326,4.464596270961301,5.385098418932862,6.489213601386121,7.035358320460608,6.3244449100516,5.9663978172588035,5.993856508476813,6.6632391775712545,4.50018156055771,3.9336622626876414,25.389518307896815,23.890178430408074,51.52424914263757,60.332439191827696,54.53799067892661,19.07552262440598,16.264262376049583
2026-04-20,21.17865548188651,15.064377095054697,9.804843726824664,8.001662068894277,7.337334141389724,9.33512127821947,12.96306013479037,14.49067753565861,40.535658717956714,20.670947442838944,12.160082755616148,10.032809995967373,2.579324267802087,2.885532797002518,4.297895429490699,5.50757460488461,11.172471727190388,43.24248049226075,56.169838438003545,83.50429731913918,85.91416967542492,75.53540475159748,70.41942275323403,52.57426631757376
2026-04-21,41.24245862535731,24.45915308207298,22.053846181677283,21.68898102398129,21.140786198865563,21.75161000662217,24.85142864015381,21.56748464014411,14.786728804749817,11.612092393582454,16.294091701425998,16.0390796123179,10.175002583637621,10.615917989175967,12.467944664445259,6.5699516300688785,10.81646143812331,37.10171635651294,46.40253545117733,88.75655464358857,92.5303078427236,85.59794838508874,45.275888587635876,38.31463739640735
2026-04-22,23.84769741035433,16.838351586656515,12.14162702408458,9.71321913226777,9.211944500551422,7.173584822011345,9.603107986028972,4.227317136102875,11.471508874429778,4.1915503410302595,4.432056752777763,4.780993511448789,2.6122684570216235,2.748666923320491,2.992975812355052,3.4923967926964066,3.8497512824948275,24.380784584427296,41.53935866498235,86.977177316993,90.64057797813481,72.58712268194108,35.853448942854314,25.871393697781954
2026-04-23,14.744160397093717,8.741974613891971,4.458273193049458,5.3004721595395194,4.69587607298152,7.059139981635124,8.715331913518936,2.647507654221848,4.858624625357465,1.6217158631833195,0.618736781296476,1.6826502045527967,2.4385651627525355,2.0095334707209433,1.354433828604873,1.4414725396236703,5.964864724149755,24.785447179070037,38.18226635657497,78.64047044480996,81.34728770613988,66.08838453537805,30.129729430386345,31.308957237759603
2026-04-24,13.66505221283463,8.64171490916146,7.040520026236973,5.271098932329191,5.578624217051964,6.566494375900647,4.279428025753502,4.444990296009364,6.289789850540779,6.978960092721539,3.502224768809787,3.730537211016963,2.7362947207415713,2.802051292034273,4.407614537737319,6.080492027597582,11.347735437580583,22.732274893125584,26.153450237838985,52.91668363969879,65.31423238067862,48.15085313640168,23.83949455942601,13.312008250309308
2026-04-25,18.26258820891896,12.191034537152094,13.085171275395712,11.348194745751272,10.704173177623478,13.815942732554387,13.918893536306607,11.867825454387445,14.468983286898608,11.230155122242442,9.58345008325023,11.190184636604519,6.729113006985244,6.829712432744071,6.603782042394764,6.34916219739024,8.39297013988519,28.688913132776495,36.610631322320486,51.41548174925112,72.35862869032096,50.70138550109732,30.75588753713852,22.308201991421374
2026-04-26,15.141627834567577,11.128095082038195,8.36711437162304,8.73517807471306,8.830263149316947,9.10952508750704,3.396134907607387,1.4860889828321873,2.125675018236225,1.9606479461510378,1.7624697151603756,1.7019756325109974,1.48791485584398,1.7840661493987253,1.7397596619428652,1.574357808750976,1.5548941774977443,15.34617806157793,16.94376521011145,51.26963091776105,64.96523714565913,61.841752780057305,22.59028678966576,6.398203596552476
2026-04-27,11.794173607279967,13.796477856513944,11.952616738943158,11.759854942898539,10.433189792375092,5.865614693560546,6.193800192821557,1.8922768902808147,4.777890854723314,4.565823309877774,2.0862270607392888,2.312049198568587,1.4697785700458523,1.9336372662979757,2.011725525281607,2.0665978487489607,1.781044231797507,17.456519385304887,24.844426821050156,42.82066485425322,60.87080394999715,43.35028428149407,32.47756035647669,16.08017552560323
2026-04-28,4.659597124817204,5.0471025627129835,3.7349995085309082,4.168447554486446,3.909501396615447,5.46593194215288,6.850522802086797,7.430537511529226,5.21762766417563,2.7775322188600726,4.479851535222099,3.6532504906815255,3.6172428992733545,3.4196979019334655,2.0137069869996016,1.6390381663088742,-0.005062492132306515,11.287930385072137,12.838981776236075,30.740873847621785,53.217859912192026,28.202818188243036,15.774894230582747,12.683322219743923
2026-04-29,7.35121690747472,7.414666544615479,5.794952496831699,5.145789074447221,4.623419414486239,6.220929696804595,6.744214528505927,3.4373767939968563,5.740494468245176,1.5301161239482588,0.756645963927649,0.949071891482846,0.151646242700639,0.5667019754761855,1.1100869032300227,1.2577137589954805,1.7905826317899536,8.474571447590824,15.648800017224993,57.10286418041757,63.62770932970221,70.11001746962604,22.594602791505842,16.2711078191059
2026-04-30,16.06471788494603,15.975437875281758,12.722082098945076,11.85176947658938,8.35688805348172,13.595588969601486,10.421753075518268,2.1843668222526524,2.862331627404692,1.4633205302004155,-0.15120683955487896,-0.0652984753278319,0.00758105070174544,-0.12404113719791511,-0.05118238480942181,0.04606876662054926,0.22492504618765022,8.202154170104835,16.247426127671307,51.3950652965835,68.73273451200542,53.759946538802566,24.344643888933636,6.901951741081651
2026-05-01,3.879000776014115,7.648450531836666,4.463985344291455,4.4739066364834175,3.4517146208175706,2.1270062117696966,2.279346991593751,0.7117654122526661,2.954793836828209,0.8437854564817368,0.499846132427646,0.5119239219694118,0.7570174291931128,0.7536393210152768,0.32149243332771027,0.5149828048106049,0.2962596071861726,11.034317813285117,11.971367093666624,24.798924250895016,41.338938097360526,30.02999270096358,10.695814315058884,7.379675087765876
2026-05-02,2.7832567944798483,2.796475842772129,3.11619760036892,3.320392006168657,3.046052620970411,2.254806103954467,1.891014734344284,1.033457280683591,0.34535154473470936,0.07228563910577321,0.24872650256018214,0.10098846468600398,0.10748823749549336,0.33910651308708495,0.46871861769320344,0.1096615908334731,0.28362698142062504,9.888730471284498,9.116914006039345,22.532479662444445,24.828602762081378,24.841873792582728,3.2252805043638353,1.3230050586844215
2026-05-03,2.5365497508290535,2.2314827519692533,2.785698578980078,2.6660720114555088,3.0936233308169063,2.6402061987455037,2.1128854237091623,1.6754272060255448,1.5746666516701329,1.3986161277740234,1.155681661596296,1.0410573954080364,1.2808352908861924,1.1877921110968719,1.3035999228364266,1.4266093511489328,1.403674289204537,13.578748187924358,15.60972710065207,17.097545794996947,22.592350839867656,17.72123933580453,1.2288890650276962,1.03690992432162
2026-05-04,3.36079598110997,3.569064167452806,2.4269428262906674,2.3009730588753285,2.8134878207394114,2.951387701789108,2.6080544404406933,3.1531193203254424,7.434723445262668,6.854331009970109,5.999415237507995,6.334218859491098,6.683446361109895,6.4243026104371195,4.243850375073186,3.4954585998892895,5.839383789506554,23.983099983171225,32.14595766327133,46.86650179588206,66.01870539219017,44.306158870724865,26.582023135653873,19.148152437226
2026-05-05,19.72599483517712,14.160861121257136,8.335893017378154,6.177002399900556,7.513351121924881,9.732362477726998,15.659458450624289,13.462558045338781,14.326805924255792,13.002434874462915,9.430426940747594,9.439629226631517,8.656157649606099,8.95479901117761,9.079468475354934,5.995803182876383,7.192651920010792,27.26893532502104,43.228452477976916,84.5820466358149,85.40709011637459,81.22836057750719,58.840211006396345,45.561431522345124
2026-05-06,21.170247046778858,17.47629198979553,15.98464146015304,13.016545441651981,12.938014854278755,15.448735408231174,17.138261474618755,13.331993458291135,28.073793943176362,29.344911847488895,18.57541765858287,18.30113983737705,16.23345416471023,16.82042817419376,15.48652164864243,16.174822668280072,15.662896891367314,47.34515201149327,62.12180895297504,83.73696397864737,85.26027722759906,83.58962944421228,60.911146267541945,34.756887755754775
2026-05-07,12.109993083710902,12.352960286167688,11.186529948088863,10.451979720940049,10.529383982454451,10.811205879685277,9.830534399259626,10.096582755336712,17.68378517071712,18.062436933657967,13.370720072289028,14.910216761846835,8.697961837839877,8.250202446969002,10.119196159523886,11.580546077661351,14.613890066046965,21.45199963332767,44.26430961742524,85.61751159009837,89.9394086838581,87.15464670859902,58.44991699570338,36.18394557723624
2026-05-08,8.868245820304468,6.360247717264649,5.229882930014281,5.463570827906522,5.39511142613724,4.932919629192263,5.404766139773652,4.427143661334234,6.342598103990179,8.101738930614111,5.855899430916649,5.797245526912013,5.2508601673513695,6.404377380498106,4.7954593587769025,4.668824329034252,8.009297559012758,44.110982387841204,45.268062872043096,74.22329133201538,75.25619633638591,76.6743142267824,39.57845130401578,18.67073138801898
2026-05-09,17.081677833565767,12.804187492912451,13.771601081782846,14.221642347222458,13.808227997754601,13.917235001979385,7.637016198642293,3.29702746117859,3.1757338333631244,2.1709959281897726,1.5590507238287377,2.360181880817536,2.7413679635096146,2.9910850393426727,3.2164619472146723,2.613755567701178,2.7863879049515523,8.232739576173948,4.128118507391686,39.50250365413952,64.79277980809859,54.4653072704365,9.98045946687089,9.381580175229855
2026-05-10,12.69386309384964,8.667290241214669,9.126805186814815,8.840370751856925,9.771983449837116,10.148482899515265,5.56828511625941,2.7850807126824875,1.2844678901822668,0.437338376141932,0.21317950217920523,0.4972296104285807,0.1924365429542773,0.014042290173140471,0.02476334938081588,1.1444931743855382,1.8217616818326074,6.14358388683469,8.804617579567633,38.362154697536454,46.23633810811672,44.04470242283458,10.670924316422779,9.619083067201789
2026-05-11,8.049970856133234,8.260840301516705,11.602494394561727,11.349811834992732,11.108283164853185,13.19163855951624,6.192911625848684,3.499402196200742,12.292349934265264,13.618818945812963,8.570593563258248,8.884605800876743,7.593501670260136,7.537179544373576,10.437764080275647,13.386156487598925,24.110181962732817,46.02524615861546,47.094240314960395,66.36370645588107,80.57505897549927,80.9766224972113,60.66880493905997,24.083232215194652
2026-05-12,11.183589245493101,9.974217276740166,6.591145664924229,6.763803802585288,10.39373087249506,10.710839731253502,9.006456839108223,5.187706929921109,4.1562394437012635,2.457013152565562,-0.48036687240323905,-0.5741625658563434,-0.37394655741265653,-0.6103860701181976,-1.0486386160355312,-0.868409678300334,1.1227118752342868,7.70820199567513,17.287570696186336,42.10214502504221,59.495705883960895,45.74725735667371,17.69235436852867,12.014282808086403
2026-05-13,3.9223299282255963,1.87763002739016,1.9497617613672107,3.2712687462262453,3.4016503522226613,3.4833048566924183,3.646017067778018,2.586682203498841,1.3270291406446284,0.6558456408598683,0.5208479190212455,0.7127049055946861,0.5321562453637727,0.8247431066813088,0.9234155100524826,1.467945164297186,1.4532522049189205,4.398457773566873,2.8411779310996947,11.03068784710514,39.36154825312678,29.346369053334964,12.741999892888746,9.04137013168451
2026-05-14,12.734178671949346,10.260331496353198,5.629872228079974,5.419489676336811,5.136781593265511,5.226671056852058,5.552936658921964,3.6587182184297253,1.1579250417739664,-0.4569901163238002,-0.29044857278583297,0.05569743884080011,0.3087238668503317,0.348878181715397,0.3916562795316919,0.5574396821803166,3.4890366807160893,9.863309031634941,22.07349501592738,67.66902519241384,85.63642120384347,79.28765749536774,51.419395421770126,22.654120171355306
2026-05-15,14.544829804990565,10.596807496368868,10.517736258657088,7.333124894336769,6.330420498358232,6.6020749589204915,5.685055472397407,3.2662810845703394,3.7416995440720675,1.6437490006621929,1.2284261525281037,1.028855229055903,0.7574243044065987,2.0554920914210952,3.6447920383379486,4.341143235120471,6.192203092951599,18.400677418336375,26.98932046283635,54.82291271910684,86.4104168037905,84.8949057894601,60.19799356904,41.729886014739975
2026-05-16,15.807460958988827,9.152114030541908,8.812185626355367,7.232582290065568,7.043928111741998,7.129356565929595,5.693372525565912,4.589119905576899,2.628023747489687,2.3876228077312245,1.0341780850906448,1.0801665995565315,-0.4007156235799862,-0.23808569486289152,0.6314066917994791,2.2048306348082933,2.323049132447635,8.238962254296093,11.236686742277367,44.659736109500926,63.07989795475078,63.907653737135625,32.376779810209094,22.400540299982676
2026-05-17,2.0277371683849745,1.7844676665585404,4.25245580455556,4.88567039027686,5.976738415524286,5.775892200547772,4.218057979894032,0.7932806127353653,0.40960291212268796,0.09758307123519756,0.26068066666853507,0.3505771505971608,0.10036069620864752,0.07201481460937537,0.32551374391267546,0.25616907131136646,0.36447296914016675,2.6912242271653612,5.132269539067831,22.388783913865872,39.89042571927036,38.39518185113717,16.41526229304583,8.660070100492588
2026-05-18,7.437584098794878,5.696979158371613,5.618511166129916,5.8141362512658405,5.081821014271768,5.7055015649300245,4.261241540264333,3.385188832739932,16.25898172408182,3.7597993972784547,1.8073794353313735,2.58594507942315,1.8106377714809458,2.2046594469069265,2.110418913696455,2.7716095449555245,4.032915492325256,19.740791756773472,29.176449314462715,61.89036087850352,89.9811527483989,78.34072431737954,39.773823481856965,19.8365918777829
2026-05-19,19.406617577415577,16.710907713316615,13.025079435737501,7.40300228099455,5.542819879441415,4.66030938291848,2.815405415819727,2.9429485064348455,3.160128700366174,2.630630199564498,1.0606737725422253,2.2927330762563045,0.746657037559628,0.7909175469083228,2.134946985964726,2.441180416781584,2.7059037001588466,15.648324156109584,37.6852794829835,81.83730035366034,92.60786276816071,85.61207886545326,45.53278304768769,38.194848972488685
2026-05-20,13.609961067873918,9.3759249962146,4.804715710138707,7.660118303874354,7.5103408942459895,3.3387459339958605,4.488413648573104,3.1177136566050203,2.5252877398480984,2.3915785208194764,0.5856508757285489,0.9494768653889348,0.5000720092071089,0.3877456216884097,1.1028430876993962,0.942336845206706,3.1246959252512854,12.848031510291735,17.591168749750512,60.979104884797685,92.02464403654741,91.96084948832804,54.62073183702771,45.89035491620743
2026-05-21,10.887527348834052,10.442147374173976,9.943490947938162,9.244066350828357,10.1502506566355,7.445134234883338,7.8169327755983256,4.871059032370935,4.551963621342323,8.492473469899634,7.356446762261728,7.2140039693258,5.980599173336338,6.9965381387797265,7.907572953715506,4.298004054797145,10.495225802279782,14.130244580196365,27.34411686784135,61.36242874757721,94.64169513910011,93.17360629620116,42.16337165687771,32.901581997242424
2026-05-22,14.81508631294302,8.656465875748369,7.565737241382507,7.5202228846393835,8.417910340630899,8.21206752137122,6.607442871696876,6.390622149238605,9.604057670127965,10.586855516212715,7.660199421390154,7.850766588968141,3.055795877559511,2.8923763310518242,6.945099241207385,7.848282383053312,11.0628446684725,37.16496452468869,44.97299866485195,82.0046650164094,92.89230838870212,89.16593809448452,39.35659249417272,22.795694996855495
2026-05-23,25.33865027857426,10.891759365503386,6.301579877287822,5.99202837383364,7.121451345758631,6.695760745327832,4.516172100323839,2.1553460396720183,0.9696536716543774,1.4321466933320603,1.0266126192651175,1.1135009180966244,0.5085437019308167,0.8962224300805459,1.4124630172253256,1.3957140203443597,2.9063783275238637,28.263030035487727,27.994719098785055,44.45754972151302,82.43583780162886,71.11361817433827,38.31567216441401,28.67738884928589
2026-05-24,14.422782601534418,5.425672494763021,4.798949036122866,4.790777225520999,5.143190949935518,4.29574838897843,1.4645723955529397,0.0983152784963827,-0.3514649004178496,-0.42554918675502496,-0.5336527979276736,-0.19390641602156114,-0.04812160215089955,-0.1450660356247088,-0.23232978922898004,-0.41980104713790395,-0.0531137741562422,2.7920666317697127,7.681580102704795,14.672051884664594,34.719230222799766,30.235685352608233,10.871726245705357,5.075462199680454
2026-05-25,4.147415280297856,4.118105591065706,4.155644779518489,5.14174948480557,4.782319596186003,4.848366030770965,3.545553326926568,2.8973981137691465,3.209360240295772,2.0593287167900622,1.9298082235856686,1.7238620133372538,0.11947810027277933,1.110067082693486,2.048451137819025,1.9142813277115862,4.228509606765759,10.266378487927897,14.490747614554769,39.70995686518964,53.23722905981059,43.90062752386127,31.659846163687504,22.50160458752965
2026-05-26,4.698904573651077,4.626859935033056,4.509599078262046,4.489359325832066,4.286335023587399,3.5651085783813903,2.312117914214232,1.3953117866444675,0.7469926501712033,0.18154162278025882,0.30402239037710727,0.9636553951987754,-0.08606948991896655,-0.10707028238392098,-0.13167400093980078,0.6336580979642037,1.6412346002503626,1.6674109634873173,4.113716186290023,11.093025303434455,28.58288350079353,24.651330069406473,12.059528092871068,9.694883594343237
2026-05-27,4.003667718528871,3.7551799287415046,4.581271893260292,4.129058260323409,4.140638431403165,3.1565103321854844,2.179939707755089,1.229281892659196,1.722860331388755,2.2735669232017672,1.7039871721330926,2.6229132416242207,1.5885114312986237,1.4096601617372209,2.5318926045576666,1.9059043522861534,3.74156048043996,10.259059930407316,13.77161277438939,22.801938442155357,34.65020860026571,28.094856425385366,19.97222270361757,9.128145436023416
2026-05-28,4.242322214296544,2.18278351442763,1.464363691763743,1.993875771026946,1.1165111412131208,0.6067608281529477,0.7210129177011548,-0.4435133702648191,2.174052428530904,1.9884909137623417,1.3669861855925352,-0.04579420954498289,-0.9742913526396869,0.1418477597935835,1.2357799322533132,0.7390338983946315,1.3314343255589383,9.7683961200176,12.57999158012517,19.140617619610637,37.3896892913036,30.135285863104436,18.72211369577645,14.443902284109205
2026-05-29,7.897446545549969,5.508078955606878,4.4119505453709,4.782109280134751,4.494571816801314,3.866271754177763,1.8233934988824416,1.0318937803744828,0.9222317667452578,0.24430916677623504,0.18249789078902195,0.169377039850174,0.362744883387176,0.41930784902113644,0.4544373827519396,1.2222393638549212,1.3901374625957124,5.640522219088684,6.9790362154914245,12.016674339187874,15.19245966593549,15.152585886082287,11.560317374241324,10.115252249688405
2026-05-30,3.8638929919454474,4.408511745196071,4.377218032520771,3.7734223165173804,4.414928786991257,4.272557599821694,2.549882727010024,1.2695618157310964,0.9506486382007084,0.8291482948727857,0.7438651086951522,0.737359952448007,0.6576865820935767,0.6588944880870552,0.6360132787102746,1.0660967587277852,0.8758254511535684,1.0641898197914494,2.588173323003937,4.41411622560579,5.20353494384931,4.735528146481684,7.012511039293163,4.469485221354297
2026-05-31,6.821658804667633,4.540260679876411,4.321481414656375,4.178742005109767,4.000817200615469,3.1794456443332018,2.078693704881183,0.07888173909454137,0.6463736775610932,-0.0739163466815822,-0.022190522636326322,0.06820604786125033,0.008802420113226924,0.002992357357916175,0.00012205140101756457,-0.026362405299398785,-0.2199426631592428,-0.3238998382199289,0.8332657322926144,4.034720971962068,12.495857944761314,9.587340540142884,8.996795334387475,8.189149790658995
2026-06-01,12.119297010824551,10.695747761845418,6.6486963498547675,6.559441568051668,7.606760703233128,8.381993587089285,2.1457999084874864,0.817388821366538,0.5984874364989095,-0.09234817641065468,-0.045149448997012995,-0.00566833108172483,0.002613353917710741,-0.3903327750099382,-0.36250864093325547,-0.47954240870350845,-0.7866175748277222,-0.5374845036078153,10.978561024699108,38.515257179672155,83.52185917088482,82.5177637191227,34.967976028747024,30.068935144588988
2026-06-02,21.406102883504122,17.293190951838213,6.82490463263144,6.389721151558916,6.141427972103303,5.414192143579426,3.160616036584285,3.1113841541566187,1.5584011680592411,0.5618462433153787,0.517245897018603,0.47938718269749603,1.2995543999896604,1.3133741516428057,1.4779110519757281,3.3185925025340963,3.315199015768473,27.406480069771614,37.463836552094854,50.7692095217183,77.80763061393012,76.37968782385227,49.24696380589268,42.30418240706096
2026-06-03,27.59029795632609,24.51293204491837,24.802752940645593,30.801362517443025,40.361386887518485,25.343080943754227,5.376604262946463,2.9786369633157244,1.7786668752275345,2.184254231380184,2.2088828481491416,1.8643384649897436,1.2919723394667242,1.8040533870139854,1.9175368405823905,3.1431630129075407,4.131635686280069,5.334423827408652,24.025961453114686,57.616430950726496,77.77998705767546,72.21962545135322,42.82943066075489,28.84558098522536
2026-06-04,22.472563054968845,8.738729857959454,7.902707798076945,5.3537956319098,4.012717794858484,2.7421888888784975,1.7749581994922958,1.7652645198072507,2.861379874806893,2.5181977561276767,0.9334110864815653,1.549946465231367,0.5050222140351127,2.393367736257389,3.226737322067166,3.386341965786549,4.454547520730284,9.18548963809199,20.98139279844539,55.78861755318581,77.1897847803895,79.38737344744372,42.13298016402406,28.427293989116304
2026-06-05,26.865623806376494,15.999651116916358,13.88572034674981,13.24736129533202,13.031073043939466,12.86301851440347,7.9916447715609795,3.1525961009174943,3.68968396809228,3.4914433257937647,3.0826335463319237,3.2470279514422185,3.356950237739188,4.033540627497671,4.58004682983355,4.962035611433907,10.159056942900454,14.841118374694846,45.05200933840461,70.8585506541595,85.75406974386857,85.43948649266041,52.72073820609043,35.066738528079796
2026-06-06,44.72746101097984,38.162827177107474,20.836719512268154,21.182263359831737,28.20544589355506,20.106481648676994,16.629275187205856,13.728580812729033,12.220889210834907,12.775804740410713,11.974210544385873,12.25060724079295,6.907857757699642,9.088403539963174,14.136074621297194,12.97110823624147,17.103739608367217,29.246366438704776,32.24583138906409,77.59702652933046,90.9006188669176,85.96459329375905,49.12540578915572,45.7509195868975
2026-06-07,40.62600760240646,25.122918684510385,12.661295540860985,19.22761046229375,23.121330837343997,15.585142553087374,7.784226579691206,4.24712762901563,4.447889370585026,3.2959552863521275,2.89024064732893,2.7493900316560587,2.6074016519489183,2.2631160816441622,2.5077025229164303,4.342611618122256,3.712055048393022,7.518255897794491,19.07636978526854,20.746582280863134,65.00506638256691,46.70360183398956,28.839680486129453,20.321683245412906
2026-06-08,16.14259747043449,10.176636942961022,7.104425167161966,6.93722008522609,7.857066820632079,6.047247338759523,2.0653777824953092,1.7031603135882227,2.531056536244596,2.315306239688215,1.4550762410976292,1.8686547632608508,0.848224715790625,1.5064945978801438,1.6973528483589668,1.879557814066516,2.432141246119324,7.687537123286995,17.60899933108373,32.63869617297004,37.94997045008617,36.996959911830594,21.85606062096307,16.43785005813284
2026-06-09,14.769967921896564,11.93799886020604,8.861578611782985,9.020579031271911,9.040577917720945,7.128785559500017,3.578659920890007,2.697804818308527,5.105518960163342,3.227238458980709,2.5257621266489054,4.870603370438314,4.356810204305712,5.599424869771166,8.181508479737891,7.885979943829864,8.046825328407792,20.198234834192974,28.497346390509023,44.618065479295,69.04574394552857,62.7726742619891,42.9881328794283,37.196568507610465
2026-06-10,41.79023746468728,28.329613182671693,17.570408568957703,17.3400634590277,17.031652711935322,9.565340611078325,7.409498557833375,5.617091878694708,11.470857339632467,9.17923599633298,7.217998995962694,7.462595673043472,4.684331374133741,7.711167233891346,10.294799118545464,11.433462878553549,23.30504818182896,39.79471616973652,43.211847864940054,70.68787533220137,87.22873380442728,89.14911232283323,59.19141762535606,45.991316189101184
2026-06-11,58.38271596331097,48.64288862359288,24.06550252702993,34.37527296692591,36.76585323540261,31.424217251616753,16.790116021580456,14.115740930439195,19.90432076647847,20.008082144813105,21.59589063071835,22.40469410736934,13.791617883250089,21.6106929056434,18.856163909072887,25.004777559625133,50.66875184783505,69.53938516735023,76.33129544003371,82.98980398224104,85.14426191866363,84.55446414143897,70.65180466663483,59.30192874268917
2026-06-12,54.8705402655585,41.31607096603131,24.3438944771033,37.94410862209865,38.65481699076009,20.27838419295557,14.476133640049465,9.333980222275136,15.431307378950102,12.403178813212813,11.053413517865126,12.470072383416102,6.325845307409325,9.571963211118026,17.68807036018302,21.328894101350357,18.72389525076397,43.81497838783575,69.12506959352321,83.21541804745917,84.8699528343077,86.44776490717867,56.06857337753844,47.822323441017446
2026-06-13,45.64725899956245,20.334098684707197,17.745551772402845,15.44431848567247,12.928360776517213,24.44859974186768,22.102573936161495,4.5943339734161475,5.637318241712327,4.715566462669322,2.478968024972874,3.218376905207187,2.142622832253634,1.7436156549457231,6.145985112849159,5.9191579431394965,9.181555240482421,25.664226318795162,29.412603903516434,53.844885540163176,68.22797962978751,65.50489080472235,46.510319397139966,28.433364527672627
2026-06-14,22.905661708448626,18.112497792452807,13.878139353717126,17.787089478743,17.81848659776275,14.409432775414757,9.870758089415014,2.4132167129860513,0.17402834017221866,0.07205134123991516,0.13004231223855947,0.5547742197138043,0.6614524294530068,1.222828224256511,2.1280047759704632,7.906167070142273,6.97143692391643,13.001283337589397,21.278521553373913,34.49830827980143,62.30393255293842,61.60371327808922,44.21923279764398,30.198060202079287
2026-06-15,23.007233569670483,18.802283573606665,12.236013017664648,13.775631037202675,12.631006121097066,9.811015929896099,5.786248897960271,5.589289398530373,7.607407494143028,5.762069098982995,3.933944888220857,4.604783931863371,4.076557182869278,4.630517334380644,10.95624115746511,14.40645179965641,22.604418680582352,26.303399741635424,47.096679530171585,73.99913398212675,85.16743228082755,85.66161603679751,68.83276342454255,56.05807453884551
2026-06-16,37.63831655454926,30.879573466228937,27.01380329136214,28.635361244456206,28.75208981070011,24.538619243531794,20.13350324625217,10.759579005859473,17.45379625158416,14.564725271939215,13.340564339523137,15.068947028768347,10.094459289882908,16.7431792595462,20.092110451226734,22.662235575760096,34.876065192307415,26.438530526700394,42.85190697162921,54.559356732447654,79.48393268712769,79.6654821076548,53.950460086363144,41.44776693983551
2026-06-17,41.430882923496085,34.95131442051759,20.681357164860934,33.21626708169628,26.916836795912502,23.05452563351771,14.943363578464613,8.978800439430294,13.89451661954569,12.057964115599873,5.86956672203486,5.737725794944393,3.6447642974932317,5.561087426585803,7.302420274614877,13.701401642127275,26.256980655279968,29.367049959609727,42.87240391631669,83.23948359178362,89.70894513336434,85.91191929248161,51.25709331481637,41.1571345575942
2026-06-18,33.70284373038138,19.11307062547453,13.678939398953585,13.604502981818875,14.268096877185632,11.356052556303997,5.836604398823466,2.581744467481104,7.970337670996691,7.571425722623697,5.427092059381434,5.56344328649747,3.9010136447715635,4.322186994514505,7.197259693963765,10.054513303362285,16.396688827059233,20.912344474549403,34.17751070376193,42.54709821891523,73.57279864395737,76.25861688216912,42.4650736104145,29.408139221362674
2026-06-19,22.366851349625655,12.706868394633526,11.80613626013797,13.660522037174069,9.39745201370225,7.859965372986795,6.386060613263398,3.5174968448479795,5.991614642992858,4.107928112129478,3.599175573790762,3.2893850398884164,2.9511533525120517,3.095405314142873,3.958614691198356,6.19932634252396,10.518840787737547,16.289329781969528,20.096023905002152,31.26684192995213,39.31035385547841,43.251262415218854,31.191350598156987,26.18089879858812
2026-06-20,19.30233316145448,13.47632597149845,11.594300916738339,12.410269862046642,11.919468293361081,12.349675025011289,5.214141696441729,5.298709963964703,6.940483984419583,6.010909870028899,5.964315706604453,3.075657006294799,2.7914007042693427,3.4559907717454417,9.477814608380433,7.897525447912889,8.612728566323105,12.979778916275597,17.601684800261012,37.44232717022618,43.74958993766771,40.94776701922933,21.615307500934485,16.551123521011103
2026-06-21,12.695642546997199,7.0946724776005405,8.868569864089364,8.644612676181666,9.303631949356468,7.812848310551541,4.919139715004164,1.8767951203974373,0.1568248053372144,-0.03099706108211303,0.05881099893905661,0.132932811870977,0.6222327295014991,0.32468255481138836,0.11648294200842536,-0.11264143138726325,0.5467201488509632,6.228080410979639,8.95409626580884,15.049806588871869,25.83437638790336,24.013024539663004,8.233742606857687,12.514561695171768
2026-06-22,16.25488518333899,14.039227109681136,8.342025553871798,11.970245930724092,7.182519934314213,5.059248655838749,2.9843061981046883,3.3324228170031605,4.518886612375609,3.917384282025544,3.502287981561777,2.45624211325836,2.228164477945304,3.381697717424864,3.8042616772734066,4.482292370516656,6.2975594095473895,22.120724705796352,41.72005819829891,56.62807343176751,54.35796763410346,40.46720438165598,31.87132070524353,24.157235510236617
2026-06-23,32.01737531171342,24.872294238830598,20.10301534951589,17.12309124044798,18.117561214246336,14.957245378761499,7.622524375377457,4.093383300743839,6.710522124292753,6.468422250599733,4.235723008374055,4.475267183644727,3.6150209467481162,4.206788864439821,5.97882518940687,8.770612309667781,17.97900956718437,35.18584407649673,44.42667122230593,54.71083525211635,71.65335263914075,74.92770746414989,58.20373267922351,50.34281688867139
2026-06-24,45.52725314979023,40.31030735508841,40.286956674219404,37.26640063572924,36.35014672234751,33.74300470415643,19.573039668976964,11.77943164011671,16.431891231865542,14.834118476300159,11.55862243699378,10.836899149574872,6.653443643249807,10.577228414602745,14.665173747867847,18.727050274426787,22.88026891451626,40.10839145923923,44.55785503514671,66.44733672466604,84.32479123635336,84.482592547303,61.840696432847665,47.868625037146906
2026-06-25,55.638661497719454,53.32813103003874,44.944585145191475,43.55491225726797,40.24938553364658,39.48793773374398,32.78859608372568,21.311081077304735,32.09944479701252,23.29921618643227,17.559497200771858,9.696526028649286,6.106920872397149,9.972096551742682,16.273435396463537,23.240462600703133,10.763718309329786,41.54686689037512,59.17277748314439,78.05862183050421,84.17716811077979,85.81662755120647,71.56610352765975,60.68151799134105
2026-06-26,48.19448021353594,47.73010793272266,41.02382628953879,38.725098548365644,35.70265484107311,36.631346234689445,35.56994787987939,8.053900495393389,32.8754235984859,23.151375615046195,11.967299206679018,11.690262801680449,6.33934412134792,6.089801923503385,9.599028653952194,10.249156462293858,23.54365863540589,40.247118227088535,51.15799372635649,71.86953781967902,82.45878353978502,78.9418343129131,46.97800982435182,41.3210187520263
2026-06-27,33.9686701407471,29.300792710180758,35.73382527369606,34.12841995480292,34.35267848465571,33.33332758258834,12.74835013324044,5.218651956955244,13.690241098657282,4.804620139271433,3.281177977694062,4.523462771555894,2.3174398943676184,3.0370465390379424,5.143094032943342,16.97407631571716,13.90506681613016,21.317502010867432,26.653931214529308,38.746161137179676,52.03120618155971,53.91118250605304,37.49940633266633,36.818563512485845
2026-06-28,36.27382026545802,35.18647406131489,34.4356008424734,34.44597409864783,34.886924743908494,29.897822670264627,5.55828894073117,1.6882507910804903,0.4889018430870513,-0.21513286626874503,0.2058612982510357,0.3496372947120354,0.25118516690894144,0.3395433177485302,0.24067746542800209,0.9052450255824126,2.0881085912152573,6.945058570133602,20.9998853899528,38.517768257814716,52.520632710394906,46.82412200812637,37.5022093551919,17.992721219849432
2026-06-29,31.376477076275005,31.09109997100233,31.96233028082052,34.04561088959221,33.86491088770709,24.598803451431955,16.052697752536442,5.928519597492543,12.861358666309625,12.771125589786312,5.07284889215749,4.984761855005766,3.9837232344214955,4.0082818633618915,8.02411972223638,7.717560596891546,15.449987644868791,27.95897831893526,32.091323696331216,56.1676888063595,64.44387564878797,65.76253124285243,45.669320784914746,50.82872503394535
2026-06-30,40.94175523470364,41.96286181032726,42.45319702694513,39.20900266214355,41.55115688420245,40.17679477219289,26.24082281621875,19.198201611957362,28.730238074687474,29.265893521626946,25.44986468847161,18.731340309462414,17.02268713005727,22.531567733336107,25.691769259269655,17.410072002875538,23.23110239954363,46.51534759257812,51.040451251992636,78.09101115361115,88.83040046379935,89.97958603242662,71.34914304964616,70.18281341118555
2026-07-01,65.47564630723605,61.05453906813465,57.387066739909166,58.339054675745906,56.18826765525901,45.78306944593796,48.32861541252446,27.31279295236327,45.361117406905386,36.06748097791036,37.712116066013806,38.25906118190857,21.349149105961196,37.55057863531245,42.6006742936332,40.21356158807502,44.98055996842306,63.35168705704533,75.45741129382888,83.58318061349269,88.63438010844736,87.92301134297409,82.27603540455384,81.63532201035764
2026-07-02,91.12912161730122,73.21082176745924,68.4798432104725,66.06711673026476,65.16790438492961,65.29318197471285,58.47836533363632,25.818874930057433,49.47672319893803,53.530830947235835,51.02061090333628,52.37391188035686,49.765190294306315,54.03843972933784,59.42797357006522,56.12820176615118,69.97909140767324,84.06832164201515,88.39504096721367,90.64974332903232,95.18180157583747,94.76145768306046,87.13978946925663,83.07001912659238
2026-07-03,80.89379821350701,75.97322394544771,68.95927284968377,70.02883013324666,69.00260628528756,68.1204908491295,68.55199738170445,55.25603875233689,63.908224639025825,66.81130645990683,53.476043276785774,53.952310741228594,50.33710447369062,56.70293365170409,57.13968376846502,55.90543000999045,61.40844386929998,75.94612624157793,73.8478412228128,87.1559484158109,92.03764217105571,91.6469609115771,80.86253922219359,79.1294604861315
2026-07-04,73.31455415803036,71.47593459181653,70.95566362609019,70.29148128906597,75.59552591084821,64.79711144427988,56.61657986089153,40.32280091474076,40.84669191332506,36.622105157764366,42.28975246583995,38.281961774093546,45.98426683880447,47.953477524186845,41.27937070885053,49.199978348240414,47.63950610136953,64.46924385653317,65.99490737792725,74.0235753512978,84.9754964208543,81.91882989852448,60.21657055251125,61.69380960734373
2026-07-05,48.228858742706976,39.826992368762724,42.254572092399066,45.70383736132139,38.5836778804334,32.454399659969205,30.149386963344334,26.35753897188288,16.31035522065893,23.55146913887213,23.246186101055734,23.094575717916612,10.12181884173117,23.149285315625608,23.513350461426583,22.79634894602884,12.45239693713054,19.52717505099152,32.05902026653883,39.76049359708614,59.34138284505742,62.04812821185818,47.202191826001275,38.586456204577736
2026-07-06,51.09584303594622,43.997581836460036,41.33485684353896,42.07183376273218,41.28599602005627,39.90563183786015,42.56951398733633,13.46236072374121,18.0977615528158,22.9341492427667,22.09627859684517,22.97156473769718,21.828617029832614,25.204992634930186,27.547593968123813,28.927745164035866,28.08175201919276,39.56918096055724,70.26605073701529,79.49192086769666,80.90086303571768,80.05015809325516,75.4486876843892,71.63951268513681
2026-07-07,64.90536115631335,64.82302569143789,57.83993827214865,53.459638477620096,57.425164162635156,47.554079662092896,39.89677521030172,25.083298969393677,52.34341381321841,46.958251332145565,38.01630505708637,39.43062482580785,24.759488464972208,39.53212905606829,46.521961702417656,54.27344895726546,58.226858523665385,63.72608001165934,71.20345182047056,81.79337831320328,89.06516468716742,89.6866110818083,82.56317891979947,78.54542069713841
2026-07-08,76.45786780827659,76.56458806446392,73.27145100590062,71.32406448150586,70.67276049888835,65.92752101920202,61.513226028051406,51.11420986041036,61.74281902972142,58.50289055954823,48.50010588858423,49.88465026874111,45.089619599872904,52.09243107689792,58.583506279506665,62.2434812519631,70.85956806666101,74.7951490286233,75.14480814476465,78.16787990231758,91.61869620428487,91.9934049919162,82.72503234185722,74.435439069546
2026-07-09,73.77992846125493,68.31139913180708,66.03562636664186,67.72115798118148,69.48732268021155,67.57588722927376,54.80115252256778,45.25220971422936,64.41492257229488,49.59924807296308,33.915019662629426,33.92147728107656,21.16054254789245,33.575141092498455,39.62867989642368,45.27419513239146,56.82654305811373,71.05345613303349,68.49263973527839,78.17831176737813,90.72529693472036,91.1705406502396,78.62568934743736,66.55500103220331
2026-07-10,72.08379205397762,72.67331043848701,69.60766455504293,68.72540624157611,74.38235437882456,68.5262924012288,59.7709255708708,48.60358466726695,67.7479526838368,61.54899226350016,48.63868429681676,44.812880709227656,37.907403682896664,48.137439387334844,58.36102803503287,61.503360126310895,66.51876952245564,71.57617348254826,72.44542842842155,74.43466851251186,89.82841373508688,89.899465870342,74.10425749268455,70.24649554073204
2026-07-11,72.2978884057524,73.05306242311923,71.76139902466012,75.17454991967277,77.14501112767512,64.6765124560958,54.76359279988791,39.685568080150084,48.856559676630596,47.82593374373994,41.318112703855924,38.960396255365985,30.22581219727861,34.440116304725436,42.29916378394535,43.170527799182146,49.93848711779461,49.102599016307295,57.53115510719604,68.19036637524009,90.11789194982241,80.67421581480036,73.42771765366767,68.63199008672265
2026-07-12,69.79819015517592,68.92699165960553,64.32017011644537,60.6207529194167,48.58597911165016,40.531531889769234,35.234461552636596,18.727403807414536,29.062689435827263,28.071127152191565,19.599251445087653,19.774518158654733,10.80570743757975,14.690685190647654,19.914698308879178,15.246896887076808,17.168680873608974,37.239642970734586,56.3488520574104,66.63718492996341,87.57337877714134,90.05646192698174,68.92384358031441,62.283480285520504
2026-07-13,70.02359652458514,72.5743119877641,70.97054211421215,64.45116014250077,60.265038895993385,51.04234607719017,44.82305511480466,33.322898105772225,29.99458507813475,26.68326078521323,27.73371245663875,27.403132337101976,24.629174715345894,26.817770935748083,31.826558543824422,32.840005744461806,32.96270190364297,58.25279166367572,69.97813397026667,75.08041475963387,90.43618291316079,89.8623341712052,77.05084476716557,75.45295010605128
2026-07-14,66.93622999214979,70.5790984897695,69.06026577746842,69.49907460746232,66.83788352110523,60.70580861342486,38.872473183212755,27.085917125941428,48.35965836339887,39.98533355386136,30.52670630218163,34.383981993933375,29.024515956745347,34.63735822097626,42.05544362034388,43.23857844648604,49.88161320585106,65.59231107325391,65.87798128546876,73.89968249229393,91.2114228476576,92.53577133393192,76.63135714760509,69.90121379890424
2026-07-15,57.53148797635217,54.720793328819184,55.681387054563324,54.61368982678223,54.040159343994056,49.51349196778483,37.82014038349969,23.863365392189266,38.7598047449919,33.17984300874551,22.29267640127888,22.047165938339177,18.866020126834453,22.242669390030024,26.46199916710447,34.48515447930956,48.43121883334821,52.5766534191428,56.34759409366307,67.44290278491508,81.9822855987336,81.86175008312796,67.17793611132933,60.4478942488556
2026-07-16,65.22588342595611,64.3874880150271,62.16768005838124,63.95933228514712,67.10276280451785,54.34964516836374,49.244225293594695,27.819808321033992,47.08760328079674,40.15719123316241,23.622936012551605,28.461926388475877,18.032744954167786,30.338917754263846,40.74702384676489,41.01198652940148,41.682938398904724,57.75747640346528,58.275161954616166,67.97538019623285,82.93167645079532,81.53483738420088,65.33537082595812,56.36133052092554
2026-07-17,67.22714790883308,69.73672825601274,65.17010604849236,62.90231289650849,64.86396646137345,60.07416659340729,45.56507735042131,38.10274299867574,51.63443560070002,43.71303904656298,33.43219303912324,28.814312246159144,22.172876704390916,33.87272506198087,43.683601528496325,47.080363670516704,54.63851795683393,65.87371224549318,62.99552509975709,82.3471255803161,94.40518833953355,92.65967966652106,67.98013828709865,64.45488792696287
2026-07-18,72.50626053649766,70.30098946914714,69.77062679412485,68.97606787051959,70.92914037790649,63.4685008295749,51.02280485508831,21.815365789483273,37.94421544970397,30.815667248666262,30.449778740163886,24.783210339399666,20.35809580760858,25.843814052429043,36.3511609469219,33.397376838263504,39.44403034596023,59.870823190641204,64.79258675605887,73.64193345679807,95.07347088316325,94.62468279465106,78.2460264142827,69.79255665249744
2026-07-19,75.2023987569884,73.6861934943438,73.62832736001144,74.02496077300668,69.04192082307218,60.6953036201965,46.8207079718504,28.695831425964627,31.8917726812808,17.87724334412626,13.10957862572364,11.84642161680439,14.953918503083685,14.025547053218265,13.956206072589287,13.792842043879725,18.420538770945047,51.19212099572441,65.66453561492862,75.975131290562,94.0949899043208,93.71278328630366,79.35443240757083,73.47957625052652
2026-07-20,78.4146534400222,71.84385277932192,71.74856659709278,72.89047985938237,71.61065328199932,69.28884327696706,58.64932464176679,42.58681915322564,38.38233878905773,42.74517420071668,34.654936688527236,35.889241392964045,33.248520487386834,49.607359078322624,55.48260444390143,46.48619542219196,63.327444832007494,70.25568398646513,71.93850693580498,82.22678970632757,93.76200771022677,94.26141500962355,80.09120736341919,77.1201714420665
2026-07-21,82.6291147651298,75.17678644536944,69.96448005846166,74.43477887014765,74.00732277476989,71.4032756969195,57.68052266605795,47.08532791806038,62.51139781497576,64.8111990681973,48.01012571762362,49.08033919254229,38.77177069879223,45.33286722604403,53.66043169471607,54.08427069573677,62.34129170049551,71.09726944727294,70.83760668899284,85.93900286666803,92.12455251149801,92.72651459122667,78.08839180826294,71.44774812785157
2026-07-22,80.19591494716069,79.37166735941092,75.27325124133446,74.3244365919676,74.16428079282251,68.88929107384125,56.38858879321111,37.966345795841164,51.24530755936499,40.012115700097354,35.23675041496989,36.31690993734617,24.812788530361782,38.15988684612618,54.38238591731798,59.27237469820115,61.7134044337484,73.6128688039809,73.88607059495101,88.46036429908415,93.33762256912213,92.32962122404611,78.39293623032596,71.03665070326646
2026-07-23,82.35523370870362,77.80267700225498,74.86948473760654,73.98691132099266,75.98895056328715,73.2050095455144,61.840338944135674,48.47160774528841,61.05954052223959,60.71787136993996,50.725699942482926,45.854611752793275,39.810565233816334,44.66144328328076,56.493986620643135,58.80966851236786,68.76990047754651,70.99008868005195,72.1401462535914,85.95201949393255,90.19159925406969,89.82439735001539,84.64586473051764,73.62527904273969
2026-07-24,81.90734947938873,71.934524056354,65.6456505167354,71.4897721405628,73.57723441786692,72.7801574955364,65.00042566658311,54.53051006485492,70.07815062334562,66.30242718430526,56.29005231778064,41.51682592747348,34.13329696793541,43.164863229499204,50.25657479349973,60.60304818690083,67.34795111997451,73.49460911808858,70.99696875048423,77.50445042946082,91.12200605619856,91.40642612612491,81.84091711645972,72.4706369654443
2026-07-25,72.005077355394,70.47887601872921,69.3555933419635,69.68585400719165,69.06912631824956,68.05188521783232,57.993517226006276,43.78959538688303,52.73158936819249,45.914504918511504,35.43758928425588,33.61570785226606,29.8685112415425,32.54691990700127,36.14626579987323,39.91972962544259,40.993990810454626,69.31534694750952,71.94557479015387,79.3111438491809,90.63087931855094,82.34652001964322,75.54082167658557,70.69223670454004
2026-07-26,71.46693261565456,72.16277794040306,71.22666832054581,71.65400934613581,71.23815364459115,66.79925864780422,58.05798420106988,45.3130933234123,37.513233015534496,35.16963611206343,28.872997532234784,28.386233452080695,28.502541542722636,32.16315713626179,21.871308788803635,23.978872818712002,42.365768074474865,63.07849629285744,66.18635098037217,77.07627819800368,81.76380422208274,83.10527609402098,77.35106040290162,76.3989053865562
2026-07-27,76.60345315529207,74.69450539275293,72.78065272523249,74.71024604628583,74.767284135683,73.47189842338906,60.31788667472071,54.066863114536375,63.63171485557219,46.42042752283246,46.04200193568997,45.503450122288086,42.12104596665346,45.46067158400458,49.561989654780504,70.81327226890707,50.55764943574538,76.37689994297662,75.21757098970342,90.55833773763614,85.49819119100485,82.1499379104808,80.06580997631966,72.95337251279999
2026-07-28,77.16492118344776,74.58588626086919,71.15471796849629,68.88799832363217,70.09763197122827,69.22539526560081,60.5952045221115,44.748135945042605,65.66450196011262,57.250058757818344,50.22768527380815,45.63135199131976,29.411935075476364,39.54064888925876,46.698167571048366,43.637278348584644,53.73496959475056,66.88202158703369,68.50847063460705,91.78548079978458,94.3495056125522,93.71146308102041,79.6498038222878,74.32415921715288
2026-07-29,70.86332384778137,65.74693985655296,62.73188566061012,66.21938249481438,63.33155029711015,63.330928300224706,56.32383997233405,45.1423303573553,48.655238690397645,38.12566634252174,29.218557112911522,32.42141987533227,18.9334216464736,29.873449672107625,31.24593369631928,23.093404577005476,41.320679856953255,59.67958279857157,62.753702946177306,76.67819925295733,80.63562690575621,80.18123343652698,69.02345949853144,62.584687469714886
2026-07-30,55.754353584550714,43.35532687599559,41.60215879557111,46.044567681399705,49.624047201784954,46.28693475779799,39.56303631268658,32.81345057285469,34.1330499324902,28.25091666902026,19.56606078228994,20.843030536620777,14.737316694191392,21.022790464177035,31.08928832831023,26.34259731054517,31.80719216529176,48.39793437323372,52.56227644102004,70.77592213546826,81.72567996267769,79.09820141379095,60.43899395251127,52.44993250895306
2026-07-31,54.47470852627864,49.9070324756008,49.46671182121797,49.659732595238665,44.90426558673679,42.92063193110761,47.80502532422732,30.888019047463917,43.36979623273923,30.9290233673931,30.101502859890772,29.823931099743795,18.029677052484434,24.996144716785892,27.54295401056474,31.762689193922462,31.32404905822744,47.54857281623206,55.15172191579909,81.89467162925511,90.62082301149839,86.1063194179487,65.16631988978494,59.57421797247926
2026-08-01,49.48750418546296,43.61135756675651,37.929579208817394,38.743909430156734,41.067154484959666,42.16373703056154,41.70053418520843,26.24304136035499,40.15705852863501,32.41711862330934,31.67582046291735,23.964249805222316,16.042033161559342,18.299890391694753,23.732512973286454,24.902677974125055,25.760626247314995,42.98085583927247,58.221421335473345,73.98881531672019,79.67744817082487,72.81726320379406,61.32011234071585,56.68533903292141
2026-08-02,62.4960590713423,58.65575817579989,54.26577518421565,51.52609575079461,51.638907230196715,51.13641194453013,48.20057959940121,34.73325151408969,19.5886916667103,18.724732472060357,7.788164415232804,9.084940865539377,5.70406998294551,17.779961919132734,21.577297143210007,19.44328736462982,21.791925504325555,40.71418319371648,55.32663651276337,78.18538354035115,88.5571059719714,87.154032227922,73.72520721126676,65.28630805091358
2026-08-03,74.15980803082265,69.09744457200166,67.05422098327814,64.80673758976988,65.51335152627999,65.6700511829471,59.46632306557398,36.4245069612739,46.88326563948196,37.573757470160494,36.301065056493684,33.81817664684802,30.69684800861644,35.2571931034498,44.78681338097468,48.037186332511084,60.33562586089152,61.227704906489826,69.34490113043786,81.59853015643318,85.3317918656249,87.57104895776386,77.96842838805576,76.35997015692375
2026-08-04,71.78613027034112,69.25204365355027,66.43677905981117,67.61587653814951,67.256934640626,66.38607978951822,61.096474723580954,48.88853959028109,60.728732219516026,56.320632957174446,47.661663023840426,50.396142997920045,36.295135144664506,41.72422399576446,48.82977837379671,54.0131115567089,63.61518337642747,69.83848575027604,75.67041569335993,86.90698620221163,89.88548152816904,90.19220960781078,69.72114396799492,68.3690596851164
2026-08-05,70.77599680456566,69.01041734982391,69.39763404086985,69.96007449918847,69.459934415137,65.8092121437953,57.085057067532894,50.64752041900337,63.79714937434309,61.56158112292977,40.070669657535504,39.3187191263373,32.0834429793588,41.41238425075155,40.494597580722356,47.75074153699256,56.98980440338284,71.76345639650339,72.32322461036462,92.66491208080159,93.11175074034779,92.93246032504447,76.84744961726031,72.14064243887596
2026-08-06,72.88758346006146,72.5351106576439,72.31634426505079,71.69843710270231,70.24063574791693,70.30426614950181,65.94480344059008,57.745273846161076,69.02563070873248,64.68599637105196,43.88027075054883,43.908079083427516,34.949212402143154,46.68262815294621,48.035772750529944,53.62299082558802,63.85230369460461,74.5785037856246,72.09477496827348,84.17349202081327,90.6422428945604,89.68106334414149,75.27229541250271,72.58253193531246
2026-08-07,74.70482283429732,70.64986664806767,69.95995894902877,72.60087411338611,73.45377228401702,73.18502739322113,68.28681677876723,58.69033333059661,74.97927658242719,74.22681832177321,63.21365234452081,56.48383700003294,41.73883097238853,57.52445492869365,58.66202181977431,65.23656313502576,71.61674546791726,83.14073229392982,75.7126107625836,90.47553939280557,92.24823448633975,91.34674221866653,79.6547469429659,74.26557113074738
2026-08-08,75.83020273634071,72.04656821848154,71.58325402480276,71.63152814926418,71.43895551773157,72.6310643871317,65.1832184456185,45.50246860835484,48.55861026808529,44.07460778463286,41.435537361751884,41.67661982867253,26.022660841966445,42.52245103010739,46.329752188381725,48.99901265154286,53.45555660671568,68.20103150124672,69.86445967598242,87.38765903101917,89.11853994339137,88.03196666686794,76.66560010674623,70.51168266067798
2026-08-09,73.05022434537395,70.07528320829735,65.5145325800353,66.4566596130549,64.10489966762786,55.81880894878646,50.9590960598831,34.80690490341855,16.169439579436588,15.058005952162299,10.829100483220932,12.368909052184616,8.248548314407394,14.871923623786763,20.36330187954451,26.263119872132425,27.4617932506753,41.05529233733666,61.30928067426405,72.69324567427897,80.45154309779225,75.14926371279329,69.51683112202905,68.18278909587404
2026-08-10,70.33569905021126,62.39310667448608,57.735427804340176,50.85164893403155,50.82405553054769,50.21408616441632,45.3301577427907,35.16645976416941,43.12475193710689,39.06047381242708,33.82845968662833,20.85564109238123,18.138108617082825,22.742742420586403,24.32846320019351,27.4410283579774,31.429506163151256,58.00590536193636,78.99726527128932,89.22797522818264,87.77672316131039,88.88795493534506,75.66526418643063,73.22634225083415
2026-08-11,67.09876636808369,60.49649827966475,48.79316692931633,45.320945728061375,50.31141385913071,50.11307927779699,43.44804754493049,39.50939955804963,47.642818814917774,43.93022576244097,36.38798474022648,38.53706780753581,33.96537708394988,45.54297728759779,51.735603206316654,49.71150428579452,65.73767019729492,74.95358638887473,74.52857023740974,84.82678012978562,90.53810864568895,85.96848552847354,76.86503705809652,73.69537702657878
2026-08-12,74.8873841319326,69.33240961087152,68.78690983055701,64.94185353320688,64.0776031251894,65.88974421107307,66.8899649758568,59.081143682073794,67.58474755018594,67.29251011262275,59.2691304057369,55.94666163753244,40.91027908965566,56.40956760936965,60.29918682852538,60.28783087650528,64.84572090212905,78.42510724790716,75.67536742156008,84.32355633515175,90.23972165704073,85.73008092248106,74.38679903023997,73.11515450816813
2026-08-13,73.16837608061263,70.06863481980582,69.14516932877393,68.670668304044,67.3293148787403,67.81457000827638,62.2095342739505,51.08802784578108,65.34132362081816,57.32139314532487,45.43542029872107,47.41344949779381,27.018107709817727,49.64922443589135,48.1314177231079,49.90645202014491,55.53347350831419,70.15958201146066,75.16010513130013,80.73882318093597,85.69452099903835,81.79794370160361,74.59182996411434,71.95966091343466
2026-08-14,67.3472360042562,59.868358980076756,53.02590455667143,49.54834066531667,45.22735808952501,46.28103900314137,44.884760457575005,33.381280848739486,48.7115048745623,43.10849968091206,38.00423153061337,36.27109458594919,21.7533920827326,37.95103528655763,43.778750530397325,44.6644128122648,45.576685050444226,62.59803155353842,61.40175701551208,79.40706791235745,86.35636283473296,80.38565559163592,69.86185043857668,59.118783725228006
2026-08-15,71.76443421024734,62.53725474943377,50.000340719656,46.12730675126648,45.13658897952167,46.17570646663944,50.518091147667775,27.986657505965738,39.37723993580875,33.14185792653711,25.495856874757067,25.426710959413928,24.419450700205612,25.351741396742767,24.65585046979216,29.28684502486971,31.921534830793487,49.29647358711686,66.29853596056499,79.29580712216098,82.03943632150786,76.21514871901319,70.21035819164267,69.01821498315833
2026-08-16,72.00706245150766,66.55660982843388,51.3093965471379,51.558320439286845,52.58100107771865,52.305556068015946,47.02870904272544,26.711655788806837,22.111240804661154,17.142969186050234,6.691284077351316,12.193157455053203,11.393612118838313,19.982475927983163,23.593895813027988,22.115166055235797,26.91831606717608,46.483549701046314,64.5463551432849,75.03379929555477,82.4653394683273,80.70600656546723,71.95767031378182,67.429378590107
2026-08-17,72.82687978479927,70.06505057531527,66.8114036113619,69.8378058390848,73.03879852075265,73.47426617720359,66.80290040028112,57.84127202906244,51.81424057642276,50.27453119930182,47.21762284247422,49.14695059179346,46.468908415467595,56.49728385000145,69.75328084840294,62.46726000165691,68.62087485915632,78.16820894080738,76.0737531335276,79.91168873073511,84.2847159768242,83.18072236093408,79.25385710126461,77.17700331313786
2026-08-18,76.65340952565938,73.57372693004615,71.24898069260246,69.22923130425698,68.48858955080104,68.85119964056315,68.94204113895987,61.76820549773206,66.01451125232694,64.19839584561291,60.75274747802476,61.58095534793912,52.69923402314999,61.49758814746303,63.974579841784255,67.12041251201701,68.81974631057393,76.87795540066347,76.5332900254961,89.24277011777868,91.36315240367693,87.99601246286137,78.3957481711982,75.41282527242225
2026-08-19,79.38119860948929,74.15912458567009,72.32688314390928,71.32014701099763,69.16595562460861,69.50354971094926,67.93718680473067,64.76721464400968,74.41477958719727,66.40284827086263,51.608712315292465,51.90507317631688,35.81373785460356,52.982472558106025,61.73076685798679,63.734402698050765,69.5648273256918,78.7593844842595,76.51119883537675,88.70019142160642,92.42291497290469,88.11590610467941,73.46446956582972,71.87114373547428
2026-08-20,72.91327986537617,71.47763537980711,68.41893304486358,68.54707691637593,68.84959431524503,70.37335608086647,71.03273213531403,59.692793049084436,66.40999958264487,57.1618003332764,39.61915216720863,40.35838216159351,28.853343689068815,46.49816639019423,55.94750855869081,47.5828922093252,62.75447624216092,77.39948491495167,73.75622285429353,87.23537426579826,88.22835098127472,81.09174440435909,68.87727974971058,67.20249597221742
2026-08-21,72.69306200466096,67.06984270780343,66.2904380630818,66.29603047453345,62.67626556979349,66.21909999740414,63.32443772189629,55.219527522992635,61.91678587253609,57.58782534650179,49.717371303628205,42.83313786639037,31.815302001577088,43.29735113036447,54.32753895607116,64.43993820992324,68.27140524235045,75.62139286252561,74.46842054866192,87.85443739837751,90.61818209985069,81.71261176162929,72.53764116393461,71.64469461944302
2026-08-22,75.8698087525425,73.37014619265976,69.41463174535356,65.99680922189462,67.25927862676394,69.65052025219066,68.7859470603965,49.85246286366113,48.93180952156487,42.035559971900895,37.115204516665344,38.877515951918866,27.584231961407603,36.01380424461379,49.22679845801481,50.030024203562625,65.35748984778928,73.9259296120555,73.46032765232695,86.05753669228665,88.40620310339469,86.75835869481489,74.80365053679888,73.04196490538324
2026-08-23,75.12828367286762,73.36631270820244,70.53314601915251,71.89633172076024,69.22563821484938,72.89961810713964,72.1711285670314,49.539075149570344,36.08704285009373,26.222701199373425,27.093378391953276,28.30599685893389,30.076161505045423,34.050169060442556,29.98843900202103,31.65534740437293,35.374027107745555,57.370783128053375,70.45489398449847,75.77155852153516,87.55750380202346,81.54221973274532,71.06108887241983,70.76614876801158
2026-08-24,67.77104971592733,65.24585755747452,63.60691474819963,64.2867917229346,65.23595822734072,65.59307320649847,64.38586205988297,44.12588083998225,46.21266079864303,43.59172599874874,33.689196783128246,35.285690491505065,30.51608623642788,25.51414690156358,34.33888178747781,40.57574329234158,48.396482399984954,67.76456647318447,72.7448709408079,83.97529118410641,85.0793947922591,84.10973299398928,72.7206200420486,70.00309673176822
2026-08-25,62.496229256378925,61.47336145714777,56.75688577338995,49.46377631666769,50.47281219584825,59.5085009224682,53.79997371896694,37.21691689939061,55.70208414416566,50.75549494585107,45.24304362852135,46.72991478741983,28.449700245069693,50.329480631430535,57.882674282691724,59.89330098301844,68.417793115337,78.45421968617246,78.2160204544035,87.61595189911067,88.66435438553228,84.52976443449398,72.0383365724101,74.74077325587221
2026-08-26,75.82641273922766,70.24076545393552,68.37153217635915,66.10249993930114,66.43141427151885,67.49381782058875,67.65193204994269,49.621311102821224,67.2483187441395,65.52732086081346,59.20302502535163,55.92366042821383,43.252373029752455,59.511177812657586,65.90568326005447,68.59703276589441,70.97991972348673,76.44694288557007,71.49047378246283,85.96628164835829,88.59961189175324,80.32437100038875,74.69031308419427,73.05797982628167
2026-08-27,78.64618174607888,69.95676996523108,68.2823601931502,66.61709096594869,66.65198524911588,67.13488132464647,65.49136791840905,62.811427325430856,71.84537334954383,70.15908123582376,61.99891211575388,56.419677021015,47.720516188661115,58.13009569220761,65.16074635161735,66.7971999744876,73.83116377700235,88.34518944175565,85.85429562885096,91.39521525846186,91.12471901864157,89.05293529611085,76.77209983568483,74.54413703564813
