,h00,h01,h02,h03,h04,h05,h06,h07,h08,h09,h10,h11,h12,h13,h14,h15,h16,h17,h18,h19,h20,h21,h22,h23
2024-09-01,80.0072916233955,79.01825825384954,73.32898780969562,66.62514194262869,66.18011129411026,72.46031967761523,71.29029752857235,62.80537476806983,59.82554961043952,59.25391111924027,55.404874630613236,49.77585411694244,39.312389102813334,57.554988942510676,67.67152224498494,71.19242359410313,76.27293425494673,79.17985483847423,88.12879252951278,87.85755053394199,87.79695077812714,87.51434393404172,78.8001192298055,73.14475830451576
2024-09-02,78.6858840354973,74.93023164116494,73.43145351129381,74.95981174948771,66.65473325173029,73.00303729373071,79.22894209488902,63.57956468840524,74.41226386332639,75.48342580873198,73.0489831733348,73.19012089145046,61.633639140399225,78.22849735090425,84.40775298343733,83.53908707160512,83.86922869918125,87.32787650098163,89.8858851252331,90.73839820936566,90.6882607392825,88.82258611605312,87.25283052170678,82.37166875679395
2024-09-03,84.63022146368374,82.01620225075509,78.90660651714377,74.03571731770539,71.55287508084862,71.33523027429865,75.59348663860091,69.94497415670313,85.86231613817385,83.38523408687024,80.30945573546532,79.61539187135368,65.2336676804021,79.02026592834981,84.85778329801073,85.23332407786617,85.71256433984496,88.58787216473179,89.31108500068099,87.41042510239686,89.32464406939887,89.10797112025888,84.31867778462552,79.13659638253633
2024-09-04,83.54750809639161,80.77052827815812,78.24023042919016,68.25830029184023,67.8865789594499,70.3725592177049,67.74205587006402,64.9594311370479,79.30010200120506,80.34151321868926,78.97768907178818,77.051549858678,63.497530197231406,74.55862785632938,81.7914782932459,84.64199223473285,85.05545151715073,86.83591883055153,87.21462127007571,87.2947966874672,87.11230467202769,85.39436351908958,79.70642369382892,74.26484412682655
2024-09-05,79.55059707430905,75.42057415085823,72.13915272567017,65.27479883242746,66.83230826529794,66.51622864956842,63.260496709650845,60.603474091875896,75.34404552739213,78.74908380528468,74.82229015508696,69.93058734994517,59.488081206450985,68.77588055928376,76.74518450533364,82.1699293799681,81.34927969964846,85.14630596876593,85.25141876653947,85.55408851231869,85.69282822301437,84.23641049498275,76.97538995283111,73.15052350050864
2024-09-06,76.11321914943238,72.74240705662739,69.59067181351692,65.90523062963618,69.53322010742933,67.37529267150049,66.05556858729955,62.66580076943679,79.71203786686706,77.66164287131839,72.77481720234435,69.735850412485,58.607280294809065,68.27643303160849,78.17917464214055,79.8679258845245,77.64579031296324,84.04419544731009,84.23590002516464,84.70844725362916,84.57401167757348,83.51469255501001,75.97329177228275,71.24488549662891
2024-09-07,76.15093395159654,74.62951140104411,70.50774044584034,67.083921045794,65.03429228972388,68.32619017072899,65.51201227673643,62.337574413605694,76.8960800439507,74.75867957456178,72.49201847767745,72.2795192655265,55.34418459598452,66.15203650853594,76.93077333300535,78.92926939400772,77.49895141267274,80.5774764896486,83.54352009464579,87.46418682875631,86.78644533113328,85.6157659075298,76.3448430953363,72.66721356845696
2024-09-08,77.26815536235321,77.34960958109507,72.32021635418735,68.66753665254473,70.31566579117633,69.3063233623293,68.15875444608743,53.909523054078434,50.320053621407574,41.12170160445132,37.7887846813811,39.82069588719895,32.97708709687799,42.99966479884356,57.37506745454616,57.63240464890313,61.298567344453346,76.30399997284205,81.86869520318436,86.41353139102932,84.84697135531361,82.57298943489795,77.4562274183381,73.91427153977548
2024-09-09,73.73861866161131,70.3274894206389,65.99585781292161,62.33487370141483,63.11404371810369,65.49851267684768,58.921905068066096,62.85972294697766,77.74234212377883,80.06456357120298,75.67112035150576,76.5242796190476,62.21011760381735,76.08063826504903,82.05328749538342,78.57441939851621,78.40293603483772,85.20196971333495,88.94792563641171,88.92735998266151,89.21894218279475,89.30221498624692,84.0927635257339,81.51030860940884
2024-09-10,82.35632537701204,80.3343060369754,78.30638702947347,71.80749923622956,71.46058852204297,74.28265953883437,72.95271841699227,66.54389980914378,84.20494265090962,78.4913333996968,76.67963786857767,70.35977246322263,57.71983507531117,68.15181617630257,81.19601622549241,80.83361841219583,82.50612939729967,85.89528158120531,85.94857658781926,85.88447615561323,86.50378262935067,86.12684406873187,81.04068750872695,74.82289858323898
2024-09-11,78.03448182551872,73.84797194942283,66.58404761883511,63.84702786139499,62.606306901991054,67.08509808831984,63.560796784201116,58.06986579699976,79.41163174622643,74.480720702173,67.89081618943827,70.18849456908634,58.25762735985541,65.00859059568126,76.30748305246841,75.57635119057935,78.09212665601702,86.98875227340058,87.25298095008229,87.62751183258173,87.64547349801087,87.09674487686651,83.11594950894026,76.73536890549231
2024-09-12,79.75752238872728,77.2968825986696,69.91005816596311,64.9280613704559,63.452788539936144,75.67061673315384,69.28996168124279,65.53665717813803,80.94997553634244,79.6192661633758,73.28086294245074,73.27050720890922,62.62667084123504,67.70375541071252,78.39188122650158,84.10241913297128,83.86941197530568,88.47428584388516,88.19866490543411,88.3516760917872,88.38582607635448,87.67167452714278,82.10166675110403,77.08335185602134
2024-09-13,78.51065733392309,73.77612219164244,69.26150245752576,65.97546505404306,65.43969118900358,69.23387045519232,67.84489788846538,65.74465036751421,80.2860734546706,77.73642607931394,72.26392240467277,74.51046897225842,57.050447372879454,64.29357359425711,74.57404078880751,77.36830485110387,75.60100888412163,84.12274734256789,85.47791857470335,85.17022088420313,85.78503085714216,84.54992532643165,75.68068131046765,72.3569957958156
2024-09-14,80.17865872209438,76.82253177032062,69.73843583182295,67.31321482004572,68.6573064261817,70.54751053120292,66.1685849777254,62.56168448889342,73.33174007228948,74.40305314134227,66.87215241479343,61.01157626540535,47.113816581077394,52.354114015512216,64.20258229729743,62.74018413163581,67.43241108231506,82.13031394738132,86.1754074414019,87.67755829170524,87.36380585224292,86.20046350869929,78.04282924607263,71.34294759882906
2024-09-15,84.60008301565786,78.50965194716998,78.7689925632609,75.7623718158959,73.27009610467017,75.51569856093936,70.49045881305499,60.63293428117271,54.31878189114656,42.108221899803446,36.93169499902533,35.42568164723382,28.487902780454636,33.306124687690094,48.0193416260902,52.064502983001454,54.074362064926625,80.46801379636118,85.31489896424782,86.00169192546073,85.9736600323598,85.74473088178881,78.37133003670938,74.00186374316495
2024-09-16,84.42321204164749,81.08539347342722,70.31759951273803,66.40911669337233,63.50295740866941,73.33617282821639,74.55908587023048,63.65954045458831,82.76221446273907,73.63541163450624,67.06626352414966,70.07207098467718,55.98460929086908,70.89467135802856,81.75022787539282,85.3289425620822,86.68070796053927,88.7085873493158,87.77130892667526,89.0036540810844,87.20366604374614,88.12731498168127,84.73980389457535,79.31506381540369
2024-09-17,85.98827177236758,77.78038732533999,68.45579331635099,63.06217902930584,66.50353106763868,74.64045605463238,73.73432085940125,68.17685807152385,83.62379038992576,74.9341199807719,70.77810087373581,69.22652488661059,59.975014588029836,65.17136533290497,75.05776628105681,74.50991729284188,76.83687337639526,87.80688728618881,86.05169607612444,86.94166414520136,88.5184223169724,87.25644954255132,79.26875783146784,74.19008260660135
2024-09-18,75.64528442324509,71.45610688253977,71.83068463087753,65.22338626131217,60.614256620835135,65.42794246041903,68.52982640844556,67.70461973883994,82.47280394003704,76.79215983253603,61.90595772879585,64.5956104256544,56.42380943898473,59.72189577469452,73.4639274503036,74.64157866262867,76.42298954839178,87.44437946112004,86.18288958297043,88.95922586046883,88.04335514409792,79.83156004205162,74.8636720889354,71.72146254929316
2024-09-19,76.76220963783344,67.59383825694194,65.17982975691444,63.217695818807655,63.098824545224396,70.64675803872112,69.56187812118385,64.02839044415877,74.41202214829144,73.5380121836144,61.29558199187732,60.858855539923965,51.321349196179696,62.13596045843107,74.21491128606363,75.53247572018832,74.69007060286155,84.20698561218099,80.28104637104681,83.98365147982717,84.35859932045126,77.44095909218954,68.83945254391945,64.83118760227738
2024-09-20,72.58556422863639,72.08877587485948,69.92848129233467,65.71151530175898,64.6173177693404,67.90334368412397,65.62757036008101,63.29956723814509,79.41916842993838,73.18062750647377,65.80965631562296,64.67551537007253,52.77017491515637,58.65508254282371,73.48343186372627,74.07815177953213,71.1149156577361,78.99568119182639,73.3375070560012,79.7528867220442,80.25072871067938,76.62321242026044,72.1971154562709,67.11313632018401
2024-09-21,71.39854005560679,69.72749919983863,69.92614971579454,64.56053148614997,58.89320777723797,62.93247033221672,60.48578122747123,58.95610245677332,64.9578424168179,61.87769711779908,48.24426818588364,54.36481898437728,34.514150851069985,39.36753267399328,59.39775767735818,64.81258760963644,64.34740109031036,76.35231839342053,74.63540693395947,83.79481536593329,83.65607278056692,74.61303622986803,70.05881406397307,61.48982609799119
2024-09-22,71.54381593700568,70.20345000618433,62.22412149649617,54.55928683315125,50.352052181559166,59.924676867698885,57.056487360832364,41.54211563253201,41.643975465060926,29.440914417614078,21.402201277610175,26.664615146883687,19.76508914550013,28.742930655455943,34.87071042236934,32.83828436315245,50.171774219301966,68.91004438914256,76.23252918025618,84.87441493440207,77.06532412298242,75.69357848187143,67.96726173497116,61.35328992401142
2024-09-23,74.4997048697628,70.53840155687175,67.12181179182956,62.94372212725146,58.87004371104764,61.48593681460848,61.062925123447044,63.294705839687566,84.20728336081655,77.06411602991342,64.57357837258563,64.45948128841796,52.002611199420144,65.51981851635011,74.31533476770993,76.65571924646919,80.39843101149323,86.73229652416506,82.62746755958884,86.18087805096884,86.61026589117306,82.58094743738168,76.89795360562837,72.3603908200785
2024-09-24,75.2405188178899,71.55367642880377,72.93816500057653,67.0790246277052,62.15526016327409,66.84429074389095,70.30000868559576,69.47944318004713,81.26552493538432,76.49341995480486,67.5618535681867,65.51196987820319,51.27645636150627,60.4164536304652,72.76893767406598,73.82959996669028,76.63344606056793,86.0295173607992,85.38537670699907,86.66539789355468,87.16968343284759,78.69647770355277,73.89135044645994,66.61963856470928
2024-09-25,77.22331300820764,70.11702556604405,68.03242898813244,64.92558058505027,65.92966339199712,72.12601913212212,74.48190286873127,68.6873492239913,83.81904084281656,80.98094151240328,69.3276738054584,61.962146416958824,44.31557906368626,62.433756799467375,76.53671102240143,78.78069660558009,77.67208072106195,86.56165341261264,84.38052981255876,87.52165686143049,86.89743192548741,82.43463573989824,71.85037719063175,66.30223582125096
2024-09-26,82.2761257454142,74.2129589831712,69.38505340506643,68.8943167183909,65.82025972200479,68.21878028352829,73.14733795369628,71.85888967165597,84.5559729337236,76.1978820152345,63.31679731254816,70.2464482097567,57.43271458489082,64.45308878474809,76.44713393630306,77.59124547678076,76.48973338142513,85.48906098575831,85.16193968212943,84.71062923905832,85.46135650470237,84.43897460462259,75.03942083406436,70.6897158195643
2024-09-27,76.99414634532475,73.91553144643215,69.59238899605091,68.13262611027629,66.58951087356341,68.66488271439985,71.96353305860195,69.3093713571884,82.0371203199038,72.35572422609906,65.04410716336929,63.36588147570445,43.505572770526825,52.80336576171788,73.14288706072186,73.779020828654,74.93038836677869,86.0976987068038,85.78988769149656,86.87052041285366,85.94014642249702,78.28501469288484,72.75365602301834,67.09025546486252
2024-09-28,76.58976778727269,75.05907271932018,72.71105238006155,69.79681960889368,68.73393207785355,72.37239746975322,78.11089032141435,68.16666604134443,72.7724640561315,65.46444584939994,60.95150854744348,60.88092935617086,33.63507172045115,39.41991694081975,66.57304978983763,68.50535585899404,73.629426998644,84.10652211351663,85.53866528437376,87.66125224626056,86.21748829626186,82.81521096839987,75.1886637997944,70.87823067524573
2024-09-29,77.72854423758675,76.83405473675562,77.41190830260449,75.76590322889821,71.87515160833742,73.30354091460524,78.52886678734652,70.0075330848642,59.06941526476972,47.05843198576581,33.49591817352383,33.37035091615705,27.59563217853803,39.00416090547276,49.498055264038214,49.572217696628265,63.962037181625924,79.09383320065382,84.66869742770011,85.0209015363592,86.06551025798002,83.4916146651457,74.46539466540489,68.2914275324187
2024-09-30,76.6853765787322,76.30752626671493,71.18972929571892,64.37967379661995,59.26990266997678,61.15418715444416,67.0699527665122,65.04676772529021,71.29059198117447,72.07791875550124,59.51822655542095,56.37436158050762,38.50980262577521,54.84513389645329,61.16561386106093,68.42319039626844,73.75617374894854,87.10445444088886,87.7358106792462,87.42522626496809,88.50317640963851,89.65940073738588,79.97242958872191,78.45908932366368
2024-10-01,79.97875512838418,76.77328856263868,72.36220041927092,62.01968600498889,59.153518376416216,64.94154329302594,77.09782981938648,73.50855340840968,82.0511690030398,76.59752119602764,65.60529559919318,58.49455327668545,45.915923547790044,55.41837863785369,72.78210267567655,75.53246761386933,75.80147528941065,84.84282806409851,85.22175404738309,84.58119433299376,85.9202495679388,81.2409873756436,68.1952395047173,66.06640089961117
2024-10-02,77.10057787014503,70.78084418666867,65.01239237488298,64.49207088034683,58.67463859299507,64.01397012093983,75.35303424634107,75.58264431106485,84.06321460549974,78.73850608137415,65.83046230760259,66.87655280593853,42.685404145843414,60.20972304911242,74.39048249633782,77.04344455025547,76.33642014795673,85.33459707451553,87.33326185271939,85.96851759191335,85.63931078299066,82.97760379196234,73.26632882854031,70.6550490845812
2024-10-03,81.94801139134489,76.58011164330668,70.53923924861658,68.48974732401432,68.44899589283824,69.01220999827487,74.88689058422634,76.07387181599374,84.09449720411854,75.81231235211929,66.01656656150274,64.90350749783511,48.547682539593026,62.57826815959909,75.80802401492032,77.05947617344366,76.70787735497234,85.58723317618276,87.00092553596332,87.25212592615482,87.32439703346034,83.44536716581958,76.09299631313955,69.31738917849587
2024-10-04,78.89307343803287,74.88448053448236,71.52163581076142,68.93073742391582,66.24985508794818,69.04080144105417,73.7601165935716,72.63514496638514,81.99446027740146,73.94768375811942,71.0743603943205,70.4684924744853,42.938163778678124,55.69635197761692,70.61877055863509,72.40319510073144,74.98286439041509,87.1992521881372,87.55692566114922,87.17429011520984,87.8702320053328,86.42491073698211,80.51439223265992,73.32634495606223
2024-10-05,80.16967304972162,75.52354392987273,72.59492058679348,71.91763785260801,68.20232123970854,69.94245950160013,76.37140104072613,72.81439088787363,70.84230405977969,59.197115650569295,47.789238238295226,47.44555223476197,30.75834772496516,34.65148199185742,64.80846746776285,70.43412481671365,76.0445668470429,83.60470556936978,86.51450306679403,82.3474441649101,83.80848218931489,85.00842540711722,83.4307698936893,73.56320302069652
2024-10-06,78.37044752805846,74.55819026149955,68.40364135879167,61.83913592658706,59.788000509171525,67.81250795900934,74.20926903505425,66.54601927486463,44.09051528899051,22.708407146736953,22.098958747088037,22.12804673827933,13.49091450349267,19.905118287795396,19.047492083944704,16.654967682184825,46.41837904230756,78.65402115029666,84.52075002893487,84.45662918372864,85.6370358042406,85.07786027885427,79.45470307894037,73.0037614715051
2024-10-07,77.89631135404234,78.9951681075833,70.11183084610003,70.31384450162507,55.66723451850229,66.0718107399559,80.57909154693584,62.238778812405535,82.88261522914833,71.5742228836724,69.18681881510156,62.95260584089606,50.21213335542937,60.465746108966336,75.33698567729272,79.56954256786527,77.43212692232957,90.26878305725866,91.24484323926625,90.35278203871896,90.51444433364442,86.40628717685628,75.588554676751,72.7428238143299
2024-10-08,79.33580088084855,78.38026323438056,72.96099946743209,68.79267056505702,63.64050400287463,71.6089472292639,83.14639361839171,80.19272248008173,83.72343319758836,79.44196754638244,64.34982150105138,64.4480375701362,53.74645998585351,60.5162148478633,67.71057874371428,79.14055484700314,82.8768471794286,86.37833227770331,86.58890848235048,86.96151932687548,87.12706237946341,83.71457365202882,82.35929264875665,80.1362397871036
2024-10-09,82.94875460892725,76.98047084583656,73.93355972933537,68.54220972646473,67.39300506502403,69.89357216142956,77.04760815758979,78.14565285648435,85.1768625202276,76.16674906697665,66.48679560570787,63.03291757847713,38.09078477235321,58.41712767336793,69.88307361266497,79.31832958592813,84.34150250299075,87.93651107373188,88.62065010426267,88.07395258955877,86.60178936895016,85.7460746458838,81.44318745115127,78.4632872297366
2024-10-10,74.6147396671488,73.43938616594872,68.48648273538333,65.8453943515443,65.31906243804569,67.10019666274883,74.15802159977021,76.69238538538924,84.0689183256541,78.99343224912825,68.05231516244284,65.01315695633663,45.3199840612316,58.202020844096744,61.05712817599996,70.66820448381017,76.6019269803353,85.46747624385691,87.22780315756704,87.46885992077307,88.00871122530623,87.11813497234292,79.19175639694413,76.24052214736382
2024-10-11,76.68926558786069,71.05861425776854,66.64771978460212,65.64268438792615,61.642560770102286,67.29455696042285,74.43942288873208,74.96225293496424,82.27586904217911,71.09318092773034,62.974042526478215,63.01828210306008,36.07015893511211,52.1805764693282,71.66242311001787,74.11220269246338,82.30168245607291,88.45261410938346,88.46035379160554,88.07654213431421,88.26502800527948,84.74030621369359,76.95750769015339,70.22855742464117
2024-10-12,73.65833910187574,73.15694258355899,71.3432360012263,69.61994881741134,69.53700850214514,73.44968624209059,75.56353951009211,70.5198670023426,70.83503564767588,63.930309957873135,53.98686917551733,54.89267561176612,33.23711538425575,36.67285773326545,66.54258198925496,66.5177106062313,77.27749786286374,83.90053811607574,88.5366703495112,86.34271078314448,85.85708502475198,85.76367690018756,79.847673975294,70.91771874159457
2024-10-13,77.4499860977231,67.85955652566788,61.69416379669002,61.49695255401075,55.69180521656823,58.32978083230195,68.4655035426475,56.86769833662608,40.60173000647497,28.829867987004214,23.822115605356903,19.104891732464555,14.371259780357988,24.212786648276033,33.95983843637743,43.28630139979137,60.498595541049404,82.21761188298477,85.07991811716496,85.67729591523367,84.8309873015575,81.27058513518749,72.09154832234228,70.46407942285614
2024-10-14,77.48778347957413,76.23805690211329,74.33917779666238,60.62637697829605,74.66888107872113,73.48737859688507,79.85915432304961,75.47803677303008,87.89852812528787,76.91526824198894,66.59519889730787,67.5634895132889,52.277464598500565,65.02424363863072,72.42225260819426,81.55548437476571,86.44129569614809,89.01650641988907,88.52648607999745,89.88625664941179,88.27634775623932,87.84390417536365,84.1253163337325,81.12637843334589
2024-10-15,76.88746250149629,73.80022709950977,68.36996970325025,61.96846220667006,65.94527248834366,66.07950191684371,70.90338454361068,75.82994932648903,81.09924883273759,81.16921596836251,78.81679229985045,71.4373279687281,49.72489586616393,58.43060984988482,69.9853995921608,77.80361488406452,86.42888412945706,88.48013927370963,88.3146860874104,88.35784525311263,87.29497963424001,83.8543076817185,79.9814517711842,76.98946807252439
2024-10-16,73.5399390917087,69.62039815291797,60.16873342941464,57.96997372691223,56.785098951178696,59.47983237726403,66.54034844458138,72.5106595754502,80.0237828912742,76.49888322993736,72.66595734082107,66.6251304813045,39.88344194753028,55.044501154824836,65.65572590490079,66.75033397097965,72.2426357852018,82.55921675355688,83.43418528783292,81.07843094096141,76.07135135353919,74.07968048337173,64.58808782057807,55.621906027786416
2024-10-17,64.87685319397622,61.15889042239483,55.52764047879597,52.63591603772444,51.0609826174405,53.35667675591647,61.14589354708834,65.65998122957777,75.74520854838029,66.31447223392003,56.067926357093796,56.6679739561611,32.663464135423084,50.185168438481966,61.52446543873343,66.11213824784292,76.74651767867232,84.73103769277164,83.13679090536017,82.02458366071556,78.91786086393294,76.40607063223842,70.70474482944867,68.76205880872217
2024-10-18,64.79083930316504,61.96409222327412,53.27529283724968,51.70289000662665,51.71730056987576,52.0077784901201,59.45777740370054,66.96625717646049,79.08249382348951,74.58014293074277,61.45795371508988,58.17090902864156,29.52887714817057,32.05210127634088,58.79480563239867,65.03548084240859,73.96839356604445,85.99626725995803,87.44083962223044,85.5005423180993,83.1950107241723,81.53828130831079,76.90532818169946,70.85787734677214
2024-10-19,71.73892540401523,65.2015953616599,62.24337188898342,59.8295667080458,62.33483954426105,66.96522176042167,74.95919015622043,67.65010495708744,79.49428415449573,67.88040876564078,61.11215780543607,48.32710253328505,29.49021291874635,35.30284005665664,53.528235688351046,60.51565537002267,73.19775716335889,82.91711045117425,85.621268883751,84.64308521876207,81.62704958433692,75.74928513275357,70.2788937033594,62.71966915363437
2024-10-20,65.57834020068643,68.39077134659337,62.24024475291508,51.471862563643235,53.907989997240996,56.53728163103099,57.66839562260568,50.39221398492424,42.94618469078847,23.02910523577029,24.81834024011779,23.554389768787786,22.134704779059923,22.425317580748274,27.68389703796101,30.930940462086042,60.99002345366161,75.3396030664598,81.76077805068063,80.08226208198685,75.446250954742,73.90753552931757,65.79706950451282,55.44283251834429
2024-10-21,54.684205492870696,50.743920002547256,46.084738230787956,44.16979401458887,45.24984060737861,51.53377921533863,57.08354018026733,70.83132340228039,77.87647147051551,71.75725949131137,69.29392279206193,65.01489169985086,51.292304378457054,54.753904357029135,65.89934277477666,70.70860902885224,79.7259373388211,84.75989618062115,86.2060788229322,85.53682910280872,81.67587276698383,75.01053596268162,70.74109804617405,62.73662030775481
2024-10-22,58.900193175170855,55.878373001522796,49.717308175989984,48.051325090809115,47.390215266244184,50.60127546081334,51.90173119306512,51.09931646598915,73.1911843135062,60.65582629892227,49.00806228722443,54.63286389421314,33.93063903171335,47.33344979626254,60.87270671681161,64.22744919136466,77.3048550937181,84.1062288389157,84.68278606201049,81.63322107116629,79.50790059247662,78.85434021271793,72.2601885283509,66.44034957388271
2024-10-23,71.86140124820164,70.09194388699221,63.59198480333732,58.55130013567616,55.20206439957447,58.05541748428923,70.43142044360962,77.27525498634769,86.5529742463321,82.39650457244998,72.18229458397072,67.74554818942609,48.59963131390043,56.799755539507046,62.96097985929362,73.75746178189739,77.36003107088696,85.44849028535947,88.10471742406814,84.91824740943615,85.00864958110797,75.26152076517577,69.30656688951035,67.16445336332207
2024-10-24,69.93303392625506,70.41172637200043,59.70328924248537,56.263986696591225,53.04471072863053,63.149944882072525,65.89737687124106,63.14881992257871,81.13518068525569,73.01169070409809,62.672567054425684,60.930208365752016,37.07208448652408,49.463688746520816,61.411772205494294,66.43715870791964,67.87928501331099,83.44668022195536,85.8963481248709,84.5251904267347,82.63570252117034,80.49455464758579,68.45035286864362,64.19537468636594
2024-10-25,68.49278391459487,60.4348014198556,53.53943425773373,50.47033250224502,54.442184389549425,52.72277088646831,62.6520442357611,66.34095035746795,79.55184488853368,72.96992177139873,57.202750250069954,46.34994108548035,29.391565749565565,36.01073861609564,55.86176265597615,59.522929146563754,69.53507085283013,82.35877607387846,85.51808263389435,83.3230528224549,83.44945276072012,80.70071993068807,70.95484359827041,66.22375245164213
2024-10-26,65.8886786856598,62.619980282824784,55.093101036476206,52.95833987715378,53.473233292667594,60.23270200965333,65.93104622653293,66.1209497128205,63.58382789774431,49.09104828717645,43.14632017352669,45.53896417194601,27.187573514797577,36.05385722224809,46.93425393692023,50.57490496213726,67.46285174647622,80.70827058203395,84.55095566457774,84.20552918202786,83.39740932765022,79.50982219972894,67.16547946961306,64.04938836760302
2024-10-27,72.64794298061014,71.96752454709309,65.18457429299255,57.43885405753577,59.64638915436789,63.72975300046703,68.18726250634643,64.16952264499773,60.304977953607434,41.382219816960706,29.431261060844793,18.2189183271542,8.508091860690278,19.18614842822122,21.329186338675083,34.39599181906514,67.08468208389384,83.63291414893557,87.92730346836775,88.53330054214577,88.31140077288906,86.17310866847603,74.703320691902,72.48673232612735
2024-10-28,70.7681905981925,72.16964368721224,68.63781423105391,65.53962529187042,64.15720720509611,62.295202151881455,73.01477636548421,73.65396901535755,85.05129950211585,74.02806806192496,62.40111305785392,61.35100331056054,47.29878514204743,60.77372300451633,62.52488227646592,69.68566874624332,88.23068318594868,90.00892811923887,90.18474009995585,88.11978790134842,87.19905314301664,87.32250284107202,83.69969998828098,79.41388483660558
2024-10-29,77.2719792955385,74.46585493525737,71.90368365258477,67.74463640449362,63.17823846533915,73.64857877397866,77.69458869628524,74.16681906571023,81.12243358476341,70.55604970300365,64.7458385442648,61.908057407807185,23.34525222246735,34.296967080360844,48.78042935568889,67.81816199349319,73.95750924555274,81.61993175538716,85.00532985641651,84.91584771045797,83.94491103331904,79.59854408083534,69.66597231771115,65.73439933276892
2024-10-30,72.68762739261864,65.40332325038001,56.650012602680924,54.69781632494777,54.292809128841945,60.284397129837295,62.555271065690754,58.78082437460578,71.11507531661701,53.63645503809934,48.286072642731256,51.828112893106116,27.198272323402463,36.66042348935053,54.95058344479588,58.23760589582311,70.8646712612035,83.6482745533346,85.10070979071001,84.80844528575462,76.63634790623466,74.77641469955392,68.32026286907367,60.7406206586184
2024-10-31,70.01728610511731,68.50931792281548,58.76885336046551,51.54755633322817,53.54726865230555,53.79738672635738,67.22012558353313,73.53922852887077,80.08307643252033,73.61579209689444,59.39999393293077,58.23449235719939,32.46182469271431,46.799365877368984,59.25286818962125,72.8650718216737,74.70365260767905,84.25882709770563,85.05826048514473,84.3469440943594,80.98299903205242,75.992201792039,65.65449722105002,62.11778394762556
2024-11-01,72.53013502446134,66.74794900494332,59.55517850219685,57.976209099685825,56.42964348713866,65.47515576107676,70.40508668629508,76.86830685559188,86.50945421154813,76.38993024122549,61.59413315488935,62.82940004411947,39.31631558923067,49.470657930720314,69.7686471259543,76.34400710543484,79.37774709148295,88.45086013215534,88.74576874115597,88.54382349255076,87.92858555298174,82.91307341303747,73.54752300275617,69.87529887785217
2024-11-02,79.67384559449007,74.39592926354288,67.68558986380074,68.84220280223391,68.61788268112808,70.62393220083737,75.77253893483963,79.42550419797962,83.75032760235848,77.10881648302414,63.5962739020867,50.14288821661649,36.63151840766833,38.818883321503655,60.38068583563606,71.79885558488228,80.61650489021787,88.37808544729297,90.7381870331568,90.46296172214204,88.89745032439146,85.62874687232737,77.02853822330049,70.46667398951043
2024-11-03,75.99620424174101,68.74252179478125,68.99254486046499,65.81050146971457,56.94406853065245,59.87219549897619,61.41790278454777,54.09471293979209,41.141818695238385,15.378650817738574,14.332813107258273,10.332851377278107,10.019211965855815,6.786293507558482,19.39764440828222,26.87032404139762,48.589937449383356,72.91253330835222,77.67102253321148,78.27716238836224,77.44373912225085,76.04582034175432,69.83966332102965,54.602386917294005
2024-11-04,56.44728704694176,45.54421961203618,47.90337000328944,43.44814177773009,46.14837289463435,49.85262425362729,58.93422231572381,70.46671350188666,79.15622716939994,75.11203114873113,69.25165550509577,68.5673821196566,47.82723672579852,56.971675985162435,66.89273655592659,75.35801646699724,81.85423119886485,90.60168859534303,90.54498552571792,90.31511032636942,86.7572017202068,83.17854292059155,76.6845857407672,69.6567760985078
2024-11-05,69.37628515678487,62.80220285696236,57.515707343243754,53.261076784156536,50.821223382477726,48.90761090100435,58.81619986339433,68.74169677990243,76.07965298981746,73.84113140079891,63.25602967928224,51.05447222765406,37.56036381698513,41.508958352704326,52.83607575123327,70.27430864880535,75.00806780415058,80.24802069502076,80.9979274656128,81.94283345863761,78.29532068491037,76.81540761566528,68.06100553581776,59.436310096145164
2024-11-06,68.9283727039274,63.89842283929793,54.91089372595073,54.32335169386423,50.68155282355315,53.990009837137166,67.97195782140518,78.25472207931345,86.94915757701006,78.05264458943077,64.96323482585733,63.271519450083936,37.194630487960914,53.355436656516254,62.273874046593996,75.19187485620392,75.69117236159244,87.73452947659862,87.76177699865414,85.91082596412063,84.55009150365885,82.84800253945792,67.025442928222,60.49353542994818
2024-11-07,71.90631273473615,63.664591381697036,54.843206949401996,54.18115639731929,56.9264890775653,57.78480442306276,71.58788870235232,77.16700811966287,86.40766260700038,79.16357621191335,65.83466437708788,63.479391902251976,43.60858046329218,51.7643425052421,61.26609103013385,76.71605555014652,80.66736892409844,89.6528312934132,88.36953191121424,87.36188950683378,86.30826276039417,82.68880688551134,69.00744080688564,63.794711915302656
2024-11-08,71.89801423610649,64.73722489675906,63.04876221144847,58.740285304765564,58.869919749520164,58.92243421206,77.12664483585452,80.8208401979258,84.26075835495648,83.10962739764454,62.69916496410416,61.07266307971356,33.41823470634163,41.0365936428693,67.18710895619982,73.83299112311876,80.30183062211096,85.88843503827654,86.51082631490243,85.00096594326922,85.15458763333797,80.53221856710277,70.8532279304532,64.63711532926003
2024-11-09,70.68118176261987,60.84321917352646,62.705688499677606,58.171623409142605,56.04882313697504,58.059709614449034,66.78917800880845,67.38292471165401,75.14100542697673,55.50763139134873,50.362340299139056,42.98749969415043,28.568910723096067,35.69581423008311,51.07826421995581,63.10606920714214,70.91289793233601,83.30205813710184,83.75326390699009,81.05936085555696,79.42717091151698,74.47206766675093,66.75850225040841,66.2375358322692
2024-11-10,67.76726757642052,61.30567294093619,52.305992269206016,48.087836963081315,53.513032249170855,56.20950472719597,58.523823663899734,56.78789607875029,45.654017569504475,25.110927300425896,22.090351263575418,19.941028659292925,9.469462355043492,14.522180862969764,19.045554031642364,36.37860359662875,70.47454172738641,83.72318984287114,87.920438640973,86.99090909685624,85.39730487487108,83.25542294967403,71.30403337828623,63.883257251089105
2024-11-11,69.60486842918483,61.5602341201848,65.82882927098987,57.97583357711735,64.66813609359498,61.771636374064364,71.86591251936163,84.22152044494656,85.38041047956227,83.22746014036487,73.57515307193705,63.82613451868226,48.58598362507157,58.35262125671072,70.82119476180593,80.84741000333504,84.619688384946,85.65668344465693,87.3323111242377,87.65959186990254,86.97485553128091,86.73591629236128,74.71694573460127,70.20320432739605
2024-11-12,78.51129114336874,78.15272300266089,69.15030946002484,68.74279959610219,65.77586508229118,69.98225324356031,71.28573465476126,70.19596226907443,89.22404939777982,85.83296397423643,83.26574183370239,80.99716798726475,62.668420997453275,72.02503869987358,83.5938414492451,83.66333262876417,85.19410762732205,87.47835062369899,87.00535911890684,86.8038649459496,85.89932143158835,85.48267932871761,79.19101465727255,71.99885028833579
2024-11-13,75.4605186682039,73.6616759914612,65.37792411326454,64.14312087386391,63.54691591897817,68.33631373190316,79.43830475348307,83.87089177552438,89.09501916969272,87.67054260856166,76.587280584603,76.26999554753952,55.58909952434439,65.73604848791791,75.71832652056953,79.88010615854523,87.32283570681587,88.40250571467081,88.33547719600334,87.37198037424498,86.88212131611198,86.3207081625353,76.9904785905715,69.51974045525598
2024-11-14,78.94071384586326,70.98317821087934,68.94105518891696,64.01105970160116,66.82675024601413,68.90134101073339,76.08715954203221,83.54460638554238,88.87422969674316,87.02296089869424,79.20934732804363,74.61982108545644,59.05438929351934,66.96428953525337,79.9522978242007,83.6110155203911,88.35837460323765,89.14235396361042,88.57791734076785,88.41845173471226,88.5065313724543,85.84060654096645,76.16813535850864,70.65182535997778
2024-11-15,72.4915519952485,66.41753228118971,67.61426351088188,64.34236784264478,64.86492448744289,65.99766530640524,71.74293791583513,76.3924969495345,87.10459762732515,83.09514368430541,79.44083251180412,76.55700133696364,58.70386297797031,64.55201805162172,81.25857040994491,83.03458594237941,85.05183625324314,87.8117756179464,87.77661868283165,86.16499763393746,84.57181731539,81.44677886515153,73.1344599590513,63.50942006677473
2024-11-16,68.66854229482696,64.13458082330216,57.2440910482692,49.58088427198533,48.96738708637183,51.15201954804756,67.04858700689901,68.58788362964981,72.09324740286009,67.14691968236752,60.404021207687975,49.47480175124497,38.65878248738546,44.26741402059235,54.085814946850036,66.30462208326752,75.18081353255371,85.67386295364909,85.85153905809533,82.72693591513533,76.8655567687659,76.05344864758555,62.665056668165484,60.03116098663572
2024-11-17,59.39407084509591,56.4695862369298,52.833043089290435,50.7029302043734,49.02275799213043,51.36379261648537,57.226058861072346,55.04457751474929,56.92519470692522,55.564576112357194,51.835606239313755,43.91485348497405,39.896849605735476,54.100109041994365,61.202823835410975,61.43911795097231,73.74442446519299,83.52129330425296,86.78678022297291,84.3750786563217,82.16263844267439,77.81859015956681,70.70070515194263,65.87988612950548
2024-11-18,77.43248090526602,73.7794200323875,60.41518886651536,59.73940604869508,54.82597615084571,64.73297194842354,70.31204069286416,66.84869636942263,84.45674299077189,84.06432611503008,83.2497316776444,80.97451976778433,69.12073182908176,81.84397836947855,85.20768242979578,86.80768951667199,84.34692894731846,86.52700060555418,87.06506485534533,85.11084153372346,84.71964253475576,81.13904474744764,78.65247535428799,70.53771257931062
2024-11-19,71.74687665124135,67.94563007966906,66.2141966521288,64.44276714022031,64.86763665838473,65.61620710735552,76.02478431653947,77.85162245814398,85.22387847377645,86.84289067562776,82.70663819392651,82.56782666296155,80.74915593375289,83.0828554160708,83.64683604271288,85.10853587699654,88.14800626438576,88.10769645730672,88.19571925948355,88.44801051143138,88.37415207775787,85.70163267238026,81.52474597692799,75.1533260179823
2024-11-20,80.52751011373624,74.32253037324749,67.21196610762087,63.16544413527159,65.32312689081763,65.03681862492265,72.56319806198674,76.27215103248093,78.67547849066158,77.95330301402306,75.539756261686,73.1864000812333,60.18149243056142,64.70656145031782,72.11290797554359,73.67584166930476,79.46742087389326,81.77983443907294,81.04970545511455,80.86608224341147,78.86103296829397,77.3833300530975,68.54378258434662,58.81422019484478
2024-11-21,63.44212944695021,55.70272353481728,55.1232431536099,48.68004892060371,49.011467809418654,49.27703429100658,54.96282646275684,64.40915350952409,78.82530417083697,80.45436830910836,75.12764229173881,70.0748650215578,42.82923200584635,60.45396344254546,75.11849326936,78.22526102283614,86.64566951845941,87.53155972605524,86.52983559141231,82.81834919641166,80.7235187173641,81.49834589694079,72.76892944651782,66.96410143287483
2024-11-22,71.34265161741862,67.90546138952337,70.30013253130055,66.01495217634239,65.1359371494193,66.13329234709718,76.88356061673602,82.32255389095528,86.30563995266955,87.27726432564171,77.19133872243334,73.55534940725599,51.212117784201354,63.0531161544929,73.5457167960106,75.87435499616537,76.90472090085946,85.26702231615646,84.4488620879553,83.0633669395872,79.01721782062543,79.37865348641748,64.44157839455802,53.733218864978376
2024-11-23,52.82249104423108,48.24725694331318,43.96237985019433,47.81506031408406,47.86757971733683,47.288115244509584,51.74444262453181,57.95610671948502,75.24662872728744,68.82149379237484,68.87053980513323,72.10242884242248,50.69161286060343,58.722541963705105,70.62632761426522,73.26093658832373,80.63103272502865,85.96473248056412,88.88918480847313,83.76624184918909,74.5242688125245,75.5140524662661,59.31387954519844,55.90352574712365
2024-11-24,48.48546484456801,48.312149721483316,42.440668843911794,41.74201830218345,40.82201409625956,41.995727069138226,43.41728949352673,43.79169323457054,49.22139370553221,48.75107447233864,58.87672491174528,50.60049128924314,46.051424418127965,62.56443298624924,67.94092416473084,65.44772194803217,68.6756586487563,77.88343711613744,81.10368421937393,79.26251783633683,74.15732306892333,71.88646977967771,66.5073732051512,60.09439146649021
2024-11-25,66.1845479223278,61.814090591043275,53.478488955461025,51.52544933648549,52.68217534075715,57.100033517382364,68.56748371145854,72.77632095286727,86.17239363756683,88.07846692194852,87.94634704557548,86.62363955742464,77.22732494311346,79.2209044044606,80.92644266756493,82.51849173052554,85.24987222134148,87.51347775281316,87.21867290648407,86.77056672715433,86.61972543274035,81.87039452305338,79.75418096804644,75.27642310237346
2024-11-26,78.73970382411308,74.3723816607156,68.7891783251886,66.36403910428959,67.53526167155728,69.5213951264226,77.60320062404529,79.05404730881745,87.11640522701077,88.44379392685504,86.7545963619508,77.31188082645232,66.5833927982075,75.42675701781535,83.00286879976626,88.00829731218433,88.90877194342697,89.12406920922989,89.3118750152983,89.14337723103579,89.2418980965351,88.40469153628536,80.9241665213743,74.97675422806665
2024-11-27,82.29249454606459,78.35693679252519,77.67804647390996,70.80469316171751,70.80662753627303,73.62472359046707,75.81237179952271,80.82931736528948,88.4058995350868,88.24049456124871,87.34155805507396,85.5305119970586,81.87479064302786,82.80521690760261,84.63311127636787,85.27198011046971,86.37700467485605,87.16935007071052,87.30336977556235,86.70274071482183,85.23241690183126,85.59184751110529,81.71862599900884,76.34088683221918
2024-11-28,81.1340996694182,70.36304615796841,65.07920096310932,62.343453480492855,64.3497373974095,68.18508871277406,68.75122411653695,81.09116854451561,86.84679374049297,86.71411699482464,85.43832860876356,84.50772445533084,72.79649705783659,82.04305537870216,84.24425622798688,85.14531942045261,85.1578584911242,86.99469621672272,86.39332257068851,86.42987873444282,86.74774792087395,86.401537804531,82.7497831091357,80.36111689641915
2024-11-29,82.0607311416778,72.82769846249003,68.18399628936272,67.28790197819302,67.26519951783895,68.04165997667914,80.11205751035436,83.93619792994635,86.76644047456861,86.86703980201904,86.83074715721557,85.36820966495704,69.28714554021519,81.52356177971376,79.03369609030639,84.32826882347537,84.62236969659243,85.42354063986957,84.87106395537293,84.68739075259327,84.52677233231375,84.43384107965778,81.7297264988711,81.2519013622768
2024-11-30,82.10564369656018,76.59986681018408,69.61871829454621,68.20519624885702,66.99769917561865,68.47037640471275,78.4912981657634,76.06203954881313,79.66231129863162,75.18069992634817,75.29650983853651,75.53240910391149,63.932653991838066,70.61524176901675,78.59600865670649,81.37607657551659,84.33254364562171,85.1661386317438,85.79067924506303,84.02663177912744,83.00000150649215,82.96221885549896,75.85051915791642,70.51252293348236
2024-12-01,73.22041053744373,61.867739584790776,53.80975615766291,51.02398101978289,50.04800885301093,47.05387128257734,54.62034551688333,49.54826510402174,54.78184820166281,55.62471344412508,49.793911688610876,45.679025959448055,41.62345263163753,45.15321265067147,50.034230263993585,58.52638064032912,68.21601934284139,84.5029629093202,85.08750505255753,85.16561567588349,84.52363128110211,83.96044265971832,74.95633353312479,68.52336082717365
2024-12-02,73.58761659683354,71.90190920499391,68.36655033193033,65.4653408402267,59.384973142410864,63.0530801697793,76.51000237692631,80.26448546387326,86.88160464992599,89.07964746237482,83.99087926872767,76.54200853241808,61.27328806001268,68.3970605663443,76.17102536262435,84.46453224632567,87.72960923086131,90.18328047689671,90.11929314623924,90.34203291331931,89.33876686829232,88.19470428588284,73.18067095834706,65.69306252744609
2024-12-03,74.54734213852474,68.80071919817493,68.09865876239,65.0637902052805,67.54466785154551,68.66836734024223,72.91405371465751,76.63758296947084,84.45668209316162,82.95223438047256,77.3276632828863,78.24953757441938,75.35054320204256,76.05962918310168,80.98729734944375,81.97599925802585,85.26014027846153,86.05864795821005,86.94476182431232,87.36618682066788,87.2783841827142,86.11972770138223,79.53080549132417,78.80049659978376
2024-12-04,79.50731951043957,72.26759543717101,69.22627463009815,65.20320366085957,62.66495464261627,66.2119207759403,72.97683009927276,80.74374555443494,86.25850008425948,87.7958827929018,86.10782807652366,86.09864474804397,71.83277320698957,79.467142646462,84.6100576227024,87.4612674522337,87.25351456509361,87.11321969880217,87.17831271283022,85.61309896761408,86.05850042827282,83.66537902106806,78.44111971248758,75.45808771566098
2024-12-05,74.8006607131716,68.46334716485191,64.82326406463324,65.25911961811566,65.48828274646452,66.51958602206832,77.79946874874881,78.6934320027511,85.68204086327704,85.63281051313392,83.8561135118262,83.9259156662603,77.36023159361861,81.37317546790032,79.97456127772664,84.28541705073907,84.96747678250908,85.08712321416996,83.8117773708444,82.84064847740123,83.81680029579705,83.99826221594556,75.11622477899908,73.48744138888068
2024-12-06,75.73200967545444,73.94806321607531,68.28278476921918,67.78867875454694,67.88463948412287,69.82650166028378,76.8777874661449,81.30344835670248,85.715812954274,86.17406616646676,85.23206080102219,84.06084705103868,76.54360494323774,81.18164368052004,84.8296182698492,85.13124774920057,85.78771598846788,85.79380492023027,85.79679831559564,86.23673811430581,85.63407288677936,85.02718442268996,78.432834805656,78.13324036437666
2024-12-07,75.86026984335322,70.60947537419185,67.34314614448401,62.853271137263135,60.4131859404671,62.002538156619664,67.42776691618712,71.27585435717641,81.0002105970619,80.7741670935932,73.92180867549928,71.69967835079265,53.59492988136422,54.44944353627935,57.90793804877238,73.5638214785902,82.71558702193096,84.58597889305436,85.59943584425768,83.84965404475629,82.17192412942177,75.97703295817209,66.49403317214369,59.94311802896005
2024-12-08,58.706854432310024,56.03502565813441,55.235775559440704,47.78390809568212,46.438251941485966,48.613167459031324,61.74258824695543,63.73965879391834,61.43036007773501,55.36556175322451,53.73080985828401,52.338855240325394,44.615562240549785,47.58960593752195,54.14446316594931,59.4312178093126,74.68976806666196,83.44763250902815,84.76328019676033,79.64825232293202,77.46704855423515,74.62062452588893,61.273028434662926,49.73882269014452
2024-12-09,56.04936780760082,45.48893365812907,41.96875875674435,36.97505015680562,39.0884411542809,42.2133632733628,46.48581314294554,48.1544738880067,78.67915771395157,79.34566684882779,72.60870220221237,76.09354203700558,59.95713705606262,58.70487229718153,75.68554845087117,80.73672263922808,83.49734783800321,85.91087629917519,85.93359537090134,84.80764214808349,80.48544446043867,80.26114593466706,71.42880579481022,69.45371007965934
2024-12-10,69.06512384195544,56.204487038405055,51.74608467338518,41.766053574680676,42.01216266551662,43.2005417607367,50.14183567751176,63.30801822372276,81.37930700141597,83.4440182749575,75.75755231790737,70.9211961888634,53.76508070051493,62.93036702407698,75.49965158281813,81.09820540668943,85.57917930056821,87.36036299409987,86.31507656642866,83.30248023081836,81.47555563643529,78.15134372828054,74.65054768005513,70.33870281151115
2024-12-11,73.46232486429369,67.86897683327864,63.312843195980015,63.803528692381285,59.6564304723041,62.250219460881986,66.97553030103056,76.48159238398141,87.34424648528753,88.14880507673362,82.462362002115,80.61581960951027,71.23451336256834,79.2519551519868,86.35476325971395,87.27599419603531,86.61966588247846,87.0755965313205,87.636956469478,81.28783783135911,82.67661260956024,79.81576015227527,77.47776243772036,76.20705971864153
2024-12-12,77.22033035963543,69.98199150440617,65.26519741299708,64.95565787471446,66.1910070275817,70.20150515640746,72.24924795621513,76.6689735369853,85.97105752027257,85.86373987404107,84.49243794405295,82.73262838190165,71.63978196625672,73.5594687680103,83.15706077311846,84.34681029342302,85.69891567295566,85.98219320053543,85.26084826529063,84.59157480090313,84.41637668028469,82.32758500417799,72.7141608808794,67.62691976239161
2024-12-13,69.20371659046965,62.03905002591517,57.74390626226401,56.3780992977586,60.2338881015561,66.06107817848594,69.71081537870059,73.3123472773261,84.34374835594053,84.55433024357845,84.80534752042021,82.39980954792684,65.63650719341945,70.7843199159708,77.8990948532024,82.27753350965018,81.96897015495799,83.48625836967828,83.48035028795954,79.21101906249137,79.36618802993411,75.80764500210528,68.38337653078773,60.94044966362976
2024-12-14,66.53846613841397,57.86252757295113,56.879908414810274,56.15394031318083,61.15088261996949,62.57938525343832,66.18505613055395,71.82432435533528,82.889130731151,83.8223913161498,81.54097604557919,77.84396513063244,63.81044104751789,65.57107750261513,74.90840905144084,78.83419971397221,85.02090056090239,85.19133817603544,85.49833797682109,79.57661961423645,79.36120371669794,80.57147797460557,72.60967378090609,67.15624601776558
2024-12-15,70.40377149974998,59.901403884476714,59.514050546088214,48.87307163205597,56.97250824738293,57.199044136320644,60.45102294771252,56.87533800513758,57.926988855062696,52.73587469886032,50.13000619378466,51.31786577653653,47.53836232570285,52.38195355208513,51.52028059748389,60.96612118490137,70.8000062706924,81.16370977311945,83.48563762310809,82.73365275077568,81.97068582255088,80.19689598976635,69.78126122673545,67.15776948479545
2024-12-16,72.40782875333126,66.21503305483766,56.909535150677485,46.221179985655354,44.971205105828105,47.61083298743169,54.70870958014634,63.05718513217675,85.27340625030675,85.32027330671643,76.90704066470005,64.85741540848917,60.54364305713004,64.79351318461757,77.97298502752078,85.55858503843866,86.3623787939816,87.17593028667034,86.81658008382087,85.46262084638616,84.68888833695021,79.90201562983835,71.52904191048441,71.63022973563375
2024-12-17,81.02110392065661,76.46261347224488,70.47673683425609,68.17082316952155,67.59678761178932,68.48805663333133,71.70058546818623,77.32656383013075,86.44893816018747,86.96399699872622,85.46622564851641,84.76463170544709,81.32955555677322,83.73079693960123,84.78025198423666,84.83716550865527,85.87721678842466,85.88901719215379,86.21280618409314,84.047648342871,85.66570965726338,80.2144041186503,76.75738302896754,74.18192151304818
2024-12-18,82.11045470300125,69.50631865739925,62.973756886618474,61.47755348868638,65.19194398907597,70.52874523942535,72.4456421671428,75.1270162883175,86.04623461956558,85.54438831141427,83.83248235514947,78.96498621495921,68.91706385662475,75.00830522402569,79.38545867963335,84.87212319533333,85.90066336602018,85.60659762701793,85.61147143315104,85.72143993062404,85.51083322202906,84.51896389720692,78.09242318236075,75.61966671359512
2024-12-19,75.89742430635704,68.94096922047024,65.01384748533067,62.3698541872202,61.6419895751766,65.54004619745292,73.70465668677403,80.00576043043097,85.05225236045167,84.8231247195099,83.71736136016533,74.8561337295359,64.78670025625564,70.50298118794143,74.84500941151174,83.41288040203204,83.89202582606278,84.72881268500012,84.6645657147193,82.88493378695375,82.35762705312925,82.39005604157529,74.93186598768791,72.5085274919833
2024-12-20,73.95457118375765,67.1780616550315,62.542394027233314,61.49700973717143,60.06138864594348,60.67190242955618,67.75166811402656,75.84674068996887,82.78278429002015,82.75503789478373,81.1932949128269,69.71901698620023,50.35414712116988,55.110390144394486,67.91299306272548,74.10961214324819,82.62541871244969,83.92977988828213,83.33006376797739,81.59209997567805,80.89933035289481,79.53956926318702,67.85134095360846,62.64648117334572
2024-12-21,65.10092972068755,62.27281782540108,57.08370651306547,51.63402184637524,59.012863752197,62.40949639127742,65.4099540120239,63.44495421928649,73.03862307038304,76.14087584542033,71.05727467358535,61.48443309689968,46.61559976510162,43.965371704566124,62.1416889303709,70.24850626541605,78.25398604144416,85.14675675955054,84.70985262876069,77.71536600602157,80.2941932062344,79.90180016410957,72.97517300626542,59.31194360518286
2024-12-22,73.39137813132768,71.64426753358339,68.903266807287,61.68022016974963,64.94843715571608,66.98728180859821,56.22010618632162,57.83449564819596,73.57600885952469,66.27210791174593,62.75008640747129,60.22287956926237,58.258260372032936,60.61319237032081,72.60599512659337,76.66644632382449,83.3600915421949,86.42683984420464,86.70091590140619,85.62003029747781,85.18378401113708,79.92058994661265,69.50464676990111,68.11457864967473
2024-12-23,76.96270095333385,66.44543013868943,58.83284042696136,59.172040619741864,62.27814806127852,67.20723621274708,68.04997736874402,66.24519509600788,81.537741796013,81.99832578394181,78.0796666289952,78.57365583939203,73.50805519867546,77.31669435270571,77.46558947316353,78.83229326964272,82.87912564630152,83.83847140566779,83.5687067648728,82.80807926693754,81.81180080723227,77.55894468194857,64.24636013621546,54.333171249434784
2024-12-24,66.96820415928104,57.8267016158286,56.02333012237211,48.55363556788332,46.465665543475936,49.487737479878625,55.0145128141186,68.42329657656452,81.80627857038075,82.56107480393592,81.61038934622465,78.07773201935244,66.14088282075096,70.6812326466115,80.78002285169411,82.99116527371453,84.4159803277622,85.70614743319527,84.80427832434505,82.96443005542959,81.51494940773298,82.75659960269863,77.04892188316985,70.76644708817207
2024-12-25,73.41347588978138,69.66471091603512,63.67550546187633,63.544837360808145,63.313950170806955,65.4863247451221,69.91778817106352,79.71565398045779,86.62972781543148,86.64357897219604,83.07397944239894,78.02281232612862,70.12716841045206,75.30747455504155,81.75301147158108,86.41255066616779,85.6001683844469,85.57713453386599,85.40820854444475,83.77735538429657,83.40058349544127,78.20070891481613,73.51301965105228,68.60455006591627
2024-12-26,72.16062377150944,66.3824864712309,60.95508923019174,59.12280690837026,60.029501753614156,59.86554240189896,62.35382626126661,70.41842971056253,84.35929412729845,85.75174519620423,81.96967060196233,76.66806064363693,59.872133322589946,68.70644410588004,75.88271901690541,80.6473673197452,84.91673187331932,85.50876529253071,83.80447721305482,79.97137820991226,74.51135056106061,75.87930233096178,62.411985154775664,54.374031603356194
2024-12-27,61.11626430069947,58.38204289406987,47.71914699278308,45.90515156860152,45.14021794873428,47.517060566913024,51.681654280345846,66.34433229065847,80.48211300455154,84.08132597876151,80.5632849578551,71.54765433183711,56.138501018522156,64.37430948447997,72.4613279245136,74.66981059416261,83.73303442920103,86.05110649742407,77.86315272458319,75.24815488003034,74.50337915815977,72.18499054891093,63.59607179294911,54.41153231064155
2024-12-28,66.19231059393985,59.79627571260008,51.56139697441148,51.4797620531634,49.14525610827864,53.86550600807228,54.73240381592522,55.56338193834193,72.64160597003837,77.16924141626195,68.88288073084536,63.636578989239624,60.287971845315695,58.82625924918992,74.2240953554595,78.4560980390841,83.80640692903543,85.22767750294504,81.19081289421958,75.8949401206619,75.48671475886202,74.38610883718279,58.4205403884695,56.51488013030804
2024-12-29,59.237621086933245,46.46619998159392,43.022353453423335,41.13314933180591,40.41827697589662,42.46163605949508,43.599192731634346,39.83392009477478,45.41748000073471,49.699944955707835,52.103170344511824,50.97102340319337,53.63812176542723,54.1132368098405,55.50260553174142,55.41032555853518,66.98692303551054,77.66284126597652,76.28803539808291,72.15246041897242,72.18410258452667,70.43101294390345,57.82039077300442,55.28058610833767
2024-12-30,64.5200913340781,59.560182393796566,48.387105126550594,44.100627773850725,44.967317482453645,46.2101572850461,49.15711981896054,71.51253103363453,80.22035904629405,81.91709744726238,81.58240483258308,79.56256494437002,73.33710002882695,75.96623912506325,81.14453175883637,82.35363696891068,84.23541521150904,88.17632678747472,83.29277808446986,77.50847245691293,78.69071256341259,81.33790331933295,72.91344153250455,69.76038752798651
2024-12-31,74.9253587613584,66.68692163392915,63.193236646385685,62.587608287147816,62.90753501329474,63.481485688936225,67.69377062326438,70.27936621637083,81.33926371876437,85.00472955234032,83.8960189188936,82.95187605088442,73.21744800217537,81.28322846558575,84.84328445462509,85.012670965694,84.85029030583118,85.06836213181344,84.72769581140577,79.43251414780765,76.40073691428415,77.27743476254985,72.0575449567946,68.70312879234737
2025-01-01,75.53116667974422,69.32059935340972,62.14601548306171,59.522742564651196,60.49551760506918,61.25538379732604,63.515060222113924,69.73326440652127,79.93638493361327,77.41471082864749,74.56960648841944,63.91229895360633,56.90925030701283,63.69109735900954,68.9204452453665,72.05419167039726,78.9017778457738,81.78107917758746,84.09335565999667,73.12467092612782,73.00570263117707,75.09294140593646,63.75855359212606,62.04452510102051
2025-01-02,76.48187708500683,66.9806439234519,65.01573378400344,65.32421148923737,67.95199087886161,73.01252424308413,77.81098223934093,75.07546459959492,80.68735737231482,79.6976205846946,77.41249948686658,70.71636652514043,61.11907709221597,65.9173929649857,74.80222451469791,76.47561803166302,84.96653490375651,84.64163765631045,83.25703511378343,82.09169718968829,82.4758494921844,81.80014204288456,68.6017350503473,65.31181567236251
2025-01-03,71.70622692853925,69.27293100221169,55.96442531206096,58.07950003829431,56.88592255003029,62.32678122832478,67.92894022162737,73.58915956321219,79.7605715407684,81.07821030054234,72.16330647385556,65.75430317636102,55.595228991589664,56.569263736783626,72.65475600671304,75.42684232153756,82.97422460593101,84.2524037977623,84.6519304416818,82.84637694286734,78.34947029948735,77.9010806847672,66.6767431872865,64.07701020478231
2025-01-04,72.37700626123328,67.04605510911217,64.66248563053583,59.10908009576555,56.322243938545355,59.14768442063679,66.10512589626663,68.01813695049326,76.07553883607137,77.92295744827916,73.32346617425888,71.02587726088022,52.003421113046464,54.83678797483859,71.18608741690257,73.66020935282519,80.32073663359557,85.70577031375716,84.23763677549033,78.63920086182124,73.6985092629726,71.65044051609975,65.67049231425538,66.28622276315973
2025-01-05,73.97193918849892,70.84062139071028,63.339267770077214,54.59281771020873,50.58561447012475,62.620302738302556,66.38639206621787,61.80653804044313,70.7478396304195,67.49397815906154,62.36444331636615,64.83967137390607,66.70464175322851,69.83567657583171,76.11731698240523,72.6677491153429,81.20039556504,84.34877518856312,85.02862049608903,84.36148520490286,78.57172166159764,78.82034195103817,70.75388245942096,69.83233460065496
2025-01-06,74.441497379507,66.19986496666695,67.70047281321091,65.53591833879231,63.016250766142534,66.27891284905868,70.87905282069008,73.57252175839278,80.33203004569572,86.23898297475777,79.80877768283419,79.26291408765492,75.76750412712198,78.77579207137919,81.12289556079241,80.52895298883809,85.54818819547778,84.41842747403739,84.57546822335766,82.61692394003794,77.77315933711519,77.82236707993182,71.81785696694739,67.77245432225912
2025-01-07,75.95468115512693,67.71703983057914,61.6171390220371,57.975458090112724,56.13133032118961,55.18728788836047,61.14937414588066,69.80153953149515,79.99735975641177,80.5217002999677,78.12422007983966,71.99382585543559,64.13378164994201,62.22833623238091,65.49794627361075,74.85934204336544,82.50630042410378,83.40364436056602,83.3926366877652,81.84311591151882,76.91996435985428,79.17745341496871,68.06691857618047,60.10732131222991
2025-01-08,67.60445129231276,62.59703688820748,57.74977736578239,58.203237559483505,60.38013057570157,64.85748025547635,68.61419973952142,72.09232218781825,81.53199057659855,76.33619046703403,65.06479983030485,63.71093233879772,51.26520303557065,47.335220454444865,59.04234374560689,62.60653685437531,80.4291678847176,83.2263481084884,84.00732432718274,81.90964805311121,74.14175647417328,75.49573989076954,69.12015314321032,64.50304034855328
2025-01-09,75.08584298738347,69.93553066988028,65.2707107728866,62.37946984465649,61.01383817191732,61.476485618484254,69.00944258704098,76.01115003538236,85.62726093840887,85.54817934525977,77.98659812905974,71.27029627022382,57.72850916651508,59.25486026542932,71.57775832293486,72.80779141445414,83.67116571833363,85.02200732808858,84.71667345908394,84.34973292731577,77.8643564135826,82.94051551318638,73.65646596692231,72.31222944756706
2025-01-10,74.98177457920254,71.84142498794522,68.73149879385895,63.16900481363578,63.773698014098194,66.23594810119839,72.0961436614808,79.06543679292787,85.32490307972319,85.07973876342953,80.43872084543797,74.51066333483057,55.34815085054278,56.02027061459872,69.01510096401817,69.60651414592026,82.77052364106834,84.68059579245377,84.40453707062605,82.78893663769774,82.30762842263529,82.044987998407,71.75254726162542,66.88284796531173
2025-01-11,72.68589960498771,67.66391317234867,63.994146596836885,64.1288254881931,64.80415192359989,62.913968426886235,69.67414483465656,71.82067860525635,81.90655414303231,81.18381807449158,77.6522795878987,67.54699129199342,55.3405586982469,61.501558562091915,67.91009761671047,67.10010733586368,83.2622477852446,83.46417222963673,83.88637642524851,83.44118071715833,76.4035256090175,74.80740806049788,64.03934810688776,62.145060426273446
2025-01-12,68.67009646448768,64.36629343822898,63.37293394941773,61.138868573359424,59.41866012116117,63.353569092114135,64.58982099494818,66.48264090623893,59.447097465549085,59.214352032064625,64.08531966787164,62.391171534601725,56.32220858828306,59.95402762116393,56.76270072244832,56.01617708501026,71.20742693132017,81.73319465716986,81.71649312174866,80.09271098117267,76.5214477742891,76.84303371170785,60.492247751648094,54.87282614262293
2025-01-13,62.492058306797105,57.90475700553731,54.31401563177179,51.565571592047775,49.7078035898563,50.0320938968166,68.2407642153047,72.45469941865632,83.27493037674049,83.71797385149742,78.38121955930431,75.15368437842584,65.83021384991002,66.27542676855089,71.19194821410402,75.11067409929976,79.74329940965487,85.1286100585765,83.83954182147765,82.90034334811577,76.23218412295529,82.04783865970073,69.50332596737002,63.737324376284846
2025-01-14,69.45161151513368,67.4429248733393,61.91341486842712,60.21833120158083,59.14258526757575,60.35317917175547,68.4462029110591,68.20508034327443,82.24679748091452,84.62139617545301,76.76719764632355,72.06486088388344,59.96413558035388,65.53833289063972,73.19203313989054,77.61546735860742,84.79111293462975,85.49007119785813,84.89397768522034,80.82587941452545,75.72963750604534,74.93494547422311,63.97703253116253,64.43552046917037
2025-01-15,67.7172696950678,66.5637349364876,66.18671899822388,59.31541873088427,60.93967517342111,66.31727243010008,67.5830530633252,68.78811976598045,84.46523195319497,85.056018432459,79.23005464323093,72.731898087635,64.7315330714107,69.32490247992938,70.50655203482246,77.44475894630637,84.98593132809451,85.43926826916419,85.2938520536897,82.60771339574501,76.56140735168573,80.79001339431267,71.17147396804337,71.38314339909569
2025-01-16,72.51685386925509,70.07368252291138,68.81745943695418,62.158790062256486,59.49853269245515,61.9280696298357,67.29549384252003,71.40272273748518,82.26881616268903,84.45260822177937,83.61259927645959,76.6582620865399,64.48315794858762,71.75402207353311,76.80395656216801,79.0877649530283,82.78898151778573,84.46142106905559,84.5452601757333,83.61218720178061,79.34041581885855,79.29228009951466,68.48529998364594,63.470573714517386
2025-01-17,69.09649162468068,65.02970052427563,61.23079627485903,59.442107987255454,60.69131794152049,60.01035011665657,65.73379197499358,70.27175705032766,81.79890193365867,82.58699999092124,81.78219399024604,78.84788781418162,64.02603211500235,67.69626356560372,76.38014454428931,78.94552666201191,84.67435731062989,85.07585784470578,84.98026140300131,82.00893772575117,77.04417483480769,75.90877760384258,71.50113179868097,67.32784717936305
2025-01-18,70.26029604071425,66.15955133607697,66.09463750410345,64.26379599910523,64.68218919144172,68.4858119620352,68.53433811316334,73.68887318258344,83.98370044539425,83.19871757297348,79.19742928813298,76.64835974476364,61.26957020114015,61.21755333123876,68.92106124618027,73.45559941905327,81.77295627996713,85.2294626996476,85.34647855656362,84.8000979258228,82.51053144081384,83.24090762585575,72.01924196297665,70.24382225359243
2025-01-19,74.5522036941393,69.31696889816116,67.7414447897337,65.21567642430315,63.05197464329146,63.67143974613479,71.99351987713247,72.49885406201977,74.77735630740925,65.74571235781752,60.95961279062742,53.60435674781379,47.6133796898026,49.57103771733394,49.95245110002459,58.280441843818515,70.05203180680061,83.50634462824304,85.24966025827523,83.22529911603561,78.3296999470933,79.20199203846448,71.42675095795387,71.27000527443747
2025-01-20,75.17284347571962,72.80637914932242,65.92160908778499,60.011823566785964,59.03836551309869,60.74941014538161,69.9235340279643,73.72503305753759,82.04720017237551,80.97645431855089,78.55104610575391,73.44139163901411,60.284723242589074,67.15845509830297,73.82061102368297,78.06730553745956,80.22388240160336,84.89782873768158,85.38706565985731,84.54200020358662,79.78702749351852,78.67453322522766,69.70482027078864,69.15292428292169
2025-01-21,70.8081561214552,70.7431467615727,68.85438357958093,63.47590161083855,62.63933628106247,67.63488902159602,69.04364396237874,75.4698129872901,85.89362049337535,85.50498041210469,78.49818392469378,70.202908086781,57.29720524724586,63.34634863073302,68.83222723259581,74.39597081306596,81.73682072509673,85.04671615542676,84.32951998856419,82.1318153088272,78.07807226021906,79.36646919048341,71.4187768956823,64.59371098301752
2025-01-22,70.60403424811577,70.4339161782067,68.01052371932725,63.25149689915083,63.08367784037447,62.73372235193212,72.28004900706706,77.2560470281198,84.88393228262623,84.62459118741631,77.9715792040584,74.71013786588429,67.82377985155883,72.33783517869664,76.01689322798288,75.68726900535954,84.19089100251155,84.52849867426465,84.33772119098164,83.74786789769826,80.22017391571195,80.18972265148813,72.2078164204673,69.91778108238756
2025-01-23,70.92697798101338,70.57731016916333,68.97386792449743,64.43630544168087,64.26543368256462,64.47639146461235,66.92133833848192,75.45115280187099,83.02768497009558,83.463823256171,83.06776511474867,82.42792072799462,72.7579771389048,76.77091823538156,81.2462797598346,81.76144781174771,84.22489771152856,84.55758567489434,84.36558865146156,83.0393618664075,80.1708760490768,78.03127675516356,72.19533118228696,70.02914365482941
2025-01-24,72.01213060610792,69.440634699948,66.14406432872943,63.81621275758553,61.801378622550146,66.9254000065002,68.71248014815608,77.3809306582108,83.23352409079293,83.62624196750323,83.07695199518837,80.6409636400255,70.1676706361548,72.35970852440529,77.16588712751054,77.26936834796295,83.3160009661696,83.61069328393175,83.73136250783021,83.64009710513962,81.29873088364842,82.87279216905326,75.01358367996397,69.27783714783494
2025-01-25,70.42543611322257,69.5622246592235,65.85952163354791,61.490014626639244,57.676174095134215,61.74094491460472,69.2574408053805,75.80690232016198,83.0039177748842,80.32512938229428,76.70880903524525,70.1805810408985,59.457844971675364,59.69476262536871,66.80414383319524,71.15435866285503,77.77217991568095,83.7061747788832,84.09662867669313,83.93931229318464,81.46389068924755,80.60478644492403,76.87809390560562,66.01538248716152
2025-01-26,69.57606484258987,67.34638426257676,63.53611435359781,63.13243678205051,61.99699200017718,64.18261971976281,69.95894879475553,71.09041189227044,70.18556449619498,59.380528457346,55.78079491858061,60.5270051124206,52.0036354734329,54.22652898325829,63.85474114617888,69.57030033309275,76.7456762739833,81.62251950158938,84.7503201011884,84.89358009899149,82.98208285476301,82.81083575684906,70.97376436035337,64.56534834494403
2025-01-27,73.02703138564907,72.0251471282862,68.19670378455803,65.94389525750024,65.09289799895592,65.8878360871273,71.45849453404267,80.67407710026119,85.00761993904035,85.6007274281285,79.74811674353306,72.03033516258262,59.679756028244846,64.38913515037753,72.90571752620538,73.91289365606393,82.60067652918988,85.23280024012185,85.3670095440978,83.84180824145021,83.06471274193265,82.98044725058101,80.99133695476654,74.472600589033
2025-01-28,81.36917327138548,78.72471428557694,69.66172404822574,68.4103669884181,65.43191220567748,64.16642472107021,72.84720868728365,79.86750992028699,84.39098461719593,84.6610228534257,80.18801462141043,78.62331905293006,58.14723238544333,58.67361407140183,71.15131529072714,74.84433152424788,83.09569923974948,83.47891423123895,83.78010456917553,83.84188617509258,80.18024138912722,79.36273478351741,76.02626590910863,68.3094015689794
2025-01-29,67.98407511666197,67.24676396254117,60.83773559146545,60.88954413220942,59.06956820550415,59.519633366348764,64.29063839908451,69.81642841897042,80.7026449494729,82.10213456836242,76.13240102278819,71.19627927134567,54.540370485489575,59.99588322071479,66.72040575714092,71.71381714757766,81.3474446538214,83.41392780564385,83.52750800932918,84.76567057611211,83.10622837040384,79.24695091086322,73.86071737599201,67.02152433318427
2025-01-30,72.49178955021867,67.47869595474177,61.88571483525005,62.23629878495142,61.44920346282849,63.97198177219473,64.38114079678441,73.15824239178527,84.62128239570052,83.56952791691587,75.00279657294423,74.78044537485692,59.99854992876451,68.38941491498436,74.11909784174689,75.43099537820824,79.96867552033885,84.15668804585526,84.70463669922124,85.14088165829821,83.01013670158585,81.97978383878382,74.42371421003408,72.52222854552899
2025-01-31,75.54297309748623,73.70279136111263,68.71079815614392,64.81956331347325,66.71667146783793,68.19201457341018,72.02880428799736,77.35678274840716,84.83299242794041,84.57622994267646,77.93222369414555,71.8245033696269,56.02714730962702,59.405255713062246,67.42879288365764,73.36183616850754,83.05644641741002,84.16969105582844,84.43806368768301,84.33180567769712,84.31069839895923,84.24036341343171,82.28129114694255,78.27463784569193
2025-02-01,77.3747924596795,75.08463741171619,70.18205878257285,68.25893574445,68.1355380899496,69.74658532500851,75.34679493801028,81.09901057074325,84.35241476462707,83.857045081118,80.22066735918247,69.81857042140983,55.27268340284696,62.174508046067395,70.88864946299879,74.96888499683078,80.81973505068169,83.73528159004609,84.08944861639523,84.12945253615963,84.17109572318816,83.87938079711152,77.72307315418661,75.08143105443357
2025-02-02,78.4972994620522,77.56937350573439,75.78711182440672,73.99259584399039,69.94767350040169,72.77664586791634,73.47467256105173,75.30941628640856,69.0876608345884,56.9789497051865,48.461788364452666,44.058129796123325,35.7152203954829,35.477548631666984,42.72830037769582,47.49836165016244,69.91025141274055,81.55696661369075,83.81203704609867,83.90181779468845,83.8740600763751,83.96382773468426,77.56562701638485,75.65502351638938
2025-02-03,78.62317892370933,76.68769675277503,72.12982959042873,72.60788197520455,65.72222205234803,63.50392191565245,74.50483305939208,83.28736996624802,84.4022726540251,84.54805747521357,80.65782771413636,77.60042681809864,55.98029805145415,61.4410806716876,71.73695028901992,76.25528858462121,80.88916847026742,84.2264714602058,84.75463134153492,84.55626693962199,83.22766405131088,82.447296105521,76.86597222495222,70.90796065217482
2025-02-04,70.0106361743514,66.80428217068193,58.217360831057384,59.94197824147942,55.841248052127796,56.18926824268852,60.683198829952964,67.66684700216082,78.30279967822803,79.50065140266817,63.06818870273572,50.126517486456024,42.54108962375556,47.61889476530601,49.26371582950495,57.538234648800014,74.7494652141866,80.4984382306887,81.64959635831681,81.56145283079277,77.60276370765436,73.33209727271328,60.739289416687555,57.233372172647016
2025-02-05,66.23385862898435,62.58723034764969,58.027511128017935,56.664360039343606,52.8765456147865,53.44425772079451,57.28921913116506,69.0181953191606,82.45133603298332,83.30496939362433,76.34616743982647,70.05015095123639,54.26078438013619,61.60667464692027,63.80008960390908,67.92908940840496,75.66630762880565,83.0875713394428,81.08383835779634,78.68449269306754,77.08453738172835,78.12554246225062,68.40425039675286,64.44900103788999
2025-02-06,68.59046718337912,65.16448824160224,61.55635264378393,59.82798526707151,59.30089112523069,62.611151348651,63.752049547880716,71.28875236308481,79.15926954330735,80.95271893484019,75.74901398842589,67.78909021576837,57.48339789661484,62.97260657648461,66.2548549371337,67.93757835821621,76.60215008570492,80.49371459387586,78.60456802636477,75.7305672208168,73.67960639010403,76.86612805746773,72.21178481193823,70.14981412588482
2025-02-07,69.14450228306717,67.04557767236795,60.51091605865106,58.00029183322291,55.36130533523488,59.85057914448671,64.1708605584505,71.83350138317194,81.41136386737915,81.45028115441,77.58358093265903,69.67003288007189,57.943959959774354,57.0567415169609,67.3641308169061,72.49409678722239,76.48417162474459,80.82506870894058,81.11988603315967,79.22859400919191,78.75944033795567,78.03994827155887,71.91471537597616,68.86806089903676
2025-02-08,72.68169432047664,70.69651659017828,66.56521767902743,66.15448221590287,63.655189408531015,62.31252632860523,65.83797623393255,69.72217065718174,79.48586717261148,79.93833196583292,72.77683958209758,70.12799885772523,56.291783464770326,57.068208552995536,66.66160827574126,70.4459124399083,74.18919650013595,81.43470034326914,79.28413730924805,80.17040200388385,77.92385045030106,76.83495994321869,67.82755397291614,65.54589400426454
2025-02-09,68.70669195487402,63.47504358073355,56.401082640841054,57.62140627313311,53.844717053070845,53.52196149592427,55.37536640086256,59.20693930865321,59.31424939691009,50.36682863954577,45.38641920362458,40.25227871388414,34.215180002170825,33.54647523983745,39.072238410028575,39.51924076476448,50.208330556722444,69.28607087346633,74.37654688368445,76.47441448438343,71.74211859541552,69.97273160302173,60.11408348285017,59.605530502886175
2025-02-10,66.26435215312597,65.27474296419618,55.989971504426045,54.47083839021746,54.88854894285569,55.63812707178292,67.12047037169076,73.65243632118788,79.72583156214326,80.26306168306432,77.15149789415335,65.09007159998043,57.07059480600403,62.93882249742039,65.19380779518532,67.31095165276263,78.19996120338949,80.12069186470006,80.50309947032575,80.43220193641172,79.78761173610081,76.02105126283749,67.40014605430666,65.67518312387101
2025-02-11,73.9918349722373,68.7703187978487,65.28190864862374,65.22009342338814,59.891828953733715,60.53640608432374,65.99775878138546,69.47878180327204,82.50500979749563,83.05535561852244,79.46801776442099,76.67678576585719,62.18765954200056,70.82587941258878,75.36952036682447,78.97148521630413,81.03111693884787,83.82985230339436,83.36165900337076,81.47164557485786,77.44909327063301,78.47504640053177,75.87615059187864,74.05243658082173
2025-02-12,76.09588597089022,70.02359037685912,62.38769691596857,58.813160569582806,58.97483710020069,60.9735662581858,65.09719702020936,75.68955603396415,82.41194167021249,84.91641255452753,81.16899205858773,78.45618245325272,69.15920951882684,76.81468642384431,80.62325254082214,80.04955282689028,79.97242071968785,83.27116581614756,83.28469371867995,83.79257275891584,80.79040646158667,80.56098889830146,76.48819902508926,76.0530223997745
2025-02-13,72.68874913264521,68.76886754659392,63.81560277668023,62.681940444001405,62.88922545717856,63.38205905165185,66.60218434129996,73.09664240149402,79.38408817770646,82.34623863502858,78.02543039052546,77.13560016234929,64.68682883384326,67.11696658374855,76.66074189610028,74.83733486462975,78.04925157269274,83.01398035988574,82.12184626399853,79.64449177309955,77.88237930892419,77.45538072751657,74.09826975097428,72.39980521141827
2025-02-14,72.01575316409016,65.0490044590499,64.03598146291702,60.81369802714612,61.01934361593087,61.560329651362466,70.19163078422606,67.7829473373203,78.58320919214154,81.39821222886076,80.79116141105692,75.41274287620983,63.15549474183337,63.62198629811557,71.18656201912657,71.10472121982278,75.44038083684478,80.55398076429697,80.56964561311263,79.61880493076539,77.44787527260252,74.87361327500533,71.91302020290881,65.34549370358575
2025-02-15,68.00213663942714,62.90315835124385,59.186852532399605,56.8381094606936,58.335989923141845,56.97603046690214,65.72862810066054,64.91354080193155,74.875191238736,72.55159002690837,70.41269575292392,67.91875042536643,46.62673770378471,41.92643436383335,55.73725871689286,60.348252478297205,69.19796542474617,76.71297104815217,76.63962062390017,77.04276779097687,75.83630974792396,71.76899180261923,69.87220540089835,66.93438643797832
2025-02-16,75.17125242042043,69.31680451518939,65.88265059894863,63.33426462579024,61.959800112470596,62.696968598193486,72.98283127172623,75.8076733535787,72.89007991679304,57.11570478143569,48.25951001513043,50.34473828881944,44.25870239999737,41.16939441032681,55.054216578096785,54.394491028457935,69.51352366635886,78.05972559187849,81.6926219639351,81.56428374652326,80.2207129088635,79.5898860498961,73.38552888465297,71.23627602451259
2025-02-17,74.48058676759707,70.79991373494694,66.517545511225,66.04821191719923,65.80437656638853,68.61528703477481,73.8337940874197,79.20541399338208,81.22211439622507,79.07491448287591,74.5625688636565,73.63953894150427,56.22579004621731,68.91739776852569,72.44785256257445,74.34075348918748,79.35915643958153,82.68866151463266,83.58367245111914,83.50378721676887,82.06170001694915,81.08131589888322,75.81006965440115,74.22296475203646
2025-02-18,73.25233494561118,69.64774698077757,67.75825062130913,64.43008869381335,64.84162267702574,65.33452591976365,72.95598665268209,79.18612803446922,83.35036360896027,82.95988481769575,77.02990661082552,75.65031878346052,68.82080853885425,69.98214700618897,71.7126817743825,74.68039466963316,79.11134742069353,83.13660988534622,82.37392261690965,82.84560898961234,80.29436726570438,79.04138928596218,74.36355459286257,71.74545307487612
2025-02-19,70.76655948872349,67.89297300665008,63.58298626280744,61.203343030805456,61.116922485904205,62.40707061634783,66.81493295067555,72.69599950329109,80.22514685417138,82.02040351294104,77.06317378358699,74.30897906715855,68.70655892069466,73.12501578291432,75.94797644998059,77.02801650344895,78.84100618596506,81.54393719585993,78.93728086022689,77.02436395625202,72.90241970727146,70.5145842856435,62.181678449769954,58.28005564908046
2025-02-20,66.99405725226998,63.32114838453769,58.57531352348803,55.60222617091568,55.834043803960846,59.28054176991996,64.77626947868804,65.68220153166004,76.45795991559214,80.71155958225715,78.5889649679421,75.38564630484794,69.17942356350962,70.75730462039613,71.19742656975053,71.54357801687232,75.16455493694345,79.2872127170671,76.99468955875884,75.18641112100491,74.99072084918637,71.79145834070333,64.76980389642277,62.164835781469705
2025-02-21,71.92862940533928,67.42644549608218,60.82549718740448,58.779217021861925,59.12415786100412,62.11373788582142,67.62260973624531,67.9954178168127,79.18133589901511,79.87259250443486,76.50828531093677,71.71236870447845,56.9545414456328,55.05763796886581,64.12925056100462,70.12749886993413,75.96684534213351,79.91079859225246,79.66421804144726,78.57927479242174,76.78388061809322,70.44909487565228,65.26276794824493,60.997805411469976
2025-02-22,69.35646788073842,63.70184072503911,59.76526712790569,60.25725820296252,56.25810462673166,59.824168081491635,62.70736263984834,67.39910841212584,77.3116552991016,73.3774659124621,63.723609080222026,56.04479024048574,47.26525623035461,49.02633573867623,62.44436757356305,63.14775091266718,69.96892281118218,78.70596495415427,80.14936782363391,80.83964157464337,80.29652821090723,78.70823007132518,74.69838251065697,71.11506656454056
2025-02-23,70.4798174047515,66.98241914364338,65.89521462015612,70.61488097476689,69.45594984208665,72.3382188308792,74.85078658622459,76.66086175772294,74.44066767133691,63.50484506374024,56.1438804563299,44.692500810698256,37.08228365050619,42.13691168976596,42.84005164938816,48.70669722285353,59.15645250721855,76.1173369904437,79.16901196997698,82.3958282857617,81.57167373047793,78.89678276870035,70.12506939020916,67.92546425559817
2025-02-24,69.78149070552045,64.75600398616771,65.31570409905395,61.161136640281036,63.03044534802567,64.16606366871417,72.46066291931349,75.63431535849267,84.14728760435315,78.82719304557627,72.67644770514624,64.30289736580043,60.522494098711896,68.2815892831912,67.44493836450549,71.64871150186184,79.39849744618824,80.61973468034229,81.95001687350253,83.69980979192752,81.20265082301968,79.39227312191899,72.06931775871723,72.7339596050376
2025-02-25,73.49973649709693,68.50633977868124,65.75127638781369,62.852463618465436,63.58937201411086,68.85455448542288,72.38306216095853,77.89618867451358,82.43277139119375,79.656499223327,75.6335977943647,74.10508921789011,68.50859642582218,73.12514775229467,74.08079639178624,73.75332481463828,77.8599340789696,81.2718689231589,81.53610437195047,81.64206649592502,81.75457410405225,81.10466500554088,80.39032913090769,80.18341098383999
2025-02-26,80.14207465634189,75.23647789263961,69.48706501366918,63.518818397261384,62.776218153567314,66.18085126687798,73.77272168619965,79.7238465872689,83.77780639392975,80.88272688879239,78.22284567436536,73.25163939146441,63.19615372337654,65.61402898808826,69.75761283783064,71.73798881702909,79.29332950410354,81.7522600109119,82.09383873092881,82.535540243262,82.00463320150922,82.02346368122393,82.11552717687985,79.08715594617249
2025-02-27,79.08488730423777,73.64426958395673,68.07716705688463,61.61741922546437,59.576273866147964,63.148991537266085,69.64609878002554,75.3362732143615,80.77139301485202,78.86849284894066,71.10585992653019,64.24925042565658,54.754335962034546,57.99866321481753,63.479726873319834,64.50560725931624,74.46328988503879,82.28585787912166,81.27880774322892,81.12597164496704,81.35904690591494,81.56940448028986,75.440980534654,72.3214110289745
2025-02-28,76.01651081476294,72.59776801720767,67.34452851193367,64.83864015138491,58.384185547991436,66.13724469337004,67.37490957867435,75.55416219700989,83.02107762142332,75.74791915048876,66.36823056566762,60.85844521228874,50.42970479843668,53.22699023291967,59.022140164538534,63.69289410685813,70.36436251872179,79.15067670925157,81.26651736241156,81.02184695798059,78.36301358670971,77.4259109273051,72.15630264163639,68.23110427517759
2025-03-01,77.05895066768939,72.20581080476138,63.83948507050377,62.29661327265516,61.71044937680772,63.2087385383954,72.73250416630881,76.35996759659416,78.54379210180127,77.75536395630353,72.37726507610965,72.77087002073208,57.633728070552515,56.9840642473995,72.3780364149858,72.70224392046362,76.54695851554516,79.17160071130692,79.34852993729827,80.29997893058766,76.89912512373134,76.78059579216536,69.88013568062473,69.01239423056205
2025-03-02,75.86612170319515,71.43561591600701,68.99194055188771,72.29402736466744,71.99318576803216,72.96403344043269,74.32883739549388,73.52165087360258,65.36738983891348,51.890069964642564,45.66184321881445,34.47728664674774,32.78700281902097,32.046969259753794,33.867003544255326,32.29805925625293,47.78996942911615,75.98214618927149,79.3297772317893,79.41710349738406,79.55577323474448,78.93223810553918,66.90288026437788,66.72124920340298
2025-03-03,71.5888891441283,66.53757325893616,63.308457999118176,62.4880349051117,65.52187639214787,67.44603154378052,66.51256898710093,66.69073321993298,77.1460611088405,68.27300578351111,58.410889012721164,51.705218723842535,47.16197771839054,49.529876282666784,53.24057731425035,54.64498541888386,72.10584706197199,77.58226771249915,79.45198666773047,80.05945445768194,79.16220891729533,78.14474053842126,69.2995629943079,65.48240497286494
2025-03-04,69.33233386381566,65.97864676766709,59.73745227555415,53.342468620719984,54.988501030151525,61.00523699092763,66.2184795096129,67.40231219306825,78.18485880742902,78.39204623669264,77.01931601587631,68.65188628144331,59.990451837831614,64.71686825516501,69.09868544284126,69.52113365682601,76.76140301730398,79.11539637331354,79.73049689325514,74.53131153399818,77.39967257980788,75.20685728453951,70.4778762922968,67.40967023762236
2025-03-05,68.91555131283602,61.055231697230035,61.721441003045335,58.402473290616236,62.03392504550059,62.91393288082131,63.75156367258052,69.48522487730132,81.30672939766463,79.05030224136479,67.8969834636088,60.75219416865713,48.012582535295195,53.70646776881627,59.5063733028529,58.503335293865376,69.67065119220027,78.08206421153906,80.89145751770167,79.13251277811206,78.86211313415754,76.7309447386786,71.38352233575903,66.78745502513848
2025-03-06,70.57982127789971,69.68545176840756,64.05164666227691,63.2822212081446,68.84078669196019,72.31250054842211,73.46839501701999,72.79863015368727,82.75314232448599,73.7757872141975,66.80926222940889,60.196916101681786,45.478609733305994,53.549476274559574,57.599621037696906,62.18538716183554,67.21367375093817,79.17477229103255,78.9972136262981,78.66821395946516,79.4838130972014,78.67357711945625,64.7261153912717,65.40712302001016
2025-03-07,65.77622309494451,64.0052129243486,60.407731417105694,59.756450969383934,66.85607694175413,69.46729908285792,72.651340533339,71.85254593777745,78.31488157362088,70.71506728840488,64.80535774747467,60.859262935085795,45.11598304729473,50.28350502294236,63.09631843403454,65.90463749180591,68.39821182454986,75.58701942532068,76.46345949938765,75.95525235258228,76.5860198715491,76.17111758453183,61.656042005419565,63.60596897915142
2025-03-08,67.55613544584459,65.45213852724324,61.47664437441146,64.13671368666635,68.28159376801243,69.39956631726535,71.24431292289671,69.36546723047117,75.44108101138445,57.09435996837811,55.98303046050571,46.51573675817493,33.00261252298274,33.28085443514817,40.639571120294185,39.47493311604896,51.98401028139846,73.66515687801781,77.05945613421515,75.40249649750584,76.79658483753518,75.75143480104352,62.04880903175703,64.59948518247417
2025-03-09,69.96751974534763,67.95579850643112,64.05888053009235,65.9037569828624,72.59285517546358,73.01966982767428,73.25043619754214,66.87581730835295,48.094216739197655,34.7231524435936,26.32461930303084,18.058895454450024,14.245430218960019,10.614911024116193,17.495838978702174,14.038268293828024,40.48763552770576,71.7634541502783,80.4157442136292,79.8306627734096,81.18518754447531,78.96009549034994,68.65700910242181,68.25769693408381
2025-03-10,68.48302264590752,64.36154900864753,63.50787256850118,63.54312351407916,67.73594754466164,71.0611892971059,74.1654332689941,68.23747240861891,79.79780359001187,75.03092837460956,63.38086589516209,57.86434926979963,49.568847271330206,59.539332040704195,64.64245127457822,66.54586032568348,75.90450614511697,78.91524202918633,83.87420394857197,81.83647104547795,81.85741881504994,81.89417159723696,72.76504826664663,69.84798013260317
2025-03-11,65.97709855147755,64.39950601040817,62.48367988920395,58.40572220786272,65.8252227371036,65.94366773011943,67.96862091044908,69.40350718466982,77.01410537783393,69.74096202213406,54.77486952609243,47.14683657397622,34.21960325507151,39.5484450207562,49.838262983410324,48.24180238187122,63.31295916957913,74.200236930005,78.13070776200657,76.99391804584826,77.20186069784219,74.14684009641367,60.075862224076744,59.50456818656272
2025-03-12,61.411120045081944,58.72702111524551,55.24638444557845,53.7287542341334,58.4872902423037,60.892900473194025,60.60494817013967,61.17493696224665,62.78318876311587,52.672270112443734,36.98012383334075,21.45442466689487,17.40689962800761,20.86179838696931,23.16172171446887,26.633272425323522,36.052854208588734,60.95853815643458,75.96421125934283,73.72709975977736,76.13684776000288,73.93370758809675,58.57883943352712,59.86152746321449
2025-03-13,63.881231369216714,61.75197202973975,57.99678412537299,57.15397275603598,61.722447814420526,64.36698772181943,66.65504635509016,63.930126819973935,64.63476889788997,51.26861986563187,25.759283953209128,19.31406283759873,15.284441709625138,16.480285038297083,20.526352940476603,30.43365160107511,38.38962215907786,61.00282426428165,75.47869350339671,72.75584256486381,73.11784588396134,73.57292828548307,55.22473816241667,57.96279314665392
2025-03-14,60.50898510581819,58.439015592074895,51.44931714195317,52.37845070567516,61.39480216916139,66.5356437338296,70.7744351117535,58.93541400008449,58.45369017543759,29.366735423877465,33.71050209882161,15.757084287708638,10.897765919237669,13.316616658574654,20.592992235614282,20.20598859164422,31.25816506971786,62.57661657438949,75.02315684425199,77.6708608685813,79.59673554046881,80.14102036843255,62.9478646680582,57.54637601922693
2025-03-15,67.33206786657527,62.59333717559429,59.285478958143614,62.9248598681137,68.08497849909186,67.810942646324,73.8608287937106,65.42020311185635,58.54876357453488,36.081230537500225,21.18785625015663,20.218900769619477,14.09534086543139,16.93018754416111,20.551528560734912,20.551884491673288,33.11108124327057,61.84890374520557,80.58579981838744,79.01870272906929,81.24632283265002,75.85464146488208,59.494967038508555,57.054325169765704
2025-03-16,58.15646365384466,49.73086434836824,48.870960723654335,49.90177996457024,49.7500721365272,50.17179534613873,51.12642796267815,37.53340442126732,21.110728309795945,16.789210189724386,12.50171516820091,8.138541812484835,6.337498010022807,7.115104207220593,9.650584222543696,7.994860729534666,15.166041820439638,52.584541188928945,71.18760821025745,75.30834928625205,77.34752634702178,74.09578989847581,58.50627801145921,57.046359684969474
2025-03-17,63.15711671733624,56.51168078729373,49.85119652293484,49.96102102960376,60.52962963300485,63.61104413626255,65.45581837758772,52.00712443730523,57.14488392736165,34.69535345724495,26.0190760275109,18.2693459644025,11.761445687422878,13.468628412968858,12.98084239418359,22.526924033786194,52.26778661577145,74.72938280934392,84.96015634466193,86.46747222918674,85.28707100034693,82.4504058425157,71.34338494579349,73.4733228313464
2025-03-18,75.66163445736001,65.6960704291012,64.8228164394858,62.14964478800565,73.49014934550439,71.47080856440866,77.43217260548174,64.47562882587397,72.72855725916214,59.34216791112976,41.338810688669156,33.27725779727749,22.543702525671044,23.221479428563022,33.757299455240805,49.99745667472223,55.71106097341476,68.36680759100759,78.07557985731042,74.29095512574271,77.04674527885919,76.7415202781467,59.655251860783046,57.35479466794629
2025-03-19,64.56656593681856,53.36263260885386,49.489999494222964,46.822489440600634,50.95353743065755,57.19471270463103,59.603850614427245,54.09435603787072,67.53831071884163,50.44322954282379,46.259074801157695,44.19226045527907,30.21475053072328,32.90075162721219,33.288152085959176,41.89666105669385,65.1353502190829,75.20698168232003,78.55373599740933,76.58560840646093,77.91414157532917,77.31030670285732,59.81939389422937,59.185314951344125
2025-03-20,64.93785110944211,62.430147710828095,59.170822227880144,59.46520114528356,65.62149050856355,69.51365222338163,69.80391592294647,56.51741487098178,75.105030076363,78.69233339422593,70.49266628701129,65.74340229065395,48.373027909095406,50.54170402035691,56.14686680035998,61.207405897471695,46.35585987286279,67.70718342098333,76.70067894443437,77.12516623238889,80.43072119606802,77.64933699724605,63.677811423721316,62.765595113425924
2025-03-21,65.13036800088183,66.11852059979762,61.640644809954956,60.45371710893107,60.93162442650279,64.14078505487804,68.89281987767028,68.03938482162602,77.4984532106403,74.78731750108851,54.3239082386765,47.8350813439629,40.95357036817965,40.2163849158797,46.36029923933398,50.74310479095149,58.66239858060731,68.57179357357592,78.0632422950689,78.45098565254003,80.43596274888354,79.98110959401338,65.34013178720876,66.48543541951904
2025-03-22,73.00768426395406,70.51859282666717,66.62690818293319,64.5022443657158,69.12702458987965,70.32312791398105,75.15376264702448,65.41784722934106,66.58326504508015,64.72173147061643,63.5116996814941,59.65899308286718,37.87972173466748,35.63459160657928,47.44424825336481,41.38547769429902,57.75885332692942,73.35854873149428,80.1962717088938,80.20322820661852,80.58772843740225,79.73915235796196,70.94544568547654,73.59238469888854
2025-03-23,76.35663085042675,75.47074135653635,71.5690257162019,66.09431216404758,75.18034692921111,75.81888904380673,76.43971423398861,63.37843010737743,38.85349698626181,32.84831504766958,36.37747639097384,28.303678565561928,19.434814429379493,17.103596085069462,17.220504938953898,32.59871922327761,38.87397267837686,62.087987209687405,76.12613964474374,77.75703571540494,78.14142282585391,76.55420442924782,63.661914242596154,61.98818200087219
2025-03-24,64.06668227115125,61.13316252696262,53.90461384449691,49.428904904257635,55.38441574751309,61.133032365784885,56.99455067326459,42.28233210457722,48.07957703609364,50.80627219879942,49.866906601591104,38.21723003749732,32.59249247126323,38.21460854766452,40.69325071300467,50.160550144423524,61.57805014366471,76.36931231777038,80.5843135736232,77.89983692399954,78.29638912693542,78.47476286097971,68.63764839960989,69.2394624870732
2025-03-25,70.75463877466962,67.44451931027736,66.4460060200368,61.67853888022713,59.81504500617896,64.11584721375863,68.64502958268544,66.47107210844185,73.74357690861214,67.9537763099878,63.66152290815496,64.0462849566543,38.877796074575805,38.16821562289439,49.300893264540086,52.08122284013712,70.16810492345145,80.52241719191896,80.39733256628575,79.60033232161575,79.7449415792123,79.86390899044387,64.8128302596149,62.00075138479722
2025-03-26,74.42941409357077,69.50701066173202,61.95245787640622,61.48628305451059,61.60533916728712,68.77293831931124,67.17162990389865,66.9531127725612,79.39113408800834,79.55205429544351,74.33625476074685,68.95159483819835,41.21312284464624,47.852979988637635,68.26638864925306,67.69911361551291,65.94913575101944,77.37942291153783,80.00415442578102,80.14163336030592,79.41767033346501,80.23612708134876,69.01186214732373,69.50580146190138
2025-03-27,74.58322395524473,71.82756752931321,61.61506602341238,60.59424681137517,60.91841368998183,67.70159924513311,70.13680781108873,64.99920085321914,77.49583398074407,76.06876293780712,57.780207004005995,59.49473726415341,54.570550280704744,58.2330321034061,71.43737496020694,71.75576421048531,74.507355387887,77.69297755402424,78.3781949122683,78.81224552215356,78.54836285380645,78.31034644656987,69.69023416920834,68.4262995366455
2025-03-28,71.7013835775236,67.70526928735565,65.73421831053489,61.18199291314862,63.60842992826589,62.1827445547321,70.31744215939334,59.41990243884112,75.85247048562518,75.4316038723169,71.45384238967279,67.25499679223866,53.16485107882849,54.079355171206124,67.31165162319657,57.631663415698654,62.85667167582213,76.882101718234,78.88677986275647,78.9716462703279,78.74989596816043,78.95086478980583,72.79857107594663,73.03031868902042
2025-03-29,68.82263211459723,63.72537732242283,61.80838885308722,56.6351817743323,61.80650598443167,63.73037405292986,65.83814718859622,52.450633379297486,51.95347586603951,48.28593627450434,29.159646227792596,26.7388266175815,21.750238049147015,18.632164232681788,21.775117464954747,37.91177562828913,46.70928661038849,61.582016755884716,73.47421465591839,75.68900188008111,75.13311006394657,74.11049400622295,63.61745581863916,62.265250892273244
2025-03-30,65.04466074805603,62.16659136344203,63.711796438276195,61.21508880789327,62.60597542258258,61.585944113802746,54.41614888567509,23.553363055993767,6.939423423728898,9.738481728905178,1.7391769960552677,1.059769422348881,3.0607363406373636,-1.0701822852618095,-3.32995414975641,-1.4440104595914416,0.9978341542420442,33.46436498977808,66.83991535565396,71.82178467639444,74.42523102622815,72.88563313253387,63.85016452968426,62.554997388103025
2025-03-31,67.59236752658114,63.0979963000076,57.067876001402574,58.85855166298468,61.307338470201124,62.94978635782366,60.399476452868036,57.67466314273423,46.91128633421917,49.7756443632216,38.90004907767836,41.162920396050495,36.5676072796672,36.03869342822056,33.37483633310483,38.35379556253118,48.23509853968521,74.59103314756919,74.95573941914475,77.35351918763925,76.38653431898227,74.92764707681022,56.07444873142568,52.774548736923634
2025-04-01,57.49187293199185,50.42707744649604,38.816355555617335,36.733852694706144,34.9580790341996,39.88905387497035,44.968232885129616,38.50036516909239,21.515034144333754,18.369180593847073,16.53072449517116,6.218213197341434,7.399463512220334,8.039004176103537,13.495696036218721,13.631163787374213,27.278727053313666,60.83036862997181,71.67632491581148,77.35103520983257,75.9305593276816,76.25730412332982,57.56186636445628,48.45826561875097
2025-04-02,63.45667637620812,55.149701362369285,35.954008610320756,32.83797457169921,29.09897045553136,33.231007323781576,39.56286970833984,28.937730738476414,28.82451979441274,27.877416762637964,28.05633811112949,29.23563577930808,39.09849912958791,43.66735452902469,42.60624169954478,51.460585855295996,56.8983052152768,61.86476109553983,71.55823820955142,77.4999037566969,79.19419838463052,77.96164389082544,73.25683428684876,67.63970061536602
2025-04-03,71.56997583000799,66.85060562948556,62.45992139689734,48.93460176929595,48.71527980859701,52.084079652758454,64.92948352280114,62.90429994420903,72.09341839978363,74.53141417767216,66.91589953679018,63.825068851370176,53.143910632627474,58.08566485335318,58.02294846576177,53.894305508345475,61.612665899752386,70.81404895509897,74.65111177304732,78.09961884833457,78.50466842659759,78.65093413227545,69.00449714263156,65.8177269492116
2025-04-04,66.49300998290742,65.13457315679786,57.54951251663427,52.85803801595741,51.360311417595966,54.541253107806305,62.84281956418249,60.99577550842461,70.10905050786698,70.23348161136303,60.67529084774991,55.78437738416358,44.59281506501247,38.7115465257147,50.42601607831767,62.07413671546565,66.70691395639912,70.73498755457797,77.18329732218842,78.49316162876198,78.00725351411971,77.23324774786613,66.57599166670333,64.40249269505117
2025-04-05,68.43445669003142,66.80115024734752,67.49980131356222,66.37468604168593,63.00856879245899,65.8467540565922,65.68444342508708,48.40003763810744,53.06667276996561,45.64092389094346,34.36256694625855,34.08550798671411,30.235963512742586,29.279387371458938,39.81546000467675,46.1315627528179,52.554437082511875,67.16583086266381,76.6778890270437,78.79215048498992,79.52055176340825,76.46253519991645,65.98912904298675,64.28042354587704
2025-04-06,63.72527188200322,59.15610610386967,58.12463052052266,53.69126429370208,53.366611107796345,53.96726468593859,54.306276010097335,34.44913630949316,37.17856925568345,32.06306136193019,25.497064064707118,17.52057001417107,13.02752283379338,15.918806769411525,15.13540292227344,17.797314919372972,25.529813375988656,54.24728019457075,73.86438053907443,76.73328021075997,75.58913665216537,76.52863439245819,52.77785468163614,44.73365837872657
2025-04-07,64.95025405746935,54.2012448722328,43.86871743975016,40.8064172169123,39.80094833396128,53.74986064740449,54.09530881535623,39.698031101102956,40.36704022377731,40.12914673971616,39.957482140383554,27.79971171571996,30.835413844874388,34.13163195063661,33.60059498417939,37.51285173637775,45.86140497720844,70.6725490301174,77.56529598606008,89.13267957840597,89.58818147984076,91.6784332492053,72.98818532173689,70.88386409145136
2025-04-08,76.53487641839571,65.344094014002,56.228060142669975,55.491345564147196,54.39924190662768,53.71090815827711,55.024554873727375,51.19873776585652,77.21470695255643,62.58616747151405,44.04307890050325,42.920734332485125,34.5253112190892,42.75722773683093,51.3663814926355,55.99505611946256,72.9108285661738,77.20766072071957,83.27313253255225,87.37419999152476,87.20091929900774,88.19484161626231,78.4244218505616,74.49420426366571
2025-04-09,73.35545184622232,72.72560470319735,68.89294655760105,57.78869247835088,65.83283061014345,69.5176943763337,76.79345737650148,74.79000068029862,80.5777963119911,77.25983541864194,69.39818714215505,67.83180640209463,59.46119963371831,65.50318921860699,71.97644593416149,70.96524240286132,81.23872042915042,82.89259187160403,84.0017281864858,85.79399490059903,85.33211312012118,86.11145212978509,76.89873050683079,76.96503929857302
2025-04-10,83.82302271062123,76.327757783568,71.8889250384653,62.10574360249091,63.59148952909649,72.65171449971825,76.67897198802696,75.89453244738631,84.0793443908604,83.01229197838781,78.40098082649166,75.66576360303495,55.48567297038193,63.22766319110937,62.527331646421004,61.464486461635516,72.03184851366773,83.0551716173087,84.23456413545902,88.0667277050606,86.92165599948822,84.66232675498506,79.71937918803098,73.74752108218347
2025-04-11,75.57052089820705,72.08597670232749,60.5078489145858,62.06642131450997,57.040085034618954,66.12092596458254,70.8437871933142,64.9421224072295,81.57839995093907,78.08774146142058,74.27024858739637,62.811007058266746,56.01953125814037,53.646827266724195,65.18019881668474,70.68673522266444,77.58009152080554,84.6562289533384,85.46509521105651,87.4123770670239,87.14515082764248,87.63993667918945,81.32513412705703,80.77198429806649
2025-04-12,80.1531125459711,74.97820225078999,69.30338310950562,64.61537228706922,65.0813383623036,71.21900468776329,72.21122561308752,58.930075705079396,65.39437261051222,64.42205564406684,52.81390246526713,59.74536132642824,52.78675757145237,54.61308495139742,60.12566928998348,58.920339452915584,69.85202030801811,81.38729222208664,87.43177464374922,89.92427889237814,88.97811939363653,88.39655329659207,76.55610476211312,70.21524433844412
2025-04-13,81.39647379840797,74.52545869824256,65.37758300878514,60.080309172160824,55.08861065173879,64.16912185212041,60.724712352017974,38.23790391015105,31.423243353901444,41.536777143769356,38.48386265210606,22.56145892160639,23.142505254552308,28.38202579804211,30.207571243986067,37.339839505847294,40.046923899128885,66.22017903024184,85.49022916531042,91.49103938785156,91.21244969215819,90.51181738385348,80.43697284761858,75.18814092762189
2025-04-14,84.17971458128294,83.37466820671779,75.11203011308555,69.9872822027469,70.37150876002133,78.45644694407657,75.54415458924716,68.02920756606032,81.59231852743979,75.06478166762963,63.25949855779452,59.212710117210335,52.25991529625057,61.59648392607754,67.63009441150393,72.98267131471682,82.05362754735863,82.65864195004283,89.3696863507407,92.61973600130568,90.56329633715858,92.05992118769086,90.67279240521496,82.90401413739966
2025-04-15,82.08203255660028,79.40434826974273,75.56195080417723,63.87730194866929,68.41032020858816,75.8386462132992,76.58018808805103,75.91830693095577,90.14820705763543,91.36313240610467,75.59556752800142,73.03562539032743,63.86691142421853,71.72898794092048,73.28664846581796,76.43096621558578,77.8764066972269,90.06900750654623,90.73597972281321,90.94629844123175,90.45572526663834,90.93192940963495,83.875477526165,80.14371514065084
2025-04-16,85.28527133170611,79.42082010561147,72.54994699433858,67.15075347493504,70.80772582308037,76.80009392008348,76.51631259961853,73.85533191251133,89.86288715849908,87.46022738809243,70.73292563458904,70.86319454363037,58.20495898155218,68.30480312173414,69.42790262207531,69.57370799588719,80.1332525233728,89.26806731705663,89.85298304861907,90.29813768177173,90.6011858151066,90.6611667695934,88.17049301396386,85.42687672597664
2025-04-17,84.4215605978358,81.95228317006148,78.39457828321777,73.82181068177853,71.90414468763524,78.27943534529058,74.44324868451466,68.71516705764297,87.42086452260664,86.64708997475927,76.5579680684527,71.76647805065375,54.03281398534304,58.44527853901655,62.87997067222301,65.9930865025234,73.22272448082677,86.88851910642306,89.68113229568644,90.0113192154951,90.045382110139,89.69444744807618,88.31793239983428,87.7182663595733
2025-04-18,85.04290916985188,81.90860747497608,79.62674388040206,79.08611198562602,79.45069009824249,81.89302202249426,78.08226226979505,66.29948151866445,77.7580668434959,68.25047226971579,35.14002419938061,43.52055929245166,28.836144972510485,30.74650916500038,47.257507685910134,46.75958343898577,67.28981154728314,83.4853690427766,88.45176324629414,90.07691220936408,90.0557640129908,90.14198415862234,86.86160801113586,83.37239747440498
2025-04-19,84.71992214782739,76.44994416774935,71.23639350471475,69.82937961433896,70.8557817437135,77.02180091904748,75.32150485808721,64.24551849239477,64.3819621066343,53.52878404567685,43.803543559750494,38.02049946009298,20.511093617768374,22.388520606415895,25.56870823411243,33.65624342001509,53.67973378782148,77.97740138373402,87.14586531123737,90.4238060627006,90.4229643357988,90.2583922809777,87.72230256264297,82.8470340191483
2025-04-20,84.2665052904638,82.0027945918321,74.41731767012094,71.10206358411241,72.60810664562055,79.68395987391092,76.34369393426086,49.3192223139948,42.305550234148406,23.339085267290763,8.309766790375102,8.196792499423236,11.09512154536179,10.147628428618168,13.89723440849891,15.959768235333643,17.345968131180253,59.23911356281147,78.68713940063897,89.01783201251665,89.64434831735781,89.62873347277419,87.82344173709197,78.69303560196107
2025-04-21,82.21112868218395,77.134900221237,72.02308673878758,70.426565350725,71.68424833737556,81.1297546997667,82.09513743763368,70.33673977999048,80.22757136719625,69.16785229923443,57.47300443804788,62.54017521308421,48.6847124729826,54.24963270675267,47.49487010918213,50.53006009913818,59.880880511892855,81.50157949862788,82.7790751336885,89.5415275077474,89.44625780542695,90.0066832412761,81.83600120702194,76.61638007083393
2025-04-22,80.08869356595675,79.13752015311255,74.55668482800195,72.79363891746137,74.56037685980375,79.67834362483988,75.38818325521467,68.60834348541256,83.62351842636994,73.37506707262703,57.000560612627496,53.37515777732857,31.462928813417356,39.851618040657,46.50940571462234,53.61994373928431,64.8059450508592,81.94632166076835,87.69180507728726,89.87600857983043,89.47483033748993,89.12407451201614,88.09217541018695,84.80353892788094
2025-04-23,82.53675840411785,77.04086178291564,72.67383841945386,71.86629028090832,71.62648897517428,74.39978438759826,68.48649602364075,53.294289743001514,71.6962571484478,47.796875885707465,26.745895642927827,19.226146033441385,7.901036592229716,11.18607591951585,21.5587555437495,31.92269008768051,57.7206089963425,76.24691325219598,81.79098690987666,87.49916468790715,87.77279268083453,88.18206114783366,86.47835147901294,79.21949815850135
2025-04-24,78.95497132721314,77.7972101117496,74.75183492758026,75.88494867324006,73.67489985071306,77.16910832403327,74.37594340729088,59.49103575930114,72.80002748978822,49.369506264685235,27.604040500075456,24.852842164768095,14.795556821537721,15.595707504153623,27.29463617778027,38.34202287997061,65.54998482252392,81.60287456669914,86.33621101753994,90.32577720810049,90.59068908035341,90.69073648354052,81.27756993889501,79.70339519925795
2025-04-25,81.08803191583385,78.7028910704021,74.72800543004222,73.79995403459657,70.62161560530981,74.60663269734705,72.56572171976501,60.227890262877985,86.24008817810548,70.74816594283512,40.82645829186506,43.39592326781275,29.623981740304448,36.42943901378269,60.73111601541376,66.44485846526055,74.44668271556863,83.07245705596686,84.78919222362971,88.53297814419854,89.043996263319,89.57680652686756,85.46871429672515,78.27493600097638
2025-04-26,78.1951963452644,77.731133105603,72.18988656464666,69.66263117088049,69.28786292969413,74.38255947666082,74.34691976413005,61.47545032992263,68.78543880181363,63.293614778221546,57.33046065491492,52.765466817555726,28.480234439370626,28.743071567879745,34.09084676268103,40.74315393152806,61.926152880120604,77.26126738109521,82.54056243957552,89.14307622262591,89.20303857207851,88.88689016584694,87.4911967695692,78.94750209551155
2025-04-27,80.20665385838109,79.50756813212121,75.3933528650156,72.14149040032382,64.13858614393392,65.8830131429603,62.763301985149155,25.677085755247237,26.11732242484017,4.284216937114904,4.425606783929731,4.105855458993031,2.130197124930214,5.324495698741554,4.3680253773392,0.11405346340297816,8.7009430591236,41.71503016861132,73.43898485445347,82.79605907282823,83.43199641494445,82.97811751665648,72.37996727670705,62.43294789626685
2025-04-28,61.07899568752404,56.94373385692606,47.497205236345806,40.502668400032384,32.144690604203845,33.68049230945452,39.88978332507909,34.147841919277596,45.82359682657159,48.7345833807277,40.47815904555712,40.26308188682693,34.62698246483274,34.06853461118462,36.513468614217594,38.11761396395211,51.54744998591409,58.91013865394842,86.46053505044091,86.42648246960904,86.99302372787555,84.12152713731139,77.8218661329554,76.696791367587
2025-04-29,56.54409449029228,49.273078145613155,47.43209497521668,39.817917951315245,33.44063138811929,39.858329534720205,33.81821620605548,38.03407005215399,42.46778383372734,41.37839674311907,35.79531257422276,31.27557254186629,27.688664416873127,27.5239811657577,31.709700117506397,31.157498589963463,44.404253300766676,66.11733264886833,77.50171578561041,88.49213968589245,90.85880965462803,87.21312280277935,70.72156753350978,64.86011467003652
2025-04-30,56.067975876353685,46.66237378082645,34.681651872016666,46.328952153372434,31.792677913797327,32.56499146022193,30.141389294138605,23.85922101645292,44.42659159946705,29.77609994526498,23.36574333511012,21.589246415002755,18.848401255215254,23.02021383819943,25.65010646069077,24.519881437156087,36.34611624696724,63.22724647409515,83.96751416605845,89.9351535795933,90.60078423160098,90.51953418222996,74.04909002557248,65.8250049946127
2025-05-01,71.7897165324973,70.21792628476268,55.79931971667352,47.42868204277894,38.46341145367038,44.58478698975012,33.08688872692631,16.279478435176188,50.69906384039359,41.3321769857265,21.123036829471467,24.490245287683013,11.449757668136648,15.638177243822843,32.827723754216464,36.6211127242143,54.09793346603446,78.06825745044173,84.98402714519301,90.69435481730667,90.94544831462792,91.13824529372553,79.82458332336974,74.45441900805946
2025-05-02,69.20982226963848,62.825950220686295,53.31423270104922,52.051601968336215,47.243520927040194,46.74601474297103,34.98460945912198,34.888510018892816,45.177959339790796,40.64344939919954,41.73730723194002,43.470905974045486,29.19008024553879,29.26432872439776,34.33526544964741,37.93128001231558,46.10549899370933,74.67034242520786,80.40974153622349,87.48561318231924,87.32238935252262,85.68463241021414,58.50990591654135,61.5633523689986
2025-05-03,69.59846655686488,68.59172050272879,69.30489121345317,67.32292890386643,65.5400236308348,69.48535081871886,61.37022001938683,52.250228368881054,66.37490033334869,60.77038874708736,61.164732213859324,54.87929803559936,30.64523397090127,25.950422612428376,32.8296897118775,24.71804647572595,40.475013315684436,73.97016468867574,72.67766524994613,88.95544275186305,91.36845077347401,90.94244126989115,82.19049698782081,82.93064947945375
2025-05-04,83.2428143264515,82.2036498321616,74.72110902056578,72.67026090597243,74.4253484078005,74.34371389717676,73.77987235739889,27.573313358359087,20.808475159333774,9.746416811378847,7.83626686552677,10.586787066595996,10.61958973130627,17.82697175359979,10.522695513854682,10.732709409720593,18.738362868794578,69.38859435677685,82.01128800732401,91.43540688424217,92.59456006147457,91.24503210232749,81.09400856697795,80.06546442540211
2025-05-05,77.0671169980176,75.98803346417502,64.10758496977344,65.08623830523327,70.09703587170758,64.10262986222833,68.34425990141335,41.08876571434745,55.82104433487851,47.608623021494935,41.74450875993563,41.53093002680121,36.06967773898201,40.73922144504239,42.59774986238338,44.199857211155404,49.931917527860705,68.83547217686628,79.88489665802507,89.82671634556165,89.70729081712224,89.20231087689892,84.91499667758927,82.13697284412892
2025-05-06,84.74085248968103,81.49047828654915,79.50708920031649,74.62073952027114,75.42459362560382,71.33346407833422,65.6720582355344,37.1234454008934,78.75799471719122,69.58107208723425,37.69633006644367,40.090307690485645,30.5093650878968,30.363083325032278,47.158400233023045,47.850212478448384,63.67474823435164,78.84579227042812,84.67771270513661,88.65485796466942,88.51780208701089,88.53255495611988,82.23719155674563,76.19288471143678
2025-05-07,79.82373083453636,73.08450463511986,66.54428190002767,65.42166767775265,71.39316501273069,76.12575197622765,53.49013593793029,40.70567474869817,68.98810188070613,50.165916494675464,27.859136014472288,31.967860261352193,18.310349511236073,21.904563338787884,25.307446258568184,26.433907138037718,45.53452536393811,75.73934288973348,80.12808064891645,87.1485623688228,87.67101221100677,87.39581722556802,74.67837497465332,71.34363055804906
2025-05-08,81.71210091106053,70.7684489061228,64.38387906761693,70.42098991859841,70.41652710351568,66.4146850998734,56.233714000330394,32.68555203231376,52.39007640844483,44.37166303023329,27.739890354629292,29.2065246203325,24.746143880673124,28.07630859173001,31.161166018055695,41.631143545275826,39.66903793207657,72.4663301169417,78.82546917588671,87.69104931904123,88.3076155951221,88.58528070924385,79.15888028909944,76.0705800557638
2025-05-09,78.51851557768828,74.91394231532509,69.29039732552008,70.902533656141,69.86966782385281,68.79230843098689,66.75332175687089,57.564459706326055,86.20233250027104,84.87534067757402,63.99014366157166,62.33043583594327,31.130883163170523,31.623017086496255,46.595527660605086,44.328395786046514,64.5318903557405,83.16910431709388,83.43519302800637,88.21749350284456,88.29152941302199,86.80636273878604,77.27010568342075,74.61564546686611
2025-05-10,82.65534093734416,78.11451499803394,72.79254430353502,74.49791879347224,75.4278565820807,60.14054883951951,48.804052899506736,48.78618104805755,48.056538897531375,44.34856154643357,40.42322514239788,36.18276140620573,15.329960672973371,19.856212587589088,40.075754259391516,39.22702647933871,40.761041581864646,71.20366018351366,83.31419934573054,84.54587636958496,86.68815971544545,86.70547053617047,81.86780577132627,79.47529107430726
2025-05-11,72.8073730420792,75.47062783929913,63.52198921257171,59.01017460168718,66.51808857240414,66.02984225090702,46.22067974786166,12.241470563467914,6.404411858334664,4.808550580931162,3.810157065700734,3.3472065667566917,3.055249043112326,6.616001192564274,6.115092297992,5.094921098274874,4.646386208882688,38.75840569502612,67.68269195021577,87.52104421173199,87.30803288523032,87.9222318848011,84.04781270847703,78.83657866336078
2025-05-12,76.42819854538499,76.90099899474667,73.7001666701404,71.99829840561343,74.00774885238002,68.97092750957167,58.914945321356974,36.61639060957019,72.38756898748296,68.8419283478059,46.151076726928814,51.503206809915156,35.34840664086796,35.64097163535032,48.829894211301635,53.8357477601815,63.16594132279427,83.62704079341154,87.30010222760922,90.3133450989127,89.98618884906556,90.34439960631995,87.30858097695048,80.4479446402213
2025-05-13,81.76030374688443,76.47429524658368,69.27208304561893,67.26878248630129,65.29942429978252,64.18279966439079,57.10359383961858,37.4811859120922,74.89771306764666,56.07263626226254,40.586681863053066,43.3459875255036,22.760351987769344,32.12494286151418,37.483961515545715,37.22363813556585,57.42262845887508,71.27166866660784,76.51856237200566,85.1672255963376,87.40571014617205,87.66747913669124,75.73164296413674,70.1036714938475
2025-05-14,75.98018259229957,71.159276763968,63.53686641467445,59.955394312806334,62.2833721911138,57.4545022255567,38.75680287845899,38.48119287561251,71.27439630661823,55.99131232093647,37.5152404353603,45.40424009995153,29.672374970269576,38.80515845522587,42.569864141673904,51.272229007781114,53.540902178577134,77.86341141546276,77.33224455211469,86.67628787491114,88.48242034197419,88.7744406867994,80.40904022043772,77.46687409725463
2025-05-15,77.15430675259567,76.62630304573517,71.76737763666111,71.09914540104693,71.32685889970504,68.19296910165805,62.53517127081505,52.724972750077086,74.15947244642443,62.7101578052469,56.17653029746381,48.495761711374435,28.63172756532296,38.209516741765,55.589719075489995,54.7478626252657,68.60016523889595,80.61837264971233,80.62821005415306,86.42937212489899,88.69457137063729,88.43539801467611,79.31682700300244,77.20064235152257
2025-05-16,79.7581431058653,77.8024403185006,74.96280717181591,74.99806920593988,73.55602444971524,68.82923777013634,63.59279274710184,64.03983599431324,81.69497939054033,68.84724261115223,49.3042550740484,42.2254431084943,19.884623741129435,25.55876505117727,57.480540479030964,62.71959923727725,67.96244550985296,79.99349749985605,82.86619598075852,85.7697584581909,86.8207092013634,86.75747064425086,84.50448542862082,68.71154060891213
2025-05-17,71.598382953412,54.572241414135746,46.0977832221207,45.07871583373967,46.7474611210813,38.73743436327802,31.830755333088995,16.112594395256522,34.90432654745051,32.216451353630944,19.014828418669133,23.781875380928646,14.156235702500364,19.704477149025784,27.035647140738988,29.52002468813708,30.49366460366251,68.44871185667513,77.90621922296913,88.22759287387014,88.65839090077863,88.55193552032664,82.35873701056138,77.39826585193917
2025-05-18,78.34208959940115,74.23447363475191,69.01960995516865,58.30529881121761,62.433322819089526,56.91951447231552,36.298142125165356,15.721165920707106,10.00292816897757,9.401581280450486,8.904451078730776,8.443641036498752,10.851789390464095,11.12271154114912,12.364885649187483,10.290000794280937,17.47940707659295,39.512167429091114,79.76551867998803,88.88222133356096,91.16411205110369,91.58704934589728,89.49688645856108,82.51912924451102
2025-05-19,68.92410762844729,76.04337018613825,74.95025989247478,72.27798450839151,66.31416898898796,62.53191266584728,56.15339426395974,25.285157627847013,51.93201055140177,32.39008908498856,39.517082185982474,43.66628590317954,26.904348409966122,31.48193223948334,34.522222381166635,34.0596226645962,40.58382524461606,49.696602067524175,77.84143602952334,85.41655256360214,87.01211093768073,87.21714571515082,81.68688821234521,76.34695252573856
2025-05-20,80.96428082467669,79.70611741427118,75.77576335107824,71.76966114473318,73.94652957664059,70.3342794129078,60.70425958794622,38.42352900110409,58.18387148511757,50.8270984411538,31.059380056681498,29.941623475999755,22.877254297131174,27.621201566902226,32.2456723232276,33.69231240945475,43.04163549335312,72.19846602687173,82.35962580044777,86.97529669804281,88.57361170427502,88.77571934441706,85.92786334694782,77.43598601704936
2025-05-21,78.98821434125561,78.4329031029964,77.90742904818144,75.8802490943532,76.0910420867209,75.16300114543884,68.1072644448446,52.81744591585605,74.39559642262658,60.17102343561458,39.6681191069828,38.760898425459736,25.798056514301184,30.918086859823948,42.91376216402587,49.211897079728104,67.89080646526256,78.31827202303847,80.77856293590358,86.62245933013702,87.76690726067899,87.86792487505863,78.96577275883855,77.56617137709385
2025-05-22,79.1515958985415,78.27737429208715,76.2734475731098,76.1831707079572,76.02654953473439,75.73450326716498,73.1813189693005,58.29436266085139,86.01423439565227,70.82104285878732,48.76880685007766,49.561929813618285,30.39102028930261,32.09188126160306,54.483113230894695,43.44568306312506,72.3458335852442,81.50055915413144,87.88318759569096,89.16494558895363,88.65032675193957,88.81380218617448,88.23645273979177,81.848098466514
2025-05-23,79.89351670709068,78.03757058657085,75.13876478385642,74.08849684436991,73.50983226687403,71.59256990680153,64.89017247932689,49.38805481385975,77.96521092399585,68.04537507572903,53.99327298285649,52.83279897156144,37.57975848826506,45.676646180613524,56.94931667447207,54.33031374785694,66.62347833666884,82.36097428755458,83.89632243092642,86.77956721954422,87.49368011579354,87.73932626064787,84.92065965595691,85.05283247742658
2025-05-24,86.04509784127563,84.48107725481655,81.94821002653983,78.54381440747545,79.22811073891171,76.53637745027113,68.18505734151566,55.09187795181893,59.164511261846414,55.17479517461528,50.697724143924695,54.492775952971925,22.268142596319947,23.99311865527677,54.2834946693659,53.66983526048594,62.16904244042432,79.01334193392924,81.45345104846567,87.76676741877539,87.17885148953111,87.14356383242352,84.79562562676679,82.24215310815345
2025-05-25,82.67599670977167,81.97665253343041,78.66399336955516,68.54816685609858,77.08963684632073,71.25059851112621,63.61036874553885,21.146233094712567,19.112739175357056,23.691727541205232,3.810756348013399,5.8647439313238126,3.2258974592775993,2.8633850617533994,8.021345171116087,-1.4950851436984576,23.361576480840842,45.960834985870925,74.2512220032788,86.6769207321611,88.28758750131092,88.36107109204815,85.22219705642829,81.94064630940697
2025-05-26,76.70420948914143,78.40819486153475,75.47187034829572,63.79983297434248,75.43657896053668,74.90228418533385,58.81253292931193,39.821847364489315,50.83291557525457,56.60385571642285,42.993552356959555,38.993681500666554,37.57534205981661,40.12654583099416,42.15522040726116,49.60038928719165,60.29702415147513,73.78006518437286,90.03926875182724,90.83686776323255,91.12141508284863,91.74787311140317,89.03563494594447,87.52006005615293
2025-05-27,82.26624233055219,82.46534326768943,80.69404374829524,77.36651080063744,76.59920707477076,75.84186259034408,69.21075543788267,50.76951364413081,85.95395459944515,82.47416153501204,74.90054357533968,70.8670371476925,57.675563911221126,68.09139894250734,70.48428650660313,73.97193674523936,79.41573043842457,84.64634362591731,86.40744388813005,87.79978680311511,87.58774387044922,87.54344253136928,85.62494885649622,83.8121789632547
2025-05-28,83.67512581231537,82.43318262559906,76.09509587368251,77.32572942816282,79.09369433195909,78.25114470154809,71.09998539660528,52.29093145058159,83.08980973281432,73.54673582156244,62.06911900122187,64.03353736914016,45.2336457385156,51.913694886652046,64.24532873350253,64.49530670799885,77.58652886356137,85.1167223963608,86.80037749585968,87.3491617627786,87.34087447739945,87.48248722748681,87.29653025179799,87.47910661329222
2025-05-29,87.46805340488545,82.23764996744057,80.7212902883213,80.87503294684555,80.52800653614935,78.42349062955863,74.55475453476957,71.61303119877331,85.28252371320147,78.26308937837997,68.25093239896867,65.93042013416446,45.08114189627459,61.31887316555842,72.81788797139771,71.26187744694498,77.25504875690777,85.24782671854544,86.0850646559583,87.15942535711855,87.25594826823709,87.35060127022709,87.47208335501932,86.02232184874259
2025-05-30,85.55449946823155,83.04333169006776,80.42035775321087,79.76741846505526,78.57003859883301,74.09163913648486,68.73283150073185,62.441506897457124,86.1560252097551,76.22002129974565,51.50212056433557,52.1761119104438,30.906902144293007,53.92340581979137,60.813293937840065,69.56986714033579,70.12190335305131,80.97120466495714,81.27665085406704,86.61906982070339,87.13783781298372,87.33527287961769,82.91507980372378,72.69125106344963
2025-05-31,79.1423084489099,78.28030646569323,70.96918147824788,71.4875611452188,75.86358837092935,63.606434330974295,53.55314509952199,23.417742587133887,39.41745358900219,34.98760389009929,31.180816989101817,27.999589791159224,15.559767506453403,16.387182718748416,35.481845507323705,34.21663373090705,51.59335433064805,74.6747564087913,68.96751465577388,82.70118793503183,85.38616401873361,85.01826485449435,72.91392024757273,70.56404243209246
2025-06-01,80.54813571361076,75.28532861656377,67.27849899064525,64.00906364651823,62.4793148084898,57.92441102390822,49.73737979771198,19.064303092576957,6.716308686033197,4.33415287607466,3.9006041077062896,4.330542678498436,1.3949227351332738,3.8961779039564104,7.569332503394352,4.645365902743136,15.184004020610168,39.15472001279515,68.99444496078647,86.00499700302359,88.35759306202357,89.8175830991226,83.16645833484199,78.57032369453428
2025-06-02,78.02829351705068,75.0819538557663,74.84224898585921,73.53876947841289,71.39903302663856,62.265584251278405,50.38154626255081,44.238318100149684,81.9252146850889,78.18225260857889,74.4454342870453,68.64084207639856,55.632874558871826,65.43345857977192,73.1236296760579,73.75628942547407,69.77219543539512,78.83770394986774,84.63051535753878,88.95052878102561,89.01105554641076,89.52778581849529,85.34366208162278,83.29293404905366
2025-06-03,85.1405549113747,78.64902251586054,73.86560344879038,74.19270202973343,77.37578135344691,76.8707982241316,69.06953584242224,46.40274128170356,84.7946530935021,76.11474826901701,64.30863731279737,65.61254496895147,35.80182781665197,49.035016082744676,67.08576161478929,61.676635260682595,68.13262761090236,77.953105265588,82.37992240709357,86.50825910523066,86.96048446283412,86.96155772853187,85.24721861781676,79.42715809257005
2025-06-04,81.07780375384105,79.29693802319204,79.98098215208927,76.12970142856611,75.76980267797724,73.27332047388705,69.62056981558376,63.56400629392345,77.13103077273206,69.83370427999333,64.79205736712765,53.95828166232587,34.953379860026395,60.18373852976964,70.56611424975978,63.9200120082527,69.50716006063213,82.53678047340448,78.99856607614636,85.7415186196866,86.21098564978243,86.64023662790557,81.22323105519672,79.74607832607597
2025-06-05,71.76641997772613,71.51024068045332,69.74874432308827,71.68782049603486,72.93365450396658,71.0733602990711,52.10305057682939,27.268706796308567,54.05596165970387,47.36030580851316,28.557887545365634,24.53079761396363,14.748110945036803,30.536160204992058,30.186859731031436,28.06834727362586,37.03947408394828,59.14299834972025,59.81771287106796,77.94049671038242,82.71000578605482,83.03888766116097,66.14503360608343,62.8099411462489
2025-06-06,60.28062640216151,61.05740894546381,50.052918088153156,55.7814873817289,59.91900471247181,53.728797831541215,27.309070997026783,10.656306743122077,23.94696825420717,22.335431707430537,17.433600873953974,15.508492775383601,11.656102611128636,9.315064778110704,16.09167320599827,12.359526859579644,20.235417913492796,35.15368775665162,35.94757396776957,77.7248473623216,85.37687380278281,80.0660129303461,58.844772586754225,38.856852256213024
2025-06-07,48.01506950653854,30.51321568392075,30.740098984335525,25.428188905550588,24.641012079446295,31.525103569219528,10.998718409076302,4.412525867352286,7.393655410630555,5.419861838176861,4.327885533034982,4.73169482090502,4.742805875704392,7.086284281523166,7.449600018733218,7.416642863253837,4.409804637819776,13.60183610147672,23.497145692879933,65.74585768270887,70.81256595287505,71.99545731040583,48.63827043878305,39.96061574587694
2025-06-08,46.82519086589039,32.5879427275241,32.656901439764525,36.754584152898964,36.5937883160322,32.12996142621824,16.173129693330644,9.098606059832004,3.513661121144827,3.5384918978084037,3.4098819366781963,3.142144451602075,1.9060819388648662,1.5436712589209853,0.540352922066428,2.2411106558193215,3.0735643631355307,19.691879134723646,39.98116044972002,73.6760296088076,81.69263659201819,80.19460275935104,62.27168164432815,61.81455310847795
2025-06-09,58.84120196439632,54.59796241411753,38.24079628581089,41.08756054716726,44.67988751088712,48.33226218382349,33.716945643596,28.15164723819063,27.065702858814394,14.190336433374577,15.410117851738475,17.25277507180515,14.986267070853234,20.987979807028783,20.61893014985615,16.933793858670747,12.712243917459809,21.142886675164764,57.13574520696952,83.24324702624749,84.3733263433144,82.44141088757024,63.40280976846012,58.63352383460797
2025-06-10,70.28984789106455,68.03323013440833,69.55324017023663,61.93492517162757,64.91918997099526,49.46528237285603,30.782135612963035,16.840427339407483,21.642712305818062,18.934685647521672,18.9600148208175,19.799394159480496,15.566177968083325,18.62378751090541,23.687395557696643,24.440478802733107,24.97245729468607,60.14359753724319,62.12598144893626,81.03067462643826,83.28411599212181,84.37138217796101,70.01792384740901,49.57661931369787
2025-06-11,66.22956868153567,64.74276103240246,55.514144955336995,58.367938806441586,57.69929053465268,53.42467357604005,39.02518723896859,20.5374229041496,28.284888117808787,30.002036419843474,24.14505548832225,26.90624905674702,22.291793231174594,26.19518008742506,30.697759150558902,33.059310850608014,41.89505909142007,60.123500608885315,68.8369870338004,83.24389581079815,87.21184233768635,87.20640738379132,78.57637692597244,70.45923271871108
2025-06-12,75.69983135140828,68.54010896095974,71.34775474761057,73.37652365803258,75.85058171824426,65.3721465004471,46.05423593963198,36.26827354814623,49.81780204814155,44.27780452443798,44.21402855210306,49.760799399842874,40.02696372495887,47.027159112514475,55.62082011884441,50.2337483568225,68.54392405455226,72.98036230939935,74.82245540894849,82.84390575707015,86.4635384596273,84.32398079067187,77.16007778917312,73.14631787709449
2025-06-13,78.29482972046758,72.34015592759471,70.92380597185057,64.2282465104733,66.79225987711897,66.35363581796987,55.52069175716803,46.36974490416514,69.084600659082,70.65854876107898,58.78341790440355,55.00630944531448,42.11611759904376,49.73287564224597,65.99876581277695,66.76280634328018,70.68504175573504,73.30332590357555,75.77463160526275,84.06661069877036,84.52030889175913,84.73711648569973,75.34825551259424,68.44613870463756
2025-06-14,73.13707256295267,71.46218399859353,70.64328715986231,69.12282492021873,71.05079969839873,59.687737276406665,58.568577478945144,30.203115088618276,45.56507404308616,38.790065759257914,27.169418227708455,32.08285871072364,16.925969093003324,22.417181732092285,46.10950015915325,52.57555556414264,63.73557870691597,73.48768342274018,77.03656939635856,85.23679221119393,86.17063326250981,86.22352768882587,71.1234292833684,62.894580728240825
2025-06-15,71.97233940840052,65.11031663163918,58.55340889630668,62.84018982965831,62.750776965511044,61.90958455369787,42.03724457467052,21.005611626993243,10.87190133681546,9.327775972667457,7.670854150835852,6.931608609837368,4.78768454895753,8.160894921740189,9.956453903466203,9.618498698767235,10.789896424251415,29.88335399639756,64.08361174983868,82.0500067135685,85.10569337466868,83.34361484926441,70.40762181038407,71.40811102380957
2025-06-16,78.55128393350235,78.52337822713788,73.71029496444054,72.57158436525847,75.65577861666037,59.5088865750588,47.47177907626312,41.47480317760288,73.30248211183293,73.151584234717,62.305265902995224,66.2651733507404,43.770518468560056,50.984890457658345,61.66279008595257,67.39556511328409,73.11335819284429,77.7738470386373,81.98602455425255,88.2517673541796,90.4514987126412,90.06380013654997,80.18437178761744,74.06906139619237
2025-06-17,81.9843120523696,79.49161436534001,75.92262767317695,78.15154240826742,81.49663358685122,76.65407603904464,55.85806570132844,46.83988856398689,58.83585775063607,55.92427814111141,44.20291627231404,39.83341725403222,33.790552202965074,35.28820984208819,39.57629552977743,43.60614298119625,61.98869296941533,73.9661260876159,70.33124000256346,85.64865161207489,85.48830589262388,87.51981927565566,83.00171513428664,79.71179473328016
2025-06-18,77.44225244113797,73.84196520316333,71.65466923509098,76.50155650591545,76.36297947748876,61.927023067831975,62.108745233797116,39.45079064694611,66.45181783291596,61.16564701452683,40.5655088660861,41.8825666209773,26.209913121687272,37.601801120287035,47.28006477040406,48.35133667210648,68.12803534248799,75.05026247534852,76.45433719987622,84.65349044070152,86.12932675543716,85.88869410161887,80.10220065343366,76.8435431437091
2025-06-19,76.98446703183333,74.3061978064616,68.13789381847882,66.03902531598568,69.93906642470047,64.1527890884054,59.68446585917255,32.55475597635659,68.68005514106503,67.3560258340763,47.78944187660585,41.88304497233,33.51868687127449,39.80376658784502,54.95732039992156,59.79144969219514,77.92904329202354,76.90819373317893,80.18741448876457,84.88133679424789,87.48848777185138,87.92807171387713,81.69372678279856,79.82549888858831
2025-06-20,80.47775632984501,78.74151636525745,75.35168836423071,73.07866895141899,79.21757423170098,76.90148348773793,68.91319082610882,50.03226158696598,76.43235063389112,73.92034652459822,61.729740192403554,64.8997737309189,35.27210928930937,45.95509917930715,62.88737750259152,63.23682349372147,73.99362533346509,79.47753717365255,80.46253699390122,85.93595721941449,85.80554922034821,86.02799189082245,79.9015677260593,74.62979408910421
2025-06-21,79.67165462830843,73.19986095217357,71.9340550705113,70.3600618091144,70.74230068350082,66.89978799134393,63.765775490006455,48.00625689695423,45.68304648592708,48.920870253962434,39.38600234582526,34.91272696200872,15.565166256031704,25.37781255476717,39.736724575953104,40.92939648013222,54.14988631273906,66.78226773159112,71.7662786488052,82.34063762500935,84.93648300707025,85.09608917663574,73.4539255399294,69.23124416799014
2025-06-22,70.49701019079322,66.49891601852364,56.87546064721121,58.57924241775364,60.73811653773822,58.424244978724595,37.5338407486177,10.002674810179588,8.738004517213646,8.120675378372425,2.394077230630402,3.830707624600135,1.2234855064567274,5.466578137285212,3.8820641468671697,5.4189131528026575,6.0878936422145165,27.068369105521857,62.971398986195744,80.49395289664332,85.21207687904437,85.65315331172812,73.06613142137009,67.74886118503295
2025-06-23,75.564889950048,71.5269398189987,65.35095850845971,71.06267537031792,72.91912092525985,65.15893751335103,47.235722886186004,35.62303726353851,52.837101510130815,52.65696689614423,48.106241357025276,46.06178873545104,33.787520620400855,42.181187114891635,48.25077730100717,52.636221275152,60.769361857235566,73.06565445526698,76.39856648421399,85.56218484335442,87.98263484575068,88.16328324254906,81.36574281200087,80.12130752748362
2025-06-24,76.43227369342418,75.02772727002558,70.89688064298086,76.02482593128555,82.79802568108585,77.84244903955506,64.7667035700453,42.84023957176462,77.97525994421426,78.26874213928787,58.26232371375805,56.83611724515515,39.34379330966455,41.883129047897974,66.8497672140315,55.84126935516471,70.52402464545413,76.11319395546893,76.8312485569585,86.17201029119066,87.00027527663538,86.8771404562109,78.13101901503448,75.62402473461248
2025-06-25,78.45979878185267,76.79995030233087,73.01379133327937,73.02624097193983,75.32361448532608,73.04405349891837,69.40073124142883,59.41141888405771,77.8057268017724,75.67879188222052,63.08172052115361,55.72759944786826,43.0446112832037,59.31266568491523,67.14119457292549,68.22792198147755,73.87924570192487,76.6328056184255,77.59111959151392,85.45384330559818,84.78807687118653,84.99648440719747,80.01353014791887,76.16202156354403
2025-06-26,74.11171220370267,75.24816207922943,74.08287070624326,74.67730050392632,73.13995879112221,67.72029829866867,59.07023665772015,46.89052435007052,73.02868926926854,71.24582916143937,56.85200254996066,57.130956571432904,39.43104495782505,50.38889887788421,68.41532694700793,67.06227514985538,73.89129169513943,78.02005409900762,80.8185909373454,85.78114127177084,85.96305136853238,85.79347787273817,82.15364938857878,74.73379656119091
2025-06-27,76.03820202549294,72.66478330283847,70.02862615256039,72.07415269884353,71.20324129106741,64.79507696303415,69.26843737052192,51.70695930000052,77.33027340081063,72.4939742617671,70.58951993809488,74.59657799753143,53.03972255756623,51.41176906220475,70.67015393017357,70.41476515772507,76.25711251122141,79.22413896865177,84.65976156468972,86.00961817329352,85.46795097925884,85.48980337232183,81.00505108204248,75.98466113992416
2025-06-28,78.0972948171777,75.4618004881581,72.11868909012858,74.32497840466698,72.53109156645047,73.01095066426356,66.53355757973966,34.14250825914663,54.07598683574229,49.409994099283225,38.13318586013161,35.77689695604813,18.763810004830447,23.26214631604722,42.65176734119639,47.306604007330755,56.97987248923544,65.06071818617157,74.97190876656468,85.39769266372484,85.80933432657854,85.62034357712739,79.79309864300465,76.52360556600317
2025-06-29,77.33840066379356,70.6844847072357,67.82067340484022,65.47488505068824,67.77960087781837,62.50849634199247,52.891606166886596,32.248846352309656,35.361820548428895,10.488590140803309,9.45323405923157,10.16609866321866,11.888458226890211,15.014282543393767,13.910054687591096,14.16152002187807,32.09236215971417,52.465388743359036,67.44902940311269,82.67447198295531,83.96778711247705,83.86093501886866,74.738738874624,73.9675487231782
2025-06-30,77.14481965643651,73.91420864568376,62.88067915642272,64.65770878691076,67.61095216218145,63.573967539362926,47.050523185469416,38.5584928286439,70.91991142980586,64.09487186944341,50.9192853361581,47.91519941612473,37.2049704158315,45.40141452300537,57.88044928653338,59.06279512329308,74.0192198039611,78.4225936624428,79.03040581543672,91.11699647137668,88.1021301973112,88.76406186265724,84.49221690611056,79.73306032582593
2025-07-01,83.14112144790283,80.26170693367409,78.33338454573615,77.40227517362752,83.07682335611806,73.17488591940754,65.74648449982534,56.75256051164,81.23260896895346,79.2372341355015,58.813230692596235,52.351397497174744,44.67012002920894,58.20010659167119,71.89224616660464,73.60868541402621,76.69533658682823,78.00084769634644,78.76554832271232,85.54762452564007,85.80614052860804,85.72240047521535,84.70540726448564,77.86525648742769
2025-07-02,78.75539624429166,76.18624259955268,73.49332803258298,72.13543454488119,72.27916495113966,68.88283338160748,60.195130131861426,54.10729168065847,75.63986033749833,67.50143977038604,58.802532050557375,60.47165766129128,40.85010523197719,56.010349326193555,71.16867021347197,70.82201610873817,73.6144124695928,76.88052426363024,79.48395974747743,83.92008900845917,85.31320096811382,86.09423653693706,79.04880613048567,77.08020345810046
2025-07-03,78.04340330458642,75.06447807094537,72.53323526446708,72.86030440908065,73.0778256509627,72.20427811665652,72.0260274601874,51.0121622523992,81.10382798215744,75.57065673079713,67.76856791773258,58.217527591441105,32.631347125714655,47.87423543777876,63.89242373527243,69.75969428620495,72.0594440269988,77.9737077142117,80.28016107093067,85.67118124147639,86.05402941222876,86.13601996628549,83.63131881132614,75.43323651432624
2025-07-04,75.66857495981884,76.29751142659326,75.20071109069096,76.79761391497036,75.3143093499028,75.4118392743385,70.5894020737466,45.271617724650284,73.83873762153331,63.020589134910075,56.82933125132352,55.02598743960757,38.7086121632981,47.32293739875551,62.852339685978166,62.97188158900261,69.90051021334307,73.46761349152621,79.02530980022783,82.85428313585605,84.9258045152049,85.01292279604978,82.22147795411912,78.37544277106586
2025-07-05,77.55344161318948,79.4068133156685,76.32425812670563,73.0361262441851,75.64551380338123,80.90457220336172,74.688314800372,56.34802812488794,74.6018191370787,65.48340093412949,57.25830731915233,53.8784150145171,40.40134875506405,42.563388676060306,56.591988869423005,57.8091362926139,67.54139564925453,70.14610904056266,75.96277213768641,82.48200050606184,85.31331134969706,85.96224945373885,79.00471488719671,76.69737271605317
2025-07-06,77.4606259202246,76.75946044922215,72.42709295801507,73.46645629033485,66.84503878656393,72.75455486822146,63.22816554071691,30.257952148048748,42.50009729746931,36.57924726886206,27.459476131844788,12.445517674974536,4.059394559743929,16.46362957546477,20.037914333544762,22.692581815047255,44.39915002258997,61.960046592342636,70.44623545425765,83.84389475386074,85.50334311686485,85.5406485040075,78.75651081058211,79.99379188257514
2025-07-07,81.82348497667529,79.68057984052989,78.04104113093307,74.57031981435341,75.76619235372314,72.81319115957211,70.16749559866592,49.381079949727315,78.49875400924395,75.25025342639151,64.77395069544357,59.828432579110114,52.027356102701525,60.58188150243179,70.33402850894383,71.45368683256316,80.12048152383694,80.61258666273761,82.56878189484469,87.66873765391284,88.31241430269202,88.46880319095936,86.99468947154175,82.73438612104835
2025-07-08,83.17178301918528,82.21107810755288,75.69789275567629,76.49212240499955,78.19937032070342,73.60085205144308,72.0643055795651,61.88473805984069,76.68349099431643,77.88232393847602,71.53059308167086,73.45443128524018,50.451328794616444,70.85147312140623,71.99288255739178,77.31831200706588,80.15370618221824,83.77000454424424,82.76415425203596,86.35473386584448,86.03027430586164,85.84359363677115,82.92253890047947,82.46463020121745
2025-07-09,82.2369252883385,80.41832104199555,76.6188130198171,80.19813033920536,78.17403237555477,78.75407895335061,74.77802771867329,64.98499742883959,81.380837439157,77.52464332732701,68.61915860295206,67.31774755113308,53.739799586627825,66.899907982247,71.13054082451113,73.0726495084804,77.64640925569982,82.21838437802582,79.86496835757828,85.34640782815993,85.61293438758854,84.85028967113277,83.62390064173024,81.80981295167109
2025-07-10,83.6734843272345,81.64675181161097,80.57815352525414,74.0017545232548,72.01084023937548,71.9557902153191,69.82799481675865,61.60723392996265,71.1657090032316,70.06362741611773,65.2756079212032,67.8592821879348,61.77154839295851,68.1462353028732,70.6932357930076,71.18480750303083,76.47156331500814,81.41099011737671,79.92882893784547,85.46661495330738,85.05586760313234,85.24295261345854,82.59578920684255,82.18603853793181
2025-07-11,81.27665861828145,80.50870285687854,76.18609778206594,74.79396715056085,73.64409980826723,72.86363075071601,69.37852859869297,63.38439472319325,79.72760590210527,75.02154089478711,70.90848341876536,67.29994130984736,41.37657788978199,63.0999476602119,71.39957121342573,73.28032836627443,73.33498496247364,73.70926773950829,76.85199152327115,83.96064652219124,84.30764954695697,84.68844560093784,80.94320478168414,73.72697333904229
2025-07-12,81.56179706890471,78.13848320338458,74.71336806807987,75.186633656768,73.39440799575658,74.44269598006771,69.94824715842478,47.913972553892954,70.75440075981983,61.388058699500704,48.256884820967315,44.05925084610318,24.068980964910057,32.08195271048604,47.7452294953076,51.29616569128768,65.6707150745602,72.06577823048201,73.7894032289867,82.38689841938285,84.30317131642883,84.19935151757298,80.12147399977792,76.79108269672548
2025-07-13,80.7177595386664,79.40075211309937,76.03726127675102,67.72659792440636,71.63799804589219,71.11454091979466,61.32950837306093,49.2890096827787,30.25742289448802,3.822428559459369,6.532284862357471,7.080835128435784,4.990262059818754,7.050215657572468,8.211639815799687,8.800948226824177,21.751865616285055,53.7947122172812,73.21289921867589,81.3124197478111,82.28564988502933,82.10570092956053,75.81127440166433,75.09116386557156
2025-07-14,81.86365426112886,78.89184453345432,74.27838053682477,72.95881349182858,73.09009988573786,67.93929771841374,68.36501297918433,51.329456179240545,73.886050616434,72.64785377516743,61.96042302653103,60.769428232715036,45.91219798623608,54.080384920073385,60.26323841140233,67.36739734664796,76.30889680652416,82.92358305038827,84.07945698392768,85.0909082961964,85.08851397823841,85.2266851443354,84.98544755702419,84.43432809017543
2025-07-15,78.22590226941755,77.23035521037866,75.85420996915815,71.65775954330421,73.81231260089368,71.93761619047781,69.39572499220623,40.440626816726144,66.4480927221247,64.4555651573558,58.658013955618884,49.435236040510006,19.087530676890047,51.19132293378999,61.39139934826604,56.31809155374607,64.65197420413243,70.11296845209672,82.9000953604995,84.08703951015285,85.01487790840368,84.85951108373608,76.69463149302348,73.30040185404924
2025-07-16,80.18386461786385,77.86967166193176,75.14938622124488,73.61963789294272,73.54483870349766,74.3631775062828,69.20257720128204,57.0314694122373,66.87528544343725,68.18088065150722,62.588877385382204,63.268956868583565,48.056183841924394,62.82835963065379,69.69944901235216,69.84748409158001,76.67605704575855,81.34853355989347,82.09168600598817,85.18925087600005,85.55203240357382,85.75384771658943,81.1704275759912,78.60678371447841
2025-07-17,83.94377434970285,81.86653232573424,80.29928304041181,78.73727192783177,78.5049760568552,76.69711104365818,76.46240410691027,68.42719294383132,79.645342521168,79.72231661047286,78.33567996403569,66.58678969220601,59.50717453734338,76.17801741623316,82.12416982580604,80.6815927134671,83.54608177946317,84.17075528267256,84.32480525227044,85.78872418875747,85.27582770469267,85.40305048811393,84.41456382662716,81.95271181668585
2025-07-18,84.59864038412795,82.78542659814558,82.00886616306408,82.08195030529346,81.08750178189264,81.4520202732134,76.9518008734883,70.48489260929377,83.66992436214247,81.99923306793605,80.4386292891829,77.03729067371563,67.91602575677952,73.81426923335219,80.59158138218193,81.35923218409629,81.17753077198728,82.12877564336353,82.7506869774929,84.82748887897714,84.95002413054911,84.72242227526077,83.07520926417416,81.64991575839416
2025-07-19,84.44778440349543,83.97158532001106,81.63977115214115,78.90890952207783,81.58308848307415,81.46447248938557,78.76296360375635,73.2915910499889,74.5752692937234,70.95882450519785,65.28765236537284,61.29563076287641,53.81392996300164,57.57585225193944,58.06947945399568,59.69187397915739,75.12307459055442,80.7325144267689,80.23530260549433,84.52744627004657,84.50507649792684,84.56905570953371,83.07332507689003,82.34197727546457
2025-07-20,84.61802199654049,81.9427634721362,77.59376731383941,78.98708632034958,78.67970660095165,74.93213211784135,72.71333427094777,57.15653112374855,54.27264950425054,47.352558166122996,34.21536756599003,23.12788811389694,19.44513557377178,29.2447156543742,32.175433829479005,35.9304537188136,49.12814847188587,71.5268270895423,80.04539283580847,84.78401647239983,85.11693339975406,85.41891182272828,84.85328877568416,78.49036988155424
2025-07-21,81.25555441956783,79.34304553679765,77.14148980567266,74.75062999806103,76.53179615112921,77.27356633853951,77.16663198481842,73.19206280427917,83.72283864149566,83.80488166379101,78.89479580812413,72.16867484442272,62.51191338651949,72.48641483334892,78.31285322142674,74.64164292758369,81.018542043874,84.30775241305261,86.23614163720777,87.41749631354885,86.11709226801754,86.10828753304604,84.64282759156112,83.60987570653616
2025-07-22,85.09234934267053,84.16744348727038,80.0013749703373,77.2053174168679,75.66306348227829,76.47255951930654,73.66008891271579,70.71126966740562,79.21268557171966,79.56211078352123,77.95620615587718,75.18277199159836,66.72609199697989,74.79913279765894,74.64458209957792,78.20984759672028,85.29129332096923,85.4082056850598,84.9397130555399,86.44187356261972,85.96654038937255,85.52454930151028,84.2976610983444,84.11250405277082
2025-07-23,85.73987589996635,84.37429666264111,80.03477228910917,79.6650612930016,81.99063329812854,80.64516212106646,76.72479354961145,73.73041685310781,82.60286260403878,82.02035614942719,79.36997338662366,75.84968104673361,73.2288997628292,77.0528129127285,77.83854599965352,78.94635651323445,85.10900533652509,85.68964952223675,84.13703454180853,84.53549480360924,84.6221642853483,84.15276173754037,84.01634728120186,83.79410556228599
2025-07-24,84.65957136732375,84.24012565767102,83.91433243994166,83.87857679660722,83.24178781763482,82.02200352385118,77.2934766304246,74.13386550577368,82.18245587678335,81.1534868182346,76.63095702965896,74.48734448382542,69.41188116324864,70.74486025632007,69.56249750492529,72.93618375638682,80.24428406074657,82.40648560518216,82.99579701618266,83.72054031632466,84.35255546687378,84.13831591563194,83.50799653696906,76.91892062254735
2025-07-25,83.69739698575553,80.09580151028939,76.74698029801122,74.71452909139423,73.68471528379314,73.63641059011645,70.92414665545435,71.66795291206829,79.8619624259912,79.4168860832539,75.69977276988301,73.71764800810908,65.82186568305005,69.28148675028257,71.94506537730732,73.98848481868009,80.81442398652491,84.27122066069487,84.03546146159819,84.71531111118642,84.64425568881364,84.84335733511831,84.0890044259875,80.42627903474016
2025-07-26,81.64818902348681,79.69976468144877,76.38509451171178,77.75638283867258,74.4053996082999,71.67778087848106,66.99171921231363,64.60256893233122,75.41563942640788,69.39897903046315,64.18113694386876,49.644209756054835,45.99213961423982,48.89047553309189,55.34322331693705,59.931347783560234,66.40979820924927,76.69048421680661,77.33051315169035,81.97900707549894,83.99761941119944,83.87876644363689,80.42710154570003,77.56837069054417
2025-07-27,83.2280612602775,80.29688376329462,77.21799127727813,80.06704962166113,80.55458127475042,81.01162264012385,76.0799855227898,70.80992547645619,58.75859642510426,48.54341600731379,45.076077826217805,44.704038259288666,48.657264476847374,54.36928623445185,57.212695557906365,49.9926634010203,66.42848090602652,81.03101373432632,85.40660983203351,85.89231498640082,85.18951514679587,85.01475456164646,85.26582679696364,86.32942029686166
2025-07-28,85.87843714958352,85.61814912514153,82.54790619695738,81.4917505291431,81.38417765668703,76.63756848142236,77.44915420308453,74.4373561246998,80.50976216647597,81.6488458569945,79.75594254157559,76.33796649192425,70.0653934490976,78.36337809204635,78.81018185372967,78.45974904031812,82.38965074851501,86.20045235859601,84.01796362493526,83.60766582222618,83.66069106856743,83.73137607124563,83.64340695271527,83.65298550435972
2025-07-29,84.84105087567332,84.12543246090216,79.74111339124188,79.40849558311095,80.61942457528467,80.26707551400625,78.97990670425398,78.85050091398983,84.77957510539086,84.41884286661858,81.30999669591051,80.68156430082979,77.2288772151775,78.40790282784234,78.7452812949282,78.97729483762387,83.21211399299524,84.05017463369774,83.6244580370469,83.75820523995579,83.92192760061847,83.83111810625553,83.98058100449667,84.51374632174495
2025-07-30,84.86603802542773,84.79589912319898,84.86795104605896,84.9363560152059,84.35487661701845,83.6484738926535,81.88602089812815,81.51917715670423,83.98088384244387,84.84847636955459,83.29316701820927,83.51280160029448,79.47968980394023,83.6992920752646,83.70565327034319,84.09531755890761,84.43182696970206,84.30595203337877,83.30276713426835,83.96900351610854,83.86467153348077,83.87258589035481,83.45178162512865,80.81931514242065
2025-07-31,83.98791303569337,83.88289809989394,81.42409929168869,81.04373070183004,78.70360230410652,76.13396167086742,73.73873113833461,74.10898850312037,79.11976565131822,79.01897214200756,77.24513788158332,76.96100278410671,69.66358418751442,74.91506082419009,77.07293079078984,78.74694579479245,83.39534430276014,83.70887072221927,83.12888385904436,83.29015360990812,83.45681125082457,83.58498573420916,83.33485407896018,83.04227462779401
2025-08-01,84.1028586415794,81.44129854774121,78.87527917495458,76.98888453713974,72.17412849101144,76.36048226824977,71.67610189200583,70.3545894446721,77.52236456591127,79.01820412255509,74.02061670615721,71.49595533755158,64.6944554796299,69.97101916446715,75.83275389930985,77.98161445092916,82.92300313631456,83.80694552404934,78.93605324490608,83.79236193806753,83.73679169799382,83.78931532146116,83.38705534219355,79.48960821522407
2025-08-02,85.15116118589305,83.58611333138397,77.0164720628373,79.27633743359394,79.22067412359542,74.75985987287261,72.16748426034086,58.91829208863959,72.69468556737728,69.85294655028835,70.45864974993943,69.43208537729039,55.18553783887781,66.0657156806785,72.44960200958414,67.0720900189864,73.6604318185234,82.11510854965097,81.94381324981374,84.43858460735396,84.34497274722044,84.3046497637669,82.68314809243708,78.11199406353558
2025-08-03,83.61874822635417,79.06216975744847,76.72852833431183,77.59969021286767,77.24502418569242,73.19290492521594,77.16944937167416,69.14382932027037,61.057930176727325,51.80302270050673,48.16111689643001,59.98929681879078,48.0801375779182,66.0796284443421,64.92192399860103,64.96171360786155,71.44802209598858,76.92993373564418,79.017173954237,82.47360378928828,83.55887951682033,84.11045384209422,83.49994108037791,80.2645537903189
2025-08-04,83.22728496311436,83.19541945652166,82.00178917534423,82.10551913158413,80.56054605446418,80.18023811333252,82.33221335283191,77.01646741608366,83.64352845004669,83.84064835735641,82.86502166554122,80.57307548291934,71.67795329738277,80.05100102235367,79.47562285707131,81.02533314028227,81.71849871255303,82.23792520409373,80.85784468517099,84.89134978880799,84.58934853365034,84.86774197943761,84.75723252373605,83.03799027416717
2025-08-05,83.13120175983245,83.50042837943884,82.52427084107931,82.9463871359382,81.4304047102956,81.21495115606163,80.79068903807888,77.67219725513988,83.0244162892644,81.00818761098397,78.96162661550564,75.19201203031635,66.49487746804472,72.92361852337731,80.46324949900396,74.32229879428108,78.33489949793287,83.67309747764848,82.69826036054637,83.27670332749047,83.68252226005812,83.86403681145221,83.0111378274179,81.80212130510056
2025-08-06,83.25245619302372,81.87822549941656,80.28369474761128,81.50558426548511,80.85482148797489,78.68095817891624,75.30288194858552,68.52615569551664,80.40435053463722,81.37260195976829,76.10252209060725,70.40422787728393,58.841933891753065,70.49641257419069,73.76538458034325,76.75884865464515,77.02194465077089,82.33676582725943,81.62144998281902,83.02607753962528,83.43548320762082,83.26657218235697,81.32933691943276,78.3211548233507
2025-08-07,83.47226891108079,83.41107346805433,78.76532570341217,74.35268264618949,71.07660750128508,69.362727011612,66.56286874763707,61.426114958427796,78.22404195912966,78.98262965402161,67.85755190291903,67.21868888948461,58.199998673229906,67.47284406042012,78.55642772710708,79.65575022908351,77.65854200501983,82.3118444851093,81.96302293500919,83.11836491624454,83.00613273694334,81.54365488159767,76.20207962016947,76.63089179172604
2025-08-08,83.4673922443707,81.41478017290778,77.5781608573194,80.31721722810671,75.40626963624582,70.3879894984514,65.61614828927831,62.57713788286699,74.23207264548418,74.58785906387759,71.6017312222935,70.92039141517456,54.65410924274279,65.9309440035496,74.16783590971599,74.42801804429611,76.07554259541321,78.76822573592409,78.61240564087795,82.9928826804857,83.51955011607387,81.81135981087894,78.84309836679671,77.19878022696348
2025-08-09,82.00012997172202,79.65779435300846,76.39635472994605,71.79473329696398,70.01114917542412,71.97861514416113,65.78035560607361,56.31314631948296,70.55106884583599,70.09324499361747,56.83389362538757,60.97697648536232,45.82982570180391,62.70844393454893,70.2518706193534,72.19099310839114,75.6454555642679,75.18515193036154,79.2476797346411,83.75136785309275,83.23164424504064,83.31462080647543,80.89716302357886,76.34989138082838
2025-08-10,82.1055444634265,81.36642167222637,79.54835783863025,80.1347363157492,72.82948710353571,70.82230658481852,68.06301419683746,54.42409518897098,50.16121008175887,25.09024279009473,26.02116680960437,23.503245304736215,17.755329265158757,25.747990784081118,41.05260047214618,50.18999113063162,64.67469519144653,71.00331241393016,77.57466683296721,83.65796623852216,83.96191008314278,83.51507476189789,83.05553123447777,78.83645514378442
2025-08-11,83.23567865786546,80.57133176536172,77.57167534686639,78.96573166502104,71.70829152967555,71.25869692499052,70.30554233632236,62.594429115512156,76.8217531627136,76.29129462612477,69.77910634007412,68.25726620030797,50.68164506948207,66.65346677900112,68.39326003355698,69.42727969875928,72.37563629062522,80.81685956675831,82.6841119525638,84.84512617380636,84.56334093734942,84.697645571339,84.45592854404357,82.22535936375462
2025-08-12,84.81839417332404,82.29893426594298,79.76550918913333,81.46703032212625,75.40702648749573,73.28762700867473,71.44554633982389,63.32491148038782,81.98756843035001,81.21665365532712,70.99286019195637,71.17863220392779,58.80620390545797,72.00894695252778,72.65708395514581,77.783672968546,78.44783472386221,83.92125979650714,84.99685715236063,84.55960842577946,84.03203786421814,84.19257785609251,83.8916648005984,81.34628729410694
2025-08-13,81.71227074747942,80.62045886272851,79.54869596949962,77.61643540392436,78.84261364269867,73.27504120408851,64.99850142518866,62.343961452877195,76.92667657100912,74.46834841439133,63.086737618412435,65.6730734037768,57.72542101102916,66.5316344637961,73.44302944003103,73.27870709445678,77.01209379290668,78.60326531797448,81.22321843342722,83.5985470851391,83.88700757062492,83.27639435424864,79.74150749845207,79.14402346265209
2025-08-14,83.62780931456598,81.47539200288641,77.88995739644815,75.42322731520285,75.13600394714071,73.3716917703399,65.66381804143523,66.27222009590155,76.17129174210949,75.06010587197996,67.21969727414846,67.6986298209689,58.03022860568942,72.26393900315477,76.90610992219685,75.97411927462572,78.43857493251959,79.80387420892635,79.91518297497163,83.35142028284339,83.41356038546658,83.38681320342558,80.9574130339274,79.6212476271031
2025-08-15,84.01484294797406,82.6469649274319,79.77239152055546,78.15057429887383,77.47802435588153,76.4267563465353,72.54767840784436,69.8675978928857,77.42975427055246,75.1849988223714,66.32182523649314,66.44749940854274,56.675071407777594,65.38585683486647,73.7103366456528,70.34690511011092,74.08520183208353,78.96519024894492,81.21682438828712,83.55985681195442,83.43167240186766,83.5317119706596,83.28841141844445,78.88279864243252
2025-08-16,81.98098888588676,79.69759395224635,76.85376237714364,74.70182331862371,74.41722729685091,73.67270791979719,74.73789592560435,66.42702690824665,71.75365165637997,58.24673998364957,58.751787462594564,55.73940999920986,30.985123463939395,45.79180581243773,54.664790435882885,64.16880514278546,66.34055711524704,74.56512159186182,79.52978822499544,83.16763868250901,83.49559176191734,83.23958440553538,78.46999557614684,77.60649948521663
2025-08-17,82.00349372437886,80.99790314685393,78.35742303912824,76.74908098346015,77.19166158610845,74.56956797236523,76.94965177816941,67.09543565357032,60.037698416134134,30.235987020124444,15.902355373394869,17.210518313675138,18.715409578096075,26.491172910097088,24.091309745934954,32.46520202360952,44.61820781068863,76.6624038957393,82.97810695600724,85.37940362169603,85.47382993966656,85.76462486926633,85.71853038398513,84.24026928994012
2025-08-18,83.49429000032637,83.82798289210669,81.0865374170021,83.21001180225835,83.95557731641522,84.1941356071234,83.05557948723086,75.92912095023844,84.22402276876068,82.58651779424251,73.0346621676682,74.09081586795922,64.84625448765485,74.92875655621864,73.30397113493848,75.51706373917338,81.69385049516853,84.75696978284108,85.45843479826355,84.63778974237361,84.19693239019759,84.39544949351118,84.85793812363386,83.71704975378724
2025-08-19,84.63467327540323,84.10317990046295,81.76709637634612,81.6165262307683,78.67068907481973,78.64828825693188,74.56268781365902,70.5473600224462,80.15041528549914,78.60671810416756,72.59304182986018,71.6451043646107,60.73219519467548,71.99954240243109,72.7312409671365,77.99618475938433,80.45344391702014,80.22366198943828,82.57831452994202,81.97815260655102,83.04325998643812,82.8853002540673,82.07043264649754,79.71291625864843
2025-08-20,82.61457127725383,82.83818883420261,79.246589862482,79.16329559313503,76.97661379801252,76.31858702606833,75.22698382176807,67.72113429507458,75.09609619319707,75.93046855297399,70.87450223577397,71.9274976216916,60.70862536642333,71.76521560223738,74.12883315512825,76.13930809112207,78.53436678374952,81.27785151570875,82.7330439911705,83.49631254887842,83.60728759114087,83.6703883650592,81.77519003105155,78.91190569250703
2025-08-21,80.93284338788769,80.00882411317482,78.73412504716823,78.60229409264888,77.3625271279279,78.14167033584552,75.8065445898177,70.47673720503137,80.0115538058047,78.21601143656044,69.68005133097994,68.06488444197902,59.82740388809407,70.76415169550816,74.898083581764,76.48872846966027,80.86237872289287,83.73610520251586,84.42249718411306,84.0178521226274,84.07099056369567,84.23601518331967,83.51219995603233,80.127505925993
2025-08-22,81.91725774737449,80.96599802143038,80.05683115683259,80.03953859172671,79.09009293851634,79.53961767339132,78.91236491645677,73.72398293054292,82.10627173874806,78.27050241263098,74.29946822767556,72.28561858817206,61.761342450614826,68.84432585388453,73.03835296370481,76.36664210312028,81.19550988119738,81.2578980821675,81.98358316582295,83.85640028304333,83.48388517884818,83.36543395618891,82.51008528840877,81.91977601063877
2025-08-23,82.75041368250827,82.70890582631881,82.33794242175371,82.56900445189264,82.85453469378112,82.64364967260421,79.5681932759444,74.01432347535946,77.77557240945804,70.9856734381324,63.34423900544673,62.0880240395976,55.162410660854135,56.29424320323816,62.26819518094918,65.11544046575128,76.68507764474568,79.4868479368275,79.04159352751728,83.51725746641628,83.67437283743828,83.83237775803003,83.46951069522902,80.83973941823265
2025-08-24,81.52272716007779,81.75641483479828,77.93903032573044,78.20892992914912,79.34900263992235,78.01663484326582,75.55400099892601,68.92607683471476,56.29258699781834,37.344864072513204,39.03952405202548,36.77199546738967,27.507603940043087,39.97612596962742,21.392293005048252,35.872785987799716,58.90665652768395,71.54801632831712,77.72601245616643,81.78496679223719,82.96903860043778,81.90736391464108,79.35788350822412,73.37625587933562
2025-08-25,77.83477247103905,78.2384661085073,77.36543962962706,70.46204766341204,68.94271245975311,65.66582696194217,66.31665233193874,66.03835668972278,78.0728364700062,73.80610086608826,68.11770979702965,68.52647633274479,55.34813571254363,68.10725074147153,72.08728375997599,72.30466017932807,78.77624892292428,79.88183136385621,80.72337731128066,83.8491281368409,84.10280174356295,83.86014711952976,81.92803679414239,79.97521527538096
2025-08-26,80.56342423303226,77.94031851766383,75.29464550315316,76.00188348965429,73.97097439083278,68.34452772542531,67.50908600846586,65.18859556449641,76.26362930686136,73.72743164527517,65.66150073271463,60.83169330356985,42.61107111168881,59.96920538553583,69.48605037466614,71.46353455097525,76.94164127776857,78.62577274514027,80.83758549138498,84.443428115652,83.92167804747156,83.13965086030032,79.98562650436394,78.9788073339497
2025-08-27,79.32658904915851,79.10238346972187,75.46425754377576,74.76349685212548,70.21248776340136,69.87783907539226,69.36429061502201,65.82852485872321,75.54687667156273,69.76622077506254,56.95764190307151,54.241349492453715,40.27372113409432,54.011179791865956,66.7542353727308,70.12849460569772,77.79335688804215,79.83776273528139,79.88985242767741,82.88545251081497,82.97592278285543,81.43319044986944,76.24171209036241,72.6467170143926
2025-08-28,77.84223974207376,77.52302863071735,72.52689358593832,74.47147264162618,69.536040213053,70.67415747080473,69.94122235107507,64.50560168417292,73.28337407076893,68.39325402085363,58.57226548864604,54.43012516842887,37.742379130864514,56.88628571446455,64.63122327249178,68.50013471536556,76.75121991288641,79.68352826207082,81.03891417928229,83.38903356050895,83.29813789895205,80.99744748668924,75.49534474190786,75.69174970567391
2025-08-29,78.80918469124751,77.0968471292439,75.36947770716718,74.38157424415496,73.59070660959812,74.72754625685356,74.00593369482011,64.91801313258898,78.79565821065673,73.75342660356866,62.71752395550048,60.44589881297665,47.80226102175994,48.0333105100896,71.09418452338028,70.15275493962176,75.28623024360444,78.41396628302427,80.5458499680519,82.1129252639081,82.02247564989636,82.69969764229161,79.89274664810763,79.77243979719178
2025-08-30,78.14508819525845,73.38780037685135,72.40689677916436,70.89253118360227,70.07620852120502,74.22718141048772,73.08086133647583,60.25745609266514,68.52247078339634,61.02172800267716,50.482397491876604,56.017359277546305,36.61319404348957,47.70089031167947,54.11244228312892,60.677140948143375,67.85286749455696,72.28430386971888,75.44659553376968,80.60212172506976,81.19487386502783,81.46477813907701,80.19307487215266,78.34096906506576
2025-08-31,82.12755434471956,81.87105792696994,80.94817882675058,77.93108322827467,78.66386630531765,76.90219430427989,74.28917173971705,69.16109762629542,56.44062068983284,48.170327923742185,40.66792990276607,25.17654263951299,13.03311869150626,18.05579656740711,15.115927701605806,24.86046621256218,50.275291849634044,71.98824878172766,79.59945052922329,82.27718955746194,81.5467927872731,82.27835560068581,82.18630666031936,79.07397807095415
2025-09-01,82.59665428707137,83.06916274113152,78.56863286699108,76.78386408190953,75.48090759655518,71.85318539633438,75.36679298431841,70.02379861684747,79.98578876489219,80.61016881658065,69.25453451427357,68.67236230864732,54.35306345392767,69.71276967113316,73.87342075146832,73.1792089019717,78.86661003252863,80.70728846392423,78.63929925806984,82.25330635380149,82.360382353176,84.27654448352008,83.27152791207635,79.66678401116768
2025-09-02,82.88395057009106,82.83703851094562,78.60330249490563,75.83560449716492,66.87580312958775,68.66252082920366,68.55481595964642,61.89961275656414,78.2102936062982,76.35630022609476,66.34737962266115,62.13972519493399,57.731710151574255,66.9756048423583,73.63489101074934,73.91364548953828,77.62345351455944,80.11161088794329,78.94668106053798,81.25070725286982,81.19708102885545,79.99648546381209,78.20737487180988,70.95729418983397
2025-09-03,77.6907853350294,76.77340681094036,75.48451858593566,74.42093326542488,70.7893118842326,71.29264937629753,72.72469592527906,65.0197628637222,77.21264328209092,77.38729042397256,69.66787009109619,62.9448275911989,43.794152273203935,61.84672464657247,67.53870177136596,71.67698552242094,78.14646206924526,79.49215138997467,80.33695835921078,81.6323537271601,81.60841169039874,78.46393794158107,77.90128444679307,75.43345798502878
2025-09-04,78.49029406029295,77.71873263732283,76.58659861482411,75.43291529166692,66.60509171086053,71.51959089136142,72.31695479906497,67.64549982480219,76.85441664441076,74.12805264093728,66.83383487835782,67.35746050350579,47.931329785983266,60.12560786137222,68.46216886454604,67.78909705127518,74.04309636104519,77.74818965593846,78.8567938800174,82.08234234827812,82.21853524563315,82.23462426727949,78.6010440385506,77.36169073478298
2025-09-05,78.8299297378444,76.96187885226084,76.36867392376126,69.18463289815918,66.08968556418206,72.25644395017869,68.84589953259535,68.25986830861147,73.71273929711512,68.94442558266017,63.327275199769794,64.86258720296694,46.167869873530094,64.08848742532982,71.52798270714293,73.40892333736977,76.4982725021323,80.331649177988,80.42327121201996,81.11306754156584,81.25309261817621,81.28166922524402,79.29461262939141,76.29368514333595
2025-09-06,80.61539928496431,77.70748064717641,75.03896475455176,72.44336123149684,70.80161217803258,71.57873654645675,69.71052760683114,68.21710994167421,74.59011739979721,73.76595095217493,67.2177510637307,59.32961525823202,42.008243442031734,56.45515060396934,53.02371364296517,60.31792417385431,73.07738320360517,77.24068821988435,81.2595063734838,81.77674380142548,81.99121104652438,81.73377671356722,81.99200284963554,78.44562663749204
2025-09-07,80.85921804582608,77.28252389804656,74.54809166475357,74.47475773536976,73.45931770675604,71.84268477129946,71.60968957018771,60.344807587287846,48.539812856188526,30.68545935452888,25.204528579103407,24.56546493505315,15.800460015874975,34.89956736938447,30.18869727193281,31.36251775832625,53.498673376771414,69.04022861415626,76.79964461977075,80.85576148172045,81.176109490032,80.64528114473526,77.12361090509921,76.55860745300554
2025-09-08,76.65657920985197,75.5769072071605,69.31297724108718,69.2960079949192,66.74264385561129,68.97501269590062,67.96196434523526,66.53129894651087,75.10160335948446,73.23930171759868,60.091112980007495,54.75235315273259,44.91104092860256,60.01516961283153,67.07422338600134,72.15090075529774,79.21530882477451,79.62365549320552,80.35311525233035,81.75414636975698,81.21248061061272,80.89619217276221,79.54315142636594,76.24010302643391
2025-09-09,78.61819406677739,76.51977341909038,75.64608841492249,80.29776422212042,74.63900734766081,71.93298228571535,76.85846942199038,74.04201763415553,82.60925649362913,81.36874913633233,69.90529818528248,66.16574828387232,43.09916679446311,65.38213387469827,72.2385048027123,70.9605465664479,74.86799850065853,79.98137920445875,81.40440598428637,83.1349486875882,82.82330701353747,82.27186073665061,80.65347129822621,78.43346909088292
2025-09-10,83.20424308553184,82.62321326024966,81.00323047042727,77.93908046615753,68.84966099298786,73.53241143336443,75.94644525940049,73.39065747151349,82.3126272570917,77.82265367831822,75.06181434157779,71.40016084881829,45.94423893551954,67.1501792034612,72.18589023000206,72.75162028971741,77.98234766994943,82.94845595918346,81.96823433693135,82.71485324980476,82.73807428677966,82.92526893310944,81.26148184445697,74.90168938610569
2025-09-11,81.22054888850957,80.30426307166383,76.87016018424183,74.84576101075302,73.08327453773693,74.20837825371991,74.21888137728212,69.47451116691101,76.597487738825,69.64823129254508,66.28698591119603,65.0292002198085,46.50976303048408,66.2261018611172,72.25010541257238,70.12052911593919,75.01384094038151,80.35429702160609,82.84107313490954,82.75201596628698,82.69594112590664,82.69512025171151,77.15300560890991,77.8221468478698
2025-09-12,80.34813340681939,78.00206962166968,76.41592891105078,76.90690730335992,75.89205228632986,76.3276055960597,76.4661004141579,70.83795068203204,79.14745261023685,75.75383681629405,73.4629941575526,71.08012582912409,46.854141453080054,63.02031272072744,71.79712683169546,74.18423591622343,77.00401692729935,81.50676642904521,81.46634593061867,81.3005086536978,81.89567020672955,82.19974754391417,79.90633779570778,77.71293330316907
2025-09-13,78.38799540609926,75.0513113823605,71.29704404278723,73.02681591456628,73.74513716622569,73.24561230760601,73.00747324915066,66.5868959730216,71.01128727305843,58.572190973293296,52.657414117792165,55.00281101393119,33.222070716725185,49.84688301340316,55.567834409340456,58.55896598764364,70.62395723461289,75.1134077841576,78.02306466522661,81.32373798408213,81.31155165821302,81.14810378433987,75.51998777844703,70.38219681844592
2025-09-14,72.68393854119712,74.00712439163709,70.22774637066155,72.18634341067933,66.87512269915476,68.85813473750419,69.62896556617909,55.04524236318719,26.28986205209764,8.245906076545975,2.835618820548251,9.81662436944101,7.122868846623216,14.960354929100875,14.021768341921476,14.539822686065335,44.08732130158545,72.50498495559528,80.24006048607089,81.47236532879923,82.32765446469213,80.87673291801696,76.22959212195684,72.18830068617412
2025-09-15,79.76987863151935,75.3390061064969,72.7717119395298,74.83609783447429,61.025960052139745,67.89881256019683,69.51725711741162,66.56870953997834,77.67554839117165,72.88147513513023,58.378794950030866,59.719403278750626,41.606226896385586,65.70100070145405,69.03766092187699,68.29022089054943,75.7730384205781,82.01329251872005,83.89945485375173,84.60398862051322,84.41027385900865,84.15852767514127,80.55062891325814,77.244431114331
2025-09-16,80.11959964459511,78.71092567127351,74.59304399779566,72.92536292068905,67.70583331847214,69.32072008442056,72.38115587168753,69.83226192501108,79.8341640507208,75.85657280829989,68.28627338862991,58.63907135286733,32.188885865619845,52.52559292293232,67.9008736484938,67.56071592268765,75.06075653326958,81.60789627554104,82.79885876379457,82.74615374068756,82.6771639285263,82.34570341511102,79.63493776658873,71.78624223391985
2025-09-17,79.17545778455008,73.05913403032683,71.4618287793208,68.53814581168601,68.85032455310038,73.40470797055697,77.07225429347992,72.01931687151875,81.05139218009134,72.13770658544232,71.03739910740208,67.84881617851137,45.46231368901604,57.372155332726756,74.08319893689026,69.62992599750106,76.10354451725917,81.1641156666386,82.11243858918058,82.3354721824471,82.38229360164277,82.01697497483651,79.16640349822003,74.08479966670225
2025-09-18,76.22686576469691,72.20530797377903,68.61767489043069,63.25266398699532,61.40667632388204,67.45116533609378,67.96416864327861,63.67173632501078,72.25189096218642,56.803799301743155,46.0620185567019,39.932485095984795,23.64916052239889,40.72748972782021,52.17672055652776,62.10119621369052,71.21456607216358,78.06668680960443,79.97555672857021,81.00258933927431,80.97224083949325,81.09717030192189,78.45920844767927,71.83887113006026
2025-09-19,76.23476231988384,71.32657822597045,65.768878328181,64.5363640068283,65.6592268672017,68.10238558217532,73.73854060704414,70.51889550817751,76.49474852596371,69.76715946862916,43.645716536178796,43.72946547229126,21.145622059057963,28.702916745438664,41.23076056372503,49.06369361474306,69.9763785705879,79.63745555884213,80.91041931710195,82.31216782865442,81.58668780615893,80.99490057963678,77.07478838963671,65.9457603253612
2025-09-20,80.29426035403003,74.46943421522158,69.58392871726481,65.67302006513049,59.144024764582014,66.63527614356643,72.01120399086443,61.50356434848761,62.014671827992885,35.16795641340577,17.597607944491486,15.069535020837174,12.316638061892323,13.864189563671088,22.30677281836461,23.132492630880737,55.899423033455726,74.33434981383442,80.79093889739791,82.16543282780302,81.47164219640885,79.539118668108,74.9694298064309,67.26449249087784
2025-09-21,72.48250080948607,69.41335866641744,55.152222809090304,55.21418370340176,54.56197491997161,56.952199156291314,55.0599321099555,20.466378246807892,2.6376428403823113,1.3328643889913008,-0.2133356965293979,-2.855881093751756,-5.668483195623142,-0.2914088361192243,-2.3019387544024754,-4.293568099766163,17.78754316612389,57.830518086023005,78.33185255733316,83.12857732049058,82.41398713759091,75.83153919058844,72.20811089749006,71.70875258982939
2025-09-22,71.47325799986615,71.10843624305731,62.31711085603509,61.907118064970035,62.89250537152253,63.456927633010416,63.121218979119476,62.622048723664875,74.01446784694892,64.7818652389003,61.70437974894326,53.208713188457835,41.821240917335274,55.790251406973745,65.1048414286698,71.4847998750823,76.56476231446834,82.21858574765004,85.13797838431061,85.65163418973863,85.88006556559459,83.36798603018548,80.75183507392256,74.97381235121081
2025-09-23,83.16732051379273,82.53765940372296,74.68649966520152,66.82030218447,66.73864468691181,71.25226810401816,83.44487389948608,71.14435429547777,83.05339313521448,69.38870027281469,53.36854304182524,52.12736933048996,37.56347657721787,49.03229457584711,65.04789337364709,69.85655840678517,80.65973379915526,83.27564698970247,83.25275105254738,82.86542465547154,82.68908823811867,83.10694083432921,81.58407598234126,79.61569791820597
2025-09-24,79.83798359538443,77.21386261753193,75.41748903730462,73.90814346565023,71.38986125984611,76.37495222315519,80.07337632418613,72.00525566654198,81.08335635641342,69.5581567208508,65.73713611435382,60.717971750053096,41.06278294832263,55.10761004992598,71.52863125989168,71.24408342984955,78.75080417708891,81.96496591924618,81.78265404506568,81.5991280570393,81.28614463801205,81.01016560500814,80.00621398119371,76.58719279475027
2025-09-25,79.85498837657694,75.60599127332368,73.5510592699275,70.22628985435499,71.09449411319049,74.35100430019683,77.52347597502057,69.39305531080386,79.48624286071359,73.18174855873056,58.6970798309742,59.41823879145203,27.937184294799508,51.415349490341036,63.210278058134044,59.272140446029915,72.2701243865391,79.14779344864122,80.45955534444317,80.7542295645741,79.78524235357003,78.02137708467697,74.03016637578271,68.48427690221725
2025-09-26,72.42130619668407,69.42382847555494,63.48467966984148,62.709848609407764,60.294812981628596,60.697830925351624,64.9211109887281,50.21696979170586,55.899978526383244,29.432197539186568,21.152732058007793,23.58058090735889,12.819883835166502,19.30596493855819,24.076864773220365,31.581730551672422,58.17441919890145,77.7629460910641,80.16515369419234,80.43992612621852,79.34830383561044,77.8746613248918,67.54791377620661,63.00809177845507
2025-09-27,70.34815192088948,62.537924211908766,45.70141892502166,49.03492936161516,51.546780179141955,51.33337072477108,55.07281575863364,40.182426407658674,34.35366387096271,17.706545169115536,13.024150796013675,9.83107560537956,3.756925536776818,9.534560898516833,13.744882954377985,15.292609361782985,41.566142724356645,75.81272459113039,82.88390772823512,84.0374123910503,83.53607309553739,77.59188614207973,69.97393238352707,71.57784529783265
2025-09-28,71.69887601763583,67.56508743491558,52.08895361362718,49.33023250749067,48.17770417246614,49.2352731233092,60.69284132203765,31.220058580778453,4.05141710229768,5.661533390588555,1.0708002380009403,1.4174019398062598,-0.23295450362929687,0.8017734866127756,3.0686865768666296,6.003855780046874,47.9471285711726,81.42790215935717,85.01987244101014,84.74008623746747,85.21117345690334,84.50729048048603,80.60120689037772,75.54900273089241
2025-09-29,80.02668852920529,73.31965315581627,70.09138676860769,68.3590413684447,69.47035043895009,70.3747364132909,76.42106682606214,57.67679887452838,79.57936359627408,67.00880237956208,54.57579154416498,48.396893659084064,40.37559228613273,52.65368758703266,59.77150059420332,68.12298486122947,80.68877178799707,87.90472419288484,85.65411524308031,85.18681810032241,84.08797232938299,83.89563448213265,82.45144273424806,77.10914631588052
2025-09-30,82.59130237383249,77.63352295272489,76.17244641505087,73.6000391294507,71.74091064279018,75.46606394363187,78.46816714002625,72.04182960891458,80.23255279287537,73.31643296033269,66.6640094804035,69.32032860039791,52.43376592277086,60.10899829673512,74.48865091985874,74.89393776706396,80.3646838922549,81.59416488529448,81.43436227556006,81.5448673210684,81.32715333836431,81.47513287034009,81.04135410732356,74.78190821237506
2025-10-01,77.50266801803288,75.46742237751401,73.74323636168108,65.55023898752376,64.39154443122551,65.8210096507199,73.34163083229558,71.4543868424828,78.45612051849272,76.51014130295658,72.16051021535573,70.87280965812849,37.87313234667757,56.74292809513872,68.27255145119356,68.82859181747638,75.92521537493361,80.2094429776884,81.2766846606321,80.57036093879934,78.76490060700534,78.01158996856356,72.49236019748739,66.59377025801433
2025-10-02,69.94087698930902,70.92405846980698,65.42654102470242,64.88961667905699,61.524045961158144,63.902162542207655,71.97123120507143,67.54344318144844,71.43407944800433,56.67825541615783,42.15259767617264,39.47058178513443,27.11275788038452,36.698218893787875,53.3114954538907,52.78666198262772,77.88010960028335,84.02490716644603,83.72365051365297,84.27699058600959,82.9911224230766,81.2151826783526,74.73710728020022,68.23997915439311
2025-10-03,74.51800758059042,74.18885016107203,67.5264277408669,55.947392263497036,67.87096042588753,69.92367798882226,74.02091167366926,58.93987203060709,61.1159642317217,45.6064384283166,25.32470855903341,23.879059536104844,10.519572296791521,15.974892946115881,38.36390760477958,47.81212521568523,75.21010757554684,82.83632963622651,82.89252754390284,82.93252611380319,83.16069369599899,80.79167829885978,74.26129412889449,69.05384219240852
2025-10-04,75.88170266843822,68.54473714079474,62.493976528987226,66.09835920359689,66.43305826892983,66.64273528684049,72.16699339983987,58.28817139411372,55.14637696956606,31.77849932294757,21.21390699616128,20.673799963711964,15.638815043617424,17.95668719055532,23.810042602301692,37.01479867058688,71.46734952281498,81.78909655913877,82.23707891640412,82.31899722358436,82.32706964784802,81.52432424435874,77.66257834764787,66.90768946901127
2025-10-05,74.48546708718209,64.37820458102718,65.38281000807793,67.52262726403737,65.73733145573112,63.18221798782708,71.0802614339104,40.628224312612566,18.729540752266963,7.642369391890493,5.6078680517031225,1.7336418444250936,0.30778507294363266,2.2686900888686177,3.0141201912733515,3.3552297570066543,45.91982739673125,77.15989662743053,80.08296447674999,80.5487599230531,81.43477581171048,80.83810915742096,74.38002161288374,66.38853013388811
2025-10-06,72.48631273154318,68.06947829874127,69.56032527889946,59.19146432119355,56.93654204650892,58.01300358801175,65.06432004454403,56.384555858866364,68.74475837504981,63.922600735182165,59.46123147468367,53.493968036237014,38.09507028821068,49.33938879154094,62.79986579682776,71.06717252779208,76.06189538414512,81.61903667405902,82.04934599721285,82.11748813738697,82.70622051721953,81.92299915111714,80.50207583013429,73.57899551274856
2025-10-07,75.05107733771523,73.51516487950195,69.54748990540487,49.69782325465157,49.42012134536726,55.87044264565523,69.70299748720888,69.80286838485037,75.21420888174652,63.296146679912674,48.357273683958475,40.64336368646186,17.81865102482241,29.559504754974615,42.98368150352947,59.00855588910815,74.88060468087274,81.84085886364409,82.12520861352714,81.99392249124907,82.07178797939699,82.98568460955018,75.2122205948963,71.28844303594063
2025-10-08,77.48533236324283,74.34620460271887,68.24433331671209,65.53832143009178,62.732008349773515,67.36301829742455,76.74751901317538,76.32759789459678,77.58957560780816,71.98883593847688,52.87100793819756,60.919756644937465,37.819364784647405,59.67091474742317,71.39731079688877,68.72751070994138,81.17880257759853,83.02998715067645,82.75614775119013,83.03911447487147,83.32234802391228,83.41615610936293,74.28510476497135,67.08067828156892
2025-10-09,75.87329926957628,73.95822950645642,70.76887913793902,66.26603967709264,68.6862307116877,72.89315425332704,75.02156622754732,78.44042978595961,80.05837755525158,77.72223629061591,62.903744333501734,65.55602021362353,48.81951727941462,62.41624502930452,69.71057106338426,70.36314521110435,79.8397003629278,82.21647275400086,81.98274610299255,81.93919702072178,82.13519394337585,82.71004262951895,74.80141374765854,71.0730526372362
2025-10-10,75.605921992243,70.43605550006042,67.40387435599202,67.47076168906224,69.43395756243675,67.4476012616771,71.08693085276016,76.41722736817307,82.187037173499,71.98019070515768,64.93250716757811,64.37747817997807,57.28496339844713,60.517011656444595,62.92876625766762,66.48116805534582,80.41927085017676,81.55056741236196,81.82528637748179,81.54358487380125,81.42795023341131,81.26280101460289,75.6760843580805,70.27197345552955
2025-10-11,77.66838100240496,73.08650877892697,67.04679862972031,66.99489532486514,70.30055941301644,70.12294178226033,76.33571191980162,74.72160603068293,72.02920680562436,56.212269264779316,49.98976698466673,45.03595439591959,22.514542409508557,25.15424072501402,42.48849219722576,42.37208628275069,74.8147851236298,79.15820939069809,80.36068576466499,80.83783660875788,80.70658343424148,80.0349403338567,74.8746445236483,69.469358329229
2025-10-12,71.15460492195986,70.11321709938343,63.24905282727928,57.76568350391701,57.651628035652784,61.83083703492647,69.54088613707505,56.11784154019488,33.188124706458815,29.445010750598755,6.029131924500887,2.9053821065600984,2.862570996227284,3.265962620266281,3.9473026514049168,13.810243705832319,53.930280119468165,73.56912513530233,81.86138720384106,82.17121017891274,82.14450102169961,80.06753866424359,70.01159093625394,70.08634133452993
2025-10-13,75.2149795553526,71.91212348923263,60.36981954967661,62.886807690031084,61.647230403309784,66.35446628133523,72.4533869553165,71.12361034515587,79.47525260572759,75.26086698187805,61.6384108566575,59.86918110005858,51.4882956440985,58.19547507414127,61.14511867334768,66.47111834463662,79.04016820555704,82.40988050806692,84.6467978943364,83.7990931768115,83.7246953217883,82.82675134130227,73.79877239726373,70.20942587550563
2025-10-14,77.37755457851277,71.85559471548176,65.55258669536133,66.8636392712023,63.62868566379694,68.48628048538097,78.67761577510042,76.6538287441818,80.47713149642287,76.2642561660695,58.96393381140203,68.18096165454708,37.334174988985666,59.73802041507853,75.18162921633638,72.81675217007344,80.89027912825944,81.45370014877726,81.89425999473438,81.58848728196024,82.36100214911795,82.0997647075081,75.96514151597394,73.10399748935917
2025-10-15,75.98504715568846,70.20804579833923,68.9516497666598,67.38180299312583,64.63457413539449,62.92047174370328,73.96100511728255,77.27835416413481,78.74067448032476,74.93633879316671,64.8728166507572,66.59030744344234,35.88738649048946,48.86024424479156,71.75240228938932,69.40540828099986,77.03571364806696,80.53127364117476,81.28319784802241,81.32206214437595,81.14004384785224,80.79743866304631,73.97553274130516,70.85074541135016
2025-10-16,73.00860117326835,70.4160370730692,66.93999867769416,63.006814322902336,64.15517781924179,64.27742864920363,69.96839394444106,73.15677772294771,74.93910573269294,73.46299765075429,54.8044691298478,50.50420524823967,33.04456955203425,43.92920513173158,56.205004456636054,66.40339160395321,72.57772713914375,79.16858477989186,80.1282459954169,80.17564891190051,80.25869231479733,79.50977533148807,70.91631228163541,69.4534745580202
2025-10-17,70.92466773107537,69.52293268481459,65.76019209347416,63.42044107659585,65.45858250623088,68.0516625450529,74.65269121239433,74.27425963061198,76.60389882324404,72.54204277684671,54.43930332078675,52.62560646106527,25.095167203841733,29.6450017685857,61.92149410947918,70.44590717305184,76.93346444707532,81.59230709323131,82.28286713870122,82.32140713026898,82.20652298663559,81.47337395892518,77.58336359877106,76.57101142756582
2025-10-18,75.43356082219088,73.34082451530264,71.15572049536068,65.0304730485868,65.94555733233129,71.58110368301996,76.56237339817173,73.65657466029194,67.97676273361802,62.478816408535955,44.01125058629306,42.36946001325142,15.328569067972815,21.074184430784186,46.83568022247065,60.38358372528287,75.4814878793048,79.09753546837163,81.66542707425823,81.63942930100858,82.42300036107592,82.3524704532436,80.8774795204007,74.99372330837842
2025-10-19,77.27145952147987,75.99328150383987,73.13376350638765,76.15221763541196,75.2714752966266,76.7448404036299,75.70620531647202,64.80068070384338,44.315872754129984,43.02344923237356,24.16808464310302,23.758473900315256,6.116668044823288,13.556994260026933,35.84830300258463,41.328574236796356,61.652242291976975,77.38143966462628,80.96693211462049,80.74109719496596,81.23432343874053,81.19703733352685,77.4152695895665,72.32341113259255
2025-10-20,74.38763525050867,72.14003807824992,65.42338792824273,65.43375603436137,64.46438181627967,67.0829139473418,72.28436056826087,72.1470933640954,77.12380667408488,77.84545257404889,66.46154779552863,71.00264613305389,50.98652116212607,67.40548567283926,75.93445063723436,76.45645537796722,82.83304095171475,83.3588828285609,82.55942020061799,81.73582553705515,81.31381607709947,81.5614266536138,77.7175726369231,75.17744522904769
2025-10-21,77.11082225667583,74.9346175401379,70.0799085781131,71.47904434003817,70.48038524500075,68.30042138682185,75.2594446500944,77.87350790239856,78.18204273108061,75.69420540874934,71.94653321827256,68.71649536443762,49.91744378302088,61.91670486725452,74.62171612561067,76.64577349033328,81.363698114422,82.25659030872937,82.08535940267527,81.91636810585308,81.87035234418406,81.94735016056998,80.519927836708,76.39383913875321
2025-10-22,76.6235974350055,72.966093384558,69.83627711251349,65.83713200926597,65.84264344056938,65.91258315512685,71.54100139936266,73.7221512301655,79.49519205441659,78.77506326941455,72.38476952062803,68.55957896346793,56.47041395695898,65.56072574158699,74.14448765394309,77.40453760665642,80.14136568765686,81.21924618696407,81.42057148620411,81.32885577764115,81.47899806297177,80.02964546243199,75.40148999986924,75.6269047180764
2025-10-23,76.04537505939241,72.45741360132563,71.25056562804595,61.248755054612744,59.82555251159588,64.21214206380397,72.51886250901822,73.38892198877008,77.75027532671105,75.10209956104491,67.9845027767214,62.82864715433889,49.174090799655836,55.93353513554805,68.07155986972852,74.97659470312804,79.47294490795586,81.07922857806267,81.25184728456574,81.12788248507957,81.01369594837254,80.16366152812685,73.67072527735044,70.74646686519885
2025-10-24,72.026763498665,70.41281212658784,60.49891118301821,52.61710980287044,53.13662829499559,55.99314150293912,66.13189452671863,68.83089817859766,69.91030323785029,64.47960452411223,58.444197509705965,47.32716166611901,22.406944086705543,37.860095135136355,51.750550904214094,65.32105036359887,75.79463979324238,77.7169202392387,78.93404338498132,78.55320953096424,77.75183826640311,77.6724899719503,71.50639281303103,69.58387360059481
2025-10-25,70.4656892539198,70.22644812707635,61.78429693401601,63.95771736037812,58.60417253101422,62.681451288552736,70.98812137959888,72.99955724463848,70.15340545768687,63.522239954886835,50.242286504299344,40.61095794509789,23.227535797732955,37.65576308002638,56.53448092080072,68.32264703411532,76.20768677829538,80.42648634774744,80.9714365467238,80.66393907231583,82.35494229920285,81.92240147032246,77.20397559266623,78.28991970637726
2025-10-26,77.63694603710172,78.14251472803828,72.0609233407409,74.67988073602099,75.26912812088916,75.41131080882893,75.59589554849042,65.88597113167576,50.80347141918701,39.11143105131492,28.405243459087973,24.99041497087644,5.054840771102002,5.635535325148865,20.445971002994455,34.300020719059354,49.076442514984564,74.48889972936489,75.00857429708041,78.07696351097283,77.17450559108124,76.08636115924749,67.11092567491285,59.54531233572692
2025-10-27,66.0088479408849,61.14014903108375,53.40829412022156,45.08670669940111,44.93744890273867,50.02311438916893,46.466189395508955,61.6442813964545,77.60773340853889,70.75224746456642,53.17444469322902,46.65394297962792,21.26507989728766,37.05658012261793,50.775447254428826,59.652314282284124,70.30705132862427,78.52138048652522,80.62729354407814,81.41107185034191,82.11063403260195,81.75220510821528,79.9945114509462,73.98324222865801
2025-10-28,68.84559602208051,59.71178418265836,64.20034849487516,62.90454139721631,66.63145422522958,68.3154713932817,69.75733397277952,67.93737944520397,82.53919673708346,72.92959237749399,59.759823238769954,52.68162657460553,44.79413751138807,57.29496062771314,67.84263803162665,70.27033337557252,82.7672294753774,84.31011826225313,84.52265462566768,83.63105826568534,82.8421815143521,82.40272802454439,79.99710665797528,80.75092277174171
2025-10-29,70.06357385796359,59.302501271264425,56.331818922821185,51.3984472621405,50.550905674298974,53.50727887032649,70.1870953570163,61.886845586236966,68.96767397908427,66.45569319420727,65.33592394646227,59.47318546824976,25.124833044379223,33.08807857967108,55.37603576396501,67.2214859860855,73.07436414664426,76.36645040515074,79.39397374756192,81.06907107979586,81.21770951144804,80.59349850177964,75.54802962448088,68.33675367089324
2025-10-30,76.10256571168038,74.80372057802992,65.72893775646517,63.14757848953922,65.63692038601512,68.56394394477384,77.51580033875454,78.40740261435495,80.86749266068655,74.38662155484093,68.17384477607378,61.77757984743136,28.011195434329526,49.9150217984975,67.65505060656163,73.19037711714714,80.57200526608744,82.52188415815309,82.49862706007706,82.5088485634696,82.62950011464298,82.9020471301029,75.8721692120586,75.39646618751307
2025-10-31,77.7874789680385,76.90484954278831,71.01425336166807,65.7110851974045,64.7691720342609,65.0379365909814,78.55344828528168,78.52634568691836,80.7290463939121,77.77708117824454,52.1967721447537,45.344526027190405,28.411180835636873,39.811891534603255,65.69134583522502,66.13336084949108,81.7113570055712,82.3687830402569,82.32844855433078,82.31658713531809,82.3853984467211,82.6923724965827,81.21212275472311,77.9704344700641
2025-11-01,80.127438766617,78.76517351992165,75.64868290535843,68.26582007200649,68.31914949063297,73.23529831055187,80.08419616058453,78.66915829510525,78.79841101258083,74.7501978069577,62.61445149633766,54.03006700760901,20.139965196099947,28.144392810626492,68.11423418095312,71.65814355791025,74.6815898536673,79.4789376340054,81.1228350160973,80.94192787853643,80.96167444660873,81.14574320535284,80.60090084165729,77.52608924055428
2025-11-02,77.0191523241199,76.40081265811095,75.45395196452114,74.6042509877399,73.16572696726294,71.4083265474052,78.90279441285206,74.02370122084312,53.84138156473783,44.08554847943467,26.779181405280553,29.623677870395003,7.909021072981441,24.500332808965478,35.36134498897493,48.20488657859022,75.1137242221703,79.80574791867897,81.066989520515,80.97373373437968,80.36580100474048,80.49139094164723,76.78747653176207,68.27411621597624
2025-11-03,74.1289878145676,71.85378260435213,68.32994999993387,68.52731489508908,64.19162312100558,65.72678130786524,72.76080726662167,74.49089691660507,82.99151778564138,68.47214504788603,61.27108328351674,57.71113182698758,43.117476254732004,52.147530189685995,63.04146418574104,67.03857592356535,82.0839020772917,83.42457659367231,83.25008348153897,83.32246559909144,82.75094295447651,82.59983434152268,79.63768242239723,79.04692876865985
2025-11-04,77.639830047719,69.79547328651778,67.25535948415548,65.53682765508175,63.30152942301303,65.24691288775516,78.17963956087856,78.29249978363718,81.38466250415102,80.78033945714778,74.11085208785359,69.0620198037581,43.52867394722753,63.75585479764596,76.91037127679009,78.72318259191124,81.7389889049478,81.61879426851345,81.6357734128633,81.24067348129581,80.55199489276075,79.6162560910764,71.74013217030465,68.96305479858732
2025-11-05,74.4102554544338,69.00849206498027,64.25005106796458,64.37863688626561,64.54643977644223,61.121730550047545,73.93998644841707,74.82300162587246,74.1356232835935,66.52082488673045,49.93624564234765,43.720898091908445,24.05349666338633,32.38381311827109,47.99156681104413,62.020534592084864,76.26669205294914,80.29695932499806,80.5770808848307,80.03823606251585,79.18328623778142,78.00581329965969,67.04684463177519,65.50988977826091
2025-11-06,73.11435608300543,72.03585655496414,62.55309136285806,62.25630521864815,59.724591882091396,60.486041475100286,70.7845137357652,76.36230441788345,78.45514035366025,73.37191264935115,53.4894407833781,54.589649257685515,32.327306174344024,40.91316126860432,70.00391673211224,72.28774597457809,80.6370004748802,82.26684933682593,82.2066937646024,82.44656025703823,82.27217002667835,79.04471349894634,76.20851647415442,74.09824669752263
2025-11-07,75.52746079018807,73.56301685999402,72.45698890620109,69.23915509179912,65.44615371727022,69.61378737437752,76.90224085418355,80.18776679859928,83.4502275796518,77.61137753811548,74.07109735208347,72.09713531096853,48.40258228914257,59.92030411765508,76.5708931300356,77.33704974970986,82.32866585919379,82.70522768331367,82.52292014498917,82.48089520636012,82.45422765268799,82.23237823978549,77.32188265417889,77.6498836477562
2025-11-08,75.29670915308378,73.93289158108895,71.13957829300759,71.19873882602194,66.90954843614004,68.08633902266146,79.216958498292,79.14942121476754,79.67118961527457,72.4420588891653,63.19987233714458,62.70230075163179,30.92445182410879,54.57416532714458,64.9047841469073,69.3766053845256,76.0064635261698,80.41030375661381,80.54144849674336,80.73583477068294,80.29541700873543,78.94756472925283,75.01491080918936,69.10180923782127
2025-11-09,73.74035660259801,70.39224713112726,67.45702156216268,59.05684048216455,60.74691171062695,63.816483415349104,72.37284126784913,70.60208679401909,48.02612461619119,41.882328076307864,16.416029081552654,7.682439957363617,5.309403760018284,8.267339733960338,33.870033078121175,46.18672418991339,73.57728637782928,79.3306586695949,81.47871266845999,81.47174115151682,80.86603716005952,80.42240564877042,73.28903309038068,71.71558545500147
2025-11-10,70.94806560311025,66.0113669491063,63.70382369502082,59.849832572622844,59.533698701886905,62.07821685840812,75.70161999633604,77.42177063239319,80.95145509977043,80.92182310198557,64.47285230212371,62.51544707997161,33.868316195107994,54.420466783938494,74.02019383650605,73.19787631862363,80.50480060635373,80.06759095052114,80.0926057989052,81.09679542033123,80.26470113842785,80.5467653926045,71.56888356609743,66.63706321385095
2025-11-11,71.21708657575451,68.22559546610513,57.385978268775126,56.08443132901453,57.248105669417036,56.43442263557092,72.4984271395341,77.94060241637295,76.58922690281504,75.42750543720757,71.77824458979423,67.0127205773622,38.82864768243803,55.105311167199275,63.81287670170004,70.31336263371936,80.38998106837617,81.30233031254951,80.95314539094004,81.24634672178864,81.17814130757498,79.62737967203283,73.23704121313749,73.29934322255085
2025-11-12,76.53816928442996,73.45669175694258,64.27828075493953,64.00369634415091,61.97804064997958,59.10005759281966,68.28933712676148,78.2184650181339,81.93179673771287,78.45089407364404,67.49134442936679,67.71152561808687,45.342956057592815,66.00282228189867,71.00709272846895,74.60881928318163,81.16598884494361,80.89683636446803,80.84326223661411,80.82184636402918,80.77120514070059,78.65962904591129,74.32175268624468,73.53077162828568
2025-11-13,73.6920789773211,66.43354025870404,63.941666628086,63.59774414571907,63.89795551797584,66.05683145834269,76.80174058344656,78.86149607276342,80.80527749734814,79.13512737221598,76.50377061882594,70.73201842461755,54.861616234187245,69.53518023680098,72.67802798907451,71.97777229730522,79.77201488416365,80.2229077871607,80.56377887160473,80.48247956870128,80.30484384541214,78.85208408550695,73.92553601373547,73.45215869853995
2025-11-14,72.78938964211753,66.97452661131318,64.80481430897606,62.47855713873085,62.22912355493476,65.86467915892945,76.15672469969007,79.405063737786,81.22843817078251,80.70149981186155,76.16824639858095,66.8564543618955,54.677181484746384,65.84457032529426,72.77957953346872,72.77216724058931,80.37988998131985,80.49186409431286,80.74839412323136,80.71316974584892,78.59188460301152,78.21283235048922,74.39848394741179,74.50527537001285
2025-11-15,75.0979711624071,74.258556818906,69.98430037897177,64.87091493910893,62.921526216401624,63.215531949227596,72.90973262133184,76.2571322425044,79.33619465051278,71.14267845422363,68.54917944929818,60.915348159752895,51.66051123645412,57.198438919322676,70.95342534778992,71.53166114382375,79.68694920558829,80.71211992005671,81.21004467104663,81.11978731232385,79.8718086519234,78.6133629458187,74.77744867701405,74.25955748300393
2025-11-16,74.37138143171597,71.95529032785906,67.33958072857568,62.29382679268407,65.69398209394544,64.9387086215585,73.59048955549116,73.7883460639016,66.46136549830372,51.95845932595895,49.99530926362192,41.35951712221762,22.709784228664915,26.65130832622499,41.04564421933607,58.47264755948176,76.21118427680966,80.65907269304638,81.25383923551365,81.18376642129785,80.99130063254378,80.06170854202874,72.61117487474779,70.71727324077405
2025-11-17,71.29267153929219,62.805169632686436,57.34626231509317,53.628863383994535,52.547475802728236,53.02235954589348,66.34442623165583,70.9358918600983,76.19776344338206,77.80117388722297,64.24389892700985,59.037666629791715,29.630808374677738,40.433458547471076,55.69837853035946,69.69694884136807,78.12676738398139,79.36185239819851,78.95350678725038,77.86538266498286,76.8094662070918,72.77105519119193,61.745349849488875,59.113371535533894
2025-11-18,58.92759603908516,49.144327614847484,43.13516379514162,36.87907848869735,35.85955999933079,39.48212377141064,59.33621468549292,68.71312698579365,72.75852437633569,69.92337773242086,38.253421772291176,36.59520323695142,12.172966334869754,32.25667708321742,37.43759706464743,51.395406182981695,74.72075234711426,79.97983726425844,79.6875709113969,79.10829608038202,78.75891821603038,73.6506598420114,61.45624259223054,59.99324680900761
2025-11-19,59.28636546429756,52.87083738130029,47.21420683614546,46.753302803295156,49.569019319451655,52.92099552474771,72.08044374755765,76.04837833560131,76.82177368326175,71.83888462490424,54.86666633202289,43.306002172573585,26.394967093446628,43.614290325630975,51.33431734260292,68.77037889460473,79.98039476852853,82.02935587439006,82.99483870395815,81.95219639512547,79.63271995372804,78.03510041613426,69.13464852680232,66.53221322356022
2025-11-20,67.82938952951228,65.06649117675143,62.011100692273345,57.054989632277334,55.765429549119894,59.804674564769385,72.09523443291769,76.85661742941565,78.29624010802954,77.36031610855292,65.82990505792505,55.49149173499197,31.68673291602887,43.86784270931201,61.634201427878544,68.45572724272206,78.54439619599877,80.0924638452317,81.06572301885409,81.0190746107977,78.0759147083854,76.47466692256546,67.36796285290266,65.2452538717541
2025-11-21,66.8935959181885,65.70586244767283,58.55406268595334,53.6455163619059,53.21978886771668,53.037355531011315,64.78624309279355,72.12274869492887,76.15615613884877,72.45469435566402,57.40212747633276,45.504842187696354,22.48133405536229,31.4870717671686,54.45772081839811,66.438218062089,77.93933391798262,80.63334101856313,80.70750695269852,80.6370334027032,78.7004851871195,78.19570883484032,69.36296826356387,64.63445092060327
2025-11-22,67.41687176065285,62.59504745246581,56.9098261545698,56.46687462805984,55.468320565866456,60.552862742332906,70.9568204912893,72.32253347842308,76.26096386041091,72.09561462784701,48.653709175797694,37.273973021742755,11.064197432768843,22.23401860967,42.4828025442327,56.43603987354985,77.7161481344575,80.04664377968702,80.80617074451577,80.53218992159344,78.77340855502608,77.7830084079624,65.40072690066029,60.759421514200305
2025-11-23,69.95635227051737,56.74539779738684,49.950254996913365,53.09929880095937,55.51309288653229,56.13243754781061,65.20385509706155,51.699607566200854,40.70843506737134,8.477550478835294,3.9251280558523716,0.3057702907203537,-0.5744131552185112,1.863800382542374,2.6382345849072006,3.4471907024500448,72.34211688460813,78.74158841275477,80.77827160587418,81.36227709282446,79.83589635396503,80.29619134734821,66.579122573606,59.282386351231516
2025-11-24,72.99814773165971,61.97078194946269,57.48383918376414,56.880806514280124,56.13163580824526,57.81607856084851,75.23987798546119,79.02277259718045,85.67170900115391,81.59821311692218,69.98861414814351,66.47666935620967,56.23594294769005,64.96952585576642,71.07410277987128,71.70289860576133,83.89740829354682,84.08113635703658,84.54783736994281,82.77448787866585,82.33234037251059,80.36711393584086,71.1371664274533,67.11758862172235
2025-11-25,70.19689829484211,68.0946898440793,66.79302997880512,64.03254252338901,65.25883855814806,65.75471623201987,70.51586974533333,80.8527642744921,82.8308897646732,81.50054197836103,73.02876917119035,63.99048055858423,48.43384733619726,59.50704434095536,70.04107398246151,79.37527747646061,80.82802660658876,81.43032519429224,81.29942743543278,80.72953025906985,79.6407150418029,79.34357123007582,71.91263596558026,67.35747871161865
2025-11-26,69.87587629418822,67.99977032615301,61.59208527297855,56.8265792603816,54.2856247272366,59.65796929808711,67.04013494242481,72.20411189755525,72.40605065437583,75.5828929503047,65.47133641878753,58.928825986136886,45.16953970177115,53.14596981157917,62.72448659247742,70.22727018829778,77.61243983397759,78.58694994637736,79.08136443667918,78.80252572475993,76.94558254275493,74.0931350450967,69.09660478090952,65.5945189611228
2025-11-27,66.53213305404047,64.38029330175236,55.88444212845411,55.11319807580184,53.614154837912814,54.72093081300821,69.00861750191531,76.58493033765738,79.0986275037839,76.14244656816817,58.73601305293483,52.35897590178756,30.55941474917724,35.97143151912861,50.95594229914635,64.26538624857356,80.41012607870377,81.51461121016476,81.52958223787311,81.51090243827024,78.03668146310248,78.64620532449261,69.31125543673677,61.527460168372286
2025-11-28,69.85962370751061,68.03823911007298,58.61046910357508,59.35265288802557,59.91128288880691,64.04211370006433,75.4928567816407,81.41000472695194,81.744028941973,81.18037522550271,65.65300560392288,56.541966622388735,44.20269935389394,50.484803822715755,62.722707298788094,68.67910000535738,82.3070502003993,82.42116551191909,82.55106456964178,82.21867781325307,79.24370382494742,78.99212713298498,70.05820053992939,69.24531214301018
2025-11-29,76.08504936494968,71.65935250507243,62.74347246641723,66.69011158216352,66.28335303700472,65.08876118072357,73.40915643317534,79.39602950188817,80.98563995573569,73.00666567441229,62.58062051840688,55.711613294835246,36.94859061025391,41.455775887057925,65.83809058228843,67.22145338809923,77.86764510884638,80.62630943823244,81.18507572106886,81.32095812537341,80.76457247853442,80.03134270646584,71.48346637935981,68.76116206134762
2025-11-30,71.8141164788167,62.60152501610674,62.56319826007069,63.4042521290611,62.191728672828134,62.49861457609343,65.8768461535359,69.3540862479194,68.28064303949371,54.64738750348528,45.73952243922535,44.44005990667618,39.273133667391164,43.62573226205448,51.19637025116737,61.5710330980975,73.63845768043363,80.22486789773478,81.0854344983414,80.40601043165552,80.71826441127259,77.69321391354758,71.60901198642317,65.9134535935074
2025-12-01,70.9385162182519,66.41363658180974,61.65917989781492,61.94457371237748,58.97638820208008,62.03675447755179,69.46686913358371,76.03245622773312,79.60884865526444,78.36130277429122,75.2573815850369,69.442496524717,59.45796054615038,68.59141442550984,75.318254209611,78.05644160699757,81.06205062389601,81.49288726337448,80.7616949824835,80.66060608272923,80.60866804741369,80.58591033903708,74.93385269986675,72.52121340814863
2025-12-02,72.82585358416772,72.19966586318448,68.25087534111795,64.35644763493833,61.338520122689395,64.03784603910117,75.79378172465637,79.50688435636378,80.38425928956437,80.7966885591864,79.06638492329705,70.76415695266904,65.04638564139515,69.52693427438955,73.53601589984734,78.18069530916381,80.70811381108992,80.70014866646954,80.45361737787186,80.46768617289483,80.81208393924999,80.15817760690314,77.47633252205735,74.66808809033523
2025-12-03,78.70846355554352,74.86808647970658,64.80695189698915,66.4211475104464,62.67709291452373,65.35724639474685,78.69696138273846,80.29426685586556,81.36820724452731,81.27111294392365,78.63744845194579,71.92256547057399,61.012552755025,66.5054873416319,71.50139960210963,75.0404263231436,80.66163400221569,80.28524966162549,80.35090886765738,80.41376644446547,80.75594227613726,80.37546190464641,78.96345323158455,77.70700251164834
2025-12-04,78.3745302634668,75.59692731423021,67.35489152887861,67.25266552125603,65.03398431187026,67.57544799432914,76.55853737949695,78.9705866649382,79.40165585222144,79.70431325585557,77.13131775939323,69.20365894562048,57.379143119910935,65.70640146684113,70.22941527831138,75.1063531610649,78.57659566768547,78.31822679183867,78.30756185960627,78.27613014986298,77.87940389792388,77.87371840801075,73.10614585039482,73.53452671545847
2025-12-05,72.8117628177665,73.03348000310612,66.6717694014847,66.36674888914635,66.7313989949208,66.37765765047112,74.38461600174531,77.8455878184432,79.6230296375286,79.10314747913546,72.01862965692315,67.25616877324838,55.07720814510869,59.7802268701919,72.87679844042964,76.4511618853467,78.36168044288593,78.90632573628672,78.86524729164867,78.72687406312548,76.26685590082728,75.36999635079758,71.33595618075724,65.70398975512971
2025-12-06,70.79668842255082,64.13277544607654,61.782373652404054,58.27260053010336,59.14656145035579,61.816520990743,68.8611410757942,76.86676449092622,79.38923612896073,77.09117608380065,71.13042460790946,70.94502143454264,58.48623033650981,64.93663397726026,69.22642983037582,77.18109132694248,80.7156612072564,81.11286242740846,81.4872834864488,81.98465182523192,79.43339458430398,77.87762606276654,70.07370200447193,62.742596795137196
2025-12-07,66.53899729128642,61.97859018805338,59.71750994008716,64.37684363701055,59.56925413067456,61.63381245397145,70.57731972593842,69.45552700393091,71.13589601829274,67.41383958299126,65.362542778238,48.35989864267938,51.88065437861665,61.2354416376483,65.55950515422236,66.08397492461646,69.18806457999996,78.13103677751417,80.71721499698783,80.81112064901261,78.47990398515535,78.78264652349145,70.53645760058673,65.2186492465052
2025-12-08,67.99004970326375,63.833316033466005,55.85879323632784,51.651790450831086,51.04684063513445,53.06981916210119,65.64606004594351,70.4788027177366,80.3276269204882,79.74190483326656,76.86041350384758,74.4067379033684,65.85836153057235,71.30058628079716,73.50086351442776,74.31001876122934,80.00501059988139,80.27848564288345,80.39834839302553,79.70754167122081,76.01191271154462,76.75271962033958,70.53328894865899,64.25459190141511
2025-12-09,67.95909581751741,65.04199680002593,54.80858203158505,55.43937311193786,50.85131995069228,55.819707589519965,67.560332563325,68.14546736664046,78.39926431558744,77.8300540432026,78.43777923566859,72.91072375007774,58.37316933405189,67.98428800524701,73.72313743793211,75.70601884336116,79.28738110454337,80.69293748933762,80.65277651212007,78.16377834268589,76.12247935862527,76.20741272954996,72.993277394105,69.88858224435282
2025-12-10,72.15241331572506,69.67840199979234,62.99807457730355,62.603114860025265,62.36615991736149,64.2421322454876,72.77591553175098,76.33182788422505,81.35158335973024,81.99938467858651,81.07723578897098,77.02670173664953,68.0396489810123,73.81916466622535,77.16255205307672,76.69522460830173,80.93358287149033,80.67920739200892,80.2694843730879,78.6170336680796,76.41532244393736,77.86171498840076,73.93082442052454,70.46226728323141
2025-12-11,67.79289937518615,67.48615271368728,60.51486930375352,58.33207082027686,58.58000107762579,60.46770903289182,69.21303008786921,72.54541247064142,79.96148672876353,80.68043659533309,79.56185229904182,76.42403909447768,62.73969227922175,64.80141921543496,78.12569041009276,79.4049244197756,79.48674649946383,79.79865222016785,79.68365970060312,78.86424891747856,76.86845709575114,78.16057179653534,75.82121737542924,74.77977247750987
2025-12-12,74.95732698816146,75.03624037034531,67.69802271353207,64.48382527752106,64.21172973215833,60.98236051477729,70.38762289860232,75.44615458849815,80.74061417148782,80.78029033313143,79.93733346858666,76.00146783975585,62.4777584830234,66.70542157392421,75.05409538907891,78.29840942381077,79.83325259662836,80.03356916458944,80.493526293651,79.81730732009143,77.57814576924343,78.10739649162929,72.99154516452914,71.10291027580183
2025-12-13,70.83972827299357,68.3323932867594,61.74394330676105,58.920331515483696,59.00356802407035,63.0934135302751,69.22972402428523,70.67364566491338,78.85798555215509,77.91124656794803,74.96987117983335,69.6045213396871,58.17886111550521,63.34792424646027,68.20191759072782,73.87864504623566,78.04279406957967,78.92246111211699,78.85751253156312,78.11622136913138,75.84124895396134,75.97793273472726,71.31783804025562,67.73575858283253
2025-12-14,66.29724297728562,61.67066094694436,56.50441513638696,57.570166295515556,58.595392934647414,59.20319288900919,69.0270283337677,70.98784320136966,72.85659904788065,69.20944245284699,63.24226468677767,64.02360342861806,49.890071500679426,58.35488870407647,57.31298764927583,49.007195187847735,72.8841534711545,80.12367348628212,78.08675855169882,77.02438463021298,70.45232615231264,78.21461195557889,68.95633670474473,66.55035073563815
2025-12-15,69.47302174255549,61.7720144100872,58.020644357325466,56.20772003595189,53.96117387307086,58.65433814708266,68.53891780137042,72.0700348758172,79.59354596762726,81.01020351589408,81.04971232313397,78.10159940001216,57.79226634681135,67.82214246606853,71.91732246584749,75.96319402695202,78.95667656706962,81.4355050918564,80.75519828897603,79.15034387687302,75.73536115441713,78.17440410894592,71.10107990404025,65.28203879417848
2025-12-16,72.8738555579081,69.96299728233275,64.62507407692388,59.609126797232335,61.00489010111629,64.26115336715729,70.6417761045474,71.5484273371444,81.34342864640281,82.7414983840492,81.53389552464654,78.1715823636598,64.82010238621136,66.96848812332823,75.7439852856325,74.73685492564573,81.16970007852882,80.83022228106393,80.12017670405362,78.31125702703768,74.27060529117973,76.35451817770873,71.0660691407696,66.39466857172692
2025-12-17,74.83340531225711,72.43402645117162,64.20293738653088,59.04369874915066,56.14394655936094,56.55498847785432,69.61906488949028,71.57282389627167,78.54486843540336,79.79088867153187,79.26390824127625,76.90717321807405,64.27387669630666,67.58943924656597,74.13657964474767,76.85732003366016,80.1064329967882,79.88514378431991,79.92254579686248,76.88016109156669,75.50533575419821,76.03473755674678,74.25803363758516,72.93690842045106
2025-12-18,74.72491966082256,74.30996654624795,65.05755010053093,62.040252147452854,63.09756186002631,64.83492835857507,72.01560556369853,75.90385185626985,79.56188240405125,79.66472786941851,77.50001349730552,72.56066201521269,58.86570715058731,65.49650355756125,70.94095986819801,77.016513884414,78.59195524800326,78.70732190838551,78.73911065786629,78.51136004351288,78.34892285541952,78.47272276509203,76.9671733035943,75.21775026101405
2025-12-19,73.69400570810312,68.78100841686792,65.97895003753543,65.48404449735307,63.86118284205246,67.76319160858742,76.82358842273618,77.96514175871822,79.06297530346447,79.64056333744136,75.32439363179756,62.7318258001977,54.27600445849288,57.67081763488325,64.47941135526357,72.22079920598021,79.11906285687341,79.17644128981671,78.70815352711251,78.55096821868561,78.56157826735645,77.87528838147229,76.57773801054024,72.21587084234766
2025-12-20,73.85420577420226,70.78665302208108,64.71250343274949,65.28303784065712,63.9790028096755,66.67675330268061,75.92365808412805,78.86910670687914,80.25990311621149,78.20332805526756,75.1695714060301,70.08211013741202,49.5057751962149,52.04363264711534,61.21418420808358,65.79295950649654,74.95129967366073,78.83698093548827,78.28883705932321,78.20805338079359,78.24538628566033,78.52878810002152,73.15621977492046,70.67324666991426
2025-12-21,70.97995469103356,68.7651890485473,64.80737514245497,63.647428782964724,62.60226894619276,65.30556644686368,73.11344182699544,73.16368410145317,71.57682647933431,59.329888687937625,40.12461603942466,43.32535397681664,34.63100869143365,45.44495820462273,49.88800725474511,63.760966053265115,76.16539455143389,78.98902162037453,79.33932128375086,77.07051146640477,72.13346204269274,76.92769797115051,68.52589653007317,65.69388774266812
2025-12-22,71.01143932028127,67.76495969779552,58.498881250371255,55.42061337414432,57.740147578897755,58.47073913119967,68.38411234605097,73.68985659267973,79.24515619768991,76.28003891046636,74.306675116875,71.54319766148916,58.113516823119355,67.24847788240534,70.23705533448077,73.46016820812339,77.80686918128403,79.92183349176885,78.56547765267436,75.96602835531637,71.43413621137107,75.48172957361972,68.82453401789792,62.70400755461289
2025-12-23,69.0197983334935,66.54777124670156,58.508436912648044,55.379475393632134,54.80984996255326,56.21057969678257,69.69688442291088,70.50330122138476,78.85787440618317,78.97136784514944,77.68764890274129,74.00988932090087,62.83229145547651,64.81654620482189,72.24544984193771,76.6562573248944,80.54737921010252,80.44993414870231,80.08099813979311,77.90937274688079,67.76756028632481,76.84010231317407,69.82119170016783,68.55486722855454
2025-12-24,71.77637885937291,69.35999573430442,60.68560353024729,60.96412976084352,63.580211471602944,65.40123808800993,71.1032910306175,75.36489524062753,81.59738848807783,81.55522419032802,80.6452663442441,78.31465787711393,68.9545600693317,76.44357421182673,79.0150662183706,78.98548312763192,79.42064725373189,79.26022570256396,79.14791539844292,78.2694308503425,76.05587031813201,78.80403696688458,74.15972838558929,73.60377190240801
2025-12-25,72.19837897666658,67.72032480726033,65.13426097943255,64.12341020252575,61.7933353353321,64.46921305201231,75.04802131229542,76.22726848922834,78.73070391596228,78.852898524836,78.18204759045626,73.49470680497367,63.77282703120229,67.158934362314,70.18463279691055,72.8103628742449,78.59904298992763,78.67650515152386,78.32997696482109,77.92895196217945,77.7813708940077,77.10040451774752,72.53454381920595,71.3967702309659
2025-12-26,69.96752040756596,68.44619254386502,61.21590846150263,58.854971063057754,59.289487276675956,60.452938338710034,69.51220357665792,73.7759015773283,77.17176609451417,78.38899742495576,76.14137163547782,72.32248192018591,60.04020042429195,66.21353272202428,73.56171879464301,76.08702046784015,78.55026273765591,78.97294833336842,78.785304292556,77.35200615202145,73.4278270222401,75.75530648832145,73.16219841205765,69.38036773767864
2025-12-27,73.73036300840329,69.07608466228298,62.87894277331983,61.101671550499034,60.25790512343885,63.43302919725591,69.46594404291804,69.82308392189849,76.47688113615449,74.70017028255313,65.94557619813031,62.6052987679312,61.61282965217571,62.29935976491568,64.55638029779341,68.19419093377309,74.43169180968839,78.02999390827496,78.63016036604125,76.51708528555442,76.37945342677918,77.88155503442329,73.56690265391371,70.12401591084215
2025-12-28,75.19851043216195,73.04926156579904,71.09044033649876,64.34720442331673,64.34021919989077,64.25427301867056,72.04583798843633,70.79507378183568,71.01216245557453,62.39548652882509,62.011445411396274,66.75171616519712,63.01310653407174,66.11609919682837,65.23042140398664,70.84189463349668,70.38361222138634,76.98518665309169,79.26369393137088,77.96211522871586,74.4027694945764,76.86590842081607,73.3766306651944,67.26408835243943
2025-12-29,67.47801764318825,64.21851520999154,62.01806000121039,63.19455989998429,60.34874783487884,60.72132688069418,67.16241368213447,76.64787738283276,81.77811119995296,81.59252680764679,79.90073884774299,79.14222606566963,68.40897484093988,72.21634296229202,76.74564000794715,78.34766749744209,79.6766340870843,82.12583872556138,81.64083673676683,80.64480874373086,78.88288186823466,80.28991612505637,75.66426045462862,72.0522728169909
2025-12-30,71.52891332992728,66.98793984773293,60.20999867674344,62.87897052203204,61.75362000424496,64.45141278704023,68.19435552606177,70.48973967334965,78.92393939268787,78.74850400705847,76.00662005555039,73.77041681403131,64.73087392938555,67.25666780648336,70.23428424473197,70.8894637000059,77.80339809690221,78.37094596187615,78.35650265570891,77.86176502986814,76.64716084505086,78.3935889810357,73.83973263379292,67.85158751275131
2025-12-31,70.58815570674994,61.508726528967756,58.39358221380504,57.41551570302897,58.05609760960587,57.48925617912174,68.34392986188044,76.408926298172,78.34325436740673,77.05458410266517,75.15625145231635,72.13498900306219,56.220146866806864,58.387297023474495,60.38263383257378,69.00658598006486,77.62452474440565,80.4465727164746,80.1019769933005,74.95103647024305,75.24842548069927,79.25181703361392,72.31161863885777,73.12300338484715
2026-01-01,64.89841592633717,60.446150469732856,54.061589284907825,53.78735052024085,52.64746205791544,55.78783517271203,62.86354011796046,61.29580199736594,71.93723671479556,73.54949832773052,70.1982177908937,68.27445901843006,64.7940655750542,65.38116106611223,67.02940637722723,70.29051389464443,74.71078485951224,78.54224519526659,79.55105369132096,73.68748127655769,68.91967877020582,74.96540690111702,74.2788983934251,69.6022065805264
2026-01-02,74.8395720507395,67.53039392711904,62.90471729061623,61.97445229846266,60.474768233838944,60.47621360433376,65.4300036804913,59.31862671667171,74.62098609672562,72.96444023942527,74.8142388182145,73.9585402533224,69.36892175583363,74.13898334077815,74.83851645791052,74.68509754722702,75.83342601948759,78.13437978692,76.96552498381551,75.61554162721065,72.39943331207348,69.82943462188726,60.60311304127512,58.37338030699959
2026-01-03,69.63275179286262,69.05658853782799,64.02492214771785,52.980008303828185,51.22464581216936,50.42912975787501,57.95914428835343,63.54967865125266,66.49261782175186,65.90418604756523,41.7818877794438,37.54875712241441,30.903748839683615,31.72540745474774,42.48282373221592,50.566894593243546,70.11843908873743,76.7594694738468,77.91087140630944,77.15306769225327,76.34702208167748,75.70080887975124,71.1080050359667,61.37152416883353
2026-01-04,62.99328505201315,60.59002790952802,45.92149746136851,51.317512879151266,43.60192393183101,39.015448190913226,49.07745651236016,55.90793331925763,45.740659826789695,35.43659773602291,26.42162205983757,25.145780180173915,14.098546212297348,28.18874754743872,22.905295593584434,39.491903001285245,64.69621681278427,75.83603430869532,76.63262022077298,76.05602939038606,73.43141918871387,74.5888752248976,66.56786107655427,60.23220035500062
2026-01-05,71.02608533111264,54.6606448136498,46.60016890704642,40.3948456430126,45.00609824970836,53.06699553273414,64.00874413424438,69.76747386018484,78.1345224361607,78.41859583849275,72.46271417890746,71.69182648486144,60.05541843645047,68.01565243795268,65.3811748233172,70.08998301156045,77.82581015684804,81.41591983222398,80.90618449025429,79.81812180790928,77.94762704916853,80.00898214267576,71.10446074326408,69.74121298934872
2026-01-06,66.8283513508314,56.95385924563609,48.76641519491008,46.062292363173285,47.2709327571943,54.761544654309134,62.21834171617831,74.79435844110942,82.1661261708496,81.94631801873027,77.95119445769211,71.8832139605822,56.87901795320616,59.856120803165126,61.9826636425127,70.68914805915098,78.17957260616083,80.86136415382084,80.8720339244651,78.62131799073299,79.09369535541393,80.81217398692145,71.33574022172783,63.80709910620415
2026-01-07,66.80903077054616,60.75015301398805,51.52844603268912,47.53865207503254,44.33203458764259,48.47030009021997,58.73714996927887,68.82185924510314,79.93267587769573,79.3872924163761,75.5230948381342,69.49934749893829,60.27722726920161,56.70439923402884,65.04476575410978,70.93307910095706,76.74151389986544,77.9213504267511,77.97896575520348,77.48595952054342,74.78866470006706,76.62304586498526,66.51521277221764,57.39626223879182
2026-01-08,56.322016391650536,52.49046480643226,45.51833314804665,46.281777869727854,43.690930493991225,46.887579563614295,52.55712342668376,67.21967735754824,72.4243373623981,70.5077849441222,54.78064349444032,46.13319659963537,28.540284796809075,41.33642947461195,43.15822093610189,52.64619645639,70.52954317318493,76.46039266345737,77.76912045427954,77.14131389301562,77.53585993448831,76.79909586021542,66.05658478151047,59.65585533819943
2026-01-09,64.37716222766588,59.86625508214428,57.75337873026842,59.323131192522915,59.74054574350566,59.957828208639505,65.31500089132366,74.68406650203416,80.40990562713239,80.90410674506258,79.39719589810026,74.26886184153348,65.62275144929137,68.26589297997933,72.75521017639508,66.25385276325336,77.43599552604746,80.48000631236773,78.49374428128444,77.29828581115363,78.68362330171553,79.30585354526946,74.19366066631393,66.0307351287829
2026-01-10,67.5307797761446,64.32768635983665,56.60949276355583,55.6874041695544,56.37263190819991,59.50992331351784,64.3725654825931,71.35978690224448,76.41283825234646,77.04059757657505,69.71713854905622,70.22951877199755,60.885118580027374,67.40275703918844,66.73118722756053,67.43245693888392,69.8800066085416,76.98446936418499,78.70739078344097,76.48584232886489,76.18017983093591,74.499354315314,67.18205505124588,60.22589731356156
2026-01-11,60.22615519391065,47.91514818146419,41.578931588247514,44.426441683160625,44.52271907811064,45.43569073203157,51.51995503140576,64.11426671824387,66.48422116556796,63.871277055487965,66.63360968330463,63.6511228467402,58.366556800343986,52.534216374262876,45.810729313515814,51.43857882535435,74.1433654450091,78.00913954281276,78.13802298310704,75.43691238723574,75.07181746956672,78.8802289040604,67.71289059054499,65.52656067190314
2026-01-12,55.7864988516083,50.954612546199684,45.20125707410557,41.239913245465985,36.6569025281881,39.07538570530256,50.65904841120049,66.46019590590527,81.09393360032519,78.72884951985458,79.07916266143502,77.25596083015006,70.3401225694274,68.89760498898468,72.62816996535041,73.47126044334952,77.93788469501335,77.82812862652187,78.33390894921128,78.18213988590465,77.6044609405734,78.5610270905787,72.4308545675866,64.8334458115876
2026-01-13,71.70488285857765,72.77010674806009,61.40565770692519,59.637870507231895,61.73669147165556,62.65647056867077,69.03190374100907,77.66556690612403,79.34759725110702,80.56494061714963,80.02041799030725,77.88861689124815,74.79018929060521,76.82659139090543,79.5800822740547,76.31982027909373,80.32940754517168,80.03086050091947,79.7434939250846,78.74103566171765,78.29340762084631,78.57694990603844,72.5677729408576,71.75072684461712
2026-01-14,71.13049624880597,72.9894795834295,64.7519593485576,63.540516931594865,62.24887003164983,63.212794084478084,73.59485913463135,78.34065074250886,78.73979787964191,78.8451629633912,79.2859550002421,78.13808022444972,71.95528597769022,72.98072662557,75.11433931496234,72.47993082590688,78.71515308169849,78.95952156015908,78.72188777890375,78.42464352517422,78.3145772258906,77.38411626465074,76.77478971118539,71.64377730325765
2026-01-15,75.00827284588954,70.24893331006282,62.268066644910306,62.29297799952823,61.48030188380645,64.09188477941423,73.70146907106208,77.59173272671245,79.1751990564495,79.2031983475636,79.53386695839964,78.42395814570229,74.02184074200133,75.27549300550434,77.84576080029387,77.24298488678606,77.90403808954751,78.34669482653585,78.06434449408479,77.683923131741,78.02223577396818,77.99109569902714,77.58751490978848,74.60117032953244
2026-01-16,73.41548727451584,70.82117739861992,65.76785472734892,64.21701500933685,64.79487117446222,64.58479458838833,74.31540932901112,77.61252448758913,78.71488523538706,78.7140196521082,78.17674140029737,76.79501424032449,68.47589415012806,68.44426824501859,75.00444835242126,72.05940146387961,78.6518756933937,78.47306871742266,78.63733903122434,78.43383732948764,77.53108536305606,76.92013437332909,74.497148249468,70.89576206492421
2026-01-17,71.2285700477732,66.45078881898827,59.420528340110266,55.29979598635424,54.53345101399288,56.413142146517146,63.25183623695377,68.57221040116028,68.17936390063132,70.7959729434994,68.85112600539229,66.07142088548244,56.55745993570908,52.08865072055762,62.68170015086478,61.30273703998537,70.66791121610075,75.22082872112411,76.32790714959543,75.97272653173428,74.15800563712105,74.70696375971204,63.73121923817832,60.36030514747765
2026-01-18,69.09091322381816,64.75715456520207,56.0026774996595,48.017007979906104,43.11625793284548,43.388027757417404,45.68647824291734,41.143070122132826,64.91713069083242,65.75751159706513,61.08825773755241,64.56281347369716,58.120480864468384,55.93452834219643,57.95290148477867,56.52371414059769,61.86412418968863,76.99022849472759,77.26821559133529,77.24055847253476,71.81998098167105,76.30666052444238,64.91162090705323,57.554846876373325
2026-01-19,70.69824130726721,69.20053128096802,57.351082845303395,54.65217651160549,53.093476334902036,55.95756522573337,61.273408510324934,69.93003785510511,77.23571625280944,81.42509786427246,79.9385065118426,78.57103610919144,74.63420372971017,76.61060192123642,76.76370605105721,73.3417058754491,78.05494347367942,78.7396368042234,78.72934304490302,78.09941950713686,75.7191791910839,74.52325736148086,69.69376442020908,68.91860251270953
2026-01-20,71.7130084320299,67.58608921946269,63.45438291249454,60.39904340194431,60.87592188741143,60.551237368221656,69.90442604427908,77.02024299891143,79.49039546191267,77.97819959835336,77.56880333512959,72.44766400804626,66.12153524186924,66.95226668801041,68.67843724854015,69.52622417283008,75.96890999983799,77.19762993171932,77.69488655601195,77.9740868207431,77.05975702261127,75.82646959015494,72.91935818397137,67.11869522240241
2026-01-21,70.2424232834188,66.21746563354216,65.08232302736955,60.3983541698899,59.34260301317914,63.95908379792211,72.13539792106772,76.63413041095868,78.38086662589815,78.45549172446967,78.52993484339014,75.14628851638302,70.41756879250302,72.64507102009988,74.72193204121116,75.18394937114107,77.64721732466222,78.11999169312733,78.14494315149366,78.32941304636624,78.5334714321963,77.95453710573258,76.31907810766731,71.08094170966919
2026-01-22,71.42505019404811,66.25305786969395,61.27655729340662,58.55996819155816,58.00771532193649,58.6811183745765,69.52608546370425,76.90170725110062,78.1996606914957,78.7950162995271,78.82878660127858,75.36624760247179,69.60320664466539,72.67350145550003,74.39451488356102,75.28885525332562,78.14784357009304,78.7205469584924,78.02792567474876,77.98577468232574,78.62225203478576,78.21030148030619,76.5038855065718,74.67763061135926
2026-01-23,75.00964613670058,66.35988892631293,60.43322431498155,59.706695053449536,57.14934460994515,58.263440475324096,73.04965910117716,75.512144582144,77.68469710999629,78.31745229864636,78.3707081548466,77.85126083424711,75.57916739410982,76.18566244664319,78.64409881716746,78.55320490172157,79.00028799572232,79.0763543781209,78.82905106087965,78.56489918169487,77.63005387913182,73.9392100682601,68.66269853167407,72.1991337883564
2026-01-24,77.22473823331207,75.70841129375316,69.76366253054059,66.53379188575802,66.5965421806553,66.8030327843887,71.7637421661397,72.56907868275943,78.78068567143958,77.67915237114251,77.23820561278845,77.96833434267948,76.99739248706037,76.8176575744986,78.07241931247314,75.79856066081206,77.8638999906531,78.94928797046778,78.88570697284335,78.72513158688838,76.53886865247178,76.93595127945949,71.68804651518454,70.92966768693897
2026-01-25,73.8297338862285,67.44965083852884,64.14890043916469,62.053284267244926,61.69106571920762,63.40972373449872,71.39330115441201,70.32523546306507,69.6961209623889,60.79738374523829,62.53807688061603,62.15338462987647,64.010560371016,60.733216538500685,58.369739392058534,61.05805442952091,70.26213476711952,77.60653844311196,78.08329338263485,77.9218507139684,77.69439408865573,76.23492800718094,65.8686078304578,63.05559623031516
2026-01-26,71.89229971698242,64.27579201664511,58.857175980071226,57.20441486986404,57.63970758624454,58.63508324864771,65.36236274724193,73.21039860802121,79.41137482825334,78.49472232342167,76.64610739266492,67.19790482418053,60.912699520052534,68.00836845595323,64.15868037148802,64.75196190082819,78.99103706589344,79.51594822489955,79.1175596394878,78.72292215634319,77.53435895335754,77.21400655107705,71.03981180534369,64.84727648808052
2026-01-27,64.38166395513859,60.778488527620745,60.94882327695417,58.35324609619625,57.40031994166957,61.02604551207333,68.29199602126853,75.04717889637007,80.55610794765468,80.99301606843952,75.9058787280503,66.21743866906085,54.53898454278318,60.12773421162718,64.96282240104533,65.2164091926617,79.27480302658213,80.04915112561706,79.99439090124828,80.02435493633662,78.25970144480303,77.6209005836201,75.52929995159022,72.10036492771215
2026-01-28,71.66518329088873,65.35426966952912,61.630036282320994,61.370334118640365,61.700430844776626,62.44765833421832,68.30794092405435,73.39805748378862,77.47988813356598,77.60753694860104,74.34500293116834,75.316672211731,69.36544858828503,72.71309741344159,75.80262573833681,74.86066910683579,78.07185395385461,78.18459109290855,77.9782802606392,77.46151517624651,76.4051279065035,77.36054324949757,69.32413787002783,64.36205830844389
2026-01-29,65.98545686715366,60.79823069031719,60.53759147768942,56.914759003367955,52.63334948781452,54.86296031886882,65.0828773725486,68.76153239592973,74.86480330399378,77.15292023593295,74.7358509852477,75.28291785698552,67.3630117346387,71.24411146611507,73.69081008436132,71.38451940228161,74.01286990854693,77.09675591462936,77.18073048042895,76.72477250746893,71.67910927078024,68.73160031298967,63.48982161451539,57.19672348890165
2026-01-30,65.63710017374494,60.58733108637769,53.173403305865804,52.62780684822928,52.60423411551697,57.658427140715155,61.00866274517692,72.06632573880113,76.89482833144446,76.66976609305884,74.11065479691254,70.52344407650959,65.29683042542037,69.44703108739796,71.68771461493053,66.7201879439995,75.68722278571207,78.23042306387582,78.37074940372092,77.05765463706066,75.21559055001941,75.18588169379213,70.32978876012793,67.35926797588289
2026-01-31,68.83962857880097,64.7646246695671,62.15737619758589,59.500288526256426,58.93727306163259,59.8726832577428,66.8892212362325,63.87131936193812,70.27343170251415,77.5716267267153,74.48768487361454,74.49620503560556,66.20772644946835,66.31327422637222,68.60308687236784,67.01606123879999,74.60129619744218,78.03714460670896,78.20618856228349,78.48463274229599,77.53275698295579,75.28222247619489,68.88776752402649,61.71410470634098
