,h00,h01,h02,h03,h04,h05,h06,h07,h08,h09,h10,h11,h12,h13,h14,h15,h16,h17,h18,h19,h20,h21,h22,h23
2025-07-01,79.7734150069909,78.32308092080726,76.47972564755356,75.87648412861249,76.42017920252394,71.0114352173206,68.42136406131652,64.35356861449138,81.81567930880382,77.56888664554539,65.34098236990883,60.279455984729466,55.40779657708069,61.899104998871216,70.53320937468769,72.16369148712056,76.70283306315422,79.45410436483866,81.24533879799233,87.8076797084971,87.13702238503448,87.22149388934943,86.13482405649508,79.95729959144599
2025-07-02,79.76371094862186,77.95245851379845,72.61334311492679,72.95189060604167,73.81765524824772,71.79456596605729,61.18892878311848,51.816054662011574,74.39424335460694,61.033698290338954,61.078764533504284,58.094678352449556,44.549019417112795,52.70312083484393,64.99702216532731,69.46365866220148,72.50143238779715,76.03467734171286,79.58171495028114,84.5329414987198,85.07866962122564,85.27316924617024,80.26163729436475,77.14675848780024
2025-07-03,78.51015580475605,75.69564292942465,73.71464148846601,71.5028427851894,73.12385160917664,71.54370252855836,71.73230595022456,53.76174261905466,82.43637422847371,74.74954596335934,65.1974278405459,55.99975218300821,38.44892387922608,48.58733352643396,57.69223715382768,62.62211417078391,70.25566118460317,75.23034177736892,81.37617456554565,85.36690580756418,85.39675532491043,85.54972352554626,82.76898360571832,77.58669435465379
2025-07-04,78.96027626421534,78.59104145557146,77.26492275989789,77.08785392744593,76.47218142677154,76.0213575642886,71.64554170028379,49.346533941496915,75.0114589946495,66.38121485333178,54.28686726341668,57.91463279636775,42.37630226197951,52.44971113537228,65.34478007776876,63.263901302523834,69.7677931570761,74.025547923653,79.64843909337247,84.14332450880596,85.32867321163627,85.79782181526029,82.1778407135873,76.287109914341
2025-07-05,78.62282518768123,78.29087206006228,74.48514369988655,72.88610499278356,75.40487880146327,77.67485091943013,73.54644954284387,51.79571534822775,71.44521442054788,67.33330766846638,46.243212542571364,47.709791957910326,31.532618660960313,38.248347800512086,53.03816188922869,60.66547298765023,69.44981191073133,72.18580025583172,76.24306251576496,81.43953875118027,85.19859264921058,85.65136453151902,78.83105079552614,75.92478570426397
2025-07-06,79.02304704161965,75.3015066717356,73.46806705798107,75.55580765101057,71.204105953461,72.59231550004831,61.80293233003962,35.97224029586344,42.43910925113038,32.86394571900029,30.01471810244541,9.949459813554324,8.794032952237254,16.309708976097898,12.986611468459962,28.23531913655852,52.61824142907345,62.791917601161295,72.20265004373694,84.16458144972451,85.45527280622957,85.25771641750049,80.10043221558969,80.60022840702588
2025-07-07,83.40791814611212,82.47400480591232,79.3957342909538,74.8614910398127,77.79253995755907,74.91054208426138,71.17443204326005,50.439143339643486,79.07018171844727,76.92309206460867,71.91366863533764,64.36600496479892,52.42649321465898,65.26937229854454,75.23965650706923,72.79713721355282,79.45062568291078,83.36488443308254,84.37663957837341,89.67917071177719,87.86381566126245,87.37066649098186,88.04072031589544,84.11017306401945
2025-07-08,85.0890597705286,82.73110505464791,80.51269301282444,80.15785492644817,80.64122799252408,79.97468983175295,74.74647003165403,66.74339192700762,78.98611323462208,79.66770557938533,73.37413710470666,72.95026948761442,56.936145136152376,69.51917021147237,73.60775999432103,77.287081818304,81.31001704131133,84.88290684472898,84.79968260885177,87.12652916616588,86.31641302705259,86.60563834069137,85.85521834178913,85.64846581059615
2025-07-09,82.01632798904781,80.7873349691568,77.44469575238514,80.38344438552092,79.6354570618171,79.45066126883917,74.23042992687601,67.86405160890065,80.21297436276922,78.94959132363883,70.33222233623344,68.3534157657618,52.986598053710395,66.90919181563967,75.35822003636353,74.75530336320706,82.24647406316406,83.72073390942703,84.0323966146377,86.32698590721047,85.63277471682248,85.55276992142116,84.29756356016642,84.1062680000982
2025-07-10,86.19000898417708,83.44878855908746,83.41352637964037,81.05871925445179,79.02173040200772,75.62683346461718,71.0098779599927,63.9041072889935,70.28450655863618,71.51192873708149,65.1536495001752,66.45601505245256,61.90357064874766,65.77616566773321,70.94801665733075,71.68814903091754,80.66584259207211,82.32625129269496,83.62781071129542,85.38300292860457,85.0822527340873,85.91384604414841,84.5067578146382,84.99736357598923
2025-07-11,83.68789206398034,82.84527109187086,78.8441233032607,76.08002642087041,74.67635209223332,75.0791684061989,70.4316275277005,60.671170609821125,79.28095260491361,76.86656074480025,73.00327206077048,66.06492156024167,51.63463950012418,64.36745598313296,72.00501211913055,70.85009908356471,72.81570561007989,71.75432378694649,76.59094433726169,84.98358598872113,84.78547434103243,85.14289153743854,82.86446210123871,77.73563622769183
2025-07-12,83.03239508480863,80.2068478932271,75.59409164872204,76.58591389016956,73.87647983477603,74.97239212686955,69.8807539238591,51.49084454720435,70.31959299980913,62.53314659625116,51.55716892138913,49.00289457370249,26.154153539645698,34.00102495885629,46.25419956780086,52.61494757538014,65.81383023950318,71.3080506671213,76.8869419085506,82.91250419856453,84.61370523498458,84.50571957587458,83.19203120178058,78.6690485334411
2025-07-13,82.8971051529357,81.13399955419408,77.24281837015519,71.13467966912442,73.3463922102607,73.94621783143229,59.262508695352096,56.393836479900976,38.8071874986008,5.819640127495985,9.396449694807629,11.400349627351002,8.771360373442132,10.709887623977659,9.291869259038476,10.629132459224168,27.287277050655035,57.02471122227571,73.04808987669726,83.04279153797756,84.08635274247159,84.6879690582307,77.37372723326968,75.78787833311269
2025-07-14,83.23335392203867,81.00274703611213,73.64818871435848,72.40909998475159,72.24393586370525,70.18718234670504,63.49205440147151,49.943037073862705,76.88099364804059,75.90748297970404,61.876681524278034,60.82590543230852,45.18386615567027,51.33661716743837,60.38928917554541,68.72770245307343,74.35042246814203,79.13717188310166,83.63394584606927,84.75869478350212,84.68442382958074,85.26741458682439,84.59312484253537,82.40255088387063
2025-07-15,76.39558254759527,76.83121072291395,71.74889956099216,66.13637182689624,70.92782659656613,71.66156057945247,60.90083904032385,50.51333267141881,70.13072206497576,67.49765543115352,58.58870333966767,49.8595567903263,40.248025850106565,59.484825803275264,66.6983829077814,56.54464163689573,64.06750399821101,71.51483769234501,82.21072423000959,84.19623963452872,85.15074677530062,85.14193906290924,78.28757446843385,74.52588062486724
2025-07-16,80.93625037903196,79.67698976774265,76.6702787157532,73.7615034425143,74.0315099048331,74.18083284152513,71.00695693259112,65.65183699176758,76.98061439407472,76.66186313927354,68.00144000229939,68.92876255130497,52.80981805119548,68.33117057518062,72.92068631990739,69.56085051271818,77.66449894956432,79.68131087850676,81.62655480621287,85.24134973000132,85.30881021501521,85.60218488574196,82.44232245468523,80.43710884343388
2025-07-17,84.54019876220602,84.1251655939387,81.90967898123833,80.78906494515324,78.3473122979519,76.9682711439328,75.5658311900993,67.50062266839053,79.26379039087438,80.6457502328977,78.28847207829894,67.63380087432986,60.077101080338394,74.18201531685553,82.212009378981,80.1239651527118,82.6888646111844,83.46043270257562,84.32944976273046,85.78505111321331,85.08703366870455,85.55096946967154,85.68934393740005,84.47321577886309
2025-07-18,86.80493664476757,84.44631912058323,84.5580575737805,83.7299143932547,83.33136761517025,82.76138524930786,78.6492927619922,72.51078595059974,83.37512728656782,82.0821877526633,78.34489836967511,75.52411348331438,66.88156479210664,76.05990093283985,81.85205375246782,81.15963244552754,80.95093758773366,81.89126060203841,82.89437236686902,85.42586098405646,85.28795483671335,85.27792234157376,85.82895285484541,84.70126760424151
2025-07-19,86.2995356214564,85.93132073320282,84.22363820297636,81.7174733907165,83.68443921997523,84.06205983289672,80.52784489140258,75.80132296646387,76.20366681049785,74.50471499611585,62.38710655585418,59.54867681315967,53.299548019228865,55.84313957550777,62.65702372789364,62.39184222740765,76.60260110045044,81.73069369784605,84.07694305190495,84.92341905318915,85.10117224340267,85.17261633076768,84.25262606953234,84.51734154785524
2025-07-20,86.15744292147768,83.61667005951159,79.83083082939253,80.3409775019222,79.4608016217481,76.61878073116672,73.26308101802786,49.885022291323864,55.9079852072584,45.94237002401998,31.313214339731864,19.540335632697047,14.052124842356497,34.33677670849487,32.26974009922798,37.3300495634279,51.39764853822946,71.94905554748274,79.11007327425483,84.9915159809821,84.89422982781797,85.73654033094955,84.57506921637261,81.57036393019166
2025-07-21,83.16186880545068,80.00142770132031,77.8977724941196,74.55127984453459,78.64915926563428,78.50921248616655,77.4426575644667,68.6034847709143,81.23003245719784,81.348365618179,74.11202744870569,67.04632813082463,56.81764603501301,72.26555598751476,80.12680793914527,72.9482212672038,78.24964533940312,83.5575173554622,86.60389137123202,87.27165953652676,86.00945246853978,85.93449734740472,84.69359044988934,84.2971430600959
2025-07-22,85.30470345812621,84.90473147333377,81.06000142842461,78.50182227113531,77.9142590838901,77.03612475245072,74.8852500741217,68.94891813748174,79.53200588869635,80.09300281392551,74.83735694711339,75.17181434141456,61.98633210896111,74.7531679424334,75.45407758314849,79.70030501479503,85.76945765172235,85.82135737924486,86.96075806106639,87.46983330650093,86.13487918049145,86.28891517466992,84.98382499382969,85.06432036731293
2025-07-23,86.63115461438119,85.22446459864805,82.71778517668362,81.69583650859728,82.33090599914057,81.61633958568972,78.71131407350724,76.80716370325854,84.21062629045329,83.4901784385042,80.2926849167084,77.35875404906496,75.33213435748742,78.32767366564423,78.37268652995681,80.79538572854192,84.66718510347388,85.7178309418071,84.71361414882779,85.55911232323623,85.26823421536156,84.84542190449294,85.07286351751121,85.84886742300854
2025-07-24,85.26453845079216,83.76618274507045,83.92535942998212,83.85398938845758,83.82401772901714,82.7494318958685,78.84603991574335,76.22916698712446,83.95177241808626,83.77155409115682,79.39703337626773,79.65404639772919,72.0102852419123,75.12806565958995,75.2153738279054,75.21236765515576,81.48737773782949,83.957238468344,83.52463412568055,84.5282704177945,84.21974975750311,84.38160617797604,84.06484029202875,80.97030074777051
2025-07-25,84.18849706416606,80.74842595943093,77.39809401839042,76.74168820855365,76.65195194873672,76.6285082594155,71.38194447544635,71.67961710683946,79.8573268154688,79.76257550030522,74.36980581599889,71.59854216772966,64.049678612378,69.47484248832278,74.28623062799053,74.4384298483677,82.13380695296024,83.53431160434133,83.87658689868212,84.56059804110907,84.31405437606301,84.32497732040159,83.8057155132393,80.85685453279467
2025-07-26,78.43723945639275,79.03813024014313,75.03426701054187,77.44156773008513,75.4106268678309,71.11595550453458,65.12522536587036,66.97903540442282,75.45668238898189,73.42483129014909,66.71616509993022,57.840233311473526,42.361263213234324,47.6098802051543,55.99094253875417,63.27151258530377,67.58745221797685,78.5484577891182,76.80488271731564,82.24490428322177,83.84855982541197,83.76221240709494,82.0716405121892,78.52306713306433
2025-07-27,82.72572902725604,81.30770534948748,77.33074897067377,79.49667431632412,80.02050949203768,80.00572647754355,74.23652271445887,69.47631857051921,56.63066032099524,48.05342943450619,48.11078046320373,46.5450050134263,47.16403422491364,56.894518820539346,57.273646591372696,57.12526670508028,70.63305025076244,80.37831674840609,84.56546862862159,84.79708069253128,84.3954682279388,84.39016798896648,85.12627490807135,86.2321881264039
2025-07-28,85.7765686938388,84.87924103766844,82.39316511868326,83.50200399658401,82.27519081040678,78.25184306611693,79.3523805263625,75.88899415823461,80.31845659240999,80.99178100290902,79.902103787774,79.5553051211588,77.91084692692058,82.13520962742207,81.18759732908066,80.55671393783899,84.59819602268054,87.31766271074257,85.33880852018477,85.28620093320457,84.97882926524545,85.23353445676831,86.02784862402488,86.68200250485656
2025-07-29,85.63779576504358,84.61942745444719,82.46595162396508,82.56617454970716,82.20217095382213,82.44102149463329,82.84947065498146,80.85650369398385,87.49242274078475,85.27984217627574,83.19271262417065,81.4013149569931,79.56160473539313,81.03631228412291,82.88092333349051,82.50291809095263,83.83346123440492,85.00833365821933,84.18841940343212,84.28610484016255,84.03485808603061,84.07241074713423,84.86936083468785,85.2695132314889
2025-07-30,85.52941762978067,85.52411249775751,85.06613490876926,85.36731172076058,84.90587824313191,84.39858623557316,82.76536971945382,83.19858793539105,85.07973197411532,84.80838017245891,82.32594208112131,82.82761095288974,78.53181305561951,83.34421328850347,83.20822791031546,83.95541705984145,83.77662945545133,83.7774787477778,83.58266243510748,84.3845715843769,84.14482487116173,83.99542581210734,83.8806568685249,83.49359468535589
2025-07-31,83.76019713345158,83.85855804657972,81.79904059977899,81.52449415495212,81.11432443739574,79.43652321737696,72.73566789993475,71.66239140644893,81.56778015138465,81.31925310305326,78.62726732239963,78.40150890068439,70.25623923104752,76.09104501234773,76.43221724861269,78.51919366876804,83.50975968584373,83.80579523013688,83.69904300150242,83.75100194781976,83.67866478332961,83.73694152385397,83.63041398665547,84.12898048314123
2025-08-01,83.48415863359497,81.27542854741766,79.4193224544523,78.01214166274754,72.20491044178056,75.4675321210839,67.35216644182745,67.00620116674276,79.27234457229693,77.78055074299868,70.80476554361016,67.40459727230109,60.45895080309533,66.38275881602449,77.7774928517759,79.1360684387376,82.71719936813528,83.63126415412616,82.22825339668404,84.2022112214806,84.27804874189808,84.17221277522567,82.75634601453858,81.6388809438798
2025-08-02,83.5251400814366,82.4503667472608,78.31092234488419,79.60589845776558,78.36674428107442,77.68112396862017,73.28693186766539,53.42195558224461,70.6450567520675,69.28514154399632,69.36760552871412,69.28178278572138,56.67422941073925,69.02285652999362,73.96964948802042,70.59409073594686,72.73998775163768,82.05375678788947,80.77250769222782,84.40693958801337,84.27129947762442,84.31076543691884,81.29760127964305,79.12781595476856
2025-08-03,83.37484533501787,79.52587061727797,77.29430438597622,77.32416577057488,78.03287693940715,77.64653927962809,74.54966344276559,71.85689632236657,62.06826346571506,57.37974402041189,51.99772987642474,51.976922455831996,52.53818700079573,71.9508524738049,72.2699533227529,69.00741763735347,71.89059603334512,77.16082310011673,79.86335477358753,84.05968125119884,84.1728872740354,84.37988088344672,84.84377489080835,82.26178459165267
2025-08-04,84.54308848383292,83.79554525150859,82.52718945998828,83.02609458875499,82.1428978056408,82.41421022739912,82.88670568997681,79.05624840065892,82.93889827681754,82.74001688965457,81.87401824356412,80.79108503098112,74.20876362706024,81.21364056555598,81.99815163030446,82.72177259490826,83.11521462658114,84.45542254879622,83.48750644284073,85.75234061833147,85.16626487758514,85.241305418312,85.52958599974924,84.6813174086424
2025-08-05,84.31290276993633,84.117069945169,83.71472749193028,83.06537702170233,83.48060949392053,84.04119732939229,83.01447338861222,80.83536849168296,83.52874457999444,82.17621851817474,80.81752903494709,78.10631187884395,66.23131157674328,76.63349570807712,79.86970444141147,77.48265705432779,80.61113586730892,84.10020407380308,83.44070261334858,83.86718616081538,83.92365258054318,83.9211429685525,83.898178025847,83.39429746458492
2025-08-06,84.0950145946713,82.36946890871393,80.73375437824727,82.11042788989218,81.9839591515285,78.98127763237763,76.67976526084426,73.02921641829494,81.20767392569597,81.45319647946904,76.91766959016586,73.24202616704798,63.322885614865,74.32607067042215,75.97368253654605,75.80260704010063,77.35155968699165,82.62746738679846,82.10488301729796,84.10572860764056,84.05768496605243,84.06855259739925,82.75022600086761,80.51426055678243
2025-08-07,84.81825862632047,83.42233502705791,78.5290348545367,74.9480365811924,69.24315565295208,73.40822223470722,66.1378577690163,62.63615845744452,79.37876139909834,78.72371085985266,71.3184040986193,68.52636879183801,59.21498266269073,71.53141675451694,77.53863562078607,78.95591459203474,77.56322277436063,81.93266854359779,81.33792178349036,83.5804559287503,83.52955754269924,82.58663748176528,77.68766245190591,74.31592835182688
2025-08-08,82.17055993031573,80.349903967184,75.91280664197883,79.05960867533024,71.90553071945003,70.60527676867716,66.56688403903941,62.71674226497645,75.47563134465025,73.43525157119845,67.80894303761711,64.85840276276274,54.483638241157266,61.63903932936833,71.2104514577338,69.95786087401348,73.33278595952982,77.98550668522063,78.44925732197055,83.15675642348207,83.37141061742884,82.55522219559123,79.66110320545756,76.67985545607203
2025-08-09,81.60290541910302,78.52287995533604,75.04843643859819,73.76721759731974,72.17237174741189,70.19609471508745,66.07061838071267,55.91608163777776,70.71624017226956,69.00172491281818,50.22834240732189,52.091829315527306,36.81057976765387,61.079726112365776,67.70164371690326,70.53437393589246,72.91560611964432,74.15626249805075,79.86256839134296,83.5175713392076,84.14568002370447,83.76951731828099,81.25144012010823,79.1714251143329
2025-08-10,82.42413377644013,82.66189152015798,78.18110195908106,79.1955879881475,73.0217782836723,71.60417229738283,67.24358867402202,50.41610488145711,56.17478472275391,33.59169254853873,33.02592244187021,31.761202423644963,21.225047807811542,35.079085902241644,40.416654825160556,56.57577946863616,67.8135303864829,71.3986828463152,81.57101422832527,84.08057559423979,84.2569573137211,84.3079040278319,82.65186194002749,78.48825019079902
2025-08-11,83.065641653327,80.12828960923179,77.38416871020392,77.0212701321998,71.79515415079206,72.90474274865218,72.5681474390816,66.87421801840627,78.25678591982803,77.91154046837893,70.36460031726767,65.55905683865576,53.889086960675144,67.06885939537193,69.91683798173611,66.69871315844698,72.1885673928534,78.19327521056674,82.48330032923157,85.25787624028786,84.57470776126755,84.75140498844975,82.52671465914821,79.8485496061392
2025-08-12,84.53954989363407,82.26050325260651,78.88636647093688,81.40010173744795,75.30473143339644,75.99964463189825,71.64533000914734,65.11919381545906,79.91095126611387,80.39250887972469,71.60713658328665,70.37863129600663,60.09114342968227,71.13610605106732,72.86519669284358,75.69623100395087,76.64581098731257,82.3276759735214,82.96215370238174,83.85765565442944,83.90723986979576,83.89859918589055,83.19523511957891,80.7962951948526
2025-08-13,81.42231431366334,79.9817203745349,77.04490128549482,76.74925858257266,76.1971310445814,71.13283822807776,67.42532111003587,61.8713683368178,77.13094461174289,76.50623870229764,66.80689764487919,67.99290646157714,60.87279015711978,66.62580309530588,75.13384557759551,73.39208693389268,76.45809931602594,78.36091350623983,80.7592549067979,83.802297591632,83.7902660328581,84.13031537150587,80.75422643064667,79.09906493534152
2025-08-14,83.30789263393669,81.68790858261167,78.17531482511123,76.26699926608694,76.65906408067276,72.5429132391399,67.90565918561283,68.00687056653615,78.82822209035695,77.60135657690037,68.9724683459624,68.3714274495853,59.48216440451034,72.84700415833305,76.99029180133232,76.80033204974794,76.71444338512288,81.37694420341728,83.16219420182632,83.74858560143392,83.75966238537006,83.82600656076217,82.40336042870716,81.01109227260503
2025-08-15,84.58690158709783,82.4362651244741,80.27700534735045,76.78031671008486,76.57749392251529,78.34504142283843,71.36574549610643,68.57551556909101,78.48192296466412,76.63511728608245,67.31088754945296,65.73382517438765,53.75424247021818,65.12178886885422,75.42311485561584,72.56173497203372,71.79160359897048,79.22836660573019,82.76422944158634,83.69750137744151,83.76239411829226,83.72554407490352,82.83049118365076,81.6011696148204
2025-08-16,82.46517712215064,80.72820362263084,78.08371040554809,77.32092324551908,76.67948931790977,75.00436424522752,72.36746264186124,68.40504518239854,73.17662511167947,62.23401566223166,58.90781064432308,58.235401148452425,34.23240747403153,46.48423121665673,57.54597446123859,63.93198797702196,67.57154117701619,73.16774879741446,79.66151924047068,83.80165138384154,83.62292666478322,84.09874414674204,80.74048496772951,78.64534026365797
2025-08-17,81.16716680949773,80.29947938619705,78.66292065450531,77.55197018704396,75.41147534625527,76.17084404227911,74.02127969710705,64.10372858405269,55.94766751527633,34.882591944865965,26.8046049601822,31.36144319610565,29.266282425760398,33.17056542761511,29.979849037649032,45.062450492127375,57.56394496642974,77.68265825607988,82.70659197265259,84.67956176423657,84.26990117002657,84.56417425443607,84.49729526791975,83.73460187905887
2025-08-18,82.81622393078857,82.65185012669352,81.22227149624779,81.3842806884589,82.64845591625073,82.96842281100812,77.80227156731314,74.9428538907412,82.87850462373231,80.72551716517111,73.87306006352861,73.22002475142223,61.92450916760936,74.78887961670799,77.46377675875159,76.589098847707,79.1018795169804,83.43281220423144,84.57378130736073,84.37804869613,84.08566726814482,84.11247865971959,84.41880533426422,85.14311808197985
2025-08-19,85.76136411432205,83.40794212716877,81.99418332242134,81.53367369534242,80.72720572511903,79.97718641721022,75.75577374459186,72.75367457397223,79.29270302210419,79.29873742062983,72.83257885051508,72.76510514754293,60.768764128837866,72.54324296999707,74.54827518566766,78.68929415245402,78.05734466193435,81.75670745692898,83.41461327783118,83.4367144556567,83.40008419305569,83.35450088234246,84.19366965679278,81.95525966740432
2025-08-20,84.43503473388344,82.92837823476059,80.81349136705226,80.29665357935214,78.92944919926163,77.80803711690072,74.09818562056725,68.81613260008181,76.12316694440324,75.87320063421772,70.38984534699135,69.79571667082507,59.75741972273992,71.07345614240606,75.88638618452019,75.57979255128393,77.96018562739654,80.19127517422797,82.58289201537619,83.37723346379444,83.45292971166694,83.47536442653656,82.66709109244893,80.75572681233588
2025-08-21,80.72197165095527,80.10085461222023,78.89642379575714,78.68198158034652,77.36735613618548,78.90969853178608,74.85247347206199,70.0647978198997,79.95195845525615,79.10265933945541,70.53461390130403,69.18232937727011,61.67436135664927,72.62637400081134,76.41200002131093,74.69561285585407,79.18765297829397,83.40910389452067,83.50756398622846,83.75186236125899,83.77004647482599,83.74810591548194,83.97814853345847,82.45242750144295
2025-08-22,83.09263110840605,82.48507846168528,81.22989334924526,82.13651464792308,82.2432794291682,82.35432072659069,81.95201150361147,76.15326758728312,81.76588914894987,80.50818543845783,74.86140303198043,74.82367196817809,59.088866626483636,65.95883957898312,70.55350750171189,75.19679816088752,80.6527880023704,81.75320027777931,83.30076350474839,83.61931235043164,83.50402082742676,83.45292017879743,83.07171357318484,83.15777569103403
2025-08-23,83.70871438849622,84.08581124367052,82.8382946668155,83.21363923639512,83.06481454131882,82.16956020779963,80.88249222764532,75.59798741724298,77.93621026090354,74.44918286985042,62.38621556142586,58.3196023819847,54.33472349319205,49.77166361957046,62.63786464028481,69.52979809235445,75.72286304930066,82.02205194454416,81.83970706767117,83.44375771961828,83.5363946687073,83.51400732865349,83.65224142154713,82.54961000858844
2025-08-24,83.75486894090868,82.06607226249457,80.50434670958072,80.53705232832768,79.87659956043879,79.49631874341317,76.82261724853849,69.36846309762065,56.829177447259674,36.93586803532249,35.571997743043,33.04707939334183,29.614456173273876,41.03765316312161,24.19883310596053,39.84958795977718,61.365057493055275,73.53150781004584,79.41138307151193,83.47155885284153,83.46692837588657,83.55926097874432,81.78333786468959,78.71205233535089
2025-08-25,81.49810956821602,81.72493459577692,80.8053737853022,75.95189489069793,73.91652074996523,73.81559794900394,71.40377076974377,66.70569626536533,78.63909913680679,78.9194413512495,69.74455119842898,72.06500545647614,50.02175038900412,69.81637410476834,73.53186745117476,73.7639733907771,79.0339198846722,81.71944122595617,83.10215111836688,83.63690045547399,83.57148702623745,83.65317099322266,83.28290386656508,80.65954582760445
2025-08-26,81.51275711594981,80.43577189052804,77.96046848710786,77.24616726634729,73.76051370359367,73.82637520670133,70.46721138006605,66.06623470856162,78.26112278275065,72.93155782416694,66.80534809787711,62.52598240058362,49.28965200685961,62.60819952096804,68.42848372820416,69.66727060900155,75.98766285327127,77.94299222262715,81.60514069566916,83.44281475675753,83.46267208060782,82.20660969969845,80.02291358036368,78.25465773850075
2025-08-27,79.75702742504419,79.2018014946776,76.19946123813045,75.95551701415361,70.98762516169357,73.03686641593916,70.80517161986732,67.22231616843699,74.540698928561,71.21753212173778,62.52970655233523,56.16201658100268,44.65474598383552,57.50510383141077,71.43943775038213,71.43996879441498,77.43884720167753,80.45625113320506,81.52980316989421,83.42387329888783,83.34553648594908,81.3630703842789,78.41754213756886,74.28320921106922
2025-08-28,80.09911674918291,78.63885253429744,76.21084289191532,76.29082880009129,70.88051478347491,72.85075044757843,71.84217707110095,66.50788451584091,77.88703464282605,76.3930167773808,65.01267044032178,57.97259923939531,45.39778378422562,59.305974731854164,66.8573917995664,69.8608409752652,77.03307471574378,79.77617796989905,80.81692636974662,83.26212762177217,83.25546005608041,80.8365714053267,78.00925694674744,76.88760938083819
2025-08-29,79.6150070179183,77.80768256107591,75.77680521037286,74.82234982287558,74.653902916183,75.92880625103575,72.85631016927432,70.89411094027294,79.51761174208352,76.9990586024027,66.96641095078945,65.20367363158033,51.204404812173415,58.22808461175893,70.7168114746757,70.84009466563288,76.26672251986997,79.46886477283502,81.16361534123027,83.15249292673666,83.19801332086507,82.18971293327007,80.5643219308695,79.52744004578643
2025-08-30,80.43140701977707,79.45337680007123,76.86099565383002,74.98734305310869,76.49460067740394,78.25066576957519,76.53462406308977,61.969895864061776,69.95768201835415,63.391288359429694,45.466315184307874,48.819951632417016,37.78545797077105,50.515121576856515,54.33216220517322,61.812287035702326,64.26450245735482,74.69685143752967,76.66637511301228,81.58953342097908,82.62078714470107,82.98169418329496,81.99335527717362,81.64799808584019
2025-08-31,83.78496921281838,82.33609325853803,81.07226828220554,79.84108678691152,81.43094621192897,79.46306442668539,77.55767864359125,73.80069846563272,61.4613351947485,55.02400478795377,51.434243168940256,35.70439269511216,27.62879185129188,29.82586271923877,33.614033731447975,36.78565459117837,65.55232016093873,75.71958703485605,82.98283181448674,82.8770599782777,82.69384875820246,82.75520120881222,82.76188316250436,79.73278488006497
2025-09-01,85.96496187685331,83.81461245396268,79.6461079613843,78.28387602705209,77.0597791104127,75.36932113296359,76.4277748749025,72.27030705248251,81.93289791370438,81.97525104313658,71.46673853285972,67.842625161661,53.258296701786186,67.28062651716525,75.08693010722345,74.64902637519502,79.3674683493195,81.33456767430322,82.11157645085626,82.82339552781322,82.70223611247857,84.36526621266349,83.32257693673955,81.81703754404953
2025-09-02,83.09745169260147,82.26405440721317,80.1733067195231,77.64736219711277,71.03507913171966,72.95091658909577,73.1865083894111,66.56424013144668,78.96599555806817,79.5679176518088,68.29968345907915,62.986270941488385,53.72790862180656,68.64717354783751,73.55013597677386,76.8875356165459,78.82003037457201,81.08726720622255,82.4331236915313,82.53955681819406,82.79063812246092,82.06070186851574,81.38459207316811,74.76697766519375
2025-09-03,81.22293910614303,81.35184961427669,75.93382660056555,75.01560889178818,71.15410308088529,72.47203107733114,70.71767440549247,65.54253823282743,75.78140123694277,76.45523245494817,70.00986696737075,63.1990146653437,49.42098381630145,61.481417225522634,70.56937178696812,70.51024563224263,77.57620526090192,79.92372435140162,80.39785864297805,81.6946207177088,81.79155382053321,79.11114578612354,77.64404468091125,74.7053370134426
2025-09-04,78.74341700618845,78.3566481189406,74.89083594187912,71.87876906128307,66.26726390199086,72.08029677326161,69.50563560112352,64.36202508963105,77.0304257166904,73.65482769603484,67.40946397176253,63.87121947159137,48.20858210665763,57.602543827086514,70.2502313016576,67.44117848938164,72.10994932321852,77.41780366413924,79.77582486544706,81.18679643849515,81.4621155903318,81.3245870719115,79.70998196917768,74.92075934808163
2025-09-05,78.93503384320046,75.19390953437052,72.72755313121432,69.01010563231608,66.61794978974682,72.31643243366234,67.84758320360756,68.16194506218227,76.19996585673165,70.57923361674196,65.21021317554289,62.262297969331,47.093976530261685,64.67845775057229,70.78441034366328,72.79361547134374,76.71633474217265,80.605603136176,81.63605062949141,82.64209429009455,82.70378445966914,82.4319344463058,80.24678013572905,77.57456921805387
2025-09-06,81.76856376292558,78.49648777401758,75.75699677272948,74.96002030366989,73.6313421990567,75.38464756868862,73.07081105865663,72.57141254801952,75.74756320293288,72.25797276056733,70.07055797635289,58.366540380548436,40.3452655876151,56.523329294313186,59.108879779038496,65.72746725942594,74.48457708642438,80.26130423175496,81.75054879859726,82.54664495893009,82.74255481784296,82.72933529688665,83.06135833182178,79.35222405173543
2025-09-07,81.74631631680775,79.27398504141898,77.75999235235783,75.2298795147731,74.32696010767464,73.20313897564672,72.69323944747477,63.7429310736363,50.88987363147091,34.20289772938661,24.440525452537738,24.715073260504358,13.922308285584938,39.546991159467325,39.335116572768534,33.000304304321965,63.07937844911411,71.3188292733017,78.14807283564451,82.06662246701153,82.39626422089503,81.16972370246364,77.7337899109044,76.2866630770943
2025-09-08,78.97173564224903,78.12025697007921,72.2342945180457,70.39852953042684,67.19887345982733,69.36830658909057,66.75682634030699,65.78430339238102,76.3433632172067,75.85245554287873,58.718116669544735,50.46259815790599,41.735890411316966,60.57170025579336,70.7291770050588,71.22503490572599,78.03517887882767,80.17605331570684,81.7184149266151,81.87713223810329,81.67452619390305,81.16433139078032,80.17163783064865,76.32897365810658
2025-09-09,81.00711804919631,78.41865146919336,76.43738161305345,77.45957741246396,73.9458335667778,73.73941319707149,75.51155050986051,74.53646952228944,82.3978752637574,82.07060544885704,73.07578373717702,66.86619249043679,51.59248398551812,64.37119184920772,71.90500271867988,70.18487399853458,74.99298649435673,79.9369190833757,82.09465260347143,82.86671728774519,82.66128133771404,82.17048829458338,80.16178125316004,78.37202586102683
2025-09-10,82.46666176922065,81.60286815893537,79.19957955799164,79.02488316798267,70.14439993390805,73.78192674383791,74.83699340006476,72.72194706276322,80.7216473224477,79.98046294090179,72.09922125749503,70.56297106150647,56.1251907639782,67.84111517314211,71.87505681143483,71.1169164465332,76.40434678662899,81.94429701239092,82.46347097060004,82.51477373828807,82.93105416863953,82.97316315045468,81.24379564474737,75.70003688052785
2025-09-11,81.22023400719075,80.1777793890288,78.16002160169505,74.29579961809306,73.2253436811316,75.84077052661348,75.4770410729674,70.33775342167897,77.73066769332473,73.94927364825048,69.4810384842043,64.68909900809074,51.81055660233309,68.90512410211045,75.28407459906892,72.54148567099303,76.6736568178395,81.33851230561332,82.2195050529459,82.65192988424593,82.12995223717024,82.08669949707692,79.10876971772075,77.65316592411332
2025-09-12,79.82310767685809,78.83354679080894,76.0499112525675,76.71457522767477,76.161586386423,76.83931559668879,76.76585371063288,71.96771844906864,78.89852202992269,78.35096417538858,73.29370367327618,69.33614323029153,53.108889134770955,62.89586099288102,71.10400364338143,72.7547775004317,77.0202982368658,81.90323205358206,82.01006878253446,82.06976941138696,82.03825347415636,82.24457235234777,81.1309394120376,78.20609883639702
2025-09-13,80.23242049440066,77.6656402744617,73.35422286441052,74.3010841487074,74.28457479683642,74.45450012882947,74.41074267282264,69.4465546718805,66.53206420083778,56.09150276907709,49.94095556076108,54.50053552589696,27.565629125213654,53.14392057669694,59.36225443103137,62.9729920696941,69.23761109620605,78.99424592407769,80.32300418905221,81.95786819403733,82.09780277432354,81.74456619266836,77.21364978763546,73.23292707894976
2025-09-14,76.38693862763023,75.33859043615193,69.31101971883207,71.62548909946334,69.24446661428826,67.69756490751718,68.79336158605162,56.24059227068987,26.168089721623474,6.00725569372345,4.328930821157389,10.292298967470138,11.08269103103823,13.262675393017753,20.151419845115456,24.803183861315354,42.622364052126954,70.94677455601565,79.67411591074789,81.4867764457002,81.69245502384733,80.39454896986018,76.8124442260342,73.63486048813856
2025-09-15,79.33942075740345,75.75731610249167,71.64968051650978,72.87821210611213,67.10209840515519,68.49243530648606,68.49048133860391,68.09625910962727,78.97734424813062,75.53589287025174,61.786663963660565,66.76427957541136,40.94274858798251,69.68124317622747,72.86296236439581,72.51350788344253,73.38501863757774,81.17550212133699,82.95657596172975,82.3340727772267,82.25632782446837,82.24026058661009,78.55183711549351,75.854427087861
2025-09-16,82.39605829119252,79.86032855474772,73.55335463493061,73.46203398699399,71.04380374676242,72.88385290448937,74.67369702713405,72.4689617330457,81.12654412697934,74.97342214174944,67.52266817303834,61.01023402224658,36.09633827307366,53.59269827534748,68.73452116540957,69.27007138462828,75.57244759293772,81.89744808385369,82.3246588168307,82.17509343373716,82.22658832815817,82.12205647898861,79.79067101155282,73.43026602925406
2025-09-17,81.36606683110368,74.87376134607358,72.8985165539141,70.45607433338708,73.70012482574126,76.47039050824259,77.63379363375348,71.99470946147632,79.708445279453,73.02672837482213,70.61784607598803,66.06042990597811,46.19377733169132,62.00189090928113,73.8560196187941,71.20388806064666,74.71955105904566,81.56777912589071,82.42778411719914,82.56905039659311,82.49307816145584,82.34096262703264,79.26004942122907,75.31187056546143
2025-09-18,78.6661662786395,75.18705582789764,71.25964207823448,70.05627450701625,68.91938908694262,72.3880574331576,73.35854497051182,67.35472603442525,76.00217173915138,61.432845902512284,46.21054955214377,44.24449732082611,27.492100454227497,43.259812819742784,55.1432643560756,64.98526511622347,74.34657774786871,80.81514279289259,81.78589123002214,82.18943670995725,82.13770105467276,82.09114031994292,78.17594563050578,71.8219256559988
2025-09-19,76.65683537715628,74.47820309653231,67.00649027738349,67.5928263381339,67.53405807424252,70.22368510970371,72.65916569597714,70.93428879894559,77.85860183405177,74.14823930273909,39.87103384049871,45.21964232984076,21.482827386781246,34.029276421064125,40.97583388954479,50.82003493085562,70.20745908343052,79.38797946197708,80.67907466412254,82.45557124188622,81.39950062362473,80.87680279341492,75.62940313415916,63.58328156696489
2025-09-20,80.43051773630404,75.55974752104908,69.79121243110073,66.81568854524217,64.09841436635803,68.31871064919369,66.94234375823739,55.15654732343866,58.42011666638355,29.419613114573284,12.832360406320637,14.879565227242972,4.806874921515908,14.674543436064287,20.165675464955203,21.260088321380426,55.33523109210668,70.18686380388331,78.21499425906067,79.65629631655129,79.33654308036412,78.4253921527323,72.68811424481409,64.501822850548
2025-09-21,71.94807671945179,66.67997110258605,56.89028304168237,52.39739140431404,51.65252432442432,51.2101051261124,54.700338784378786,25.89628032764789,4.78301782286001,0.38052769542553816,0.8201778701909004,0.6640759963898665,-0.028216263656839574,4.151187605900373,2.0660914044993226,0.40807128445685226,22.455574115430338,53.5137420189003,78.14022955257363,81.4113825576557,79.80586803033344,77.4906164115094,73.51700390117,72.08385415258456
2025-09-22,76.27093522727701,73.77723638120067,67.02946113880932,64.57934812712782,65.78571315031479,68.6738132215368,68.80511125209446,68.89532201317068,79.25491691120888,67.12795897291645,55.05593663847312,54.11301526568019,40.75363853211967,58.777745365676594,68.3579707988128,71.80607727430497,75.46347590746491,81.29779366859735,82.87330755622352,82.89396111025538,83.06587504899687,81.82221387376454,77.58927338640373,72.79943549186603
2025-09-23,80.47051222143178,77.98075960473341,72.14387669441668,66.11925041501017,67.50134133225828,71.07138330566912,79.76632150415907,69.36117092243262,80.86814004895261,68.64233046256429,62.057954446713055,59.02535171772153,40.97143351846141,58.0812595965271,67.06743457843491,68.1447888531691,78.39774217337887,83.77776451198213,83.71988055225412,83.37622419160294,83.32904632943061,83.37450537562171,81.4918996552165,79.06918356735751
2025-09-24,82.60846420295216,79.24502281596175,77.2514419049511,75.6548314541207,74.49047999390324,79.62577386208753,81.27291686738727,75.8400860507493,82.01231856638132,73.14230071259773,66.8772715413835,61.16404559911075,47.90412096437629,57.377684490734175,73.20700033641059,72.09097592579273,76.99794053013656,83.34252302357845,83.53123231146168,83.17095147736647,82.99994747688856,82.96974421042057,82.68496741976429,78.55953366387863
2025-09-25,79.33862360136754,77.16176065115039,74.20699921461676,72.59956134607704,73.12044971971768,75.2796081191586,77.32948525374373,71.36778394853167,79.63930921226198,73.92423147301355,53.32947290655654,50.342611284150514,25.277643160924256,44.602147806542916,63.569454964154886,60.831977119499115,71.52415752114511,80.513463369712,81.24074016526708,81.20055889969669,81.15686150609595,80.289205848771,75.68652148135119,65.64076608189396
2025-09-26,76.30702300469953,70.26274199800129,65.11141076586854,66.47965213897486,62.51727898814692,58.98666964710235,63.60814804332095,49.89206796199421,61.356017957755206,34.603443681901375,19.670086170113652,20.227180722488296,10.456989979038669,20.059440993874155,26.51616008747487,27.428953501131833,61.416005206445696,77.72640989145881,80.51490829658127,80.10340303399818,79.81837830714427,76.86267590123441,68.97789357667503,61.44483276913253
2025-09-27,69.49305958775176,58.24239005374249,48.06685498358862,46.150684490555555,45.976202085104234,48.346194874795735,54.38483284266965,40.57442808410822,37.725619287650076,19.4088175567531,7.0242993946966115,6.099913012385389,5.7047316940417545,7.2744115997262035,10.729388152138338,11.843749449371105,34.254880856990546,72.31193652204553,79.53432554522611,80.40735377363565,80.12198674677286,74.51194465275013,66.54314137641735,65.45146643515676
2025-09-28,69.92955574180989,65.10433141942363,52.676013494623156,50.93493379837341,51.42121002055985,53.15351237564004,57.25365758523913,34.501369183403334,12.808816175888031,5.460793337986071,1.6835657273185392,1.5464289383173573,0.6765011752801423,4.226636256400177,5.210654785398037,13.877477788618469,47.02018476519906,78.02386830615117,82.07881492868684,82.23473414249216,81.83761849327689,81.746129643523,77.33778165275147,72.59209607547528
2025-09-29,79.19609458224444,73.13079575921593,68.16593785707326,67.39539162138986,69.58119209036555,69.2347163679737,76.49760180142903,64.27728321413143,79.26022285372856,70.1401708600813,59.17025988829168,48.507789453518285,37.4454055544292,58.29265420521906,67.75435747484828,71.1931115690228,80.12890418394898,84.43602789971389,83.28977480568732,82.55441772669113,82.19326235058274,81.91423705714976,81.33518907459167,77.03671672144466
2025-09-30,82.5119494914611,79.82638519348151,77.22072611013446,75.37194806779301,73.730626502563,77.3962892251336,79.75841142754126,74.5326319737723,82.22959466118871,73.18463541014677,69.26427276668124,70.2984094882887,54.9797312666039,63.53666130878961,76.06461042489202,77.63883463702317,80.95555935123141,81.35151442010977,81.75436820920577,81.17458972925863,81.21833959887674,81.27749321809702,80.84290544398175,77.7682964927522
2025-10-01,79.14502513224495,78.49879382130855,74.69080200571184,68.88753332540026,67.99591517938192,71.7960596081827,77.9692427587412,73.58662142786174,80.45712298563325,78.47741110241049,73.77312081161814,70.7873453607466,41.305832001304836,54.28634417746932,70.75159032437978,68.4675282129469,77.43725936825922,80.09927480154184,81.80180081642267,81.8348357327889,81.35786735556137,80.98740270904271,75.79523424933579,71.88767035583048
2025-10-02,75.43327372718507,72.9930822814579,67.88879896759914,67.99147574408707,66.13703536672878,68.02887173266608,71.92875352596465,69.6907501353949,73.17739353573313,63.143708166917634,51.31451182094456,40.898143261635575,25.188888487728235,40.49627991844731,56.80208326319737,58.26004154081281,76.24462304194434,82.13590468242961,82.80292251174885,82.70340072948034,81.96951099510905,80.28543655533946,72.80308979006197,66.66873641711844
2025-10-03,75.17713332008121,73.45390523402942,66.87240836969977,62.61085904058826,67.03157158515619,69.4308227219242,72.26027680291054,60.99661631059645,59.85323333986969,47.50307291354468,30.454809392689945,25.769069874365613,11.682425279600853,23.61405935219635,44.451086401589585,54.63981271626546,73.09016386329614,81.79036747459814,82.17593037062926,82.17983105933318,81.93112986453816,79.82452377219819,73.50215627018655,69.77955595776677
2025-10-04,76.51225895969677,69.61644648977085,65.31424281818175,67.81002133825031,67.97097252547192,67.89844685690403,68.74117918125162,54.543294173506354,56.77133167524114,28.802078371356025,17.892679983891593,16.07572487185985,11.61277754820369,16.320350731131963,20.474237497442203,33.13134960610545,66.97311766880188,79.14259850150998,80.89232673132454,81.27798479849645,81.3064273018594,81.49463472801374,77.83864041838322,69.01360596514323
2025-10-05,75.99443604184773,67.82650775347899,68.00005120987127,71.4994305355296,67.72699717016047,65.58247826784068,71.57316489923106,42.73817230479139,23.313968374549635,9.910540853507845,4.925047980074169,3.330508575639172,1.9551088917169515,4.116175079418925,5.470926657476714,11.695607410200054,45.909946441009126,75.81185822221693,81.38006113924754,81.69789330491457,81.90009125937489,81.4172699634037,74.0726421617579,70.42778096615868
2025-10-06,74.67895471149792,72.3662416621159,71.55888310143621,65.16323261773029,61.800669959415934,65.0473444774911,68.75696740170959,60.14657599867985,71.48199622501868,68.13961459483588,58.90380437195218,55.17108676652697,31.996874087502913,47.08121352692957,64.17843332082185,71.48507524041645,75.20109462182658,82.81753738672927,82.90789872299271,82.47868847445666,82.69305454530884,82.62594852562763,81.9634395954367,76.18998897420684
2025-10-07,77.17528645059087,76.65797379872852,72.07356247521571,56.952374019006484,57.22912650018757,62.67914305133498,72.99341618628597,74.14587584495366,76.08856744351937,60.38331067246962,55.01057169468169,47.93408715332771,25.940278066590864,36.01624014831311,49.2525683331671,63.83022834636136,76.90675436962565,82.0959556890047,82.69616270477452,82.51056203248497,82.29798194795862,82.49460268852073,78.55436527477528,73.34309441016352
2025-10-08,78.05201145032453,74.08885478492593,68.41064183996966,67.68237018214185,63.424667480921855,68.0393817125901,74.85535992588977,73.95660781398568,80.41541823909239,74.881967638038,61.995472845944214,62.664628373937525,46.81724059642868,59.34334662878563,71.55843633560613,69.80485539243361,79.26168180368987,81.97954900204567,81.65389336431495,82.28086334450249,82.72482749841531,82.41723753088783,72.40557139689972,68.01907732041916
2025-10-09,75.74365249039823,72.59296975500773,70.00504238355074,67.19411019094443,67.46152664727764,71.256109965478,75.8809700219113,78.80721632549576,81.57379854289445,77.01051804832561,63.890988401082694,67.34283159137287,51.627673723018916,61.00845906465366,73.4578795869512,70.4718173603922,78.51506709885614,81.77144753059322,81.6013417942494,81.51960886891432,81.64446834494329,82.52972255491233,74.477375932582,71.90857745230545
2025-10-10,75.92342142999755,72.49858789299607,68.84563184701383,67.8909863739056,70.31520480713206,67.992644179257,74.04179527780595,76.16865995399932,82.48893514371231,76.0573217467512,67.12710157516337,63.718192920365546,49.74926304310372,60.041502192728196,68.30983069297186,70.8926803859582,80.20626517519987,81.68922592542351,81.63237765852702,81.706206907685,81.75579170861033,81.71275798503927,75.45282147919384,70.90818821453077
2025-10-11,77.75790665446486,74.2184084066871,68.9523588417664,68.5398267975072,71.29391743300071,72.1271386262998,77.26376034729306,75.85282980160396,74.17561134388743,62.67406217579619,56.555642918069694,48.99649086555034,23.815226568008157,29.10687421370158,41.324180072892474,40.137932862840714,73.59951449737393,80.53564553048086,80.99570625552786,81.57669044884081,81.5209615156597,81.58127085624702,77.8239571151328,73.59845549957001
2025-10-12,75.05782286115492,73.5195499393895,68.92064859995503,63.9930771564456,64.79147682912189,65.63342078097119,75.33780681372221,58.91819648532958,30.889330506668507,28.642411638977258,8.261555454896353,5.5082344109702435,2.0575557893738914,7.0104926846356355,9.365839433739142,14.653609051303407,59.67956365282401,72.78765334324471,81.40185718405186,82.07548648362688,81.39698380336935,80.08833353675338,71.04113967688393,70.33354501814934
2025-10-13,74.84155931058237,70.81417125228548,62.66214797873381,63.91344744228603,63.89623326230887,68.76696774697669,72.83615077955375,73.41865119966812,81.47506683643492,80.39199060186819,68.58646611251325,62.79130118182784,48.500536563769835,61.666108558556125,69.02080681869766,69.13176978310844,77.80450007085328,81.58315953839666,82.03658598754986,81.66995670882402,82.31672766108403,82.05945804427998,72.93524656471703,68.93205246186062
2025-10-14,77.17449108068517,69.9646643593676,64.93859328486433,65.43811302353973,64.69111436110805,68.51258071587598,78.4625257689141,76.75097701395268,83.06957737271134,76.26851987913165,63.8947066397085,66.19981092679198,38.80997362509226,62.85811270479755,72.35263303975972,73.27354399092198,80.03401460256521,81.69162316479823,82.23588009044545,81.91889367559936,82.01095466699924,82.03871034265342,75.6726069575415,73.48671093461128
2025-10-15,76.0327317548347,72.76564849709087,70.72328499233532,69.01861054547979,67.41642549059502,66.6984637156566,75.82020771618181,77.5106030360761,80.38727927323349,76.03634112087674,66.95076456528835,67.68360573461666,35.82277060587668,60.746794767581136,73.13600573579875,71.35085073668564,79.2590197391319,82.0432219500957,82.19997047905993,82.03631054649534,81.87361471327456,81.61198855958432,76.31777658951687,74.58051690124458
2025-10-16,74.11710748466366,72.56124452248184,68.0431407643651,66.66254865994041,66.72860600993162,67.17928440628411,72.51710054010266,74.3317080067007,77.51960198138833,74.84205743475883,50.71798792600112,47.525215359504486,27.7535786151892,40.34017113865668,54.11871031272991,65.51704046529646,72.75211707866555,78.74180966968919,80.00738875415767,79.91738323982631,79.82247229550217,79.35783869723952,73.36090027733796,71.39351904294989
2025-10-17,74.30950146276831,71.60141548296434,68.43765238529144,65.37893258762327,66.41338626581742,69.42893385739127,76.24109036663387,75.97882207420587,77.6407105639476,72.2740698385426,52.58950254301345,49.21610571133148,25.28719408213376,38.496715706336076,62.32951667504496,68.54670682188949,76.54775508956642,81.08309229938226,81.35536508849573,81.2558967976493,81.18338581927172,81.19156610456291,78.08607823171988,76.24832493323014
2025-10-18,75.918599440986,75.48727981827118,70.91833724244222,67.21698881571862,66.3865531710812,72.2510318485188,78.47524191309749,75.33354326505268,71.69163353223443,68.30314026739708,47.99653176217819,42.11465461642871,16.558470468735155,29.16350595867384,50.495492443624435,64.62902978189328,75.56914012419821,79.7642010539479,81.63451529776798,81.95245449516864,82.09713922935136,80.71143247457078,78.90141458393158,75.05927065322683
2025-10-19,77.28396276587107,76.76900087967154,73.78931232482729,76.5369605557838,76.64245089295508,76.67282311917181,76.77635401064822,68.2286347840764,44.25543083862219,38.286158080919755,23.19925508701533,21.26989962773629,8.246082282121144,19.6036970112718,35.55358623765077,41.35124931146246,70.45257368380318,78.82864168486209,81.36475191180028,81.58701082966422,81.0897421431863,80.4889883403146,77.90534297204184,73.87119715727297
2025-10-20,76.40516573830702,73.14790024970506,66.63642223243502,67.36459371397216,67.2110249263635,70.82654261622855,74.90803784169967,75.47424535451853,79.73673060913863,77.2593058197248,69.93035187632749,70.0975803376775,51.654096688848114,67.37957983802418,74.56196771715462,76.78647436629083,81.65150862109057,82.80015228224485,82.65515307068499,82.14650583412785,81.85115179451726,82.04979785789475,79.2685246517828,77.70828759451048
2025-10-21,78.31749014542459,75.20873759129655,70.65181568986837,70.14729667262093,68.81252993846591,69.67384511221975,77.24177173233464,79.71019637636445,81.44080545574182,79.79628264851787,74.16580895382954,72.11969334031619,47.98141810987441,65.26922751703347,74.22432332454582,78.34612487161851,80.70595539878953,81.9815374571875,81.59835840178506,81.38665711655659,81.26691746886982,81.1303067733407,80.86432353238071,77.26186639872928
2025-10-22,77.97058801457233,74.89469129204676,71.19178269302058,68.8765345533531,67.1788756554232,68.33985538765218,73.17420096900898,74.93856321508034,80.88829846778181,79.37887979255417,73.70004649127576,67.65125899169317,52.20801195734967,67.34132558014635,74.07475578063898,78.52255071264973,80.6879736623406,81.68021654488794,81.60851604120117,81.55736311561752,81.56977337411332,80.65829383654825,76.43343726618116,75.73750474718258
2025-10-23,77.3223313124208,72.75111963553731,70.30958251584414,64.4067170106851,63.68938167485471,66.10413986975085,74.61593006869701,75.78462947770124,80.63681131203,78.85089172870245,72.42767991149174,69.17819192661456,51.5516981325605,58.714511281688836,72.4237988221276,74.71448904270623,80.0959583914047,81.9062765928551,82.10075228585792,81.68325938999115,81.69805858088684,81.34482407186226,75.56348751638053,73.70650891528224
2025-10-24,72.80097885292346,71.51473104026869,64.95332761137918,60.12237196591824,58.04697560562645,61.893518653144625,70.46667640002794,70.89418654312352,71.98902340510554,66.20933464865637,58.660773002287144,45.67865835219023,16.53105553162246,33.578182393568596,50.389880050297435,65.89379921343448,78.9229936850332,79.72003983317923,80.25385578524049,79.82400905884627,79.53696446608535,79.50797356501002,73.02972563048411,70.4940823302677
2025-10-25,73.7938778631664,71.8573095632184,65.00334887632582,66.72594852275625,63.700981188787466,68.88555428830118,73.53707483541864,71.8504073982172,74.82339896453443,64.00681919675678,44.645741465377604,35.400338056568565,23.44406918597857,33.8021615685841,50.329649645257994,66.2819742278548,73.25200689557452,79.47843906678942,80.22154365799248,80.59445763037705,80.82263987008572,80.80668693703896,77.5455887383408,76.63974016170171
2025-10-26,77.11466860640569,77.32750955202137,71.73675792370578,73.06714978152277,73.61056841996944,75.07787520100966,78.74304246257128,71.04595865763577,62.25091100748005,42.285699661133776,25.17554187076531,18.947083955999204,4.006128169969773,7.436427278579201,22.410623850040697,43.54396700947046,58.16731684302127,77.51317543272745,79.85167357117223,79.99757389529123,79.22044502173917,78.96598310716311,68.81402734556328,59.64650695127006
2025-10-27,63.10741502318216,64.30873559713535,54.04884470365939,49.10065523334613,49.478211222262765,52.66182604898704,55.814667121787494,61.67693405586503,73.46748009202572,68.87623072150262,48.830435403719,41.79689221621315,16.790303314038372,29.402413719047924,48.53250915434825,49.80675366969034,69.48079489827835,79.65616336888627,81.13572040814121,81.3375237324508,81.22635819245814,81.0391107616261,78.50139282569513,73.50820635117896
2025-10-28,75.1404297046662,67.46380942219595,68.10446296546739,63.98778433191648,66.8565318105164,70.5480125468077,73.1199889852275,70.09412395306919,80.34520671093149,77.05836473202025,64.62124642663456,56.51725529003395,42.01332102371612,52.256388198768555,72.0176471345288,72.46855305342102,80.67982858487946,81.76399699413062,81.8248891579237,81.49901697522719,81.30119528031186,81.32777633974794,78.82020980165662,78.94620311275953
2025-10-29,72.81908463295248,65.18788755081596,56.782159003800466,55.41417336314411,56.09184919705954,58.89677025659283,70.28228000704819,61.00775462151307,71.57493706188473,71.82582138490905,63.2311396848959,57.31966191173637,36.80411844725473,48.53946237444496,61.396499578740475,66.1957931242415,70.79268239575855,74.3801032738929,79.36951295816479,80.96550454419672,81.0442103635946,80.7783812512866,73.47528868916902,70.40391002683653
2025-10-30,76.27241594264086,75.58857448590095,66.1506514693325,64.29809242198593,67.76814247969966,68.51436272557044,77.31732832487401,77.26312672346702,80.18102718451482,78.3785782113012,68.38517275600833,58.21263671819203,31.836292519974442,44.54391140380017,69.1509606729251,75.09448286724131,81.60231767985967,82.1792848487618,82.1060731703074,81.92515758449242,81.79234996898319,81.85242340661829,72.72149881081835,75.32141335521041
2025-10-31,78.34925690105932,76.10106468033716,70.25420918127247,64.72329160440574,65.17007741922825,66.94422146927438,79.13189190764126,80.19687887213158,81.63841747883357,77.22298800609232,53.5847428390206,45.14117064633462,29.25252426808419,43.18801076845772,63.92080733230351,67.37751662227436,81.68746202223971,81.4359970312465,81.45671450207026,81.37378228826492,81.38070772047615,81.37253676805976,81.20106112391316,78.44015386871702
2025-11-01,79.7678006773287,78.12448173737553,75.78824214510404,69.54149332995222,69.33622857057058,74.2459639483673,81.00197157841201,80.32754116756281,80.29222405214809,77.02759411193863,57.734792160146185,50.96913407766187,25.44477355397669,36.22846570651845,69.01923523415002,72.1583506756155,78.8436338135334,81.05402557290171,81.24887290254749,81.35538971435727,81.28427209928364,81.55329551690782,80.44317634002523,79.1542841207931
2025-11-02,78.91707630189663,77.68064301246265,77.20078163732512,76.43243651901584,75.19065901707539,75.1443656866781,80.71106501454648,77.42941401852096,61.935299267650365,39.845820377854,25.77521597262957,27.99220144470048,6.519260848336221,21.70708264666759,31.791083436144895,45.34824384868544,73.39502273865087,80.09754785439091,80.36895139039257,80.44336309451361,80.47351899048229,80.45911778457155,74.78691350143764,67.6122131336256
2025-11-03,75.89293192800828,71.72604499524022,64.43835069996852,64.87791649503987,62.92785742229456,65.39016997725943,73.21373612176785,74.17822267444576,81.3571731191205,71.27154439372538,62.12271125006347,57.79888413546562,40.46186263136347,54.46366530415531,71.51395736294373,73.34269990433984,81.90195979221595,82.18044830224156,81.94954304053621,81.76091338852686,81.63269220536662,81.61623161804535,80.36863454621303,79.93635233872291
2025-11-04,77.4511690047009,71.78369729505175,68.08054739148245,66.26050388557066,66.24056461226827,68.42550597360682,78.91594736036228,79.08373562227312,82.12490903279739,81.16991876384549,72.98837269504514,69.19836808491105,47.540681225638984,64.64372342052098,74.69583567096824,80.54115663600876,81.37365610792936,81.64936469455684,81.60131332199495,81.30188004346117,81.08936217698786,80.72271251931906,74.21114406037123,73.25910690433548
2025-11-05,76.39916999844388,71.56423822976683,67.44803404950694,67.69858229680413,67.63692049880318,66.57953796704625,77.29080349623516,78.54323841240003,80.30474072423328,72.1610115486051,47.52114246624145,45.31614531512852,20.854831217504266,35.276993259036985,46.13972002962008,63.948612018253236,79.69328385777892,80.64725353098721,81.10158918845055,80.9695653623645,80.7362960395869,80.70787045433865,69.0117951745897,69.55870682239969
2025-11-06,75.67322532057212,73.08299408669811,65.19931993756964,64.68356686928921,63.0072643066146,63.83456031952805,73.18425965570056,78.14049823931745,80.44690014093884,76.06594812408456,57.49464548459841,53.62966133501568,28.302363494353084,43.607034379947336,68.10392722896938,72.95608829608109,80.29830388294499,80.52313649173637,80.7650872962884,80.62673539050722,81.22407935755201,80.64287243471922,76.80709259539785,74.82282974409549
2025-11-07,74.6975775252866,74.37840815311478,70.58270324372339,65.48748812167602,63.32716867470689,67.68884435675454,76.77559821421616,77.89722265690625,81.86199648542281,76.50700721466855,73.31803623638994,72.38414494348248,44.2204292094623,61.597405997687126,75.87923152041148,76.75609149352091,80.63531762011509,81.62494722277727,81.52861751873156,81.55525112661698,81.59250216919237,81.43803230804971,77.20274598581548,77.27512165849285
2025-11-08,76.76767002307547,75.67431262653741,74.79330466726661,71.54701387018548,67.10479291512614,70.03162142850249,81.01836522770418,80.81007572777207,80.94469427242126,74.8844831933527,64.12533703134666,58.39684489122655,31.758749493068155,50.63368400927692,66.00779831128291,72.3724288002826,77.23285936841772,81.30567044191851,81.27941910765874,81.28748792370112,81.0489013408021,80.65775115053053,76.48054803696617,73.64838299705274
2025-11-09,75.54362870445499,71.1694050674426,69.3092541003296,64.02082974570789,66.17764190124197,68.52326156834312,76.15262327515184,76.25104568521995,58.823920597760726,34.84519143587956,12.883111168568169,9.946002256193612,8.38126502306797,11.976192364008027,30.589218215772192,46.46037100007969,74.99508807749972,80.77354058022374,80.99218443466016,81.11502198327072,81.16223844078554,80.94921843789331,73.55921436217848,73.97780354894851
2025-11-10,72.98762595985228,68.64088036412609,63.31070928246446,62.17764762839307,61.83206876044966,65.13236155152215,78.57266739963997,77.1867232311653,81.00450420951114,80.02033769665954,69.40336470486979,66.95099765235928,34.80921416724747,54.81181838501929,78.03582825823013,76.21674740122158,81.85122889362256,82.28828619601245,82.04814483624037,81.38768971250325,81.32563775776732,81.34349592028008,75.15097951240716,69.92958446608827
2025-11-11,74.11353488229047,72.20687907678267,61.67220627621296,57.3035969713746,58.05952217992585,63.61425898362672,76.53540389654746,79.77274821020836,80.26534473554266,79.5163143745281,71.3173415601831,69.11011570757766,39.61467420157107,57.64521507539404,68.25069331413938,73.72261403812048,80.71143155555525,81.4297195832883,81.22256713618133,81.10978333827711,81.02400943749007,81.05039577102791,73.35988584918421,73.28306731836034
2025-11-12,76.70863364470458,71.67533227192865,63.56151476122911,63.03296579983037,61.76473438026803,63.05113958999636,69.31756732153853,78.64809900372556,81.00398730157286,80.09765502191688,69.03541349242577,66.88037762542298,50.0381681742182,66.01954585655821,70.52499026809559,73.82060435789349,80.71280124303432,80.7355442627358,80.61859842707767,80.54878891936995,80.64942960426079,79.22084810526496,74.57790147566088,74.22777852214061
2025-11-13,74.08123367909208,70.06743395393109,64.91956933170391,63.72737470691899,64.98694294588783,67.5035753720366,76.29645148676336,79.31114159158174,81.18343799845464,80.92975161286024,74.50999716723655,69.34914114930018,51.788329425574965,65.3626061768853,72.1994344553844,73.06782546335997,80.36653954615896,80.48596606295254,80.75680250273089,80.83657582038035,80.65510947194605,80.31346216850328,75.36994956921588,75.9868637550042
2025-11-14,74.61255046091797,71.19566617770514,65.62230129464655,63.50930105024944,63.7497520428443,66.4342611259348,77.17227339804325,79.61168718440125,80.69733265403522,80.06036989379199,74.69681188671035,65.73364261380964,53.41040268334244,63.70759400735216,73.80923031331166,75.54080128987273,80.18010725371454,80.75083444675361,80.74468170245237,80.97200502347059,80.99300322921856,80.42315887415215,76.70783612884574,75.60402447380865
2025-11-15,77.15302385882572,76.46063201279581,71.35755566090165,66.04935812300552,66.20051391099027,65.60214085619565,75.49366957089283,78.41879419282648,80.41060073105982,76.01110667127216,70.04045924367084,60.38602880719699,42.84245635092788,56.80059368596437,71.71451553551911,72.51921136070746,79.63564249531525,80.5408058489971,81.14662853198048,81.30124256916037,80.86427443063414,80.07832076481121,75.62707721572386,73.05177670583271
2025-11-16,75.48085768958587,72.04437308281459,66.45598174791347,65.30653085922087,65.26086319904836,65.64587816039997,75.6868344058364,74.23732858618138,66.21117338624572,53.64934335210388,45.430876547801105,38.07864935668159,26.043534344488897,37.14949741387984,45.84174657330788,61.46794268067208,78.8400323395306,80.55264505870774,80.90333712119967,80.8629709877446,80.8397388197171,80.52477047665117,73.38356097053756,72.38764280581726
2025-11-17,74.0768167576538,66.57700452800673,60.761565926262,54.92797922952645,52.6005076712796,55.22750862454759,70.99062114500765,71.51985581096571,79.38320027476371,76.19140810177045,61.97870369061779,55.535978495410426,27.16444516459593,36.67500098106351,55.036687133678605,67.17852377901289,80.36644304708729,80.81035060368967,80.66888042601127,80.41656069682038,80.2397629329671,79.33014936108799,69.08784300908717,65.79711979662258
2025-11-18,64.98947590822478,52.596332739095786,44.01911252996163,40.10075614803414,39.751284147737394,48.037333764018996,61.24863248840231,64.24187011310066,79.46769332987996,66.93522064321718,38.85611997861808,36.974684090324246,17.5164831930869,30.595131899549102,38.16858166283225,56.66870239460185,78.82908131667003,81.3057166291969,81.32830705431738,79.97408595964424,80.05361370627409,76.07792744085424,66.16645738120228,64.15989908388913
2025-11-19,65.63553548832361,58.66855248245535,52.317303582294414,52.219989099416885,46.84224294696958,54.38637275001342,72.92243602883434,81.1071786533731,80.78291326031515,74.54059659860681,54.09187690782304,42.104386602478364,27.140764484647296,46.98127840148738,62.47748047434872,72.22237721025013,80.31114998059351,80.96418195694814,80.84642165626732,80.86118745500374,79.10330281060268,78.22648615193174,69.87961663753265,68.49243693642369
2025-11-20,71.9824120397771,66.95647545928566,60.623981287533965,59.88819916695634,56.53916483388697,61.954722832169864,71.93344849426768,77.01404801191542,80.86810007550025,78.3186478407511,67.34220460270117,56.75744369641725,31.285576503357753,37.77775092153004,64.23709564511807,69.04350147659503,79.44641745671402,80.0779493491818,80.70917431717629,80.51957022208421,79.33129970545748,78.32752053941752,68.53979569311582,67.37919960685835
2025-11-21,70.02626118978108,70.26251146153557,62.13608389123823,55.17930405602332,52.70703151545833,53.94301082045952,67.30549337866837,77.20174539858223,79.97799251854714,74.72355564851723,54.23685584407739,40.682061072798604,23.07942193735781,30.918069195304508,52.388717480018265,67.20991108540976,80.20781790777107,80.5291916355401,80.54932338271318,80.6308332957365,79.02725058496033,78.12474112977435,69.37010500128602,65.82689384711104
2025-11-22,70.1754046673592,62.81735583921792,59.063682974936846,55.89003701403844,53.99851035022968,59.436013674560506,67.13368155661992,72.12599211008236,77.6559329448663,70.3898175154323,50.83138470359943,34.24996228177637,11.097792829796859,24.364243049768,38.015056672030354,59.83268644628149,76.69059055904424,80.37797950782897,80.59403061851448,80.28626836709581,78.15858850655492,77.49719905420984,65.47157074379916,60.630529093622854
2025-11-23,65.81461012252062,54.34230152506888,47.87667399947734,45.04653279732137,53.74107136684774,50.33090750890464,66.29172994170742,58.1241593047052,45.793257137369075,15.316244801529466,3.257707082287514,0.06771961449281486,-0.05660908985455349,2.512727947465501,3.465252373215534,11.62175752695125,71.17526987090176,79.70085968879933,80.23030554786402,80.60744994552296,78.87843576681622,79.13975640934733,66.62770580197366,64.13759913704007
2025-11-24,71.76336161289875,64.50780209449796,59.572991245146746,60.32365524136089,61.30279527676596,63.963200835051914,76.58284071993646,76.77432406601886,80.55991680933202,79.26992797485367,71.29228543578927,68.42442839657971,53.45796150158294,64.83590706916404,74.58530992507558,72.62774145674307,78.71040997075907,80.93513883348258,81.13071257603791,80.96935458175837,79.81731989659049,78.24490508358885,73.69102099039749,69.89998965505416
2025-11-25,72.15343932488089,70.22883319126962,65.43616904128345,63.20145442703891,65.00037482610597,68.54667820934381,71.2011868422622,82.19730553706201,82.89906729445892,81.56316286409248,75.62708368515132,67.59253924226121,49.599373763345646,62.39887125301853,75.01053616776139,79.56987271044389,80.9355247319337,80.94471450042012,81.36429918266239,80.69557841972677,79.17419180467662,79.19740355277798,72.3494620431897,70.01941580167501
2025-11-26,69.19446556137214,66.98077213259671,61.048745784931135,55.519477923009354,52.834142878154736,60.07882959824503,71.05006537776875,77.73494493629181,79.79272719546867,79.59578676662,67.09327581896443,58.945959462865375,39.90957764574705,47.644034864480815,64.29482852654033,70.52955668215486,78.516572849569,79.5365354943197,79.51576054964205,79.50116794260431,78.51135016557244,74.45265803141882,66.37154147984451,60.18986176510914
2025-11-27,64.59310486214511,63.82950870075342,57.50107739518495,51.80976040772219,46.69090634053182,52.957774420287095,70.31515981533079,80.69399697758041,80.44479335734863,76.43170435765883,59.92049887300952,47.679638518652794,26.39861849932439,37.31261940961336,51.05279072196633,62.50558158579532,79.87986552821529,79.83929288356595,79.7686362006225,80.22791433407868,77.65763450851831,78.09326860837328,65.05543145493748,57.62741758540802
2025-11-28,67.52996532159715,65.63083564397691,57.4019383220178,60.55303185071008,57.35673997475148,61.49886413952798,74.90516607237012,80.16547937380304,80.9651166894334,80.27991864359511,65.23269422548195,56.72310241184072,34.0169904854877,49.13084854510794,62.52605422095636,67.58206741610823,80.2068968815636,80.5959662213924,80.81165406437088,80.74380131253346,79.13939208608248,78.9472376098006,68.40446890112239,66.52271907630346
2025-11-29,75.01742388214196,68.04481213652377,62.446099840009026,65.48776141173275,65.17921662090724,64.81284438077766,73.49672946721593,79.80172644196908,80.48424791509507,72.94703195179076,63.411872061019196,53.9410603704016,34.918188558913926,48.03841640214178,68.38738610910241,68.7945488583527,76.72391400408385,80.15125006479163,80.3872720104316,80.47921384082416,79.41806832743914,79.35979118313702,69.28582650689395,65.55652080699372
2025-11-30,70.61170072502763,64.57635390440022,62.91049789252757,64.64101560359981,63.23881180015738,63.577314864028956,67.59321907222908,71.17530826612804,67.73841707975318,53.99117757236993,37.513159723184664,35.255047436379684,28.078455663389246,37.729629476927386,43.70175589415035,63.67922830885186,74.02974577164262,79.35180885931594,80.11436223004726,80.1144090061998,79.76109663214638,77.31800605191816,68.90599715188199,65.50748597638349
2025-12-01,71.74039797337416,66.66257743416143,59.341706519991504,61.534492667346456,60.267172167783784,63.99282909589554,71.80730688677279,76.62666150710314,80.09927527451602,78.54908441145756,76.5997586538379,72.16124568828111,55.82696170049051,70.38833165297656,77.51022155674399,76.93502969233256,81.07861895972178,80.9067977233813,81.12724730599804,81.19230099163659,81.06456532622883,81.24724908342914,75.21017974453108,72.93522892406264
2025-12-02,74.33009740750578,74.98509378764845,68.45487644064116,63.91700562821496,63.64953254641738,66.44174577254174,77.27803704925017,80.15079615602819,81.58987753037364,81.50752321910784,77.68053055345644,73.44606784898872,63.696459700489335,70.14515848037607,74.79101222382681,77.3627010463012,80.7655002577952,80.5896557340789,80.57521217092878,80.49387470654825,80.45947478171963,80.54737706131596,77.69207171941349,74.8793412759422
2025-12-03,77.17679487830917,74.33038199814197,67.46584599014034,66.49211311282892,63.71239554992556,66.99866494406257,79.37671518466831,80.80715122064048,81.59504979329695,81.27877959503802,79.67027674705395,70.82563732007128,56.640339447646966,65.37870179355181,71.98050911771202,73.94962813307116,80.68665741307872,80.57139086101952,80.7794529621583,80.7937776508224,81.14769649464188,80.87793970266839,78.59698951206408,76.66531887349076
2025-12-04,77.93134214442665,75.36528382858266,68.01607096682984,66.32387918280465,66.34601622216073,67.69966135491258,78.30060388686222,79.6737700851478,80.08332135926186,79.45471893762542,76.6656292268248,69.8406180623882,54.662661045365525,64.75614241740092,71.20978128687011,75.09703493280632,79.43084807438497,79.70139523483678,79.6087688814003,79.38939278966825,79.54468134330729,79.50674740567484,73.74466501276258,74.48095529779864
2025-12-05,73.66987620458913,73.67601806322179,66.47525742501881,65.49363353292468,65.53534488241894,66.61946853923448,76.3633135763944,79.46880397164378,79.89407454690365,80.97886776920427,72.07584115499043,69.53165859820935,53.28786658689084,59.35495853691743,74.89291843613583,78.88996689253901,79.76397597561855,80.39011541289197,80.64610361133211,80.43045547825592,78.05630125020288,78.43287688167318,70.09364278055294,64.8585903079147
2025-12-06,71.20008228575563,65.40332151457531,61.5700616228216,59.70202139867176,60.98660035933392,61.9267111820565,70.5238921511333,76.86903634059439,79.17369340531691,77.3467578695001,72.1040395466712,70.7936156684831,48.64912689724262,60.258301417619705,66.67451917473284,73.28208959205249,79.31524191072182,80.3080002118645,80.53144647654112,80.571017105983,77.81472903869074,78.38463251148467,65.26935893524525,65.46408737449116
2025-12-07,67.32608921495732,64.05199717662603,60.999435373892574,65.00478013097178,60.041070563065176,62.82734540422135,72.6263166816165,73.74101332697106,75.39391428233604,64.80076630368036,64.8026316018576,59.08712562535164,49.008670600669234,63.72329025306729,66.65021329901946,66.4230140332202,74.22973786501795,79.96856309364307,80.28391595208072,80.25296914620034,77.48250486457428,77.47178237047456,71.5321000654631,66.81265043897567
2025-12-08,68.80726007101038,65.19279716833394,55.443484672137565,47.394572774613316,47.93748335357637,52.044679982466086,66.44883439160652,71.13966337658162,80.00588195167623,80.11772778538487,79.08147884751592,75.89055510384613,65.49362836184751,72.28779762187652,75.87525390163181,77.2987102985188,80.94016804382073,80.72284887753787,81.18172535966559,79.70190398290629,76.99371371119946,76.95236788358828,73.47657635169851,65.67500636862465
2025-12-09,71.55916161372966,66.66236186767088,57.60123988878314,58.262938953474816,55.558632637780825,59.73616778596772,71.53030011883962,73.28002467608246,80.64150403103149,80.56963887734706,80.01169123202226,76.07301926727281,57.532471447615976,69.66605307305531,76.09241969018727,76.59015728141205,80.8121591183393,80.53415250360199,80.41112558500653,79.7937290690079,76.08379233493605,76.43915450274838,73.98065439526727,71.56908976677404
2025-12-10,75.59683507955452,69.95865745609056,61.38716968270694,60.61001671856805,59.82890581283989,62.42156037929905,72.74432428690696,75.32555072188657,80.73250348162675,80.8605621572427,81.16220046874618,76.42784112449874,61.96474570870675,70.34688144732885,76.67393991184477,76.28057364573937,80.21421921815818,80.11865883256988,79.56930118925347,79.10738653614526,75.28000881369621,77.35509221673692,72.8924890352547,70.8767843484837
2025-12-11,71.4161404683615,70.04230596187881,61.98053424649842,59.89747802113505,59.4423456282086,62.26735609962681,71.95798137135576,75.958796803965,81.04423109673061,81.29987560885462,80.36915771797715,77.15835904044003,64.56889423565792,68.50867418726396,78.61124749345285,79.56286009248647,80.55851067514675,80.42283821242057,80.26052624659081,79.97031450214756,78.07739620642407,77.77907117105254,75.50110211670442,74.4713859664054
2025-12-12,75.42044866283877,74.93833404470617,66.17265590448261,61.73576692993632,61.3099039505927,61.75319791733293,67.2102889935423,75.52066679209221,79.97729587291373,80.31089627487998,79.52582224864217,76.62070746822121,59.75409175857022,64.20455311551719,75.9242086726734,79.09970125348597,80.07651853505469,80.28023823355261,80.32036612185846,80.1352546276044,78.64220194607651,78.03274550152604,74.13306264854691,71.49025465272364
2025-12-13,73.15476927431453,70.70421834461033,62.06473827478745,60.0926260211937,59.21716071165357,63.13899642249474,71.501979903514,72.4550898024536,79.8374208921067,77.75663593761682,74.92071163880219,70.39953659245317,58.56378001393823,67.9675793235716,70.05841328861773,74.42378145707407,79.01760145063133,79.24462851766766,79.48886964267439,79.54099027380317,78.33790051608989,78.22032009987555,71.19517570486184,68.42902875083941
2025-12-14,64.55575242883684,62.68165873711072,58.222985088467816,59.81851692241901,60.40719743880488,61.48171331226379,71.4252702094055,71.86268372257611,73.42485479410303,69.11865396487886,60.55709229077533,54.88204448197814,43.7698011636775,61.39410407133083,62.01970168184952,57.689719401314804,72.31219971573766,79.09160812141839,79.19838280729012,77.80837417309846,73.48954939706911,76.87625488064113,66.7327596736937,65.2648695660745
2025-12-15,71.01634639775311,63.67657162987726,57.29669263986935,54.658256006501944,54.12732818279302,59.68672482837288,71.16072397576232,74.82355463439082,80.63242200044371,80.05049235228384,76.68497662965574,72.21691208324489,54.94653279009489,63.126607979274524,69.35523088141846,74.00905125557244,78.5033975809078,80.93647466287615,80.88274535354927,79.08214926796025,74.74637571096164,79.28345270246722,72.7023964765556,68.0163447680601
2025-12-16,72.83034383120875,70.85607048937193,63.03360145061339,58.6601435346411,58.687614318685384,61.66255479045656,69.3143324645946,70.2042811275197,80.42925223119131,79.42613033005102,77.88951847867312,76.02001700963332,61.869551364192326,66.10393945896136,73.13906926309348,73.57373963911057,80.59353402946665,80.28337778867335,80.08707545667257,79.40120778328112,73.39671324451817,76.84414483632484,68.96881771037874,65.22952841125823
2025-12-17,75.79660693269999,73.93271847099136,65.5743982241916,59.69617543639989,58.7675532544799,60.074445863681994,71.5419321619282,73.72115149129284,79.54799515885269,79.91341991841875,79.55383718668483,75.88779361115533,64.57544346776169,66.8033565120111,74.69762056205425,76.77769359054268,79.79868696482664,79.80133056718246,79.52215072108311,78.06881762032724,75.37436069160827,76.50684272183925,75.1820338586524,70.3913794203562
2025-12-18,76.1020036248236,75.79156054875874,63.614510648667626,61.153542477160386,62.63434875773199,65.87923047325414,73.30243884540563,76.90894093951482,80.22973314176375,80.20988697130836,78.06635879776213,74.97616667451562,58.948167992590605,65.96124962992278,72.61392847444883,76.41281319283085,79.74172617628369,79.5325651928687,79.42907560901587,78.9577947241546,78.38998328306178,79.0405418371054,76.43245687737172,75.47166846889539
2025-12-19,75.00952775453025,69.95604046123759,67.1142609697462,66.33329270901508,64.89077593030744,68.34765848609452,78.61422689894951,80.33998417541193,79.9303900699478,80.01698919339043,76.15522943042316,65.0912255258484,56.12410418246187,60.7536957669498,67.59735868885674,76.08796538718384,79.62203899258819,79.78031151124027,79.57390906697135,79.46961684418092,79.56007734650122,79.39882267971639,78.12770443258609,74.98812916711512
2025-12-20,74.11835231500552,71.56722630116673,65.73823082834245,65.02767265094134,63.753632976570174,65.07287521212798,76.14592191504441,78.87464731868846,79.40973565756696,77.75344149119606,73.11221280870873,70.86694156489266,48.36099282995774,54.39605568138696,63.52912752163577,68.32319003168416,75.20098741405737,79.60964628674202,79.0734348011084,79.21898201690092,78.11053139362345,79.21015270625747,72.94631874549451,69.41780495863154
2025-12-21,70.91195245022722,68.75624184212258,63.8943852474417,61.818546591823065,61.32319521721047,62.58217934076847,73.90318116993723,74.96371786501217,74.2417872462469,57.40944386022886,42.80537930284036,42.79487655535619,34.05088241489617,45.11152112224067,56.03230101733351,66.23034157597549,78.17780966630895,79.56112243316137,79.67852594711091,78.19644557900308,74.95079898268473,77.6924142175432,70.1107405327532,65.69316922073486
2025-12-22,73.42357644553925,67.68941371170328,59.65772639851513,58.969591054703805,59.74531474632858,61.046526793709745,71.68327050252265,75.35344988408238,80.60749783007621,77.06472727421256,75.82677221513377,74.7537944517129,60.50964665915604,66.70304271261655,71.70878936016689,74.03581087374928,80.07400529077378,80.628546418398,80.78161636135926,77.14694703855267,71.59961893609677,76.05483457247576,69.15979204474894,60.703735709912806
2025-12-23,68.52596028483632,66.25981006699064,58.71061397130103,54.95365141984777,56.12564907780754,57.80732123466905,70.7491807385162,74.19215754884665,79.13003619442078,78.53172498097433,77.26730005534961,76.86198924034738,62.1108422358636,66.1828624802137,73.23607285502989,76.55744222836094,79.39786450253845,80.41241690200334,80.07571527632773,78.49987841576593,67.55661696582452,74.76654722406832,68.45361383993388,68.04029071520132
2025-12-24,69.34243015316856,68.01275338977894,61.723019811220816,61.404037405147925,61.77660026331735,64.13987479971308,69.84034504302134,74.15002446993981,80.19235342486378,80.47164099203647,80.0202300696783,78.16079705815628,66.21776393935303,75.60865865569201,78.48009706105526,78.76353352495657,79.54682527495847,79.81268994447652,79.6236375877341,79.79458218281414,78.25494752102041,79.33694324022528,76.79738856302733,75.85280560051801
2025-12-25,72.22914695551059,69.68728981223332,67.33927914512336,66.75507661271392,65.77930783960241,64.94727969733557,77.6448915281679,77.89351841087233,79.77067803873287,79.48229299613337,79.12056917679155,76.88665213498045,65.69370245678361,67.83078013244312,70.89349858503165,74.55473376400207,79.65189591679346,79.41661169410442,79.3674235287085,79.29574876888992,79.59570827539352,79.63711876462492,75.5639050980969,72.7934046468732
2025-12-26,71.78802638097524,68.6333683785902,62.694621218094895,59.8157403692988,59.08954153925328,61.995448515198504,72.41687826604173,77.88237592906052,79.44052362601558,79.32984120343339,76.91061031286758,73.64743024048934,61.54340987492237,71.04825884692814,76.46722618747178,79.22693262868258,79.62254981779164,79.2399988408138,79.14327302265063,78.3458067000338,76.62215625968564,77.39760574947172,73.20266716459292,70.14002991493365
2025-12-27,73.56714413297192,68.39551549306292,62.8584504679604,60.65065290798825,60.52187612994712,61.44404024320979,70.34018997381314,71.1618786022986,77.73386076975271,76.76491604021383,71.36262721078127,68.86935213616296,63.06079748998275,66.43346859329908,68.42063504246599,72.04301051623774,78.89545765810763,79.43813682117256,79.709668485517,78.32268927882681,77.51778592055577,78.97289334649626,74.13248770018414,70.65397445233678
2025-12-28,76.02805487626956,73.82361162666518,68.66181843687792,61.26227549496137,61.20657542153379,60.95817212751327,70.63402722107104,71.75642006235461,71.04215284417963,61.30172551803644,60.56300500419955,65.17315133762503,59.193902730509095,63.72294956302683,67.76770382482482,70.24463566091384,72.13076171558949,78.80251415562603,79.56486791637595,78.30297981040847,72.16433820422407,76.76717087434737,68.01184078786663,66.02121806258937
2025-12-29,67.54045079507937,63.025248242871704,59.63896365151379,61.0379422805362,58.40540927937046,59.59510228237485,66.227648226366,75.39669623508811,80.05628878633065,79.82133180143515,80.19898597845666,78.36978736294391,65.28093181388476,70.37496987897487,74.82432187352218,76.68211731785837,79.22326387747991,80.84116688010558,80.63134954943445,79.00403056383233,77.57664116755458,79.07748286468416,74.24418947141521,68.35775070365405
2025-12-30,67.91532614156976,65.70956263286503,57.808013508050365,59.54728469568826,58.45545965958874,60.75613516673938,67.2975008126788,69.58543735709483,78.8070053246714,78.22823929824311,76.84624211454569,76.88375913932646,64.4761528441049,65.86070713763128,72.26195094626758,71.84730348062904,78.30382034301128,79.88753958121302,79.67746575800585,79.4736462955347,76.57857451395353,77.75103992038986,69.84914749859632,63.77484798552237
2025-12-31,68.95028473596443,61.440566769274895,55.07288492665407,56.25768401460783,57.30574039613422,58.02090160678933,70.30543796163127,76.61745901439055,78.94891379808911,78.17901878853142,73.40871873917524,68.25082254588304,56.197320639911965,61.332468326153275,64.74816772786981,71.55359028209503,77.47924163701117,79.4693387139656,79.58070403529824,77.02379018852938,76.53563871253043,78.71808871745681,70.25721988059912,70.73076295588693
2026-01-01,67.7788986179333,63.03498663500863,56.84326272206575,55.81759574406404,55.401761541578324,53.542763726228415,65.96647632581546,64.56307449133361,72.10323038591221,71.53462384379283,64.36218951944807,63.94495737623181,64.46837388394627,64.1022308438377,63.612668089988205,66.21113350990235,70.28787371026175,73.79290201208079,77.03756496724654,76.53880118645483,69.85527708160566,74.81550003677522,69.8551816031831,68.81786931421898
2026-01-02,75.60670224828024,69.03147342919858,63.22977440893908,61.38058612826678,59.688269867224776,59.222260520134505,64.97591611903806,60.197417278395946,73.36254202970063,71.58522148862092,75.20830168625672,75.26474509558922,69.56288659874319,74.26588881143735,74.26647683239975,74.11413640865194,77.15984999599729,79.5411142316135,78.8387841792329,78.27424835201742,77.24887796729499,76.22375985073805,64.76583719410006,61.99716841468111
2026-01-03,67.34803062187731,67.37659441223677,60.97692462385133,47.379037384608615,44.657902477689404,48.15659496723888,56.73520000097204,67.00324200335166,70.17317539738706,65.61189139408181,45.39182206610087,43.37439836839856,23.562422634229687,27.231548592584847,30.631316000532966,44.17223676323893,68.01971571198557,77.64693345280573,76.91740935716722,77.18816765221311,76.22389779297441,76.94863317269177,65.28315937093687,56.63156585301999
2026-01-04,59.89176257203713,52.3746825863248,45.30411455460769,45.23719556250194,38.41108530396422,40.29397739676426,50.78170690126235,59.46789473697756,50.48060121055205,32.929032503254604,24.113973375839826,28.17600969646628,14.232028470677577,26.50685738628444,20.435225410708906,33.626133848268246,64.28617433421674,77.225582231538,78.50681655612756,75.67844806295271,72.73575160667473,76.99707740554535,63.16850886775263,54.39609151125764
2026-01-05,66.67423603823482,53.01495750222298,45.57092120540801,35.80140932252883,41.25971996647949,50.40070640276892,66.81857637195523,71.57537993852685,79.86177348878178,79.99873538102972,70.3493241028983,69.65462853009834,56.97380148012936,65.41669410662612,68.16695379088142,71.72575224654346,76.46715746736423,80.61349126613202,80.55130195310566,80.25459525139028,77.52474017384176,79.4203734895154,67.34314516065554,65.41356377878571
2026-01-06,66.46760463915588,58.245458908264034,44.45414964999209,43.376520016199535,46.75639227342413,51.599033574873786,65.3346705817417,72.8160330203385,79.15185225723197,79.54155521265074,76.29760788669562,70.91377464347026,54.588192099559144,59.242513021579626,63.15935513733167,68.70770763130403,77.83010936708284,80.17322192105877,80.08171707755545,78.08763650260934,78.80274417535169,79.72131437192986,68.27760576871545,62.037004405671496
2026-01-07,63.212800145077516,55.921306222606965,45.68253755055913,39.862069735842745,38.45735190719318,40.55921069857673,57.677266151340106,72.04774756530465,78.57892623709617,80.20495390156111,77.35465466698292,68.75818413005294,58.545303879506214,55.0942888560409,66.40303629671735,69.5520136873627,76.19123474797006,79.28306633684107,79.41712810829515,77.6492360350773,75.80384187745642,76.66148508324014,63.80812026457853,54.58559990891442
2026-01-08,54.70383908353312,50.62280662583447,43.03406115724904,39.66538375260808,39.487011550175815,43.33064248479645,51.600406651849305,70.84896357259717,75.4923098189082,71.04578383162908,57.41309329233686,48.36581725364099,33.99067300002117,41.31444716844147,46.951633669005474,59.86613976594748,72.74387172819812,79.39385270248019,79.54924274523367,78.51225512865302,78.70290622509786,78.94200092058756,66.26492661276856,59.43129035455523
2026-01-09,68.16585822582225,61.71330574533601,57.659089372976226,59.041442126287365,59.02834955125951,60.47136370736416,67.69122217774596,76.52965551914319,80.66989852180711,80.00734818728685,78.67195912816409,74.01376398562596,63.43142287007822,66.16411180768846,72.45687507216519,67.52479229033158,77.78011877915309,80.23269159363417,79.18505837070657,78.19123184294186,78.96944158585313,79.03606714183853,70.77489414331436,61.42312700741012
2026-01-10,68.85437335696875,61.76136473719076,52.27456697283119,49.179171863376155,49.758275197596994,55.97005566840338,66.71272409895582,73.65353385649709,76.68116326685703,76.89965925872559,72.64664136591944,71.66341192960633,63.07583404688885,66.14164404856248,65.86141681408745,66.04943562880432,72.03977403147958,78.19140572805907,78.36371748269079,76.54903326370321,76.64300946764487,73.01750876553305,62.80805022344157,54.82151740255375
2026-01-11,53.36439607519345,41.870993338386384,35.603961420511595,38.35869833441327,40.7779308236304,44.33221011621567,48.086984249914764,64.1649545373906,69.2204423847113,65.33154060031583,61.515440316911665,60.05968590737326,53.911644513184726,52.42502226268804,50.70487329144717,53.68807797809467,73.55823856142483,77.70903578753968,77.67897756901469,76.24908632635137,72.68230529387544,76.91263823449404,65.15809538482775,61.125708235596335
2026-01-12,63.94467255041804,57.005627772433876,46.37066620113284,40.71222854101726,35.2744403007877,38.77248411535082,54.18550982092775,71.01772345639952,80.63268275727324,81.68435306312765,81.00492674484519,75.70855321324251,68.89154697153776,70.9524659250598,72.1422293858127,74.9130238906529,77.50532685285239,77.65610570040259,77.9024689933433,77.3545959889368,77.12092842471328,78.89706147969011,69.9648986408317,65.10517565543717
2026-01-13,70.99926537310824,69.49924180153984,59.788590283074456,59.21191271568841,60.9848709325569,62.46492314172292,68.89754437075312,76.0633980422316,77.7886657194468,79.14021557437543,79.34153706091209,78.6388370866913,74.333261393818,77.26142647390981,78.97041293126571,75.788741942483,79.67253461703947,79.52784689633955,80.29077484322471,80.39934135028896,78.73671352690155,78.8438091134227,71.11230548138298,69.27123163173424
2026-01-14,71.0364646383261,72.01513656371138,63.14456013894272,61.907919127163154,61.513674464527455,63.39568622654194,73.96048825440036,79.19115802958947,79.39186956463915,79.82525014680307,79.79729089432708,79.44675924311431,73.70907269322129,76.12831341046471,77.19288946240513,73.17633345356691,79.76579008713271,79.4763127461048,79.4721027293848,79.83874535719929,79.87741965927279,79.3336955901473,78.06598389521533,74.36894625392242
2026-01-15,74.38733277760268,72.54713595630074,62.919220133171095,61.290076349734626,61.04095158685818,64.25859951966054,74.12395119226736,76.98316544929006,79.17613292464546,79.26874399385358,79.20772001379287,78.60116094612978,73.65266486244045,75.85930967694381,77.91509791149015,77.21383486150107,78.60126287910663,78.81532753527607,78.70074690380723,78.45091084421959,78.409823444189,78.3792202249939,77.82484948182845,72.62421611183743
2026-01-16,74.4414713721667,71.95390009137914,63.6510815697952,61.97585158013447,62.79021648423709,63.63540623645991,75.91096715969961,79.01833581576062,78.81311358428556,79.17781997986437,78.65137337374924,78.08659213706761,70.38707604257365,73.52508754753767,75.4629675366518,75.58132686222037,78.84178110084055,78.95335203594436,79.06962795259886,78.78740314043432,78.69695179414217,78.6795382563543,77.55419374373953,74.8841078311984
2026-01-17,71.61685020560324,67.25405697752906,58.875342592642184,56.21292632458732,54.31274538977569,56.48612915749855,66.9025817641872,73.00118608526331,77.1453435697637,76.5219334281082,73.48013582353956,71.9661262870942,59.46025331691786,60.09050350115676,64.15470320144702,62.784998095557164,75.2349561049899,78.1982820479955,78.46209830433841,77.25347618391218,73.49131201372819,76.42798341101054,64.52126323454428,60.08797358173643
2026-01-18,69.60290618394899,65.5089882617631,58.413756865881204,48.38332368480281,46.768551653028425,47.36440728201312,51.04810036532703,47.78267305991481,69.95236628624842,69.73529383746157,66.88491125884728,66.91396511462852,54.85155227074262,55.69292969542006,61.05754007178016,61.92830518682094,65.72432680889564,78.27116136956855,78.03609278069193,77.28320108841062,72.89145490291298,75.28580764951036,65.22840414245704,57.2671522615747
2026-01-19,67.850472395467,64.23790810241425,53.90836077652836,49.920827232919585,48.48322965957416,55.45174364198753,64.95560128896093,70.52952158499573,74.7152357476661,79.67507349360916,78.1126866406271,76.80103399048359,70.61672916153454,74.56246127049381,75.41623938775851,73.61269851109599,77.1540626024906,80.35708902601847,80.35833861048748,78.73764860372977,74.0565307569262,73.51902100813503,68.09406010938828,67.02072121087343
2026-01-20,72.51899099761768,67.42658056350022,61.637215849502276,58.35966971690316,58.72167249869999,59.16563207844604,70.15919121454772,76.3235890093113,79.22138897739441,76.4723786897086,75.44507708217417,72.57853065596484,62.897426381307724,67.47820322878943,69.31948378433145,71.0484534186072,76.0191809433078,78.16834783459889,78.51056196842654,78.57640185873058,77.74481057211811,76.69240331901673,72.36073973779506,66.77910747264733
2026-01-21,73.31349650366265,68.13285234876,63.552427366251045,60.988469296476104,60.66639644325985,63.13183457554868,73.32707196031456,78.4039572285953,79.41284442470516,79.56578109859252,78.86070844627865,73.97428439625172,67.9034168379871,70.98661404816718,72.39390380765272,73.69862127958964,77.98527560738678,78.81808362919881,78.78444482783651,78.60683226409829,78.38732654330136,78.14848529940143,75.21721302499716,71.07389184022882
2026-01-22,72.82038961829144,68.08224625475884,62.44510632076319,59.87964113688996,59.257012814208714,59.96337673739801,71.18409728640759,77.98613339685724,78.91773253568037,79.37878892429671,79.30636430484199,77.52411973392172,74.24754046858611,76.36820700881026,75.44551673159023,77.00300749266879,79.39446831445342,79.25329461038781,79.08831924923099,79.08565123368471,79.19936380370565,78.58125339051448,75.87576912818854,74.70681458115077
2026-01-23,74.9744397476914,68.53132031353672,62.071588731699826,59.16150422703958,56.78046873374849,60.100930027793474,73.05911666598682,77.07881806330688,78.9531033387442,78.85105173964598,78.48551934800645,78.51856192391415,76.33173968573065,77.8524946346341,78.46292380732973,78.85612207628452,79.47120804926459,79.37154168126425,79.25117287601184,79.14792394569413,78.08936265775218,74.44732646614911,68.08033439505353,70.06137598750027
2026-01-24,75.85753321568814,73.4380455884987,66.11771874422766,63.646511886849126,64.75682618981713,65.39690826375868,72.89606003712011,72.1563679903463,79.61714273486884,79.77197360173592,79.00855270148621,78.13618532053641,75.4722568765156,75.57515951896063,75.50009078347028,75.29259644796502,77.60239507244196,79.11778108402811,79.24084119274863,78.9248456985469,76.35549571504143,77.37316848672559,71.6094337530541,71.23759461925165
2026-01-25,73.78356289242211,68.98042468564633,63.94871335651806,63.265888976246394,61.35042170112895,64.82752829393691,72.48677680667414,72.59496516443586,72.5888654117415,67.91784217480186,67.38676210111359,64.87307846936896,64.93220052466319,63.60237380955676,61.84097490606159,64.0789965979085,71.57586614163714,77.70310001485517,78.48564037118382,78.49388295077254,76.99604851295393,75.32791763962281,65.93743903546824,61.68650402861486
2026-01-26,70.6051247472581,65.75472644232701,56.81376880824122,54.10965037325221,54.24447215920467,57.50775804006112,67.89106832628553,73.6477560977455,77.63878585817267,79.83042796634498,78.03422950122987,69.29861075640312,59.28116247956938,67.5633386017516,65.37232424536079,67.26689746958532,79.32143547895326,80.12385260734204,80.00834713339582,79.67032842005527,78.86708359529335,78.17144706499302,65.98169311248415,60.80682312206522
2026-01-27,66.8468482442565,61.53763508008206,58.34615134773104,57.09387830245169,57.084186198061175,57.447133883459685,66.62010108629471,73.03379756892556,79.3875977385477,78.89211805497003,75.30189368728526,66.88433440807431,54.080582841548576,60.97270734811171,64.77148453027155,66.88337008924645,79.19984627424071,79.79673984137376,79.88452583427338,79.52211180028074,78.51557868359002,77.29557301900746,73.9635375846334,68.91148530978168
2026-01-28,71.651147002327,66.81308189219358,59.77662001736868,59.78877685191701,58.876415076394075,61.14898059426908,70.35868421783255,75.84348048790292,77.33856816996231,78.30241879076732,76.00727058816183,77.30428136532008,69.37864760014803,73.9212030555076,76.31770615028124,76.15798035029401,79.2070506757892,79.09483621095897,79.11752612856162,79.05723531418668,78.19059725975329,77.76522285330482,67.84984638172294,63.60906279692426
2026-01-29,69.79013630144307,63.214445598462085,58.6089562459802,56.235629022180206,55.84811226974636,57.189340681644154,67.88431943307086,74.99939219684445,78.3917162152391,77.83291675371547,75.78905799384307,75.71683090691147,66.95960753057643,73.39470855431355,72.76933751907619,73.67993467394962,75.90737399471438,77.83713364426933,78.03306281888457,76.77178186847375,71.06928864028984,68.30388557213978,61.77438454041123,54.29872669585764
2026-01-30,67.3746890676808,61.10365053594876,55.660556659702436,54.353758606265195,54.26657858606663,57.730003606369415,66.17353101533915,72.87270381263346,78.01123282935627,77.06820537001715,74.24536721454263,70.47739584898257,60.91680729429158,69.72847767413477,71.18381951087508,71.01758466986252,75.68446736037953,78.32823760720528,78.74047255062081,78.28026150293323,75.60998028238355,73.7253287273876,69.30282988117185,66.9719642989705
2026-01-31,69.64220780648469,67.00262447527308,61.625547059688685,60.5291580672229,59.71890539451021,60.34247696484594,70.52813409494885,70.0356800899033,72.53530957610784,78.72844638868825,76.76094364197867,75.71332604350839,67.62507034638425,69.14222758378041,70.98926525995826,68.63535265742779,76.83254122669435,79.07908910494237,78.78330827395281,78.40909534949799,76.77132253160549,76.45121562128043,68.16474791737876,63.51151322527625
2026-02-01,70.65638304824641,66.2332093336549,62.889857510864,61.56233477022815,62.165908963690626,59.87052388307876,69.23561783699542,58.516426694216555,56.56356910626311,63.427411061612894,57.99909685220854,57.57031602727026,51.24960237059798,52.15083146864582,52.03012843767566,56.06943657247857,65.66313735217648,73.50561437426018,77.20532690662682,76.01094538314014,74.44435323470027,74.9036621433408,65.83943873361238,58.13192190287089
2026-02-02,68.48423022299932,66.92322418108029,58.00488262996635,48.678618646226916,43.34191725265763,50.69226882226289,62.15564433727458,70.36162482177885,76.16238740136886,75.66107343087116,69.5719076047932,69.316948179953,62.912507249431656,68.07853803842582,70.28605423131958,69.92510560559458,75.58156957381034,76.32584882813333,78.82185293294704,77.29950636364602,75.61772266752072,72.38421924420798,67.17847728629974,65.30068069746262
2026-02-03,68.4410978822505,66.70638816726432,62.04146309072953,62.10907767916264,60.775988047140565,61.826575374769384,64.98327657079146,66.83630425493578,75.15953107064827,78.66413201689888,73.50567378484936,76.51586023399081,67.1490274836357,72.40602581345678,76.5093071640972,71.91002078010656,77.91154386748754,78.26384550456642,78.6617693626801,77.6168900856083,76.56044711661798,77.22153948284017,71.9765088144404,70.07460037382536
2026-02-04,73.38169284716719,68.9490001807009,66.19053030476533,64.71032318844823,65.87514697573883,67.0991068296156,74.6897520879317,79.68807106097829,79.86494053427762,78.62221080022309,78.42838974905844,78.33871447829641,73.88234887768736,75.44687894866166,75.12026088098196,69.42644046133572,77.12186061651191,78.36172628864719,78.00893071988902,77.11591488819117,74.23523193395502,75.17686140478618,69.13663472568697,66.75512343875704
2026-02-05,68.57376521122794,65.9211926679953,57.94110402417335,57.46188042276772,57.43607348924152,55.63317579867274,60.742793190816506,70.87811662725161,75.6342069372205,73.60663793412031,63.55047500946432,59.38216189589468,45.217897408367456,45.990034151859675,52.90132667820311,53.45848773999163,68.90334464643344,77.6256089303544,76.96070312669195,76.38111911074355,71.90038670431176,68.53577000118234,61.555504293756194,55.41897033800374
2026-02-06,59.939449134481535,59.260324147630286,53.84644743806817,54.409533892658274,55.770493389479924,56.21866468629381,62.09244820175223,65.99136931351251,73.25024650235584,76.07108964847986,70.87290141009214,71.34304788576284,44.66917220208032,48.54775845106489,58.48880918645551,58.80537490223664,66.88544120142902,77.07303683810898,77.13345623343366,75.37259112949178,68.32181203161929,67.29628279564442,55.27610672500432,57.794192435088426
2026-02-07,67.26920796865645,58.512455362732645,47.64659058280559,55.985611450805585,53.648605747418365,54.46032975092112,63.221124447766755,65.29830222099642,75.70504707198435,75.9820693989011,75.48595638178033,75.6106106023257,63.79806503327306,63.87087475887382,66.04269822540061,64.57267913312936,68.60328670442946,75.03073109304253,77.32391704898266,67.5438203517251,64.06602587626597,69.6566930201139,60.68694410626118,53.33078291674574
2026-02-08,64.3915193303703,62.03199860542017,56.983089360292986,53.802236192717785,56.30727261057417,58.25708245439511,64.73258497184993,59.879138366592855,62.252931750650646,62.327738661184725,53.97464757521293,53.614955779798265,44.75390125817914,52.37268839226255,52.9994964009901,56.96585670731074,68.93356150628256,75.1796577562067,78.95165881678554,77.55338983458596,74.7257736903469,71.03579710080615,66.02577100493528,65.0575119675853
2026-02-09,74.48726544179223,67.19301288608828,61.906429851490635,61.596078856454234,60.76201653687445,62.57606247445605,67.89617238273186,69.58680265427026,79.12574396827752,81.11416827344136,75.13930779610699,73.87225348594083,65.00357784477411,71.21072227844529,71.97456516578747,72.05910083859443,74.11693996539867,78.80702005934394,80.10746235454943,77.75443896080294,73.0346335315513,70.15854608896123,67.14078923323689,66.98945225128637
2026-02-10,67.89304861015052,64.18685839036613,58.90299570118391,56.130190636361625,56.40260962182808,59.369812036784396,67.31912547620607,72.86206655517998,77.80096539597085,76.07943334599139,74.31785251971218,72.03518562856843,60.29687770749452,63.51590924873743,65.22506679276978,67.16889463510607,76.03916855383626,76.95486412136648,77.49201209401991,77.2947682567158,75.0195617932416,74.31063658606104,67.14674722534781,65.87218356534537
2026-02-11,68.2638816040013,66.75614212979882,61.12358357795044,57.81129549850024,57.4986699858412,59.42922470886669,67.96696711355025,73.4626065642774,77.89575556805998,78.28205779603203,74.74667688023146,71.79878489343568,61.92483290038704,65.40236761553761,68.46732488087216,65.74582720032537,72.41052143173891,77.60249680545338,77.90202916300817,76.009797679153,70.39023597686607,67.50446409079031,63.93887101160581,61.899264646999136
2026-02-12,64.92505194855289,64.16890445142069,56.061962910353394,54.28103046864783,54.349314314078384,53.60427239106867,61.672086329193135,67.53277629933373,74.77558442975736,75.37673714662581,65.24018467080532,65.23948857960681,46.658288685104324,49.389850712525494,55.40874795242288,53.135793941871455,59.16867650920211,76.33714216791712,75.31213921002299,69.15413351586885,59.84038223930823,67.45443387543834,59.61505420553041,51.92047151345372
2026-02-13,50.88515182258113,45.03883218255204,35.837464369400166,46.34103425094925,42.19943502843486,40.10497802791048,50.334000558095866,57.24049216584659,72.20912916899756,73.29139895653212,69.32687168925844,70.46021538707342,55.339779510322145,56.83237291930928,64.00912332576397,64.46713593573472,69.12985905347367,74.48194652129254,73.79281540101574,64.3765195183461,56.136097602666005,60.308587430369094,55.10019785763986,50.09744324335144
2026-02-14,55.71545050800455,54.42365449258028,52.94460821689348,55.12516274607515,54.334482529203655,56.91236715678354,62.104730286091375,63.250021525513894,68.34084777458524,76.38989044549344,72.98506417250263,69.26326829639989,58.72163646973724,57.463096431732005,60.035119639260174,64.04375861339835,66.28030431482564,70.90056149514713,75.37588780615796,74.99947259304862,70.73094637748943,72.45276629865054,60.19386757626941,57.11503358336895
2026-02-15,64.272067369527,56.69429927611929,46.0278955173467,42.68869740244192,42.15015088417269,39.940083193880504,46.229755016950826,46.811260545647485,46.32329895469206,30.93081588858321,11.151624877992429,11.16546841647275,1.7855572855318955,4.733737248906196,5.9483717458886645,6.087422363707355,32.50975116305271,57.89496286455447,67.10855758569814,69.2082572488328,64.53479005443076,62.42873835276945,50.003174572046994,36.24759942938473
2026-02-16,43.96451929749156,30.074565374867507,27.68144929095273,30.27132900107146,33.32447517346655,40.99223524995426,56.089403645050595,64.92897010325164,76.31855723967111,76.63961659170987,67.86764314218826,60.87584657721581,40.048551316942245,51.06431922419223,53.67891914562886,65.70035890465988,67.46288929556466,73.14382751526355,74.83349280214955,73.9711980908144,64.32215228677052,68.58342026797159,61.49915285763543,52.49066886813255
2026-02-17,43.350149394013165,36.064989984208346,25.96244230364539,24.72083055531973,26.552893834478162,36.89770240371207,53.464289917807974,50.299303205563625,64.14236098056233,68.16156668103262,58.19042251893416,53.57767047267296,38.329229976091355,36.49318675072455,45.80666155674653,53.10773601862229,55.9104716489655,73.87943438263468,72.08216271590717,71.58585005128428,64.83769673968493,64.99131678245305,58.03516878120957,54.23216616063128
2026-02-18,56.44922118784475,45.82870159229402,31.125737277086046,48.42504988804439,44.06423504673029,44.42486998179364,50.70713604484839,70.532937554135,74.66972730915492,72.28673663623596,67.30150421973032,70.37924366738058,51.62433761485362,53.54277807971546,56.88625631103755,56.53559010155369,59.640161946004085,75.50125198573258,74.95707999224472,71.9754439436937,62.90090996001252,65.44097162973897,59.835526864549145,57.217486723424635
2026-02-19,54.73856757784775,53.102490284061545,45.22939275486096,44.468620063280305,44.363461964666165,45.718083123166245,51.84543083582551,58.4562394856573,66.59379479526628,65.21823540186955,61.43967867604857,64.19612275708599,53.48386643808347,57.68378999967666,65.16318986315102,72.20111865103472,72.00511966234774,70.86959865462009,73.0049959835752,72.59246957962884,67.32924560114267,66.7981352801357,62.47928532361636,55.303854524838485
2026-02-20,61.31327073764773,53.66533164154523,39.394313914596715,40.38589740042268,43.1437358030393,53.08209758162001,53.99083350297952,59.270151524562905,69.59304067745731,68.22816373936742,54.53402245644615,38.11479302713206,19.913232599536297,19.153496983024908,22.557361435272878,28.136541105669437,46.27949686109197,68.41017668785489,71.24325309145166,70.32166982881641,66.62885849618796,66.14005722439963,50.12321414399904,46.3060079378069
2026-02-21,49.62797341101857,44.957103792530376,29.00891048474459,21.23448423520627,37.83229685381547,48.70187589693825,52.72421301453671,53.72340953997606,63.85316172121317,53.35394435875498,31.125123508772866,28.874110972813032,12.648049963058686,19.902135401879033,25.73872950366413,38.170360683925,47.92606045503842,67.11955731651253,75.66983333648326,74.85752573577828,68.33571706579524,68.5047192247346,54.54453301090854,43.17926399440841
2026-02-22,42.6899795963338,34.01372192871371,34.95233131442917,31.139468910123764,35.63177948990042,30.086530037023596,32.69801202138121,28.045942774270678,23.490773848417142,5.777171616316116,-1.1666015128890264,-0.029964333008337413,-1.2917324455792127,-5.028790740359738,-0.24648013984461867,0.3246499226322765,19.835326314056054,40.41619218937137,59.90244122146034,55.023996641801155,56.16186705247788,54.90303135596511,41.54937599052611,36.743785560393576
2026-02-23,48.34013624147409,41.027546589183004,39.76574312844633,39.19979977148727,32.4084759817316,40.30212846261068,48.23591388605989,55.58945969697956,65.741882843308,65.81481654352213,56.18427574926183,50.085656060752434,49.284664587893246,52.52188766703528,59.24515735382924,63.00065375977149,64.11064567369483,75.56802979308702,78.05017619363257,72.85757746783165,70.09050544576007,70.40359600371694,63.098679283804486,63.400655029017805
2026-02-24,57.338043398694076,55.187157531812936,52.88850883507771,49.71840458099256,54.86022071578682,56.690181569317495,60.56879355707617,58.367091142902886,72.87340342107109,58.91856019368744,50.27523983937012,48.019392130748436,37.28225699087475,38.16764315006625,40.09385961756606,39.16011580905999,47.21561766280532,67.73628384494012,71.30499388611312,68.09517777666551,68.93048330694548,67.88184771837089,58.75301386051279,55.51333994191685
2026-02-25,58.98535854430382,55.12576944373937,43.55756743764848,54.20925636084972,61.95827670206883,65.88120539399905,70.20939843177469,57.06192227389718,65.64344891592815,51.91101287783414,41.23790264018022,36.44184235856753,28.700788045827846,32.317376794002854,41.78257607152654,51.407050956231934,65.58707163403786,71.77708947601579,77.94710100964987,78.20412171041256,76.40990713245088,67.98571250743744,65.64456591272778,63.71260886948425
2026-02-26,66.29090008604172,65.50408434065162,60.90459346036088,59.457633729828984,65.354851604873,74.6833045679787,74.70158773393355,74.22206036809789,75.99407522863362,73.45517147465576,55.56505223715347,48.74425809834811,43.377627720156774,45.08616486357231,47.44996628128693,46.681307148567555,61.130655265561046,70.11803406807114,74.8881644230684,74.9998048305097,72.55853851959267,63.63007822039157,56.57865914306901,48.94635521860105
2026-02-27,51.605943359708725,48.46367274715566,44.8487192527046,48.83403740888455,52.41827219919844,55.07647747440975,56.75918481686716,52.633403685288535,69.66612366433829,49.30419592881468,40.11296571868962,35.11788402543703,30.798644499278062,32.92713126307111,35.9549878896808,32.35450010497111,40.77355446505897,51.790370783393804,67.26798697749363,55.01779190197207,59.312336297239334,59.73582608668216,42.759633981561734,40.772821902144024
2026-02-28,41.04754990231632,44.07550698534351,42.61899594284975,37.75655540549454,44.93987762105765,46.85355764716311,47.40627258267235,36.20545075657284,52.28346992153597,34.037297628910586,28.71619993063866,26.357163881530226,19.37006795646222,13.157065223000947,22.022776823080406,18.559836637893916,25.197113761829634,44.42789278233814,55.31752625549149,51.90611163270723,53.32907984684981,52.09214924603359,38.67015894072579,30.995725970346747
2026-03-01,37.21960976660763,34.53197335147956,32.68653405709841,31.38969371826757,32.91408886906718,40.085814950894246,37.17358767656288,30.944243534356307,24.59483731141437,7.209844775315839,1.0262486529820485,-0.5965102706330946,-2.0627133253654146,1.2833327096179648,2.856930160597473,6.470039286806761,19.32031284482458,33.425677769384365,48.749815512339964,51.50479917169749,52.24006109907374,50.67240214306141,33.14659469399386,33.10201201153494
2026-03-02,49.49492776589706,50.67461169606986,46.90777200928943,44.37520195727722,50.14222794991047,51.292863383009475,55.09065145705184,53.30482818542735,70.41962966603694,54.69489539350975,45.58746928654835,38.12733431434624,33.281379278011975,37.418901241760956,42.139638801440306,47.21431630146726,51.87536502278325,74.11870226749983,74.05088147592218,76.1050959661653,76.84695505912549,71.16355314340514,68.7733277047298,67.54826251578415
2026-03-03,66.8497331568099,63.95790573377721,58.75007779948457,52.01296074002448,70.1526597239846,73.89772739698505,74.59615899155438,54.93765616564935,67.4801169276577,47.959375112676014,42.66083102331517,39.86500558813924,33.246503965363544,37.403575280100505,42.46538123831687,40.63437048364411,48.5759068105178,65.23051577149279,75.84225485464678,76.46144686360236,76.54470265621505,73.7521647766326,66.15953189420574,65.38674414982768
2026-03-04,55.022431911359234,55.72083398761263,53.88615416645049,52.26207827239363,60.3121132077436,65.70757924696191,62.285204710776846,51.46009865554402,62.911782017471985,53.46191244572405,48.587726713442926,49.37150008089529,45.17960441013617,59.76110648201075,60.68752055480465,53.56183309384641,64.5026329787422,67.16936933190028,76.30700403540651,77.41467709117931,74.5597337928426,70.82085834121948,62.66883313057727,61.09932490026224
2026-03-05,56.019603306489266,53.892962456017955,52.01297581511972,50.93155415030866,57.49724470339676,60.00473244871556,58.88572661362835,53.145181499062026,68.1311073585908,48.9018288655674,40.50164431897599,41.16632687583687,34.78975899909837,40.10601613762786,40.346424743799574,37.179017688386146,45.013103919084344,56.43364067245373,62.94424368842012,66.51870759108046,71.49762254875252,65.968250145465,61.608097442669695,57.8398638343971
2026-03-06,49.16603045808094,46.55119792625192,44.067632678258065,44.01362170802202,53.569097175235484,64.34566639613256,60.4026545144873,53.3940663220794,56.81847815118007,40.15260412246985,32.69377506888336,37.855067853991244,24.930018402784924,33.10414843234298,41.173287403286736,33.2859014947767,37.85605084866291,58.419994962531675,72.4498189360811,72.2444651751527,73.95719437854287,69.23873265275982,59.28239612088971,55.92632316792638
2026-03-07,54.79482727371942,50.41942252811724,46.733628657395435,45.639165971645824,58.34528615498478,61.23792188100008,62.247910364063536,41.312433478859674,58.8684398256645,52.76101262352068,51.62430080724338,47.92239088255971,30.933360176100187,32.5865535630322,38.518834817004,33.044303639141205,34.40569517692198,46.849910493769485,70.45210405542397,67.73425301422232,67.34777944196563,60.93598560377971,47.77012071878599,40.965047987441466
2026-03-08,40.05946130997366,37.68485029882489,38.40976887623188,38.932012378813766,47.810069478794105,56.49725611417809,60.54751197902492,41.99865464368857,31.816538235003232,14.632361980738692,7.2664540505507285,1.3488309987117844,1.9329399164018974,0.0006617598790157511,-0.9610720095766843,2.742352991430865,11.17672421951422,31.028990784790388,50.56428651076359,51.93593421324396,54.812406724815276,48.69040602426405,34.938559804486154,32.38710845276544
2026-03-09,47.709428835409675,42.58076809355575,36.833674196843546,37.866160903837425,40.00257432350228,47.995485201324975,46.19403260567279,41.3160049503487,51.864955244550615,35.178433430584285,33.69549144962088,36.057216743448535,20.921835331304635,21.830761801103428,26.033291979440722,23.11104426186488,33.69534143792802,50.55524248555073,67.91902642940212,70.41635627328903,69.62392136091944,67.52873567545409,49.352622419221014,43.766381872883954
2026-03-10,50.472964957885004,45.54949019923569,44.546759780346015,46.67147146401261,60.419721541456965,64.03344506400424,59.947589203329485,47.19454559766944,47.55295043692399,37.23988768017728,31.90842918643066,32.74308395503201,21.186080222558214,26.541759258094512,31.107314750033424,30.35336742416386,34.46770761541099,53.322287808480596,74.26118845319928,73.19621346648661,76.61134841290757,72.45473473673788,63.47436271721711,57.38282545825469
2026-03-11,53.544164724478755,51.2180505595307,49.754974387429336,51.10357892030737,58.04634698536791,65.20465057074401,59.01178898174469,54.86213820203306,61.07682781000474,46.31223712682996,39.26149070610875,40.32724336193179,29.568816608731783,34.593019761922676,34.714012923246905,33.47165138269953,41.103231907103456,60.93922623864992,75.12665608842681,73.45425123917333,77.64390863924585,75.36124665662201,70.534345803029,67.29771458739582
2026-03-12,71.22303845009539,67.44937188021937,64.93824367907742,61.86463758184798,71.85779712929099,75.45169978335967,72.83271520082259,73.17245897190327,72.6958237802391,57.76645526293474,41.713459352186234,37.29533225167769,21.209598413515785,28.234838560438618,31.74696074317871,31.446698687928343,47.5508030506983,64.94445133047897,77.50802620942966,78.1478196859269,77.78833418816053,76.17492637462273,73.14889551029236,68.7615959740686
2026-03-13,66.78610739863471,60.27324624313353,57.20798284155024,57.93938794186697,69.44065076634963,72.64858280962373,70.68264787270464,62.23514782660442,71.06399424443443,64.22123402471003,56.762769040295304,52.582025472865546,23.790370084399466,25.30969785441118,36.02233230804155,33.54026700504922,40.765063824615694,54.440379339706894,76.41767697450871,76.33631018843776,77.42882947957118,73.54908217354492,66.47918099342851,55.339527056588594
2026-03-14,67.67861076558422,62.6112142920949,56.62444254571487,57.91680121321405,63.82862874898963,69.99157085787886,62.75803074032445,54.87883563147932,54.59585010370764,33.21084599101276,16.459204325684397,16.198516331368673,7.1551820721546715,9.916853325370413,13.249177974417572,14.442465536481778,21.0830935587176,44.82086782406831,68.28228466306716,64.54520970012275,72.88869064287813,65.52309210122813,60.70399197294323,60.11257000242236
2026-03-15,68.26455413149839,64.24314227160573,60.859256069821015,55.19146673005754,68.12004178596182,71.61433369616985,68.24876608302469,57.97070822501307,34.07321905177952,18.61859869352213,6.18313585832353,5.612205918510181,4.047688519680377,4.49438227835208,13.897441042021637,19.033844299361046,36.66333328887407,51.011399111991174,58.29115927145246,70.38353898258174,70.07022483986536,63.73021946350537,61.1920564483923,59.69988918122956
2026-03-16,60.16837844614169,51.824050764861504,47.0408827459079,45.45992341595733,52.881744797611624,58.55427823776338,58.574166577278284,56.243167058863754,59.701860830790494,56.10378655981979,51.418794713920704,45.65285872721895,39.36698218399659,46.251205340597856,53.99800778773485,54.09637822147519,49.87151904463272,62.794864937753516,74.2012127336738,76.50403708824378,79.82185606292893,74.90482401244093,71.16258611775284,64.38742839645958
2026-03-17,56.47099878986665,53.39898292233396,48.82505194784241,45.864094408903895,61.063175235377976,70.5265663107703,61.47237369650153,58.91990532634948,70.5325671620722,70.17886381578823,62.913303432019944,63.26934722114563,52.55719733451066,50.51149699207935,61.05913088668567,55.20781072840968,50.39403946981415,68.10198874324222,76.70099898611424,77.02857881609755,78.5062035568164,71.14129654905338,66.26442766486599,60.446007059200866
2026-03-18,66.01237201267146,63.36358562561431,56.936780319558196,52.65854522432108,61.88220427985171,62.937826298015885,62.84300311140266,65.65395763768062,67.76776889640554,57.900420040442086,51.10285045215057,39.39237982938809,27.13739091134178,30.59450628651598,36.57445401010812,38.829878098580394,50.9670223405319,60.925803405273186,71.40779978203012,71.56880680058335,73.05020612499793,66.93602547530504,59.5829412922052,52.66014243865748
2026-03-19,51.45478598832069,44.3127136524941,37.96436926694536,37.66303090656983,38.90798912192506,45.22655141756917,36.41765210934832,30.639143849383803,37.854404652226165,31.409234793026247,21.95815965707614,17.520848142936295,13.365921321736371,13.837524451678798,17.96298540235231,16.890679337452806,28.112849134004655,42.52746095706241,55.80809035169363,58.291583193319106,65.11708568241883,57.2035618492966,43.95896744243707,31.855465283073404
2026-03-20,27.774811807493773,16.181742233811832,15.701097199739111,15.802025594252123,13.623464646471811,17.677970434952105,6.22487504868608,-0.5971959073014467,9.029458307487213,3.743475870567914,1.9914516735701768,0.5164041143751583,-3.261856605755702,-6.145287545307629,-4.6391379586456445,-9.349346997332852,-6.492610421062807,10.603414477764446,26.461993469633857,26.15336861099124,34.9241970849694,25.29651556364325,21.311420759375498,17.051190095540107
2026-03-21,13.489612508965406,11.295502796817653,4.7438998417065665,6.574930113562715,9.3106254073583,16.392766916268936,6.585792228068356,4.855616227667318,-4.513823205670004,-0.02572131201544307,-3.0162529207001856,-4.178208823671037,-3.5517600277761856,-5.301551792712648,-4.42327658368202,-3.8373585812374307,-1.0759126135536505,6.365625167382417,2.700614493055598,15.913316776225788,21.467302477556874,18.7325550625805,15.019529929166229,11.542693561762187
2026-03-22,13.391380458317816,9.29277111421411,12.128114965134056,6.577329641050311,8.828240257736036,6.898755903038829,10.247793516399353,5.632186854919036,1.0269477353852483,2.3771394906951087,2.335033345173043,1.318116662897553,-0.3723211736509737,1.390904903671673,5.067232215413037,2.6359279743914783,2.533033111164961,5.568775402496676,10.570633063530293,22.350741619581395,37.08562144469914,26.407419105920834,6.457579941331699,9.711631530472514
2026-03-23,30.776470961922406,31.640661044198897,30.419386042985764,20.950442850598556,26.922589130696085,29.987712421676985,35.094201471500725,40.60338807495101,48.337983603717426,37.75808263899768,39.63041719570916,39.628763425242994,30.11486441548215,43.86897893570203,49.23300131081948,45.027744220373215,45.83049390182935,58.20009806335908,66.27590720293544,67.13728208561488,69.01394933618667,61.27721610113196,57.47989963984519,55.2707861087678
2026-03-24,51.6549252154764,46.78140051924256,35.648781988395676,33.59802258320533,40.723624227772866,44.070571486438816,41.77478637626603,41.2695385289547,47.32428637642315,35.05242304104964,37.0210315337214,42.03173018276044,37.284078612100984,42.75782470967512,41.33706946668022,34.37241844476986,41.42565002596193,60.00160251673297,66.05068510694274,70.4483489371304,67.22367644574999,54.86617486005874,47.21377284054014,38.755616367190036
2026-03-25,37.713869616429925,30.26044721681835,28.458016776621747,28.295363029650133,27.489828048038863,34.010560583018645,28.666098405782044,27.70859684218487,38.360256585836446,35.029374596849486,31.705935983149153,30.44336277012052,18.54921443875229,19.602045131573924,25.28961201727692,24.097758017866433,30.014339273306977,41.16682819600283,43.35961426062823,46.71718815260752,43.07029514479195,45.12822490785523,30.357221475915644,32.707813639735285
2026-03-26,27.978364910669484,29.498951890572357,37.58066075285252,36.87913273022696,33.52870569590318,39.69638388284087,43.614451971793486,37.438766480167104,48.74785893993835,45.39078382640568,39.58444283061372,36.796836097722256,30.877235868488047,33.29627303043551,34.298854608271434,35.73244421698154,41.43075382784793,50.836335295949375,52.65428692982505,67.07887644382285,64.9468401753428,59.482038235759255,52.95248821618385,47.945364645629404
2026-03-27,42.819656451929575,38.78399296298691,36.24775686411183,38.51258544575257,34.6980854509821,32.56702297948509,32.89332460772833,29.728259733503116,33.71192016361557,30.885626516223017,21.802735087958638,19.717680207706422,11.297519443351314,8.404453744728777,10.911546534086595,12.754233286818236,20.944777764074985,39.8789281300039,51.621026086220034,55.711617922190996,48.93294991269045,47.700243301209326,42.24336294995373,23.48700064873813
2026-03-28,23.94426572938603,12.70810173652447,9.519583595394446,11.75031700679212,16.01225051840541,20.23355917633512,24.774354300112368,17.73622704473515,25.56317078841288,21.376165359378387,21.473505239450645,20.95244297152155,17.690842116884337,19.68489442947867,17.479009924192358,23.108936903996455,19.63575756465519,40.94010223202717,50.57156722147831,72.55468921065156,68.09339801164276,65.19826832175818,39.112691679636164,31.817134857005698
2026-03-29,38.49447266303996,22.59570419064316,22.671691529055533,27.744412839229337,28.33052867776471,29.438822473021194,34.40469968929018,26.9069793398541,20.675663080326935,12.644034555748684,6.498453619095164,3.9789698574575976,4.237587006907784,3.7559523154550245,8.55101368788154,10.213327987749494,10.09379705953316,38.68093071421605,59.761337677442704,74.23100228883229,73.73407336845646,61.47908141688588,42.112896216134736,35.51983072742727
2026-03-30,53.60279813318785,40.46659290846374,31.581107783999162,32.08974923111137,30.82348187408704,33.55388911329435,35.64017916247242,33.16968447778951,48.154743835052145,38.43427580964649,48.36055870352385,55.240911047517166,45.93003278183539,52.3735997322617,52.06217243324617,44.58218495863189,50.47265492230641,66.81690605263721,75.2270779859389,79.46744427080422,78.84125565575636,72.31661459708846,58.37434657884175,45.392428461045924
2026-03-31,43.14638323057471,32.96952460838102,22.80384332467117,20.944199303307343,22.003942562246582,24.913549423358923,26.04656983493241,28.696746915916147,39.68551420784806,38.65963383948901,26.977907605957103,26.638740350158212,18.302968285068154,21.175352144448315,23.08852871842925,21.179510390093004,33.467282466702585,61.95063884677137,67.94751900296379,76.46987898088278,75.71420215195923,74.09523001091914,65.04574970567135,47.06388848647433
2026-04-01,46.085387064009005,28.440604847460165,21.289668766612756,20.060032073751028,19.265896975208406,23.871400761173604,30.81053453276467,29.560867101029135,40.37186838729214,28.439143591988426,15.938047269221167,14.050615860126596,9.291650036744684,11.263751378053469,16.610328407117002,13.910183521798041,23.76392489324808,44.29260938597082,49.56658535004241,60.5146439389538,60.22818233074413,53.355653244136015,32.57230005218906,14.950229693361415
2026-04-02,20.185215417954463,12.169188460180708,9.548673930677834,9.07319317534044,8.476054788612714,12.71785023629718,15.344195716819442,13.366600991131042,13.88308369244776,23.64020976999879,12.677483201542366,8.642180189981797,1.028130650116316,3.142779479874851,8.222485725822313,8.625557585503,10.48529926356914,36.68348710837364,60.031938227288336,65.28169418379306,65.01045291819219,58.86634366574208,33.18362962202572,11.2345338872963
2026-04-03,23.693388458873674,12.908822013989136,12.585484113434525,11.693277593429887,12.59761894572495,13.410197328994531,16.297594077277445,19.068401173358897,23.100963695113467,25.582364256815165,22.874608830378342,21.374586028520124,15.102110161944724,14.769043573720774,19.711723307845237,19.43800539356347,18.314211726260716,23.421028187307282,30.328295585434596,65.76563245808565,56.47784754894316,48.371972568224336,32.08742734280379,28.323852881938038
2026-04-04,13.98245684151277,7.399611425716956,11.20363914360159,10.615269573775949,10.295920747981418,10.001106471543073,11.662293795440467,10.695604871172085,10.028112832760806,7.859881018370729,9.963670159818344,10.535452503768191,9.169252406020322,8.59460603144965,10.48593434057251,8.204352740779587,14.390990700291212,22.43576092970142,46.986243557634545,72.12630794270315,72.05125365395506,55.036270441384204,31.991141610410054,23.89644237821743
2026-04-05,40.16090504953991,22.787747273157102,13.986521843635712,13.679861401653719,13.745355694438219,15.742554214122354,17.99547770844806,10.197947948040047,-1.0645318018358707,0.956025278543675,1.1776061496946546,0.9709048847752857,0.057819225197453264,1.084643489487046,1.7924573193857802,0.6542473537953265,1.3494332981365427,16.760946339298673,78.84980537231903,87.0423962725417,87.32268636397538,72.55064106650798,34.898376595301784,23.43216644104956
2026-04-06,31.842876313324254,29.8937043675277,19.67489114548985,19.92199578444736,20.784504343324684,22.688781073285657,28.76433903137778,28.183306720384707,35.93628034383256,34.784236815018986,27.955268303473083,26.01543282489615,21.20378413442963,22.108944434871447,24.91962224516331,23.531161935835303,32.72252558651363,61.15838018876059,79.70208373122544,83.50792318394541,84.88013527643676,81.80231632584187,70.0470118365132,52.46615168930262
2026-04-07,42.78061391911337,24.439190048234313,21.186884360500297,21.17921595643039,21.247408215853653,21.47457645831749,21.78285751028322,19.937636462152796,25.36598715478635,18.02466392526719,16.431239672914813,12.095754876487478,8.5367452631181,11.37159052912967,15.144589741967692,14.785716911997314,21.617279183631826,57.01690528966803,74.28058339742635,89.03713845735285,86.55010556998222,82.87713628804566,66.54504287263629,43.0051307555559
2026-04-08,34.82055728323431,23.836132111253235,21.668643207541926,17.586520543335887,17.236537905858352,20.53802884760001,21.191487328741793,19.95796358406561,18.91479332727487,19.757880657242165,16.17930055947555,17.83824301037283,2.09874247312535,4.442084663624177,7.976562465859047,8.267926519010881,20.785814499480292,32.99041603346221,48.31342678930186,84.43419920472685,83.69934724027787,77.48768190194892,32.57653051097891,28.22458524244262
2026-04-09,25.191851860532065,14.768459421919388,14.402879000835103,14.938711987941566,16.968117539339488,20.216857925100733,22.816242761404254,15.60515196454933,16.03776882023287,10.515364361823218,6.142068498485956,8.795900621248496,3.5212074420344286,4.100394634781654,5.362825546899911,8.454744561802459,13.391751771725863,21.561393729325488,46.58067483957025,73.87838946086656,74.12140922012595,71.97981280700694,42.64383880841315,25.004282209474542
2026-04-10,29.33436732128393,26.154669919487898,24.7476940283849,22.19406523073068,29.548796922491917,30.673412242937932,35.37152336949576,30.4839979519611,30.090855696107727,20.126277001718428,16.890698990716892,15.056198268910048,12.257961216095813,14.06343351203951,17.212071857211267,19.51867188931726,28.324790989058332,66.80389989873095,81.94091828304168,88.80753837571932,88.32602648677434,88.10148779623432,69.95626456451636,55.099163021783994
2026-04-11,48.15618140322915,26.343316045731946,25.69598518689731,24.55310460422227,27.131718129151523,36.858770986247535,28.94094766586108,23.07435322086341,67.97602581411505,42.447688157845064,22.826540584836764,23.302317276500595,14.819389109043765,18.369848489609524,24.15098921609725,19.211305872331323,24.927378169588216,54.19824333054029,80.13667858926401,97.48590743137865,97.48334326860851,85.18421632993886,63.30005499901485,41.86684013771484
2026-04-12,51.44773855776758,29.45425411703778,29.245552562140194,27.82105355528129,29.651782170342216,29.868097190238704,26.93242962539524,18.947341316308467,19.676079945710875,9.173369910626139,4.391278446398137,4.144848155678095,3.3122310338123473,3.7794203908005266,8.23776449211855,7.969979211217231,10.785818058767575,35.673622813783545,57.81535093119661,88.30528593096273,89.21954416107633,85.67200672500485,54.042529270936086,69.4935771657357
2026-04-13,56.892021828045316,36.91821280511207,30.013829574936597,28.382558743611625,26.747540465170985,33.136049618719056,33.36912907416434,29.009793310676425,27.15772304784737,20.510744397275552,18.286356421682974,17.620119785677275,14.705080198549028,17.234306493552566,19.77460251864938,18.614857428674632,21.7647091086453,53.975736347351564,73.75971939102334,92.77050049756518,98.38563501758955,93.03814222338144,78.01343963018418,72.88594336505827
2026-04-14,44.97827869846099,29.983473244288486,26.85288347335842,26.387586051599833,25.296641279469114,25.941772599075982,25.414784966577717,20.765437563481875,19.872106660296165,13.65041363785413,10.888907470486139,8.872657417093029,-1.0474211128987987,4.179656587019424,5.7277753844585435,6.6782745330702795,11.1042504934764,28.154901385456157,74.96965928059576,104.66214437406097,105.34444384565059,100.85647627424392,81.29269614466132,63.368112787281184
2026-04-15,54.65080083049172,27.897974236092708,22.426232232689454,22.24472758453945,18.535748199192458,22.349999627352343,20.873450492052346,13.096518283912808,14.084743879392454,8.914829096700846,3.256828554209925,4.799852592901184,1.4489998282854117,3.4760358977166192,3.9342129745300207,4.81748842089987,9.682884797004709,44.507941568376786,59.816693598151595,84.98477284753649,85.21319493063034,87.1908893741111,68.87004533126115,59.83106360354722
2026-04-16,54.639895157359966,44.86742495216037,32.44305629716441,30.774300434003212,33.75013063403748,40.62469267893891,43.20178019411611,34.70500237506622,50.58775944902747,33.931066729932446,21.457860750432037,17.560828386504127,13.600360586387042,16.987980490474605,18.303615462083282,17.326648982157256,32.22540700007242,72.79135772730326,77.4889632322289,94.68313037909404,92.18508427348584,87.70160441769737,67.72686221585359,56.89951945676143
2026-04-17,46.989600381682045,18.6099882978742,20.926068512507996,20.25545501648518,17.846447281282288,27.050954741936874,18.056003412306694,17.230167865198823,57.877258122753595,23.942539926131992,5.552613524510024,2.1990552908169168,-0.7936957063564205,2.1776833225002803,2.2606338117499356,5.379176228930904,13.033837006971437,38.3695686510331,50.05321867497944,78.47537535443173,74.82675969228794,74.38420124696346,48.79044455643244,23.95762656843598
2026-04-18,37.90022681995366,11.573495544364343,11.759467013950216,11.998899346592154,11.652392924484625,10.704544037041087,11.195300320605387,7.876924515752783,10.967282068555392,8.087062075547912,1.8061047815036917,1.9194618586909922,1.5551890485804352,1.1752967973966992,1.8617319774284298,2.8667692836227623,5.876362123784311,20.971473581193553,49.942413120390945,69.47788667426573,70.05772649412819,69.39957073679997,42.04771698449228,49.421212953899825
2026-04-19,34.52389239230946,16.131911059074632,13.563606565814943,12.9558604925998,12.88629016788773,11.974497796670839,13.017174106366635,11.107479907253632,7.339742992155746,7.268856946598161,4.951778326125476,1.9385158484586762,1.7780679035611646,2.094150313019816,1.8469940180646265,1.749832600960344,5.447919748680922,14.50920267319712,20.64661401924131,65.2604763583512,76.14665213356179,52.31349585369786,23.658594925408188,21.67672378429391
2026-04-20,32.85676712213591,25.745721065592985,20.226356818890633,18.257428412133688,19.875129022411794,22.19881818245142,23.968387789043625,27.917449827612735,30.93350756639303,29.806225602150736,21.76030091368427,19.268459907528953,15.123037498671065,15.920437551886417,14.121617148058261,15.187667006041679,17.505125498592736,28.474362611125137,68.77485549645648,84.13722739092101,86.51276172222843,84.22855109105532,75.91530574039535,59.58683185571413
2026-04-21,44.71876115151624,19.093176166475647,23.650031356665007,25.042692142764214,20.428839748255136,28.16294034666161,28.462708321476157,15.714314221403297,18.680486848108902,14.60448273596246,7.56274649167763,6.616356777321906,3.4992388747260543,4.068925822861793,4.0396224709194195,4.869189837096103,8.76855464324245,44.17660534637815,60.817588217116736,99.88933211084071,100.92026662045213,97.6274442185585,67.81369092594946,59.424556525687365
2026-04-22,40.173315827298886,30.143638120463336,19.40931308596831,14.081639535612688,9.786310466123728,13.815943138201003,11.64298033666179,5.687571462269022,32.973186653062086,8.068655350279858,1.9989766594308667,-2.6775232147427745,-4.556555016722824,-3.6399632590053717,0.20803289195709043,0.835722359923908,7.387963813918824,37.70858474657473,57.567681278842265,100.04147199819324,100.94405630433303,87.1149722806404,65.55118137657468,30.176252473528038
2026-04-23,8.474420877472639,-1.4734739174715645,-3.8557218916535585,-3.134739742915855,-3.541526383183167,1.1371995652086213,-0.618027093499561,-4.8031531291299965,-4.945431355203269,-6.84314369875201,-5.025983494388053,-3.9682870814470506,-0.7572215342682816,-0.3423664768007696,-4.007347044135647,-5.826905329638192,-4.947145122509775,2.791389148431654,22.597872263899262,70.50053334056078,73.96795216662234,62.11068001180055,27.12447769137276,6.822481203087123
2026-04-24,22.279252977879292,15.17030887295761,13.175280492668637,12.381471945266467,10.830131171805412,11.439979846042387,10.334033260754053,7.924979740256756,6.217257940786841,9.27331290312309,6.791359952550543,7.753552567706468,7.35249183822592,7.235112703508055,8.268054866332262,6.7403405530533025,6.668866855674443,11.893470955914175,20.03188834396196,39.860861304548145,69.82994364460346,42.54606357927372,28.96875414177504,17.02387009312525
2026-04-25,25.700704761855654,15.750890651816746,18.40855938200366,15.890908288487886,12.863301161897464,21.264725273157325,14.29176227317156,10.128812912071032,9.58984722775292,2.387610560646001,3.2221791981430306,2.195655294061146,0.5336224629500346,-0.4137786485837379,2.805143452267712,3.22540788396835,1.7792538429893445,17.676600445735712,26.795732133649402,83.33237820189058,88.66521793414366,64.31990344633226,26.53311081128504,17.664940024938257
2026-04-26,17.333762773264233,14.16052275223609,10.083564908510684,7.27744643576005,8.10548146696454,9.128797244149965,5.269890571615722,1.8199476636488061,0.14585835873499953,-1.0108861885030143,-1.3561809728675391,-1.8148277431358546,-1.6940131511955454,-1.7487903794329747,-1.4677998674838142,-1.3181962463347483,1.638037939567351,6.154715322048133,23.152303499510687,87.77112976084368,88.10969132276246,82.15857023160257,32.429849649092546,12.89470565170137
2026-04-27,21.283900713330638,19.7514579018887,18.31457179073884,15.456713976244089,12.593399872205179,8.32264868332106,5.595979909824378,8.810535237475666,5.964318250753051,6.595700618512488,4.809237274204528,4.771800168023461,4.193695155917492,4.385474368006603,6.437718235923787,7.837087171562332,9.14407143734385,15.045485990336893,45.274556038521936,82.50040389736931,83.8737636446485,82.22250793007156,63.65564315936685,27.927756868195
2026-04-28,11.39487940152587,5.26951840104559,6.588521956158513,6.341166124040273,5.641465733543721,6.535012461670515,4.994293972287963,2.775927568348732,1.7552438370440666,1.4047582545222117,2.06296248571872,1.3677213716263454,-0.9189201424950528,0.09282090272115741,0.6151769948392491,1.1957882374417879,1.8212155224188915,7.011109104977729,14.851595612363969,71.4917153719284,78.14087858265198,64.25644884205349,15.73819401307877,8.497020184450456
2026-04-29,5.839287747088643,5.363493354017336,6.8167290024849265,5.987925594641167,6.764331290237612,8.793733289680238,7.854515164463611,3.1110743445296785,3.270248651125041,1.854593938871028,1.2114695156693807,0.8421845647628986,-1.1047254542158693,-0.9047327321474469,-0.9588171946148969,1.0178685495630544,0.13553982068356032,5.840561528827362,8.932503253826537,52.303779272287535,73.17477687169612,56.19468937129721,19.4300517845591,9.073571560495077
2026-04-30,11.679569764158003,13.089204814036506,14.715640030071816,10.878582013672062,9.587379592532,14.931627378837593,10.080834361299196,3.247583113797617,2.5734656711653403,0.9896874893122106,1.5141416190243515,0.229461410894589,0.24869407762856874,-0.12515695764738627,0.08598859718602739,1.8128688574899516,1.933330929977864,8.773668771425884,15.077680990704714,82.17494295696433,86.44717640745114,79.65218532196403,38.16199461714028,11.565704222635526
2026-05-01,10.526174988692162,9.967191849827673,6.573601840431134,2.552322417714142,4.271930706268264,4.427306332132194,1.0252830392602361,-1.4671003866572736,-0.05836883910418453,-0.9399738076772661,-0.9061509822273907,-0.19044207906305072,-0.05564469081289644,0.5626076953226864,0.2562806882954711,-0.5403194359468139,-0.4104409251092046,1.2357242738957384,2.0447523857740366,51.09663815500767,56.828011872537296,43.299203905573876,10.579571709054889,-0.792289145929174
2026-05-02,3.9626517180430145,2.1891102598592367,3.2077986086636483,3.012007407501693,2.456327037155052,2.6008461499192563,0.28768235976716267,1.3178385473301888,0.6520874438377197,0.386723367537858,0.26589538215885017,0.6817279810088133,0.9125717559935748,1.4360729831927226,1.0109256008355785,0.9541485256034438,1.215170829571946,3.1859057037149636,2.8314081006545826,45.42065301381203,46.89524694458217,46.128044668785876,3.988409304471771,0.8580661173326746
2026-05-03,4.431737046346796,4.158000900562454,4.877215752092137,4.362767395195076,4.07893625799176,3.8660492396070816,2.401394684467855,1.3846409291963266,2.246588088580979,1.0370261012692867,0.4164063056306737,0.5906527681042446,-0.23979818588128388,-0.024876722277902566,0.023796091234381513,1.3319402237350617,1.5981996276530517,2.9432481610234125,4.285525329926923,3.190094122330024,37.70466943143819,12.573159163592479,3.581635935271746,4.560649158318181
2026-05-04,6.064869063376135,5.25097008667618,3.524611548819047,3.9497980625124085,3.8255321902529116,3.858276129200311,3.904543473764233,6.913764951228201,6.889659550551532,6.646093554686238,2.592856150790587,3.0575330224521595,2.8264332988105214,3.0117035783272095,3.0107809620751844,2.8856651764596055,7.044008104021972,10.576984965289633,12.310545934847092,21.868671792829847,62.304290297045256,28.394165829056085,19.10773929427246,13.706624097633236
2026-05-05,17.07058625499242,11.777623821558048,9.877303418894485,7.357903832437596,7.1996526371543546,9.209631930720592,9.87695397681114,13.063897945653169,14.417322812520988,14.44879365625314,13.865691863507584,13.866580868433436,9.55377371627325,11.962611652115955,12.907858709056532,11.52797056063897,11.844754403345483,26.729327238063245,48.90103477628556,82.2690488096205,86.78955109242285,84.176539915377,79.97237776741956,40.715665889813636
2026-05-06,13.741083760890774,16.8233545508602,15.377722499708616,14.053854677645138,14.236276633795702,16.586138897533633,14.02706211502862,12.240148148901358,27.71524290820496,39.92224872786909,18.402374699874674,16.042831332018157,8.423636020898583,8.940415540703391,10.132984430399809,10.41656222958286,20.276285591599017,59.74707975895781,62.30386871729417,92.51032863489523,95.96501567364494,92.8455058797126,75.31559749639618,44.712150257158115
2026-05-07,19.490308367604754,18.266004420300106,18.86189730842766,14.378138852135784,14.007121620333397,15.32989949584805,12.893150893608162,10.367111167678567,13.42794048172567,15.473813700022815,9.199393069974235,20.83969577537956,1.324023507201291,3.1114617050784683,8.993512910731194,8.975981603634713,27.893460801894832,35.89684806592533,53.44338850689652,84.80807436993733,89.37037518333048,87.57948706861536,69.06345715796643,59.83316610582697
2026-05-08,14.877888721515253,10.956428633869429,11.500505359840405,11.77909956541412,11.54132477377846,11.25142449827025,9.628701229301548,6.527150543943695,3.9489249362350574,9.995898328196148,2.745686497085225,2.591077641361085,3.192585638660452,2.9800918132677903,2.9214575008113446,2.5606788946936443,8.136198924148484,25.27758689690776,32.211784090273106,78.05886273054753,85.39854251845372,82.69267515037693,56.27226357407399,26.808721739879342
2026-05-09,11.523051916688885,5.9862558362587155,7.597982175658546,4.214623208082617,4.512701478349179,4.711385424082494,3.956548111123109,1.7137730840340566,-0.37494140223968453,-1.935438401987577,-0.9232003256127932,-0.7850288067180115,-1.3846187141463089,0.06202990691772094,0.18763282278249996,0.2726548159280706,3.902621261817136,4.563333753031628,8.270981418106519,63.08539709263844,72.93585523271855,66.5986553445141,31.62248528509244,13.903572046253883
2026-05-10,13.891163632842401,12.259606514659763,10.434324596223227,10.489772891029514,10.725083409424117,9.307545303105659,7.948517090846767,4.515229989112646,0.8004741213161644,0.6467884244651334,0.8587146062068324,0.6125562810662393,0.7069949291798815,0.6355362210641134,0.4566385107552757,0.6891783001594267,2.1538989784661036,4.664414021185449,9.709072403277887,46.54940352174282,77.20712029534928,75.1509813423796,24.741766627466387,10.216949795220517
2026-05-11,18.647339302437242,19.947756242403816,18.415096257160428,18.691870875816548,18.654881512599488,19.76879443491544,12.832294328080012,4.527681359348684,6.205305562766781,6.251942237228879,5.733392096442585,6.160954927357177,6.192869378463198,6.464601047664374,6.990420040143512,7.541216192945053,8.19215871513719,17.27455289621872,43.71692389487224,76.72632420932197,85.92551594835096,84.1533818105677,74.05813080747154,30.283564067734243
2026-05-12,12.028178607372585,11.548694684937818,10.65478646559729,11.570094774322703,11.96260254366283,12.067988820387608,8.601131316544308,4.444160145781269,4.587428120452086,6.361101970054325,1.5630481290587914,1.193877145756642,-0.4481396470882195,0.9575976378467596,1.954184797009001,3.712081131000752,5.069930294767231,27.514676286420713,57.483962751503256,62.362190932086726,79.07769070272909,79.04179778746719,43.6285288100757,6.912008503040011
2026-05-13,11.561479958524094,3.549197725101352,4.159255181687053,4.302645553052898,4.411898034989744,4.8464526294685575,2.917862874732907,1.8814025817158035,2.7501195179764895,0.43364916624206706,0.2314800296497637,0.13716943357786848,0.32480499024255133,0.3165975474723709,0.43273358815051505,0.695131515448712,1.9926028825622586,5.834316078056854,5.42778011062501,43.30045021111989,58.62136549388848,48.75249655527696,31.31520875000024,17.341768543840697
2026-05-14,9.239331214758487,9.581933574172806,7.586198410042168,7.331857747384738,7.753185102246848,8.338901991465848,6.611777732553436,4.443658482320017,4.2097256181267415,1.553981184429627,1.2927167219485403,1.2615420598438685,1.1701569327375054,0.6845119828100371,1.4912981740998015,1.734235166959913,4.448694118329938,7.050192288011999,14.733722834846287,87.64069863110383,95.37353528968022,90.1620519864915,57.81519428383306,28.051316107607985
2026-05-15,11.865645696064929,10.227295813403634,9.410845011457816,7.190088958719532,7.375007364320503,9.030929459109288,5.525456221914559,4.533019990987669,4.2461632883711555,2.95809507306962,0.5729031525049612,0.6213286093998769,0.15893108395044056,0.269823166696099,2.9816914308414892,3.6305787830209066,4.340315305667679,14.628453547618845,33.7371742124911,74.55549626302187,86.91112099300915,85.6498218291047,72.04059845603405,46.435877104607265
2026-05-16,16.627325868508432,10.878426074661643,10.46393138525777,10.025634838405052,9.008074412016901,8.657070933705835,8.752270887358131,4.492361987775659,3.705048197271208,4.146336875938701,3.3609455659987795,2.008952085167241,-0.5421151054052222,-0.5471974293373524,0.736258150740433,0.7954985335819194,1.796580748826568,7.924927321328935,13.809750565281172,65.61824105210644,78.39281171521682,79.10404690706991,71.1085881407252,18.32311963702288
2026-05-17,2.696127484600453,2.3952317990190632,3.9389519473605663,0.922854714212644,2.3655828350928156,3.702385905450148,3.6717484215195535,-0.49427672609100726,-0.28742559813419244,-0.26220051973594627,-0.3106069812698667,-0.37499328471015697,-0.3357950274736746,-0.33757186409489265,-0.2618256404191108,-0.25956898945550516,-0.2961499286902217,0.3545164731243919,1.0641882052327913,17.74822487018583,61.3539914654016,60.5252763240759,15.452172909724188,13.343751975662533
2026-05-18,10.24200649842473,8.842922088398021,8.210542270015653,8.360765345248367,8.187248893716928,8.244949232092821,5.779820193311647,5.630935434919822,4.622925530719252,3.5591245118772625,3.378159032403186,3.418048723051028,2.867637774579384,2.9154719082732754,3.6035476898939884,3.7670571245399587,4.293188430961515,8.80387616392776,22.72645928437801,67.31854303359756,86.53067866070201,83.42091089446895,47.07273940626119,19.57538964225865
2026-05-19,17.43182502061421,9.047859609912988,7.510597496699545,4.233678100642574,3.944864991130791,3.865336471779519,1.865889712781385,3.3527114623829957,2.055197591665313,5.589294551171142,3.4298871938631676,4.7257576256008145,-0.29088187581900976,0.5878277163255443,1.11424995010038,4.4879612836998986,4.966089046683716,14.39392992982785,51.933102928195794,80.31988592598161,89.24371840894854,79.50383600060471,50.65263603125164,36.60024108609271
2026-05-20,7.000803046559226,6.614262997798021,2.5215458729423093,3.3886625186072115,4.901106957714092,1.603447974507178,1.3167366663707194,0.8855944840491425,0.9370353915679991,-0.006695269797173208,-0.35196571142239536,-0.4240886182985692,-0.42367788716971927,-0.2928945729507251,0.047576716846133536,0.974173516221164,1.7478930855950465,7.193852277007812,11.303416139159749,75.9155114893886,91.61679172631382,86.47299143396869,58.47789375035151,27.489750927222996
2026-05-21,9.771700460851278,10.663024683299255,9.973152403641832,9.449702075020543,9.98942323574292,9.998679545207056,6.816390510259814,5.507668889926786,5.209372909441606,3.7660999300383278,3.400485719530232,3.135926584781506,2.5467585976436276,2.6726360442038914,3.071963597282204,4.9135099592029565,7.0908641692142504,11.811705736667095,18.934256160001496,67.95041346180386,94.08308572092652,92.93923587589555,70.49226619718472,34.45488905285533
2026-05-22,13.328783366868803,9.649293280859103,8.964550422237936,8.305915049452778,8.923262281911354,9.259309425264425,6.737924312994562,6.933996225462471,8.42929104266108,8.275193287568204,6.252494283751511,5.75638384885369,3.1908036316751054,4.322189530004784,6.2164065404957345,5.307567287598432,8.208960826855217,53.544338475159144,68.36294542454311,86.44130447688048,91.76683232297303,91.21262780662224,79.70928281713134,55.853346354066424
2026-05-23,35.672780935344235,14.315733388137613,7.900232114283375,5.95542195761031,6.102421303327363,6.328352488146072,5.039624352793223,2.554037114963827,3.382421103975532,3.3359003063047865,1.644075616645832,1.331822409077385,1.0696253867266186,1.6529860347216616,3.4929672036925132,3.1667167119520845,3.829156812626841,42.92752133868627,46.842996670477184,71.67792388674523,85.8317569782414,74.21991085612278,61.711904579822686,35.31712513264015
2026-05-24,22.887197765259913,2.578176113957551,2.5140165191195347,2.635665291574473,2.6399084415562077,3.2074168833015526,1.6845554998424785,0.8872484292536239,0.40212474764977146,0.5357343511043621,0.5905356650846139,0.10437341477586862,0.10962249739207625,0.12532179197153004,0.5743820040361514,0.5112435077048081,0.6331260843522839,7.014005641897801,6.1764237395483175,19.28658958323871,63.762137367750036,48.68796245346863,12.288901063173649,6.632970976808048
2026-05-25,10.18778146436857,5.72443155623528,5.492709673606303,5.903443353510718,5.8145547039548156,6.15548615591727,4.161607971032827,3.4850520195873855,3.6221562426789187,3.6794552715963706,3.0967343416889896,2.9332254627647427,3.0919063124036943,2.7817784091512774,1.4350460530540599,1.9748038505326717,1.8277266952547049,6.535706665849395,34.69658100159021,65.47523454372045,78.19589901276626,66.24628063163166,52.93532613864418,35.68075881123058
2026-05-26,-0.2521266349258536,-0.24650578637783238,0.1839863184375043,-0.24331621400041287,0.09344128577973324,2.512621032089307,1.9870165759958707,0.2501102772536821,-1.1615216819317482,-1.2799746863480008,-1.8310093619655734,-1.98341560115599,-2.128800432785356,-2.0087078245190515,-2.0172460355757957,-1.8419598158541926,-1.1742624367015102,-0.21541634396611298,-2.4875213667554545,9.64690995210952,47.14747622967924,39.603641447907904,5.469841104259998,-0.0846191789990776
2026-05-27,3.3718011313934713,1.4684384110312847,2.286430215922579,1.67949406692679,1.8936684593960524,2.3373299160618473,2.097236567992878,0.7691535338687054,-0.853238184205158,-1.9824485874203108,-2.39726256561017,-2.7632267471294285,-2.8753595984971456,-2.854778329277583,-2.3297108810879283,-2.121896666896491,-2.8942580509732214,-0.3175562071655754,-0.18846664135877522,31.472886609728008,40.51448044841095,37.90355979810989,8.95264449410554,-0.7066539060187617
2026-05-28,4.344900964581491,2.5068797197639254,2.3134042134934454,2.1608495217534816,1.8520490159692422,1.1136304481713717,0.4592891488447395,0.003206038328408384,0.5455704311767036,0.19780466323902138,0.25891830819017736,0.4070527075521345,0.06719716561223395,0.3899353156568876,0.33641468378178374,-0.152341391212076,0.11793246498689593,27.58357013533784,39.17623449017086,37.11700506232348,41.19074145339902,40.6753151107086,40.02631729588448,22.944569965330185
2026-05-29,14.322078717148633,4.5234253813749685,5.730353099833112,5.291277648077699,4.7984991817732725,5.047884789841929,1.323014388269928,1.2348060411287742,1.0570624678576692,0.7645030092735069,0.38234179349961245,0.5192505258046928,0.33791375492110304,0.25854540111255225,0.20389088544846337,0.4464211062078277,0.7968497519567023,10.371101945969423,9.609741395306198,25.780750922082646,26.94589441937446,27.0071350604774,29.091451790761276,6.306729887925121
2026-05-30,4.229931783972551,3.1318914138775025,3.391121276769657,2.6721974391703407,2.4496389476917253,3.427105604828401,2.4135668073948544,0.615954042111904,0.04860119692856985,-0.03653236489668974,0.0795426841820347,0.23597456251352011,0.31387891843164323,0.3960559254603366,0.13893272471754237,0.1457500477288769,-0.4592940653820919,0.8463043125247179,3.118121590306269,2.940363319047904,24.678426856509134,28.55997295279246,1.4532031526511089,1.853249886356688
2026-05-31,5.720105594870731,6.562633954096912,6.859639627088915,6.546485873754934,7.424181104757013,6.613238004938559,1.26508489721493,0.1564647439021156,0.16105964264774575,-0.11690464104143523,-0.13105746998722334,-0.11288313788812106,-0.26920326509204057,-0.23201433984967662,-0.4399314662675034,-0.1261418926485835,-0.13324380271303554,0.14988016122399175,0.06682951955225136,1.6778003915138346,8.582234308866532,10.685683248931275,6.413489953263443,4.771143106504801
2026-06-01,7.590819180754387,6.378180724295368,6.548975472046989,6.996528321713875,6.688089901026942,7.181507675285594,2.146233434131222,3.1413851186510726,1.7710946522000506,1.8597220907027567,1.820249819367449,1.8137835918539724,1.7843323207700872,1.867136889947544,1.8026864329354069,1.8017600543641463,1.8928976020990056,6.586180565634794,10.642618462629938,39.12089709351045,75.50636921793458,74.96889355701786,76.35259209248548,36.45820372304152
2026-06-02,14.937267964650603,10.273254671581954,6.97123469879748,7.018463854231432,7.151410092836282,5.493621420866602,3.3768257846074548,1.2264403101618837,1.5202373665715498,2.00754798845417,0.8500659679949791,1.322122569347084,0.6680333009421071,0.8718819614760019,2.182386849622957,3.148073906710945,5.02918768857227,23.1243326807921,68.97502143342682,77.50396868696187,83.75088835150447,81.9320211715524,83.40094387655046,79.50012280970057
2026-06-03,46.38059640873567,34.601129254065924,38.39102106727552,53.85441859712777,64.56176970051598,40.957171707261764,7.478876948421613,4.21443350433896,3.3399526497462753,3.2570827534373388,2.5769604677441094,2.453807327972692,3.77413454491813,2.3490329234525555,2.074932955472038,4.633301024753471,7.077024232832473,17.227668612943326,46.90243538652394,67.94353393997523,77.74286569525353,74.9950404056464,70.94733628547596,53.90398964378953
2026-06-04,40.580963641925855,11.000465636777365,7.575159079804765,9.379952420888754,10.221610973470527,6.679484942546494,1.3185813202938603,0.3202206575806963,1.728452174228955,-0.3866942916073525,0.7095325419175665,0.7115810795357893,-0.2754611696435818,0.7923197249170311,2.141894149719388,1.9848454894914187,3.551358330084983,11.867850264345199,20.20581634620749,67.70994401433288,83.94024508357023,82.34989041259935,64.21113697281984,27.39892672791851
2026-06-05,33.82411074337482,14.838125942119246,11.998824787386129,12.249240286899255,12.211273245228302,11.971770153187997,9.842140279736883,2.7841880514762622,5.040707200948818,3.1466199661973677,1.8121049741031874,2.1197283798221234,1.0890337175691114,1.916759872192222,4.682942719397172,5.656867805926885,6.276133013871283,18.14273989659841,42.42564482782421,75.91557407012449,88.236775440643,87.29146046307334,69.68628932474137,29.43121041948936
2026-06-06,65.60866250023808,41.51857289637995,25.715386510906733,24.888105565209845,39.13118137233677,27.846612100689217,18.74841789743339,17.50002544763603,16.987590078006427,17.31285703734467,11.063751219146083,11.284071220367254,6.800628518301703,9.846362792248808,14.07596628192715,15.464803691027353,24.561768147800105,61.0278835958223,53.54581350360333,80.46560262840292,89.29786867060113,83.77044582676619,62.46644021882869,50.83334552962798
2026-06-07,75.8956705092514,49.77435442442039,16.47324255090525,37.459604033661776,43.41996930920199,26.32542731636185,8.349560604049097,5.033425114552515,3.8757285577918097,0.9912993226406037,0.9388593196220151,0.48593852621240513,1.0724393445396831,0.5544594543103468,0.14833192285210017,2.828005958325236,6.244228552142917,16.029516512729327,17.708498337630477,44.02546424374882,79.5396699359183,73.90410621066539,64.56651008913543,32.645387502146825
2026-06-08,31.199409173247446,13.423887073914395,6.1199777702818725,14.369883356122667,13.743261550200398,6.9147930668457045,3.9069909917379984,1.3611387159368176,0.5892924851896052,0.49295538996585303,0.07045303764084494,0.2525633235114743,-0.12493399714692927,0.1611828050237008,0.6809227881030012,0.9633147382062316,0.9841050595632214,14.115113230602608,61.04044843410038,67.06569319043466,66.30268131980286,65.17585001626783,64.82681223082389,57.0725391851767
2026-06-09,26.35723822930156,18.43420226326983,22.579494311023726,33.87649984679589,44.97937164973833,20.945315980578492,2.210386242013128,1.539199944113489,4.011805576990561,3.8912241000020207,3.315684932299395,3.2390788963285377,3.149883593583661,3.2364727693436017,5.046331088286041,5.046429942571976,6.3936614158522485,16.134311639429104,29.01416319829839,58.83159437204516,77.53438941910926,66.49938926616944,59.61286549142431,34.05800857415344
2026-06-10,58.685083364854606,26.56408379895699,19.11050064528143,18.89830321270028,19.11275779123842,14.751677988642234,6.157345272172305,4.982400549216329,7.153586626016066,6.9993362152518,6.548519219210131,6.519558373032582,5.008669780200309,5.934112109609964,7.409084565507378,8.84825723775974,17.614290706771076,50.03585147658169,48.90398302041605,74.31335648261889,86.38603873250335,84.7377060490467,72.70312252550795,45.96366840874585
2026-06-11,66.9333327333897,43.76351649829864,32.327104832166604,34.51180612785459,42.17838280731544,33.208133142853946,22.529184219657477,14.921333579810454,29.046245264415504,28.910480407274193,15.757202294005843,15.902537839997665,14.670080163446391,15.782629018132605,29.380482096195863,50.633244370773475,51.941894200827804,75.79112580268036,76.71103756208,80.58993088903641,90.43937129330482,89.3442384471005,76.12039075500444,65.5853803575523
2026-06-12,68.9393943506843,46.21940378096319,28.774562460492316,50.02619606031047,58.23808935888662,28.91544951891182,21.189484689960086,12.910139076730285,20.640034042215305,19.25987134572788,9.340995243685304,8.390269771448192,5.324561111649696,8.301130906040154,18.79287410173199,27.533900857738526,40.93823747633914,68.80253907138922,73.9104858002722,84.71970532081225,86.71736308301168,87.74103035504466,73.72607213290404,70.63978141223608
2026-06-13,71.51297485398261,55.62750622145522,37.49099581262099,50.75282898063492,56.10909332177012,28.35083333152538,22.390170744248827,4.292311335472461,17.489393184394356,9.580328306019036,6.442704495817519,6.0715123977061705,3.564657085162152,3.4014813442244534,8.061530590546829,7.883176876075379,18.437681331154476,26.328866707661945,26.049447837328714,68.34714007704999,81.4389929372448,79.4575832359862,49.0518553296294,24.974924062695163
2026-06-14,43.59152397252803,24.8377866273438,17.722384910689176,17.692217294702214,18.041885980847287,11.21583525718193,6.889102005617783,0.45092574155568965,0.21374979438955394,0.4080600582485056,1.1624041168836756,1.2498246094687477,1.0485968964253098,1.3575914912592677,2.133288690410988,3.3070690626680066,4.160549075707475,9.874212785698937,7.8300342372853,25.43262657087972,58.82419865927389,56.1283512126528,32.45217397230164,17.78708786680629
2026-06-15,38.620568153066955,30.270858812398284,17.064871905095973,16.34360160414246,16.44463040380781,17.402114474813185,13.361919964239002,14.590273684147409,14.836911409002447,13.597702637399363,13.158409829404249,14.0609273265134,9.996509161223619,13.189743289303575,13.748112202353207,14.55965567285878,20.242669243895488,26.46012565569227,39.93529454774619,62.29795331067075,79.67239118435316,78.9317630124845,62.572019353022135,53.31526407975135
2026-06-16,44.54354144992027,22.16956470455747,21.39800153502764,30.58825374356896,30.60158277906239,23.22252439290724,12.690818969588799,12.624650033019396,13.318653115748786,12.34871624976059,11.621875964619989,12.142527235996209,9.339798467982757,11.33170740025122,15.196789554348014,19.38903057065209,25.99084757382311,54.09521855271696,60.24056192767764,79.44171701334494,90.3327293120716,88.41622368584015,79.86085421227783,66.43362389178421
2026-06-17,69.48808547666188,43.377113542340226,26.02518870976855,33.03999810550246,44.79668626739937,31.149218761361944,22.058885570151176,12.192419089901332,18.314617541378535,16.753987890283675,12.585721946520028,13.117109791627794,7.803491082300372,12.998025047533957,15.628449054178867,40.798960475118975,40.95488720593647,63.03001181957578,69.51761218842228,84.96185963833534,88.4521281378453,87.34228743285313,73.89309107294942,53.73537598001669
2026-06-18,50.44668937906793,26.135619836868017,20.659149515302,32.66979030641445,32.5434402304284,18.80120857674744,8.62364086205144,6.260611760210544,12.292601989347258,9.945173242901543,9.101039033264158,9.197315294061156,6.394193610522156,7.951374760951829,9.474170590526269,11.998417442853041,15.99423715895488,34.9042989238482,43.03231870677614,65.73591087243146,80.43301829176569,82.70609127854038,60.849488912640595,55.066057246755115
2026-06-19,47.69705525670177,29.504571610503252,23.789630654765123,25.215847649266777,24.529551886351193,9.096851490566374,3.9299750813561922,3.1033497579582057,5.3026413340226926,3.856589447137073,3.339479364566483,3.409234976947999,4.161544634126053,3.0538457855418777,4.079168579282446,4.4434677910677935,5.088453095203959,16.95108827976095,23.644217962381305,56.33177258892586,61.67289639218825,62.34236213719065,31.120114830542725,20.990623394484597
2026-06-20,23.222039369308604,9.17778639794714,5.644424903221757,7.4144990318368915,6.7942291622147755,4.118674771947578,4.201568080312919,3.1737519345789793,4.001563411742755,4.270682631066147,4.509793464594312,4.473452203922207,2.7232185915427993,2.6516942998562314,4.409104408051165,4.0513439210894555,3.525235072735101,8.623406130814661,18.12435979626606,25.67057635514196,40.5561918562516,39.021230887807626,21.56348816221515,14.47905077309917
2026-06-21,28.38123313135254,12.294553144419496,4.868647154853793,5.6428764378770335,5.14297896257335,5.434231956548101,4.492620930410824,2.567416818305604,1.280194348000685,0.8828098194514434,1.0680609791444442,0.39044625322930754,-0.7162569319771269,-0.5956593265703216,-0.5404875088910325,-0.017306293065193275,1.5328883935228934,3.6568238666014525,7.751566929631828,21.99798183632693,38.7564104839144,36.1287519324503,24.49826823841936,11.703786646224822
2026-06-22,21.920963236742438,11.030188771403857,10.842768223904423,10.94916548271342,3.8767295727817004,3.085410275766871,0.4521742261115972,3.2261715141632923,3.7434807644789183,3.8676555852291608,3.3839069878231225,3.2356962174839916,2.780561280011573,3.380438503422469,4.005188019801487,3.94978352352937,5.24380788809656,19.588500136661988,32.553281975172744,62.79488732859352,63.56515571484491,58.67748568864918,46.10450264448797,32.572305389392284
2026-06-23,34.87911670062513,13.85558806913733,7.65727923625172,10.384241946505398,16.74014003268881,9.754869367964387,3.248236010133155,3.784026248463712,7.3086010542995465,5.5457511126417725,3.8657230142593124,3.33810494868393,2.8489329082142074,3.2142451900885,3.868436266511186,6.59205831583473,6.917312481017248,26.112806335519412,28.53498413916979,61.78800367302936,79.22075645445328,80.06136300818932,64.90346775022232,43.310126603460056
2026-06-24,38.26231472577801,23.63746519295109,20.516819189781906,22.822687590896994,30.482572207631986,20.654901260765804,14.766300855743994,13.231381811988376,15.899344287446961,13.392444576927542,11.46950326204678,11.312185784309262,8.474765987969779,11.148417957250127,13.303901755320279,12.697547628452599,14.920227473404873,47.23166092259143,32.28230422520553,77.2184995346799,84.4461654952788,83.94381095740461,62.254016341868784,40.7059705959445
2026-06-25,57.134146243496446,46.05790910741731,34.08571135139846,45.89197750242209,44.976109832051904,32.418764573014684,29.496046666842638,20.15653209353213,45.65798257039773,26.679394121417726,18.300574054496956,13.70591869829317,8.778387166570798,13.071772115179392,17.876506263571375,20.379234097664753,27.569918824903404,70.39817385380111,76.56037711735097,81.60769447885549,85.88102204638942,86.23853207666002,65.76553049581896,76.55269527275622
2026-06-26,46.038923454440926,35.93352201786839,33.37013222839163,29.808145072618927,29.603498175094767,41.718206375679124,34.591059372473076,12.787631628861197,38.38275814894593,25.63533827601318,10.454515125196291,8.372227078315156,7.374971104774928,8.399825783713393,10.512841210147034,19.77037968134463,38.154588816323596,41.84771779453611,49.786116555088746,81.03925864606406,84.42205933921011,84.106937943954,52.869969020052245,39.12450931259008
2026-06-27,51.04226681613542,38.249042521571454,38.19599253681042,36.92687583177719,40.69296700474722,26.76758284710162,17.595641661727086,5.023262032294527,21.792445154003666,12.014590815478353,4.048646999186881,3.5457916385428043,1.891837806776378,2.579913354005903,11.233362497717314,16.68820142856317,21.82814548088745,33.639077908052386,25.244191186287395,66.78185660704877,71.66311939718855,71.76695591633131,58.29516854796718,42.05277171343539
2026-06-28,44.735333847895426,40.31575499684522,34.77475060708844,36.314406258923725,38.44094697883685,24.50119372790669,5.45602706971285,1.8783962835182064,0.13597283312775338,0.27497563056768537,0.029221881351848784,0.2610030695345227,0.21555931332922812,0.37598814115801577,0.16828018337660497,1.0668351727507748,3.0414954711874924,15.643274411227226,24.473236322640616,47.395122585879236,73.1712797218872,61.997517819859354,37.333071125224954,36.18997326570598
2026-06-29,39.66693096572208,34.39181307963162,35.56931978724651,35.1201002481602,35.46948054347577,31.833886810446593,13.24701473178763,11.074902290873254,16.709318246917665,15.718194457772048,12.192930226033852,12.03868511439211,10.053412309064912,10.67872033143405,15.361655593521998,13.586821217985632,16.39708181541054,27.655783689983313,41.73427806269341,58.74650152825322,76.01557803093132,74.17575596315781,58.0420306430868,54.71039838436102
2026-06-30,48.14738996475715,36.06610196504946,34.28466767929664,38.78847364208951,44.111593938091694,38.93647669693726,26.646028862016433,16.205877702735698,33.0091132569035,32.41704884712247,28.23824210645919,20.80662592618546,14.920279619615455,21.665175078334038,28.26055482644186,28.763023112673697,37.17952416420449,51.99108039230693,51.13519670780034,79.22896034064809,88.39953653480715,88.25885466556659,73.13864560968265,56.787348299773875
2026-07-01,65.03226658043631,53.579054359523894,49.165939415278174,56.6389987563691,56.29083562746519,40.60196574607797,46.18397454632948,28.24096760039474,56.69676858038208,39.69904699604327,36.274096371840464,34.438931449197035,25.529107243914734,33.13129315206674,45.724920353221904,40.925579047234116,39.85246755591214,75.12574609499262,78.00815383940693,85.30022957907956,90.56778302577462,91.0819476479799,84.83703681774954,81.85983991055433
2026-07-02,86.17168597707793,82.96743440636489,74.48668079289183,69.94296176564889,70.15939895991109,70.11226173914781,60.7296361115107,25.279420209988295,66.12010756738036,67.07080540535195,55.36736470882795,54.62703722971856,39.29344860280729,55.36463307709558,67.29286762454582,67.98485886279256,79.73642562308125,85.74485082066225,84.03820958120023,83.13076544204779,90.02008378346535,90.45504457993209,81.83584408006605,83.28742957859154
2026-07-03,81.21055073692477,74.64121220072262,72.22285032860512,72.22734311699921,79.83247653275836,76.50673705968504,67.15203967767545,46.5367920501415,76.69175570732317,67.25543010878786,57.75909687373519,61.16560347515664,38.94361109076246,61.593706229280784,64.44275989639429,55.384855097030226,63.16836953812141,79.97697276571542,70.16518901866881,89.18175999646189,91.24752486159439,91.84201700902943,83.43130526483219,76.30125958967767
2026-07-04,76.1994408213343,70.08546948326172,73.96781560091601,73.75865057135809,82.84661567248114,68.61759255398006,53.77690468319784,40.525741177612446,60.91696619374212,59.60618921733697,45.0170583607003,42.091076262240186,27.243977484295577,38.43633495246066,51.338183730656574,56.729845123828746,51.620259136971036,76.21148507297569,63.060761679169154,80.63611445987969,88.01435514488668,85.06015733824454,66.58488952306392,60.492545199190474
2026-07-05,62.451771054581904,69.04450001938721,57.15223142391619,64.2783975549185,66.84740001265482,48.87833106886138,33.01920852207511,10.218946647836955,5.520465448105304,5.308562112878069,5.740757964848732,6.448460862617359,4.75190198080351,6.872708755522994,10.878671749375092,12.186917475216175,10.00609614493213,22.007423957925795,25.70746586839425,57.33517382137581,78.23265607048793,78.04940299442715,59.06645129719273,45.63587049403408
2026-07-06,64.17801451840401,56.27771084572584,51.85877171474017,52.77159577261221,50.11972782842324,48.92212236889068,44.668647262408065,30.31560281693509,45.49227637452521,43.79638807804731,36.88643698876474,32.648277049341054,25.7741057271311,32.74078775951182,42.013864669924175,42.27129263541857,40.24740515745506,48.2269789332074,62.33263777624821,77.97841128009406,83.65679822960726,83.63515713378023,70.97606677693459,61.869466532107396
2026-07-07,62.541022610944886,54.04654195615618,52.368910269839546,51.62776077003756,56.23209167954229,40.79740530721699,45.75293071482814,32.14449374347304,66.46173944087907,55.46228104691789,34.65012970471002,33.37843265640067,20.77022564537433,32.25268862217718,53.07304670709345,48.019974111153644,49.4523638623814,63.57947628880884,66.21805974434322,79.82581609447996,88.95628549277629,89.49515961723716,80.05351853314983,74.67078049272266
2026-07-08,80.02578461629305,78.402364669574,75.84018883755196,76.57249472187057,76.29629557212668,68.5978183794925,61.949978821238105,37.092603909671126,67.2098894559565,72.82483185243048,55.566753466959085,61.32386023963882,41.02017989507222,58.53082106771111,72.08626116264509,73.08836516450855,75.45050435866284,78.823931781767,77.4022920507386,75.52538659302071,89.35331092295611,90.09295116674438,79.7531207171221,80.04792575770072
2026-07-09,78.02240094931308,74.99273131191302,74.68661937986688,75.82679035399302,78.73817052538163,74.61228241088848,69.18374223134991,45.45665586495536,71.38084076612991,67.48956368931145,50.79681034296488,55.90785757830226,29.08426222035872,57.78470738575953,60.59061439926978,56.08499308672527,70.32011610237282,78.27665077766319,72.20281005042267,85.59879412202939,93.30287426444497,92.30280387030311,80.61539191024814,74.02110914708214
2026-07-10,77.30690576436939,78.50994870075847,74.79443802217186,75.18140033671084,82.81350168090803,76.13825641766195,76.86515005598588,57.03700397632837,74.71291168424993,72.0477262344358,57.29166542089408,55.44498647636673,36.47390307100599,59.392315192209196,74.56603801773583,73.88292980405978,76.17187082776746,78.2246250127887,76.51065978230157,78.8314325479711,89.50300396487839,89.40691412782392,80.01063682017505,76.8346578200276
2026-07-11,74.72022547115576,78.52025825158996,75.1306043487766,74.11172589708659,84.0391548529164,75.41211564671194,69.08795576781884,48.159175755079616,72.22273247567955,68.21624879971847,50.11855738156376,45.34342337926184,27.395149337135628,32.88518656973869,61.48690614474104,61.20610601789076,61.247129472020866,56.02483617323977,57.803351448319404,78.50676217849313,88.76449666609767,84.27671360940629,72.02277079329696,71.03880444779043
2026-07-12,78.92325406516572,70.2941580747738,69.37670288046087,68.90689766497864,67.96607312104928,61.0874350948445,58.14931870276343,20.408290038702578,27.832477976610413,21.996254005262976,8.36104206051749,8.022099386303884,2.237576424892039,5.9669790314414275,15.501273962144039,17.774749953238736,21.518958090161814,45.39546259994658,55.19273250311679,66.35271708167697,86.14355930872104,84.70077343950898,68.72664822004543,66.71612200088349
2026-07-13,74.60694556007938,71.12977356918222,72.91871345274527,68.91695976908822,72.24787360608757,58.78618938443704,64.90165299305373,41.707933013129626,68.71752246499726,65.4927071477775,45.527401101391035,42.30023961965044,28.216769731741156,37.40423768976087,58.83337309237388,55.130386852405884,55.41704511797675,63.596429068899276,67.57421494705643,78.4873340730548,88.31165894086686,88.53178912159247,77.44694898561293,74.65587780937824
2026-07-14,76.98632627961368,75.63075092010428,74.58558193317059,76.28856587051514,72.82744624950138,64.37573765065585,56.975865613184986,33.26568271589797,61.275066154780895,56.87396209942245,39.28999852011481,42.30326743816372,24.648885310153574,41.655635248766146,52.133579751875544,52.002719964819306,62.24420861813235,68.53098922695672,59.8213039059364,76.16972155944258,90.9956423346183,90.70357541043647,76.13381741381613,68.72204076920399
2026-07-15,75.62837374596094,70.0085700183256,65.11827451263648,72.20556935011955,70.60994641698268,63.452597470164854,52.528602823046285,25.745639637964356,49.89471841456089,41.35438788283945,25.58399913090228,30.20435358043517,3.196654215413768,24.638943786206944,35.59034409914895,33.36679926504927,59.46523067130554,63.28961623511765,61.713416339143556,72.88723343967759,90.9960453314129,90.73942574848523,73.28304714513037,66.59238440923865
2026-07-16,74.6076500116522,71.49923326575582,61.27735270297749,65.4557805204549,70.87612226023394,66.55404402652015,68.86247876540338,37.120534551058775,64.47616827812219,42.516810771443055,30.72017125556934,30.023754605020134,17.118926662407933,31.10384422947292,44.38591643115114,48.481837871516554,59.99464211927616,66.09202642810843,67.69711859441222,72.87481956581243,84.13877645860741,83.56649976011319,73.31985718086703,71.07551581834178
2026-07-17,78.79872817181217,79.04123084426062,69.8266422358041,70.11115623774526,73.42062900249854,70.8598668656787,58.6037562449876,38.68981399786306,67.96675250927052,67.34802353507595,34.061840150020885,40.646112938822725,14.895292179393913,33.93172088976688,55.321553018910585,53.24843191364738,62.14655474830341,65.21621374732479,61.43558403650296,83.01647275358083,89.22544883461045,87.96245103476564,69.7943900367624,64.84189429171829
2026-07-18,80.79593341627472,72.5207825499828,71.15856481691225,72.64298674037579,71.41500781967646,71.49234929547944,55.44266732968245,17.472911864554604,47.675738141184915,36.517171582673534,27.59076745022967,15.36067640854136,9.423107144444556,15.705845094454437,31.059003055505062,20.48452161555669,35.54817184318565,64.72821590370906,62.73491625516025,73.23849826234479,89.90339181440343,90.27977719880428,80.82442855264361,68.70630180944552
2026-07-19,80.93611695801846,74.19111587785521,69.20521346452419,72.03559639430681,73.52654675675309,65.85631185035128,62.486108510527444,31.50279376014854,35.18053401362593,18.53145556793855,15.987796397618817,13.007270486922103,12.172942878925124,16.024632941199286,14.913245300829782,20.029109977054496,22.63124200385421,54.86265053484002,65.72961696393206,79.55073416987287,89.52524114910628,89.5091159513452,82.1955245120203,76.89156193637761
2026-07-20,78.5882670850069,74.47726477063448,68.24071703528533,74.45598029663458,73.0542739396354,72.64673899223808,67.3592654254492,46.49689469209911,60.00182346495612,55.34298885192656,46.73784737811149,41.28101574911154,30.0320206139092,54.74451032741613,62.3791598030059,52.856992558474275,69.32197679804952,77.96386616923353,71.44756690710383,80.63613712593056,92.97993411612873,91.98752431390841,83.16245644247712,80.66494014913724
2026-07-21,83.38896312764352,77.29430240120143,69.49876597250845,75.7919522616257,75.77741890236341,74.74936823906269,64.0543722787674,43.616673973797276,68.14752147520709,67.20190072447389,57.98939267652106,58.68501549021083,36.130364726890825,47.13312198513314,69.88293404376809,70.45406096953698,76.59039886973525,77.8056612574302,78.34647376480633,87.3332996230442,91.71906206975994,92.67849098539274,84.58508977308603,78.25284747384937
2026-07-22,80.45301218544176,79.24132258097458,74.64428333004867,73.9715507006861,74.03201207195762,73.23960899902752,65.3173223819476,41.10742892519107,60.9078673932441,59.56285626290089,46.27853456288059,47.47345822622004,23.388157025678442,40.94475236594036,71.27419340409402,72.7883732385731,68.23614156967838,76.84924305458087,78.90802050821131,87.17742649003821,93.4744813776949,91.91722708742752,82.07425325001901,75.1383445395563
2026-07-23,79.81348934217537,78.30541801176155,74.781314889117,74.16625203308705,73.50103245035628,73.92193315451236,72.69053580414291,39.430350666703724,70.98299601521953,70.74142693481599,56.10856428919267,60.54510894866675,46.81619601852601,63.0088637386728,68.98190137329959,61.9235484640369,69.84348543458457,77.71805639980788,77.22022157870747,88.93704523441312,89.89601854683247,89.36450435776682,84.19995847598034,75.0113841784988
2026-07-24,80.76302992232651,75.57518249836522,64.75980727693221,74.11915048987679,74.65637679758798,74.34596838746502,65.63019860597981,44.746227295510586,73.23414670312603,70.41421766148274,58.43287518159265,49.914192865041514,30.669903830403506,42.576732804322745,64.59059115088475,54.435063047585174,68.82845944380283,76.45451716967348,74.1218323382754,81.50101480105542,90.77065594610325,91.44842640155562,81.23122612069469,73.722527753426
2026-07-25,74.17852619107872,71.59973512238432,69.01097480568599,66.42984761047703,69.44040372853623,63.38596898167209,57.57634714425991,36.50219833772896,59.81726139140757,53.79337835336209,40.6635806033618,34.95956537786434,22.686633864389705,27.178577171940685,41.11777442983983,43.82279728833961,47.0877570354272,65.90068897747065,71.15148011439905,82.93011648968167,89.4744214877347,84.93826838079269,76.47390377360628,68.4568909961051
2026-07-26,74.87300809370888,74.21449961820879,74.34806185627994,73.53821544840449,71.6345796793382,72.61409461590675,65.21579753210581,42.82798724118116,38.18212288831552,29.522348502439915,33.389911444118184,21.678352365873295,20.634199480327272,33.414110063562056,23.33498521023124,19.256860042733265,34.11730670999783,58.27120128591526,66.05587889315863,77.76667566070518,87.26056568174222,86.1090491150426,78.83691882864055,77.28300473616044
2026-07-27,79.08434784795539,74.75661047263452,75.09145678181702,76.57268781463824,75.60587843129072,72.72580434800646,69.47753124086663,63.57073604079881,69.78749204767031,62.98162193130686,59.911179295295426,55.476067463787984,30.78853209881003,53.069223659959256,60.468527883769724,69.49957393102206,73.54456942051844,79.38278313138285,79.58670656915274,89.36930029621668,88.07930683268084,87.77525314865258,81.9349041880111,76.14719000771365
2026-07-28,78.23215483983547,75.49913439840144,73.56437057816203,71.89565096432408,72.77637273105285,71.39850838042821,68.64328668966536,49.544346325133525,62.20691037933647,58.951130583874175,49.25886994506786,50.89784608664092,21.321350304226897,42.894058468746174,58.67909845147192,57.77322930935085,63.064070361785184,76.26502722378049,74.21938221346399,90.66968944802716,89.09585658422894,88.0069791935193,81.97566470835004,75.16451412304313
2026-07-29,80.22845719166102,73.21617435952659,58.22978830893318,72.48744058124198,70.63634672244578,71.78008149206255,72.89427715034645,49.313616950544905,70.18219096653914,62.71275757929436,46.65713747166475,49.08745021649103,26.57715693841276,50.613395845398145,59.98536597246549,48.89412925511705,68.4035081249652,74.78672478432564,76.12065367829285,81.75761347760755,85.16921191384105,82.72098278863692,76.53427475682524,70.34350583338617
2026-07-30,75.33595037101804,66.30364395768933,50.59470745031104,54.52244933087767,67.26305656555796,67.4747594887112,48.08465692648295,32.93220340055229,56.44090213120485,43.09507876482299,25.89930749553159,27.726391088654786,12.454755983475975,20.53798135033059,29.75187842290683,29.5836795334008,54.601672760302236,66.63319275112468,64.57563497623441,76.15082329156135,83.50720210586078,82.30239282332447,72.9649045406203,61.976397258738
2026-07-31,61.188935883525666,62.691252131137475,61.406066705005934,59.31368506623131,59.93277545802105,47.63970214215107,61.08807022668363,31.696610538437124,61.89037519872656,52.1932837480301,42.92105028042817,34.45965642778442,14.068293978439097,21.202781654208508,39.4485904136909,50.98747553920296,56.01296286103794,64.63142672298865,63.3096939376015,81.30637701718419,86.1177126125092,82.8607099260891,64.78111599899518,54.79524624734919
2026-08-01,52.613808087679956,50.48569060530784,54.438093693245044,48.14276976952411,45.569119267274544,40.750728871824364,39.111435954500266,16.277706938137023,35.85008544038691,24.448688619626193,17.797417091052203,15.546144605514359,5.043219892143004,10.700193003940672,19.695890412798562,12.725620296937297,18.232234136347174,42.11879342722596,54.711987454751544,79.61753644751415,85.60714792821368,79.87015990974494,66.02445391333326,56.13126802444593
2026-08-02,57.089248794242614,59.79970813503103,57.83078770189336,61.75832296634785,64.4824812557278,57.258828926585664,56.267832661488,31.677711383885292,8.134715667808392,5.022089724221772,1.4120489415886037,1.6315530575470045,2.1001355308788985,3.506051263209903,16.184385057592618,13.250232851424348,15.464375777481232,48.27058003277798,60.15618131724873,82.67017502016036,87.99829127818745,87.100868494638,73.12325704115834,70.9412526430435
2026-08-03,78.92328881402169,74.09269416510467,62.74011602163328,64.85894633721725,68.1059909956267,65.74967744300672,58.89922787628634,46.78651959182728,54.910089603112226,48.67607361014028,41.85923964705249,46.400367387960884,25.582892466393847,44.5878800278822,57.01492397444944,47.1270413923746,59.09646764559307,78.69282783484346,65.82271764670065,85.15092815710918,84.23123972737301,85.17328317433108,80.13203602414721,79.50856255132639
2026-08-04,77.15338362122715,71.62308752412159,64.59368948624942,73.83419367150587,72.68907718053953,70.4835029335751,71.91460447792275,58.45989845434681,75.43023900744052,70.7738992645173,57.62864996449968,60.50329527048821,38.114312399416825,54.53934677674582,59.78570829160883,56.73922736739333,61.248193358205086,77.98655053734822,80.02618398218758,85.67263690565304,89.05262005941454,89.45191332099257,73.20698775753604,69.17897364205155
2026-08-05,71.22446203315673,61.50968992220655,59.75942825022674,57.76120135881655,59.151356161990776,58.52568046851633,58.08428376238263,48.938612370832395,61.33566050640054,62.536827625169025,44.04008943893137,41.6631224153217,25.40966060598649,41.958973557897544,45.64561275496758,47.655026660025634,70.84481131463103,71.05966298266702,65.86819321910532,88.18792448833736,90.13949102611949,90.1086768607797,77.19227092387274,64.5079095162086
2026-08-06,72.60873088426925,65.1983258789265,69.3400612054324,61.19505446837422,65.8015004548973,62.08269509789349,62.607402900660404,49.97466581852237,62.372635640323736,55.78405993902159,40.55935240503471,44.00053438967902,26.853016272855157,44.45547010847532,46.8564356326269,58.10608251146798,64.70481058331286,72.01201902752977,70.84819176411281,86.43298153052407,89.90806529896933,88.70326898318505,74.78351329516578,73.3061092540361
2026-08-07,75.31123866617456,66.02737346612504,63.019155187720784,69.84719075921919,69.54495559558312,70.17402956724281,66.17859736268068,54.95924227606905,72.1897758408239,66.82643461469804,53.81143795172162,56.27775600818678,30.214573820020146,52.230500496651814,60.02798033632418,66.49087033245485,69.45155128683355,77.23380027629024,75.14923890259745,88.17254760951558,90.40082142860132,89.71300380281829,81.51949521258689,75.74929772554142
2026-08-08,76.74306656445782,73.30363951910559,70.74449247431819,70.3821662557379,71.8755849821967,72.04044442510964,70.69978851352866,46.83689224768157,60.43767183364491,56.791306699834884,43.16425257669877,42.10835497592324,19.749805956108425,33.44452481082377,57.78770773981466,55.54940955596419,57.639214114503716,76.16649060385495,78.59710791181551,88.76957840992242,90.55883621429798,88.28775282924667,81.2684359144646,75.44853392674844
2026-08-09,82.82976051245508,75.25451469088922,65.9483829539245,64.06306218859635,68.46823543793843,68.13025199005277,65.86355289013976,41.2399381904256,24.95734364154581,13.23703990203453,7.290212712232011,10.806706285735519,4.530265416437023,11.520546111699154,19.369652757731927,20.812604676534022,33.70443141380477,51.75521960220983,67.76577477888173,80.4022204957563,83.61978505275893,83.02154690546774,71.437201269288,70.02619978258706
2026-08-10,78.4652990985697,66.49683173480354,61.41811855503419,60.12116692157047,59.92656180979829,58.4611985890052,58.989789961385085,51.377033727139626,68.53400733931707,66.10546981272464,57.90768470984687,50.29099861770575,37.73679636890368,50.98051793582031,63.143478245127916,62.44918901991567,65.33687303286369,77.88603945691197,80.49495137957993,84.11211705699037,85.8096948010425,83.88724585468043,74.72191027837367,74.28080333779454
2026-08-11,77.83714409977757,68.25711988448137,63.37965185629889,57.764165766872786,58.768462528280075,60.731069868374654,66.27969475861975,44.39295227969896,56.93820298013111,55.631777736187715,40.807526346929215,49.11772449704725,34.246429518067636,53.26440745774118,65.88029831806358,62.2777542089306,75.23803746743414,80.31684169948291,77.98130111922555,86.07026547079556,89.46688455141107,86.10513258822468,76.50403681663494,75.48886810611049
2026-08-12,75.92137769257504,66.52546519207853,68.96721443309283,63.239333901241125,67.42288409288771,68.9315655273222,64.24384531374129,55.03389852970265,69.47024741992848,61.94047654482855,53.26618690321991,53.98232179831397,35.31918048294972,56.376446570401555,65.67585013140042,64.03803127596652,72.6382950455223,76.55340940297975,74.56448394004799,84.88897243281063,89.24390916364675,84.70792880138293,72.14562715681679,73.61907000137097
2026-08-13,78.1595966891623,67.57749175325178,64.79786140028281,67.89816181684944,68.09315660631857,70.51421843975774,62.43244219384751,53.545277975125146,68.42197913507755,60.03927436468828,48.00269852889609,47.74025965814416,27.637163171726204,48.31574643671613,56.14769693475184,57.24586935002125,67.92149576729662,78.21143233162084,72.99848702882822,79.30175915962475,84.81922378051438,80.00979640671179,73.95306119640654,71.35124962873485
2026-08-14,73.34463835012969,65.05874246230582,59.10308629838996,59.288844648855545,60.125475462887294,66.169474186235,58.30657735578016,39.2097499369562,60.034570006389394,51.50567512835622,41.16388826335924,36.8291342576803,13.308573043251572,41.74469798189526,51.75495270602945,56.83918817543124,62.77315308169338,73.28584492466659,73.19271082358756,82.69076221455568,84.91866794475301,82.25868105939881,73.24551376930194,63.4983454350771
2026-08-15,74.28786050172978,62.06071267337028,57.95854403913456,55.0358739395964,50.78772393111178,61.741761496017816,60.257345934804796,34.53620135571391,38.79426585548379,32.35016555731846,23.568789868761453,29.843192710761144,12.097922885794341,22.21807728670832,32.376359248878394,35.542199390527905,49.64524499448147,68.77767309809175,69.55308502679421,78.28350382454104,83.87355688649279,80.80970286430869,67.67924645981113,66.56577645236776
2026-08-16,71.65548787595237,60.0348024755162,53.963825739820194,53.35819559550511,48.872412377111765,50.34484694080142,49.59465217127997,21.082266072531045,13.65700962410628,8.203928606300545,2.6411142831144283,4.339003890126474,2.5288389344671556,6.983998044198855,11.989117819089186,12.737693148632657,19.239908647435172,53.12551994313964,66.18362214325576,76.77345189607287,81.45331151909654,78.8235797602945,69.51162145649336,68.74749829944089
2026-08-17,75.64870377650895,66.09104939136252,63.396052220587876,65.71244532271636,64.34552595187577,68.79012020352384,70.68636407855192,53.78247168456538,64.76212838743858,60.258577574331184,45.065184803178106,46.10201548717546,35.20125835710826,57.83951267501877,69.62343727150437,62.134947138613086,75.52094087336756,80.16788182969097,79.9423404657665,82.5101300677443,85.56816630561836,82.02369816025639,77.75893721750367,76.55514520796754
2026-08-18,76.2090928037221,71.01753871724488,70.0274389256618,67.84661139401658,67.86023635650574,72.18653113177132,72.18281270284292,62.02928459639142,78.75136286841084,73.47263538347802,62.901573607579955,65.13398401597166,54.77921642198334,67.94630783219954,72.02293789004568,65.79147744946134,68.85679236989239,81.27015206600947,79.52659753804261,87.67325365267807,90.82818096265493,88.76430596043666,80.1454689596364,77.40045105195499
2026-08-19,83.23271260159432,74.60432318436249,74.09114996875519,74.15248441095592,73.19217603022811,75.44268512092408,73.75493126765139,65.84147773239569,78.52532946727817,69.8165301987431,60.01993222238822,61.62190665832167,38.908354860701216,64.39576252948547,68.25983675091716,64.52495314667881,75.86846745244358,81.7248164396281,80.09141195151832,89.57645160942468,90.8558320949106,90.44050980003371,76.87503700033112,75.9292747087709
2026-08-20,77.08504174438055,75.02955590913335,71.98409397078842,70.91105082620463,70.99855623434703,72.6075121346513,71.79401420316576,60.75401034622401,71.03535974670815,61.3934113340657,42.94743869228668,49.612605127598655,33.65015149929956,51.30253967455516,59.27027385678579,52.280690012193524,61.72282375688692,78.86248567360784,72.16296042935774,89.1596164340159,89.63056763851783,82.57979479544294,72.12361519231354,71.63865718829646
2026-08-21,74.80562062314847,71.65226070866777,69.95765892266738,66.48722028600822,63.92020233162167,66.40062064429601,66.30752987665684,57.59255430323718,66.58339891454992,58.994802888904104,55.50010316608695,53.99776282506483,34.02496176157191,47.30424479757533,57.64008821586178,63.52278837526461,67.85619336146502,76.28547898447378,76.38629372821852,84.95638294837443,89.1981541390629,82.66784016924515,73.47194035143112,72.24106850679937
2026-08-22,75.28441695567881,73.41761325374786,69.49163221450353,67.5467914783439,66.82142775903117,71.13331528407504,70.97593269301166,53.43331241043422,56.954075242291786,53.6751921197708,39.03539959311846,35.76601782875892,23.53627287216702,37.59417269523311,52.24745520519046,45.23889616995312,67.39300937022925,73.67240358734637,76.13756360913882,86.2745421904186,90.73914487679282,86.15811295053834,75.95407945303252,75.26167776091705
2026-08-23,75.20932508492098,74.7689024348613,73.22793259263103,72.61003574630324,69.98445185854722,75.61260034337165,77.61147409932963,65.43483927100392,54.33977191135585,41.4660984629893,29.565796299733712,30.168117078440293,26.016499112689832,37.70274906650763,47.599933655906725,43.04852277619646,49.79461724762473,65.7470185582981,74.74152721106832,84.8317698905392,88.54036020134787,87.74889965243425,74.35076094879155,71.32282256108519
2026-08-24,73.39570861779679,69.33236304921695,64.38119658918717,62.60959959856787,60.90567635607285,63.0446837955368,71.29915220809336,54.62930501487534,69.8748161207733,69.4910928806336,60.49709470828601,61.33063400381708,48.35966926811721,63.0246513780783,64.56019870701658,62.82404983497075,66.9767938790957,80.0246728536045,76.66968013934596,83.32844659959258,84.42105637932416,82.77872593721202,75.8257409059944,69.5475174416113
2026-08-25,75.18072182324612,68.36490009879283,57.57628190753341,61.07219941426545,64.19076891422755,67.50249712800611,68.13719231170313,43.60582455678361,65.69337364794649,56.1172231084456,49.885988106702065,54.03430072308917,32.02676474766207,41.97771172385847,48.0605508528738,50.71821302074884,66.2459702470739,76.90542155716545,78.5929694189869,87.20259748699021,87.84765624819286,84.37219842671885,73.63097864876381,72.93657989907774
2026-08-26,76.87291486901508,71.25303548444563,69.65304844061671,65.9750883077281,66.43650342751829,69.51867566977818,66.99903802982094,49.572527654945425,66.13967038891894,62.44512017956514,54.588982755115005,55.9616587397414,38.79637683559036,60.82647054131947,65.19047627118779,63.249254830477675,66.2619516022771,76.59360826091601,73.68446419338404,85.99470500579625,88.69564992243768,81.35633535625163,72.60728661935447,72.55668834784939
2026-08-27,77.3534777571685,69.96538125780044,68.48200373410795,65.2918257859965,67.13200830323176,69.55223039532797,70.16894326844677,64.72577281206506,75.30364108398352,70.49006429499481,67.0527489687261,66.73116023466886,46.256485783963825,62.90543262845965,69.81463638438667,62.59732910086768,76.08822339176534,83.8825143748952,85.77002018019024,89.69860437392722,90.46052722409769,89.48687253785074,76.43932545217936,73.87308997753884
