,h00,h01,h02,h03,h04,h05,h06,h07,h08,h09,h10,h11,h12,h13,h14,h15,h16,h17,h18,h19,h20,h21,h22,h23
2024-08-01,80.28444807023959,79.2295016036881,77.53116157234409,73.12798359920026,74.21557477622049,69.93491814373067,65.44397880183703,63.65785708900718,80.1053978539932,80.78427788715338,77.52219398868448,76.81690742495196,69.07649731748096,75.88177793637294,78.44106690267199,87.52280295907326,85.45936810319044,88.33605798075325,89.84079969172097,90.50211227366486,90.40926405199018,90.94708652782323,89.30877501832346,84.87498818120662
2024-08-02,86.39394739099576,84.31241705800127,77.0988016001864,74.60174128454027,74.05291982438655,69.91648181149189,68.65845687666702,65.2542963865048,85.60926277721698,89.17961353974943,80.1029743200201,76.8906161884416,67.27538030589365,72.88859745752656,88.23999025707319,89.43177534067193,86.57449100786512,90.80232221230226,90.31207847600362,91.47257905320274,91.41781288020219,92.56955751555711,90.1675487226845,88.96540003757356
2024-08-03,92.41034401752009,89.41621484650896,82.28695033708986,78.8635997937358,78.68822644886399,74.24402739070707,72.88663669901243,62.67255511440503,87.77749413329498,89.68419096628669,78.62909720423801,70.06726215823548,61.544567350579555,66.74378149038418,81.67195457664208,80.95370335981586,80.60999111227963,83.3514990930712,89.96722487795545,92.80625630175118,92.30094258907491,92.96916632014567,91.68704295415034,86.22829254445317
2024-08-04,92.65075589936806,87.83004775806674,86.30750260500194,83.24434807231788,82.73961763684107,82.62313762687276,75.10226375656633,63.36316602098371,70.92911739428747,72.31488444282046,58.21777208706353,54.96068842786679,48.26854844474826,57.48379707911127,61.04516503199694,57.45300684624608,58.10045110677701,81.34430473692997,89.05604411287774,90.56002699709592,90.79810564896438,90.45615838443034,86.29413683342422,85.9582891515074
2024-08-05,88.17266856984014,86.29260659152979,83.67728505053753,83.80985894189406,82.52878049658442,81.14226888341231,76.94243707187309,71.17819953962592,81.29232085953572,85.84072886539167,81.98019959305107,77.45156466575578,68.09289800130684,76.45660670443205,83.86333171712197,84.68986700224382,78.25707037874952,89.95974180671679,91.25966604213654,92.09345206355361,92.1585682913999,92.34766771466641,91.29809134914848,89.38775551519717
2024-08-06,89.30507853242676,87.25697611241654,82.23829214452951,79.88532343907265,79.04018928026791,78.47931852787953,77.25155919314126,71.45739152901977,86.91958157597328,87.61011609220006,83.17229588909217,82.33936885177354,70.37207429603328,79.32337317222078,83.51307085838887,90.38012048887545,86.81738966273956,89.76618316224602,92.09183101410258,91.83820497613061,91.348610056786,91.56748806747305,90.6110060421887,87.16927693352578
2024-08-07,88.00980600417138,87.18190374216829,82.40876083353956,73.81615069171599,73.11274453660359,75.0140565519812,66.11204925646645,66.87385315421764,85.93601875060206,85.95115467542632,77.26394243644997,73.74863674998917,67.7726804553707,78.24265945092009,83.91142426711582,90.21749416346901,89.31139217687941,90.02388984793859,90.62417074965813,90.61482584264355,89.82545001409129,90.04824861239054,90.03819755927816,87.79689139514136
2024-08-08,88.1813573734186,84.56690148859464,81.1345266021689,73.35551082134721,70.69716612279191,69.92634285523387,64.61444277733786,61.23057667282035,83.06563188765672,82.54533593246171,77.21180982349806,74.94495745802544,62.39718994756107,76.77382905715386,84.47108287294624,84.93941516770695,81.4937964756264,81.5955222578936,84.3326520947395,86.83042142201604,87.02872479406689,84.75467266847104,84.69988455079893,85.13518283206966
2024-08-09,86.00418754096795,84.93286070432694,80.45561228989489,75.87036294807231,73.87995938438897,68.57570174553264,63.754606636234676,62.04081729125373,85.29343842774593,85.51770001958647,80.53173006694448,78.91506202834975,64.62710739809265,73.51459937191002,84.26267268070801,85.2958793080875,85.82750876439702,86.02288674141842,87.26036250444416,89.16517655799,89.65408363860595,88.81636744422264,86.3779095899594,86.33198932505582
2024-08-10,87.05702407365536,87.33116367192855,81.77905278472876,77.16225392837819,75.48050702301487,75.4101832048142,70.16099211546184,60.873213046090456,78.45223740855373,74.67339257132811,65.63023022819058,65.77020643367322,53.15639450340058,56.144068030987675,68.31558045620883,70.46595647140468,71.38396466477323,81.65071050369642,85.58855381932808,85.97521784578218,88.76385741148019,86.37045709030166,85.73178590179528,78.70175061964052
2024-08-11,82.98667091198573,78.21359800726216,76.02531196009728,70.41496598477835,68.75870058714841,71.06567972107469,66.08673803176198,51.82636876123762,55.648983029064205,41.303545785760114,36.8762059894165,31.554984447945827,25.994883670386066,32.91166337872949,61.441271493611154,64.95800925379108,63.572503183476215,76.35209196530427,80.79182029910362,86.08401656327891,88.04637042188396,86.03772457728688,83.4685434111378,75.00152966821727
2024-08-12,80.82446493957052,77.24149044725223,68.74733599229891,68.9827467087398,66.12124891631022,64.4242857313048,60.87908506284299,57.80463622759993,75.6989805079942,76.45125540791393,74.13547792524254,75.24086478746159,56.34543493511423,69.5393407696549,78.02112228060774,82.25525189178906,84.75402453017126,86.3616361686555,89.5586789545578,91.9632462009329,91.61288156799648,91.207341072841,88.28942526573658,83.93905533469437
2024-08-13,81.89618963543789,80.03232541506885,77.95256551751511,72.52213147681378,72.72180975961298,69.77846914497812,63.70530002887717,63.25285706302069,85.55585185866386,84.80657931580245,78.39241759899359,74.16861546280238,64.6301336578308,74.3523265093583,79.98567663604275,85.21614675436327,86.43720789008816,86.79913277153406,87.0284085961776,89.40389289859479,89.42302346168461,88.34549880916158,87.11731762642574,83.25441911618074
2024-08-14,82.98293133328418,80.87995604329893,77.2803538612619,72.17383506106049,72.31831515750844,70.11070131726522,68.43959453544089,65.15138351262057,85.08041499265593,85.01232054460807,76.971455194447,76.67756466282268,64.11455428583663,71.05090742171913,84.93847434694922,84.04753297646494,81.65352913751472,86.59552476142257,88.6574659526914,88.8884444966974,89.1558978164966,89.06683604942235,86.48840888845275,84.80380863442021
2024-08-15,85.71122394856243,83.7264191346533,79.42000316895161,70.70015070094519,67.60868215820527,64.35697631787613,64.5724082346628,62.882372449669745,84.51308636896728,84.9187901007682,79.46380730492592,77.96041519681678,61.76312911273172,66.89321821667437,81.50611356323544,83.49467606449754,86.20338222537053,87.39691913540855,89.82529606738245,89.70420975537819,89.71044739681841,89.71478263491763,86.87732599792075,84.60930244489174
2024-08-16,84.51342910292188,83.20682942910587,74.46056656245464,71.5398593903305,67.97112629005787,67.95234897215072,60.04599117216064,58.88139603925002,81.49659588373095,78.62663369695895,69.48065315203279,69.63160039031011,52.062546936701736,56.831508551542456,73.72040802469027,82.60249809018505,83.88817665966046,86.28047755325473,86.52508944339776,89.1519043897891,89.42321600544498,86.74169804975969,86.42056608015564,80.76001539244565
2024-08-17,84.89015290929738,81.59800875054975,71.7100730250454,68.25055096139279,67.84024928907998,69.09057874374425,65.67574205876035,56.81963374142381,73.14347298254027,70.48616048354859,57.578498573061715,52.43720394946269,46.80036617609585,46.50579631833583,51.10315239676654,60.59185889358812,65.01681470638746,73.96286832657457,85.69751639442553,89.54890845282188,88.85136492421464,86.12056516665514,83.89638909912482,72.06809703337244
2024-08-18,80.6235920788247,71.17462983067469,64.87697288861196,69.51489019547355,69.39422384176797,70.1164871400971,61.54080009388262,48.2074733843404,65.07732045318143,45.56991466022798,49.53118804588969,43.118835253599215,40.67423409626941,47.56486016567258,53.16151410120279,55.76381636047512,54.411766216897455,74.83121588463764,85.61639839649213,90.58839409234568,90.51833100257782,90.8011114861335,87.9345939309805,80.91433676128077
2024-08-19,83.95128343289304,79.1324936028609,74.34889977204924,75.23646580972131,73.44282556280952,71.9109004658791,74.86755803026689,69.64698555711064,86.64848048978155,83.40481364685643,78.12903797173296,76.83049793036605,68.58288295149079,74.31497761465347,82.60797114989792,87.55474360832426,89.20899251943158,88.0990830303399,91.37516520133747,91.69919477257359,91.30698769487434,91.16035336392727,90.26451077564182,87.01204804092353
2024-08-20,87.94473148649844,80.81414709655672,76.28738267053122,73.36089416417832,73.45225981815507,72.64614074780123,74.65431155278586,70.5349547239106,84.92846275290863,86.76189689505402,84.56024332901548,84.01168688663091,69.19988561942661,79.41900489440343,85.69380408706365,85.99942260586896,86.86538166464915,90.57397712830384,90.5677268675846,89.4044769529886,88.8725115891044,88.94956298462688,89.72382761506864,87.28450483847764
2024-08-21,88.93313932631672,85.11192752237665,82.46067287087469,75.54746862350773,76.58487563708073,74.58332461923953,69.44075718651229,66.23514139735661,83.36168091594826,84.35647146301515,83.82195847406953,80.41532185152,68.2501681627408,77.38397692331473,85.80242731015103,86.35706706047301,88.74565049801232,88.59316701520694,88.61277826036789,89.2049739236723,88.86855682632805,89.29716894792864,89.51288939727358,85.94258022235086
2024-08-22,88.195395172598,86.65504376537591,84.58679061537423,80.82301772923007,79.27420836493727,77.85522674539286,69.51483668597942,66.83180684243233,87.09962786239271,86.74473345385627,82.88272300152656,81.04304048979698,71.97473863070914,80.64753821343062,85.72721807008699,86.49611159347506,84.03588023210287,87.8000509748488,87.15404587030068,87.97536586594323,88.14294141965394,87.2397170696969,86.05508288267797,83.94146020806365
2024-08-23,86.57907737243107,83.38318964724495,76.07272152670951,71.9607480323249,71.44686986086174,71.64468105244863,62.8464723145519,59.067760093440924,79.25882927671907,82.32039332319148,72.65430439892829,69.63481565238827,50.06069675658374,55.97740593052686,68.38809442044908,75.3357034847205,79.37528619178451,84.67119501917566,87.90570978244088,88.82179643923602,88.46454128486008,87.68604723575483,83.92437110140268,81.13859732578932
2024-08-24,86.3865664161436,84.15527267040646,73.84743023857409,67.4225796225185,68.76811725218872,69.80545218294421,69.55067568368355,59.26882607470725,72.80344072041797,75.63339892243228,72.00166830810126,66.00237394141942,51.46880412473346,53.69745375534321,70.82548916309578,76.80706200165442,80.13414362890134,84.09229900544766,86.47548325894854,87.1870215907677,87.13564937382753,85.6557184243966,84.4177420952924,69.99472920621447
2024-08-25,79.28412579586958,80.89501432920079,74.40226095760501,69.5990386281686,66.04612556851193,61.67644841358356,59.93249767937089,48.67590196539665,50.88768675535537,47.097361930743645,39.623360388715675,40.72928402455174,35.2962473473626,43.29325461707775,56.62553985155195,63.10176322852794,60.03241853405981,71.7212130600431,83.65052678843986,86.82148854811129,88.51258489900789,86.93648479176898,79.51229618189122,75.11075028659488
2024-08-26,83.44550637270528,75.65583883137295,72.50732734621478,67.62113407877833,69.62874876181117,69.48844578040428,64.3437054251456,62.328838243012946,78.21999529747657,82.97725789710091,79.845095006123,77.79807332637264,63.12467873711955,77.78271151476622,82.08402154628102,83.39127077401089,86.18679383596655,88.46845686653089,87.87127415092338,88.71373066055057,88.70944501812546,88.70111427258017,83.51378284998182,80.82817480451949
2024-08-27,85.84130331810357,81.41484638577901,78.99431330369913,75.31896074037031,75.87128985136505,76.96824944797307,68.7764472834721,65.74306383995736,80.78757813219298,82.8329133615014,80.25290875726864,77.75775211344451,63.82570412381656,74.92865877810684,85.69039071735675,86.89926176015972,85.82130968702202,86.88509054440412,87.19566212079161,87.85200006829174,87.94608583781054,87.21282982141913,85.78520319761093,79.73893107205096
2024-08-28,84.92390891299758,82.96505357843643,79.88385909290909,74.82703733820607,72.58820294087205,73.36199730413658,67.71261848981527,64.00987555108861,83.37833388004266,84.74693395914481,81.12971023377608,80.34084855722978,74.35041805995446,80.70663423064366,85.18784786777468,86.64526398405263,86.57076538049138,87.75389714096269,87.95392982765026,88.30056257114504,88.26056981100514,88.24284915541114,87.0772578339373,82.17799414116489
2024-08-29,85.29992217245668,81.7165370702275,74.23050175824113,71.40953634313014,70.10972969783846,68.73957058290324,68.35925578115766,65.17833091748662,79.31740015244698,83.57296263574611,78.93332476628746,75.68572067617855,66.69936735145882,74.73099194076929,82.92432900688733,85.1430252689239,85.5632481462793,87.59300669647823,87.80910294381437,87.63938777695093,87.59120684561711,87.65516727908067,86.87505959358467,82.2407890686687
2024-08-30,78.69767687724558,76.98819526110081,66.68553976002033,60.92759808360866,61.82689517698545,62.048558194008166,55.41610830482982,52.05480821126299,66.08358060505529,72.48834272642759,63.773680775504495,60.00383323032341,49.55102224405209,59.509090987800455,77.07084128139454,84.40833369959245,79.65159029877421,85.1160965624002,85.83876082417015,85.91086277509231,86.80668756039519,86.27503962273416,82.23160000128509,71.22500570658728
2024-08-31,87.6607791960658,79.46209593907581,75.80913297584229,70.85834069490733,73.1283904278236,71.3287221042031,68.73360416116792,59.32550056751707,77.0723970194487,79.27415040091527,72.55146370212447,67.14182594417765,59.0674132909553,63.50468724701394,64.92168897771197,69.04029170311249,69.45199647067227,79.883514800064,88.3308794620231,88.27337816784367,88.11844004863481,87.99784572648207,84.72868339717738,79.6741170010162
2024-09-01,81.30826880153899,79.23225237927535,72.5116314065806,68.48317431961165,70.38986009970981,73.28621458043473,69.17355710334735,58.98999244177577,57.87679486045729,61.815743564476676,51.057998524680215,47.08934951819616,41.914921237133946,55.568162262192565,64.32091629940547,68.77157712398801,72.26282995936921,82.40942717150367,88.85715873330372,88.23822372378602,87.94364878209738,86.48961365694207,79.22645185100451,74.27535237175343
2024-09-02,79.88738476247418,76.71833927521612,75.554124373139,73.80564930026235,71.01903194917946,73.86171971838922,76.03084694519596,66.41962911638663,72.19595697894958,73.27810782157984,72.67463042620243,72.4921161350323,62.5248733793879,74.99580534975634,81.40624280135152,81.81861918866477,82.66224656288392,85.44056326561612,88.14574730561141,88.22780571855212,88.22001388884169,87.58412962201203,85.73069417469739,82.77589027693224
2024-09-03,83.40922082261284,81.78770099536901,80.50288299459461,76.11417870070302,75.09056650880144,73.81504548874891,74.16842113772674,70.72308560720658,83.9733016656861,81.95755068190935,79.6368364052735,80.01375647265276,65.0517959956841,78.82027346805728,83.57034906114197,84.81364457741388,85.14612131472853,87.21321907070035,87.62809795252066,87.47122834749744,87.72906117342072,88.12568059952149,85.26727496576916,80.57255798565157
2024-09-04,84.49267020612133,81.49320241400518,78.01397678884129,69.58667630835413,69.58012768438593,71.89804248144812,68.33350845244605,65.94388252859173,81.64717680165597,79.60350946882456,78.83991383641407,76.23594369270566,62.899899609521015,72.38366351483155,80.14097011872902,83.97262843731363,84.73563790447774,86.73558058412675,87.33122159463008,87.36586705895455,87.61374573526642,84.8454465302538,78.74769051542103,75.69013549241173
2024-09-05,81.59745732850216,75.44233542040124,70.69998317562455,64.52030731693372,66.12621898092286,64.53120453410891,61.38277444959944,61.96771176167007,74.38210923875853,75.8421644618424,73.54816474998606,71.13892490558041,57.05001060500852,67.51746434292083,72.39870591047584,77.48425671014027,79.81911019260679,84.80981636968146,85.42489478404549,85.44826251594178,85.814938915948,84.91424631991475,76.36769818517864,72.88322267907263
2024-09-06,75.45029637468575,74.24868506918763,73.83192715941364,70.09804728114854,71.7919811070616,70.75910389275465,68.99224619108263,63.40929776560906,80.5400840340232,79.42402194028428,73.1401978707329,71.05336477173921,58.22422813223717,63.21628202518291,74.31294741421846,79.40397162600452,79.62783680499851,84.61798403864128,85.22525838727326,85.48757806814635,85.52749456901643,84.21443817888039,74.76698320579064,74.94863090484347
2024-09-07,77.1367963358861,76.04220381385672,72.42911224855744,68.57192595671096,68.60979217097827,70.98160041727297,67.23122757251978,60.50975833471586,76.97522165167335,74.61002179631565,72.48256017889494,70.37827780611592,57.56293819721639,65.21036003457914,80.45280940356822,80.83967484378176,80.19668620764324,84.45876324979534,86.33390628961206,87.99413958841563,87.50916471552128,85.64315577250468,77.72713601771522,74.42960919208808
2024-09-08,79.76697776444126,75.27471998894757,73.94146177790428,72.43097804290403,70.80547315731827,74.20941021302605,69.3176758749687,56.06176285520749,44.915191873821776,45.72384615640371,37.260157421324834,45.629665542198005,35.6537315040222,42.514832778756684,61.50157748732218,60.963542539826335,65.64902667954843,76.66343151956877,86.06095746748106,87.64288248784044,86.98132710892867,84.23937236360923,79.41066932017102,74.02019361096251
2024-09-09,73.15983342983299,69.56440014114263,63.88795475493309,62.01597085373141,62.318947363697795,64.4663717168716,62.736664649317916,62.46955901140759,72.70699060073053,72.52573485465031,70.58433009100796,70.48564621057844,55.63291168394264,68.5813679323088,72.27221014314856,72.32333039609112,75.89909182300893,75.69003492343587,79.09532662932095,78.16192434598773,83.6587030695538,81.74771066796403,79.61058343898219,77.91168683123044
2024-09-10,81.35451199435455,78.79388969685417,77.5722273088322,71.78520315476972,70.8120528040406,71.20494143830231,69.30554559985049,65.44987864461349,83.83495314759286,76.09518629816667,76.13643164996635,69.05353461113037,57.278221256893616,67.13724640376331,81.39648581297212,82.85054436418453,82.35864190397378,85.29627530152011,85.28056776151566,85.60133603725846,85.52167020437346,84.88687602616457,78.9662474464003,74.26899659707163
2024-09-11,75.6353968073372,75.55042912314516,69.35046378283486,67.46847364585228,64.93449403456083,67.12525576101963,64.6809431876938,58.68993592358472,81.18250990643087,73.26471385108914,67.63697862115994,72.15306759186541,59.969974681102975,64.51685974604466,74.65657048580313,74.99009936236675,79.07765607316944,87.14129733623398,88.3463740687423,88.4623821137324,88.37755781587065,87.74432610672011,83.03561969713388,77.84380868174469
2024-09-12,79.15373739294716,75.73716175618911,69.56524593209967,66.97813449960675,67.24891681361733,74.45139912703881,70.2924367875399,67.03018520808641,80.80135414854611,79.8897422135209,74.47260275466628,72.89672694500837,62.37852669486553,67.91931303109263,80.3524732645239,82.33755291473769,83.2202802330458,87.88246619712211,88.20260430723167,88.09848144760372,88.36725076967092,87.78210510673887,82.61304266825658,77.84760816310128
2024-09-13,78.07432192330359,73.5130548871382,69.35739782073222,66.41014987684724,66.69871311821339,70.73525703130574,68.53126194229708,64.36106885275909,79.7528997699654,77.11121026917672,73.62766327927727,76.19349051695806,57.19240413568758,62.22862454419709,73.49787965276124,78.156781280091,76.66158249745219,85.78065069908388,86.1908573114613,86.27891637950692,86.56634128158787,85.64364345935898,74.61993868907328,74.2794184697084
2024-09-14,81.55782680292178,73.10232729129237,71.58536349501902,69.57753193428691,72.63830368607577,72.04049319799765,65.87093401484896,63.03110691527697,73.26952099693612,74.6014716582935,66.79030071813558,57.29231407309129,43.958310592503736,52.93745578884988,61.136244405269586,62.69157407151645,68.21470227359379,81.15858543197443,87.6641451103353,87.89716354905975,87.50647978510891,86.86751226008312,77.63978939015723,74.93511677490729
2024-09-15,81.82021653307784,77.57856582745795,76.53160237045589,74.20099608148976,73.59229106583281,73.65612407858798,71.29176390378538,62.46343246310662,38.94202754337163,29.82727403633663,30.94701385761904,31.802874740333994,27.638657690746648,33.403278434571,45.386368978783075,48.450921075309196,57.739471838336186,81.58773755874613,82.72869414538819,83.87215622842992,86.87345547697149,83.48050064276548,78.50250164222025,75.53456839457697
2024-09-16,84.84217127313421,82.0110003466232,71.84463660199845,70.77256854214156,68.60385302088224,72.2561589542911,75.3812543469945,67.1104980790395,83.14360691834528,75.82379460312052,72.31623277269084,72.05758270934427,62.80406600007916,70.04033979840338,82.431648150986,85.67379619852402,86.95890682146972,87.59421784996282,88.55518997385164,89.63537093637791,89.29914244869343,88.74378674317903,84.8951863381681,79.95640711393831
2024-09-17,81.83211415117557,77.45172921328519,69.66386100768665,67.74154704156697,67.64713996255612,75.3719890245167,71.35362800278308,67.82272416874594,85.44753593399683,77.43956925981783,71.97179391168379,69.68983584648198,60.52741992047684,63.300133092128824,74.54094819408861,73.77395685137641,76.12982508312615,86.64178351878522,85.503871797811,87.73350324344227,88.58954392333956,85.9758652406135,78.50682692221011,73.91167787325176
2024-09-18,75.64036785725186,72.50891295574348,71.77304558563505,67.46482708866102,66.62498156986202,67.67446224144416,68.94373472108096,67.19991896923574,82.22713327997307,76.62428819296699,65.29453351721956,66.83015789783879,59.40515349112545,61.97564412997724,73.93434753152334,74.33172085223998,76.4190867847631,86.61075044841073,86.33236493525433,88.78094106552103,88.43617249301158,82.2519470930393,77.44754102990171,73.36578710143237
2024-09-19,75.90903861699206,71.04115118814502,67.12573827264184,65.96864377173063,64.81188844091851,71.33167548122948,70.36721928975552,62.649227204590915,74.87383284603702,73.78377161277524,63.94164650108483,62.35938968726168,51.729528741620456,60.15218263439097,75.13735147754548,75.77993269246545,74.88068128714465,83.3466117603208,80.67509476138994,84.57593384256626,84.40566600461949,77.26341578207958,69.94794338620882,66.30541349719061
2024-09-20,71.6803945229187,71.73945206244336,71.41039122040164,68.11555296205263,66.01954569669253,68.94616026922927,67.62218832749898,63.44504882669598,76.57770143065741,72.76442884500987,65.8503606142943,66.40795366182103,55.80135707035731,59.80148553203374,73.2421165773552,71.68092173900625,70.74128195930966,78.38157392035042,75.441385989627,78.29026563197233,78.55995866726592,76.18859111511112,69.80628227490159,66.23236103294778
2024-09-21,72.33070847821118,69.93971028536068,70.07312387831472,68.12482781471294,65.18302607796116,65.45329298918814,61.10538415579209,57.13220763447319,70.48037401288364,63.53849268353141,47.42891942774273,47.9872073804696,37.92181695926973,41.926562299158476,57.477223254216284,61.2055923012947,59.394104537922075,77.48215310108318,74.70743911763036,81.52412904761717,81.02543488383716,76.17543262458648,71.1730559889672,65.17263743855122
2024-09-22,63.650037165900414,60.38315869373871,52.74516301525144,50.218920675398685,50.1855500864576,57.043910893901206,53.24756262578435,44.24009723916173,31.228778097827117,24.949166077398207,14.19177889182104,21.531604852173487,12.363522133796925,26.04208313210731,42.56201763158461,39.929506787441795,51.18357445407319,66.91558507142138,72.49493285091965,80.04559251808135,75.89892986325167,73.14721131403122,70.7544478830395,70.26428480766317
2024-09-23,75.20008889429177,70.05507883158528,65.97994999319498,65.84613261194713,65.85158177997533,67.88706964328408,69.32293438343781,65.92724547646121,81.96061786988841,74.70347907688274,64.5384214173144,64.22994622910915,54.16729969723408,66.05580379990569,73.62059578902209,75.62191858121996,80.61887190508118,86.48833130449971,85.7289311149595,85.29657560089895,85.75702112533642,84.03805866596365,77.14749613608757,73.28969955639703
2024-09-24,76.6484541939859,71.60656799858596,71.38690227763603,67.71225268519579,67.5088306512864,69.30203589869176,70.13234280251251,68.1130868650176,83.21257613188799,77.1896945199401,67.89265964378077,65.72126706264935,51.58205252771627,57.837142857922224,68.61005520618339,70.97857178905177,75.2861426612036,85.87497356339289,85.30179000373457,87.7763881270862,86.19911903028735,77.08419491950664,71.94053853326875,69.24494449769865
2024-09-25,76.85602375149884,71.3562550807996,68.8474047047792,68.22175862190282,68.21300389655836,71.61721919036434,72.82988987723672,67.57790763441055,83.08509495958243,80.84850876610585,69.09724440303752,63.455441662871266,50.075803225261616,61.35233725394961,75.71388754629481,76.83728776944032,75.54536685223107,88.34163371771096,83.65538784594563,88.16030413715502,87.80505784662996,81.273280587257,71.35981780940108,67.35266603897246
2024-09-26,80.73583854689645,72.85135548227854,69.28470420822985,68.33899458563019,66.14570642336305,67.41008288789095,72.74700574603082,70.08522853063928,85.10048569002542,75.682661596588,64.76189606471677,69.28009037716983,55.93945469549603,64.0616911455136,72.11692589767615,75.74351548565568,74.65554684428403,83.46170813985745,83.77367976302996,82.85814796561193,83.42230121753323,83.99633823489886,74.69064723872806,70.64852194221505
2024-09-27,75.78980598408334,73.12922297577963,69.05048862825518,66.7597813594192,66.11540910933128,67.58307156098893,71.19946939238355,65.53256880723157,81.78564829929154,73.34875863072723,61.934510977399015,59.522158141289715,48.404729369511585,52.449209316556164,70.65895911358356,73.19709418232087,72.80560321074752,85.30079981628518,84.86531005052143,87.1702924090339,85.59155105499218,78.19580090153777,74.35155479813474,67.44733672499127
2024-09-28,74.23987914125512,73.61724289847206,72.87811902928448,68.18737710024858,67.79744220794069,70.52928824785498,75.04158817934328,64.61586580835068,70.13468538177187,61.69619029731319,55.73581458771554,55.92960887697958,39.982477231316544,44.37171725636066,67.9794074783051,64.69338105119168,73.64887767428691,85.12332653964388,85.85515982016862,87.27082510884871,85.05325585284935,82.35348821388001,74.66103811127779,71.57022749232574
2024-09-29,76.2981319814948,78.3919893790642,75.30585900891502,74.48754386101905,71.89669755375824,69.6652431988383,71.48555321566774,60.84479789752361,48.626548083292,43.4364517111263,31.816558898881347,29.23729205317439,23.19179628589714,29.299163027993878,37.46054236995067,41.34700639444955,56.74169876283792,84.18007989524467,85.16335448482518,80.49869381425314,82.73263186735278,83.7195543302935,71.93198853156082,72.1825083285604
2024-09-30,79.98392853228852,75.29306493402996,67.21737496541621,64.50915608140983,62.10176008103955,62.34314937038552,60.2604475526384,57.624105065640926,76.63466509795174,71.01614645057874,58.13920866490274,52.028586340265626,44.1453905837091,55.591729438966716,62.35399118857334,70.33037889543266,75.49412549338422,89.76619373652703,89.90129424094113,89.70823433619903,89.25803509390913,87.00399001593078,77.06379530660475,76.26061161293032
2024-10-01,76.36015458107076,71.84991898787749,66.88502370100005,62.18507639713037,65.60424171685194,68.77502475567964,73.05635554740883,70.83432116581932,79.1279917120151,73.78241354833496,66.02122539793214,57.47273516354065,45.94654736779768,55.194341326353694,70.84082021281898,75.53554276723965,75.74054826624457,85.20784321998056,84.73087640501885,82.43557844116006,84.79741035203816,82.47916716225096,70.53761257458744,68.12574051838179
2024-10-02,76.83693719328203,71.11638583206201,66.35784347232725,66.42079207332668,63.57044514805957,66.93140250091596,73.07555598575884,73.43497402709667,84.76737667864472,77.42626418365406,64.85764070620127,63.17220105843517,48.14544037712149,61.95659667169078,73.41628218559379,75.47547427593847,74.09345049878789,83.71597076691849,86.4507158715419,85.81628778592788,85.95281127816897,80.87254270229182,72.36860753248371,69.06272187070873
2024-10-03,80.36671764080904,74.42635343115762,68.86647197711834,67.5638762173023,67.15892299518174,69.17913643113081,72.7584069656634,74.57115253712803,84.07002725512164,72.28595767187244,66.10730754761802,62.84221284270909,49.77465495001572,58.480302895383694,73.99546877208566,73.66216114207862,75.60518556906581,85.71491679716118,87.37118032689084,87.4946677052606,87.73382855946723,84.17435183342972,75.60161167234138,70.69885808892082
2024-10-04,76.46683372391063,75.04141991913399,70.1759007718565,67.42632656488887,65.47853774591145,69.60201485573758,76.31573262203227,73.05062733511136,81.84566269240645,72.05385841429663,68.77253356901406,67.6854244258019,43.11209547872811,49.53463513353159,68.17959628556625,68.29130862291377,74.41122959638132,88.2331469195637,87.97514657961612,87.7166494907561,87.56917991184993,87.01435195323488,81.40086793999978,72.62902435787562
2024-10-05,77.6113927914688,74.65497689748547,71.4332293127267,70.9521713547761,67.53186781886932,71.2506008935734,76.35448622689204,72.4382696543092,72.99644611540626,61.52202748042997,44.156116405606234,42.77590251149779,27.232929199538194,37.20100226237324,58.73472069412157,66.01769799463533,75.2346040504183,86.20898806711182,86.22034281417129,82.2220925837101,84.96467298306163,84.76099496966748,82.65886704613358,73.65685316241301
2024-10-06,79.27362488728026,74.46098525942453,70.10940545625279,61.82603744538349,59.36778264055003,62.47000574999255,69.3503358503826,66.3471190255241,44.52828705192909,20.702808689249668,23.610076043496225,28.171152651258495,13.786263696618025,21.782096782742325,23.671849568816633,16.000391620386257,37.125383870773355,82.62972792820428,86.54061238711081,86.64406794284993,86.6661191438681,83.61708373161665,77.4164984612089,72.32226768898381
2024-10-07,75.13035915105861,75.98915302387815,66.48466536054013,63.72025423045236,50.176756309171516,64.25150252894882,77.85375678256649,62.12702923368659,80.94585219695625,70.61815616804982,66.05930594037237,61.933677314125454,47.89598047883282,60.33493273287241,73.29393054123545,77.40530293844002,72.44728241038057,87.74352326311845,87.86422374199161,87.8974602230377,87.288541453058,82.1784628558723,70.60286161877977,69.18118345478298
2024-10-08,76.25069608739135,75.8914033500472,69.31370469873902,69.09748270373257,67.3042822850158,72.65786926202172,79.97244766913157,78.68729502862219,86.06231899559656,77.76415195540773,63.70918485713677,63.57476944338241,51.23342221509907,58.71784624313253,69.61896788722603,80.56267419362501,81.19654927234598,86.46094553498014,87.73886471711074,87.6438119575239,87.49313551166178,84.00122305230654,82.47161574133416,81.64332041796764
2024-10-09,83.51507775512239,77.03238533585673,72.39354971432235,69.56079655432072,69.06898417737007,70.44975516600839,77.59080983498842,74.38701980193137,85.0792876300936,71.17963214847279,68.36489813168863,60.6386597206384,42.126803858233295,56.52121161880112,69.91119474156908,77.43129853529169,84.26109939034978,88.4583352008752,88.62071076807042,88.53459397431467,87.02184428963372,86.02606050140201,82.4774286189113,78.52706003199559
2024-10-10,73.91833247668401,71.65931368255495,69.33492717000749,67.38544561918417,65.97158284128268,69.5030140779268,71.94519544834624,73.69636404837918,85.35428887615953,76.71900174058703,66.54005445112503,61.282464881782694,42.087436554470315,55.31540669568938,61.68688022682534,70.35266957533698,75.90108718847813,86.64004761530438,87.51958983240075,87.60524368825321,87.69091043984722,86.4396468706328,76.96629652147496,74.078716103545
2024-10-11,79.08132092655997,72.29023039597631,67.96702558969098,65.88012502695285,65.41305831165919,67.54529340937653,74.58901338968097,73.7946568374158,84.08558962165142,72.71106102711843,64.77961565756881,60.764835252789084,38.315391475594694,48.63944210919309,73.04857103769332,75.31886820675247,80.69413432393766,87.96246520559022,87.89241737292342,87.7858042816174,87.85742198227756,85.59979158937814,77.52620979110922,72.45008776408848
2024-10-12,74.10566556061232,74.31486624813829,72.34586110631423,71.45213870492464,72.10091321075379,73.8337305278156,78.18293564193279,70.03702978497144,72.71354963583201,64.67091696952201,53.563963720328424,50.671473792347385,25.749681017123418,43.14510422015313,62.217572803363,62.3896101580868,75.10737425691929,86.48061768668069,87.8402671616524,87.0868779264557,87.30204819779198,86.54836061754882,78.69354417050381,71.88985338479308
2024-10-13,77.75806060542274,70.85713001704957,70.54634429261807,67.06267821720901,63.091974656162456,62.19925095060126,73.47096543477993,54.4817609822565,41.24236577061416,26.331477909972463,26.25438197167081,17.18321721874034,11.486744217842952,25.458034150831946,35.91608809155946,42.00917326977678,63.375017998558974,82.65231870305512,85.13522699881057,84.91246865206521,84.3442450234494,80.0049594551119,71.66929420279763,67.18262642324844
2024-10-14,74.56371082798012,75.45206315252001,62.717346435716756,60.29749819157403,61.15723977986742,63.18234098340287,82.71600069515529,74.46501114274483,84.22752861537231,79.40542956857648,70.16012670184517,66.02033564345888,49.69430947270788,62.588052783007114,73.51272391065359,80.47193512002389,86.59051550121053,88.2021785277202,88.5822430984216,88.51108193748095,86.14484444079314,86.5072552671361,84.66645481973343,80.03792816893196
2024-10-15,80.10768254741427,75.34981014318492,72.01435041861714,65.2765145502456,65.68290191419112,68.42957398611553,73.68384962681648,73.90101575262479,82.50072979324642,79.58340620082375,78.3470863597194,70.91007909329026,40.85310647642313,59.83328218272777,70.46185761942041,78.07526190297529,87.11667355792399,87.64424807691921,87.5733557488382,87.59457153282409,85.90250124104621,81.98400033637864,76.43218783181011,74.39290130644105
2024-10-16,70.96778786860253,70.10468507854571,63.86942568995789,60.91528014180815,60.198666138469335,64.41418124573964,71.042162445034,72.03788874116094,78.82169242320401,75.88808574574796,70.24743039590629,63.18493423026277,39.11728319491292,51.85443939213085,63.082097334279965,67.95754501755876,72.7657655251337,84.720715308463,84.48265000102695,82.86419297960767,72.46951464978578,73.84147488134107,59.53934210206318,54.68001021669942
2024-10-17,62.2797439072938,59.39256376856177,53.65200508706001,48.78463607518449,47.336311945677245,50.80061702753589,62.607420587975625,59.80060929714796,74.51057917757599,69.25800898104686,56.437502404262894,53.368180602588566,30.683894775182967,48.12439026576295,61.244797809558804,63.70680037177324,74.36235828475445,84.27719508365347,84.64678335979295,77.16800609776163,78.07746935274103,72.87041445734297,68.87427263829905,66.71159296408796
2024-10-18,63.10032591325506,60.338115180439615,53.668533319518765,53.31689183998824,53.089935375834024,49.192125637618126,61.22732473649984,65.79839605420034,80.99483793502145,74.30102564478037,60.179397614467945,51.1424353116699,29.711619310132825,32.291626125895995,56.160780920133874,64.7332726616448,74.51754346304618,86.01606943388269,86.38544880000289,85.35917504184046,79.92411602634766,78.34435227048672,77.86599854574948,71.50063091829888
2024-10-19,66.0472437005414,65.86358027871009,64.95496982272587,52.271131890230144,62.973371826072935,69.11607442903589,72.90662680944097,67.79563957128445,81.66893255467986,71.83524435532142,57.736584641645706,45.7245199533817,31.422480878393284,42.139435021177434,53.23072544967495,60.94227851160904,74.00672513467221,85.81080583294056,87.0461352564788,85.70352750426595,83.16657138566657,74.82040068022357,69.90684925118808,62.153434301593414
2024-10-20,61.17438967570579,66.86249554220456,59.574095057925895,44.70470233023535,51.38745666197936,52.21772240098192,52.178335623571435,44.76660117798404,37.41503309829383,23.80660181898642,16.6125073220201,14.494643809616713,9.405379469692729,14.364066655326381,24.194954282902213,24.834659926639347,55.07623921161998,72.28947076454948,82.32590872404397,76.74544971616679,70.45350705924079,67.8460519865224,57.83091490191705,52.79885454156722
2024-10-21,49.90256975870209,48.25762997487866,43.00086593410002,43.45080810685066,44.915672879577244,46.38619646827108,53.08485330202255,62.954699727944096,73.35527941452892,70.8265885204288,67.78697359845626,63.59024061532345,45.560611699563694,51.67213572673169,63.71471595944,70.21945731536292,77.25606292874805,83.1457529050508,85.38612320616267,85.08725908838967,83.81235102006424,74.62839441427347,70.54117733787882,63.53287594771601
2024-10-22,56.95821810021605,53.594888505712845,45.011801414305715,44.055995484897096,42.76782926214289,44.75318052162531,44.449111448980474,46.63037023744048,66.67796464547791,57.28808206521033,48.52584036014997,46.09116785105206,24.951491919258043,37.12308182779988,55.33746992275867,62.42501867523809,78.94640530796582,85.74301508586476,85.10821520675664,80.79401586992888,78.09904667248865,78.21362749480389,73.01607282505152,67.61651283652276
2024-10-23,71.27047864896116,70.66339868588268,64.9386791769488,62.58730750452327,60.98029315848504,63.774370615888145,69.05848791496443,76.44240837183183,84.84945340029516,80.40729721408162,71.61577674500788,64.3780472172884,40.09173418072443,48.7855697925403,62.527821074444844,73.09815601193785,78.1802095637701,86.25358494214844,86.82405275944622,84.36862241830892,84.0448210456541,76.96995969273492,70.16683856669245,66.1309613743842
2024-10-24,67.0356372858712,69.42961409849784,61.88634782265555,59.65933985072847,58.32396357871134,67.72619525279183,68.36837215117724,64.09059383741211,80.16740505735937,71.51038444963835,64.57025272284338,63.12401082672551,47.20485366995169,52.487434226930354,61.11155055333759,66.44891825019111,68.03887936902467,86.04320895686136,86.62419833404999,85.74277083585902,83.96540610423594,83.25927545645959,69.45398589352223,64.1616638444688
2024-10-25,71.34104254053437,60.86326236250858,48.829283143914125,48.494068705577696,49.414090692908424,51.414492740191136,60.078803484987986,66.865827338543,82.16123198854473,71.76581012109241,59.81315226743107,53.6293201672643,29.43269557292584,40.70983309065254,56.28925962577115,58.20051321591362,71.00734287366069,80.27732691867543,85.54075223087594,81.28957912353913,83.28337967190265,78.11528519609975,70.68636590588002,62.74546791366037
2024-10-26,64.4224045277852,58.97463518266994,53.27088358142409,50.374245911752325,53.7645217577982,58.93701732853664,69.7219562130404,61.97524436400629,67.88699674720901,54.293952392448105,43.28645799375979,39.53588679610003,26.36255817760223,36.359836942596495,49.513764252349226,54.287106780271536,67.65214648673725,82.43392860295711,86.23304966984975,85.44116360171202,84.90287603872777,79.34028025974399,68.91602840404359,65.58210958863056
2024-10-27,74.40522185098465,71.75900134977903,67.71313833548709,65.55928509268836,64.0348217596846,66.85522227172618,71.60239220254148,55.46266940829472,48.28202209300217,38.88484564152732,27.065206378724046,14.736450872339619,6.541945581027024,14.361673742387973,16.78841997049295,25.775790844947014,71.68373685426378,83.46512765359925,86.79834882655211,87.03745180962937,86.19919283020519,82.74151776281548,77.25934025307755,72.75872100278502
2024-10-28,69.18015503797285,69.08316036371438,67.88190240792922,64.98781561364093,66.42721579600264,68.80876359523474,69.86192756071206,72.74724996349877,82.90496443038094,76.89549484724535,68.15032338406267,65.4963200393205,43.16701155797403,58.07115233321013,69.62839131189271,73.00043935323853,86.27147168599956,88.50418194687381,88.21608045969673,87.21617892313765,86.75981829476035,86.22321553627502,85.19546569736745,80.18575817037511
2024-10-29,69.87147928288613,68.21634773561534,67.58034643528467,65.63670281683,64.35253506969012,67.03540479747973,71.6080825752268,71.75293305782236,84.93223450047809,74.98649732692432,54.77969267123124,55.5517033541361,36.31920757196828,37.488299900859175,40.52845216536998,60.457989451649624,69.04974326466704,83.8488954799967,84.60089144702623,83.86641791071555,84.04660813843863,73.72307391208246,65.6361176370785,60.873298053285055
2024-10-30,73.72807517762634,59.99341656179217,58.78902367596712,51.18439561139681,51.214277051458886,58.312329135259525,67.45445225114922,63.35112104416679,67.79380184694946,59.53199907376193,54.39668831985881,58.60041839274777,26.885187124055843,40.25180801850788,53.72906042109065,60.47435717673785,69.66572521543502,84.79880661584318,86.10799801933473,85.62779649401001,75.19606590175201,70.65171459597232,68.18783136792372,62.473382560659395
2024-10-31,71.33923661667319,66.90954224744559,62.491874120830374,51.35386071261653,50.19140560195482,53.96122856156319,65.440016209086,72.25393102709526,81.2253030824105,76.13991066497275,59.63888723166859,52.78326233170347,32.0028571890977,40.622027308248946,57.96589924467884,68.88055118141605,75.03871824658376,86.45230577102559,87.82926887854407,85.94315994332372,81.88473165568423,78.46313062491548,68.64630435568563,64.77214864622258
2024-11-01,77.42036951004206,67.96556970241298,64.00346726798264,60.002539645712254,60.2070004953071,65.82747192854949,72.63517739784963,76.14683752810242,85.41739396387077,79.37127480954669,64.35045337513255,63.321869075862814,36.688420895366235,43.06744088434328,66.86518544742036,75.587817833365,78.26844299389192,87.9898544912509,88.00121313884118,88.28568068148212,87.68634545538212,83.53136487864475,72.06655865195604,70.15960194943227
2024-11-02,78.55479683164728,76.30973476341627,70.92490698395284,68.13309617524926,68.12553029505582,72.10392962810315,76.52986476209281,77.72802235869509,81.74733556458624,77.52879619169128,63.823154082236954,50.6707561630045,33.67146710652659,39.98394766601608,60.309281450191904,69.5993478285573,81.76238149486295,88.056980246144,88.17070638250338,87.50009509057023,87.16758059585261,86.25897603324287,77.83250313861265,73.2508071589427
2024-11-03,77.19237055992515,72.23972224400353,72.69802401975313,69.94008163635317,66.10809734443424,69.39468850424466,58.92391532567885,48.039246039976774,44.440739192432176,21.63679522464179,24.252677100658595,14.792662231690182,8.267119135064759,13.02637026678461,24.995705800291457,34.7423007332067,46.122626757803864,62.760662170033015,77.84668429168401,78.58061797199859,76.38221108460098,70.15477786988752,58.048659613455406,53.14114643094095
2024-11-04,55.72438153006258,47.5093632157284,44.98723442751758,43.378573710745556,47.39776890177147,46.99221662996617,56.02966895122096,61.823610106075236,72.86596634852421,71.32525136878701,67.74213982581229,68.31995418502729,48.82801630885564,59.443526812994584,60.84454564097699,67.96203691906422,77.32888906565914,87.00562248420984,87.48132581235562,86.39254414954112,83.66360005660977,81.30021962657561,74.31077336015854,71.1974221719772
2024-11-05,68.13198085331359,62.909137821700746,52.21472159571975,46.527837536629264,47.324801683366346,47.70011417364596,56.24729616990285,51.80661557434922,77.46285758697701,71.34044442723935,49.98616459459774,44.97263643430851,34.90825493462688,39.28460105160352,50.664518531224616,66.03034641814966,76.99761980633623,84.75810704451939,85.12194718485237,83.76925045996923,81.38169717878515,79.42574586212444,65.3708229939474,58.01155466305642
2024-11-06,62.71617887436661,60.47995866100007,53.699515090315174,51.931361696845215,51.27224205682405,53.66168481926612,68.40287811379862,74.9381621814018,82.9431862270252,78.45988207361083,65.61617163051544,61.91016276303234,36.85830754318163,60.928235653518236,62.95068705589785,76.46477749046906,76.57064280695054,88.33004618950672,87.42483808369725,86.28769619540103,85.36198103633089,83.2885012342658,65.43327867308834,63.070755232287375
2024-11-07,72.59009599186761,67.81340740626625,63.297396482709495,58.7449254787563,57.42834596319337,60.05119985668361,67.13556977861371,77.68254142123892,86.84439118682987,82.00590807146986,66.12224770761217,64.22121923902215,42.558682187928866,52.47877831941053,58.78744039343867,75.12844020344913,82.191369969583,88.62801993495766,87.65372744872829,86.12814185542322,85.85237935833062,81.35401814299152,69.14860805797665,64.60894804557508
2024-11-08,68.9937654015659,67.39752368608362,63.42153962248891,56.97004174273057,59.652321808775184,67.11709187221338,77.35833522716285,79.90116521308755,86.14779607899504,84.51021383066941,63.57255674505573,60.58090690322362,39.37504196234939,44.70622125233109,65.94264366563048,74.44774964012478,81.69948817312277,85.77222654364566,86.37635387125168,84.61896761620308,83.78656958675354,79.54828297274508,70.78543426758401,66.35178540989186
2024-11-09,71.42907547883054,62.292464056939984,60.78203831963867,56.52118357686805,57.70012142636069,60.01957855396825,69.33521256686443,70.75204417198277,77.70600909586265,65.31993497334831,45.66635675046853,42.2100547172254,26.28733966203403,36.24949463081113,48.24903091574952,65.8742239019987,69.27841898191019,85.45107808478514,85.1916857510932,82.34396608358453,79.18307634241319,72.66194501503078,65.29350866265109,64.23653649164221
2024-11-10,66.74616337148615,64.50732294584368,53.18547097104606,53.179000172866836,59.727510360171905,59.53369254113373,61.03574403984637,61.6215700198163,50.687133779934435,26.622584276530144,25.719589521474337,24.49807987709153,14.87152464165803,19.464017639723167,26.75815263815394,34.77649310417442,77.22236930170342,85.94332180260335,87.20395660456029,85.55106793537102,84.6892913672813,83.14149666886853,71.93063391590418,65.75650723464268
2024-11-11,67.46802038590084,65.19449657180209,63.45133646630859,56.66746759500726,59.402339007878375,61.06085271302588,64.04164504604154,80.82890991576775,86.18434583932307,83.36489250765086,75.86629425126378,66.67539676003913,55.44963405739001,62.991597719343304,70.0121712001416,81.77475366460285,83.86826253973622,87.2891743252259,88.18353073893127,87.73961753162955,86.64446064013772,84.40184000487415,75.17019147546814,71.47904073024883
2024-11-12,77.17166946289163,75.67036351691542,70.74071635757839,69.75758006595355,69.93107407491198,72.33863932605134,71.39069112302178,73.58594017620584,87.62637055411165,82.12680856928297,77.25250176891959,74.53543482841988,54.88244742702199,72.85458723122407,75.91128501694406,79.63923694774292,80.0414088175367,87.56233980327268,88.19171502762023,87.89224242705816,87.42265440555562,86.79265307555076,79.52929909715161,73.59158705249367
2024-11-13,74.6771435625429,70.01099866179948,63.449512839256265,63.5972878805161,62.74603108254159,67.49504917948511,79.63037589817263,83.22556311612726,86.9638598141864,84.71093805603958,72.48367023288965,72.38766656999886,53.311910983932606,63.73128485370046,70.30852337703234,80.59504800758366,88.13793128765505,88.06342563978878,87.80373329336213,87.5414757990698,87.59905383762444,85.74544091208942,77.18068260672963,71.28671176706922
2024-11-14,77.31311293878466,69.78238188013239,66.91396308801731,64.97996184713276,66.01873212832626,66.33449708673639,74.06014895685658,82.35199916149101,88.0491131824598,86.07698111946634,75.22293863901808,73.1289566279542,54.59588092302562,66.14158849073738,78.15587861965551,83.12343809818138,87.665954617227,88.27954041793237,88.12075216525244,87.48162734762944,87.46235135338101,85.34932575789281,75.9718563673658,69.92536661126013
2024-11-15,70.7744994863752,68.15040497707103,67.87674184008063,64.3636874063284,65.01080115168838,67.50059810903814,72.06449619185169,74.884202448093,86.67074561691929,83.32501320221483,75.04991054581106,73.60090946233993,53.30504463545563,61.85388255853021,78.745358519537,81.88744650032996,85.22469233661171,86.41608357986755,86.31553859454601,85.59673789608367,85.1696455341943,82.48391607943142,72.17919406202475,63.73550419971841
2024-11-16,66.91194103233984,63.0302647772821,58.967527653829855,53.83417024797318,51.0971568936789,57.31716908169045,58.106108049478856,57.71151333125658,71.90172978743367,65.55904948639349,58.290329379393135,48.309287053598226,39.95537943720208,47.65277920701071,58.39637312239182,63.41930148408454,72.89348522409009,84.33648256276832,83.20046487261442,81.59493664021446,76.82908378187716,74.4119821796733,58.191832689969175,59.163067209362
2024-11-17,61.292856344323155,59.050036312586094,57.91295063778759,57.35264123761528,58.247939093498985,59.25859876618525,62.60365714236046,61.456899223129085,56.504900847226956,58.36385991780667,56.993926236490395,42.38753060535336,36.043642441640394,52.36064980154568,64.21494981862394,62.376079892268116,74.28047696173314,81.25513935449052,86.3348885617118,83.48732415867993,79.693533962028,76.36763838817372,71.79166961674845,69.90953533116907
2024-11-18,75.97462641320273,72.33696851794392,64.35407208713585,63.92852864202789,63.1070268448622,67.5866355479667,70.61435000887926,69.70222107330265,85.2406652739086,85.78862381858973,83.07864287967875,81.79464889907692,68.1174552067178,79.12552624728721,84.73283962980385,85.72038426700443,86.29778999922232,86.92332005000506,87.0973882006005,86.68279295028123,85.73898692810916,82.68258293543904,79.60353309197217,71.37896496039481
2024-11-19,74.5161879800231,69.91507114500239,67.18123489813404,64.83579144832963,66.84696577168081,68.02037513905236,77.42565210761222,79.8170752418476,84.57046430375493,87.71397451372341,80.38396572412613,80.09362592143589,73.45055687643656,77.1515937356075,80.05348079968837,84.05122632916914,87.09345210516165,87.66008520446535,87.86140257027135,87.73365714801803,88.11592515467106,84.55834016951813,81.29722267263475,75.4730345000739
2024-11-20,79.5948513333728,75.58322782766855,67.9676539257512,65.15254813087991,64.13893462645208,66.49845937599153,70.40610537602912,76.91519353849401,83.89992238886926,83.21151716092955,78.6324939869704,73.20284083118231,58.505847508408856,63.92125951574972,80.20325059363343,80.2215682966541,83.27528989572907,84.84705221643488,84.68146611849961,84.22493067436913,84.0826806192492,81.89127398834621,70.16098011522837,54.60548907851588
2024-11-21,54.524942276988845,52.06224249840425,52.604153885717125,48.61452288800184,46.71873828684336,49.25506593902827,53.827307899916505,56.70111116960159,77.85896212802763,79.22521008813243,76.85216681552403,68.79616263706846,42.28264614931145,58.075019067382456,73.2690125863862,78.24005659642933,86.20619434106911,86.91446596934,87.43801750328328,84.92379640334491,78.38083678505879,77.75987932340763,73.47052247398936,69.16209211883373
2024-11-22,73.06143417963143,71.09931899081022,67.33088378122142,64.7260350021387,62.94714783294236,66.53727426682863,78.44867547865628,81.00516333846917,86.72246111272376,87.11986588766587,79.50976526231112,76.42473190427684,56.15526053954847,62.660975558122026,71.45449067620312,79.4833135041142,81.61184608542801,86.06279017110914,85.6797388934751,85.13488182577002,83.46065991365784,79.49841722956225,64.65142086926231,52.33943748749181
2024-11-23,49.94318531276829,44.89727927032243,42.507739539819966,46.749277014604374,48.36858892013957,49.58031774355371,53.60448883553937,55.38110048042811,77.60283785403378,71.15837762526748,68.87055982908214,74.16206790442625,49.40731670326336,55.9206598454609,70.71500422777791,75.06388535171861,82.20301440985037,86.76011806483847,87.7187522137516,85.22852207313332,80.80995454051539,76.77187696528239,67.43293091025122,61.84455207277941
2024-11-24,42.92808752635644,51.255058183005524,51.31779425986925,49.423496129216566,50.320068417352715,49.972262704584836,58.14153133199566,51.77379646757766,55.642951288625895,49.97875272859061,66.61852494782059,50.99668324813757,48.78897796917508,64.04229615451138,69.81481525700737,71.81445221201629,68.38541645701031,79.34152471915829,82.33318225512382,80.29636642947321,75.67095462684294,71.51798253828791,65.68528487007627,65.13184163350763
2024-11-25,66.29793042547554,63.25903271593633,61.7604797874098,59.851126036294836,59.90954311331372,60.51723217713551,69.0573434406351,72.65902077627763,84.46770610482697,87.73581082822437,85.0642222898286,82.66462842762769,77.6333438401865,77.86873319046329,79.67663105073903,81.84843284183097,84.65139766138941,87.61223894480949,88.22212843173195,87.9594629629516,85.08463186208176,83.92497778352954,81.82029348093343,75.67046478054569
2024-11-26,79.2443357704319,74.10376300547941,68.33913616124177,66.86076583494284,67.11971759102138,69.75122757937405,78.84811690603321,81.974407140569,86.70494907835037,87.35006361045501,86.27725435763305,77.8288781194243,66.30650525555947,76.2553198434065,82.742537487893,86.82395877114422,87.35765571637188,87.41374061182847,87.44339795003066,87.76171753352432,87.6939569527931,86.25961064994152,79.89766507403588,75.86987510354817
2024-11-27,81.56922499797756,79.76895288689519,77.95344265171562,73.99010166635982,72.53663823198738,73.88114550134449,77.71359417310826,81.10289724160236,88.16290998239967,87.87842639618916,87.6791772959042,82.1771683971324,72.21196627710853,74.9402323854627,83.5440664459382,83.18941541217062,87.79530933798192,87.72655307129762,87.75407366700387,86.94774194488288,83.75166749455786,83.60370873136557,78.54341786425186,77.23360564885341
2024-11-28,82.33426538352126,74.09064497776679,67.04627466430632,67.9587455910085,69.01729966114354,71.21460306861277,69.01042555541876,81.08540121053252,86.08825427145318,85.92861948056346,79.98910432703566,78.33095539664582,72.79475215439642,81.70170985235195,83.94803330703363,84.94118257546616,83.97444365701884,84.82381102497355,85.13418669142301,85.56459522461958,86.10993166175689,86.05490166134291,82.40495582547068,79.74217158375757
2024-11-29,79.74158356892637,75.15883839200309,70.97992842164994,69.69588434746208,69.56982973458202,71.25547454465139,79.31610653211679,85.57608359905115,87.0550652995577,87.06613007841094,86.9970323200599,86.5436181879476,72.4285115625976,78.82484328762419,78.21218468576188,85.28062820014969,86.31388107011044,86.31853964904897,86.50204005973606,84.39435215393364,83.57775917465813,83.02276357214893,82.67988600260762,80.18640284725949
2024-11-30,82.7588657539824,75.49535573419602,67.94454320625498,64.53860553605413,64.29966933555818,65.59440261286979,75.25902531944956,78.30813285675805,81.54245892824467,79.34071498333543,78.4559269306547,75.62484731589187,63.208041612785394,68.3280699943409,82.10391929888905,83.09840551168983,84.66232820040294,85.36403573279323,85.52114027789419,84.76931110718562,81.15356149257121,81.27874990658192,77.1166651363555,71.00630824062036
2024-12-01,70.41099325567443,58.81234726618658,55.277583632700924,54.24225246342294,53.575309081971604,53.381631531324956,56.67705372217298,51.73547139328335,49.57759933586199,56.52408622564455,43.93445168526665,41.56244125051502,37.641993488147264,41.53850523406528,42.607394613597094,59.26246416475047,65.23883046356568,83.53430442856163,84.96775335473463,84.68696149623814,83.93613349472652,82.5209691715122,72.05589050737414,69.09909763416591
2024-12-02,70.37846387029579,68.54921024467122,64.3261820745824,65.52987488359864,58.131631110059445,63.51415901696134,70.24179094531723,73.3214601670945,84.88471221836471,85.0761070930902,82.74762775207023,76.52572704078707,64.54441869908673,68.51911951124104,73.70988838592658,81.56488986609791,85.94386906614872,86.75972477232466,87.69011211938941,86.12195121369558,85.68293972826474,85.66169099251573,72.9006072828354,68.94979176244334
2024-12-03,73.97291741729121,70.99550780137491,70.4779139394649,69.31897564791933,67.96945101153443,71.18218224931358,72.13735003173456,76.48693000052005,84.72154938784504,84.72721783810555,78.49228814469122,80.3666276861048,73.64643150212738,76.50239691733202,81.63218069777064,84.81162504527276,86.96289495597821,87.31473279473936,87.46891618761353,86.46018126196121,86.27864291864448,84.96852142886638,80.9573643518026,79.1929626500073
2024-12-04,78.37235571781888,73.29724416029491,70.16026957378192,67.55149424958024,66.404815635328,67.95254716733277,71.4839882582306,80.99613908669032,85.22349049248837,85.99624503574375,84.46491442971396,84.50520645498409,72.73633254747934,79.15007210560148,83.86671703654548,86.91679388193774,86.61402980114788,86.79859389309915,86.72431456794662,84.79560731433018,84.49476458708361,83.60265355155984,77.5585379960351,75.77889021436188
2024-12-05,73.96822913481408,70.9059845991353,68.33754330313015,67.41463756654876,68.86801834203452,70.70751979949807,77.65013574200958,80.42538958927204,85.09847258970251,86.17517920700156,85.78331434048671,85.90535843329506,76.36919260372044,84.37350226268539,81.46478821572505,85.52630874555656,85.6083452259612,85.47018170592393,85.30209725466553,84.86328457673353,85.17267667552053,83.95945417019104,75.91963425643162,75.03088623172293
2024-12-06,75.81238568450752,75.2530943953034,70.59334488650676,68.7459442884872,69.09661042179269,72.04342741182508,76.91009407553142,79.74970794609028,86.46384187727745,86.40830299763857,86.2983939531131,84.73587402975306,76.07282856904226,78.3987983346976,84.75410632576339,85.84630756125381,86.43247659569866,86.44630712381618,86.97927324867545,87.11618804204916,86.5746553963459,84.54296603561806,79.0541303817479,77.95519119443321
2024-12-07,74.42498298565155,69.77295629289966,65.38409861410861,62.89413481274804,60.978364653245016,62.16391595882609,70.5969863222735,73.26889250224752,83.24841559239857,83.4136220151359,74.52306483044053,71.22224235213785,53.21394744097209,55.667026450353404,55.491209561163906,80.36087230060956,85.78558022157537,86.25725983572694,86.57579056779886,84.76227484296535,83.90288980423276,78.94897300305139,68.15831748592838,62.45235938430787
2024-12-08,55.101795643523744,54.27467733853472,52.77411743361958,43.8047411962718,49.22049666024547,52.6520748715699,63.49818204335774,64.5702254302722,59.49280361483197,59.319556670878676,62.381621222825935,59.701016189286115,46.110019284542425,51.115072531168664,59.626807225270774,59.41528206186673,71.47001363661323,84.32755215743887,84.03260785819333,82.07355076526889,81.0543525965155,76.58554016825703,62.17437437916036,54.31324929531391
2024-12-09,49.3570390424053,40.15485378904375,39.6711491102045,38.798516757118975,39.62811813399312,43.069642898320375,38.99670175315902,44.11330607100619,75.47081093221797,80.19947372066285,71.11105314150645,75.99880926391792,62.844357139311,58.088914314080036,74.85834925708754,80.80219499797671,85.18535173460002,85.16904365724476,85.21553792193967,84.27607552538053,83.0365174521102,80.16787589517665,69.77219658969781,68.31267559015663
2024-12-10,67.5950550689994,58.593543250400856,51.67039597392555,39.380480820497915,40.14015142670895,40.58433526236751,46.34421022423903,57.83332089636958,82.42631820486076,85.89211889303697,76.94214328527966,72.77929632730265,54.380303910216725,65.56938005648433,76.0905585015975,82.82647670639592,85.84528808310958,86.83917705721423,85.53290401723204,84.09231198767021,83.32600524607142,79.61946788297035,73.47506108934523,70.80300206189428
2024-12-11,73.10553559945876,68.40975409785955,64.18903180161644,64.65359155077402,63.74114864266713,65.54851762955317,70.55788168281431,78.37275271063977,86.50677285875517,86.87756056976926,84.24303311018681,80.7359455139003,74.92243751764585,80.32987216438015,83.68946058875126,85.50602827524855,86.6354840238314,86.18702107419098,86.30596410470355,85.25365380468176,85.21869996977867,82.50395697596639,74.82580329267742,75.50368710575478
2024-12-12,79.10928350804333,73.70856199008054,69.71252632663172,69.29312252449598,70.79499756698702,73.0979877344449,75.37172025264917,78.27418314991777,86.52410925403453,86.30357065346297,86.71499506356426,85.84028431681165,72.9704779531497,77.74255969211198,85.0473125640717,85.28668951594008,85.86283364290438,86.48358665510702,86.00941829101042,84.36413759591147,84.36385962488646,82.9924930755132,73.54456193247455,69.93613321144274
2024-12-13,71.11781636946981,67.83942026689759,61.239150323557126,62.033617481530825,63.43541227315819,66.99091946557071,71.65504014926391,74.83262831457164,85.27947014396854,85.50884331839328,85.56081010849307,81.20831734840154,65.32873583877513,73.38646087018573,76.6988689349608,84.0661463682353,83.98805663191699,84.53327167336029,83.19543193992914,81.70244663734772,82.01550556364496,78.42722313176944,68.75080897046072,65.18473417354875
2024-12-14,69.67825385785241,64.14906712146399,60.93576874181904,59.78985437092748,64.01457889736282,66.4493738750198,66.60172580247766,73.38042760368211,84.77018691563141,84.71589058167716,77.58286878287763,76.09696800919195,62.43340102032503,68.71460607665509,74.60337515723108,80.45689041914062,85.81701207596184,85.81265929253226,85.21831752827063,81.55382872937555,81.18510351592269,81.58653518623463,73.74618737850916,71.13490729629842
2024-12-15,72.97873541519137,67.05018199321657,62.521613234565194,57.316700562489395,57.530668837420734,59.97176580319083,62.4603423349799,61.08710075429716,56.45809588086838,56.03963111949546,57.58920055484553,51.983272035467074,45.374856826528266,52.13947173663706,52.91764619900888,59.30304057156908,66.81600329216569,83.35535190682154,83.90751258126548,84.46277008923799,83.96648081544876,80.81020951263824,70.76410533441135,68.50994634272166
2024-12-16,71.87703424941843,68.74173881456913,56.395459619497494,51.23698988292873,50.18842317663738,51.721966543586625,54.42115500499953,63.738812088428965,80.50007238612402,82.68967251271005,75.41671162214264,68.13156035554995,60.47422044092468,67.3279857964937,76.21638185963086,79.15077865348648,84.88782200939153,86.7714030361512,86.30344178415068,85.13961093499543,84.92466570368855,77.4539671591068,72.09040590342065,72.4270691234914
2024-12-17,80.57119099947683,76.84074323928745,73.38837540377295,69.86266017519455,69.8874179852145,71.30963966647468,72.8196180772585,79.00466733992253,87.05342748339942,86.74241023231586,84.62910869819723,82.36085392314465,73.85948058860146,76.42859797572407,83.87417773984342,83.98134049811685,85.39942642272864,85.86391312205765,85.27161533810181,84.04011717980133,84.72861546074054,80.06417338926747,73.8751458464088,71.19370629424346
2024-12-18,81.76899841205038,69.92512093488874,67.70786994612308,67.24985498547407,67.94988524608902,73.14791452003851,75.67059891822728,76.76998778233124,85.55123499899808,84.70072102808854,84.18138002981577,76.61756537710923,64.94694480176372,72.8111718777848,77.65762772930096,83.72110613324264,84.31488365230359,84.86865930015054,84.58142603995171,84.52223683165306,84.17441751410163,83.93502930363849,76.10214161032941,74.87874250744596
2024-12-19,76.96951504769714,71.38321893261833,65.98286207047657,65.12401961649074,64.62957669026997,68.07404663623812,75.51160030816293,80.96548772535952,85.90785202805534,85.63380172600611,83.56785564510137,74.60165609511387,59.11589047466889,68.8185186648119,74.54638067694606,84.65567081093434,85.30891540758033,85.46609489094001,85.56887639022617,83.18672284286731,83.02002317530335,83.22202691558972,74.748990093379,72.74706927585294
2024-12-20,73.35717210800851,68.18904481933254,64.62441245960294,61.93427951208127,63.23786973871524,62.179831876225926,69.97722796073367,79.81419023660536,83.88236273561773,84.72682963920833,81.79139735418178,70.6544825491539,51.235125923115405,56.266915217376884,64.15275936599804,77.81967672047855,83.67015375739993,84.44828212694651,83.98838057674725,82.9540206768261,82.9028877031569,80.91871037570137,67.98244746147972,62.491795413347575
2024-12-21,64.79710945339335,64.04745767761102,60.23779154905051,55.065979174896796,59.07393499990044,61.81429504448097,65.21865045898485,62.135201156726666,79.1572720049248,80.19299462304427,71.52894915742216,56.78852291470558,46.25929891198273,52.71508483738203,61.334649045803936,74.17533667296144,82.96923653181771,85.54268682525488,85.01219347732574,81.7084852757242,81.37287558937884,78.94787484140166,70.21400045247181,59.37392713784553
2024-12-22,77.11163665479471,69.8162820722845,70.40409089488773,65.32055594028455,65.88318679689445,68.97595558074038,57.3135180450598,60.77189101573364,69.49223583174592,69.9288988584519,60.48162321228216,58.74794799704764,55.98966217555044,60.935063871029115,69.66838070262885,73.7202862987068,81.1359256139887,85.80660067552392,85.72040494598507,85.08587136064864,85.34713604531989,78.92265814380954,67.32199913407112,65.06869474992338
2024-12-23,76.63230341609037,68.11262430399422,62.505961539711045,61.71488230066538,62.16692266164049,69.67213396344812,69.13116441308519,66.71936492223851,81.39536543571701,80.41588170985162,78.04568878725901,75.83336043572012,72.69942663833777,79.4457233870381,76.82748208522003,79.96301405178703,84.76024732777978,85.49941625665441,85.25714342082198,84.71418557738454,84.09504139846257,78.38189037215733,61.694956886500506,57.8160206772957
2024-12-24,64.49141234227872,57.41144158055626,55.06199578981536,46.421383572012296,44.86559496318492,50.55765015420795,51.43603911055289,65.03073199019144,83.24936390637914,84.35842505562063,82.30201226774761,71.37250068366191,59.52423953233518,64.1780257124765,75.48816265129022,83.68047544712893,84.61494956652388,85.65016504637383,84.60379908910267,82.5763684729812,81.25077611345948,80.83356561248456,72.7763820960795,71.42768880573949
2024-12-25,71.1588366210226,67.42962615622868,64.02722628405827,63.767789950550494,63.01292050327257,64.88774687290385,71.06317719362731,79.8576541685598,87.01202439287835,86.73309731815048,82.67274576653662,74.65031401612205,65.09469541263555,73.05577604591433,79.18510845144311,87.04964876495823,87.05642597551068,86.5217885430923,86.30070349567144,84.62526106755236,83.52985620609827,81.72908873048343,70.58741945237567,69.26932125070711
2024-12-26,69.71083352847604,65.54001196695351,60.51462721469998,57.47045410186143,60.2847246448611,59.90353337088679,64.77470060030429,70.66781413439092,84.18514710644145,84.60443758932215,82.35261732372506,71.92775543165375,56.739097919805005,63.830449453100385,71.355192670313,77.93851406044071,83.41261003133857,83.58606515562586,83.11969121266203,79.0550089192971,74.84679735275992,72.87503933332849,61.12868951339051,55.83916960022995
2024-12-27,57.06125989143079,54.477979812948256,46.11812112157266,44.129896063189165,44.06301588105384,46.10221731821337,49.08784185492631,64.02134359840568,83.21386017030258,84.40310118953174,81.42623297362897,71.23981828386619,56.32340421307273,63.38406586363092,71.35068013803618,73.11183599906256,83.09665233590886,85.94199354592978,80.99274281379166,74.99995340094621,74.07789821110447,73.02641829002401,64.76664023746888,58.46901019894964
2024-12-28,64.09734862768924,58.92991832342192,47.78666804284121,51.45393371191764,48.01234153877139,55.65577442411337,62.38335619233748,64.2539461715312,76.50527292390942,81.59650539745452,69.31785932773565,66.39472261556091,58.68044262968908,61.49313182540373,74.31014072367567,79.52795329173092,85.27917382238422,85.71402810275293,82.03349253651614,78.0258140915666,77.76260849523472,71.9806857623052,60.400433717652675,58.268743160401065
2024-12-29,56.572149673223535,45.23189787006414,43.72203746420537,43.18854874461578,42.63283351167635,41.6816690083719,46.08303731358194,42.81089197281139,43.34454090724476,59.082566495497765,59.951113354458066,58.2545411727882,54.824969405733654,57.50490263243259,55.663733763461714,56.03035501575473,68.5523720027721,83.37920024678084,78.78387087124021,73.21607503656952,71.55304097744158,67.98753424368803,54.910888049830454,58.21038672130404
2024-12-30,62.4595370487794,54.32549546368387,45.784774049625085,38.04379767832151,43.11187059339993,44.823322661401946,60.87104668844287,68.36462990079598,80.51889439502305,84.62327711718667,82.85052987109356,77.86487671652701,69.6216039237081,75.19662553560848,81.94422708013516,83.67837273457556,84.94240337223916,86.55870591350458,87.60124050647461,78.7129653742726,78.34179062469993,80.57377035856042,76.76842273809652,71.96092947108788
2024-12-31,74.14208981723223,65.08989096186576,62.13295974117056,62.48965103954544,62.447992121521025,63.33837104287434,68.75874629415931,71.06104095808651,80.94396573482652,85.04844923418536,82.55242780619673,80.17110203496448,72.5467844858896,78.04161705415332,82.66753873509089,85.15614057877498,85.09468985827438,84.97411250084559,85.36940837970349,79.35092424880702,76.42367568065467,72.78593900624129,66.71230837022553,66.16701671147766
2025-01-01,73.63079102468127,67.001563993089,59.651181348342185,58.89939997942473,60.73741278876723,60.17354511215469,66.28632241382103,72.72202434405965,84.2020796426186,84.49821818500675,77.52032943291682,64.6710151744298,60.65003586948315,61.40766941008108,69.01256751716947,75.83094597462392,83.35214991022447,84.11917024265533,84.51145382438594,70.36668935669753,70.37078378298152,73.19836923683353,65.05581364448837,64.52399841703343
2025-01-02,77.05870131033211,67.76907543978054,65.20849743798604,66.96104907696754,66.88898961273345,71.70433506925843,76.57760924903998,70.27806395413295,78.2457481489618,78.94737741649081,75.22472579118312,70.53809794575669,59.36264224894362,66.04399637811838,73.45268656255529,76.38757954309403,85.12240942329736,84.73245824057557,82.37152703928527,82.60104437399913,82.81422766119495,82.24450558755943,67.28969927016442,64.83170932312578
2025-01-03,72.23926005347754,68.15327436216532,59.28701358977667,58.493830538366446,60.66741325877279,63.261568041357926,67.40076517718789,74.15973973508973,79.78255635111879,80.947840123473,71.72159178640372,64.43180230019496,52.21396353895854,53.55031266291302,68.55623298201235,73.30945935893642,83.92141672632602,84.1607502030001,84.61327233225056,82.29828045869691,78.54167148226126,78.99174953380324,67.39892308169757,64.27692628079222
2025-01-04,71.38376291549818,67.76086201668956,64.31804630487423,61.57656449276363,61.60811736542982,61.771589425467816,65.61493517225121,69.98863889412692,79.08657222416157,80.95455727529443,73.91898935333221,70.74511491407364,57.604114956808,61.724713628918295,71.46610983247616,72.9625283563448,81.56931977749582,85.68878625134028,83.65446173926108,79.37954031659592,78.01087257190949,73.96772463428418,65.32691200856536,64.98305555942534
2025-01-05,76.31158347057126,71.95726047387778,63.71688807652661,55.237109581067386,54.65773151533467,61.02772056760871,64.7454254828881,67.72569621803723,73.78818973174243,68.5103488449148,69.40231139508649,65.60569304079137,68.0569198019855,72.90511771090362,73.3995121894384,73.02251642920392,81.34259600994692,83.79390910300856,83.3085803839578,83.14706425488295,76.05104192403189,77.12221390222695,67.58387406630736,68.6201705340277
2025-01-06,75.58155638387943,73.71702971991745,68.81357130828222,65.50553620589831,65.24576592943201,66.11912815375284,70.15061792405608,73.53892008530904,76.09888382759011,82.42697587371612,80.30453074885615,77.51877640112637,70.87406837454985,75.64808796173384,80.53232171888389,80.1828343939288,82.80721322205325,85.154773751897,84.92666421686445,82.35315964372357,76.4657451322991,78.2186111285415,71.90543717667602,69.87602284445339
2025-01-07,74.48089818876339,69.10388143709423,64.51016580082829,62.20049112062646,58.66473956842742,59.91692957495073,63.967775454122695,70.55183469408226,82.93288601631232,83.54624332252881,82.80381818277411,72.57630127950898,59.790845672964224,59.77552539428374,65.6184513553401,72.57663561724067,84.10781844055535,84.70035563691579,84.33349620752679,80.89364865715575,77.29900473203267,80.25717081863779,65.84328283407908,59.95451673477704
2025-01-08,66.55523093074537,61.23556125881197,56.910821617252495,58.11775698317602,60.19746425644864,64.0091398465377,69.24525664567442,73.14019808611756,82.68514512196697,74.55062733041771,58.390534865255006,58.2486155399025,46.95718021167159,43.788130448560494,54.74185979996535,55.495308872151845,79.82614926760019,83.98705677531547,84.7237182577771,80.15953734940896,74.67677901616453,74.66006373519869,68.97080675921408,64.20047010188753
2025-01-09,74.45617313292945,72.33523805087016,65.12303407644518,62.56147979559153,62.558418190292,62.714549545388884,71.1165478843328,75.34076293171103,85.38590291169938,85.30000850491359,77.77979590999927,71.24267047503582,57.10179974172039,57.700523690245674,71.77965633204704,72.14289796253408,83.36785092008185,85.2708362183774,85.40878656136879,84.96797057484025,77.94733009701615,82.4673433034685,72.09635624790187,72.03128448409029
2025-01-10,75.95433650579274,73.60161833637632,67.94929351960936,65.31101564794172,65.83169441698467,67.33377494098768,73.9616084654265,79.50475036679109,85.25595591462711,85.21168573872151,77.50652971472788,74.31179050126225,56.01756453262369,60.21333069074051,68.86195720347908,69.01300539550658,83.21409684817876,84.78881543410499,84.67234024168556,82.88173356977742,81.33605514834849,80.16524872742792,72.66113644309232,70.4313530091126
2025-01-11,72.6283597117567,67.68440126936056,64.18770080774077,63.78372524929223,64.31379281084132,62.68356562822345,69.9923369282718,71.47676441116742,83.01828824487423,83.92931134367205,73.08048958093735,67.15695804938552,57.30392116250434,61.83409480646421,69.60135428069474,67.6661488645723,83.82730196571768,84.82612490836608,84.64337156797296,82.56475221090079,76.93129830712651,75.0379368305683,61.484736599693775,62.32966532887604
2025-01-12,70.48013912171615,64.61759726754772,61.039757682773356,62.20430424270612,62.371477644857016,65.63395878134378,63.94058609257239,68.40821509992267,64.52324156016826,60.64455971947209,69.39289474790878,69.3703475673807,61.78467565719991,61.838509294969306,61.22100912310843,58.44367660184637,72.31454932209142,82.46140662641906,82.12821929061028,81.22891760545504,75.88326764571738,74.3345478459287,62.923673821073756,58.49200240530801
2025-01-13,65.03989929846169,58.18797804228207,48.20873868226537,53.5656033227373,49.424826788246754,52.57080240403242,70.30341454268725,73.0879782251566,85.07566684035858,85.1177240464946,75.75292225929334,71.2284030967618,59.515378633218255,63.061224699077975,66.8112158997374,73.68776834215413,79.32487803611298,85.33109269718113,84.64272371847618,79.84351055005533,77.14943069811365,79.087615361296,68.48017574307255,62.12887455648143
2025-01-14,68.98310440063076,64.87909222768579,63.206479591609174,61.081238159172564,61.027408364599346,60.46896666865739,67.25862427668929,61.68052516439193,81.7912422562424,84.84301788168526,74.34290910006959,71.00257712294756,54.14888884616484,61.87169839162505,73.64604672916155,77.08837035345287,84.35581093209449,86.07880178204975,85.01805093184694,79.50257203722605,75.98013234988382,75.15129659789478,64.62412308893516,64.59359560544661
2025-01-15,69.12856093204697,66.75070097767424,64.11077346175463,61.57511024182209,63.363512594587945,67.01144475154241,65.09500239780665,68.98318647671317,85.0532905755297,85.65816701787062,79.68840274114763,74.60317344459588,63.392327555163774,69.19751659702868,72.67281840875913,74.39826005832825,84.69108893737982,85.5110574491901,84.42694882279682,81.58060194257557,77.29320166183022,79.78817164062195,70.61201213640726,70.50485370095271
2025-01-16,73.55724230338197,71.78535932099851,68.96541973705602,61.09924484342811,59.69461357850389,61.657867261499234,65.25533559141654,72.38270494840741,81.84425561247292,84.21843114368808,83.25964823109237,75.57615258737516,64.06329873519509,70.5647563704236,72.9688752157916,76.72805887281727,83.57177706419957,84.58571044153918,84.54532021745553,83.61587792228016,78.89746699336611,79.61626599097714,66.389650930822,61.99519079195004
2025-01-17,69.72418907533421,63.865013186880276,61.264718780075974,58.74010436432455,60.190114341226476,59.756370801956464,67.67621878778517,70.87570045573415,83.17753714481557,83.22082310499606,82.58733994038711,76.27959619447297,61.28137999333007,64.53368738254584,73.37634139621399,78.44976868409196,84.12597784332641,85.28277906585,84.20380127121268,80.46041257372023,78.698193583844,77.66570613907697,70.96403245020382,66.99464376412645
2025-01-18,71.65698085919419,67.50253265627838,67.04120893559931,64.29375456983203,63.00886027119901,66.95330557096814,68.9433307602341,76.23265646394228,83.92452493397019,84.35323045055505,75.06456331484259,73.49925304978278,58.26490845818507,60.624400706413375,63.604609742278086,70.19337531945587,80.01595773930451,84.99973169015799,84.58192999612373,84.47389696851627,82.8748918257469,83.90750510375945,71.8171737680626,69.55359486512843
2025-01-19,72.24039945873561,68.05572714631035,66.52749216513007,62.775926457942866,63.461173467123835,62.11616632399884,66.32311972510173,68.23094758047196,72.18298407000178,69.22012025105703,66.29400424531252,52.39922000306325,49.568937421141506,54.58737330124202,56.11620478346744,61.88584234860305,69.03014632883182,83.99376253034826,84.97871015487947,82.40916839110261,75.0179433575482,77.43154766810336,68.461352863521,68.95674717554195
2025-01-20,74.13325794654872,71.36169627605015,66.41572694050596,61.053809956165054,58.36288459992165,62.468599522868075,70.25369574402741,72.90180326027428,81.42480310259711,82.45881597676653,77.13772870032375,73.83281130872783,62.27560354739334,66.06428506911439,71.96408804774588,75.26179545091651,79.9188547061909,83.51259732506466,84.54678146112315,83.35795460945384,78.98200929576224,77.63843104206398,69.87794981941347,69.8267873637157
2025-01-21,68.48965706203074,68.3327989582735,65.79436465406734,60.386987983302944,60.154714153210435,63.221685896394476,65.98114733457456,69.5728086975687,84.00891249379553,84.456747232029,73.74995578858125,65.10951965271666,53.80246292558241,57.93015642128529,62.68292950607827,69.6559442450934,80.8423548804022,85.01527555888636,83.76041401890755,81.68165423324082,73.39932637707143,76.43621920103381,64.84739347134129,62.84746783529825
2025-01-22,71.70525373503341,69.66606860790553,67.07581088285633,62.88704336807235,62.75457666117787,63.78430602760302,70.8801541239109,76.59098092177204,84.46730559886426,84.58401716364578,78.02185661714007,75.36053934580511,64.01051539986763,70.5303796777748,75.50585480343028,77.14806300545173,84.3744816394317,84.23525106082657,84.5073972027315,84.12540772779508,78.88751594619167,78.85160323065763,71.24305964826709,67.78661598060135
2025-01-23,71.11546480511127,70.78341416964565,67.19822176172465,63.76395700869001,62.64729104652135,63.37319179573375,66.81758629819022,75.40921422563923,80.33734195861977,83.56491396009157,83.24373198473559,82.87242070618103,69.6005004692537,75.21652246517773,79.45047712692228,81.37127309290761,84.65613460329291,84.88450560437579,84.8268517398731,83.79123807135947,79.35826759494735,77.70483769248382,72.63759542737888,70.52410185463127
2025-01-24,71.07233594406266,69.85447107852916,64.7596142352999,62.59850151769268,62.49446198867257,66.24139892859098,68.80271065992568,77.93791996637918,84.2697276674845,84.43838271671572,83.96136431871247,78.60352684833443,69.7756770513476,70.35528567544984,73.77460551632737,77.14767694452456,83.39284410161439,84.13178253532362,84.17496413050716,84.2336959468574,81.93094150274324,83.91980601428376,73.97272850176618,69.67536028337561
2025-01-25,71.22319422974276,69.98630001760581,64.37519023349907,62.33614759870947,60.553726408812494,65.86412687840352,71.90676636921472,76.57229908189981,82.77248643967701,79.76016384279833,70.73074948531277,67.56152142171719,56.18425223806936,57.84280821793326,66.67943480405317,68.18736937675845,75.53202385810162,84.2196827056343,84.71538570916923,84.39404332218999,80.14031603008536,80.0635979968919,75.50065282099413,66.10444105117729
2025-01-26,69.84438577630816,68.91392244537671,63.185186780683324,64.99098351224958,63.064687272811916,64.38802602811987,71.68844046029719,74.64574350469219,69.63906927414561,63.17007094036388,63.032547896778354,58.9197773691734,53.13167585539842,59.53068819392568,60.52280311938075,71.47117902320743,79.22602130631402,82.54049557325052,84.49260724916657,84.59089980784765,82.78622294465532,81.69619734839662,70.36348363026892,65.4603069553061
2025-01-27,74.23804103525914,73.53830270942917,69.47929740474099,66.55597964165536,65.61625590447099,67.2441175498227,72.78418345575288,81.08322152389565,84.08404167861238,83.58587587375081,78.12373043343884,74.35171440631974,62.74399886097061,67.61806434131044,71.71555431841045,72.55555227350716,81.51292730979384,84.74457667451549,84.66283281108491,84.39694251107029,83.42834691245403,83.40012007285937,82.73299908602465,75.35992909756467
2025-01-28,83.10952270350789,75.35063571027956,71.51140996222624,68.9391574255411,66.34501071763208,65.28288851410412,72.25277305374193,81.20961557232384,84.68760946840383,85.37377343735858,80.840381980339,77.68401972531478,56.75185213669773,58.73652836971955,67.89564110173302,71.82749844495041,83.33402820926634,82.98287656742272,83.17877120642703,83.17358063895792,80.24303526139452,80.67601095830727,75.18494358947626,66.95592446164997
2025-01-29,64.9026539402182,63.57785423121513,60.401631744722046,60.47806173002274,58.87605985889882,58.864019404777906,65.80598492692988,69.28054349881965,81.91613602207488,83.37666544586888,73.42886908691737,70.42369621947168,57.240809080166486,62.74568110545115,66.47653293264493,72.55284018460092,82.54726100240809,84.24645560699949,84.19615500389769,84.31892042020387,82.35801720106055,79.68288262972652,69.92911847510261,68.55966523646994
2025-01-30,71.51402722015999,66.61823497648405,61.9707603340222,62.57177766816808,60.55835640171582,64.4756956678398,66.04001993823842,74.2030564614181,84.45508680252293,83.40314611495334,74.13251159081314,72.67740262270281,58.616495608715525,66.15017041785579,71.90901844140699,74.54516353104425,81.77987001206294,84.44516330100105,84.46725204805655,84.60077349533445,83.4061983390076,81.76806657771192,73.02069055448736,69.56733297158988
2025-01-31,76.89346288017812,74.0522166823497,69.3919347517324,66.41694900053994,67.5861053524948,70.7495629419336,72.67466290674383,78.54818617831586,85.09794873368925,85.74305810739581,78.87509215459166,73.36033165780255,53.20922748911421,57.59159179887173,67.61007743756795,72.99186407478003,83.85559451670409,84.16119877240985,84.17456887091429,84.17310118960786,84.15794401943533,84.22981469370544,83.2154808237823,77.63238312291683
2025-02-01,77.91857296084099,75.86648220030895,72.1784458995636,70.56106327564176,69.12147229627595,72.52308573926035,76.8253511685291,80.68249775498859,83.95592418219819,82.94721231124556,76.63423515639052,68.00603094560296,48.302251370356544,60.12457823674203,67.46351757246089,75.21616039822305,79.67525354768388,83.6876285439926,84.10777915490984,84.13666589879047,83.99898520830172,83.99549178393377,78.45392903454531,76.49680260304591
2025-02-02,80.59546674463353,77.7056539735628,73.19825570169054,71.74175169372285,69.69723476250238,72.02248220743977,71.81231923110673,79.83462202574927,72.11721548097798,59.37262128988887,39.08741490090707,41.20364231568344,25.904052638010086,29.21778347538732,36.855874759990144,44.771899217822906,71.40755436108134,83.48017434388143,83.63736576453117,83.68040213668465,83.96282714442005,83.740973689697,77.17256845562149,75.42803372159143
2025-02-03,79.55412368139523,76.41574268039953,72.28963079121759,70.57174913769842,64.71515705639797,66.15785925802325,74.71805743954387,80.82491573872571,83.91816641820995,84.06021169433679,81.08882628223517,76.08536204340804,57.748053635616365,61.849542913630124,68.42827171392018,73.07438822118733,80.91698481506461,83.46455467229062,84.22408402883465,84.36060325122068,83.62756889560569,82.63026380147114,77.73590803416339,72.59574493532003
2025-02-04,71.15424286650341,67.91524239330231,60.917097379209224,61.57217030663217,58.86555870189704,60.39821361536233,63.10635927210348,66.14160113363005,77.98578821110917,80.99512316270071,61.994016433015005,50.639632907825515,42.66482339952111,44.911613018843234,49.34412084915766,53.474206131638276,76.95096916346627,80.94334186876036,81.27336633505128,81.26745615347936,75.17794144337057,70.1459175471031,60.454312209603806,58.79435991623824
2025-02-05,64.05341092920224,64.68376918436498,59.17443016993412,53.59258029072912,55.42159969583763,56.28629483805953,62.11766891969199,68.11230854842229,83.2095926272041,82.84110813320625,69.3137680575888,68.78437983400562,54.27996719590663,56.8190817023519,59.60157444101576,62.884217278377974,67.43371729772221,73.81411807534424,78.04663310296583,78.89916526259721,78.37204720715755,77.62096714552227,66.92994055035577,66.84381883301155
2025-02-06,68.10554955627457,67.17677446286923,64.71862800444661,61.87875738441192,60.672949795337274,64.79172662559667,65.45326308327495,71.36282709352169,78.3311694156475,78.75403305061927,76.63635613635682,69.23563191519868,59.7858869276507,64.64068829624233,64.51029719837425,66.74775746087023,75.89036216146988,78.66714452869655,79.75126724784542,76.24804162240301,75.52600745005944,75.06928174687319,71.75908667183995,71.0576538413861
2025-02-07,68.19020456955798,67.8223338924902,62.029314332017,59.57156499234163,58.95240140489491,61.2435420557652,67.14310545648229,74.49202971259946,83.5502070021901,83.85313524984963,80.23661507988616,69.90187967699562,60.16801059685097,59.53564065628552,66.51630900118361,70.18150299079659,79.0609105782039,82.94903236491464,81.55871129949848,81.17467854250427,79.78523952391768,76.97144200628526,73.23788608562614,69.61229806156638
2025-02-08,75.47441253057977,72.699161211671,67.82653518396332,65.52885584969593,64.55309179559151,63.73888671404081,67.36165226760515,73.47796755541123,82.58567032014801,83.19246246858988,72.58252512874192,67.96133795205499,57.424460074719846,58.51700300030797,63.794656892845765,64.92025284522195,70.74479848330503,82.08348820087207,81.27649806308374,78.3544393950332,76.44554941905514,74.92021717232527,65.79790267602341,63.18261389869062
2025-02-09,64.99719122636503,61.49610127232244,54.156681878573,55.823966620409855,54.979460332923374,55.16517656011545,55.91702950699033,58.57943894453771,58.45661085552548,55.30957428771793,50.99262098766546,37.41048691355491,33.90551289778601,35.73987864786609,37.83293199357888,40.6203543283243,49.09110198807646,62.672653055892475,71.58688784984332,73.86593438641981,68.95420998958284,65.78555393189568,59.56035793048755,59.12560986087901
2025-02-10,68.91316230478368,66.60929747040144,58.31337481696054,56.341470377061405,55.2291225009089,56.870029422837796,67.42300379764553,73.62141658263857,81.72403485666122,80.78672695863352,75.20250324759682,68.07392571279489,60.81658702832362,65.65394007545525,69.56426543953177,70.19542064544211,78.30251775876349,82.8168727017167,83.31157325592191,83.05735615305373,79.33814283664819,75.63575511583458,68.62457340352609,66.76374248933138
2025-02-11,72.15710491401842,67.32098585615023,62.330317010775985,61.813642521788246,59.45681470691212,59.23110889102492,65.38485555200998,67.40708610958471,83.5548249781203,83.71660544679501,79.81796130232468,77.72267396248925,64.47930005961807,71.90459607336965,74.8383356218362,78.64345252533651,82.89147860205524,83.10794931730189,82.6627313016628,81.65694905173842,79.10170488888944,79.9800139328089,72.86581676011106,74.98714980753252
2025-02-12,73.12522030853351,70.8963380613534,62.26721292866071,57.79056200997946,59.44618284705501,61.8295360803519,65.34370462840745,77.15511525637929,81.85953099300794,83.70622984664668,80.2084380285925,79.37310893255567,68.62165607294104,73.16025973481834,80.26832882056524,80.61866219705875,80.89400129970737,83.14901643296977,83.24113401821793,83.19779676235231,80.78486701785161,80.22315713612547,74.06755195494287,73.06326507050464
2025-02-13,72.38570527350404,65.78533322658633,62.585341233581694,62.21092379497796,61.89071381624649,62.22441737185932,66.69042505008193,69.53624971822487,78.11168234027487,81.30480760265927,75.77772015885758,72.64585210815936,62.828196794160135,64.24798068495086,71.5615025319413,73.41738455074851,77.18314714689738,80.50815965053845,79.95043988817913,78.74590715115195,77.93141192024572,77.52442969248304,72.13846571406788,68.3948727135696
2025-02-14,72.7833789039977,63.24280966568947,63.60875943523164,60.99403792847914,60.254937700201175,62.19318471331739,71.8263090834493,66.49926189794283,79.92497608629616,81.23215077064569,79.29414526290634,76.23918597496404,62.87291382029797,64.5653343366048,69.7027078738816,69.71470771961836,74.37348411990567,81.61420471044802,81.41323579160249,81.78841703571972,78.14172759474896,76.43419488033562,68.09495721446208,65.06387430114854
2025-02-15,68.3317239562463,61.418622234667446,57.18224350240945,54.40961550056865,55.32254632605307,53.84377973642211,63.40399498962966,64.48395632111436,70.93249484584322,68.1515381638632,63.27158109359347,68.23031100058338,42.16947517286566,44.434944892980944,47.55881870931201,52.45676600170767,65.09676029392084,73.60689468704554,75.40343422690503,76.29496227438155,75.70346472018001,73.85975590353807,68.17371421400307,67.02407686550393
2025-02-16,74.65711750048881,70.91421720575961,67.22585112999984,64.53173414935594,63.299359030475536,65.62290332280406,74.16272775315318,74.82114368271009,68.2597244363789,62.53985579830104,40.9867967008118,37.28495296217427,26.46665853006978,36.48173069577558,51.999001437201166,56.86566205503701,67.04099155752225,76.27986892369185,81.53482668215986,81.93422305875325,79.27675219705309,77.29239079069544,73.9031080065329,71.78839412131566
2025-02-17,73.92166769190744,71.5497302156697,66.71030698916417,66.10659604764191,65.52995150088421,67.20458344729977,70.53916609911704,77.0320880427915,82.3969332008826,81.16577021782385,72.8298998017377,69.67327479487925,56.35407365175303,65.2367300858721,68.29468920732161,70.18958974521524,79.65365085621302,83.57141750333614,83.55830397235688,83.0478965454009,81.94052417383836,81.3957944235102,74.38340018871212,73.7943489102641
2025-02-18,71.86926748085412,67.88709318031509,65.80201348793396,63.5383490827493,63.60552921322693,64.7127656451928,69.64462376272546,77.97338069532034,84.04284680076863,83.86167395984391,72.57917632363295,68.07195589964192,62.18546165074914,64.84300416542587,66.56398767729365,70.88467186619263,77.92367896391913,83.32670744572452,82.85377943126802,82.50001097797649,80.1122397090662,78.74756953166312,72.43894802700629,70.81980327999531
2025-02-19,70.86521586241857,67.90559601597629,62.375775739883935,61.42241779067419,61.04794441049138,62.69138414318071,68.01074955549487,72.07655836234605,79.09214325801956,82.69893269157544,79.36545213662541,75.59731148396668,65.19889832963356,71.21363571640704,76.35703284401654,73.16358448308732,78.3007632285506,81.18042973395727,78.33452998601618,76.39897024446564,68.98377751667182,66.1175996855579,63.327926130811775,59.86665681360672
2025-02-20,67.26984250697515,64.11671463552311,58.07636791581093,57.179209867758644,57.03796558038814,59.575662499659124,64.60477871967281,67.38035075205424,78.57635542671916,81.04261609315066,79.24290369189157,75.69551610019188,65.09425964306367,65.85956388944719,69.74000118918192,70.11649852130215,75.00597306851415,78.65270049611644,78.49608551141908,75.75196171518007,74.67907202392847,71.91156078908507,65.42301315915783,60.37671025003064
2025-02-21,68.81443285354854,68.16431193213931,58.35491139069254,56.690804565169394,56.62510721322436,61.19174741789057,64.91740142968044,67.52768131012213,80.85783954038256,77.34269937750715,72.11276945214028,69.83550262062322,55.55481562115173,57.085284463586916,64.60194897941689,70.59118724701952,76.45595682037454,79.08564842635153,80.12482091300245,78.95905603553948,75.4759883111457,68.4161732743467,64.2029234133584,62.86441490288364
2025-02-22,70.98008686803297,66.14656639873186,60.769203082635194,58.394434974977656,57.164688336682126,58.84223078563425,62.86909858664948,69.01531468624749,77.27603170312399,72.88845789052394,66.56386639890363,64.90342968888208,51.80377461395466,56.254403092241375,63.08071642790359,65.9806247607206,70.91444121890909,79.34461986333858,82.57504103802142,82.98624133153928,81.71932145737497,76.7056518874158,72.55120135878302,69.78199390514818
2025-02-23,71.53134732300968,65.8679015830781,63.27905382333789,65.38337107089049,65.18840125048554,66.94363109599448,69.16843402092661,72.28185216901177,70.21008711876635,68.84688140773765,63.39264539009225,40.06500413638413,29.444521186176793,38.4002501618444,50.075426261992554,51.338590051218375,63.43739660774229,75.1871133187244,79.43549334598357,81.50297763878048,81.1944081190128,78.39616658883163,68.37335767146445,67.04207494423893
2025-02-24,70.79414410601503,69.45601487586785,62.434464498860976,59.49606822388034,58.16953976557645,61.00183310174146,69.98180013846294,74.2201901466124,83.47076062592991,79.96624742977252,73.26074260176567,68.91070550324797,63.94584954587059,70.35243724984711,70.2789524857012,72.318607336017,75.7752651763431,81.55548175953682,83.37213815645273,83.80985347163154,81.85012676752125,80.46256609876201,73.4998682935963,73.19609704232782
2025-02-25,74.62974195939108,67.13745973800403,65.73959275992733,62.32218202462407,64.02162179437235,67.57422699421606,73.60464524113466,77.78874008238151,83.33436849189792,80.47496395350726,75.90241276964218,74.16399326846224,66.5447697603343,69.82442929796278,74.54159231961191,74.43698294182215,78.61571715397653,81.35311653931258,82.39982801388776,81.18317527196885,81.15564462087492,80.8934917839278,79.69136203737013,79.51069851684872
2025-02-26,79.17650688328588,73.52346826442974,68.15532912774593,63.25233686851039,62.895168204622635,65.79901393125904,73.7170385895611,77.38010901688118,83.14802760309277,80.05481614599138,75.16647691839115,68.81594135705689,59.87842759611427,61.6218471137219,67.30704617806467,68.4825360526483,77.41280254932875,82.04330232089538,82.3645627830318,82.40696447868463,82.28784597150252,82.57168026687405,82.05214491634206,75.03711040980787
2025-02-27,78.23552668353611,70.46249772097875,67.20991763753243,61.201147538227,59.690776583645054,63.8428704567662,68.60854383130625,72.21406925005533,81.48578099999777,77.44432095415661,68.1874472764129,63.12145895246233,53.5408510178064,54.441383801872554,59.53156028454879,65.85593058406654,71.7459817455707,82.85065294347604,82.91822364248685,81.07544332841687,81.69876558958434,82.3519720678791,72.41739651084013,69.98858469533673
2025-02-28,74.52102342256978,71.8383722165222,67.3990543568932,64.2171411119251,59.342004910531905,64.98700831132932,68.70312027207342,74.85852608291937,83.35470482580202,74.74947972285445,62.414240865277456,59.67407790270171,46.71311950541896,51.00499222376253,56.92578272459577,60.652391592271734,69.57924866982587,78.46899035290801,81.61482874320546,81.20830947436832,76.67303791488816,75.97206577720381,70.1130116680051,69.18954417740251
2025-03-01,73.7999487963575,69.54431025882833,64.26954695044677,63.597499939748005,62.657658116611856,65.97908097424413,72.94030350792771,75.3625520585647,79.89619257193591,76.66701004595772,69.48984996180576,67.50398849785222,54.375545138357964,59.19331173943354,67.63302643349314,66.91143419207557,74.90076722408975,81.44153517133398,78.62839080070792,80.42301404823422,77.78198138593696,76.8740262166482,67.24629109707837,69.76240116360782
2025-03-02,75.36884166144758,72.47276884702741,68.7157001446786,71.68810295054969,72.20555863194508,72.83811556102802,76.19800878479664,74.12675503440494,66.73216822142247,48.41637396255671,44.32306412009795,30.15194660324469,26.755595213517054,27.9665680025054,31.079509201196267,35.72129411880069,56.042041813259615,74.09420938857284,78.92342118678171,79.53627420571003,79.81453068498422,79.22760227853794,68.25480610983794,68.30516479177139
2025-03-03,71.50567921961105,67.93362822884421,63.80658361380269,63.60175929798563,66.70159833522985,69.0664232383634,67.41382257328227,66.93686983675467,79.89860548377072,68.41045765789083,66.78414765461264,61.919998305202576,50.09599029534409,57.35116739030669,60.0847934078208,62.711108881928894,69.63917389316819,81.31681955915649,81.34617154603113,79.87874193992627,79.39097191113605,76.99571192032593,70.81061398557712,69.32784315993165
2025-03-04,68.99615690602532,65.70001444677173,63.47882327645874,55.513272296570165,59.135547262019436,61.892679986907275,68.5933823188758,68.0379483275476,78.76980793667364,77.79760876184366,77.28055025559523,67.90979640937763,61.32391239329473,64.29115876808876,67.98864378147184,69.67965100928546,75.8263480667632,80.71206849663545,79.65996814487806,77.25500772986307,77.45160243541778,75.41704518803483,70.26550270522061,68.9112324708298
2025-03-05,69.08761658677335,62.73405684292957,62.121610800153434,57.79261317010131,60.98653416521401,62.863472538274834,64.23756027510306,70.52203092814972,82.30580517125142,81.30877490300516,67.81125847836078,60.231535125833,50.95708850755157,56.85007351932783,58.48484076657531,60.88687095385404,67.5510394540215,81.95553501841326,82.96445690475615,80.5321627194868,79.98014666595589,79.56859015330211,69.00035333240524,66.50942677566623
2025-03-06,69.21062636069088,68.48424989983135,62.827880619065745,63.241120109465434,68.26438195089774,71.64440329288817,73.09987164038063,73.18043896374708,81.26528593478986,71.11843344920852,64.18477851274575,59.364602006641796,49.58750749376148,53.892098819114935,57.986482807749674,60.09458342393515,61.158302080576,79.13742076698036,79.8537224638745,79.29275756644849,77.85227346167356,77.450472735556,62.82724722101472,65.08254519652068
2025-03-07,65.85442668958402,62.42237750945611,60.95727546552338,61.211081073563626,66.26421848605686,69.40502474274822,74.07159722374797,70.69660134928503,79.60482060310675,72.53360132427709,64.93289227629992,64.0623663076417,50.04123144734417,49.64783761890883,62.09916789903248,63.094853383770015,70.5432516983144,76.65839102554861,77.74119988726548,74.966888862408,75.35723840874998,74.7414776403896,62.507700992912575,63.01872612012926
2025-03-08,67.25545665581512,65.57956913436158,61.063068250602974,64.48611214710297,71.53913957465383,72.61166359805179,73.84677805943289,70.44044330512003,74.20971572335206,55.73937032911886,57.91362243680375,42.31899550724489,32.00738781787654,35.37822524362178,40.7836232265647,43.92141748797167,53.44593968806505,73.6034278750805,77.39485899562992,74.98840283800524,76.42367053195036,76.05199044347113,61.5826712653022,66.19670084177251
2025-03-09,67.61676560757321,66.8217387406246,64.99427079646648,65.00063586922786,68.99333428277923,71.07098605267524,72.89574330471686,65.70147509497895,47.89741029423027,32.622797008251545,18.784862645981445,12.766396831660831,10.530623491248218,13.792269428194563,15.88021521764091,15.912643208464512,46.821090836925414,72.64472844770586,81.03093301744781,78.51893906357833,80.72653987503817,76.31675471818426,66.98258303491167,68.01144945467912
2025-03-10,70.6741886992303,65.37673950566663,64.17952491883449,62.25720332834693,67.84288237035412,70.32053172068204,73.30429951589468,69.3211054460982,74.98036215590616,75.91346342592044,59.94095815942111,52.36072606046014,42.96254576172412,52.868721537337365,59.90846248130656,66.62167461424599,72.52553472725572,76.5356160701031,82.87508326919513,77.11588154294111,78.89879675766245,80.20146424378498,71.50904523214072,69.65388863482059
2025-03-11,67.17596587727434,65.38240746899157,62.25788833870069,59.33661164315663,65.50634837994919,66.22115582294018,72.29860925978406,70.90201621746937,77.39622780563478,64.62204385711432,55.86163862855748,47.35071859860647,34.62635330134483,38.338260818536064,45.64662180723916,48.66613330632505,62.11060295327975,74.38296412031289,78.49189883821728,76.40676654082039,76.60923310314017,73.46339314943413,61.35902979680641,60.68631322194837
2025-03-12,64.41322448101914,57.24912592142554,54.13647002745551,51.64721562366568,58.645158204951464,62.489627267228684,64.14359300060325,59.36287978203894,62.70104594630157,50.8605023911054,46.84751040452535,36.16772772881311,19.078625218116656,23.583299588050487,36.77115836704141,39.48740115353827,49.15406203056454,63.607246799525534,72.92117593345107,72.19576297922494,72.88153097802137,72.45118134526625,56.62726239953024,56.81456872720303
2025-03-13,63.469256129732074,61.96769413647726,58.34993319609899,57.33720096518721,62.98499086147299,65.5011094078184,66.70413660135267,64.59746736281615,65.28433419630814,54.59175389394718,39.85170534967967,23.22989162856988,11.83673212407721,10.152034277316561,24.744409719005397,42.25872922577344,48.700387720139204,65.69320896086043,76.09505039649096,73.53613218167062,76.1400013670604,74.06542999629168,58.68274342999996,61.132353698898186
2025-03-14,63.65096983992026,59.714694242971746,56.167716989122844,55.33158250165738,63.77550909029204,66.5862758383687,70.34732195065772,67.8268077784838,67.2798651894085,42.445298452538765,41.08000041048545,29.633122449083793,7.276491213970984,7.396576585698574,23.874415441359545,29.223050557823154,44.54896509101183,68.3567881918406,76.042860742304,76.51659848204976,77.95661238357341,76.6429397440174,62.9449624210302,59.36881441402475
2025-03-15,66.08408769390907,61.75161781599041,60.42021753367713,61.908688871195096,70.19684331344396,70.50462829495046,72.82472403178829,68.08452125770916,60.593540648722765,28.842504370883155,16.829101639752714,13.156183590550697,10.696062608034671,6.349321525112711,10.360507640517792,12.779965215445156,32.370241970781144,65.35747258084504,79.05414520480764,78.34073398634594,80.92603308746088,78.48016662672038,61.90768115720971,60.838859983649904
2025-03-16,61.55342592716662,47.31968203447234,45.646492699372686,43.04661700166763,49.18117546715287,49.76537562050332,61.89817820241517,40.44913449999326,18.132794989906326,11.357390350522905,8.472786283956115,6.705945647999457,4.226452279761009,0.08413146801181401,3.1109437141795984,7.522601069896595,21.416583192902927,56.37294830876423,75.98401051255006,76.71924826248545,77.65254791952577,76.87411552656829,60.5585671783907,58.25537613657774
2025-03-17,64.06666432171974,55.66207445802819,51.66986295477644,51.75141112282163,58.74839007490497,60.62561937281344,67.26956147167303,50.0287842213096,52.651748409579056,40.638836919150236,36.62328859067073,30.540417798453557,23.920030948910618,20.004249761047962,25.168051077487927,35.65613455514124,57.632724870771824,71.45172710642426,80.09145025235745,82.76518947800474,81.98536068193674,78.9261177998285,70.57825782602274,69.90729426702063
2025-03-18,73.74664077619192,65.6553270358012,63.46777264764241,62.048217438026796,71.23731328554874,70.61266292218079,71.94189690633402,63.398231954775355,71.5597213342523,60.676370706524615,35.01594821979688,23.699881752507068,18.59816644375772,26.136134996007147,31.817052609424596,45.52864594402361,58.82662284406333,70.55907416336785,74.95855803271125,73.4671152594746,72.72878380325628,71.51295817796925,60.782263096659236,59.03572865638066
2025-03-19,68.99133023348311,54.236846240169456,49.375481721546734,49.8667420297537,52.225684755768,53.416742315232106,60.26165728003038,52.08251723307436,74.64424697426034,61.12492245614425,49.16742220991169,46.66913419519746,35.53360723891793,36.349063757799314,40.107405628767616,47.3594917747604,69.28251118344825,75.56825380859469,78.00641049589656,75.79005233655906,76.7676484241541,74.83354922546673,58.54820250454532,58.441731328974605
2025-03-20,64.38808317823026,61.25784003218203,57.616194744293296,56.631041142684396,64.42402241213286,66.8006856358113,67.80087290446033,60.447048271307025,78.80882153094947,78.32251860743855,72.10673282403873,69.59995656388702,47.70440270906249,48.310324255508874,51.0661739168596,65.83820674772294,56.02230485120296,69.07564179676524,76.81478064841662,77.58696739657424,79.56701376156374,78.59794020183948,62.182428672284495,62.8141133465871
2025-03-21,64.00015389380178,63.80632309117306,58.790849705322664,58.866184726222,59.571260772115735,61.69831144272215,68.7608056608089,71.02717363785749,77.35431694128805,75.2891411285599,57.313057938817195,52.937654790813696,42.828335880731764,44.68827726127478,50.794768151255205,55.94688626066225,61.83906019138259,68.72722190799267,79.09313490372786,79.47015527705369,79.33793898515579,79.360983046341,63.985963403931954,63.826777154651765
2025-03-22,72.28185885852011,69.40529405857487,65.61649723790784,63.290210791941554,65.83978965924403,67.21469474999,72.75882864310445,60.98004786100032,65.18610104944086,62.18770249340985,64.11196354058157,53.48756964436704,36.59242489837043,36.54655286778285,51.31545408343817,44.961679251250004,57.597152527979404,75.96344654172809,80.40197020889292,80.64233054618761,81.09280671769858,81.0343042241625,72.47144980614357,73.68206870111665
2025-03-23,77.91005856811519,75.7918608155553,72.6893252276979,68.54725323272817,73.6711363428963,73.79886258752408,75.26880962894505,56.5353048052781,29.194546857256878,19.07966689440917,25.39503191994915,19.97196797690424,17.826276959969487,14.105020600924508,15.502166551744411,24.592159692471185,31.021271233886853,66.68801243075914,74.78357980499291,78.2448196147736,77.64819020718413,75.64749987325666,69.14832580649589,68.35599561343992
2025-03-24,67.8193881086497,65.60064836477348,54.55216406552955,48.552856460593496,63.887665044411094,67.69885138573768,60.9598638080694,47.25898039448488,53.56861758986521,53.81778514548185,52.6191763762939,49.17594403488489,30.03543253542823,40.22509515165347,49.11515702256992,55.60856226588015,72.6821078751894,77.39715078728698,79.47912371154821,78.39778025135992,79.14772787175784,79.20501671456933,71.50422822132316,70.36763608106683
2025-03-25,74.6174897742791,68.06686224851533,64.35111877800838,61.71467228519026,60.11735325676726,59.7188670488336,69.95695396468055,69.55565575466153,73.01743605138472,67.84798688335763,61.72538669315758,62.2259461500293,47.54134672420528,48.55652893210909,53.54577174843592,61.192091128017346,71.60821096162897,80.81075376455415,79.4814504282283,78.78736495097142,78.65979022056793,78.42327806892101,65.12015358995077,64.7298641836872
2025-03-26,73.22623991269339,70.14689006919964,66.43666484869212,65.29261904118543,64.76146650668768,71.41196071636014,69.55314803581449,67.5920012063846,78.86691084289892,79.12596170000889,73.52610556655061,70.66193360803301,47.660942449095884,50.884203245162865,67.69011773011106,67.64079511229062,68.52849138218407,79.1374429824532,80.74712593527138,81.14596815650731,81.14261341631875,80.69945206361288,69.07758221176834,69.32287385853903
2025-03-27,75.49427999709532,73.1384241647589,62.978506696329966,62.94665267060596,61.54319975627432,69.6613306506373,70.48965150040466,66.99163188239989,76.21618499772028,74.58126483485357,64.30897535163476,61.80986151885332,56.26794787265298,61.330404916560745,70.0057119102816,72.1051197275441,77.03882773784728,78.49637220329257,79.14756433228673,79.31018504795006,78.88697361351275,78.39130557063834,68.35576305254195,69.21139504950327
2025-03-28,72.95397381410687,68.34459287618819,66.18736943918005,62.95902176916922,63.81395004054429,64.11038091570579,71.08954436410026,63.887312654935045,74.92872060284515,74.41554098406961,68.96563970242512,66.85823868792706,55.93293646620629,59.045767037458575,66.35049729279804,63.58159706176447,65.1026210478725,77.76156229680574,78.5354261668212,78.80129067133733,78.93354670488903,78.8593836601066,69.82631260143144,71.57914989243888
2025-03-29,69.85843506596478,60.98930812771694,57.37458755790801,56.09027484225194,57.851589457939674,57.666105723631965,56.96499033905544,50.07752947711692,60.00029628171211,58.18250344450712,34.6655990499276,32.513231349212376,26.343855166128954,21.8697798111232,28.95941255852445,43.07379608628048,50.44078377777491,56.09880424980608,69.0710385608532,73.23243758568356,73.64079711805216,72.55989132840082,56.127997209154984,55.35590554566874
2025-03-30,68.56782183621931,61.8529399548412,60.53548775926527,62.136872927023035,60.81125966961404,56.76965227663119,56.108597895164785,21.642447992413153,-2.657407851357353,-4.006303924801774,-4.4610743299024636,-5.157067003503857,-3.7907873697190406,-7.729985015938942,-6.76654564428381,-5.450018986226546,-1.819226089507288,37.133782508915054,54.13690405182995,70.34241895465811,74.81040724600841,72.55139379831066,63.915023276231956,62.311456363116015
2025-03-31,66.42348333312378,62.3588048474454,54.59113544610949,56.61639535203505,64.54448590622445,67.20190065158106,65.71015157783394,50.66387971972734,53.41986191282791,55.99017760780093,50.12303231753229,47.549408688807816,45.712993000619264,44.41252293274916,47.03964205438664,49.80349096379694,55.38426787600994,59.35448188648936,76.7325015422097,73.91249690851144,76.44634781334123,74.07645479863724,57.088303466017614,53.17662246499663
2025-04-01,57.34207200256536,51.1676501788285,43.69357097533761,44.290094715426214,44.27254413326904,45.5151719591186,51.92483076324748,48.08746742006462,24.55561266198386,19.635758816923936,16.811865476453686,8.179783330413917,8.859804690794231,8.363851281153979,11.344362714347819,9.719002313294393,21.128379120995604,52.72783310370757,68.30275540237115,76.81052343607399,77.8375665104023,77.44769080013758,54.24864844787952,52.06634914936474
2025-04-02,66.08629486367381,47.28227846148823,37.174268721964495,35.080109857288896,33.90475889997511,37.819799932050365,44.64138016639727,26.220956117950397,28.07143881878235,31.360970755326754,28.75761156041519,28.35760291824623,35.48594840686739,40.129674670900755,39.84543256996092,52.43091021258926,57.95338037045133,64.87566464602864,68.975084954786,76.6359106195237,76.98074201870736,76.42283408801222,65.24490701376668,64.31690281533385
2025-04-03,70.5353230364499,65.59433917541733,59.621045643727946,49.73217688455496,45.87166919201796,50.791622704675795,55.52340574772056,60.75319678721877,72.04771480749731,71.5133492956,64.57309704560012,62.11663475764672,52.60310385753387,56.923794357611875,62.08837443897288,57.15831158508369,59.26258182765505,70.79455190934895,73.88733195464603,79.10176933766859,79.18745106010975,78.98054905062128,68.60275713457224,65.54425447345513
2025-04-04,65.69296216461862,64.99093780733229,56.39644227610278,52.94107522594827,52.112240972928234,53.93399342002304,65.33095849991923,66.10843286869088,72.51135957674059,73.4877858810072,63.670274197837074,56.58406127790181,45.42952613472644,42.928598063848845,56.583655547834304,64.74371202733307,67.16176679590194,68.89725071700467,77.34395587912829,78.04101445647319,77.24511988162944,76.09219076469904,65.05895347997189,64.19422907861018
2025-04-05,69.65325639566373,66.81886685284616,66.14932516225208,65.08138062337088,66.69233684466896,66.61183732893335,68.0807572307584,49.96863482241874,56.61640708481579,54.29700951732562,38.971650473475066,37.45706695750681,27.980615582108474,27.71811902196521,40.879035651983195,48.484922610199646,48.6183477345417,64.03245382916982,76.56943235655959,78.52214302314174,79.4821918655885,77.4130771601909,66.73397393556617,66.38398348419639
2025-04-06,64.33335825840868,60.19876775675641,54.91487755983881,51.20537221617284,50.81288679715499,54.54840167661163,58.05183843295839,33.51544961642585,46.52818116508323,32.07793314830015,27.36576805413969,16.27250846656251,10.537726831920425,9.841095766418102,11.51407925864757,11.959941858132435,23.62258959799794,53.22300073785395,78.14174776994386,81.83420768120327,81.70422893252922,79.8386925528131,52.78300982023939,48.97085193110215
2025-04-07,67.82362340450533,55.00783486258587,47.8389858359886,46.169425284298605,44.926258739730464,56.65158523086814,57.65534162440152,37.05604954744976,30.83127530871577,32.04893173989165,37.667038445638916,32.86729820610831,34.107216732427084,36.92860157279471,37.90466678579174,36.47888684577277,41.53813086251818,72.28431395640655,76.56358866468217,85.36421056997496,87.56215845680823,86.48393999853778,74.22678060910344,67.22579118120139
2025-04-08,72.88293897290187,65.64305559191574,57.0213757864936,54.98554920340466,55.070754152494295,57.6950056163988,59.24895722089575,53.92031799353399,75.68766849862266,67.70676165905527,49.65740819504943,40.98244318782037,33.490080310957396,37.38766554177921,46.888131363922945,55.445257001341055,71.72478821914018,77.37741067959892,79.89676777611017,85.01132882866897,85.2447925822605,84.92878394672911,73.04344126064437,71.58494503134337
2025-04-09,73.33527199493133,71.39898303992851,62.72846150650283,60.350663557397844,61.478891053549226,67.23706069766035,75.67617480556054,72.62754786163268,81.64482290036193,80.57284742834247,72.59781268576481,69.51239209923709,59.9716911067708,66.40271447926621,69.66406702546297,71.63982856329557,79.87541982168074,85.8107358426292,87.2255325774395,88.12478544510428,88.01244949574892,87.88943684363467,77.18659984561559,76.38189004307425
2025-04-10,83.63021293982803,74.95157760418128,70.96687439667573,61.92959165218969,64.30558067130269,73.52183498331442,76.35501211372376,72.96570382156396,84.71058862439115,82.65327632830893,78.76464527537463,78.33386949787514,50.703113981610585,59.57890400351142,66.33190739939263,64.74661242686548,75.0402785911916,85.83725847619375,87.99341345532737,88.56964860440839,88.3419005558568,87.67794519629777,82.57144459665471,76.32926323307655
2025-04-11,77.65717903969443,68.76166970542903,63.20061012804601,63.392135446698866,59.05780173089644,66.83367388795976,69.76514205168834,66.62978123284844,79.39501113843616,77.10728927243075,68.8489839365941,65.92455535539361,61.16834218627587,53.870570196681896,65.62586912859618,68.9474911038393,75.59661128821804,85.63397666071813,88.5883761599195,89.11653761177794,89.05213087848868,89.28641787262686,82.1986680244942,81.49735001797409
2025-04-12,78.15191760684336,73.61198267938177,68.69240910105825,63.25007923680366,63.92070152418572,69.52417541938208,70.59634423404447,54.20936466511927,72.6254970489018,71.5210894698815,58.892897305792765,59.81674301837484,54.73922664215715,56.28069775022875,61.59915165836798,61.351485584494405,68.02966402501502,84.9785957911561,89.64503196590323,90.07087606761938,90.19665251186426,89.57481878125301,75.41739752780892,73.65733394057501
2025-04-13,77.65439976999332,75.55896919943527,67.84390030269964,59.42802282968349,57.32021701998654,61.41155988837236,67.34250040446729,34.81544614546294,33.584598075868236,37.57030096632551,34.081575055980935,18.024003364559995,11.026690758317944,21.66140982687213,23.98731113736692,35.45048900116969,47.869383444379324,71.86120083917285,79.59436104560505,90.54870636703089,90.33174115374558,89.58554966528934,78.45899538967703,74.61603938612171
2025-04-14,84.21223334556697,84.62005094786004,76.59680485984586,70.59552363925518,72.20035554570337,78.05297462634074,72.94570212250876,66.70705216739803,80.09389840232173,77.28918592869856,68.61448855593532,62.8419298055489,52.638842208178346,60.14770946103265,68.7600697398171,75.73757893121315,81.61994220884166,82.0870345500701,88.56839383712585,90.64018342550966,90.63882790059802,90.93952928615941,90.13656906420405,85.37507759741926
2025-04-15,80.64817958876276,77.94334999082342,72.93188114796287,65.87188803886264,70.10785523695245,74.8594774839451,73.00526773571616,71.26434756375217,87.8698545707606,85.36617339479855,75.64369125474653,72.48510247531198,60.22149991804767,67.24517240054846,73.16255095325569,73.1261931761722,73.60132875449125,88.96219443405086,90.02068268357533,89.89110359967455,90.38656135736974,90.06432564329407,83.04121729326627,78.60717488231305
2025-04-16,81.99155280115514,79.17024980257007,73.68802904845964,67.82004380548949,71.07081808059752,77.1747016242401,77.26535569694606,74.34917044371907,87.54813872914148,84.28709486471023,74.37464935990079,74.69262874236514,61.60554038006116,67.93991275443818,65.13478306799499,68.18579829173532,80.43063862074091,89.17636692199534,89.68914892327228,89.64999566894207,89.57996002245844,89.62357990360107,89.89836132437206,86.38884061853618
2025-04-17,87.76056442371663,81.40555130786281,74.12221797982116,73.6217300674616,74.28178979862206,75.03036902362162,72.11227355001341,70.0427859561931,83.52952739170169,82.5138681734746,78.39812011124772,73.89719825104825,55.69425445142002,55.79705868442884,62.826742945553576,68.11637979170318,77.35696905116143,87.0358304559495,89.83678156485574,89.72621271795639,89.76110947195122,89.82765959160027,89.92522253966845,89.69980400867277
2025-04-18,85.35354184716192,84.01038658928158,78.69242575866525,79.78375193651303,78.86436780676542,81.99282305460089,76.57278053279478,66.5150798987648,74.64616680938464,67.94178985756757,47.193894010687984,54.944483510761394,39.988315307951844,43.45061553898721,49.410423603487835,51.263328634444754,68.6287090815222,84.22016675080664,88.83890600745595,89.63312159501285,89.71501440859745,89.79500517640331,89.24771317982781,86.39740832201004
2025-04-19,82.01702726783404,77.35447096863362,71.3855291994339,71.74595034828161,71.95641073026255,76.51175711258983,75.48238723202098,64.67585112971302,73.05179005143188,56.84619179432734,46.705520769227455,37.964854852213726,28.34455879425677,36.211535105221735,39.16024797462688,50.91774578039337,59.35835220839897,76.54826968627982,88.38348437617113,89.59322452195683,89.72603631855134,89.68168264568621,89.35679776467373,84.33098818078878
2025-04-20,83.46623846700659,79.14780615876188,75.15294669162728,72.33473861923885,72.16819450666173,75.60431868105023,73.47072453811016,48.68857447573707,40.16024158059051,10.347146526224838,9.647249616617458,3.0733103068727097,3.649354469081155,7.163084800885789,4.233331547150773,2.67394142586016,13.42653949802132,58.51438719690204,78.09257421116482,89.43482763416468,89.55289434453391,89.00370821830123,86.97960311050848,78.23946216804607
2025-04-21,83.06386063203715,79.16731168061138,73.8747722259701,72.53026556437972,73.34627515024908,84.05174792887371,82.7269068335213,67.84442078957433,79.21058272444589,69.9184058614124,54.2355719790333,56.68270268733102,42.64617164067249,48.79553010153792,44.07622894754786,45.793545622856925,56.35205098018845,77.29064797426975,83.15739821755453,89.18834624055812,89.6345297150639,89.3413950728915,82.23169342601985,78.36312572279573
2025-04-22,81.73124664067487,79.16919915897907,74.06545276961211,71.47214438160162,73.42151605070698,77.11002540174474,73.29529473672882,65.15976099854001,76.46979447728987,69.60846311397,56.27190733567801,54.22826246499019,34.94680754738307,43.62716768715635,49.51804794731627,55.059879314740456,64.10474859065143,81.61792331079748,88.33851792615819,89.12415935941564,89.08468906245638,89.00692182833463,89.16251816028885,86.20359383834717
2025-04-23,84.87417243063622,79.55340356736241,76.42882309315185,73.48160747783824,72.72454142337186,77.93769354700665,68.64997354234053,56.860318887066306,73.87738626689075,62.948496716987634,35.63480416421156,31.16272135204474,16.51107759984558,20.21937267321914,22.640506621772698,33.918820844288064,58.238977694353615,73.57270879873724,84.72909649859653,89.17544598445193,89.59712093131297,89.58101931253799,88.6877068037541,81.29807522403533
2025-04-24,78.51711243316761,77.29774071743446,74.76669214850396,74.90773039711212,73.93121036168056,74.53673588220974,74.03585056492332,67.68646052463296,72.41434787836015,53.09179517626562,29.990368075282483,31.776339039139337,20.358647622660904,24.529688641541902,35.08795189230008,42.78251978804553,64.49680965697596,78.89812443004837,84.9593291856984,89.3222512951038,89.34735504712353,89.26074209264264,79.2365743590149,78.69791940996868
2025-04-25,79.58402417278255,78.42390897693603,74.50485294788096,72.44826597036781,70.81871702469051,73.91320980910137,71.9717870824262,64.32641323597676,76.42800808819271,75.4915373985087,48.89731487829964,48.68793009392199,33.71056260786261,41.485271599237045,53.55228872151745,66.83693444248865,76.55687776321214,83.96601658673794,87.35165478102205,89.3497684600721,89.31797974171074,89.34991718915992,84.22416651416971,79.97832013426712
2025-04-26,80.38978341887852,78.46197106247807,71.21105701950114,69.41690096972508,69.35733935060063,71.34438676921715,71.46571276884866,53.58712744360108,74.65250496168652,73.47234441473498,64.1500017447422,49.63719173183464,23.112632328540304,27.273338573243787,32.642873990102245,33.100651386741404,51.65053991888328,77.28150363180231,83.75084166415398,89.49651421731936,89.19514680111722,89.45543930413223,86.5513160196639,82.57895329022969
2025-04-27,78.74896723988496,79.87065494212995,76.82093788917578,70.29052524746582,65.36610383301229,69.38745520979236,58.86625063161104,33.32574876188005,29.467717592731216,4.321390671752923,1.524296046922003,1.7133945130416859,2.2315132448990105,1.8912012517749168,2.5336920359577757,1.6974030770686996,3.760149509548575,47.05922068470629,78.07662916368983,85.26080699495493,85.12358686128316,84.50745216850778,76.40586073706898,74.0039634947563
2025-04-28,68.35701850047849,67.39950657856079,57.08978149343445,51.50291878156809,38.40845730557292,51.2444781596143,41.92481787584179,28.377514648269994,62.42447695063872,47.08540105533619,40.36953679427873,40.81452268213724,24.553721558672997,29.097807558454885,43.6858177819878,47.478431913430676,63.00907609044692,68.73035202732014,81.71814246438208,84.80731454906639,86.39096367292214,84.7721405829312,76.83608066718934,76.13218804669434
2025-04-29,66.22515297925119,56.47375385897086,54.29058678535696,51.07323320158574,50.37170358954258,51.535184805197375,49.49142187555717,49.42895840773148,48.61435548525659,34.934870849533276,24.850233533283856,22.50875020703228,19.361324296465376,20.546604812085338,28.871791603096558,28.2036359859302,48.0041743123179,65.29916007151567,73.96939229169962,87.71998306042246,88.84351674736598,86.10780643176581,75.3214548785209,67.98146536270097
2025-04-30,57.49719755610662,53.25671337198451,47.82758771016337,52.636734016553845,39.7909965964951,41.92804739096491,39.239433468185894,41.84303179755162,43.007313863699316,25.347663894447084,19.137266414808273,14.57622821530394,16.23293427985843,22.72353698012681,23.13838426940075,33.45511790452676,41.48001282184974,63.48461590844669,83.72335436164694,88.39610084415376,88.48185351597152,88.34174118672854,72.76624557902555,66.76415164921262
2025-05-01,79.67991757907869,71.59476116477238,58.36306079592759,53.365575361348185,44.76060866608969,50.58647177080719,47.739522392748526,38.56628079687487,64.98156007166247,60.33977233233998,39.89896457630328,41.08192884699663,32.68745123553627,36.11020688939851,48.13119100447988,49.73906141017734,63.52409221136652,80.256747923766,88.3126254561061,89.47584542410472,89.18550824658942,89.62374232656491,83.00003541885427,75.66062119739851
2025-05-02,70.8072706898898,66.55317506120069,56.61742338080636,50.91080067054161,52.59350936980331,52.678363549001695,46.56100707729628,51.35476229825436,57.705682710571786,58.615971874251024,50.52297529749998,51.19616307398474,37.47382386279985,34.24310566790707,39.92315605312214,45.15176585817729,53.20444552759743,65.88442869824284,79.0595937997128,86.1568055296283,86.03089631808791,83.83738905165296,70.70934113579064,69.83729770823017
2025-05-03,74.01596733668353,70.34027510308374,72.90964937874433,67.05191250189509,66.74325772942008,67.1117453557052,54.92056653017443,47.17400262267043,70.35915881657029,69.79954787714601,67.95014187104614,63.61897280814676,28.201167169224938,34.129912222253516,33.651561542236365,31.463647361319218,42.93800217849926,70.00694610559448,75.97718066211789,87.3489468393424,88.70822175257379,86.14612215920138,77.33411747599469,77.51551045509925
2025-05-04,79.09154010702093,80.84038069474822,73.31381663383519,70.3875758946415,72.31168875762245,71.0579165091958,64.73408205829797,33.184657123438406,20.17911429662757,12.39133688481276,7.769208437288604,9.38557383528996,7.450016333041351,6.50449678721297,9.919975996598371,9.764575416099786,20.459243886975813,56.06512437021079,77.05329709286478,87.39965357160058,88.75199881039723,87.5898288946902,81.50237316710258,80.44791621814701
2025-05-05,78.61559128104768,73.0039976047125,62.451646647144585,63.839758611765156,65.89381499668058,61.115973960938085,61.94050701730111,38.46044208467833,59.69987224942856,52.81999651808573,44.816628032654975,44.092508634225595,36.21940526958448,42.90000823621654,45.1421689504417,47.07748111523554,53.199079695172905,71.9265181404941,79.70987879390908,86.98780151828242,87.19319145627709,87.45010181135235,83.733945035661,77.85475778378826
2025-05-06,80.22576191908323,79.83339438534564,76.74207438515795,75.71400929898384,75.31480821787405,68.59317717566192,57.511798499988885,51.21708583788334,68.98600005667761,62.84162952620265,44.365646351083484,41.967200886762654,30.21297431718732,30.499184981789902,42.242653147689715,48.381870672161824,62.42557343544736,77.15652967375027,85.27473289667196,88.68851990259925,88.78132334815005,88.43692068341137,82.96909022070899,78.07604340471707
2025-05-07,78.83635473573906,75.82746894315162,66.54056901194218,70.00902831087828,73.8101064910679,75.63742109708627,61.06398872286899,47.87847778283278,62.81091754955396,51.13442137158245,34.78035976005359,21.11805278050621,14.299152048962906,17.029606391888542,20.20923713670099,20.015850424879268,47.31567874850551,78.61960089007688,79.13571691145881,88.07936241722133,88.08810585537454,88.06011166184936,76.76573088545958,74.03145014247949
2025-05-08,77.34188054790395,68.28946900634166,63.9869541322113,63.98537509747232,62.4757931604075,57.62325105238157,46.26201084558035,39.32355625196717,45.02209705639207,44.92334529476237,30.037596898530534,30.49387050140781,29.609017821839455,30.354353112118915,34.895260897542144,38.45680753946255,39.95133275527227,63.51623075392356,77.12825246358734,87.96178959619456,88.79778425474485,88.83500561232366,80.33011594742659,78.34731545469698
2025-05-09,79.7438853978828,74.97032370784736,70.97739346221866,72.65041962057188,72.10334900468813,68.91111936724145,64.26891312018506,55.01422304739838,80.49265644687073,76.3083843721723,61.15764788530604,63.41041258471633,40.93237864216584,37.74811394943327,50.112473667043474,46.679888599103116,64.95979179236794,79.74052573032718,83.4809658489789,88.4392928696955,88.31131649644324,88.36936501663367,76.44882133610874,75.41061301746207
2025-05-10,81.22063951187882,78.40553943236354,72.63864288128973,72.85747519162703,75.37994687053009,68.71927787926839,57.510602065689696,48.71723493838033,54.66106916257685,54.919709971128505,35.81644079316612,21.665901336648794,10.447957100029019,16.020876553162363,32.92786144069941,49.851913126015695,44.470238557184864,68.26343657029928,80.77707022954836,87.29688521434937,88.07988552577386,88.116313587967,83.35912064368466,83.07095147608729
2025-05-11,79.60349409529564,76.86502020476173,71.77088354438256,71.08103820413355,73.41330960133054,70.40571075742088,53.144756684152455,17.132881934137178,6.5759044819382915,4.448824085158219,4.837006737076678,2.212506414549515,0.8273266597180483,2.9505601373655916,8.253457618678311,7.398965157830667,8.58100512617691,35.85030405542049,66.3554902829685,87.1967299411997,87.58846534594787,87.69556617835647,82.77607860106443,79.48021495425208
2025-05-12,79.99895711108539,76.50403284031002,75.04339155014695,71.30344510544059,72.03543417439694,68.9958940672508,55.00483150378285,40.42884525025894,78.32149081105334,67.66220376966109,44.47603428006185,50.123109422525594,30.38260588711769,31.73495060380997,53.13509530478332,60.62135531392477,68.05915912154342,78.39160564728881,81.9131627223055,88.36022450322866,88.84648854243741,88.77161868313334,85.89185383601685,84.27038969315281
2025-05-13,81.94341744081139,78.24079172944518,70.65021586872777,73.17375738542385,71.619052939011,70.34194163345467,67.73643601564852,45.07642315579855,78.057631103039,52.738697043987315,41.210512892250456,41.82273291432383,20.54989138313701,24.870798501172516,35.53690520007298,36.59288130311335,59.346461732728,69.95308789540958,78.8123201384988,86.82579254052187,88.13365292651197,87.9601704152912,76.80125168675778,71.34602521147863
2025-05-14,78.78837148027222,71.08388100179538,67.71612365979323,67.21641521066151,68.65694884595575,64.26781512143086,52.32453062666869,44.86682083723873,69.8264783118534,67.49192445705681,55.933209648091385,54.191360834635994,42.38168110724488,48.17688358452679,53.794026823145835,60.93345013165039,64.86616586367592,73.97689291600508,78.04944880836238,87.67337906379443,88.39285717031252,88.52494865572821,81.39550875929329,78.71440376976817
2025-05-15,75.58761782423211,74.60703547918826,68.23703115476056,65.0746661703083,65.49037199823697,63.70769511559849,58.976715305586076,57.8650530695261,79.7394752664232,73.74438209765978,58.5016760052592,51.540008557493074,30.781171105010927,46.04560671097702,56.53139477991117,57.511904245648864,68.03382737413986,80.5574164021401,79.35420116832421,85.38937217344191,87.94526844540681,88.26967970423415,78.97608916267095,78.24228340996021
2025-05-16,80.75335779835882,77.96709694319162,74.4805663576213,73.63838135976695,72.54342156933986,70.13355685959736,65.9453503468666,66.7993702691604,84.99421415093866,75.14663174532349,52.89093217182503,44.70273973892864,25.603446662473125,29.26880542973601,57.35963893319262,60.479748188633465,61.4517869043803,77.1974206070135,83.83792426075492,87.49509389870839,87.53067684532051,87.65918354097641,86.17181020051332,77.87742632714476
2025-05-17,72.52952193130724,57.049249028976796,49.605592850007966,49.00493394305849,43.4904292104272,49.96563309787372,37.55801040387224,16.454223061240526,38.40228572929353,32.78684760098884,13.972718131802699,20.40498404282317,7.317851361067352,15.118110514584902,25.17320450744747,25.762417100403848,25.053980106559635,60.527837792564995,74.77011499059924,86.8143469196325,87.80810021682315,87.79730289174209,81.22761965020936,76.01059388535263
2025-05-18,77.75780975323165,74.11913732906575,73.75388451729162,61.86513724808961,68.53539663551784,62.411841148039755,38.859388571295135,27.177614722668647,6.692692520591385,6.271513207543573,7.121433398070687,6.051105768992503,5.892676362942191,1.5808647424367541,1.9677708844415556,2.197157373069549,9.987888903071273,16.79089388528215,73.32325755429123,85.77444252775437,88.10140872433306,87.44009340744152,85.76688916496695,80.76112100012504
2025-05-19,65.43191221982725,69.68338414236229,67.23791937050783,66.88271486604343,59.53137412240332,62.733197547831935,50.95280347369266,32.78767298971844,53.24343643547309,54.33735498275348,44.03196241552911,37.978634374466345,36.15437828072246,39.90858312850533,43.931082573687334,44.87110240415021,46.98442851524671,61.355066230963,78.27461606926327,87.05740432545416,87.757790886238,87.52885262917125,81.04994673863372,78.6382562738495
2025-05-20,77.95318713718707,77.84906933515222,73.61858388190737,70.12540766064329,72.48765979033027,70.30240272685243,58.78224174744637,44.18042061637917,65.29081974763479,53.31822256294177,36.74871711878728,30.674300526613127,23.431647196964462,26.694814953826757,36.95117673427524,39.41309760901334,52.630132560919535,67.09784933197118,81.96564671939565,87.86421814900008,87.86599785870483,87.87523618060078,84.04541150876402,76.29510080242515
2025-05-21,79.98141520948285,77.293300109694,76.20063681671245,75.40017432938497,75.65862593755917,74.0930332850045,62.64632698219648,50.59001806731735,71.74248373637604,54.735027993262634,40.79836385977193,37.83449885714736,22.771091405820016,28.662426068940412,37.20567924280823,44.02177704000903,61.9904000150893,78.58017054230338,83.69944718982154,88.02478283528838,87.95001579146742,87.96135561299064,79.88433252330641,78.49200596132114
2025-05-22,80.26999983087647,79.45990089398497,77.47679916506068,77.0557398699831,75.85748386670352,75.18475617231637,73.02763477255553,58.73721110534551,81.46023582972549,72.3628577501147,50.836899817068044,49.662240576543205,31.18285934425126,37.33898988892014,52.62862726814061,47.88532596795042,66.38952948118639,82.53108241139017,86.71186848735773,88.2684468071318,87.95911690658048,88.11336646967202,86.15931780347294,83.73626747050936
2025-05-23,81.68961548961691,79.28129309165966,76.77574005033756,76.6313282860274,75.95360907363938,73.31001345715731,68.09948168347535,54.359158507148194,80.11619740067877,69.08921126152175,61.207922602990415,61.61270017524907,31.53204413724162,46.57652605270601,50.61739502548404,55.636178136201636,65.69768547744577,82.61956752870593,85.37684730691429,87.97238355745682,87.88129085008777,87.8763037905122,85.31314303390774,83.86127724564587
2025-05-24,85.42132730490192,81.97357181968722,78.38059222886774,76.88988568572886,75.76940917304898,73.16255184159967,64.23005606593061,55.680020675293704,60.72889997311763,53.00155701830924,57.976612652420386,43.657150712061565,25.036056764662984,25.28011900221609,58.01060679423004,57.32332273810045,65.22420634360907,77.0938332018597,82.51664189061034,87.24760034346788,87.8893192612496,87.48219246371927,84.87135847685077,83.08371393987862
2025-05-25,83.6342456936558,80.45996857835327,79.27812532820096,72.70074346078191,75.06239966613792,70.11268578588962,61.24919352328416,26.834889050748554,6.0944377289539915,15.845159212809783,3.3576709116825585,2.6090334944571842,2.1570120469779717,3.0223975123485673,3.36948131889927,3.6929629776660464,18.901221671738938,38.728805029830234,75.36736376765649,85.74929251250697,88.71458830240209,88.60208274585261,86.05818393705255,81.86895103066749
2025-05-26,76.1210908209281,79.43658514516022,77.29949347548092,71.30571185470771,76.69170576368613,74.71425182599285,61.65951573548349,38.12821609708427,59.720089207333594,59.55565951237237,50.529838887531014,44.41393178629628,39.542864797300595,42.94576321676245,42.82299989582419,53.272300829562,58.21389640956402,68.87382986196258,85.83324939181635,88.05916106496954,88.22239289108074,88.18516058810663,85.9397375939613,81.61132966778486
2025-05-27,79.94128063621488,76.96384869365667,74.04429901104106,73.76469804315872,73.09453361058557,72.59313129685701,69.13511190646385,52.55855210093633,82.15175043010613,80.87753682533811,69.85458675196479,68.25085442295071,52.56199225708942,60.207121157344915,68.11197900071588,73.93529217073325,79.47137091718139,86.52555197319082,87.51305636004744,88.00936994854958,87.84598530973909,87.86366375077478,86.36526025192914,84.99173233487792
2025-05-28,85.7962474978619,81.65071070585522,76.3283219134726,77.59801795285848,77.79957658545976,74.8706336667061,69.28108558670313,57.04236689019361,83.01171859928063,72.39665181615676,67.83502207890075,62.697735521755135,55.27471464540663,61.13037300930313,64.58338711815374,66.96511322500635,73.7648797914355,84.6294133180864,87.6534566280233,87.5491724586913,87.51600943040327,87.58404365544001,86.893408917341,86.8326933989987
2025-05-29,86.70442731657697,80.69001783929501,79.84062013977088,79.98078168169002,80.3782975500264,76.98593575306465,72.74903100546823,68.15748029323461,86.30503684156042,80.65574105728618,73.83504195803089,68.84302023211357,48.32854047134489,64.08375181037104,74.01303610881399,72.18853377494153,78.4725989136904,84.5220151208231,88.04180692689842,87.84368244963045,87.81026227460615,87.71133986418747,87.8673917371321,87.73491996609462
2025-05-30,83.28134119734179,81.81649355317272,79.80928069878756,79.14734297300463,77.42695670589615,74.25333348204673,69.23031227446309,61.293874528721055,84.42926870406365,81.5691726456438,59.981891827102395,61.53187012709946,33.671496502780485,58.84606320574927,68.33988772842024,74.28717553243892,77.04014879808824,82.50197523559952,81.42225027002118,87.27852213247192,87.41500002242411,87.3811731863472,82.0809219049657,76.74386613899826
2025-05-31,78.94255527045806,78.88392410657512,73.7143606248292,71.58508444031041,76.45511748823148,66.79624423911524,63.686066053584355,33.72814184220587,47.15310737799745,67.56329501188692,34.9878197615584,45.86468616065724,13.995802559360484,17.780794119798507,42.769160091673584,38.307692404342305,61.625294220034384,73.85155616397702,75.35485749487452,82.07246354284804,86.26990444951615,85.94526388800881,78.72455858538977,74.13428471501668
2025-06-01,78.63701715668275,74.49061175723979,68.68476209812893,68.70024537424625,64.67311061610232,67.46279819616926,57.655838842584615,33.70891883860986,6.888990403503997,1.9444527191568075,2.329429967643972,2.7715474555369477,3.3512418947141622,10.62352616262691,11.555910785241874,12.160095279310127,26.999638024749835,45.0905666864949,72.01688306877877,83.31640880504204,87.0891161704978,87.28479637500342,80.94150090688424,76.4915893233051
2025-06-02,77.64759807417013,75.12657255810733,70.48087858465911,70.13170978131768,71.72738497272272,64.00591350231846,51.9224417327219,46.168026342223264,72.96777203125613,74.83872956113338,70.25130788934332,64.983280001271,54.995612908353195,62.63676337145647,65.5870641346965,65.78245160861431,65.91559814869434,77.32942846535906,80.67740782914294,84.9732668928022,85.2941910765707,85.82378136319527,82.27130569921523,79.6404151985607
2025-06-03,79.86222250996629,73.68094987833268,73.58675160190231,72.12580079653848,72.60217394037304,71.69384115958574,63.31549755593967,49.427377997352856,80.77016691991582,72.95851102489102,59.50785129190092,57.5007890559109,30.344671830790137,44.49762918981827,58.660306123710164,60.81983387394211,64.96823097916695,76.27917063711556,80.39304857489513,86.84045177430087,87.33223126744616,87.36101898230315,83.51069098921316,79.40840022759357
2025-06-04,79.71016658741607,77.24139439007857,78.27184498018138,73.95198641252043,73.89584476627311,72.60917170529882,66.60780623752174,61.695555804537456,75.70202337898104,67.60018868067213,59.37422861708706,51.39923370459018,34.70027251107747,52.25185612402445,63.97667209064376,57.47205763734458,66.80324346989818,80.95538725180047,80.30219345931633,85.53907154599311,86.54672957156222,86.14867972456211,79.50885941878302,77.6479076030273
2025-06-05,69.37094593260954,70.81328784529782,64.39908372240723,66.2851189759598,67.3324293992724,63.58952907001043,47.577173683836534,31.14985529170785,43.30473739169288,31.295318663555648,32.89967465067509,28.925518043734208,20.551764472853733,27.989416043341095,25.46697200101655,25.355554448171812,36.552106015732846,55.66331171483059,57.273284979433356,81.51300605514187,85.40078480540146,81.67271048207789,67.78031746966045,65.47679962328351
2025-06-06,49.35968349473265,50.62051149377685,46.53484208788703,54.310955018630004,51.09741238940976,47.24800732439943,29.233652195086602,25.25835806095095,16.398769022660083,25.743272149444497,18.15935536524123,12.716022344603472,9.680281237640305,11.813823138575094,22.323887566910898,21.448303651498424,22.649663477333224,35.1053718809397,41.275253505299986,74.92254395287907,80.61964371714532,77.21095784069801,59.994889812295376,48.36253213993841
2025-06-07,41.01397322249785,38.66404515747657,37.46707092353801,34.834493510442265,28.465966720352657,29.009022008016625,19.31001099934092,10.583000185357738,14.883912118809118,-3.3168914342024385,0.6804731293007814,0.6540819174484156,1.7449795106674124,0.7018413933969457,1.1324764704249572,0.4404822125382247,4.55155431766774,8.286115309871906,12.223349864848032,42.59337938211015,47.32345796886999,49.086216835265716,42.67529572516927,36.41143635299228
2025-06-08,45.13134676529506,46.02988469677487,40.73833823897288,41.9835804718763,46.63009570450247,37.40993719946074,20.377449212570156,14.000109990422503,1.620233847800351,1.401093766511866,1.237294851511258,1.608197531670132,0.3413601327559183,1.2745920964720117,0.9740947615351053,1.4759484280352795,3.293587874622632,12.57589248869376,36.42042334039248,63.6092033952919,75.31492893877272,74.07110732279938,51.75709952456688,49.53617641380164
2025-06-09,49.08462347031367,51.11101190132422,48.64395851999777,54.399187604518225,53.34474521230227,53.23156332180677,39.57532377209603,23.162188692087614,17.395904036940607,13.434020291509302,7.411648619137884,12.498140992471113,14.372000093188408,3.920098591691283,2.4641357474936276,2.518926527354168,11.46640638084956,31.695510442266112,62.34458616795837,77.00661682749171,77.74957997524429,76.97586150186345,54.75391747608623,48.87474142547296
2025-06-10,83.35963310654058,81.47828892007686,80.60792574435492,73.49114944266401,73.45539536729562,65.89331641090703,46.633881523524536,21.59730046005039,23.096085646853574,11.327009236676458,12.956046658865256,14.173089837079129,9.557110743471817,12.260695497254423,13.089126958389546,12.581649721529136,23.727330760764964,71.65005512474498,81.21717398417204,83.12984006655515,85.59594675370015,86.90902080497729,66.3853805748179,58.66479021602153
2025-06-11,64.01188507396742,67.27348534265451,63.41209135304248,68.09041023611654,67.13946972185853,64.17054321748765,43.842254233780366,31.36070035648999,44.17924475769607,43.98508362465475,30.30589041862748,30.731185800594183,21.942479694742527,29.62886871065104,36.64893976814688,45.67171094955298,49.547102279515016,61.901402714491915,64.68698962177325,83.37320489101282,88.06921600096848,88.80747579557418,80.429078095373,68.48394356830094
2025-06-12,76.66631335883949,66.02156262787155,70.26686527013543,68.18434534255685,69.9697323248433,60.287283831543505,43.100314252263374,37.96809881131555,49.42593047982852,48.65394764020314,52.91562473001728,54.383227218798304,44.69682514412797,53.63043250349114,54.38199568158127,54.238937863914586,65.14697388210963,75.09201678062725,74.80175687815863,83.91413216956995,85.45073941688023,85.40775843791612,78.99390883395651,71.35161008830381
2025-06-13,79.61932471437986,71.81238640652947,69.76521359449295,64.27040255009136,65.76006851783212,65.1760257955593,49.12862155844953,48.19417016925752,61.17574220418549,59.38947516892921,59.12100868401865,55.83099967994211,41.75051228809874,54.061705036880944,60.39929618212248,66.1232868861881,67.62955979911607,72.25305378265669,73.72105175702703,84.50810779396107,84.39674597419115,84.45548607710957,72.51146299291149,68.85097133997112
2025-06-14,72.83731866441566,70.73301735491664,69.53613803600005,64.86283171319975,69.25346152480535,65.15881701187666,57.780169760635964,31.079085876053654,51.84866341537603,39.58963386108399,22.45675290966544,12.667286810897446,3.431956638184725,4.051393274863014,48.1547794922447,51.27770774815169,58.95372925703619,69.06694378917916,71.60112093149777,83.23847914838674,86.84456693364625,86.79606680945457,68.28480919820626,59.366813989515535
2025-06-15,74.06661062854971,68.62645781670972,55.15586645941675,62.73035280140538,60.18817718963004,57.95158089024024,36.98546238429847,22.318000109477634,12.152711296629727,4.7465165879357265,6.011099160451921,6.7553184870394105,4.718993097168076,5.692733154438114,6.304132688694055,5.444319359762333,5.565043986553505,30.490625193381785,62.82652345328491,82.26562180729188,84.29580048449904,84.32864823869971,72.09082007795894,70.48797140532103
2025-06-16,77.69912063883052,75.99923599725918,75.48811653321341,75.09324329625595,73.06383207068994,65.89573576236387,50.74278899426964,45.68722737877272,67.306765499492,70.07079100272244,56.65491165771836,66.27555181071239,29.79712014331955,35.03003559635399,51.363308650011675,64.66573781501369,72.9298536338364,74.68704861802226,77.07904565000288,84.0916054413857,87.66431178948841,87.76570496328777,78.60287637303514,74.77067056540547
2025-06-17,75.87020332863025,74.2142884423248,70.69291737822368,70.43515495404466,71.8210998709425,70.56658713021648,53.5997401090725,51.830561692185874,62.113368057418285,60.43624655126932,53.89192098270452,51.32009399496388,38.04071220435742,42.03581205068921,53.871165714682,51.42097483791457,62.695274396089665,74.66846961592786,71.0203077510666,86.2412624084407,86.525528033944,86.23726409386879,84.44202171150286,78.13994587248486
2025-06-18,75.74837508150229,73.33707601211809,70.56033912992484,74.7794924416971,74.90371580266938,63.51430450544811,60.689859233338,36.392372211180884,63.265156906603224,59.58258461424586,39.276530468431226,39.42932240582044,28.249692301617213,39.97281654779334,46.63863203667035,55.348628600701446,65.84577604060415,73.34876119959155,76.29694205092017,85.30373939563273,86.61179832310856,86.78417439772703,79.48296191171806,76.56475208053209
2025-06-19,74.20710215428184,72.77005327946559,66.18230969348454,65.92904408401928,70.84521217288673,66.92455157371214,60.09440950216256,35.55649177920701,74.8019382049948,73.21276507343332,52.082340994051066,44.7745606816912,33.81293382348151,43.59941642212166,56.10787321850718,59.99876409961423,75.09121195964131,76.51599744593832,79.76297689484038,83.32023613158506,85.45539074695246,86.30687131380392,79.90982079020664,76.39786965223301
2025-06-20,78.22433076990063,76.75753223014338,74.94571962017115,71.09290145120134,76.6575122779626,75.60557080768268,68.173621564554,55.61143796890679,75.48992308731478,70.62847496750861,59.66358057331211,67.06980612282865,38.02375902465604,54.479025706947056,65.55028933594349,63.08090311486717,74.71727789194017,74.83873473497019,80.81949864686493,85.34566190561839,86.3310770883736,86.32767726671324,80.61078495160409,75.8459370830912
2025-06-21,81.15574415716326,72.65130072877835,71.8982097428384,72.80149220371112,75.13686837051719,73.44282687066351,63.88275475914138,47.19785272978163,59.53543700535293,48.13853788875705,47.31122338459555,39.63053742305781,20.08221354413417,26.006916369839992,41.282913488626996,35.98919138839204,51.41708547545689,67.58632393615312,71.1770958577203,85.31941192187648,85.21954631807154,86.06372307876401,73.4793309955414,70.03954821493733
2025-06-22,69.56605907407922,64.62990186181864,57.60651654402201,61.978200359094494,62.211632668134854,55.2938220495234,34.79507452055519,15.114259624903537,2.766427316212346,3.168016800777374,1.3733383637669645,1.1299785288930522,0.3769419601527219,0.4361173954742265,2.0569730588078983,0.48212038018612047,4.343583998175209,24.78858219102465,62.7019730491698,79.95421958470237,84.03536039014695,84.01877093663612,73.98316223001649,69.08369298414529
2025-06-23,76.22933504017364,73.63436601298979,68.79514305346164,73.57247685602553,74.30320394510508,68.24888929319873,54.630001658446716,42.789379526829094,56.03423358867666,57.550059961362386,49.167734950661696,43.43528197077183,23.65838788162511,34.484293719727134,46.39079630803059,51.1238911323756,54.79921838473192,68.06169586135795,74.42825892235794,82.55482402463574,86.48153471778186,84.9815350541981,80.54014016093808,80.38351627217696
2025-06-24,73.55664783395177,68.20671529561697,69.70772546760715,70.02356783470094,74.56030987030275,70.29294140832147,60.82955058139931,52.54728147598945,71.12770145994328,71.20315077789921,52.857520869422274,58.351367680852626,43.464238822534895,51.560096228288515,64.23608919472908,59.3342415788332,65.2250716386452,74.50518476884888,77.36504098516484,85.22513468522489,86.09572408573189,86.03909075060812,78.51608324570054,75.18675369959627
2025-06-25,76.47970122497266,75.86580102600128,74.48834828206633,74.46951153003461,75.01729918405711,73.8254705723444,68.23599269315754,61.38726748409046,78.94729239980053,78.39664025828893,65.41804570564551,58.42560083751701,40.2308054196655,60.84838813259283,69.71421626915962,70.19345470283216,70.46480620878663,78.21498269409345,81.53717463579453,84.44032390555519,84.61899370813974,84.6328880383954,82.1943026459212,73.81653122227351
2025-06-26,75.89028172982997,73.55470728837174,74.28687079819757,73.93289695978235,73.63993436446158,71.22471215831169,63.461126534646915,53.94878150622023,72.20102312315177,68.99900600895235,57.24312834529218,59.9783986192561,43.45795183223218,58.176296955540835,69.60053001527433,69.90623136863533,72.85778040742345,75.922192514464,77.06534479305776,85.16353159349813,85.42345231078401,85.38051426529081,80.59664201464167,71.72489605422304
2025-06-27,75.59459145183446,71.95539022207497,70.23567199594642,71.84614245030254,72.48155593287902,69.23271861847913,69.27238963864899,58.29418854328649,75.9077730807607,73.2391428180146,68.793984500427,74.35504551371598,54.187732190809704,57.38237097013315,73.34442272966913,74.07290605946231,75.50646991828687,78.55089966220922,85.11118535128999,85.92424751172875,86.32836955380652,86.1772111539565,81.16907563927033,74.83531028923981
2025-06-28,78.43316934327522,75.65207779937674,73.84079521710973,72.64161960515689,73.97225632211932,73.82934633478429,63.5820409120436,35.44262812385456,64.22459835821945,48.54543770353886,33.519065642531984,34.65930452146076,14.64467855909015,18.67971518360305,35.62696847940614,44.05075583350715,52.31457279219498,66.42621820359248,77.20035010397255,86.43077245044972,86.44616605342867,86.40862973245677,81.90190682542556,75.67839868454493
2025-06-29,74.32903440603613,71.05492091691549,70.81663153979959,68.92177855196456,66.40690470889896,57.602359639073114,44.21850042637207,19.232164484604265,20.89831122445343,4.426374138517584,2.9431972176921177,2.523762300431157,2.4734010557636883,2.6651597013415214,1.3867042953034046,1.2590866695827805,20.97104743453616,46.07430261821774,69.86528654491181,82.95639008847115,86.21391413651136,84.99064849060031,74.24311225701285,75.55633961738666
2025-06-30,76.85753983204555,73.09855416901834,65.93292908059807,65.90604200485231,72.09842898426925,69.87951114097893,56.693972206675014,37.95245402211029,71.09348985088376,68.75789439498108,55.147495703001375,52.957540408563084,37.40570875201696,48.971693927986564,61.76389789381806,63.84691370516254,71.95008648973007,78.56240924639488,77.62934877968245,88.85221836145998,89.39395898669441,89.50641590828288,82.57199468461135,78.55726658271126
2025-07-01,78.41834379998745,77.14264531849149,76.09675125104187,75.49388608982186,75.43626556716157,68.24571403413697,68.04224202118544,57.96144103540233,80.31326873298707,77.4353526809445,62.92636886942408,59.20271335781094,52.89999523787248,61.15454392902893,74.70770266716444,74.59549570723065,76.71633690847499,80.15318392911607,81.43236494774222,87.58148394556214,87.98047109080873,88.00195355197363,85.40638595625114,80.86666358053306
2025-07-02,76.72173816416424,72.00760784924111,71.28856495343426,69.08211484415538,71.08665177811052,67.24176829496503,56.923657622643255,47.94137698957525,74.87727625836371,66.39037063639023,60.24454442426698,50.0463253080503,48.32589348546365,57.45066848800422,67.24478720034494,73.90369285092885,73.04943294494156,76.7258776197566,79.7583768522569,83.03228541661315,85.30279808494684,85.41243047582748,80.12373254045572,77.5004169119491
2025-07-03,73.55926772904735,71.46445653822008,73.77868316784549,72.92408712225381,75.13933706604415,73.72684343883617,74.5993119074752,60.60029590273117,77.120524476851,77.69949135856194,71.61986042686917,60.07676132034823,43.00307579488059,52.03732765211309,60.46510684419252,67.63748343498013,72.66348021515905,73.34421435606072,78.81744851832056,86.16869502856902,86.33168678095686,86.28435541975186,82.18629038388467,77.05758359094432
2025-07-04,79.06433367749831,76.8977396837661,75.40778523904463,76.93118383986152,75.30635837632556,74.4385002201903,68.24997325707153,53.77662877400052,73.96079343058909,69.95158734718244,61.616996575108416,62.27496824530294,44.14427582868208,48.966060173646426,63.70119475889212,65.05558275722242,73.47536163032866,76.70962551811843,75.95372129283187,83.41634782667283,85.21594424814839,85.44249512502174,82.06751467468703,77.90036511780661
2025-07-05,78.01085111752988,78.03261830123382,75.91234740329462,75.27005734476936,75.1835911044489,77.93242778215883,72.47789231005868,58.57602450908223,74.68820288346127,68.61580191128371,55.998584973346944,54.17827425501338,40.078314621281464,45.155568136121836,62.05924825462127,63.95300855604195,72.07146045236645,73.71226726365035,75.57880380102068,82.60306161953616,83.80987323770053,85.54786672152663,78.6403434035408,76.43648290572766
2025-07-06,76.89342554418153,76.63175281067439,71.13566285384702,73.62518047250683,68.70080823187892,71.42920545298809,66.44629727657988,35.29434461659658,50.66018087226027,30.16354602015562,19.095820410203476,6.94500385237299,5.795891569791792,8.360224184088304,13.516256005187243,26.40482374856353,50.27234578545105,64.97081361854447,71.223982477071,81.41916270880063,85.35809557641849,85.85408194837358,79.32512109081618,78.71121321468429
2025-07-07,81.29285817377566,78.03906160406524,75.3942947216357,74.69962758064042,74.90271606097986,71.56373778453087,69.79965203285276,53.823746019635315,74.60263662242984,68.30072073493469,62.74690770984614,54.823243938057225,47.19503958287267,55.78206709069161,66.9272544740082,67.36928423680726,74.36256198454517,75.84723610349711,80.85090482746187,86.54643720032685,86.862589020305,86.40148714286934,85.04203335153515,82.18613109177164
2025-07-08,81.85214719347626,79.77222996169705,76.62138675770042,76.55028370244273,77.13577453033076,74.67523955077446,74.2119389572943,63.454472768597334,72.31182750184682,75.92635421444419,71.32612691788468,72.20441658650866,49.396719716380005,67.4117770633686,72.00225350071267,74.36685186167333,79.6361424417687,83.65702732232148,85.4106352452035,86.65963632884163,86.19265158028728,85.66220665177293,85.55698239936065,82.88214537777222
2025-07-09,83.1672158763307,79.70645740077796,77.02912324286524,80.2335121778564,78.48516900343073,79.25034782901182,74.15061853767536,65.50636614117033,77.24140545314255,77.50636898088624,68.39783853249014,66.09005057661872,53.25131861899193,63.93846869363285,71.48173538947881,72.09815582815918,78.91207138172551,82.07781536670925,83.8093012094545,85.23284847516906,85.00137386346749,85.0972397911927,82.71292796273055,83.47697859489709
2025-07-10,84.2936685696696,82.09921982189748,81.16939067367562,80.13991796567852,77.02717200634214,75.09318331907922,71.95170685728613,62.91447685091632,70.70491354004562,72.91329153070154,68.711454700482,71.46508863525833,64.11382309806507,68.31489928592313,72.0916755450175,71.07476519181276,79.33847373423392,84.32616925160737,83.22163294926057,84.45715181231489,84.3863072712935,84.66844626196925,84.26557467014692,84.55373112379839
2025-07-11,84.60505960039008,81.96385661919763,77.7832288637828,75.79785108862889,75.1366448176492,74.38567363579727,71.19645492211913,60.69480579499744,77.65960593384068,75.22524211362439,70.57772975071097,65.33298788387606,50.87098455618345,61.32561802042042,59.40433260197793,71.16576405312138,72.0783610938143,72.00014264212815,74.39529115677347,83.78890330691637,84.41852651178748,84.83798959205726,80.56230224646056,73.09251833733975
2025-07-12,83.22420362058601,79.53335314193971,75.41582020351682,76.03173009797635,74.10104487597086,73.92739835697184,70.89378067912783,53.27110837773427,72.3482691931651,64.4225547674912,58.46920215854709,36.87259315824973,26.820446150898803,36.71710245482965,47.17474061560071,47.57713598988066,65.81638176480493,71.70259576881132,73.10448175740088,81.44234724128793,84.97728978452558,84.9729533403675,81.75161155795723,78.23670694705581
2025-07-13,82.85447628790499,78.73488575017116,75.28190253869519,70.11368218577756,71.35854180307612,69.42805173045782,62.849728805896554,41.298699234614986,41.706391125703796,9.308713218233704,8.314071192788829,8.828776234390698,8.143284271714922,8.871958890537094,9.672733037034487,17.588529750107448,25.936978576935417,49.20591102640709,73.552601112215,78.18058087929876,84.25844305374117,84.25076007808197,76.69714055942775,72.84288394310173
2025-07-14,80.72152179887323,76.34242921054657,73.32835055144366,72.54468710424018,73.08584043662775,69.89254083779598,68.87850098135357,56.98622531207932,72.28604261130495,72.95457557381486,63.82135383216025,61.52672681410756,51.96202026933139,53.97957566896841,62.93119493901239,66.91669943175997,75.3670068055933,79.71753236968688,82.48648851769045,84.9397552196922,85.3486716633852,85.47228012060503,83.3353558882346,81.90596938180708
2025-07-15,73.68395847270376,70.26861688421569,70.55252974093061,69.13067467785628,70.10217528218759,69.57589354250224,65.48544267508234,53.984343263273786,63.57860077827427,63.84090986222067,59.96690578404395,53.63445530059111,40.19349291105061,52.97692959833064,59.186727558130045,55.43562222145768,66.27712857698722,70.68751602431794,81.9119549361299,82.70814537707378,84.22962620386375,84.15094053258476,77.91722165086452,75.97641592814693
2025-07-16,80.2658629161067,78.89618159434531,75.88602183314899,74.09464832588579,74.03412838799521,74.47822174821648,73.13227559123534,64.35607210318045,74.27040059619321,71.46080719786303,63.663012955901806,66.46008813682433,50.576527766381936,63.93651844701263,65.64680972677543,69.12003179841808,70.95079496874602,76.43599451567464,78.2277781959947,85.37756962600476,85.03233836566312,84.95266582366814,80.93019570383929,81.28422333774338
2025-07-17,83.00927791546646,83.26119478394565,80.64555443174767,78.61975793756586,77.35280997156684,75.45994187676918,74.69070637290196,64.67124220051792,77.7709868746837,79.276733148659,76.51448247818982,66.34068992729668,53.00189194056588,74.4040785470723,80.21065735488334,77.9870279657989,81.46031628366954,85.02256835265372,84.08027524130777,85.48439361603262,85.49862036029921,85.29217625808171,84.94774321707402,82.72721923121814
2025-07-18,85.97311057529137,84.22934179610762,82.82452382185862,82.05049449348552,81.59258733258822,81.99217668071768,77.68742325540227,72.6029930709737,80.81945634080134,80.88900007854575,79.698688779924,77.66767764644258,70.25424627443913,76.24425996155139,80.75735848811327,80.55457049250705,80.96929490351418,83.28091863346067,82.59987365327758,85.180449219206,84.89021482773298,84.91762468043991,84.46173949168681,84.17991796010948
2025-07-19,84.98795395786905,85.68226510926613,82.26076543196474,79.31532229415356,81.0529985690302,81.05879408636038,77.71090000178393,75.46690490655479,78.02581081126485,75.59765113443056,73.70311693331263,69.68010071305609,62.53494302240908,65.21475008987261,65.14167182142704,71.61445730766638,77.44183256181226,83.72547043051382,83.66286306317105,84.22908599008758,84.90725290274202,84.95727050801666,83.98032490604248,82.17609363629467
2025-07-20,84.37762900105501,81.32354413884558,77.9009937750494,79.2484066354214,76.8009622195884,73.36834558030333,73.79054314875296,50.67122950801017,58.34622051586483,54.39733480337392,39.98230126201742,12.927119255797223,15.370078859520312,22.590411780308592,22.297042188222523,33.46844901789894,51.611919170630074,73.60270036424536,78.31554374409106,84.2108196391789,84.25829754048875,84.63328118183186,83.92577209683841,79.50261114418242
2025-07-21,82.57475424389085,79.2407950152416,76.65629320747854,75.4093414615309,77.0252350712438,77.0573933485461,74.24371867701954,71.3948113689425,80.33782891468152,81.17431156295335,78.17554950571196,74.50461731020832,66.3367123088708,76.34035364702852,78.88774836884562,75.11281936157656,78.77547825945541,82.05541645100348,83.80959338425922,86.56601734642744,86.11261850160784,86.22284010240955,85.52524305765863,84.36023302591968
2025-07-22,84.80486247481956,82.63742470179982,79.48301935952664,76.32359859236654,77.08741562150965,76.53029951200307,73.22157556489364,71.48581123537028,75.48903342777328,75.57801714088893,72.12991717840663,73.25192714446482,65.89241708384145,70.7123817171297,74.08376053649556,77.2545048670406,83.0681340639994,84.63213238520457,84.82285336077906,85.24894308565554,85.19451144835361,84.3859249756507,83.65298233144983,84.48281862368049
2025-07-23,84.85100153092908,82.7017458562805,80.29663201844383,78.93990118711422,81.34437428528253,81.07466120411688,77.04772681916694,73.71260706719802,82.8004499169719,82.32958049456519,78.58979025285683,74.13791606375194,70.63553956304281,75.94111456653036,76.31054681991725,79.22994877995148,85.49699539522807,85.51969191189497,84.12216869777409,84.54781578260302,84.40001641334167,84.1671736670709,83.92829004615056,83.78286583734833
2025-07-24,83.91789715523292,82.97031440196737,83.53356151650695,84.15709772709221,81.23016062569435,80.67158248722579,76.91632859982623,72.39613773298332,83.26744948512021,81.83466298891838,77.19656089374456,75.78626511204936,71.47009751562345,72.09479110587195,69.75937321455183,74.42225374730309,79.77710559281701,82.52432334486465,82.95502640836993,83.65173514594093,84.26024908155328,84.09625580999736,82.6306857645934,79.54569969735417
2025-07-25,82.52733859234333,79.95030029084297,75.42332609343802,76.09858981732891,74.10755021293235,73.27923838254858,69.32982165757308,68.90013279878434,78.66972294360204,78.61716880804471,73.7866459326403,70.9222861497933,65.72505725566386,67.17699224960653,69.95075432434581,73.06528961036224,77.85171286225724,82.60639483962008,83.75847612954368,84.06501886517,84.34654096925212,83.7824750097925,82.92157329796751,81.10366567483574
2025-07-26,80.46301707455012,79.37477366189438,76.05311758863469,78.15793202233529,74.67820256964542,71.3922100201262,62.93494164918345,65.78200099929013,72.33587752491303,71.24500190119846,65.27433989468501,51.32210227275557,47.767642881714195,47.814282896773605,50.18090709139943,62.606307988371206,69.79745553511799,79.319804802,76.92956348738696,82.46690098523575,83.90460321796026,84.09161787759686,81.28110175151261,78.4251434728688
2025-07-27,83.95642671174193,80.56482776688146,77.70507770120405,78.18022448362917,78.50297705292868,77.93494027655423,75.26508131622134,66.74365910084971,59.78640394952199,48.62999741539336,47.65039852641219,44.70342284825631,51.91980126091394,62.48726904165894,65.09859838047079,63.507092977828215,70.38759871528956,75.47738050243585,84.77641455871556,85.20814365041419,85.59577031596348,85.58440915670369,84.48351796815997,84.71222932660879
2025-07-28,85.63480456264693,83.3455098938064,81.44247432023928,80.97618576480907,78.71988436089097,76.25030418081832,75.29991617387307,71.48546628190763,77.92629162605085,79.53354167614783,74.8430570236246,75.3775753728089,74.59965327390405,78.9614140812496,77.71938759763172,76.73850257529682,82.57780421345387,85.88945180729147,83.43308886983603,83.99774032584088,84.0231503785192,84.23399830644072,82.73394771713757,82.81799598347773
2025-07-29,84.58216171829639,84.24698707922816,79.00198042877625,78.69664310215272,78.35881437326529,78.18940053690595,79.5721364744799,76.49706694845962,82.28823524250994,82.49643220643924,80.33474936572574,77.35442498678157,74.48584024688728,79.40610763356464,76.74744728412362,81.23892454988008,81.12707302392569,83.09066060387475,83.16465736496185,84.29962405793938,84.1424396593048,84.06044302624119,82.82789909046176,83.00337931786966
2025-07-30,84.0033725596306,83.82723819087099,83.94358767583786,84.53187428574192,84.556506251993,83.93778010853049,82.9313109175778,81.26349200252344,83.97177982009582,84.37341817219058,83.52023194570988,83.00565731238721,77.4459338523555,83.41246710495454,81.05281454370254,84.14519316658836,83.57294508581263,83.04125741211053,83.34029124796872,83.75358756473652,84.35816944544824,84.38120566392274,83.7942940758138,83.80179316291384
2025-07-31,82.80185160252861,82.72074455569991,81.42616637208897,80.23376364970069,78.24280320421241,78.09032636439358,72.66587193040091,72.72459582534455,82.06031418135052,81.07166585493111,77.63137189611197,77.88076750508091,70.52672733945299,75.34908316159449,77.65396747494269,79.37750715342902,82.27939234568615,83.18569023725954,82.8388934062686,83.45592556167846,83.30261353859123,83.30252478879548,82.2313325247024,82.07339957721832
2025-08-01,83.4277287711934,82.90387647147868,80.66061850947435,78.71913632635071,72.38185313142876,75.30114102206586,69.97944031841347,67.08315455211284,77.89859944628324,76.65485407377238,71.39625949453139,68.7742542471257,65.8989666197789,68.32353113605288,77.02442094071492,78.36183335387389,81.35735224121149,82.24525839730735,79.69907175615641,82.62897185814593,82.57906445648187,82.46789481849508,81.47453135188313,80.29026880704346
2025-08-02,83.35027622521818,83.66667368292045,79.81095324667949,81.31181168023792,80.43975497238753,76.12453149995541,70.8466229776793,58.2839093276579,69.72692018803747,69.84906989645515,67.99860288694337,69.27861049796871,58.065807600889144,69.77805638861493,73.87310087645103,70.36910629192954,74.33438492679086,83.03505493962346,83.20581965084551,83.86347150380591,83.7486052650408,83.72246703908795,82.83964419879662,81.2254235290573
2025-08-03,83.40294928956109,80.89764323880539,77.7903292114942,78.26811732285292,77.71421190295627,73.73637597271113,74.28223161052838,70.33975133495163,62.15512403491629,58.14470499047219,55.97079755188739,60.826519723106344,51.94779843009081,65.74813464669673,70.14342918420387,67.41364668421487,72.41010106922103,77.50378938844685,79.44876441784712,82.81949449444731,83.21217759849571,83.3368002117717,82.80782180341363,81.36211491119633
2025-08-04,83.64072205378855,84.01989646291857,81.64411192901332,81.3917671996243,80.07723709703045,80.08914271069071,82.60659900009921,74.87123661259741,80.56640054839222,79.99489999530802,77.5164359723751,75.39577217282257,71.03683578809591,76.55514406423525,75.87376448752003,76.2157421269936,80.36551903734801,81.46373129657056,80.65571487185436,84.71177258635699,84.00456925194193,84.01600767406966,83.11579371365363,82.27516052935741
2025-08-05,82.4727122506612,82.90828083407114,82.61938046708444,82.46761866695424,81.31138014203269,80.28848743762255,79.59386183317514,76.92278082746253,82.08222622946532,81.37045112580275,77.57229430513755,73.71596221409807,61.43101401342239,72.00359357656608,78.1295206703637,71.48074283997737,80.78133379974696,82.63813129946843,82.43046113562096,83.65720443389252,83.44168663744048,83.74822120231121,81.90819205335835,81.35151423312576
2025-08-06,83.46356273502776,81.634553869226,79.87996505890415,81.60483309464836,81.11247061366855,79.68827356382226,74.76310124564178,69.21023508139811,78.46985131994015,78.82135440918873,75.4628173208902,72.15617612340506,55.6804014438432,71.87465997339226,73.2990889462207,75.0929886081471,76.63684464506501,81.56275830242264,81.24765999141188,83.73814243118589,83.82814458817174,83.89653767411345,81.72451467180498,80.2403678862632
2025-08-07,83.95587649677924,83.11974017151834,76.76848721311269,72.66262733175012,67.42312658762968,68.83373339370635,63.456766222530355,62.94437030980417,76.53107584442475,77.34054451088733,68.64186262083878,68.81012244947969,57.795916306549856,69.36623027705961,75.82763596433237,77.1211260618936,77.76985149541129,81.61719042165909,80.81068897821139,82.65119041903395,83.07109786240426,81.43610486384149,76.73271953402129,75.56872232715328
2025-08-08,81.38035709512853,80.71007412869308,78.55928857234105,78.07095697817944,75.0753950278764,72.13438925893621,65.778482256605,60.82232705608033,74.25372778661851,72.38618967997041,69.17882470776364,68.09122384467624,53.17973767137582,62.557934511535855,71.018055514141,71.7092449589038,74.70240233525412,77.69528395306507,78.08084697077527,82.10509258169903,82.23348496351393,81.98744464435718,80.06954933839933,78.79407443586905
2025-08-09,80.38036389485114,78.22633229959492,75.11914572615522,73.22691564326226,73.18753009761879,70.0005224052962,69.5126773208729,58.521397950390266,69.88453973902512,70.33775447491585,56.96728809876402,59.154489359440625,48.14225765687137,64.67533333140487,72.06886131424797,72.4566216351886,74.92472795957852,77.58687871046095,77.99845309747725,82.2438256722944,82.6733919001135,82.3521775841826,80.55792295984376,79.22846330331683
2025-08-10,83.10479672241,80.61257277917368,79.14517532242421,77.14160431674027,74.5803682905286,73.0084765219717,71.81106096007693,57.36123803194627,52.92829536854481,33.83102682654692,34.770251725613264,33.18891162758549,26.67843286550782,34.52245908923941,49.50765424470388,62.68044738630009,69.97345206785816,74.33802289215345,78.49842843893192,84.00821121398582,84.08626761584718,84.11074039626835,81.81308228872804,79.35804879124919
2025-08-11,83.18388872492277,80.08979692592324,78.06705971800942,78.12345577695636,74.32870779444481,71.8657938894276,71.97097514367329,64.94292561975064,75.73657544480336,75.00299843941247,69.91839671123542,61.806038883328554,58.41366355075449,58.99979576098155,60.33470180826057,71.32644734600778,72.11630946712216,78.4263478406291,80.08997374827318,84.49757446985859,84.51466936594953,84.5878079319813,83.41263298575545,81.91756427189344
2025-08-12,83.93212156153973,81.5590120773739,77.9794168608109,79.83351397174212,75.82692862208215,76.36848838374483,71.5154109140561,66.93943025036937,75.34650464423382,75.02587274047477,67.00584867605096,66.53644488123757,57.02578609795747,68.90367422447623,73.06567580712296,75.74168168555099,76.73039228751679,81.75783385387187,84.25876057481949,84.31672434520863,84.16771592635395,84.18131651210042,83.42643007010612,81.3241377799923
2025-08-13,82.23757501156935,80.59503286980669,79.64991242634828,78.42611878373913,76.74263061349507,71.03577613538323,64.51806048661778,62.071635203551786,76.51657968600962,74.3080320534733,63.15006652921389,64.91685927009183,58.10210784235218,66.69434297017824,73.64226454157586,75.00638101042516,75.39252795240564,78.60746337276153,81.84563881414896,84.45261766945225,84.15638264566951,83.5466999057172,81.41863666100201,79.64782734475337
2025-08-14,83.12302977117047,82.74296304409046,79.19754123530826,77.23552769888443,76.06581669309134,71.87531481152926,67.14075868908652,67.05271684437965,76.13392226267372,74.34164331087746,66.28978097822083,68.22626031392869,54.89107033575677,71.96986241365515,75.52052360033282,76.1421074090738,78.3719021785738,79.9666759421283,81.7350016368186,82.2207806974217,82.25667800276709,82.3950375096498,82.5635891366834,80.44218056530835
2025-08-15,83.54736089386977,83.34494808296355,81.36408305172407,80.71470814616093,80.38822295261731,78.84134051347,73.50729139960875,70.35626495876475,76.79386937155864,76.07935926560366,66.27509327996366,67.23440375411043,58.873095194080136,65.26168540419046,75.0047103497219,73.93430724063349,74.72357528156975,78.41816448104849,82.0998373879406,82.92593546242279,82.92716269457655,83.01363207463984,82.34758378794207,81.86973223506473
2025-08-16,82.33684003435376,79.48340535322552,77.21822814465145,76.638814526274,75.6000414587397,73.41021803196095,72.49703930876717,68.26046149803989,70.82060813972504,65.1032680266937,65.12854942602641,55.94354828607651,38.93346416280389,49.34509004330085,60.26824232172412,66.36175806931203,66.70590142402578,76.15353057098409,79.40915363035943,82.87091355892973,82.59830673961926,82.90050660196603,80.56248155624864,79.27294532014967
2025-08-17,80.57672913533001,79.81134020249131,78.37360717529023,76.9434975284026,75.02271345969777,74.49573416994315,77.56473970824487,65.15910754061929,53.346262117769,34.6696202735057,31.958944233382603,37.6912416713789,35.017745236927354,37.05007745333645,45.209555431392594,55.35840740019882,58.59603017617466,75.89060962640616,81.48540069756892,83.8867260501197,83.83645525538724,84.01604268390676,84.01025325648541,83.11499696800534
2025-08-18,83.71947378269013,83.27480646945475,82.0100904244002,81.90360578991884,81.6483272823247,81.96581551803796,76.06457632520929,72.56448249886175,82.41694866250887,78.60092169997117,71.83197544015044,70.06105755114596,65.00853497318074,69.9141773306263,72.6888025967976,73.5016768201887,78.11907806027136,82.86600722868016,84.8033960527228,84.39745893522829,84.00280375711797,83.9445505107856,84.27671030067323,83.64604269706736
2025-08-19,83.13621306505748,81.9657609183302,81.05370742184896,80.63781446152518,80.09011951298112,78.8549594027229,74.18069042734517,68.59485633773632,76.14353896382102,74.96060570912161,72.93520644881976,74.41042473628434,58.062113805746954,70.2964583785377,73.08074447089959,77.49483360903005,79.76645658004779,81.34001090784825,81.64120073582214,82.14501452040165,82.13765906848855,82.13065117012785,82.01555094216698,81.91755385988488
2025-08-20,82.97045757524101,82.32188958696247,79.17966825578254,78.51611244973928,75.39002790416409,75.09777894182632,74.57519995330888,68.64648667342206,74.06942879579904,74.53799864175186,67.38968487328154,67.15986030541514,57.76870500626895,71.75194063822885,74.35334224437246,74.92865909636312,78.2426363633269,80.04779367636577,82.75533521780198,83.60092450150711,83.57683072700554,83.77753536524794,81.83807960975481,80.4059654453645
2025-08-21,81.88974699899379,81.40492764321252,78.67613446713798,78.58866370331934,76.67764634474933,78.32065798572901,74.5205274340112,69.68869931087445,79.55188193207422,75.26499102423404,68.33001885013377,68.07842866473293,61.51832940558093,71.4700959366304,72.22149012743442,74.39022670387975,78.07835708594882,82.37972087285382,83.31493961984924,83.24616918365987,83.2023528676449,83.17076466596437,82.95499055422441,81.2313866371212
2025-08-22,82.17439338546652,80.63592527987164,80.8778963702176,81.07603329123401,80.55986369646524,82.0008015594355,82.03402487809214,75.47360449214368,80.89991742645455,79.02019205223723,75.30534963673091,71.65982043428791,58.92028427171276,66.07969972707392,68.34757612892903,74.60837904676644,79.92636813572993,82.90231298563646,83.14235584985562,82.98262106167489,83.03051224119307,82.75713883392044,82.83875263812673,83.19962958079256
2025-08-23,83.29598150008995,83.27497618591516,83.21595293330624,82.9637009098391,83.55154285195833,81.09348433542208,79.70593758877656,73.8713149801514,78.55483389244596,74.54454577465447,63.37216690854436,61.554930883371064,53.88067281004348,55.05742989085884,66.00562885764033,69.66460392556266,80.19273748677958,82.19867810606341,83.06007682178084,83.27722078204457,83.46083383791189,83.50290661719498,82.96627483592503,82.79921440549691
2025-08-24,83.33357539169016,82.28312575535733,80.28633415200092,79.48842408724909,77.47253063788403,75.71203378546839,75.30631811752511,67.6508524742405,56.07366431217795,47.728426769022825,41.769620244464974,39.24803868963351,26.565209999617235,43.887021144298984,33.166024223922854,35.622243732882104,62.217739683235514,74.98627419296236,79.73394627454172,82.9731783115663,83.11515989162265,82.82791737471229,81.33626416192222,77.67688788120086
2025-08-25,80.05699419879814,80.10233245082722,78.86033977829668,74.91972394681913,70.07691676799762,65.76300181154865,67.12897068232648,63.517948016322286,74.96188949149274,76.94853776532986,71.60788317723934,71.71712574447552,60.08077799093996,68.37630200477025,71.78960622482623,75.25742134303793,78.45673929804157,80.27281899022408,81.92668985353906,83.36346980815458,83.49109166205193,83.61817838955275,82.08536335032848,80.19037571339494
2025-08-26,81.48234486015971,79.07868057871183,77.36398727728806,77.34759331094745,73.77249687187029,68.62094208951976,67.87974766350204,63.6043034214047,74.10229370663146,72.30021210397672,64.25007708878734,62.818529061535706,47.08879395185904,61.21762011646355,65.35094650590835,69.71045534434582,75.84375730220277,77.30860892110037,81.21392543469902,83.88388085419076,83.5920706794165,82.16482646043849,81.17817659422235,79.80993604847106
2025-08-27,80.00807676116256,79.70634991052464,76.66226716759907,76.74245564887768,72.19582770909726,71.2545621850237,71.803140361287,64.36112545297138,75.59286159813668,68.62288449538727,60.55367540646299,57.62635278123265,41.61243530255726,57.36867320840435,68.95795623335842,69.76792158482547,78.19781078118622,80.05555702402312,80.5323626459029,83.45037397138559,83.41427033903454,80.82069804556714,77.27275395090777,75.42346444859503
2025-08-28,79.81601960820281,78.4957480579609,75.4442104271598,76.00301517300495,71.14506547139253,71.73399359938648,71.22930097253254,65.17823026471459,76.1312075669813,73.92649888586502,61.83787110875381,56.25150017430721,46.22815585042468,58.70139205507436,64.85878908431776,73.13627258598464,78.03882768289701,80.08235491364574,80.78782086495157,83.12910722687961,82.8981365203723,81.55377231226538,76.11664269330703,74.90152882413066
2025-08-29,79.7808388642759,78.57310484474922,75.79740966293572,73.70041581975292,73.44376358589761,74.17389176163988,72.91046335057617,65.58325748364359,74.74597312758233,72.21894855336167,61.56031205732991,56.48868572743307,45.04232357499681,50.45281525311112,70.40452159304814,68.28334095448852,75.28728950890681,79.44975150275705,80.2567830239145,81.73223940864466,81.94921682556384,82.21438335792172,80.17177634730938,79.04572866157169
2025-08-30,78.87049502035276,68.67553662424679,70.34796590790529,70.16465738953731,68.67957870494095,73.48826583117516,65.83735450027923,58.05086333785937,66.27995986754878,54.185910939982996,46.855823450920376,52.285371431955966,40.933858092695594,49.40333542501573,52.451261829871186,58.98297090700203,67.47308777564612,77.13783677016502,77.76016272977867,83.91299449978672,83.95610917222682,83.91658462524433,81.00403823361847,79.70145676710432
2025-08-31,83.3786114223725,80.2955844291264,79.14998783611921,79.14398363722778,80.46747728803275,77.5084646965051,74.79781773479922,68.21345071639905,55.66954064597504,42.72673934750591,35.964183470863055,30.649213847517807,23.89527935941001,26.757021953470186,31.282206265575994,38.45726674959708,54.85399025934588,68.38252282657587,80.30149422382584,81.59444000756763,81.45212120304092,81.72512716798838,78.6480382245335,75.27295948696911
2025-09-01,84.1793174445859,83.05494359574841,79.25275817618659,77.68505285451243,75.42147650612637,72.5446023013148,75.763942310511,69.56100129339816,79.61277339329575,79.65244344760063,68.93089455395055,67.35371849349546,54.607528676632434,67.15995719154559,69.36679426857141,70.45594280060514,74.7131381273036,79.19363112251354,81.3168293319008,83.5519682043901,83.25241319459624,83.10842344227707,83.02201740258623,78.62707810173362
2025-09-02,83.27363044712347,81.71246437866263,79.51242649085202,75.930650159879,69.7401273772127,71.6968747207506,69.8962729381582,65.88422703831546,78.11562374187368,76.51085223823648,64.31939696025337,62.95023300054265,55.75907964528514,62.75630807735715,72.43334826419256,73.97203002277007,81.01263019647764,81.45991672100287,81.4448586168584,83.18291338808015,83.17790276748171,81.65519402766479,79.39621938608768,71.64796292860005
2025-09-03,79.73697556936759,78.29051342542786,76.01763862597954,75.68128695162139,72.83997676863157,73.12307972923256,73.81814087775885,67.3314101332139,76.84210865851026,73.0560437856897,66.11325930469098,62.845829829927965,50.53747482311815,62.39365468034793,67.13730901334799,69.00544735098518,77.90078389613979,79.31650155735036,79.44711920213393,81.07775280713165,81.09667255181307,79.38560578560356,77.66059116938177,74.02436601433647
2025-09-04,79.2772518032209,78.33904713657142,75.93211097969434,75.50166319218438,67.67544847334833,71.75851702790486,72.35963782430582,64.09945632708003,77.66015747681236,76.0828651044509,64.6600151276111,64.2049650579586,46.1033468258631,59.51848289027646,68.82131412362503,67.72817379906608,72.54762343794171,78.44329461421759,80.15762301179903,81.93893962015153,81.9656195488965,81.95212807194618,80.00179025472464,76.07853838272186
2025-09-05,80.02425132391596,76.90582163177791,75.97054514574299,69.31990078699049,67.25727043587534,76.02823978351135,70.93536883820899,68.2064657390571,75.65154641169129,68.72002352223413,62.1859303665618,65.40770144564023,47.663163966759505,62.80781548804301,70.57392990809758,73.63531115886163,77.3808312536925,81.12354905213851,81.6408268527163,82.41455421997098,82.385596013478,82.20796607002637,80.18973616918458,78.46873358168712
2025-09-06,81.54621352734053,79.17789027330912,76.19973114938304,75.05753612413689,74.61286561403817,74.99411107737913,74.54299694135366,72.72021893169573,73.6889237551016,69.69867566452236,69.10668036308931,58.35596357157924,40.73288815642389,53.30051454087274,59.20254799272058,63.88943796788831,74.97759679486957,79.8588431500276,82.05925096493839,82.01357195896183,82.30891720615136,82.32417613249838,81.49376982491428,79.8586116580298
2025-09-07,80.9865341267673,79.32926561657796,75.86843414363408,76.72924117979358,73.527398590645,72.7038492297234,72.73311106037053,63.72772400083173,51.91133906063571,41.83056783303107,28.102386502343123,26.215983837235573,16.19709769495041,35.49168300020779,40.574705196227576,28.929701582593523,56.77404928133762,71.20967780831755,78.00885161027735,81.11693294879275,81.72187850710766,80.86887559346366,77.71089147756982,77.27550363548158
2025-09-08,78.45671834131,76.6064287510196,72.15250018766481,69.2359086090382,66.19575679106467,67.9236866214981,67.71632394838821,63.24566529771302,74.37779926787577,71.16415404577832,59.127792082120756,50.010667190314614,42.39331575784374,60.214852805400085,64.62968151107744,71.36277029444788,78.13760772549318,79.21849125252801,80.08913940487291,80.63430325920076,80.33158704815261,79.98527166111235,79.73107199190353,77.47293731333399
2025-09-09,79.5436773949734,77.13390944942115,73.78312853073653,78.33386134346065,74.34984815902769,74.76325233736765,75.05642787876616,72.5768972069264,81.94693108757471,80.79631826582441,71.07625038310469,66.40233333430807,52.19365497734013,66.73546799855217,70.72778822844528,71.68086656029136,73.23043441368786,78.63049152565178,80.71881782016122,82.80852598879135,82.82809685805978,81.55813140807396,80.39115496638085,78.0472885890826
2025-09-10,82.06185168965254,81.56014903348283,79.16009457195909,79.9444581628029,69.85140591525715,72.39455757317458,74.40754518624931,71.98881725998027,79.32586012570499,77.8628794877333,73.00348151867449,69.9891249936392,51.16876332585149,67.35911085589272,68.80172428326546,69.44242601770375,74.73000566667284,81.834300855875,81.88837930204362,81.82631045549098,82.13199170293477,82.39794204033471,80.23932771583276,75.01981589722769
2025-09-11,81.12080409962451,80.08426592091502,77.64285731880814,72.74388540664732,73.50278447277407,74.55906056613213,74.69344014272613,69.74864712829765,75.40875919690833,71.9631854741064,67.91741099786148,66.52138284362121,48.810334539682565,66.46510792392658,70.88480328523202,72.03649201412364,75.49063319791003,79.69896967728837,80.87177847814726,81.66942848397457,81.44494584429722,81.098952416598,76.57182083036274,76.33957310034148
2025-09-12,79.69883819522538,76.84075573394848,75.36369942076288,75.67481178487093,75.59672032245817,75.19123617552668,75.0969828485054,71.86548610012832,76.87131969474045,74.86367845500904,72.46225871530835,69.90643711096551,48.65956057693287,64.3036629739498,68.27210743448806,73.74594533436198,76.7270181124992,80.86443463189515,79.65002574949877,79.33534779953196,79.7213370597857,81.44563407506953,79.29953964414352,78.85969032686852
2025-09-13,78.93068037544167,77.02110641674672,74.21041990105039,75.39895458056479,75.41254209041905,73.81778046977963,74.91827286700922,69.80980311976127,71.81562665738258,64.98613176906544,55.704119106227395,53.77040787538401,34.336004226613106,55.5483225447774,62.56505474189484,61.69896049004209,70.01736387058789,77.5080378732716,78.78879057676362,80.7213709132695,81.36190649208366,80.35440105212469,74.67466924415235,72.70625847727638
2025-09-14,73.81372467338092,73.66924263525843,67.87801826833056,72.49661172764935,67.14355254518293,71.26311917978255,67.55271945099473,58.60300100511673,26.63754014640407,14.396870343780416,3.5339467697453726,5.818335670322001,5.028801172391255,7.356729858902654,22.71408014044045,20.820838899059986,49.743831149585084,72.22559313444437,79.75469142379238,81.43957925379378,81.98571585174246,79.87571844266387,75.90517240070064,73.84106012104688
2025-09-15,79.68196002056148,72.96701896986488,71.35241424932511,71.56583998669693,63.79114306964576,65.97461037334568,70.19141675221553,67.02024341190013,71.83867061307745,70.64537826121555,55.4925533029231,60.91407168190646,39.5822351442497,62.265891445895015,66.23959878804897,66.90978472274892,72.8924103379755,81.00417414799529,82.27910876133517,83.19480379643056,83.16874398802645,82.48553085846788,76.87789880396025,75.59549891595431
2025-09-16,80.05738437440955,78.13933673909847,73.15883187021308,74.13737275415247,69.39074269443483,72.02983047765548,72.93065904613141,69.4604146402579,76.35825282237461,74.48360915110482,68.73315979463635,62.46099009064792,39.092273779481815,57.89487407282175,69.8554162881121,67.86059898263971,76.28641759029551,81.0694419232024,82.03085430373403,82.36170502577346,82.0694385773728,82.17587959566877,78.64532345809857,71.39276957518149
2025-09-17,79.38386174366296,75.11535447190181,72.65299768904428,71.11226952402406,71.6874425645434,72.18467727811338,77.10248674055265,71.02833588547374,76.53159303638012,68.91651687779827,68.19290283720788,65.15833181682586,48.89216210957329,60.069849447465955,70.50089352526575,71.34586259006957,76.0995169779089,82.22601208994986,82.71136825953226,82.67464921236248,82.722072641522,82.69137443087227,78.36843059896768,75.80398682308852
2025-09-18,77.97454972138279,72.43240294843275,70.85372991045604,65.75988828332848,63.03988966393437,70.44526563736241,70.44769100495843,64.40924972267139,73.21175176221797,59.77008825558467,49.45448283206562,39.42496762224007,21.048084338025017,34.9364849863949,46.89842437664569,64.12968018864856,71.31313973403307,78.3103360810162,79.17841136680882,82.21859498170103,81.52961933997837,81.123806617269,78.3915704942226,74.09592756041248
2025-09-19,75.75558280923062,71.01032049950527,67.45956330634395,65.0145080321215,64.79926668790482,66.61473074515983,73.4203334498658,70.110938280747,75.26194027260794,71.40858765749647,38.46399662053773,45.799898320580475,18.43115196534276,19.24295538193563,41.526342991035285,47.065046896361544,70.07132255164821,77.85019099158946,79.71380770672262,80.71886497679147,80.47891439497589,80.13590719207528,76.27482981068002,68.93718177716381
2025-09-20,77.42021713755354,72.90012958176787,68.14454998421697,61.83055279078536,60.059844978203735,67.62187634444388,65.83831494735296,54.57984583424302,53.43606364473132,40.744194032510066,19.385434631081086,18.48873536419337,6.325866582209266,14.40554063235122,18.373091120939712,27.25903061546818,61.709323026332974,74.43041328171124,77.3763681056102,80.86093151983403,78.59921094269505,77.03140174964861,71.70131211775195,66.96552967004902
2025-09-21,73.38927234773763,68.05454417221856,52.26461205768846,51.73343905557424,51.56798880955832,52.32599448751596,56.19202307696755,26.375567101643465,3.4699968410348156,-2.1284043054663595,-1.376188813252665,-1.3330216017736216,-1.2333344556345402,2.2856303203269,-1.041275850175867,-2.0600439511737942,33.0211550841677,55.02575706639495,76.97966450385857,79.98050253053448,79.62244273236715,76.17584655589665,71.64687987627661,70.82772823885857
2025-09-22,73.92378988801933,72.85176154424094,63.69489200486086,63.022992144752656,64.04567933162618,65.80176532334954,66.90768481182273,63.10349404347112,72.51747272394344,68.25632057065722,62.514375701244894,56.130358264328414,42.886008948812474,56.68737572170673,67.38739671315989,68.23813752702758,73.60515771004077,78.58031510703974,82.38828395310442,83.0763290858131,82.63608085839243,81.99752063246427,77.32895875708257,73.3498122785981
2025-09-23,78.47561797660332,76.62792573039054,70.33385907834818,66.02019155968387,65.13211820708995,68.3455811186338,78.61178369448473,67.33792089041397,78.91258188889405,64.27709070304604,56.347200564987475,51.160925950511256,30.524382221453788,48.582973938408536,60.96744780375136,67.67176852369695,77.30255412228956,82.87249820367609,83.13536220716347,82.78635328270866,82.22636598817024,82.70067066098154,80.1849198189721,78.79868440715646
2025-09-24,81.18540872936593,78.40797089525063,77.095994200425,75.4837782517457,73.06213482713197,79.6351283376135,80.61903657254148,72.48809381298257,80.31605641022843,70.47022985575194,61.42847958957238,58.42842958547279,40.7835248662776,55.03654129937382,65.79693108316333,69.8798795001628,78.26502223162395,81.45125480368927,82.51393493994306,82.35796486710375,82.36335526621558,82.231921788892,81.48248597489781,77.45488806883787
2025-09-25,79.23579042343115,74.14174824307783,72.25065283875014,68.40931356023269,72.05532214950063,74.40160996208216,77.6660948629143,69.12656628846433,78.27414275197354,73.23134986636487,56.35756211661042,54.12648777211956,24.619765154726732,48.41452617231134,61.081992576470334,64.38984587700737,72.74287323342035,80.08242187992701,79.43560766924877,81.99591700774317,80.05828091817325,78.49109668215738,70.27152406517877,70.15320627505267
2025-09-26,73.93112869219871,71.28758470728073,59.43775236094914,61.41888341594584,61.52907790508038,59.5145609110324,56.96497758451046,49.27907582853683,56.11998029131376,28.53427163806469,16.751890732951818,14.121015333266152,2.271284538217214,5.932671211691416,11.326151467386142,30.74467583254195,59.747078132937254,76.7524385005009,79.6501542085019,81.32092014413873,80.05104760335408,78.26234311229373,67.07580425207286,62.96670745290687
2025-09-27,68.31632901410028,56.2017413765931,48.02231178849322,46.76209995663474,48.33142220752626,49.43300691763975,49.9746124150795,36.14077460595959,31.935746948581187,25.874049436736613,6.6622953700884215,7.89336642512974,3.871111276225771,4.570422493855208,6.205180685277553,12.474921192053984,40.04471036260893,73.56812339068601,80.36127230385969,81.22335329867549,80.53396688820499,75.05880064678185,68.77469077587213,70.22225556592323
2025-09-28,69.06054384309269,66.58349636664657,53.145819792459136,52.280328439017175,51.93602059813358,56.77471374041125,65.9235657622501,39.34593154024112,9.819401054588385,1.9041966717934893,0.7486867475822198,1.0493156224299545,0.3653072600544508,0.6245072665096919,1.443691545198994,10.783716646299984,42.00595038694254,77.63135736720969,83.34328338576569,83.42382184214703,83.19604666891875,83.02126248378683,77.98231758181163,73.87848959759032
2025-09-29,78.73791729579271,73.99360257392424,68.4235905229593,65.20246430930796,66.77013557253166,67.69397870078517,76.0410951308285,61.320171422298245,75.74478464588425,67.0011143189615,59.380139791890585,51.95467582538722,40.39731906413885,52.00866312834704,60.33445199387514,72.44381150081826,74.65183397949127,83.44268185703702,84.0312411181683,82.70380765184281,82.68980440446143,83.28828581527195,81.30800590213614,78.85342478157897
2025-09-30,80.75334484460792,77.217899611274,75.31950022708762,71.20796745357833,73.05265608710849,75.63986104536522,76.82087766714169,70.90893131734367,78.89048444868668,67.29765245107846,64.59581337255113,63.88021190296566,49.587921440211005,59.63742813482371,70.2348699837898,74.8695895160738,77.45822888684349,81.47517201505862,81.18319905466065,81.32782262160605,81.23478092077833,81.13609865529166,81.2784610609664,76.34117160502214
2025-10-01,77.14524797555326,77.42993721869055,73.08196035922977,67.0550838170292,66.20435296372142,67.89804192296116,76.44190414093003,71.88477344007306,75.89455752126604,74.77411365717813,71.04338121862745,67.65635218180898,39.43644831543163,53.4054464001151,68.42608503186004,65.37695039240086,75.35857379114034,79.85476014733611,81.94969442628906,82.16616084091855,80.27280963702754,79.52446703791075,72.85514131618521,67.85345145654593
2025-10-02,70.45423762853838,72.98230249472925,66.6971056504691,62.596447894640825,61.79933045156904,63.804965723620676,74.42981337961106,68.51757340741568,75.35172938098027,59.58609920053215,44.09865173828807,40.859569888815706,22.38476938768326,38.26102602028183,51.03557391980429,49.61154970277444,75.05630084860739,83.51259933875167,83.7254821611478,83.58810131842566,82.06236177662593,80.25208558913182,71.32709184609817,67.0785765323392
2025-10-03,73.76053029395815,72.20169559646546,65.57036151905174,59.16404844533943,65.46985618353807,68.01276894520029,74.02730893111432,56.95023282296177,62.726530937393896,51.35697031322785,33.35332324502525,24.210044443377228,6.530559650290891,15.919240768353884,42.34228927670901,49.02672069074357,72.2004827280921,82.87427334026518,82.74457826760059,83.01339382501924,83.03672486069543,79.28794933708375,74.1348423206339,70.20921124650212
2025-10-04,74.76881657295368,70.69152506597668,64.0766411544515,63.69190293227799,64.72751620217062,66.53705545187776,72.39972798846077,59.637780016754064,55.90939661488125,37.69893146895685,23.713228352902565,18.759396635296923,14.676836437135492,12.271293859083103,25.228459434769707,45.43870545460354,71.07717994889198,80.98858948936434,82.0270596925252,81.74025042126797,81.83224962143848,80.52552727422695,77.0732183050677,68.44154552457267
2025-10-05,71.84124453696809,64.5084653136056,65.22824414526342,67.02431410736804,65.51012678762118,65.10311142712703,74.08969438510218,41.45755739456905,25.668156303407972,5.807118209461421,-0.12552396804197533,0.20980420884688614,0.45161152786182057,1.0220473046368008,1.1474436652484108,8.653472084431456,41.781014125570515,77.43503358382405,80.59622383552627,80.2750372242007,81.21138264467352,79.46839703540641,73.02523275290491,66.30385445050824
2025-10-06,75.95860609976462,69.38572471451937,68.12414471456378,60.25161934642504,58.303674065225714,59.88261738191094,68.01670278629021,55.31270524171493,67.04535261671822,63.650274965013196,54.89782679063989,53.97502583544614,37.6855370094742,45.31854785588265,54.29519527625271,66.1364215707245,76.35256969613447,80.98881668514981,82.55057826741364,82.42209262635178,82.47167474229165,81.02015587600637,80.09952361451339,75.14520605130159
2025-10-07,74.94821985232177,73.70226697077662,70.89129381444214,53.78665495656921,53.28780335591017,59.623718117710524,70.08287155447883,67.61959436830152,71.01091086496956,66.36163637074179,50.75774442099444,45.328273212537795,23.936416381119177,28.240358632337603,49.572959557670835,63.13630228233869,74.40598871539882,81.68081139092652,82.36617228968738,82.36182795017066,82.26355155710834,82.80559621643657,78.01694548739391,74.43365084813632
2025-10-08,78.61384658111865,72.88658816511582,68.98868895586199,65.1928686580264,62.6985649207631,65.90422987950906,74.74366943702616,70.76451506385571,79.15419473431757,72.010662169092,54.83241272498751,57.97918420860525,40.981330807199846,56.26518564512895,69.90494348921366,67.75518707289908,80.69125406455241,82.69529733662912,82.4840275254527,82.42724288971066,82.42542730233772,82.7641954789764,73.81433327884515,67.7185754350061
2025-10-09,76.35250006958827,71.45832386989692,70.13636430837974,64.50008478994685,67.0663288607924,69.54318175916472,73.59715198915778,76.75212438971495,79.96319609427132,75.42054848402864,58.65029298179071,61.4504447604589,51.381059023477015,63.22248015899112,67.79698362905792,68.25529605052137,78.32893499945253,81.87170524158212,81.97900717565615,82.10414290275202,82.1605109033118,82.19211298449764,74.08384663859428,70.80415989009806
2025-10-10,76.33055718917643,73.9234594815655,65.56574625968602,64.54639006147015,67.86603132301552,67.1844111110733,71.73693454510808,74.23469616319488,80.85559378448455,75.47875288027794,69.43058484614502,68.74144081748568,51.12049772187146,58.904585998410795,63.800096498822064,72.7626489866418,79.27368012967385,81.81122453745765,81.82730794506264,81.47386396145657,81.5807129398159,80.92209949442805,73.88117732108998,72.71371041764463
2025-10-11,77.530327301661,74.56553797792523,66.26066837615497,64.46416583641435,68.04928393222954,70.96200737519699,74.90272458085626,72.86872203496131,72.9379392406471,61.90911323487029,48.714865417573755,40.50968404931996,20.43898299190921,28.659154120422613,42.46193113984118,42.00570589442013,71.71360505505929,80.22876723133007,81.11647082565486,81.15981776827923,81.06319481380547,80.70162319003109,74.25252984811081,72.0293165082465
2025-10-12,73.84740132142872,69.54729367474809,63.344540851597834,62.69442779856419,61.86492471689668,64.3520408955572,66.59368557591947,62.93901915345919,34.57195168801822,19.803714900140854,7.91388693630641,4.450652753752935,0.268280722579033,5.050928385318705,8.098209576114055,16.109702367032806,51.598006772891786,74.85697559561739,79.95965275723701,80.9906566289526,80.84221243130285,79.12298692646206,69.07400767894231,69.47480825345902
2025-10-13,74.20330137902693,71.21605444567885,62.92859101369254,62.36315922678875,61.08886501536993,65.82341178848264,72.49222098917295,71.50726724592894,74.57078501524502,72.39970668052621,67.36820968103768,64.17917867862523,53.00074328301369,64.2613102193594,65.01568943841924,67.9388744253358,77.3140581028038,80.616429529129,81.05664719544146,82.70701742960894,81.6084627475918,80.6161204765965,71.50204276427309,66.85392515280756
2025-10-14,75.12999425482178,68.56654610900782,63.59305051805242,65.29650194751314,62.860313325550564,66.29119602618725,74.40644461670405,75.00592317573376,80.8469671899468,73.89148714032571,64.25373165344425,65.94777531170544,41.12358565483351,60.50423559805281,71.55556432409583,69.7421363587302,80.82506918918791,80.80422909113786,81.70865569434801,81.60967970653006,81.94742312456314,82.00261246857515,75.36087374104515,73.16880463391753
2025-10-15,76.56052860119433,69.80355126348793,69.4202485537167,68.19828632221945,63.55445761974307,63.76876671472381,73.48446487777663,75.26130152154971,79.51353411229577,74.85013351331803,64.2954513480456,63.178365337178306,37.57849423871093,56.678697248244085,68.49002302326005,68.31431146468809,75.56593232566277,81.10912995606967,81.17280118221069,81.03868945799007,81.00781946209693,80.00204032145191,74.49495286458144,71.48182321498038
2025-10-16,73.28589775410221,69.97800345168663,66.98455091092694,64.25689507123829,65.72309579512499,66.34592741820042,68.41048580778559,72.43626791312184,75.07419313797364,72.50038580824022,51.08861530411349,50.647083292207604,29.489564478229354,40.05282138821867,52.03608011833832,62.73757747607572,74.14269876561022,78.32309202520992,78.64055800947283,78.61706276468311,78.37129892417738,77.2376819377891,72.41122313840359,70.95650755205055
2025-10-17,72.91836971689135,69.64227477115746,66.15892066822589,64.36720392200719,64.81387567661739,67.98461788483743,73.63461710201194,73.92502205214201,76.59634314565601,73.77684280382154,56.85133764456194,53.35059383629408,32.54979729339862,40.68313118075918,63.85943859600004,69.5135849354723,76.03697694566387,81.06143101680513,81.71845001445918,81.8593281493159,81.718385640627,81.20419443161171,76.43643466456821,76.3530276728211
2025-10-18,76.16878432482947,73.77523793307644,70.73372267636154,63.23731228128316,64.71634630072754,69.85182795768857,75.6823499473655,73.43325385194294,68.89900592456605,60.95944249103327,48.04083132593688,43.77650349540538,22.020599550807116,31.03696455232443,50.35317723694316,63.97289585285186,75.03331124101382,82.53640886881921,82.06833121619032,81.97338241582761,82.60425102017234,82.91505351966184,82.5714481040655,78.12641825631009
2025-10-19,76.93586330405024,75.91978667990138,70.62943879820357,72.93441664448346,73.8654788596149,73.51209786500303,72.66508443545054,63.94729616293757,40.3282397755653,31.419928658640526,17.901575617503344,18.359988029504336,11.787892476726045,18.671850690418392,32.44695352212975,38.58552327731868,64.22428952946869,76.8043488570351,80.46493353056533,79.36652621511377,79.84189574231824,77.98742307880903,74.16654413836858,70.69244458980772
2025-10-20,74.67680111912975,72.66177229024383,63.01339359561569,64.72859871102429,63.95002209767208,67.74092315579523,73.13870805491027,73.27112419847234,76.17517214995296,75.69211599478103,63.0867910287528,63.62677438417466,47.163409285552504,61.427431943833405,72.26359023732525,75.12813836083635,80.48848593467721,79.91756394557197,79.62939035068666,79.32983303711765,79.26050182636259,79.16574494243471,76.8348821205627,74.43913093858404
2025-10-21,77.22774452012847,73.8806787917815,68.98095798208428,69.2159214837976,67.81477888119939,66.82895322547637,74.92041199825394,75.83353391938655,80.02400492633684,74.34335706666899,68.66413541506729,67.13554605936197,43.66083323648746,61.78619917668055,71.64286427058877,74.76632111091831,80.87416087468615,82.08538187041226,82.12337541686233,82.21478416064924,82.34805097710478,82.11178237394763,81.29964525104006,74.99233285796002
2025-10-22,77.248978021857,71.97040205038361,71.95525722289393,67.39335338139732,66.83799853203817,66.30269128125785,72.93857996130352,72.68301103755041,79.71689445969812,76.86165314508509,70.48924832970445,65.93338430632336,56.109178039871225,66.27398690602617,71.60989700083141,75.97731694097591,80.55286081004378,81.26116374361948,81.45350802940506,81.48334852026984,81.4884692123842,80.89074839436704,73.79057102615972,73.50401215834516
2025-10-23,75.02387427453067,71.31097149722336,68.92640579840486,62.94298693301644,60.35401223916626,63.52920137204171,71.31650989584448,73.12721310250579,76.69388119779917,75.43316235342267,68.12286513817466,65.79378543949436,49.49191212208009,55.484444579659915,66.83123830110806,69.93246989842905,77.33464584429585,78.63044385294091,78.88235313088815,78.91491936133622,78.69685968120551,78.21349703474478,74.60507508430199,73.29583907353462
2025-10-24,71.36868819188989,71.27651625592428,65.19866770563551,60.14112675083624,58.871552719979526,60.850599123307205,71.18234391228533,68.80883756383686,74.02883512071215,66.75598856117335,63.593125701761004,50.00003296455162,20.707911348940776,36.90282537401376,56.13791420225072,62.89785507710485,75.58644136257816,77.76035222777786,78.22414900041338,77.14350480153281,76.38465996205795,76.57785823488825,72.2016275836382,71.52997259795275
2025-10-25,72.06797569348034,71.6741618343192,61.03597953227352,60.64875169747484,60.45004462138773,62.202007255025926,73.9130700550499,71.96165546888244,72.21256957791105,63.51094135073607,53.415186033396985,41.682188587429316,24.038778829436815,40.96115995908491,56.70536656637413,68.101280948019,75.36418808857822,80.22436073616713,80.41474770699266,80.33839268416124,81.87797206189556,80.29096410403972,79.0018025898048,79.31595535886972
2025-10-26,77.10432543371523,76.11072705997604,71.68664136029484,72.28937331920281,72.89396014152612,73.68582701599681,73.48434209568302,64.85392047322986,47.17417682605153,46.53672370549314,20.299803301803177,13.033339699517501,7.88167945667952,9.442415147848113,22.49122794268058,49.92294855810892,59.18357750420662,73.7089086774116,76.02830933624992,77.59685874935039,74.40949252063328,73.55886111948206,69.80822627739602,64.32140613417953
2025-10-27,68.88089740121268,61.60732116874571,52.45324608924531,44.416549510571336,44.359441036588116,48.382097804233396,41.99561263688881,56.89803270073533,69.9992791331644,62.47248067806342,49.645702483997084,43.52648559338661,13.09342866245408,35.11974277042569,42.83108940200475,46.13321907698309,66.91639246865198,77.04532124165372,78.28576341654262,80.34863601364641,80.95341446369652,80.77067483364773,75.66465306091254,73.13614703919353
2025-10-28,72.32754267734109,64.68507107552949,65.91591823619196,63.36372243602833,64.66148830756477,64.6274388075035,70.42484799019368,67.70429139248859,79.13233767192071,67.37555109862988,62.229625215655595,58.58389686045058,46.24300707262573,53.99496555496946,60.42765460359992,64.46201722907175,80.99194482590335,82.06804180343798,82.2918839519186,81.7223241205007,81.41373819468807,81.65648615046065,78.80966382206493,77.55874198092499
2025-10-29,71.6401950094825,62.379892693011016,59.502229170862115,58.81125827822852,59.25030403573926,59.499807541905774,67.70957081283095,68.0337746008413,74.46096544935254,73.54108046134249,68.11107449923892,60.05587219859519,42.9862793786588,49.75341325185378,64.06168695719828,69.52714483378973,77.75046858587841,78.58075879440433,80.29548807810605,80.37240384992778,80.45693588441137,80.31175645533672,76.40330669796825,74.15589986317794
2025-10-30,75.1732139817334,73.09699207746378,63.85069363241776,61.496065408193715,62.135791437288226,65.48974490329104,75.74116531727884,76.53508163271493,78.51086355134314,75.72947468517681,66.89926001602443,53.53720860015706,32.161871311382356,39.95612780166414,62.35622155949632,75.04300440672101,79.91607921115566,81.00653333746689,81.50880222235669,81.4884442008737,81.31978255724728,81.4406153698692,74.53686454824485,74.19976015097829
2025-10-31,77.36610641641938,73.07568752515125,70.21673889225043,63.978848577230615,62.41835609072591,64.61827059989866,77.54769634822465,79.08050970461194,80.80092606988666,75.02307222610182,52.3388449868804,52.200051837751666,26.608419593221107,42.28363185080746,60.16292818592383,65.47872587882317,79.8164247797063,82.06680420560788,81.91210674838581,81.82314934255373,81.7397735663177,81.42473518874755,79.5612459989447,77.7483920666673
2025-11-01,78.33058126378754,76.61283601986096,73.79472827746002,66.45303014538432,66.8066420925404,73.85707056235184,77.59763781848285,76.61727736915134,77.22500951676588,73.84301273279573,59.35143378566531,53.38104146737758,24.57322397952145,35.415125256850466,66.33099452673528,71.24794514178565,77.37533706165095,80.72830627689456,80.68753798851604,81.03874478194008,80.83986295382942,81.11949644166917,80.32439172309314,76.6945656339354
2025-11-02,75.76821350457323,76.01101835330489,74.26104662650287,72.86333985393173,71.30414596160976,71.32121465778667,76.14346325059824,66.06792571830168,56.19010414078235,48.20004793153914,32.108603234474,27.252057992345,11.321738141893823,19.445384397656632,32.85300661283865,48.9459037739121,73.32288062135652,80.40819516727386,81.42003990071912,78.93004272285309,78.3715554478617,77.6711680152968,72.82436081069096,65.35433362767633
2025-11-03,74.36300607397342,68.63999166153691,65.6257442462146,64.72985308763387,64.41870676522208,64.4984765534805,71.4566892391488,73.02292195992545,78.16210082778157,68.85467845762885,66.93488640532966,66.76035599754498,42.65197691546009,55.32396911895359,69.16771169246678,73.72708136659091,81.80804897516897,83.31158208284177,82.98867524991329,82.95848282671774,83.06108529019326,83.19516737327123,78.76116397174928,77.05895931452781
2025-11-04,77.60519190130611,68.46081657441337,65.03424418206531,63.81667650903495,63.01248006767905,64.3218251380627,77.06771276848272,78.62893202423311,81.31977140048171,78.63933483145084,71.15642683532668,70.6803610446983,47.20610366926601,67.14111263388259,74.37426430330241,77.55638416428893,81.58258421089123,81.39388621922943,81.32753233258343,81.12277935200413,81.09781091578719,80.7891972792346,71.46731844263168,69.85693380790681
2025-11-05,76.17125258506717,67.75037512968505,66.11320475458892,64.90328392626078,64.31812037723188,63.0676226755672,75.23227095177276,75.5912923538395,76.7313621200635,67.42279998854914,56.55353331651795,51.792202953399546,17.638375983351143,31.89872154444229,54.22575083156317,65.70498011600445,78.76246273968823,80.8987055051856,81.26543415080009,80.73666184002299,80.17436861778438,80.24204832855665,68.25067273419297,69.56668293825203
2025-11-06,74.00745196621472,72.14932163084171,64.95594521048761,62.91572700296155,61.944690834854335,63.3796119775166,74.64106132020112,76.17355090743416,76.56260929272902,73.51761761731535,60.53091647601162,59.28039791903073,33.45689994876709,47.68384835327934,68.68288329584031,72.29561717015964,78.1428170434839,79.42880735184876,79.94800769016112,79.97676583180576,79.83593740289913,78.32429598782669,74.60479654991558,74.42281947890608
2025-11-07,74.62841274000762,73.96912951927155,74.41985409703344,66.46719526772442,65.82494959860036,68.94505150116308,76.76721256416569,78.0000325716711,80.57649544009418,77.55507931276242,71.60787545873143,69.13493471191944,44.908400063205676,63.9934305812594,74.9498210791189,76.43440306349855,80.42988294318681,81.13346963956353,81.41010552312558,81.29105978469094,81.89139260638332,81.03420224590063,77.9064988873763,78.52140862902417
2025-11-08,76.76086409240202,75.66926869136888,73.42373975739476,70.59129739308905,64.98634768645944,67.28449786933855,79.24096014011624,78.53680654255596,78.57967119739847,73.99997303991493,65.83267827814035,61.205641936586595,27.875528182056257,47.79912100535935,64.90217585297052,70.2340917627097,78.52464903449705,80.14137686200964,80.4464152057973,79.7982523393539,79.64357802325804,79.70864523155348,76.7133838914115,70.42241470954494
2025-11-09,75.61722381611263,70.46352088291626,67.72769973121197,61.84913057733447,62.98065897744457,63.576690524951886,74.57653707447126,71.86684623967203,53.94721481468777,40.66671877048913,12.353811507371187,10.530927070902978,10.188120852192622,13.952360092498964,34.73389465094867,48.450623085442516,75.46514942419626,78.78388413888567,80.38632174142016,80.38298442789504,79.99565828226984,79.28930773198208,73.80138963530955,72.23694940171339
2025-11-10,71.15252275211651,63.69060827033601,60.360080942062986,59.180947068309145,59.63681659009605,61.69666171222344,74.76465958043624,73.28970112072204,78.7905942676828,77.0996700534265,65.79971599044343,65.41723209446488,33.5552834600283,54.32111471319895,67.04457757286026,73.2296445351483,80.36647386195439,80.15235845972259,80.51344942657715,80.73939274740144,80.18883693889596,80.05893458018939,74.3562416455032,71.44948449479955
2025-11-11,71.00686159983502,68.60111374701695,59.57731156411949,55.70771629434341,55.97757454182969,59.195736694075265,72.72582775850277,77.9644729123438,78.69801094706014,76.21504916028326,72.01820780196047,68.65598038616524,41.76034821081206,56.23675580820573,65.63079080482416,70.8222816773481,79.7625515733732,80.06603549164919,80.00605570877526,79.82946363913175,80.674668997447,79.82546016094715,73.69593260160075,73.75978530481359
2025-11-12,76.61258162730364,71.91111591605143,64.22739581333828,62.013112055054506,61.497298496138846,61.38465922601463,66.79339904954558,77.1055919516037,80.72928658235571,78.80303686417608,68.92265178478438,67.87270083032921,48.250724478854,65.26345634490144,70.30026587357638,73.96029449647519,79.6169476213354,80.00844447268182,80.224492891607,80.20825866751207,80.343251016644,78.85817645248571,74.22697785484591,73.41896115298437
2025-11-13,73.88530896024155,66.6996283912956,63.76025337276524,62.87737395260117,62.470613041786855,65.53380665532646,75.78504476144963,78.73443328121104,79.85982389672564,80.32425923710342,73.04974797448769,69.5003656564958,48.07823819560023,65.19387858217426,71.74833963034332,73.10308416310502,79.96632967968635,80.48646837969542,80.43248213854474,80.52806990568327,80.19993587044952,80.01386805746496,74.14407635667118,74.26929542640285
2025-11-14,74.15451724391053,70.7265559165982,66.82838787577535,63.54256719611256,63.031923521803854,65.26988540182894,74.98918231059865,78.73594755043817,80.45647708406354,80.41818910699065,73.19832938692137,69.70757069299911,54.49561703415294,64.56881082317781,72.19026126930311,74.02680057242439,79.86723673114805,79.76496268986875,80.13657252157127,80.02757314061758,79.75394865215294,77.8757979950621,74.46233109934101,74.31306228785354
2025-11-15,75.2850236833024,74.33828412981005,72.70686893755637,65.834576287291,64.08805546612658,66.02072721328085,74.3516495022213,77.53775714759176,79.41058396434829,77.16196781791037,70.41538120650696,61.570093560006626,45.4284786500298,61.12648344826805,70.40401749227858,70.7304516274318,79.66833382651623,80.42609004471244,80.81976981543083,80.83491437364958,80.23516255790469,79.78449223401788,75.11315754915147,74.79111997983922
2025-11-16,74.42752125460817,70.60026194224834,65.83363576319839,63.31064127146547,66.1955942818319,65.98464619050786,74.65359209960985,74.47001054847206,65.46327728055195,52.54536260238117,48.17397111284273,45.63367684233802,24.699158950510625,38.880144278900254,50.1576119410741,64.85537205607118,75.68717800637761,80.60997497223403,81.10955832922187,80.91187679640376,80.96169770778168,80.63593546050086,73.43102908729726,73.1913288008071
2025-11-17,73.78239594072232,66.01338298084836,61.78684993870834,56.06950834410778,53.881826907670124,54.4937392966757,68.81086948472509,71.25894922902367,79.33602146920313,77.72074785226447,66.22794029848124,61.102748414189314,20.719692558495986,30.456103577998412,54.866650606431676,70.09904097165983,78.93736447459176,80.09250291540774,79.83736918956646,78.7687820508913,78.79467407879511,74.41027027946275,66.02872229684115,66.1782992816543
2025-11-18,56.96952947839185,50.35745197754069,48.30603431438553,39.476039526973736,39.56747667406109,47.100612730041476,61.280732767624706,69.0807016794006,76.70940916925154,68.56703102589393,45.65589517085543,44.80456834754329,14.27663837298073,27.182549590358608,43.0868810949418,59.87167424196444,79.2675127915835,80.09101956427797,79.90737715141078,79.39101158675022,80.19131659848124,73.82388984593878,65.23976111182829,65.43278396778128
2025-11-19,62.54477692742593,56.669399700756216,52.92191230771313,50.81119226804481,49.02492829009087,55.87338743319871,69.85934192052719,74.75248988754946,77.97690452519629,74.83000994722407,53.18172039717286,46.57939822257124,26.631360530873728,41.74780834413933,58.773304722650835,69.85310195103125,80.7693157436562,81.14185698198212,81.19237985741191,80.6653944530476,78.524842451797,76.91316431239656,69.74668619749373,67.62835124452327
2025-11-20,70.32408239342814,68.03411560743784,64.17238216960882,62.200034131739116,58.74659057864096,62.32336352136417,74.48171655674075,74.54736990587271,76.63623645049309,74.82135428770721,67.40583992019805,61.69550190244801,32.99442403492126,41.09702987648675,64.57426878048192,70.12099934953125,78.97710498399215,80.27287184445794,80.7691723616442,81.00491240778567,78.7359910086637,76.32763714354952,67.82281773909438,67.8263966025787
2025-11-21,66.84215028297444,64.97383424462576,60.87938074287933,53.159090158411544,54.12040299741831,52.10489512449843,63.966000330378975,71.93062594847605,79.04482209239227,74.23612946397947,56.36291220146849,41.03388664178931,23.39234022384732,31.406744408779442,52.58223174645777,66.47353290997724,79.09889241268579,80.10554622325586,80.69588132889304,80.59012182823878,79.15958410027059,78.09556614489966,67.47215651578499,65.52118604105048
2025-11-22,67.71646440519429,61.8994691796123,59.8465233640512,57.84728662299749,54.3465027417648,59.72570337700633,74.6759514865356,68.35241011036686,75.91732118115054,71.71208937008137,54.07430391286992,35.866107740568616,12.518824879795861,18.668437510847202,35.92007176748998,58.76164935961501,78.04028066118146,80.50943290553204,80.6678462002635,80.51109291827412,78.6732452043335,76.30499846885492,65.16295038058894,63.750939269026226
2025-11-23,68.26844626145892,54.51183599388366,53.25396790591307,43.64996795219456,56.0995386904348,45.3287442381459,59.26849052343378,52.48122057189115,51.94237896273557,13.321968362210571,5.776404236946717,0.8109810634769187,0.40160174739556204,0.6986665813557991,2.3836591210976086,14.644201637213365,73.58960766706123,76.59604063125828,79.52046255212407,80.52047142892071,79.3887000676303,78.57811569722956,67.18465962964311,65.63826804523065
2025-11-24,72.12879755364096,63.80066537588438,60.06365228657457,61.29494869455752,61.403386190809684,62.938074977598326,77.1810593917777,77.93676258413228,81.09452604574565,79.09254008911164,70.45474719937602,68.45117507864556,54.49825729634741,68.42966801022877,72.99110634043235,71.30258633603216,82.00897787921326,81.41231170610399,82.73450620752743,82.2534546093951,80.94687377358218,78.17823301582806,72.25951359847109,67.77254843008981
2025-11-25,71.60103267307846,69.38125120287332,66.38282916465384,66.95277878909394,65.6463389483845,66.27875116629822,68.48304202131986,79.20685331473827,80.62981978169134,79.18823327277454,73.8363739670209,67.94631788493993,50.643201925462385,62.96754992620886,73.32689717255819,77.71575995448333,79.79865920591575,80.59535946471637,81.23286048749155,80.06595821221447,78.93205618904805,78.45938473387307,72.99316385668844,71.90656508914641
2025-11-26,71.79869915960106,70.55520642193278,61.43861832796178,58.49140634064142,56.617382748593,61.033643588725,68.56100908736781,72.64012958494948,76.35166326157257,76.06766183346802,66.49908386341068,62.55771939735134,41.48777035878916,54.55983357902962,62.23806534287542,71.85403277356356,78.04191764752744,77.8747584067623,78.50905637044846,77.33166843788256,74.49492842989538,72.70300780269869,67.39848582794973,67.57247671986865
2025-11-27,65.03271634963662,63.837341840369604,58.78859300627685,52.580946204834184,50.87517100341235,54.09808366203066,64.55236751557497,75.0473324246275,77.80822736906477,77.17231366532512,58.783292827450154,48.232486308675234,33.64950743435678,43.76259016020134,55.867338560224134,62.86791416003881,79.54641655103815,80.20450224033405,80.17405199909302,79.38901670500549,77.13418109061617,76.16111125689625,68.20234084761255,63.392375368865544
2025-11-28,69.50358175894362,65.55930228515169,60.721769732266615,61.55737844156309,61.08183735919406,61.9788579951075,76.20841572894955,80.02979709212799,82.03899551861703,81.33843392648147,64.77130946225535,59.07950823025247,39.90597660477592,52.24484624199012,63.22215301336709,70.11635101997504,81.02983551793807,80.7358320854854,80.93465544551859,80.55937715966468,79.89380502279694,78.78059728236053,69.30988299207634,69.03089236875246
2025-11-29,75.92467546765961,67.69787168516272,62.904617950604866,66.07860511538311,66.68876863293391,65.34104871394673,74.89756583077228,78.90223719500965,80.33888495587487,73.36172821077619,66.38966397113926,60.552648411371266,38.21260394961688,55.36519089366745,70.43815516649593,68.8689514365554,78.78270164520774,80.45197670430136,80.81629701216885,80.73547741943348,80.28922358877458,79.87695040894025,70.31722490505526,68.14968697230223
2025-11-30,69.95023419400265,64.69619138890398,61.931982415918505,61.559169864934255,60.53866053588269,62.04519836620041,66.94331390190307,68.0276185761054,57.84598738926722,45.39871200368113,38.91281797773105,37.77299392295709,26.33527455068742,36.910141935960034,48.90244495392807,60.00676673535351,72.79444727112602,78.98861422072413,80.30109862793614,79.89994922158644,79.59726974052742,77.3807516869975,69.44540531183647,65.81240515335395
2025-12-01,70.91154377943758,66.78885903872519,61.06872063052244,61.877966424202775,57.134434870690235,64.31370502206104,74.28923418184321,75.66380200762148,80.08647881066281,79.54701440314581,74.56666070807465,72.27325230423385,59.26982749000833,70.37185727204191,72.79121754359373,73.25514041262524,80.26244454316405,81.47605240685071,81.10340163164526,80.84478366454896,81.07020434116879,80.27758687890403,72.99076891097181,71.59894766118502
2025-12-02,74.9509371726765,71.97590387358183,67.77382985532627,65.51046548702344,64.17255693386231,65.86023214669085,75.0962808912083,80.35006032430759,81.3055783526283,82.26889288040906,79.67644644187918,74.36246500977337,61.57739467517534,68.74919443512175,72.71157576774606,78.00002086921141,80.30006514060327,80.98371523627111,80.89669789574087,80.78250379994266,80.8992598657736,78.91436524767306,77.53248856212909,74.40991700931208
2025-12-03,78.4031192275256,74.73335849635386,67.67378991659032,67.81771845003595,66.57041302873866,68.33068185750933,79.19233244319935,80.86763264002838,81.48440321939727,82.08378824693848,74.10160966503227,70.62257421038485,55.67410065682956,66.92656708210441,70.81607655113498,71.99960960509625,80.336011124875,80.60329075423007,80.30050166545028,80.43144607603763,80.10403608622056,80.31055894461441,76.485239436355,76.0550115381435
2025-12-04,74.39660557276322,73.35289077055322,69.40205114941386,66.56969017289587,66.68389300122519,66.77380430996749,77.65988882575613,80.17119426302398,80.28954044012062,80.20597918287174,73.84423185060969,69.49659201643729,55.436248968629386,65.3456921810352,69.97624606138443,72.58235029661836,79.12679480398313,78.32039269632632,79.09723103061174,79.00044193138602,79.01401134952346,77.03464178308069,69.07826121586052,70.4453576894117
2025-12-05,72.30466088150631,72.48762902344987,65.96458144628588,64.38305027437224,64.04846875383215,65.28665484624891,74.74510795785241,78.98159901921375,80.61586636224138,81.17200771147036,74.7847456665713,71.47780478905361,53.55484456107003,62.08353036263697,72.31478692498742,76.26845348065945,79.8368135470617,79.70732984503766,79.58037542008702,79.57588418385878,75.71258347919726,77.33665391062975,70.85648437334002,68.67274180295271
2025-12-06,69.8147290449415,65.82577359053987,60.29177190794169,58.77281105409942,60.35635963712814,62.267434963817244,67.2849661137249,75.66368577804016,79.40419310102286,78.64628523973306,70.1335956846996,70.45046253815701,51.72001362135542,60.41621120612197,69.0844952567191,74.50371310113924,80.67538119577792,80.92515131567797,80.83249542021099,80.96762338947028,78.07981095327523,77.38263425500381,66.27586423084303,65.62626618175545
2025-12-07,67.93664165756009,66.07879612461079,62.123796176669174,63.397792354435516,62.002195602406495,65.23402357036343,70.11294780711185,72.89889486217689,70.07539318416512,67.48011387370826,64.50563943474586,55.357160078864915,46.396310947281016,62.240944629666544,65.50370912607589,68.30967525105665,73.77015070739739,78.82666470404516,79.44539394988814,79.63524993988784,77.70833514350642,76.67787600408468,71.58411857530402,65.16451895849889
2025-12-08,70.12391500065253,65.62701645274096,57.359711125445834,52.71056467767975,52.62738359535115,57.72949684958792,70.44933241819413,74.21192470876898,79.9321575437941,80.30854470387575,78.84017304140495,75.72978017191527,66.24572417971923,69.87030518437062,75.11583479647923,76.6808035224561,80.70965343935327,81.24625911885545,79.73203187541603,79.34208034237544,75.78806325837549,76.20985198230284,71.4292737450688,65.94387428694598
2025-12-09,72.252662812816,63.18920812167876,58.5036804513985,58.2570922120935,57.863133711755914,60.074382430115506,69.99301352812336,71.15932090832456,78.83036158784263,79.90033097815764,77.60186013821448,73.44265018845958,59.07534085257471,69.30219771321717,72.84187447997573,76.35958188783255,80.41259677811034,80.6143981987735,80.64891656644319,79.7643853367978,75.56384452559304,76.88329723430437,70.41286643192754,68.90866892874396
2025-12-10,73.45042868383875,71.77276397037907,64.57172143521301,62.60543057547545,62.65800032486776,63.41995480843868,73.34460012898184,75.30287045964482,81.99281708636,81.95837641338868,79.87441928181413,76.61784039848315,61.32910065262286,68.68960082392798,75.91138033379215,76.23051998058583,80.75059693428676,80.51667867526524,79.7637114837707,79.68682188930836,74.46606283251433,76.72503148620885,72.46630599740391,70.26343639521512
2025-12-11,68.69265437840089,70.09957142750734,61.91839293570813,61.96007245819761,61.996671297603484,62.10171430910938,72.43465908099408,75.3357982434112,80.51486969538851,80.79636212574047,80.3614589905414,76.68089097775125,62.15346172443752,66.4996902041864,77.81399804487212,78.85023079932053,79.89402278279387,79.4896280658735,79.76285748388518,78.96512306422238,76.72202900917783,78.21101404040968,75.0717350302422,73.03608487666042
2025-12-12,75.02238088342821,75.56079039459779,65.68609828445996,63.357227798340084,62.99679271377684,62.67899396911262,67.59680626905829,75.3004288088409,80.68390396053664,80.4891972395601,79.19486614692308,76.88400575731042,63.044466729071125,68.40754412891307,74.38911027863927,77.31177253176962,79.97029277172237,80.30703538928347,80.02652155804022,79.94004259829173,77.40389122037867,78.2941478829349,71.62801117076599,72.1970923187413
2025-12-13,72.41592790292026,70.43430495152718,65.28249484249334,62.27217687854315,61.70941774696977,63.44914039226347,71.19578769721092,70.49272924342932,78.65968806883038,77.83520547522222,76.509046086571,69.00387287447317,54.639113937743105,67.31087722153515,71.50999477212497,75.42125952093764,79.14470784132868,79.5712816779586,79.5930212709135,79.58673056084314,77.25912025846846,78.2486093131091,71.60768413547743,69.82644137846346
2025-12-14,67.34893385826445,62.067364774304416,60.28560590253499,59.62539093569543,58.85635999206329,59.821976836342564,71.93956173372143,70.37128964559646,69.21377449888476,67.14131839134579,60.77821802532314,48.603850124349236,36.92823916799962,60.529402822927935,60.1747018272475,61.855804869492694,72.50727922324724,78.60747808804149,79.3358568927364,76.71759060374318,70.96616113498388,78.79387019071766,67.55759764433209,67.09214249846484
2025-12-15,71.43637648509002,64.65283402992279,59.18932931192117,57.406676470658255,56.4594069847398,60.44518275665267,70.01420705854137,72.26115332124193,80.88696946736937,81.02478352852266,78.67904730803235,76.76138103870683,55.76755821278446,66.0683388370608,71.94816082458571,74.50987466974313,79.18161656411876,80.50974185947862,80.21409996366532,79.08888602240624,72.79161307409517,76.86765061900626,68.00546090505861,66.91215571618449
2025-12-16,72.31887528682064,71.31453572505308,63.226258703289325,60.96232353274423,61.337574577557824,64.41789714532298,68.0648629716695,71.40785091384825,81.64830612847463,81.22824416353215,79.74669654599619,74.78131353448123,60.66194576091412,66.56611907269068,73.08049464155388,72.91651965647455,80.33460299183884,80.4314787485835,80.0229696552194,78.49768503697624,71.30787786322831,76.6599220599688,68.82659972823906,65.90224331332261
2025-12-17,75.56095380586967,73.71041938042875,64.34551296222166,62.44373433398868,59.249602835044286,59.20925325367498,70.71641880940537,72.36788377947177,80.71141284726005,80.84697666420081,79.56645748213583,75.75561459775106,62.857074609296525,68.99020546790454,73.1272522945627,76.64308879847216,80.39180810812942,80.33972821124328,80.13261819458599,78.59311221554245,77.06065261937889,77.88055992922922,72.62384928984793,68.9942844315634
2025-12-18,75.9605585872132,75.41649702255832,64.5814494371694,62.775436055026276,63.12950364814184,64.6575527650213,72.28193037064938,75.46214412416982,80.40141440545402,80.51399398711887,76.09171368732615,71.49411163563377,59.01964207639904,65.42730738257595,70.62786281975922,76.30585658213055,79.61435600630752,78.94835765244738,79.19489210212825,78.38997730792696,77.20744419567012,78.40794728962786,74.78050567596348,73.24024353209032
2025-12-19,73.23909888468486,69.4937543209928,65.44737514895138,65.99320345954823,65.61495767099774,66.86880093934953,78.13559861784691,79.87884561378384,79.50926591258342,80.26132245581678,73.01461299661233,65.38761198353069,56.49035757639052,60.62890490973363,64.42166178430604,71.48312142861728,78.90317222043377,79.10695730526318,79.1400199728731,79.57922018779348,79.65539631464492,79.65551019953709,77.11462527289295,72.61635749957783
2025-12-20,72.48282305390413,71.32107815460766,66.01828049003252,65.51350796940551,64.72184975244664,66.10106415716228,76.25706652489669,77.37836249193488,79.37203081722507,78.00409452022973,72.00999069238745,67.09041308662584,44.776463497604446,54.89849805890326,61.03797873231109,67.79667024305077,75.44838376207366,79.3055517480557,79.52290144968373,77.47991291164938,77.00246289409918,79.44470221573762,72.21542767468664,68.29271923849193
2025-12-21,70.75696090615455,66.90415309927285,63.977916492592534,62.11500626501888,61.73793647956967,62.920391940799746,74.61701972048105,73.7941064492321,73.75064647205346,54.60442022377606,44.66445581593744,42.5452054115275,34.101106873859344,43.07978696003535,55.14889984554112,64.65040040701953,77.31392926113928,78.81000071350824,79.11179284782749,77.46508153609028,73.46992712291726,77.91841944990458,69.77309939223504,66.99579324656835
2025-12-22,71.02229133093705,69.83736192949645,62.08252717811975,60.39587036151038,61.60714528250354,61.977408007330794,70.07364097007328,75.24754161682357,79.82440571432684,77.00703076608714,73.63048507469423,72.90418352933192,61.23224155023812,66.85186355872588,71.77354932413054,72.86314781677625,79.72148136528718,79.22942394935384,79.06962444248211,76.85454357103725,67.41034325604302,75.12275096208009,68.19033472086308,64.5845852614039
2025-12-23,71.09551448851323,66.86360399380575,57.62275896023824,54.4457540825821,54.385053779766025,57.88555077513712,72.29597991134438,73.6367967888636,79.40535926851041,79.25983292929743,77.82498228190116,76.48435335880623,63.05916587010847,67.05030644159226,71.5218672605698,75.17429620229092,79.30511023641444,79.65666676201104,79.56503590577357,76.7999879756211,66.064095896148,74.44327626844932,66.0397925907963,66.82612807108123
2025-12-24,68.66972322549438,67.49090732634848,64.22406795070609,63.682472460474585,64.16921300347072,65.08782874975661,70.5318967474395,74.67658343551395,80.4359284373353,80.01126547460765,78.1884923776434,77.23958378767843,70.05662393622974,75.66966592043651,76.94979221495012,77.72639809007804,79.39362981540232,78.82578132106337,79.12865735361362,78.81432283752567,76.9000836835727,78.91207683263683,75.27885017846906,75.01753271325498
2025-12-25,70.6025234981371,68.42090312718415,66.36343393907795,65.32109827381053,64.46633065926248,64.81662094928326,75.93723834012411,78.47322069715577,79.22371005686085,79.64536136767151,77.08455187364652,75.74207797140768,64.5574735635356,67.08517892189938,69.83268658174723,73.66020114424273,79.1964682162107,79.17403925155185,78.67711153227111,78.46903569204673,78.21974171106889,78.48695464279481,74.18421498795179,71.92682700680267
2025-12-26,71.23339580567608,69.90595898007336,63.33366335207508,59.495339986321156,58.094744942562826,60.69449202752,69.80745589972561,75.51930832541402,78.37617851232997,78.88397239628253,77.74341696880478,76.50718289489714,63.61728581195733,69.77264678517969,73.80560738413158,74.64786523754458,78.73221136687398,78.70940889858753,78.81293604990752,78.65516805795953,76.51950210154737,76.9399292599463,73.75529071609714,71.79025748471402
2025-12-27,74.18232346591536,69.1494798418117,63.392844260841436,61.81024211524734,62.87404746255681,62.192903844456524,70.33088490752098,72.79790614532241,79.93813225872638,77.95095803756354,74.5958941122827,71.13378438248306,70.37553176752779,70.06493738678206,69.9732362690011,72.22788917381831,78.91051721010028,80.0757126720646,80.15923058513698,78.83734971550003,77.0195457267018,80.09875519361168,74.30575251882011,73.07898242899957
2025-12-28,74.24493136293617,72.43909142486314,71.94328131712723,62.46418310868423,63.50880305447876,63.25934041515827,74.1866508391522,72.79570454191607,70.07280522048865,67.49132363819706,59.045936474376035,68.53761006198408,62.69199792454153,66.43127276557932,66.78879247491834,71.40597134894962,73.50269638695644,77.98874636300324,79.76080678477689,78.11751016198903,72.87982607537707,77.68900013369816,72.66743035287145,70.33544192161598
2025-12-29,70.14629058102574,66.36648732802297,60.15192952037384,61.78590625014433,59.81391967047994,60.83830449333289,68.63202486392754,76.54166959801266,80.52269525072572,81.22848163062675,80.19172129410835,78.41513860033132,63.36051423521315,66.03696287180685,72.96820792390959,76.90220949616607,80.11541619301083,80.76620365428136,80.61560083250912,79.0153363775632,78.19907822923886,79.14510821958832,70.20945670957425,69.00471008512802
2025-12-30,70.38463313251944,68.01414718843122,60.03757979637138,63.10819495537415,60.54196672388873,62.131474832649026,68.73400357434015,71.23011098314733,78.68874158095177,78.79705233622619,77.31611498619041,75.41730469663526,70.37442017527037,70.73595097740376,72.78376164141733,72.21032530082607,76.64728674519345,78.29045467337272,77.89354680423313,77.66214101750786,74.81479139437867,77.14323258348756,72.30825681993356,69.98803813814325
2025-12-31,69.57311720730789,61.86092249976953,55.97741257049158,54.96571150613203,55.81445974136894,56.520921304073404,69.74952858457836,75.2010774471335,77.67681022406495,77.7343702013938,73.31408600821915,69.7214536392122,51.91883481524958,63.9835482536726,66.85275152450895,70.15245293738938,78.51333654351195,79.50873024606133,79.73508978186955,76.88167617577714,76.9580821167498,79.49943654505027,73.6234903020022,72.17185814822113
2026-01-01,69.83379296492414,64.2634401397191,61.171136621386914,60.335414668740775,57.76062271895972,57.706392246858485,67.59715993710743,69.98723576787496,77.43178612373971,77.01050116336177,75.12252861142812,71.2841525845235,67.59375133823575,69.85619358645918,73.38003961949339,70.21252577658456,77.013476163871,77.98832131869658,78.52716567248493,76.08897066589853,72.52233331117525,74.07355657631796,70.46675035103307,70.47280362310663
2026-01-02,73.25275760965724,67.6764390477965,64.40020533454843,59.35665944248988,57.79494777816276,57.111029898454746,63.29458268474193,63.32188763456947,75.71217574175438,74.75412385461317,74.57628744335699,73.44909749414973,70.15157628719984,73.728016653327,73.93923779459512,74.72617421465985,74.96362781217341,76.45725264632351,75.89395017662672,74.08854458179256,72.2274736252371,71.41385616333892,65.00233886071159,64.25675887627754
2026-01-03,68.51529857039856,67.26869864842537,59.97902333356132,49.929997718959854,48.055343384649795,50.821990341985334,62.42006477750637,68.54085827024447,73.26993606008553,70.1195615607965,43.50084335253295,49.430377933381195,24.649862992754503,28.583054908946842,41.76761598113893,54.61220195506275,69.53864722963762,77.66150053593113,77.78537865621689,77.06889624579364,74.37753695694,74.18675839162432,71.05920770877164,65.40792905864785
2026-01-04,67.44071607411156,57.55655383274028,51.59513359121157,54.99324990621387,41.391393909327576,38.07135616477216,48.278270574282445,53.241536991111595,39.698343077455334,38.330074079570785,30.231509749265726,31.839682684885343,19.070332949946536,21.431146596774724,27.558473412600467,47.50327336342556,67.96977224037444,77.46872332149805,78.16577815197743,76.99928399784523,76.50188218606571,77.14268568952131,69.82092947981411,63.417728075751086
2026-01-05,70.16036690813824,58.939026931867645,51.17044810782759,42.736693100057934,47.30638986640277,54.02346966038741,68.0071695532091,73.23718252100191,74.51579969535204,76.54584372793867,70.39295220353132,72.02796397000957,58.20620291070448,61.49522826915739,67.26764074098473,69.5538737442821,76.12142479116066,78.75357173945486,79.37308861484121,78.13329570547121,77.64532075680367,79.15734971556829,70.98127414542648,69.26277353565096
2026-01-06,70.6570528243743,59.69082028200071,48.79070403945146,47.0159900349948,50.326401713127865,54.32736723057373,64.47646463071048,74.26102693668871,78.24545327816041,78.41158431379267,75.2381127581673,68.8502480715859,57.53111661350587,60.5933007369884,62.780953237785326,71.23824470069408,77.31670906329909,79.81471019013618,79.64766970499886,78.50185931014494,77.82218486417838,79.27258672697347,71.35421235106857,68.2182015029535
2026-01-07,67.83720292404473,59.28121967279577,50.01986026168144,43.29773322444496,44.34028203549963,43.61791859863285,55.57978904237206,71.36792443705994,79.26240229865161,79.91691710628105,77.3300510327599,71.72212206234293,57.896146683586935,58.257016923778,63.418880597067684,70.59491542008827,77.77009459923899,78.65407567223033,79.09781291419644,78.04600514143206,77.64096228574707,77.59584351780941,68.6374525136579,63.29161448665725
2026-01-08,58.00964631683252,54.88413580403904,41.822969768695174,41.13051592998944,40.55293633092035,41.6018562872033,47.56111295422715,69.47897704174,77.13235050496978,71.46423387473656,63.571544891835714,40.6992914833972,27.13137164547431,32.265278946514165,44.76360911507689,54.630511502867925,73.03130885549545,79.16475194006416,79.23612219380183,77.10036448505244,79.09787116790942,79.08420600535243,66.54793321530563,60.86735882257035
2026-01-09,67.65007578093389,59.71437407748839,57.54386807804628,58.12844868846084,58.61884243790788,60.986958401528675,67.46065017166819,75.56929149010196,79.2989195788258,79.08974648002133,77.97832351001786,71.10723036150989,60.20332336359178,66.74932448131261,69.40356946856645,66.43623306999156,76.11896563227126,79.55644348111176,78.70560392111085,78.4520128215539,78.774178016671,79.05645334375049,71.8646415631909,66.57953974789754
2026-01-10,66.79444712320337,65.89663790433198,56.9780833714143,57.55869919771133,58.06223791308194,60.16687788597449,73.04968316161266,72.67561656098722,75.77516312305907,76.26834756671398,74.67055140313578,74.23268096425952,72.1480711704109,70.57561622841072,69.08851439055375,68.31530487103296,73.64769756405762,77.99690686091164,77.62619139473496,76.7709266257382,74.7621211579544,74.9994670596649,65.94819993653456,61.50466994189424
2026-01-11,55.90623269863743,44.466749117677985,34.143814261781664,42.21517256343247,43.00358641889726,45.20806697556871,49.67647825496023,64.4567733980847,70.15931970113056,69.13469058774906,69.80324882379745,65.42398578344654,54.83816692913819,55.18919615582397,60.701445799924834,64.46809354542543,73.35432277612357,77.49490475556026,77.25585456139022,73.31677555286882,73.20056756037064,78.34676589460342,67.3552084147476,63.518441201709344
2026-01-12,61.996427402814135,58.063853704523865,52.24345794820269,47.95338411154016,41.612702915978716,44.02177571845824,58.1477842678798,70.37124865100381,79.68323493772752,79.15502781784996,78.61838680800041,75.57073032557366,74.65941618773132,74.74308582416286,72.17505430764814,71.94695993463225,78.22405427734145,78.73427020572417,78.8608596728062,77.6280950635609,77.43698467397915,79.74621651307704,72.40215846138057,65.18186449453923
2026-01-13,70.68061108641254,69.08189082509003,59.32276561772058,60.435136609273485,60.78375566892867,63.29525897791103,68.18697112997272,74.6530540879016,76.87208221133982,80.36894171617168,79.879896180262,78.38174370690959,77.21639791188466,78.76259826474386,78.62708343197636,74.20702077531132,80.05055777584646,79.99901070802377,79.7292796089952,78.88125472523843,78.31812653984278,78.29375025941006,70.99581001743346,71.83291444645897
2026-01-14,73.2580941570124,71.35851621983191,65.3251202998616,63.712356417797686,62.83120079964343,64.31183147322993,73.79858732245688,78.77869694380847,78.46509300647999,78.70430680663482,78.20442550105446,77.10873749935207,75.66201153318379,76.88870627736827,75.909477312336,73.15104690639772,77.86300717964419,79.2000555339588,79.10752067598918,78.32310758749529,77.91538885583594,77.89396641340537,77.0558160387881,72.53758024678531
2026-01-15,73.60993769563422,72.79347679965979,64.45494922254582,63.28712664046902,63.319044854912214,64.55296141924939,73.55446160629377,78.97313874763314,79.20447002526411,79.05396448545797,78.43025499934775,78.5618888685214,77.06340586285033,77.33665581354335,77.66335165374521,78.5334921720561,78.72100144431735,79.59983661190913,79.5624630914899,78.77927163109891,79.35005156688462,78.98618625491555,78.90328645369333,74.47220586743366
2026-01-16,73.84389523670545,72.08208586591606,65.17408608021786,64.17022418979309,64.28367385832657,64.63494625538901,75.51927907291156,78.07782103450624,78.88332295929862,78.61403025659922,78.22363244402302,76.88577170440591,69.66466169032537,70.94395827143599,72.42055910457199,73.6774440069711,79.0070599075483,79.18732454596552,79.03944285980117,78.64190318566335,78.60445685683736,77.28325774061568,76.33367722401928,75.72472680648048
2026-01-17,68.8865904261967,66.6350858806832,59.773516557582916,55.95768906342634,55.55047953336513,57.28008949761191,67.34362932638521,73.11432316088909,74.29461049287242,75.12700709458794,75.63776533557507,73.1472588162276,59.03146662914725,59.62198259594717,66.76089112685285,64.45408077418612,73.64822839976503,75.19743333193257,77.11257548206368,75.72453731525135,73.77177860325955,72.99182322555808,64.72424756031815,64.2466805628873
2026-01-18,70.96086588204669,65.74477997410892,55.23274850394338,46.685356079233266,45.76848192007202,48.68802954228041,53.43308769012365,49.63944986592477,65.6025217652651,64.35156659604749,66.00364899728504,71.20041705080108,55.496630914525426,56.47253969513459,64.58941646188288,67.73766573411174,70.32880545921734,74.96277140471275,78.51894972300686,77.827800634337,74.79969611209845,77.08600859346438,67.37031955861649,62.900428955899585
2026-01-19,69.35394266055552,67.83733303055331,56.70657251072159,54.792968874671026,54.47555776795139,56.304509997144656,65.82266489867791,69.6471892314807,76.5037787795854,78.54594796203101,78.59520306713866,77.86964614787624,75.14826516655812,74.22314978604084,72.597292347645,69.92263165490124,74.34604624326855,78.22638788181048,78.86547658571199,78.52228672496565,76.35751628106003,74.51775412054214,66.70467348003946,65.52025676397884
2026-01-20,73.37318810929322,69.53106803028841,64.81257975680721,60.198673124767645,60.86563906771486,62.075903333297845,70.51840015630862,76.81734260457266,79.33540006062033,79.47432033251333,76.05789659333709,70.32174946885513,66.53063875300248,67.56656561545928,69.48983041281416,70.32901509548874,77.5552167954236,78.5664156682545,79.10945265019515,78.79987579458142,77.97118854835465,76.89091995188465,71.57353719722364,68.05170537771431
2026-01-21,71.86490371953732,65.73491780751364,68.97875990244886,62.76023753386756,61.84166541738748,63.81542553540899,73.26128373343579,77.10496488438852,78.8697940096535,78.934810293294,78.78557983460941,68.55491035213936,66.04182907456355,66.81469758920622,71.36605478065555,69.73016144240867,78.0377910920362,78.32569487492874,78.63545054795091,78.21964303419286,78.10727358893861,77.19080204241794,75.7829684617218,71.01715898995926
2026-01-22,71.63872776906138,67.55797855777578,64.48132252684653,62.09480592397988,61.21323996483075,61.9801882000483,72.4557683410118,77.89263250786374,78.92629857126009,79.24064463307366,79.07274897544325,79.10224195531029,74.93462558209842,75.09159349100257,76.04255365740055,75.55467380424122,79.37689338431402,79.36976777611223,78.90858293805744,79.04293605311379,79.12327949332258,78.17403220447399,75.09259935732217,75.35649047997796
2026-01-23,73.64133153297503,67.26047808478762,62.658247951583334,60.47713232279724,58.59035312553648,60.86833151649555,70.77987637064332,73.80244326188756,76.89850833884152,77.12719641017317,77.80347308864907,77.90953276531795,75.28657416489678,76.92578868182153,77.82487872396139,77.3798441569215,78.38793291511679,78.80110994015656,78.71886105264404,78.62917185097965,76.13680429641624,72.9567674486272,68.83868191540685,71.42857334817259
2026-01-24,76.78485690469014,72.65898950162297,67.19389406949615,66.38666872206696,66.00040458025748,66.63999155836409,72.30163863120632,74.87909744767674,79.18564230623524,78.95693609452208,77.95140391215583,77.98821375355983,76.26250418155222,75.6721986330788,75.67859030728076,76.00242784531613,77.53815529582457,79.39410346529421,79.26701319444476,78.83346441660018,75.88075780916154,76.4680967344355,71.74040884071006,71.61420571944237
2026-01-25,72.60432741039386,68.56108363663384,64.12523757296618,63.617920646034825,63.15856305782085,63.88230211016563,70.82744144183256,69.63981967498319,70.63497133968367,70.42647725743645,68.86037695675486,68.66552992342243,67.06316577451253,67.78795499371603,62.32670222272328,67.54709653696045,72.94256513052171,77.87995592682067,78.3281213245427,78.64358990489869,76.40315016103098,74.41506507304307,70.35395140699912,67.33211742818658
2026-01-26,71.46359734371624,67.4021590824191,58.24702554658976,57.592695865804224,58.92182740301415,58.444691425828005,68.469638385806,74.41013525178239,77.8734171548987,77.05494375267432,77.36321877406905,70.42833274039936,64.56949326251446,66.42125327981928,63.54850363298011,66.47060121005467,78.33258644041041,79.34579782365529,79.40407802903931,79.10705232921093,78.20840429585134,76.89241710178008,69.46753620815603,64.77132800097164
2026-01-27,66.78729165179016,62.652219157295654,58.421471151435206,59.74427999606091,57.00103905497065,58.11549108244813,66.72933106434891,73.17815833090806,79.13578105432313,78.35614697270599,67.29328073397512,62.172412696140164,51.431692987035,56.979163380029604,60.28533529801442,62.9338082226236,78.4541420961041,79.18487666779087,79.25694200964972,79.27949428841721,77.73238619980403,77.58174249426561,68.42905386542532,67.40739326077083
2026-01-28,68.9012498959749,65.11662274066659,64.04302899440644,62.96730430871652,62.32179217294116,63.14380753390751,66.40410753383337,73.6049714238268,76.12316667526947,77.30694944137927,69.39044785637924,74.39177329143311,67.54995828220476,71.8415187687713,75.0282332362776,70.78159980690378,79.37132179930353,79.27908226939226,79.1571909746804,78.81478606950323,77.6828104990431,76.32871994579635,71.72071218388338,65.83088949339225
2026-01-29,68.20497668202457,62.91773935933366,60.14498032993431,55.685771111638445,53.057283818959796,54.97880877942877,64.20671095658261,72.09354366804511,77.4307823732854,76.11486878302591,75.41675940795761,74.64218399865595,72.3147010355692,72.1545460399018,71.69415111326532,69.32284815098225,72.79636346029466,78.00074169047035,78.05775884030253,77.1170789973,70.84584500575063,66.70545767325117,62.30612054806594,59.357448174310974
2026-01-30,68.30189099085555,63.762824903385855,57.528060249524266,54.09974257430381,54.59371001246756,55.54308200615788,66.23562594883913,71.99345230950028,77.40823999954141,77.50135579604738,72.55568889866484,72.08196058552286,69.63017041436142,72.65495471498672,72.88336407010628,69.64844526041246,75.7602111052228,78.7924761951941,78.54400815220619,76.95356009743283,75.41387589064922,74.84542906587467,70.46844104728036,65.09353153625734
2026-01-31,68.9412030808758,65.78925579561005,60.56658613662545,58.496266278933085,58.69503138418221,58.90538313165631,65.26415525022904,66.57262581173315,70.56211498461866,76.70296081397669,72.91363783499003,72.2936601327829,66.16012606950014,68.37366046146951,69.21777695213389,67.10162658299937,73.92668876483495,78.87168200023677,78.39604208338773,77.84028637128257,75.23767237012959,75.90254448362634,66.65949318045638,63.592993424679065
2026-02-01,69.05955267260639,68.57837003181798,62.454460838960415,58.679223237060455,57.60951155500189,57.49582963421558,69.74390660020045,62.9471293361179,59.37168375274519,58.34203252667597,60.00075203146644,61.01808808797846,49.02094096735905,51.05772023221371,51.11360797173219,56.49536682210075,63.600449596476494,71.92629456014033,75.711420927326,74.58666582826388,76.21384632172797,70.49426153619937,63.786957711466385,58.19803754042114
2026-02-02,66.11373016883583,68.1484392799592,62.03636683029485,48.98442707070328,48.03708720801296,50.99796126010884,62.161679047706045,70.54038741605996,75.91828716432899,76.2787779250577,68.42080577319668,66.59750839614452,63.33589667219166,66.15405156776656,65.5727890261399,65.16779728504575,73.19915861534717,75.21197366821082,78.4963509618107,77.63094082163131,77.69768589581963,74.87624838486401,65.4194086234677,62.2227337817428
2026-02-03,67.31794258976309,66.10683754985546,61.549017210898896,61.719696975514296,60.74665300654741,60.95485597017923,64.22727591751793,64.91125758444609,74.12200452037224,76.27113009797196,73.83481970405727,77.12820595329045,67.40958666173927,74.55626293641855,75.89915421197439,70.70936811359645,75.6883040148095,78.49073511531051,78.47289618958412,78.73145005947059,76.70460190965635,77.40191255010433,69.37789460185252,68.90048521893043
2026-02-04,73.48189077612264,69.13515102087526,65.15945446278214,63.790255881829175,63.720584871070756,64.36829743289937,71.84077252041203,76.85052189751471,77.55662405526157,76.95177331983564,75.77374639023014,74.95356885942476,69.74731733397539,71.43101679329517,72.01083683027557,67.12760723399974,76.83580541911061,77.38561501572967,77.31044272346277,76.18989796636332,75.05429685256809,75.64077527751293,67.93410230224124,64.71225821776807
2026-02-05,65.07388475236353,63.244729595579685,57.286059627895376,57.483369722125346,57.39648946628995,52.47350294454626,57.332896232340744,64.25546933510736,73.35522994700567,73.58783777183955,63.88097736972882,59.462371718266624,44.674602566449835,41.645010976694095,48.47090256173313,54.24010935689474,64.04259938007745,77.26649386522169,76.70409275810825,75.38788555535685,70.50681050587217,66.26739683713244,61.45584519504863,56.46625306429375
2026-02-06,58.125669278743274,56.7076905141764,50.11165483036245,48.714896375440105,52.55939816217886,52.895408433982396,58.245696015422375,65.04446608858699,72.3746488006241,73.1287772112318,61.63822210968752,64.62125836096608,53.87857759501613,56.62691104175208,58.224337356336335,57.12764434366938,67.63120685962988,77.26733612825853,76.88325863596943,75.85897898025817,69.36094424019322,67.88925358413364,55.83087327826277,58.00756429795535
2026-02-07,63.0506376394982,58.16167540895628,47.42981610567612,53.40416282315997,50.358940709556755,54.07724829113231,59.25429818682615,60.966603025094436,74.95526741554444,74.82694776573378,72.80737719887854,72.37540889818322,63.02706349351307,62.99157787595981,66.19918840202044,60.98277778354104,64.86548830386552,75.96449797237786,78.07012447349041,68.91558131118825,65.54685239287878,71.64995198630453,61.73811735308454,55.709680460589375
2026-02-08,62.15666256736568,60.173290604799924,58.24232735859472,57.42014124342669,56.85605652765465,58.04116458852844,62.779370222626135,57.597115492818936,57.38714091232859,61.89914320438996,55.37689537772293,52.143956330582796,41.466920219447765,52.88769038231049,52.78559303833043,54.37884806848031,65.36257221925739,73.15356859517985,77.35325820330455,76.24657078800743,70.85385505705491,70.42641747350007,62.29260541202474,62.03118939805525
2026-02-09,71.28907966047649,64.78236432426732,58.86397334899464,59.115407906669276,59.709223554366616,61.35650299920259,64.88635673399975,67.69127851655283,77.71021209415365,78.56200712121553,72.1822225449903,71.04122766712618,63.62855544992773,66.58905598529432,67.6902736461474,66.4862660049552,70.25581196670218,78.10300550170062,78.23436268809714,76.97775867769711,71.4727625655808,67.50334169312373,63.16567142191814,64.63893869282096
2026-02-10,62.44658204296966,61.484025842427044,57.32179310993031,54.550143115998274,54.74821654284351,56.272706864625846,63.24940248509929,71.6724546431332,74.99702900942958,75.29163464031629,73.94177077835678,68.43634448724333,63.130194949179355,63.28879294718581,64.85115286843978,64.8127656705345,71.17905229638266,77.16505403717906,77.10462074599504,76.16922230678075,73.9663360745368,71.27896406247228,65.66157036551414,64.95396055131495
2026-02-11,65.56185766756852,65.61533275827144,60.84536298727265,59.85149663798568,58.419855961150944,59.270006398156866,64.34960458428382,70.18813161357878,73.1271287816069,76.39708101497988,70.37950902225673,68.71870500873592,59.79179351822755,63.61883330894472,65.52563878653612,64.0768591297236,69.26968920314124,77.45827116919565,76.27584844122799,75.9277379206245,69.65773523313163,67.52604348322411,62.01512566826481,61.23242781259009
2026-02-12,63.87014460294274,61.807560456350295,50.49550296884225,52.02414639598536,51.58169364097068,48.30071382932317,57.72419492007213,63.67761239184748,72.7091031056948,75.46402241269945,70.03145015324452,70.02848837785957,52.37927957051571,49.57141622553039,54.40369135779375,53.816752008932674,59.36800141074403,74.05369923451805,72.99429539539366,68.36998427651929,62.108480459511654,63.89644730585276,52.4167153004786,48.819924648643976
2026-02-13,43.69559621629753,38.65535499897737,31.065194182238468,36.51989264668734,35.47175880724296,39.11595256565086,42.68013623773318,54.55585339100773,69.560382156119,68.50192740692164,67.3789577841597,65.05402724290943,53.86338676079235,55.85311103977898,60.00687966775007,61.982524953974114,65.90338362107289,73.38495200241371,74.99791803521066,63.28180278920219,58.4627129240256,63.934910247748284,55.052429836089004,51.0008731881295
2026-02-14,48.37616616076611,46.2766376174612,42.74126860432531,50.30478299885674,49.180684842436,52.13318776201657,60.93677198899606,61.174777944115874,63.55715087075142,72.93417007093734,71.42791239248825,69.89207565819558,56.094999934350916,55.313837075790325,56.89024775069805,59.965819062661886,64.34572463909763,70.49119593202578,72.36717598224304,72.11765873873347,67.85210427075306,71.32123162449345,56.1622794690248,54.934784122601904
2026-02-15,52.76593559061148,48.617475360014375,40.17489234495006,40.971147477342626,39.677362700011734,38.18191473151188,30.340247285312824,28.730726001559546,25.41609770171538,22.250421779624887,9.784718232164781,5.95932046427004,-2.9974531207698556,-1.7632944819812848,-3.465909857209775,5.744991150022758,21.180398978792997,51.40840228812266,66.09068925676785,66.40567714908927,58.79099890226714,56.05793543406413,40.49812852995805,35.172389358449415
2026-02-16,29.30243759719248,20.86957548378776,20.639660769461052,30.936837784949184,32.42996505041989,38.643258085319445,44.45115981940213,56.6341984958693,72.3056907987183,74.12238553900124,70.44080319206594,62.53500181190441,49.918105666818775,53.70285709251712,54.25425994675502,62.5123026601433,65.50733225709271,73.4397061969091,74.4169927797231,70.31738542634109,61.80781018276438,67.713963460828,54.98176734176468,52.10748720584764
2026-02-17,25.681024805548535,29.276047602002933,22.536448545036293,26.373360422012272,26.017650306972957,32.618958346071494,42.72368176872095,35.89714627784725,56.43771608376697,60.58555724715495,54.52653285519379,53.05360104334885,38.6827086798528,34.01265330952342,41.99183387477137,50.74188483644038,53.331125778036856,71.04728815859757,69.23956535478237,64.04940531386859,56.05311789482493,55.21497746141583,41.21583842672036,39.9726014153859
2026-02-18,33.73446606091504,24.55347348387816,19.330681938879128,38.297284253274995,36.202842812729486,37.329885945474516,39.11766525194835,49.24304683887202,66.42719150653991,62.00779098968657,54.81192740975538,53.84611486612249,41.034463784614296,39.65273353331129,40.44242230391612,46.08018883910871,54.48812491095865,76.24908505670831,76.02337812032621,75.54649154620967,66.09373204272313,68.83611105150106,49.95972304583195,46.19935641502044
2026-02-19,57.50497985109654,55.42309196460639,50.45240564409681,49.83717068426379,50.28326204606369,50.167735256024834,55.37710591533114,59.96053662283847,61.191347769498286,61.77678140968514,58.57193801402101,59.61641553242133,54.060155562370795,54.14389578064034,58.413560437841426,66.9593604576865,66.43193481855224,65.53838095331521,67.89648799181211,69.25448696133806,65.80436355877431,61.805829034662324,57.68120663903371,54.41550979273619
2026-02-20,47.54375483436711,41.78182171523709,36.91885390424858,35.68918033832184,37.6991654434935,47.34147715555825,49.73335997213881,53.45915988656333,61.69523594156516,65.11711692748233,58.33585833953829,45.95798926623019,25.74743736264953,27.244369674191198,31.953764017739505,38.9368778171723,49.61861130020532,63.396720747695014,66.76222185951106,65.90813316275236,60.802843877483106,62.884385109064844,44.38556996915959,41.92719037877979
2026-02-21,26.46394068277599,24.52919970420297,19.66815278854836,20.164338299299004,28.177666499794725,33.07623223825351,31.54045213150536,42.015605063281654,53.99558061340637,48.61186657090575,30.086374483526555,29.61750564809007,21.972539424796953,26.328570709719592,27.550684305236032,34.87585741265758,42.465956604366255,68.41398042926667,75.79993451510609,74.30822139006727,67.79581787774957,67.91921122694232,40.044181111463026,36.516378674951966
2026-02-22,35.00783099639057,28.545830481244064,28.18328069679966,27.83660867098779,30.135962698961873,27.28543630691054,28.05792804157996,23.572807318693588,12.087318991785397,7.8526746456513825,0.591225991039065,2.1207644638490626,-2.633169518792776,-1.2370015885588184,2.747223235143074,11.775209728623658,23.12649304658305,38.02344427306868,48.68995403174972,58.84732903936556,58.73010886383189,52.553136240147104,38.51665044070735,34.115477736203275
2026-02-23,35.91477156400249,33.841421315166315,34.57042740557238,37.687318370069924,35.65193902180576,39.95361597702997,53.13255695769635,57.635019605855184,62.89031739972403,66.4448889594114,58.91317114434126,50.58945188100403,47.80828782591598,48.53878049438348,53.4209298357193,57.90443431671645,56.70057898763696,68.063460303897,75.62264258639789,71.41936156824836,67.23512393480007,66.37027951683368,57.40889802476459,54.58029273422758
2026-02-24,56.79061679026903,58.388779028419094,55.76617441866869,55.9663131054625,55.58107536580797,57.04234819065528,60.11961839021289,56.461971674296436,70.87383721344375,48.02724076223535,40.956686364125176,41.511117481448885,34.65440972344632,36.08919268848292,29.668504726046933,35.750149471054755,39.99487238053963,66.18009021435175,70.51793020287738,67.0353009662313,66.92866066963126,67.55026946107759,46.51478109936841,44.21555283857824
2026-02-25,61.31629319590038,58.2977841524607,41.77781124689397,54.606105577640534,63.936062234881966,68.59351573758335,70.09220101397351,54.20261668588871,47.30736237323251,36.37819484578599,25.012372567044682,26.161574509868966,22.590050035181775,22.67801490950413,28.171783216618905,37.94989803874587,49.06789195225993,63.445627388194104,75.6385313211793,75.85125301189628,74.62231955146005,67.39714345639194,60.66725100624722,59.097941334342494
2026-02-26,60.24397315958443,61.476985019991865,61.48328026267491,57.17063217914294,62.30772968949174,69.49397724768225,67.38681755614886,65.66782225037113,69.3765544745912,63.80448514011142,54.002185818058294,51.47908253589578,44.73697307757207,48.98270596686547,49.34065681607882,50.869880976846844,56.89646960610564,64.04873043276694,64.79662273379546,65.79390961359321,65.92089194554777,60.8846051118213,49.63973276038956,41.446795660415326
2026-02-27,36.763821118799676,42.863880522378444,42.33064698162715,48.91825970884311,52.782595054648,53.58944953356721,56.757179785351916,54.56232808578157,61.781462516673805,40.5512401469124,37.95872525614464,35.665582914018536,33.89829262469753,41.43324035023727,42.31440535532335,40.468693805773235,41.48529280230429,52.30065992893612,60.34760699472396,57.34795106218223,56.108822677437004,64.21864114362624,47.941019073868766,44.52871687624792
2026-02-28,36.911490962515366,47.151861480833794,46.766819300166034,48.54060643273532,47.33997823767568,47.96314889859509,47.099676944071284,32.41305396401666,34.00998263102454,33.6097899282785,27.550477414261525,26.67215814772922,21.08289139307951,16.927910816447824,25.005610626856658,19.843157231755004,21.123721984316703,43.084583600903954,51.455094757977434,46.98583681474022,46.69587982638927,46.98158047161018,29.789692847742685,28.09287180054013
2026-03-01,29.73309572566723,28.811928204968606,28.2859744310957,29.740144507296055,29.34171513945486,31.389310919630983,27.7855159789762,24.955986046810914,17.095612051391516,3.992502940553891,3.398849864073266,4.209721427173236,1.6982749062049434,3.7341851043395233,3.70097715556645,4.524599312922264,15.489190399489875,33.864800795854336,43.74604223985298,41.44084788762726,44.997927503470855,45.24799094267059,32.17884114360323,30.393053123429823
2026-03-02,45.43057124454339,43.75139550180498,47.13619502566567,48.94347228398663,50.35939165990307,49.05294908093804,52.05677240536725,53.91925791112572,69.57430376069851,53.47382940718388,42.84383863063786,37.291257336432004,30.221955796551903,31.307730568145747,33.76069507364625,40.05591635190375,45.78422371540974,68.93288879103528,71.95254011839175,72.02267310705021,73.72767195761074,62.91454355852277,56.845462711229516,55.956671049121596
2026-03-03,57.972606247722204,58.5464624627762,56.26309826877525,52.91771087271344,63.56047439880561,64.2352607359614,64.51931650476598,51.71243614812941,56.17218371312227,37.98707625767272,30.025376985985506,31.16396269402099,22.030663082008527,25.163571198998614,29.295391253526816,28.488101300132268,39.19330155935599,56.5184145084861,76.61533588063158,76.21936551605343,76.79051168393937,71.83899278439404,58.90515659228755,58.605830077920025
2026-03-04,51.48327000482039,49.285608011516715,50.68136575590471,49.53167935457079,57.74697444350249,67.3215919343668,62.06913492404416,46.3797029507175,56.91247356011559,51.562029768477295,47.447226473012826,52.19582573267922,39.58435363424309,58.62072506683552,64.24528158848979,55.32749559480491,67.17372202920116,61.81389580565863,72.89702676166792,76.27059095677943,72.69864860555646,63.528123680437574,55.84717908815706,56.552564363793486
2026-03-05,52.1753922366895,51.749104065467805,52.499785757877014,54.39535928202317,60.135303482373445,60.62324899284675,59.06124632330015,53.89547853592155,63.859654219316994,47.308055788497676,42.215118513513715,42.67773439693088,34.03509749007706,40.786882095450075,36.69353080357544,38.55220609770848,35.348283031583726,56.30340055883311,59.93637183299208,59.47986764367909,68.61526851739276,58.21761200432553,53.37696444567828,48.56538281769261
2026-03-06,49.20995435358385,51.72946011212382,50.0615828761141,48.80071888701822,55.32590453869105,63.24278001451803,60.50446296342595,53.53817398283815,44.98617922002902,37.67570325814732,34.96937623015675,38.85480357684039,31.99131580424808,32.24080488126691,35.28791059034401,34.26197944438207,38.3347651688275,57.3932221463435,74.67094733715956,74.10989378772246,74.23045396012957,67.70902943290373,55.532618308022656,49.44789296844601
2026-03-07,41.620862946419244,35.80676881287035,42.66218777754719,38.65726086471217,46.64038459767025,62.16281771116929,53.609653163728204,36.49478316083273,50.62820784391452,50.99659767406582,44.42612729703924,44.85301054839152,30.639552996722443,32.350742145332696,33.35536566643987,32.716834659978474,33.96618922014207,44.42363887095087,62.34223775658485,57.53735430634891,61.67104422440633,53.923158931016225,38.052320256058316,37.19099398659608
2026-03-08,33.743984882956504,32.703949833827366,36.38373190827038,42.856919426206105,53.57681665900282,55.67477111546169,50.26228435655254,41.56256357845652,25.22841065270875,7.784858315008964,1.4090279042752483,-0.0036200529713136254,0.409497217935511,-0.07449073922891282,0.7408490244207203,1.4161715883018053,15.30924145724972,40.20991090852184,47.99015927978916,47.4810625273333,51.04721455412307,49.137252806215436,39.451168225153715,36.057154122380474
2026-03-09,41.116421675225055,36.893874026976,32.65034088628489,31.95555036396447,39.05488857352793,42.47544486501522,39.15408417652124,45.38024455069672,53.86529963698701,42.792259603392054,39.193965785285265,34.85023301981358,29.087647081223974,32.62418547193842,36.64783770994213,29.307649651703585,33.413373327823,46.29000161249142,63.825743593481256,66.28173196686078,69.56694368608078,63.802579250113226,40.903232874056435,39.64007915039061
2026-03-10,46.18121782787421,42.13752815072833,37.92724678411795,40.92210119679835,57.944025464045865,65.40538529992928,57.49792501370249,43.25927132124454,42.832232696238556,37.33471779932215,26.725074799960037,25.46887250048604,17.79279525176502,23.282654910269017,26.669461646534693,21.48306905879479,31.50720931738574,54.59780388172367,72.9521920132935,72.34202641187593,75.740770012968,71.46730815291431,58.42779199539523,52.72266717394692
2026-03-11,62.2671143394816,62.94897562579049,61.231044654839934,61.66903569101489,65.0087122088722,73.32154848580807,65.26649111174875,60.76273869061062,64.91055997881931,44.59903369447502,37.48437593532816,33.8346255497304,25.406120485440947,31.50833783465577,31.277473316576327,30.24886006519529,35.969507281251715,65.18546142671346,74.12941515454793,70.35867771695483,74.86578312771874,72.06877906456916,67.65981967110828,64.41856559575022
2026-03-12,74.15100592976816,70.54826920999986,68.077135748863,63.856015075488685,71.44867995238504,75.28492110640451,73.551047561618,72.67202827866863,75.50529017924302,48.008417955431305,37.372796671473594,33.70452385125403,26.701847914264544,32.07948638394268,33.7039178005627,33.65594888260998,36.07481200388915,59.49117177525188,76.53255785997298,76.45406182690247,76.6800178483033,76.52012632359748,72.8059672964552,70.09524240349245
2026-03-13,62.00539394395681,57.21400980723374,56.65057756159481,57.465791972124826,65.85934680062556,71.18151739721135,65.76825136381352,64.34260983578291,69.19457968669198,53.010856979364725,47.58625417994459,46.72143379403887,24.426041227837953,27.439337039047018,35.72426390889175,35.74646234909933,39.7586779866146,57.19695617403607,73.81558175798848,73.77203636361136,75.50724400754845,70.52103296804755,64.46025148718826,62.60685668414597
2026-03-14,58.22042265763669,62.879837818521054,56.55205922897661,56.8654297183114,64.23564685872635,67.94502006511367,59.50780360761188,47.54626943834948,32.41771870448941,27.10788817827,23.311073093874622,21.40405031950391,9.922311567919,12.689430382661918,18.435818544889834,17.20427291921005,25.19288279974845,42.74659136974147,59.892275072426585,56.80551680756429,73.15114277172648,69.30470170170301,61.09345483479227,56.18951448027862
2026-03-15,47.434169929574004,47.330789070528816,47.342719186108134,41.12757565457386,46.48054314340618,59.65282492983238,53.848196551118356,37.87605036066093,23.560698211997305,7.278955664430918,6.247475961840465,5.800966243654969,6.235078123469843,8.192876133710778,8.572978698049042,21.98863827348455,31.654137430649712,51.25514889661768,58.904644407045645,68.17597505965576,67.86833942973534,63.819614696456846,52.9342673353823,45.44790449685916
2026-03-16,58.91957093488195,54.1503808375681,52.25573341246368,52.623744066019846,60.62141007685621,64.19017049569389,59.840521024427616,60.14821782726675,65.21045011843604,60.662146868280026,56.76271046112975,53.40487627697207,42.818038954993355,50.59416936740179,52.75092998866209,52.5823008908412,51.50838708024468,64.68193100125887,72.2374338400396,76.76426840910045,78.76482504466829,73.42639825882786,69.72298073748476,65.44884256090288
2026-03-17,59.07242825244601,48.88377455974993,47.92062996466171,49.79425290281754,54.37488762516626,62.06115167189174,55.271867554375994,57.19763986507272,63.045136576676335,53.33399662398811,50.9469553484242,49.885977273295985,36.27917316188593,41.793997473530304,51.24282204418931,51.49545868718409,44.57093914499077,64.29885716999956,64.60806495109071,65.06394502331264,66.73552796429907,64.29873938682546,54.89606907402428,52.267113264878994
2026-03-18,52.46517509542661,47.391409112019474,44.813739532355655,39.31529600882244,42.435728535782246,48.5769583515695,53.87937851016312,54.44087230530275,59.757661267832724,42.72920502827137,41.11488750351727,39.23732961487694,30.852677112362986,36.95812404687361,40.42001258898931,40.00932540897039,43.43975966730414,52.894873624498594,61.48127017520136,61.42253587590119,61.18506970973933,59.274605312575616,49.044446826520876,45.28702853269502
2026-03-19,30.530967306029922,28.822323496100598,25.113137068904358,24.148215583103806,24.65660113406104,26.15340699549092,24.028693575423198,27.84612777514509,30.70665605745666,39.02348027954289,37.08433290162222,37.78454482045372,28.992411293754024,32.65681305857628,37.69614570012995,36.774640284753104,38.33919288001845,47.389378861378525,62.79710302908822,63.56435031989752,62.596075337732756,55.00572811821322,40.83418455022434,36.392896790584565
2026-03-20,16.128673007048917,11.140282179227318,11.06699645630566,8.968007674945088,16.873115331600847,35.00009676395301,21.130283698967926,21.611827179901077,18.620821808056167,11.70761998211018,7.869607358684304,6.1384475088428925,5.476543147452362,7.512405578536998,8.741462850555358,18.150477547448645,8.028830834602703,20.290975413931285,26.31008051395932,27.57608022360615,37.06823230972171,27.861552655999112,10.49607748000038,7.039730814146036
2026-03-21,3.6286096856050243,2.2127623861701293,5.085341580957336,1.2583923468516398,11.608402874365067,12.939828952038507,11.082204331156897,-0.4876141447453979,-0.4983807099730776,0.21707302235060924,2.605213732502978,7.842988745017627,8.557457231792696,8.676771030441142,8.80281085788383,1.9834952665282335,0.21316476960513442,14.593681019079881,19.50218371887807,17.72831786589015,23.589170093098815,14.1990661010815,4.339003420590022,3.2175548046347116
2026-03-22,11.144956076764583,10.9018577376942,12.957242296086273,9.390981216950538,9.679585089734935,6.029664021250152,5.325198401681556,6.652793269519898,5.827617130761659,4.333405339219923,5.085146254335075,5.948936902411334,4.864846699818194,5.408693057718929,5.280773252606389,6.881606946260989,6.611941459103232,15.079129474797753,15.465729795273802,22.33279429766585,31.196965935013992,19.70792534058662,3.252819913302613,3.885498008148329
2026-03-23,30.234249518291936,30.048706208141414,32.13763827889584,25.10842503419838,31.63169240628308,36.38856428178607,37.67138824494855,40.903613028054735,42.818519300694994,35.7830668519629,29.091548047127453,31.158369811557897,23.171523639200235,30.08335338939333,33.79147121092171,32.491666873769226,39.47802183688376,56.12568024221731,60.49346656416786,60.03658393380852,61.294708774424365,55.32025964443224,49.71622237256133,50.20659906045234
2026-03-24,38.480183149653506,29.55168957528883,28.659080763020484,32.12959095791864,36.71477816113393,35.758111426661856,28.758043022253908,34.09496297110641,36.99307572519947,30.407989230405924,29.954204284173503,36.7009831452006,32.61594986526699,40.99208583690919,40.24228174619548,37.46962037311685,39.98549546667752,57.71156683280072,62.982797639842616,67.44619822613225,64.5902543280142,50.67814491524864,41.736260847501704,33.79614360453805
2026-03-25,33.092104411777605,27.140180110798408,24.922479782810896,24.98867986380273,24.60580985075018,24.398297746319646,23.103320772919623,28.542024340328997,32.161350394908936,30.62115051949455,31.51856820992923,33.83085107325349,26.229046719177234,29.1963442438624,27.65321687421429,23.80987280598462,32.48036342809583,45.35614356329745,48.91286714607623,49.55322248532002,50.005983935198486,45.111549191241814,30.186445005244725,30.106997587885953
2026-03-26,30.70792266630794,30.478870479644407,43.86616316648775,47.83554231979575,47.79029082989222,50.698217851689115,52.136044432849864,47.231461799723526,45.01284321089937,43.78211260728755,34.33514515639152,29.362001515622758,26.788626239871565,30.239065996097064,29.5512405925889,30.220623334438315,32.74666423195805,49.35783816541347,57.85607960676789,62.40027322020601,62.495289832490606,61.44923687182652,52.73585203706955,45.30156649473714
2026-03-27,38.385843819052745,32.89837115088789,32.94298256219678,36.80106624270609,34.43703345754501,35.21901239900335,30.02660968597612,28.766054888693663,31.380559183139585,31.567440339556686,25.357048288250997,24.16669668094387,21.079831625740628,14.726875575156852,17.21608233015548,20.407509665658953,25.770956226354457,44.43431745070176,55.37176419084202,57.8418743506239,58.05053287815949,52.71796799799246,32.94492938323869,28.01991445943048
2026-03-28,12.841405646739755,5.600168891873733,3.0971798280113485,4.917940355942413,3.6684432645961844,7.644074130189934,9.67960281665388,8.864163876014423,19.437378085956187,13.464381866820663,12.53329307076073,12.624142257911723,7.024371428930446,7.896224112610694,15.013397190793818,14.264980037912284,16.342392084249937,45.19238388581935,57.8981746280268,67.1093107957517,63.17466243450696,57.6062629676445,28.78042243265919,27.123500717231323
2026-03-29,31.56932874645714,17.86054626672463,21.558781281207235,31.337450583113736,36.33503635131661,40.365641313339005,33.33575897987332,16.50014935503274,8.863955602951112,4.450264073354899,8.983981640859064,4.209788824298806,7.437470398217116,10.099522904431732,8.256165104412649,10.188914666640628,8.312729533304488,40.59516825058667,51.768066498832276,63.369593939574415,62.307155349155934,53.85605334301615,29.390355126462435,19.700156485210027
2026-03-30,40.552329534203515,28.295025257310613,19.429657831493017,23.13635402222055,23.62912506272812,27.2554381939749,29.97909018924141,33.24491529959742,51.46736125001804,46.0153865820607,34.70238758628526,38.785525143651384,20.00648438581766,18.95310150010111,21.745406157231134,35.19223235247874,37.45893640456466,58.956756330903865,74.3700273507106,77.43881643169098,77.41826820344491,74.13048307540106,53.32730453569558,38.385930534565254
2026-03-31,30.679756798151654,26.97862698972882,23.763046225137387,15.314420514206425,21.45562615648607,23.05388899540839,24.157421064501296,24.737224918640862,35.4137506728104,35.6455430396886,36.72246805396362,39.231433816804135,22.47840797584922,26.329855240545502,31.261780232696147,27.371401603235537,33.37391637607948,56.81510831821478,65.18493976755619,70.35555434397172,70.0263847972224,67.98934739004196,45.44195433049609,35.374381113746246
2026-04-01,36.348188577075774,31.76390418003159,28.754365386430155,26.9156305361715,25.592916729921694,27.965352185003937,32.39538508230254,30.042320875323604,36.9885049740433,30.427619580213282,23.26692712022504,25.051111694861486,18.76773952550485,21.769939895367646,21.9134721831258,23.508441833144644,26.852097249132655,50.39254682698846,53.752556824339514,67.31981786530763,67.35752944675194,55.598169328303015,34.23279626222191,27.686756667260905
2026-04-02,18.270213945820636,10.46966011339003,11.379691538373581,10.092188614988144,9.628650489283343,10.474836262659286,11.773310043192572,8.02308987452208,12.836179421090431,20.378793133824622,17.070039574038347,14.733422963553528,5.297951743889549,8.984630874254684,11.350096036962492,15.477756554076516,17.057531672240575,41.35888794132901,52.65935659920719,55.485843941489954,58.41864162666982,56.27569409896518,27.30828947153989,22.37524956369979
2026-04-03,9.845673271044502,8.077915487324857,8.146268676876833,7.900472392073424,8.528899896787046,9.982827744684657,9.491534739601725,11.328062852034575,21.19008694011242,22.250197167969475,18.600676319484307,17.601508139132303,14.177791982672787,14.042310347514903,15.155605263139414,14.511322183549424,13.980508024473679,33.65574280559753,41.582102430408526,56.20665926584213,54.77740572344121,48.10683505883251,25.007438541972512,19.487326012334453
2026-04-04,12.587767559401014,14.687803700353825,14.083163817294153,22.952420033810597,23.639066103431425,23.977820898061008,23.629109922111244,15.763452782580375,12.17057284879775,16.018603551563327,16.46060048599698,18.460391387180223,17.436531625410197,16.504491873419703,16.340757611448083,15.62822505988689,17.916526427518043,43.87638555220969,48.869161373876764,57.54951679743635,59.09611384645837,52.96032378096216,29.58065640677886,25.72060557480306
2026-04-05,21.109677510714256,17.786947037836885,11.965454440622947,10.222129657752758,9.6784259077495,12.072296775212834,11.940596271107234,9.350562824462443,8.142624136284958,4.715470578168189,4.498665716681789,3.067795060870843,3.9556344648058017,3.460628599744866,4.0688435068245195,5.661947847072464,6.941184384991574,33.11344438754173,75.15622921923357,81.06563214556667,81.95538290720552,66.42783170294983,18.30863936583586,14.721849191036059
2026-04-06,19.287750034843473,13.509330827947522,6.933961143377193,5.394566827002033,7.573631985763237,10.091966219280453,13.918512620129162,23.31522095249627,42.58431223503616,36.46881076732536,19.172858545303054,22.883002316738622,9.595501633891077,11.528213042792409,14.46197141407266,16.63365722574508,21.249123675841094,57.369099807265975,68.07684107920703,76.69602890933484,77.24734686656728,72.93553893389053,46.33481635669563,37.17576809910907
2026-04-07,31.061304270177256,31.634828992914493,33.936400531596554,40.68810258602238,40.287136324380114,41.36729595635612,30.32121701363482,27.073737382983843,21.385537288425585,13.89564693037454,13.90598461600663,12.355081429277966,8.96903940285027,10.33452129946109,13.173191723794938,14.58153559951257,15.717648323379668,53.5343764469539,69.23565472317344,70.89102945608795,67.51624296605296,62.00516391520406,54.40309939349443,32.4116724642907
2026-04-08,16.763711496781397,9.392890734901712,9.75949084487287,6.449615227743494,6.35427160341515,6.487537222048071,8.682577916108666,8.285212118058471,12.02169603296773,7.308312187557527,6.470851813572216,7.166319561456565,3.647380564811866,3.698862681084044,4.354801705286555,3.6989009884760335,5.086734456797138,39.03130309469316,46.24156876042248,68.64305593950057,70.29180736651234,70.43353139049367,23.697686842469963,22.320971475670337
2026-04-09,12.071366415254037,10.702947753158268,11.855055746389947,15.200630344434858,18.886843492226205,17.583364286732536,19.074521750949668,16.75853642722898,20.72685788430694,10.93895399372088,7.1715124912267925,7.251132802186636,7.136233874308067,7.852554010155012,7.988137299655988,9.566367222191346,9.596258300833071,43.27009236936556,53.903813177121044,64.97457479398969,70.66461228916097,64.50058523011076,33.27247345521705,27.056694870872995
2026-04-10,16.462654020971527,17.999501679248908,17.00055268478018,10.884799732366679,13.736720792283707,17.12493893925894,22.16820681569851,14.085462186160552,21.23097135648219,15.495727752987664,16.490256772962464,12.973743267490876,12.079163374977165,12.54736249834742,16.415221574334954,16.009362196639366,18.562818179519756,60.13556991288907,66.87772791304234,73.364406860693,75.40430097348423,75.47741225749041,57.88079887393743,33.54445722314086
2026-04-11,27.508488504900175,20.20340003679553,17.72005490270638,15.836247970592243,16.66670911248781,23.79909864269161,22.489939951028077,16.458053697188067,49.00464071479551,28.161976431957605,25.896015560335798,30.0224280320042,22.719995721275396,25.797758847138244,34.597204880031235,32.69000853576398,36.1674643603291,66.55506824277334,77.31950157628796,86.23027367620645,84.7433772633213,84.55881347633056,35.39102466270583,27.076058352568023
2026-04-12,33.46820536530766,26.19193494019807,23.826357738974895,23.330201675984434,20.760750687988896,20.600681846199798,17.91501641378741,7.520378068979346,8.32043618848728,6.589451542080222,6.227470698519708,6.788375154856046,5.83422900847372,7.278162234622498,6.874112538580885,8.526150709653104,7.585862588832411,45.706693672396554,49.560503520017285,83.49651128279514,85.1853738786494,76.65163580660659,33.29202044193884,52.362588689051776
2026-04-13,30.191797640238597,23.37711139890837,16.25585723951036,16.615004260568533,17.517722408183435,20.77412271728387,21.30726786728675,15.986485659286563,37.94169593213504,19.113990575297738,9.747264928876465,9.075362413612153,4.586166810939804,6.93312015675195,15.224697875743729,6.184896732060298,6.715228971818844,56.299727409439576,75.07122784713037,77.58533701796517,84.27516260773372,81.46257682106304,72.22432869549272,69.90795421880676
2026-04-14,24.850696091755278,19.42743976789243,12.070506907845708,14.34097625289002,13.090009626437169,11.873966562316946,16.93410765002875,11.069359448173893,12.463368030362973,10.653809709734496,5.4560807173681996,3.7807253137010086,1.804674539451951,3.18977001781644,3.3796108150493,3.1639057694286294,3.2884910189831187,38.3522882853617,62.72766752390513,86.4933632004291,88.10711816585444,88.53453617512939,64.56291810861724,41.15323273228283
2026-04-15,34.414595535682025,28.75602401909576,28.499741232418366,21.135327760769034,18.227715790762826,17.31088876608687,16.253185259961075,25.47736904637102,12.852900995687758,9.79748551309014,7.344570012805789,6.517061124044933,4.113891016247996,7.291323868992904,7.898970731706891,7.663790472023568,8.549319931970393,37.75167936718134,50.25255919555086,83.39968648282105,82.74049271732162,85.78669782169382,53.88229108353053,42.16175146508442
2026-04-16,32.41376273263283,18.242269914465144,14.701097711234825,14.394026377323964,23.702504753549704,24.82703305494965,23.651078483265415,21.066049366048162,28.670650420389695,25.81382933610258,22.69004498830697,23.20732422807108,9.616119340585266,11.665337292228935,24.512255204690096,20.821113008353823,27.024591112301863,54.134676890768766,68.88151653081258,91.49552424408796,91.82865233285706,89.15159645237136,41.17319708808079,46.207462773771894
2026-04-17,11.227735707994325,3.3696490259068455,7.908131605889871,8.901846498359067,11.238993164944292,12.075357241378535,9.399906273519216,11.95084102683086,43.93058129172461,15.66321725458849,9.967637832243657,8.95231459737032,7.616779138148593,9.474711164225345,10.17717350978571,9.672139593493005,9.353635564108476,36.98066275188101,43.84967131377538,69.47657606418116,66.23432510383351,66.73556573887397,36.00614051847077,19.023854142039994
2026-04-18,7.481735622177881,8.661131248296202,7.951681967751838,9.627197371317198,9.64647193873614,7.065963094341786,9.903126400928192,5.677401394546298,6.665781700254154,4.557689945950083,4.6029905952308505,3.7428733113339585,3.259516151612463,3.4720224350233573,4.387848858383518,4.650672110199751,4.302552218783876,29.196136650434987,29.834472368318348,39.84564247288315,40.37261987405851,41.20257371865636,17.653103530099276,22.86551955492429
2026-04-19,13.699996221155837,10.29299458996881,7.821318721279887,7.966853899709478,8.134702967148007,7.761222806816913,4.915271804830302,6.460826479011146,5.07476916129235,5.765540831212569,6.718872476625324,5.221941958551954,4.684913806966902,6.417510656278464,7.280569665219015,4.210319836676868,6.906106661312857,24.433446452359163,34.88824822858658,51.410831642058874,59.899405432147375,52.12487002391093,20.39239551582793,22.401575547077123
2026-04-20,16.288409913641303,17.043636681095407,11.858491359559592,8.098216385519196,12.087652916196935,14.84654990470477,20.213286840705916,27.788729254594667,50.493893293693596,30.768856309034966,17.28465117918203,7.388942455827503,6.897593373913385,7.707468414494231,7.329302427861612,8.11932884287126,9.617264676527938,49.147535258844286,64.62866993763069,77.58409196488319,83.60427276719776,77.53869649425415,68.4680831953418,46.14141976026819
2026-04-21,35.40960374627665,25.295310665188616,22.088226351936175,23.766711840619184,22.07713839900939,23.072774102273947,25.0752855072275,19.269623363288737,23.551041336064788,11.025889264567146,8.446504314767065,7.873241051890867,5.8570536854972985,6.222486423222951,7.644755367624308,7.770371460466435,9.009935736549878,37.47961215243135,52.86920000934985,92.76199805928456,94.24838535134523,94.66475772686255,52.29971280184206,45.60674998906182
2026-04-22,26.176038932257068,19.173025352745245,13.662591626993436,10.795462950820669,9.813676596696983,6.669968957173738,6.090548523521114,5.59044748941062,16.65772888603645,3.7079159209190986,4.592061397617739,4.736028571396972,3.834006844063576,3.9384037888075962,4.732868259279708,4.319634965657859,5.1949823860704605,30.25308577266299,47.944193171988594,90.07221372757218,90.26869010992877,64.78968487121296,52.99096322482855,37.56253432417441
2026-04-23,6.715465503732529,5.324617948774359,4.20997356735912,5.894615462835586,5.597067019535465,11.473023030978236,4.711999969655861,-0.014369541310634273,0.758123911698938,0.8304000320685748,1.3741788637533716,0.9956524177738431,1.6744207827813324,1.142385380077084,1.5677708333101146,1.1747738870292783,3.5853948475409996,26.63493050877622,34.74082245394438,64.04755472780262,71.05371912919564,58.97510941610593,28.90719350789896,20.87803140247914
2026-04-24,12.327448001955323,12.42894104111092,15.869957112045963,16.768281742456693,14.632120788525585,15.970511371362617,18.869929256169872,7.595904775852209,6.659163854815122,7.828320785686805,7.294733988737755,7.4330502197554384,6.150197654733044,7.194996409906339,8.637703458648998,8.764369466152468,8.166497021353091,24.16706409352728,32.286931752845234,50.40559138317676,57.0756439450815,39.261529740450904,27.257128566257652,11.671544287208414
2026-04-25,14.409244001000996,11.925323010883242,15.428970904416833,11.89130484335316,12.318463476865153,17.87654287816105,14.15374519982165,8.967259942667374,8.470785579594503,7.792963277944965,7.5585294579340445,7.828428484570385,6.315621740276525,6.436386907654965,6.4766800025433735,6.677734203744147,7.258152557866366,28.778491351070578,32.43598264880367,49.40193503071991,60.44337946688549,46.23056749951619,22.502205225060223,13.601162882623244
2026-04-26,15.835133706473915,11.212652888411485,8.193675564050054,6.262228167510619,6.274079069697374,6.170354264294428,4.408206144294631,2.2375839651047436,1.4573912427206757,0.18911288388823283,0.3974048458624546,0.3974432204284293,-0.14488412214769986,0.18577695667961944,-0.2955133722696657,-0.09538090279302507,0.7165062134704101,22.79980241561688,30.834232221216975,64.46758049132919,66.87501312952723,66.6063980530524,20.65630861611541,15.085026332675477
2026-04-27,12.571877792759958,15.403057598124724,11.165319821826944,12.72329513955992,15.832850176556798,8.84316742228046,8.399786913715573,-0.012843379961659693,3.4229793113447964,3.978365276116229,2.5704246730368006,1.724562692537117,1.3062716270388712,1.9083331264749968,2.110622761087117,2.686898962800724,4.5961126910776215,22.640022277451735,27.701387259247046,41.294483697132605,74.92652149144948,47.97852502890017,31.440502650546538,13.181004642452082
2026-04-28,5.975109076006891,3.7541379401337105,7.482138410737257,8.539295573617222,13.692924479657112,14.024881263294521,12.519326638305673,11.264459290224899,6.20622361492573,3.922871801565292,2.0039230796209666,1.5558195592831197,1.1756932992580276,0.7524767989523137,0.6431680853398648,1.2578910559325038,0.7693867257070336,16.217468024919196,22.978707703285178,40.26866068545406,47.112608040549745,33.85120626412241,7.233128035934162,4.579797232946261
2026-04-29,10.089182390347432,9.824054610746824,7.748261337978577,5.921057644713926,5.100999050628819,5.926976946547215,5.40375426145074,2.3487826537745646,3.2944149457993617,2.172939538038873,0.34543621056569257,0.9215951399632795,0.5200237401966616,0.7551315295486111,1.1062662962555585,1.4590369609992362,1.6743549773253326,16.4189569112369,25.55305051973644,54.649702505388774,60.31733718663523,59.77263178090749,24.99169677576001,13.270088481067937
2026-04-30,17.39366943666295,15.885415137785198,10.233646358173361,8.565967972172333,7.986066870487557,9.544577144047093,7.04124782876079,2.9670568380604387,4.297539963899038,3.5161007382863105,1.3052612159478887,1.261742528829374,0.8540163740935344,1.2807914764964867,1.3862579224308194,1.3162901799035047,1.5486998432799906,19.15097209362813,22.415358474207597,54.312267740750094,64.61149413564412,56.61277723598291,22.61802593537689,7.055896513727945
2026-05-01,6.1698335992847015,6.94455658121494,6.269425979986676,4.630309591035549,2.7037444646866207,2.1166983797309515,1.8573473730257974,1.6494277158546666,1.9852399005629142,1.3052598129675674,1.1028373976163295,1.363581372000169,0.520587263256062,1.0368906554360837,1.4559833617931073,1.4542553934219438,1.1770964789721883,12.391705104247922,13.635471988915718,25.305683960196134,44.20517249929265,26.93952558460478,4.886163465416685,2.0548185173127487
2026-05-02,2.866729181310703,2.8186846798475442,2.9051838602487,2.307011178097024,2.422410470321812,3.0402873325962556,1.9026207400992847,-0.074986412781168,-0.3602406735644649,-0.6154540443858235,0.5327524491028242,0.03574753770653783,0.33797744671873564,0.9236069549498677,0.8392418739421916,0.6357979397765816,0.02932275341882788,7.640618680550753,8.823445382244449,27.354073637705234,29.644269924541234,30.0420305865676,1.5790680689146286,0.4391522599176351
2026-05-03,3.153838509470525,3.736208996347219,2.2197829634503328,2.616288701236447,1.8170837386050531,2.420262593686121,1.7790064417831597,0.9351440941363593,0.640474532529035,0.5014183465840949,0.44381462941100036,0.67139919193549,0.6126495909740248,0.6517900792516209,0.7022009736625506,0.6386069723657997,0.9830222779013198,14.905938673782797,11.646274438877974,11.287521946895357,15.899078769868135,12.79665453156003,2.8814677276685994,2.9233206856398444
2026-05-04,3.613694926197291,3.332643120007418,3.181266174543839,2.936951750053439,1.8592258469435308,3.0206367481836516,2.1851709196391735,4.684633920072078,14.663594844103912,11.850376114279014,6.742456164992796,3.300254647089956,1.8891161835823505,3.0879913252562066,4.319345259830008,4.237401574614994,5.980806153666682,28.53482153491383,32.003600552170155,40.99465965027949,65.75560698361704,49.16737511298817,24.220494009702392,18.202441546828183
2026-05-05,22.927602888609385,19.15439329287879,19.451865499554128,14.373102702353702,19.145836717939556,30.87280744571408,34.66138554696986,25.178735731028013,26.613981895443857,21.4949482816137,12.504129709328698,8.455484572539492,5.429949602078247,8.3805341535949,8.137143961430416,5.401114853228272,6.946927697701594,36.61022816875917,50.53824525240629,81.22428638238338,81.62684708009232,79.13733127408766,65.88781611082914,41.88477506490713
2026-05-06,23.678129431605488,21.46158062413407,17.91131036113057,15.176237696075939,18.855117392144813,21.130117931255647,15.941176143689225,18.064143126899808,32.73095054308987,32.227550020766536,21.697129578737048,14.887313768893936,23.405024981516334,23.038736781743033,13.906935819735127,13.770058538753542,15.05583475027602,54.94478234007521,57.70584054946369,81.7667812884796,89.27349905306527,88.60598454229127,66.14323020265104,39.23796475756537
2026-05-07,13.566340772863253,13.557753282207543,12.339364479412465,11.456471926050959,10.602611917393133,10.326484749799912,18.234625507187946,16.20186442917491,23.936634020524654,25.438491281242232,25.47700547622564,33.88182297481442,15.522543241079678,21.80840733092943,26.399025909497553,20.870829828066032,23.015218806506,38.43704205761452,51.47713305601167,74.14672071289851,87.78581623138663,86.54685437923472,65.80022211094395,44.05726939046286
2026-05-08,13.06348028075204,9.481218626191707,8.804235778706635,10.111094101875274,9.683041208440406,8.878032317890549,7.694447270017096,10.603494732454632,15.903506546184701,21.33436728413963,14.814204893621898,14.582335380349235,13.265610807781236,15.398771541538839,13.306997732855445,11.089975988485877,16.745295086443182,48.15670851340096,47.85142277172004,75.41320173656872,79.94399399919669,80.64517321550808,51.149667077524754,21.650519826345327
2026-05-09,12.389473191877205,8.4925791885152,7.645826998251179,7.382853131387588,7.141166908982476,7.4415134866166825,5.373739929171027,2.204718076241495,1.6337701837834349,0.19607107394014325,0.8764275942022179,1.1667830660770997,1.69039839347893,2.658476809029151,2.843469273540915,2.6035534850203166,2.349741879293854,12.90750115823791,16.169417803881597,40.89465837885612,54.59255958847607,53.45673074367055,13.890579579031039,9.016853775049096
2026-05-10,14.006874993305921,11.42222527886663,10.251563863152837,9.627360723106982,9.661230281320778,11.340931857506304,6.149633030106501,0.5882452750223791,-0.6900685947977336,-0.9179770275072946,-0.3038622115212391,0.04863540950040153,-0.07534257781427003,0.11239932949135431,0.9236757496461357,0.2876311717850899,1.5846778638963959,12.63175000022296,12.420160036827335,32.16372108410854,57.439680238969665,56.87262564536261,5.584675307868613,6.413663428833757
2026-05-11,12.239375295416949,13.249675655781964,12.597763265720788,12.637844119027514,13.845551985607386,14.798352813316557,6.552243706282124,8.570647312531445,23.03707022522524,23.05987843745853,18.878921934835088,14.42691442815825,7.72231446087688,7.5112612435364055,8.532562008437893,5.788900011693628,11.089111241505263,32.670482305562345,54.22678387423369,67.11119909172315,77.454245682515,77.16329065510169,73.03682267331962,17.488702758610717
2026-05-12,16.17101462864425,15.359138032247326,9.872378661537786,10.939718362692915,12.13013391846997,11.770522970596614,10.15192356301512,17.19181271423777,8.612248900251139,11.225708814178523,3.3649585464044014,4.2904430126649755,3.338828471731364,4.495937908872456,4.429651898248993,4.0927122966634695,5.317025202719099,15.331616805538872,23.15124608688764,65.91961638152237,76.75966609770282,74.52517500475473,17.73892839590025,8.229260762617866
2026-05-13,9.004132453258016,2.1113270256331083,3.462968104738462,8.767480964156329,7.8665307984297055,7.559314053420126,4.488867919846214,0.3207857980777369,0.4846848262136122,0.3940450868836236,0.5934643883755493,0.5655088348365562,0.4874548914716954,0.5127766583206568,0.8411449281211578,1.1028254130175645,1.2302063775032341,9.121125104024424,14.651113677945526,21.161237088563123,42.31977871052771,31.509994427785823,14.450655275215516,9.824655124610093
2026-05-14,8.154349290543449,6.315748695190665,6.18530412913103,4.2199879031253795,3.865822850800504,5.5948905343864785,4.901535661774551,3.7231494883776532,2.5997010090437103,2.3209067871708675,-0.13898706242171271,-0.3403774735683939,-0.6364833425934324,-0.6542413275474713,-0.683167848709437,-0.3038710036969566,2.158266961122747,18.987700293970864,22.4450783216458,75.56201424146869,78.50600056558058,77.12376848936812,48.4876273893485,14.621401405028267
2026-05-15,11.686914831737253,10.451401701286073,10.262178084676592,9.55125609635693,8.381687055292522,8.339378539568878,7.835970556047461,4.397683994279178,3.166367527445626,2.7982733322603077,-0.45072767654191515,0.11723593048702985,0.15451627679988955,1.0257298002417203,4.369983584106702,3.061397466306916,4.344612873531952,23.896426450306315,38.31633184821887,53.41089697237732,81.09251268462859,82.60627951310646,64.1210319267152,35.415277321216735
2026-05-16,15.380997710730634,10.293759165506051,10.794710224600093,10.910275978400742,10.434546845279476,10.475372968950227,7.811146142346421,6.091215182655447,6.306638255375307,4.760398598667629,1.692268553425544,1.3707911540276934,0.4781879077778484,0.5915302386440081,1.0127093636112043,2.100271223407293,3.259864534418533,9.761331010435255,15.552385018834503,58.96697699652915,68.84561845462778,68.87053088337464,54.858244046332935,14.544299167034396
2026-05-17,4.266353221363179,2.9384886172099414,4.3332487081880835,5.419902472236264,5.030245907009193,5.326992659489717,2.962803597302084,1.020717235450638,0.1331835343149373,-0.5593358566191946,-0.3588317788311125,-0.5463429906420242,-0.14562488712468286,-0.11666965942909813,-0.7456487026870754,-0.5502655716068268,-0.5929026850488834,4.853888044504642,6.860313690921657,26.563995479999402,51.65476615547641,44.38211887532389,9.6308154359921,12.826405189694999
2026-05-18,9.030067265462044,6.680435717539077,7.738177700110212,6.911990620380603,7.184478296210112,7.030281792892531,6.36509580748479,10.190739441861156,23.79410621021916,15.458987615731788,7.757590905409775,6.952991250360972,3.2300277145719076,3.4317114826149098,3.980573094347592,4.141196958734009,6.7331844947325665,22.9743125787844,43.95221366773532,53.6475147744789,75.18988622631183,70.53900988550353,39.05673839940593,12.14646731349828
2026-05-19,17.050719139503496,14.210498221889646,11.189493910216589,9.04300543296357,10.856976960038551,9.841485192470005,7.544224114134624,7.264766935231942,3.419923036768443,3.6458869177386575,4.677853588081964,5.492687108428209,-0.7569614792263648,0.21317924147743236,2.8322612291489984,3.7031197428397444,4.979688596378021,37.154008879871526,36.44921459209763,80.48366383226316,81.68374010312688,85.28907174329012,61.371424732898305,46.48563200094948
2026-05-20,13.783349598351606,11.86637530733667,9.137784157599176,11.770661035770575,11.077371435228859,7.62886078384715,6.547785543851531,3.3389455211272576,5.654734281026337,6.145372142176524,4.2445425617304124,4.024506418096954,3.8968701565213695,4.146589193399489,4.218190226606465,4.628682779905451,5.390235595414176,21.480756543276083,23.60005838432501,73.22094521251805,84.95578123492953,81.69126176635096,63.501286053219616,46.16279305670844
2026-05-21,14.000004147830435,12.365566526971703,11.575075179231439,10.895514237689614,11.20235759159003,11.070962245245765,9.802110009849246,7.284011972410372,7.812791094416513,8.478592641496174,6.008505219718851,5.639152782676862,5.545131672827082,4.390274688008517,4.326806306442175,5.433549553951887,10.477557839588751,23.366485215114036,26.963974842740566,47.77799542139964,95.83252827999934,95.54603548964647,54.064586178516294,32.53535243646989
2026-05-22,13.628883194490987,10.215637273016382,10.329110697318255,9.68441697653341,10.810439871482709,10.95413888275901,6.970699639462183,10.298589724697276,8.432852153169911,7.8687427018770615,7.214578159824011,6.30634496631762,2.335005667784947,3.6999887586448503,6.209889328153944,5.937379849235212,8.101757814664396,36.46578145871322,56.82779233843273,85.86555942197572,85.95630417312238,86.37032220916926,72.42784408132594,22.667409394387203
2026-05-23,18.963242274755476,9.37853244556456,7.953732516967632,6.923730820476426,8.02252187406597,6.576777238151882,4.417613655566398,1.8773266055785034,0.17258875089791662,0.3054344760499305,0.003561029393688745,0.7339825879218963,-0.3675642421948162,-0.3817287227043842,0.23939166354218375,0.4962469594747736,2.010207482596077,23.677999188802648,28.153773638018563,53.85222239190833,70.43758008408578,65.25039949275457,41.248051497171545,21.860133784176682
2026-05-24,12.400575300532982,5.46215113315276,4.359391259573916,4.851519480080109,5.000533708295739,4.354029756219656,0.3974757296564871,-0.3900474318892672,-0.1544946134037056,-0.28150540647637434,-0.07408485704213151,-0.0699223287021986,-0.07175179027627057,-0.04366213811058956,-0.053281746169411386,-0.14455324124294408,-0.06100036304028943,14.74499956467705,13.284119457390098,17.312684273892646,45.36016359202396,32.0493345031423,7.850884243016414,4.07049361872546
2026-05-25,5.403258057526012,2.99977067314433,3.1901212539626624,5.2789208553620135,5.186627494961688,5.2158865807507295,2.703406972689897,1.710081340715628,5.873585485777205,0.5557204295266447,2.3114834655944723,0.8867108821757165,0.7687902350865347,1.818658227859732,1.3966712511942003,3.3557995307584245,2.9527919401479252,16.561161305203296,26.366155845200932,37.952136623163994,65.12851604965033,56.673262303619175,28.376735536112765,14.220048425626649
2026-05-26,1.831137321812102,1.4721894638899498,2.0630522502661113,1.7733446521785703,1.8007308398013886,1.5339157304874567,1.5811297675066864,1.4367418662592275,0.5782485282528089,0.15043909541549103,0.15980408034725993,0.32069816541541324,-0.23021520852493657,0.011446020818072168,-0.3874267290691571,-0.3517839807142734,0.35506396223707026,11.75226338165756,6.934364083414689,17.85939793287185,32.83444635145307,26.318204834290892,9.897074792139332,6.122071275350489
2026-05-27,3.574828087916442,4.060682541412985,4.218811154444131,4.324603187449745,3.954019266223766,3.952264590730197,2.0182066484123458,1.192658076858536,0.6523017733008141,1.1944434926725227,0.9479041881267776,1.405213540080723,0.0311918689376286,0.6508154922421812,1.2132688870962007,0.9591240624693471,2.5251439302929537,13.427326778953352,17.64951803929102,27.99672104671986,38.038029747454964,35.33750933116981,14.826858471270167,9.878441369834311
2026-05-28,2.127790577036559,2.4510528783912964,1.2369025223805523,1.4310116485439455,0.8066234234233132,0.5217244611970585,0.7727526750223074,0.8661383856840043,2.5932815180246918,1.5870560674587952,0.7432445314258584,0.5079890086615022,0.44064913348662854,0.39400352952102463,0.5375144216961196,0.24016163630362863,-0.17603233738753044,12.499264465828299,17.545065374303757,25.121482243312354,32.5894590331557,29.478396509481254,20.0883437860672,8.64610214560196
2026-05-29,8.233892595339823,5.254593652261026,5.45945117665635,6.449191457634665,5.106150360381589,3.431001780288873,1.275444046756191,0.7674457005736244,1.1125276162001252,1.5744109601094105,1.0331309945897393,1.0141560691027902,0.10998537609527807,0.1267105709164036,0.5849493750338267,0.3770721848191905,0.5321618536563343,5.709880656027745,6.388502739110699,10.854892851068097,14.781348949970763,17.47049189988895,7.787714004355147,6.255776102952285
2026-05-30,2.740676118918812,2.866144487321196,3.2892992879498197,3.129058297849789,4.229946671373194,4.154221373119853,2.793648001769401,0.4824069679775855,0.25008426856172306,0.2574547488224242,0.14559479492458013,0.1570245381234913,-0.3220347706766594,-0.0441462546670891,-0.042847523755483855,-0.06097963175473249,-0.008877643439411317,5.711016046876856,6.764341066149321,13.40125444783119,10.440355997193667,15.46308928951443,6.878774785759688,4.897802553473767
2026-05-31,7.010739476065802,5.855019078628127,5.007307649075849,5.552375562345684,4.189635937667513,3.676068825567735,2.211541163375268,0.22410529150587272,0.08360066900311336,0.07845047992205322,0.13479521884155782,0.113137396406769,0.11885182004677657,0.11150781861070357,0.06723996277025825,0.04912436634675989,-0.23881783353373875,6.393082527186702,8.58339713714206,10.095903016224788,16.696638455798357,20.00310068682383,10.11758964846873,8.106098261757143
2026-06-01,10.012611562776584,10.038031175048324,7.554305051897307,7.62848481219405,7.635087116970533,11.111433986787482,10.21971327720044,2.2557762502801575,1.2261449549043377,1.8518912925187934,0.14932328398061936,0.15155879307279393,0.1700181822947627,0.16516866438719482,0.15030255144745538,-0.08582744942026106,0.7537419104493994,15.318827820482225,17.994333103597327,52.392156241708165,82.85126300859872,82.54706354012616,66.50125871734322,26.211246791442864
2026-06-02,10.050852635863288,8.483616143203859,7.818064308560949,7.904852855148234,7.094639316385432,6.696989663350948,3.2763467179023054,2.015425751226129,0.6826553039299929,0.6592982581550063,0.3647885365230506,0.6255868158157883,2.167202716675174,2.504797352724999,1.0530832357489017,1.3375692111499478,3.7355080267032426,23.598154965387685,38.23858925279952,63.93478379443699,79.05604533325437,75.88355202113893,67.72117768142195,49.69791445447184
2026-06-03,20.636013532809468,16.890234311704326,18.292435859778184,40.39460168651632,39.65231490006481,18.960252759885222,13.624470686386797,8.013244666893064,3.6237593672734225,2.465941944353261,4.09188816337944,3.7837180330698907,3.6848642024064957,3.997457401986011,4.2418588044593575,6.4213801436622635,10.884415111313427,15.289453905834815,25.977173488641164,56.33222681934701,78.40710036945788,71.21620744929864,57.79796469533411,25.32050203911196
2026-06-04,19.290252530840647,10.566892181834152,9.394302476150518,7.877039656669069,5.393714499580739,5.410467372701327,2.3804943582765334,1.3876489011724973,1.5541433424163975,1.1782231202171791,0.8817667328242818,1.1525054725332138,0.6627514864314833,1.169437135776901,1.6196205713664138,1.1851939564235008,3.594505027048898,16.76032305706753,21.946131150969883,59.77407557187263,86.28007328953422,87.75629977937396,58.79432514981182,20.296584333104914
2026-06-05,25.478400170146564,16.595381456808425,15.128671153282834,15.974610499297144,17.166294609060547,16.22369397981016,13.599346639256774,6.931537907160382,8.06543609435978,5.823612847850494,3.854170297257137,4.595048462095989,2.0453011642925913,5.934622044950611,6.361953129556007,5.9204561864185425,11.789318355581079,21.69850096791278,42.55215151013039,77.09502108851231,89.63951792940965,89.28497968673388,69.02334335471258,28.36546548165188
2026-06-06,63.37131725783634,32.32217497804818,22.87231097433492,21.505289202899064,25.188085727791822,25.065828882672356,15.876978686467412,10.969903510840284,8.814220023949302,7.518767618786261,11.020922670225396,11.638289261252975,4.828648440353556,10.545355336057419,7.908933713588098,7.902450684321587,13.435544487899046,49.32253734288495,43.140709520199806,80.23754733417042,86.68954114760687,84.41638229086982,44.04246407998131,35.306184070819384
2026-06-07,54.332043665976926,22.076477103711472,10.132667546310453,19.477674458328803,22.21965362570503,14.36904810215454,10.61196295287731,3.5946903921528497,3.2886754365178685,1.7344194196926548,1.8939954819434726,2.0770111937783664,1.9912170871477874,2.008671584811899,1.4638527397105074,3.3472419022223163,2.131213149439718,16.35545218237599,17.30405814270236,28.084577679131797,70.57746577081144,65.79550093992196,29.418269205274502,17.397716893911902
2026-06-08,5.941356534488543,6.954234322407868,6.247852875245374,9.568592108721102,10.207057714186284,7.268879818822749,2.4586025435419905,1.0812335318861808,2.360648339414085,2.849855839149181,3.0738444169849273,1.6700164553214494,0.9047410096671876,1.0587458500784084,1.6128517502890911,1.556982376923607,6.580931805910025,18.80092121344464,22.10074329613373,35.15957457809151,43.44458920274826,38.12467360659858,25.586162266796357,20.83069633225395
2026-06-09,15.626492998583252,13.430116053965728,14.786899551454404,16.320047833423143,16.78531423125282,11.651458609312456,4.793104169515631,3.793194795356451,6.70741648811842,4.1781767044665115,2.3966117405306444,2.5878263968765514,3.2189073039921863,2.955785986083129,6.050859493618865,6.219966120816892,7.776897178606255,27.863849135879,37.806614279954026,41.91768170332951,74.93962859468151,69.466574981194,39.88885581579831,37.662450274408215
2026-06-10,38.9993767662782,18.171791164558453,16.01320013738759,21.402711170695344,21.692755388299567,16.428711282982356,8.645937904243723,6.790544747994129,14.970073149806804,11.340090003640075,7.855092426566407,10.17866693965771,6.356131630020353,10.545622593457544,14.396753442441048,16.868695480095585,18.93995999570597,47.06362743487237,59.46039770539645,77.64407246389545,88.56553618152907,88.96756440266226,73.18692634193266,43.16729186279231
2026-06-11,57.72853094945737,40.46807559313681,29.01152955078815,35.39155667376002,38.04048697941287,33.54976182849564,22.746964986715074,14.932884809101273,29.183687741606892,22.357112956074502,23.772187696835786,23.275118126954027,21.304015531786266,25.388524707293072,22.31401990813069,32.95083038075709,49.148309503063714,72.22142841410498,77.62153046363653,85.95901551043433,91.26312314484834,91.01620533838387,79.27715432314588,72.00226997205468
2026-06-12,61.66633343063396,43.51086628896816,25.968250001171583,46.78667036938909,45.897646085609395,29.8374153167221,15.561121854915955,9.06289605952835,15.419779936763888,10.866233395384647,10.95137684932286,12.0694846815477,5.934707464245835,10.677743727571878,26.240969560652328,23.352262570541274,23.366708016298084,63.24897693695573,74.0439267656974,84.63197494017183,87.55049225612441,88.05735620760426,69.47751646568378,63.615716785253284
2026-06-13,41.87348492411541,19.676677903002368,17.66695599315911,22.419441790856503,20.67661659170761,22.568067213301024,18.349034930267432,5.994435726437926,3.629502360939062,3.90660418301366,8.054157865505287,8.2557751971136,6.847220673896742,7.7338501902425465,5.47176437156286,7.90610900820598,7.906377874616203,29.12926480081901,33.63455159087525,63.540587071081724,69.21493158377002,67.68632207472284,46.5479790362712,28.607539929333083
2026-06-14,24.21580724821456,19.12376825870278,15.838089943433127,22.39253889048825,17.72635260782681,13.717181036792066,9.537379733718865,2.5628394797876695,-0.08463278521018408,-0.5478543451746626,0.02950507728291125,0.17461029682829388,0.2443994460937556,1.0101788987429798,2.251461856092601,5.156666610156115,6.662880451182806,18.5147377013401,27.210479847946335,44.45722564367829,67.33920244638884,62.70365498451159,41.999237138613594,30.240431015616466
2026-06-15,27.280976301548737,19.00839956048862,14.10991245719049,12.564224904569702,12.815367443328105,14.045958059450992,10.86281577220346,9.761935963607629,12.275902042440904,12.6458676396663,8.258669376188493,8.492069154215953,6.85093674750438,8.16585153848509,22.976551483672946,28.698522386311264,32.17608965619695,40.9804933547087,54.42245285403661,73.35052738464273,85.20167677526022,84.74719559187577,71.51147472411256,60.08261273282023
2026-06-16,34.88934674295575,26.65884434586765,24.911845277026437,30.471450346801813,30.166799279241523,28.289241873103936,21.546615024004822,17.105112510226064,19.05620771796266,16.835475033905478,16.824904812135447,17.688065379202058,15.49767800202655,15.622427018376392,28.18540073657008,22.756197752856025,26.402025854016337,25.363723394717407,44.5942109214564,68.03173259984737,87.46119782836482,87.13595558521824,76.66367897271283,41.77246201110211
2026-06-17,39.916019146487734,37.17279782572721,19.380999058820755,28.78771632955915,27.942033274589466,25.69292621847641,14.651506158555126,7.269017341610735,10.602500642858933,10.401049323172396,5.812612686801583,11.628558744258115,4.977929885222109,11.274018140531355,18.94590728168344,29.53592664724057,38.19591464619166,36.85469761076465,58.472465106136916,85.15107802553788,88.58218739256651,85.67453688761474,69.5618275140274,47.03348584505451
2026-06-18,35.342182634388145,17.946508016447996,8.014513388455471,15.325132182823168,16.66367955074267,10.042034273488515,5.868904484391646,3.3166666049681583,6.646874077209635,6.291489049341798,5.174856300200316,6.645200735299499,3.902430382841012,5.613784916195054,15.82544921339471,16.411097777172603,15.685373454285628,25.710316245733086,36.6146141325284,48.661251582328305,75.24057255166812,81.24751161731207,42.926897621410816,31.371464496548185
2026-06-19,30.042888976054826,18.803331205752098,11.609344522954622,16.031183855603228,10.962664374171291,7.285386741062109,5.93244049196982,3.197438507350499,4.989403867542858,3.635775179650188,3.7954861609602863,7.502651844943397,3.136323335289314,2.8144900920974036,9.014898996107462,10.643330560681491,12.798252532155013,18.088791438595084,22.091492888141516,32.00718034399727,37.0860992745734,31.368918734079063,29.01894342299982,21.149384840387498
2026-06-20,25.202010498599034,14.373358611465038,7.936379437211759,10.923500550000487,11.834476937057554,13.202193447286175,4.9174988129276995,4.295163187607496,4.889034879320324,3.2717384119621706,2.368394383701872,2.4809163921958004,2.5016812038841967,2.506640349168697,5.638465535975679,5.316594147923998,5.104909885052656,13.07028131685408,17.521459352091846,29.398380488601173,43.30623329102496,41.123704378800376,19.307706185324395,13.982963168461708
2026-06-21,15.77982003197789,5.522368984661393,8.010661073497497,9.134448550669324,8.856913005633176,7.294789496571123,5.311434265332177,1.9502976118557969,0.42213997396577047,1.275558194666528,1.2261475218205042,1.1263264259842602,1.2821387614037498,1.2885102012614835,1.7203388581256716,0.9593316323616816,1.057131492763955,8.904218052623108,9.06296013942739,13.382840315785963,28.68335643242625,27.27764428177299,10.448881631277995,6.356115754849813
2026-06-22,14.642346600958803,12.489163895857248,9.848181173776682,10.23871099487938,6.5101324338046025,4.90253299237054,1.9733099305023776,3.0045057533116077,5.735532878758895,4.73979134137429,3.876587820822376,3.6977450514243135,3.2064166281782267,3.7185333785850365,9.697085436308203,11.336137467010696,11.585217437685216,24.336164096168055,38.93260302717887,53.20097082478303,50.24168943153613,42.59535044776607,32.00138437106736,25.826249808620915
2026-06-23,33.893648854103766,27.95303135452945,23.72870380207919,18.436336025552908,22.328768904628568,20.26976816073512,17.576271106563716,9.288182072404743,10.349838661194239,11.241445759951073,9.62759282010303,12.674466724358828,9.143861647153491,13.680892645650708,13.361790484762183,16.27269239741329,20.484402841280062,35.07796731592105,51.712778454192396,57.97181808331956,76.50683359446784,79.29447251965964,59.49649904294716,48.936606161311154
2026-06-24,45.02538568888607,36.99495882946396,37.881929810113895,34.12142753135397,33.84642062136486,33.57935702077793,22.992193972759846,15.808957324466874,26.31131085326587,20.10691627367904,20.20208639056835,21.42031497640048,13.97043416616374,20.751717475973226,23.73691893156761,28.33642345272652,33.261548087040374,47.30580022666167,54.95763562038549,72.09068827409463,87.15638003569035,86.97022044614796,67.5009810620545,49.35464541991016
2026-06-25,55.19185679294908,51.209587172886316,42.09960835127437,39.481543955000696,37.94853385419056,38.65779290163372,32.71874950368099,27.16752973251461,34.58976079529123,20.368668242797185,15.333859905468898,15.226260813014468,11.186599947408304,13.103466697639353,15.491055632139023,31.198390577280872,32.46440673052879,63.585763568146064,65.14135538528134,75.65919017148053,77.1721244036833,79.5605607471103,71.69552257878692,66.8444734570493
2026-06-26,46.4741972197377,38.083060747611285,36.65972471238236,35.995816445004436,34.188232292711426,33.89214627808983,34.85339694644617,9.448668402974468,35.06732480548684,32.1903414003824,12.61135874574384,12.465599921943666,5.808409563757038,7.09814587361029,13.680677634109891,18.597006960427695,27.88598722779401,57.22318545779086,59.64729835367891,67.19917983652856,82.10919183963692,79.2180340937331,48.95036899116789,45.080431471109236
2026-06-27,42.288222973328516,31.804123359145255,32.47537556701885,32.16100979636782,31.84375682039333,31.43844049129813,14.055481993121116,6.115735070359669,9.15112184453929,5.019843159097087,5.188247127082854,5.483364756147452,3.6397034736647798,3.916980494812674,4.513721885142209,7.248656317367685,10.221481014344754,21.508433094533732,29.584099809251725,53.7505468782155,57.36495983627745,57.455626414595955,51.24445338427112,41.15846388283391
2026-06-28,31.514053809706432,34.81347228281016,33.42605750324339,33.58254428574563,33.3371707716714,25.093176228782987,5.972914958764518,1.2730699410404973,1.0066125999527045,0.5357936357135773,0.14121739631473273,0.17402617317083624,0.593918045489544,0.8822571038768852,0.46070848385916247,0.7797477777595659,1.6519741213024244,14.851976679893419,17.72696371342791,35.552867197099644,58.33170925173213,55.771209239649764,38.96588167789753,29.34889347803967
2026-06-29,27.94117655651993,29.990264147436697,31.557447729978847,31.153826116535136,31.33157213732157,26.328599794031824,12.584061520189225,9.773896808633298,19.314944808055206,19.694069290562247,8.726531373786397,8.689407655808074,6.673811294388332,7.398510255229234,9.457935314445342,10.625753828375577,17.019119116109273,37.71202695483135,44.579947224973786,56.819350424405926,50.531748405341446,51.74086569038282,50.68834848999277,50.955695536524814
2026-06-30,47.88976465241228,43.00657437707456,39.19644711623999,36.44629253700365,39.37115629017042,37.95843261982254,24.929997106136675,18.09654051045961,30.859983738410527,29.49463618302977,22.264084067441917,21.75838699706713,12.695839471087123,20.730542895744538,28.048302592777926,25.306582779911825,29.32733045757097,43.66286113205235,58.34706849777283,79.00704218296455,87.47362355117752,87.40727402888774,69.78358697139844,71.51456821785193
2026-07-01,70.65368625864178,54.928967607670266,52.53768889531739,56.48240048200031,55.08012700889998,52.74946716548731,46.380485632099074,24.12169820846382,42.276453993430756,36.535068347479786,32.44617070071597,32.46099895822224,21.29629407575844,31.84768226347023,38.11706362181826,35.766989818143784,48.89589915271018,61.18307999702376,81.13352659970806,86.06659287951868,87.98358303673672,87.76507660245439,80.69089968579699,81.34198724503348
2026-07-02,83.51233290647504,75.93321510067592,72.38378131545058,70.96865131758189,68.36201238973722,68.50318962153911,64.72448135090335,39.73959957916354,54.776712954629986,58.20479925573229,51.94646572964345,53.491019210946845,51.42187448628969,60.1037528975665,60.89690479922042,62.66209805259111,69.08703057677663,81.54578472352779,81.9038899644323,85.28285425297253,88.26384226284213,87.70330394618848,80.5156440962077,79.84521879141423
2026-07-03,81.68020059485649,76.06695921089774,74.56005322434908,73.02516871831831,74.95446246817997,73.16898336387524,69.70452539781175,53.747593150924466,67.56790156700575,64.09389883074817,45.51582760320294,56.76459660837043,40.62224687993626,52.50156138177318,58.81290954382016,62.85896637412012,69.44972337960743,81.81203568142185,74.52694976331725,87.3871952446821,89.31257013134365,88.92245097382965,81.68346498969034,79.60075213963256
2026-07-04,74.74895515799142,70.62547526163661,75.31084981376881,74.79628273630388,79.25771130294795,68.85731031866592,59.782593492871094,36.14613992628431,53.77620542462075,44.849292961672624,32.614465111586306,36.97852214213387,38.418038164708086,43.20494468190443,50.57442395907846,52.86407029258211,48.0834066328539,67.30080525082275,65.47945014007233,78.62924697953194,88.23766531273455,82.00553066822242,67.351336813747,66.14603310964823
2026-07-05,58.71409480498118,58.12153530289717,49.29175433651831,50.12434147586234,49.89896999009096,44.5849038593119,29.26385553423975,17.50737648089251,14.457661275724945,13.856668734321216,12.622457314748086,12.443953012118717,5.768239320924048,15.028767174582553,17.393656650749236,16.84858261039663,11.155102613173588,23.94157183566395,35.55481362173714,47.87222176798144,63.90407953266423,64.32836839915271,57.256532532563064,52.818467006784225
2026-07-06,60.33575877581206,46.31179665023,42.60307429838645,46.00837556569458,45.74318824438206,54.56510305998769,55.220188821928154,17.70711072475329,53.15613324261105,30.357936074197326,23.231251902918594,34.27281643972285,29.467108243478382,34.99241678694524,36.617028917567374,50.70853802715809,58.7980835411258,66.44845217363816,71.30250028819698,81.62117737384888,83.06581602336753,84.65734479521429,77.5248207169547,74.52984522113304
2026-07-07,61.07457913273405,60.691538818185926,57.98615467654507,61.35019959448598,60.657689752923076,58.01334424139279,54.04910040663649,40.61218930972424,53.19597308111985,40.817132566378184,42.81356995455547,42.291238342736825,23.99585156286585,41.36238339804805,52.456140406038394,56.42004753609421,57.71184892335445,63.30203466900952,67.62225318802555,82.55663645816504,89.15359683590577,90.34760288774709,83.858296329229,76.54884954037345
2026-07-08,75.39658967995565,76.38790447277526,73.42065992963018,71.96094031338367,73.41686349780736,69.02185605734306,66.4720277839445,58.295929046659566,56.191865174736336,56.409730087178396,47.47669935290426,50.62640593451954,43.20786253745564,52.81897776880508,58.808851136748785,64.88726850462825,72.04162863748127,78.82663274835615,81.49156851526313,81.56827516158336,88.20655287284252,88.74235365611129,81.83269235990994,77.65373273276911
2026-07-09,76.25002324293341,70.49564109712963,71.4412567719799,73.84422705845348,73.11526849811875,72.40170074782547,68.20460743193765,55.82155182694944,60.11285299708017,52.00825036764596,45.04358758203164,45.10513709508556,31.148322778582965,46.61939619490199,54.39996469500736,55.020576802852695,63.62818413359572,77.26634022218336,73.2120596450881,84.65312437781158,88.11316254577692,88.75109677283204,81.93348930755084,73.01465868051916
2026-07-10,75.87624794781686,73.86664296917903,74.20357952201337,74.65405319411406,79.88166412502106,73.83249430349825,68.47863779889121,55.5330470403634,71.14966213418896,58.16534024147727,49.93909048775555,47.988194223537654,36.142208646357766,40.90234341562201,61.585866159288386,65.73626729022789,69.7911106396351,74.82046095878493,71.6954004058151,78.00215820134254,88.08140171773832,87.89212093139541,77.43433890609359,73.61064843684447
2026-07-11,71.90652581217718,76.0459231043587,70.45610929904628,72.71364096039078,77.93291121352661,72.39594912870169,62.53914300208448,47.17401645182511,53.31563579973176,55.41330458906395,37.70465536590075,37.36974117772101,29.825051374548536,34.53545366402804,47.3756535067074,49.18537556859436,54.96932398201655,51.12545919150446,60.10748121878285,75.35820938260706,86.77769968457926,85.43786887443636,72.58571059823407,68.65940890248946
2026-07-12,75.05687715088608,66.48298549346865,65.60919157800825,66.39519992443311,62.45601879034865,55.78503227325243,42.84978164065348,17.81662161335967,29.27212074864152,19.90792365342422,11.610552155494359,11.527817766341604,4.232039397921006,10.942571169995622,13.622575651506263,11.396347682926427,19.083933374337782,35.44848320563957,59.706315543812444,68.85727353787388,82.65571785281045,87.3304856875127,69.10372219350009,69.57626327307702
2026-07-13,70.95129089956693,71.17137294983381,69.5088374089211,69.15779824225847,67.13342618347478,62.231183591419466,59.122161016744094,51.576751525429735,63.23091661454088,36.41294645345611,33.42698054148819,33.115252491883524,24.96006315445967,32.70148564596374,48.98473445711822,55.53792875751994,55.85528491781764,60.40855679856529,66.18750813455524,78.55096950374055,89.44081576082377,88.74295736809411,77.72331278833485,73.55045717568836
2026-07-14,72.99634381794901,73.5599644993046,72.31108114264708,72.14621049820244,69.92048294660646,61.294850824846215,46.51106909115937,33.31527592560906,46.793044258631575,36.084095404995224,32.85923493704975,38.05685019400343,28.64853513067447,35.75012304488895,41.61496798636609,47.78324694081581,50.83865196778533,60.42900736459887,65.65865725447362,73.10369563980582,87.1466811939542,87.602275275112,75.65444995390516,68.55782617570358
2026-07-15,66.02204849125714,60.107028038630446,56.3081107006868,62.189420058567684,61.224670607451436,58.90185404924676,49.76731246807458,27.151641794358603,37.91489628248883,29.373814965925952,27.72832222244963,27.582754478093324,19.07860690286497,26.839252849057402,29.709051686476965,42.12441471894085,45.325796145570074,62.69211029026078,63.71102529618393,78.15295809537642,90.99683252862735,90.829661665677,70.34338756596378,61.7194570872437
2026-07-16,69.67704492293342,60.55938855343134,56.51266676864715,62.99980290699168,70.21382241705673,64.24509935293149,65.7369014151416,36.33163810510936,44.24827466618456,33.925337873618474,27.980195645579677,26.54639964255636,21.11160470570806,26.36460759569178,49.728137809847965,49.25638907082191,47.6279815601361,46.53802422303894,64.86953957127487,67.2588521703559,88.3415890645085,88.0885401373878,71.29087169108433,67.1379782468189
2026-07-17,70.27419819087538,76.09985869890339,67.35497353760506,66.76071219092232,74.91343548848496,66.59219792618916,52.87196875558517,34.87328647517689,49.808519519318324,41.66032450751501,32.240735923626524,34.49276548239591,20.16236013845746,37.17751983459717,42.3681840279851,49.05311936623602,54.99304473937807,60.49871752949683,63.493744741013906,84.33288558969149,91.00147329610569,89.0053984260968,70.30268824122088,68.43760375305207
2026-07-18,77.34974275714212,70.3891430785833,66.21297213489186,71.08678409417662,72.54529447226999,66.34750326525355,54.5429062914291,24.222675926872814,40.754300205354276,34.77593465084843,31.491356187746348,23.260799390546733,16.572309123056478,24.17728335725086,37.478533688469994,31.003519328533994,41.502961865022556,62.255299330762945,66.74362690830225,71.8764974553579,90.56146171893097,90.9272935858006,75.59337252097247,70.9091839643271
2026-07-19,81.15846486392346,73.515866918204,69.53499813878746,70.03988447685393,71.28815152641381,59.955692237296134,60.23502422004168,30.80898271166825,30.66591495826683,19.77149057419767,11.949367168753565,11.794954638156716,8.48728582448353,13.531776683771431,14.438258928039065,17.526537208813796,25.561541359873694,58.47057169158206,68.06343044074472,78.40322063888775,89.60206508494083,89.93362210373303,80.51554058305553,74.67362884872395
2026-07-20,78.74771943267862,73.61985631489937,67.48811307867342,73.15780054441677,69.7628808593187,69.24391908710919,62.05684682087983,56.45752707120728,54.477022011859155,64.58084327616768,37.18324130992586,32.96659799271036,30.72763066560086,45.3964954835412,60.03543785967996,60.47235115133333,69.77290114178798,72.39763086280068,69.85212886458967,81.52796257075464,90.34187741658457,92.85083983832175,81.20400059876953,77.69183691544568
2026-07-21,82.15430638377106,74.57864990683518,69.55693917998833,74.41801309889439,76.09661537467237,73.3477940008532,65.95264359570712,58.970548819219985,69.76106329014024,65.42325410069526,49.06355691257461,45.33505475811876,34.93878406272378,47.08888960069172,63.83655345188641,65.9060243895444,71.85188362751529,76.2465153540537,75.47341494859268,84.49524521456668,89.66181186414542,92.6001639527935,84.28543840444279,74.61634265334632
2026-07-22,76.5979891405481,75.17565902483598,73.54940001717914,70.90655099683576,70.75779554162368,72.50817677358812,63.60709917147661,58.40869608296225,65.72280714687629,54.903104125111845,41.997391854380396,44.79628391337347,23.755418021041496,38.2566294790571,70.06996400061274,71.68868625773533,73.43442209435999,74.49421447849441,75.34993722080895,88.38920521130193,91.03280751066565,89.74265900517523,80.9666779429212,70.83521186926758
2026-07-23,83.08214109640153,79.53812153209486,70.58063960872406,74.14305425298234,74.18259588067093,74.13084090689314,69.70945183011563,42.42505437371536,67.01423123376593,65.82048222556384,55.36982116076833,58.17674207096248,31.172896401608053,58.467256039505436,61.39272334870282,65.39366401397594,69.33537481042433,77.81181334580357,77.14320745004812,88.61312643349618,91.71962268970836,90.15177372398706,81.91381274484122,74.99573389183928
2026-07-24,82.30628535588927,73.92844374808163,66.24127774019165,74.15859722905245,73.88190506622996,74.34768363107376,67.01355445591551,58.58269408916704,70.99559528075343,64.40925896890789,49.829894210272116,44.28444919570139,36.85254469836023,41.81586297268147,59.503793275940176,61.020468316440535,72.84599342003318,76.71819525199523,73.61165119583748,84.83942886948591,90.91470221139295,90.60364940113273,83.761441171298,72.55472624355008
2026-07-25,77.82897443846048,75.29535269333003,73.12818716042635,70.30260776262166,72.22155198229734,66.61124974159124,68.59000110825082,53.955332302196844,50.491685549913896,50.15062071456857,40.22060381898849,41.388020678351545,29.792018956087993,35.69645546664954,38.27655887470257,42.622766721582416,48.48336394219128,71.62961233188533,73.1785927185722,84.11382391908055,91.19979692566048,89.51603060330307,77.96787447023031,74.64540168471832
2026-07-26,73.28523512413607,69.75611126003548,73.01876884517225,71.3033213529681,68.05089742664003,73.61996291368897,64.89021219770646,54.14481356411863,38.03346858556515,36.1537396559406,39.55169490602705,34.33738570073619,33.08465134295074,44.50604017684337,21.448967459317714,18.3578524622664,39.10945466939606,67.2259501138701,68.98085137129569,77.85069054873199,86.68316979809588,88.7204543668982,78.89413268085661,77.30584586251106
2026-07-27,79.50753673618827,72.53657594420626,70.9861887919902,74.67764652449165,75.21187946127625,71.84745036452132,67.22079026293366,64.38757151555777,68.20356335469343,64.39443080944892,62.600807329061745,50.25057226527762,44.67683231606245,59.50763671063121,61.2123595582017,63.92588603969281,70.14103804111221,75.99440225084253,76.28029099795107,87.12016325017824,86.08664225918794,84.0415940865632,80.47965976711991,76.08655559520814
2026-07-28,76.22965620294165,73.74287540709655,73.13142730484302,67.50119803311583,66.48571599644683,67.52425280609903,62.987518598598996,59.20950386813098,63.22827534994396,60.32274114667325,50.51145509514964,58.221014657648304,42.47552123492695,52.43530836219654,53.547570476273926,51.95968644333012,59.786261333012106,78.091927507483,71.25955359398941,86.91179875285697,93.21867158210968,94.45402972155131,84.83571037992812,76.1531753235994
2026-07-29,77.43626804744152,64.99542814885424,57.81433561304227,66.59984238055183,63.55739850766832,65.94518267416356,69.78466439513545,45.28357023512216,57.37193103128184,50.635503812807364,45.64528702056606,43.291342167811536,34.864804799892944,42.413798040396884,49.906811400304946,46.847142853875894,51.756240666821924,67.66984358249944,70.53570999153685,76.14792429476381,86.73601748948447,83.72833475057061,75.48002360918471,72.04541930315045
2026-07-30,63.377472577077725,51.17022781946176,48.47719103902163,61.71851715719835,64.62491549719867,65.99046605587803,54.134931834123236,37.92611949751873,47.305865903842054,37.615928477092055,33.06419798114497,34.16493082397788,25.73084859793735,30.38800457641001,33.30327333261888,31.663334554158737,38.98421905262621,59.690812476164375,67.60836208085679,75.70645273443101,87.67276354138629,85.7408332265892,65.2753090595259,58.39935383187306
2026-07-31,52.92196501534807,48.73370075643597,50.158663004220884,61.48860332899485,60.10390941701447,58.37362949545739,62.614177479618434,22.679983706517746,45.11967111283818,33.466268944305995,27.464804569421755,27.283039305233405,10.891823520445804,21.11984991286298,25.596710470438268,31.306230736540535,34.0234029725506,53.613402514160434,58.19940465912196,84.26293477754885,87.46238488416691,86.6330171600831,62.973459312747025,53.00783674084271
2026-08-01,51.017501276453046,44.20804422501029,41.96046621769972,43.39417629455999,43.40401808477934,40.95470790914595,41.912685574911876,20.706703306647448,38.055112325656864,34.62816016438223,25.36203679729259,24.11276958390508,7.819046156828864,17.358931037832974,34.97885721288195,25.097757357752574,25.15164990028802,53.68886829348873,59.2747737541579,78.83288995072647,82.75231962572829,82.51695610185746,61.21807344033311,51.90022194394297
2026-08-02,57.320669229001496,53.238754345490996,42.844933479008674,47.67541624658081,57.5239869984114,56.522490962965364,51.710276445862405,23.819388820841787,12.306828939151705,11.10514319189301,2.9735143784464246,7.52337522714074,2.0944066755955744,12.16453720755632,21.64631548468408,18.581779130361255,19.176532359740246,31.779383864239055,60.93661826115825,78.89722050343507,88.97069473864146,83.82901880048641,68.06835461174559,65.09017524150839
2026-08-03,75.16380883628587,68.77199662686859,64.32765597850558,64.21643465160868,67.70740170089117,64.42729079739055,62.23130624802974,59.18488036350481,65.08127932345995,61.39026798101955,36.21135863374296,34.34705947138967,29.78688504066826,37.4131106661367,40.242020342436334,51.02812917256369,65.29808597005072,76.11807966391049,65.71154723335599,80.17827846676535,85.60948674756452,86.58092648994226,79.13849048525594,76.373867970463
2026-08-04,75.90653381513482,71.12139984833169,65.96536234531908,73.85450896297382,70.11637517941791,69.28568414234523,69.77736220561954,59.23380209114891,62.844546528445576,61.086103423524555,50.109555773862375,49.29523701037467,30.29100380515822,44.04399921642174,58.53510096805759,63.016660331796395,65.1371910674709,71.7510069451399,76.26870759844618,87.55506718432117,88.67270189069339,87.77364257147632,71.71755631271151,68.41634991535632
2026-08-05,70.61882320611396,68.27984804393505,67.36822021829428,62.38713296847339,66.57291368775877,66.10160608147017,66.40078210877655,53.125579251700735,60.53618540671389,56.25802448875653,38.605367402087715,36.42832951292624,34.40220441138681,37.08374371574134,35.33104687479249,44.00096026785244,47.761928454907704,72.75006070401291,74.00485231148802,92.1468030729599,90.3296710257396,90.84078104892211,75.79644044145967,72.1447469284409
2026-08-06,72.43361586378691,68.47417080998397,71.68825184340564,67.6230304304821,70.41067797355105,70.5672328507226,67.10909385051124,57.47252292769943,65.87196805505604,64.59180290487724,43.48438171846191,42.12270523660819,37.712417300310456,42.03527561835784,53.1698972424761,60.61554065505172,70.51557937047815,73.62751828117675,73.4212293942356,84.71275744165408,88.10514654198002,88.0089852349809,74.3200354884987,74.07367367800637
2026-08-07,74.6925129231747,67.7119212015397,67.90819120275826,72.25750440026317,72.72141522611307,72.93991976588924,68.68453640328354,60.4299544962582,72.35065504911245,68.9080125668471,57.81117561194084,55.743183086451886,42.22229885379492,50.33897118929964,61.21953535872173,65.36093490585546,70.77424726155506,77.11666508360912,75.69942327886757,88.39327039759591,91.23835220447552,88.70347351370305,78.8820452908218,74.43572996167018
2026-08-08,74.76901766647397,73.49571751746373,71.66754146788179,68.48779995417388,72.59818254984633,72.66839768949639,70.45254943784163,52.01161688838662,51.2302526573791,48.733295499953314,37.04213568073874,36.59174556879344,21.515134847271007,31.22607979730217,38.65115960148382,41.19233689959209,62.609208144159496,75.92475570152338,76.42536085036232,87.88005723307171,91.36902448397649,88.09551831787901,82.41670080929755,71.8952935906287
2026-08-09,78.75286278104367,71.62026315196555,64.64026753252078,62.31431171801028,61.114658056211894,63.76725209186609,64.49680214563124,35.279206880801084,19.092866475588,12.965422912332263,10.973009657181546,14.564515668354407,5.409276359325077,11.994387331415508,11.172862605840178,17.40934851422314,23.749858808591334,47.886474737905296,66.9562775080749,78.84328657032115,84.82046875870019,83.54700905197213,69.24222353014201,66.3935126848977
2026-08-10,71.8712635189279,61.2524033864749,57.04251307853954,53.99599291948338,45.20888963258126,48.95396654174768,49.915942704789884,35.24969583190019,55.67633480739554,58.003695640015636,47.77245582389583,46.69400760122182,33.080798140445154,49.43570257061464,52.322237597113975,50.15292650247542,49.25119566715252,70.805288982215,74.01510425409306,85.42202819607431,87.547549401489,86.04873242577068,75.93223682043678,73.87626887288123
2026-08-11,70.31706498860468,62.30688994361692,56.88145814075738,54.12141495733483,56.623028912212156,55.28522093235413,58.937975533657564,32.30803045868195,52.5890772274688,51.597633552449345,43.098657048533866,46.29504970327168,39.69042444761341,49.66725162257818,57.25422203310149,60.19617546911561,68.36353703299255,79.64446891022061,77.83662850924881,85.35669981300123,89.53787444021532,86.13983938584104,73.53797711592593,73.26537169514471
2026-08-12,74.19998665792897,69.63315633492479,65.73578348782496,62.938839525335005,65.14807565399832,65.99210638740144,63.68254100335424,59.99060975213271,67.76065875532946,64.77078306188062,58.77800959586443,58.233416265629714,49.65287507447111,60.17363018284124,60.583125490263605,61.00642318500768,66.0572569568967,77.44995861606124,77.2737907333952,84.67692278161383,90.83310244829809,86.0184518039217,71.58269477614047,71.75786493209881
2026-08-13,75.49966729957328,69.17363623213956,65.948276921852,66.23451541586454,66.52188992474693,67.94565132977196,58.53351251036789,48.41292068382616,62.956649341121405,57.56270065641186,56.35577210137477,50.87716428292586,36.634316245942536,47.894074328694884,54.92094828911675,57.679489289418996,53.09103949222266,80.30829005896469,73.19317575634976,79.25538670640516,86.112846045462,79.70831173770993,70.36462784725254,68.30011184500425
2026-08-14,64.8861189568419,60.38043267753632,56.47306439638474,57.323639929700306,52.77797020404417,53.49730477105529,46.77770823874159,44.05951813311924,54.05538328189466,49.967447508978005,48.166932423742786,47.462070770296855,36.249960955280066,46.87927239756798,46.799777086776665,49.99412266797665,54.68099586304524,61.31471451492248,61.62172350834227,81.54497085757443,84.6262664334847,81.46999184923092,67.1689052045099,63.77595818720551
2026-08-15,67.48539536264974,61.24260261765326,51.79994364568076,51.40905746919589,50.41601732233794,51.19721850873086,45.682881168182,28.391956626864598,36.78955058357853,33.21493517820882,35.993168377104126,38.06718178891368,25.894510615022277,36.868125596006976,41.42288682535029,39.88308140057607,39.97918194518856,61.79386486994773,71.18584179575225,80.53449895198034,84.03669378098864,82.52482578877331,69.43250161881765,63.96686304889571
2026-08-16,69.27420909860764,57.6943583284185,55.05152738074133,52.9906660636285,49.389964165691644,50.472832366099354,41.71760383452178,34.8467239923789,29.36272490703736,21.844763187456845,10.046633377660187,12.876803432000392,6.045677369038638,14.276121973700786,23.564976298666828,22.339959503156788,35.75875849932983,40.86016632000527,65.22647725770142,77.3558411240111,82.71211811491366,78.942318842967,68.76568802891519,66.47518822241422
2026-08-17,71.16901502836863,67.77573545375442,66.28589483288049,65.50975711528298,65.54611802021773,70.4173164616954,69.62746881079464,65.21269833438222,69.08213826246049,68.99792211615357,65.98802454533268,66.89502396854503,54.38396553331314,63.356141457060744,71.713972855616,66.91792571560549,74.33263582062307,79.55086720716321,79.69068377692017,80.20591579448643,84.90544818449584,82.6746559859088,76.42656817211413,77.23850267891754
2026-08-18,78.63074789186257,71.81905610439381,70.12084528356006,70.22408110918148,68.2778600028167,70.33624591484335,70.1352259332092,65.91412946938595,70.92378825203836,67.08100385242007,63.70068647379399,62.44298421165831,52.15985135240617,63.295615863241416,68.43712447440025,66.08979675135308,67.52439760328349,80.84015870257714,77.94576820432187,86.19762757391507,90.05476520152652,88.66094844364068,75.79211026180953,73.88964594032676
2026-08-19,80.81233173035874,72.55918195564618,71.10061881467303,71.28014277973634,71.61273107187075,72.63316875650555,71.29578984760256,65.36305108155359,76.61960234379552,62.19082914678253,54.29487883804581,54.92004739881197,41.3928288820702,56.625255359526804,64.50836024905185,65.40269520227994,70.17292426424,81.27343249954511,78.50966463991922,91.09916660773204,89.97782010998476,92.60637047523723,74.29038783365502,73.65147917750559
2026-08-20,73.11074668180477,71.9295887947623,68.34277538706205,67.0104980472221,68.02051177457277,71.15877681058076,68.7254382421727,62.30545194397057,66.9508283475841,59.38183938844934,48.38879489868544,49.038586530228166,39.240788567247954,52.61883351533605,56.21738089457726,49.069627371683545,64.23287209472602,79.27091561878922,72.82835092911098,86.210908435652,86.13475961234381,82.18717967957768,70.60323719804411,69.1681401324
2026-08-21,73.72679362666698,71.80732690361249,69.67019897388185,65.26115933511453,64.78460661680991,67.31318221473519,65.22491023576414,55.41594344924776,62.63768971291316,58.53759836582953,49.65637319186411,47.58952835284803,35.14391697205075,47.21542880683068,56.6318779675011,63.72501436920712,68.3249640843913,73.05663649562824,77.06293352779387,89.67376116870774,88.29453692295425,83.18653580671803,73.28473312298244,72.58423493089184
2026-08-22,74.05894454350515,72.60454083659371,68.29048557070344,67.98140863558655,67.78560630226457,69.60925969533614,68.21621815737859,56.24088510737069,48.75440481672896,43.612529379715944,35.60324814628324,36.07912416982198,20.341941573703597,35.549978498759415,40.784521976493565,54.41148269080875,65.60928444164263,72.70572872196607,75.15154501560423,87.92585331576021,86.44194222820978,86.96929074797757,74.70620731472613,73.20193415137729
2026-08-23,74.35649000657514,74.26202389177708,71.20502996421939,71.05669321402713,67.67373778456363,72.89916084680775,76.27547549184654,62.65944665346538,38.64539103992362,30.61602958874264,21.046949626154515,28.67131428399078,17.73618396879016,34.30165591555175,32.599361417694375,34.058627453057355,35.720793592328874,59.616089282487884,73.64249184391828,85.09039745127859,87.68201243277142,85.71081132029772,73.1791181204081,68.44866517833555
2026-08-24,71.88291722687333,69.50736224363281,66.07634549290067,68.53645919736378,69.01620436529628,70.1188459132667,70.69432491515353,57.806928956496414,74.94302279153865,49.28345503457726,34.37682618303718,35.05252866147029,24.438599728644938,37.527914396008406,48.429489320432566,51.27107472612338,56.282873216685196,77.21151705894363,76.79360607926911,83.27195565989668,84.92268182132189,84.00614491394116,73.64557124057617,69.96316937637991
2026-08-25,75.44338494089364,65.34222706235876,64.25410214054172,62.14924472291954,63.13346301782863,67.4470015950057,65.85729592550281,58.32854185898065,64.59862000349986,50.012269563697785,45.659988221808966,51.2583333859909,39.064693127617595,49.940078141080214,58.01362004536073,60.97339036055193,65.86926711774016,78.20631121958384,80.48338525023811,87.28719881270422,88.8016570877658,86.55384381436504,72.56192172949473,72.61883675811943
2026-08-26,75.36079159665341,69.86687371863037,67.56928972939693,65.90776333357812,65.74755081028785,67.74285440745231,65.81704520240152,59.92785824213374,67.57516169957,57.48928633232402,52.66389500520486,53.018252242604156,39.19421149953821,60.68580330470355,62.44405833467597,64.11326921776379,68.85247631628111,76.83338260013858,75.36930806050954,84.60654724827718,88.93776696231727,81.43888462194916,74.83974883104617,73.87591337153094
2026-08-27,75.43141567283958,70.45449182683552,67.64045772954185,65.96092906526195,65.0950363505473,68.17309422495606,67.73464301111964,62.04941684175621,70.05065694215534,65.70010247306611,63.241459637771236,59.022965557758894,40.4620753423777,55.81967403966727,61.669655918813575,64.18360211241828,71.70182704251992,83.1610690742223,84.61176130462573,88.58030027699525,89.27140088843407,86.76544326521875,75.34367343621865,74.33280579881536
