,h00,h01,h02,h03,h04,h05,h06,h07,h08,h09,h10,h11,h12,h13,h14,h15,h16,h17,h18,h19,h20,h21,h22,h23
2023-08-01,82.65074008276459,82.21745930429948,75.2748919296435,71.875098504413,70.80060751459372,68.44810233682752,70.73174140122478,68.05118071549255,92.70308204699118,89.03285551674702,85.82224591156013,83.81407845608109,74.16042777834832,76.6819836194836,85.8956174219044,87.98592369678755,88.09657837058064,87.00502027244809,94.23065059407747,97.8122639007769,96.27210021062471,95.98422172203438,89.65835228015179,86.00184240150556
2023-08-02,90.71636894846378,82.48431324713042,76.72644791095243,75.45254563674354,70.98990272459771,69.57435833607283,67.05035627329376,67.78206277498532,91.27576139160054,87.55430494037921,82.67445199544802,87.37571523786853,70.80215351350803,79.6517649279237,90.12479056395969,92.84489264136634,94.86181616271165,96.52675929409249,99.61294258198306,100.38125051698147,96.92295478447198,96.06032608040587,90.90261229555074,85.90095006736163
2023-08-03,91.03862340754739,85.09065895843304,81.79767293612869,74.32465350442506,77.62649489780905,70.91195390051209,69.77655868079319,73.80738078632167,98.79339194428637,97.19220099917402,94.5519422316016,91.26569683901988,79.02245625192215,82.26817076915073,91.76029766900822,92.36502246487898,91.52014398902409,91.77012466783744,93.07755322229328,96.00094917499023,96.7738996102015,96.31791671342637,91.63157950384814,87.19654048475806
2023-08-04,87.22759982925378,79.23116021331927,70.52359810094435,70.51251490204089,72.75525239874223,72.14815787214438,71.60470768529613,72.98414776600438,94.41564150117924,94.6951505143873,91.33531686403903,90.37165851127546,71.11126406092038,74.53096480877211,93.02747387224545,95.01746759741287,91.2661332389302,90.76657386046818,92.44424142858237,95.53678885353156,95.03608386538791,94.80258249335805,82.94400201528558,76.73511611682646
2023-08-05,84.50974557930354,76.8535470348827,73.02413013205644,70.28589383424348,69.41853369192319,67.46717855867205,68.19182619228988,66.7107999331634,92.00062029283325,92.29992780429939,88.19002256183902,87.35069802987205,68.78518939328544,70.68692116434656,89.0246355343977,88.70435279165272,87.55096547709836,85.2109340712553,90.27415836914324,98.11575031223404,96.15967933636661,91.30632583379331,82.39333163838552,82.44680430516458
2023-08-06,86.63412675017108,77.53225549879313,73.3924942375533,69.94560404040544,68.83857370962562,68.4790658515844,70.26515941526436,61.336744771884774,75.9964861407212,60.6219598029535,55.102638184452466,56.92860880064021,48.83607700389015,48.920366623227565,59.13369894967295,68.37587648315632,65.35619678150917,81.28426820274056,89.83698793152232,97.04502013631136,93.93860280263115,95.32546663324797,86.95412974124308,84.10256951391727
2023-08-07,90.71109838632995,87.18950042189044,87.05076984861347,77.42159123275364,76.0011511280862,75.36886381434257,75.30556059492804,68.85960691799541,88.74646511943921,89.01781986872027,83.15101718344066,91.5868974544162,71.78002521121432,78.64130145329402,86.54167365285342,93.05463166930986,87.93851500866023,87.21355313243707,92.00808984888808,97.0722043878307,97.60388164728366,97.18390148200025,92.52638867924219,88.53695273540906
2023-08-08,93.91657686234448,84.19930804717659,78.42789365642547,77.73379299443572,77.44413893013031,70.47915108006826,70.79093079689808,70.94635069998144,89.3752542013084,90.40521147556943,87.55658710854819,86.8575415977796,80.04518356428142,78.92893700054248,92.52176381227108,89.31775343395549,88.36078988568907,94.08464053838338,94.56714316336496,95.3966835309015,96.50786968756435,94.68465913109577,79.67964222925934,79.28240741598688
2023-08-09,81.83611891395728,82.13055228856928,76.34758747180922,74.79529144567519,74.34254335163021,69.27638457019427,68.87517330613001,68.27300957419992,86.27350285015183,84.04400583302053,83.62874169226525,83.377701201906,75.24292659373482,83.25295429570438,89.65321217672668,90.78343044281507,90.80141833596973,88.73357882482854,89.24690891662107,89.78405357042888,91.49301430529671,91.94774038123843,84.73647582024734,81.24928555410003
2023-08-10,88.24327257044894,82.14041385180326,77.25341331479659,75.65932063985282,74.13620585482772,73.82315122783933,73.29132474535119,70.6384840260872,94.73337614359852,91.2926163383154,87.40901286406663,87.3462594707725,75.10029249011781,81.77051169393876,92.36665267264095,89.29380680032519,88.78018348302727,91.68703031082481,91.25679372599065,91.47679166422971,94.10089953923192,95.11135871733465,94.01014921185592,86.90014961411997
2023-08-11,87.88355516490307,84.5475504012891,76.09195330661605,73.5021268537909,72.95624279728204,70.29045827118,67.75173463752816,67.65864538606911,93.62506036482303,91.14325646329368,88.87389227342672,87.01671387506737,74.56741195723056,79.64655896156479,88.40001029864337,90.05065245290646,93.87850227585267,89.53216903675899,91.90561287306834,89.53839003059073,91.71315808016197,93.2220870659192,84.28266844848183,81.1379059381631
2023-08-12,83.28791127233693,77.61924838193144,72.6983088788736,68.7413607932106,67.97896343052096,66.43324938513425,65.34254839494432,62.785689395040045,82.94616636474207,81.59938321337268,80.06223602607075,79.65434979094614,66.56769848963957,74.20043124836437,81.30628611142127,80.78699444009365,78.16076295757917,83.30972255700667,85.13831218495632,88.29143851058531,90.80216157678029,90.43085963047227,80.60922865531255,81.59720947978212
2023-08-13,82.25834203229492,80.57901928287795,79.64635769666766,76.67162390895909,73.44705298315692,70.65823668756587,68.39764013342176,60.21539147880705,65.34208534604336,57.4848024493838,59.16717399802766,59.11119970079021,54.426352087639884,60.26715551441346,59.893562871005265,62.00787029223807,63.95114248374135,71.15879332905108,77.56416377113626,85.26783093619257,87.50670613201882,85.85935750485754,74.56358447609436,75.526051583121
2023-08-14,87.2606224072919,79.98088563544474,73.9173907876885,74.2845011168611,72.69648089645291,72.95293951270298,71.44255319355281,68.53652769616114,94.50114930390113,97.5369221015277,97.1793856339665,97.11802842503855,85.30182631983341,94.66789053893105,97.58676110135916,91.86682535299929,92.75426850999064,91.81015829335155,92.74147935473276,91.74817872636811,96.53071086526796,97.26556399190612,94.21420638224299,89.80420135490944
2023-08-15,86.86464223466615,83.92986095237718,75.62213479746163,73.6465974587886,69.50600407159128,69.35625929476684,67.54203180110554,65.5494930712742,84.56179332584756,87.90046445843979,82.51291857325126,80.66548473406536,71.73854764728682,77.62499814874218,86.93642971222481,90.16933851274328,89.98266811265303,88.41347107629264,89.74966066797963,87.65179596177731,93.9940171357918,88.78334791991739,87.11134821529411,85.85874839769781
2023-08-16,95.30159754290293,90.15740508119003,82.06184257410159,76.67284599076868,75.22192547477201,71.4112882337413,69.8829856986042,70.33199650400499,91.58566794732108,93.21820237455445,93.44100526137382,93.60783455970736,82.8850134508625,92.88668321375226,96.24727181111848,95.70510671992936,95.17103050249875,95.09893050812384,95.38614623943526,97.46823633152115,99.76454538585884,97.72683469629509,91.36917080827776,89.39649142850007
2023-08-17,93.28369093150631,89.41100207560329,79.97409398450833,74.45836427760187,72.42502121238232,72.26031941211244,71.08907545225625,73.3762735007373,93.46813972018332,93.74747179929015,93.02171480781008,94.5035610110642,88.62952059062283,91.86911327436808,92.32336063051308,92.68396720112048,92.70061625922641,94.47643950499541,92.91491078480648,96.33845337666827,97.98398653477615,97.37643431276649,93.892590716651,92.46204679873944
2023-08-18,97.52559236432059,95.97089872124617,81.10941778583656,77.92607599739209,74.89636992510191,71.19401857307656,69.04484272741732,70.68021844515253,96.28594225318066,96.07969325170444,96.38603274126982,96.29287114030245,92.70172440529606,97.34518756337812,97.41743730483526,93.58306617332241,96.41716065249103,95.96651937211064,95.85197168707387,97.44261488635935,97.50458463430557,97.67316737554425,94.17022032529395,95.507196449055
2023-08-19,92.36784726954436,89.54729053110533,79.1061827783424,81.37758825636071,75.92804188289236,72.5689790990351,71.00616146659075,67.86820055106756,90.4020519329339,93.38025924176101,89.54554574400606,88.09940379402157,73.09587575352926,74.59462907061514,85.93040939186673,90.60632547740246,89.38870345104898,89.17349286835001,88.8798299104669,93.17588783682052,95.95661730692625,95.25255131051902,88.58874236722286,86.64803843574559
2023-08-20,96.93828958416113,90.79997391714562,90.8240774079588,79.11242786213549,77.43202524018504,77.1583108558625,72.13422904946066,58.119578328681854,84.38708958328529,77.67564311425532,68.52113280395184,74.01432808105605,65.73151473543243,68.58422651442812,74.20863266698899,75.75976375744877,77.22120657717483,89.7086924671925,92.01658581011888,96.18480943217781,93.93345915862943,95.86178709367411,92.52311181534846,87.60266133674409
2023-08-21,86.22430002073314,75.96439398871883,71.74710835664473,70.45247714658652,70.94634327941836,68.11531339780296,66.30022041795321,64.74950280248474,78.67824007059865,85.32656548259108,81.3345024845135,77.17580850581095,71.22527637451675,76.78480553492913,84.59444151129338,86.5623034346842,86.50889434340343,87.20752607445014,93.8172699523637,95.05178151921761,95.71565836291448,93.67036252242765,86.79803182513335,82.3609827056942
2023-08-22,91.67000399054456,89.16668633121284,79.01376976160124,73.46041081762992,71.4956628414914,69.83903720372034,71.2870868208216,67.49918340755043,92.33175170522861,92.715348055146,92.9524158958948,91.64026957266968,78.19170525052206,90.68616078677022,89.8294730226177,90.33360447836337,87.09507557450108,91.8666219060289,96.3479282253479,98.87392398656993,100.10266127150916,99.84680942298313,89.58953294490883,87.19156066953018
2023-08-23,93.71680514147353,89.21777866790283,78.64126359206712,72.68751295074172,69.19685742369829,70.67845858232452,69.45257788167392,67.18687055212989,92.21046497658341,99.07020707561686,100.18225596663021,98.42490276502238,89.10568286680885,92.9673409195312,98.60362371261468,99.73722452032584,101.52631178089213,101.75463795936709,100.5576627060173,101.36159836181663,99.8615446120788,99.7273985681813,95.76724592405945,94.74575233099154
2023-08-24,89.303901067068,87.19324506682968,78.78560182531622,78.04863996416078,72.25715641241162,69.56117575273882,67.2655845024347,67.0926154620193,88.98850398088484,94.07456039902428,93.71020264373692,93.41929661076026,81.3956431383348,87.71701200439406,92.69940163175754,97.78580880212348,97.90918773267201,100.41938060078976,100.69756267353571,100.61381492762682,100.28042616805234,96.35140208621594,95.08322265478867,91.96985326390416
2023-08-25,91.93249632124508,81.37879127577321,75.93240915330774,70.25722262984938,70.97719523161986,69.79872291017472,70.40823160567531,67.31120206526296,84.7203144395894,94.3967040291305,93.9008456868431,92.73378128765036,81.66749526034874,85.30943622612591,93.08370804599255,95.15763031480098,94.45078801007897,95.45701098623015,96.45894952897588,96.75765931872965,100.5556636509227,96.63310161307297,94.23693603533918,88.25239515059192
2023-08-26,101.300279748599,84.0999471340559,82.70142235514126,74.37171333784553,74.56834491960527,74.58431699391525,70.1031243691958,66.10499230629509,85.9176610350076,93.5457462584602,84.45523049250464,90.48446772995561,73.09415371124386,74.9775451077809,83.94949788674573,87.19975824592765,88.19342636449831,96.49821495182451,100.47864273025297,101.37477338454673,101.19278093371784,101.78616662054193,94.52522907624166,84.94009365464426
2023-08-27,92.35251237959635,78.74361386995164,72.80392863291547,69.78195361711231,70.18160946936226,69.97184154169055,70.28721972541652,56.389282091808525,70.41972617186873,67.26873260325164,65.16045818816747,63.49776340810026,55.83341753671879,63.07357687798113,65.0969451929844,65.25965478659445,65.07175476115079,77.4599616667177,97.15686995512625,99.64810821405166,99.72013924813837,99.86569256876565,85.51470581222311,79.93856907039353
2023-08-28,86.25896980259674,81.06231735658682,74.085074200604,74.3844687385287,74.14148316995612,72.12309685356749,72.7923817628445,64.78090699691153,79.36123015737105,85.54187446148686,90.42736357422454,87.74793380711806,79.10223669764696,82.41166250926624,89.03095205216188,91.11074977490156,90.7235464158276,92.11431179031204,91.32911719587581,97.24194711611851,97.31779472160844,96.75061347249029,90.19424195219705,88.02606958799315
2023-08-29,91.52605208579018,82.52776252652312,77.66575617958989,73.863647800071,73.98082890482289,72.83916979903431,72.26643185954002,74.24580046727408,83.91689540139494,97.98869997450078,99.56147085007393,99.11931553867133,87.59032967813879,92.46636861672589,99.14505232032054,98.10268272947846,99.44444458174392,99.20059004750946,98.96265639765072,101.49310177263028,101.40035870134712,99.23100992168767,96.94416013204139,93.9064021535809
2023-08-30,88.76910831766074,87.7364297202472,78.6586654909109,72.18794387180188,75.7732044700212,75.22171505622981,75.12526654212982,74.56225808270486,88.31392283568543,97.25709033604109,97.28852934817077,97.69107732369251,84.08901831473348,89.78278293384668,98.52372308401749,100.98282209806057,103.11043409691995,102.2915844908237,102.20204434710455,102.12256722344662,101.7512427643077,99.45503679412212,98.57155705434931,95.84689988650318
2023-08-31,88.46327316863719,82.56489072594286,75.79698842828158,74.07638377001433,75.1331359999259,74.87567468716429,73.55542566280225,68.47637849762539,83.01670414433875,85.89928501254128,82.96330797217793,81.83637527247338,76.09073416955698,79.19830585807969,84.78414516725698,88.95886170782059,91.8031426442613,97.49006453056619,99.0684755115876,98.12127446870839,96.96679714622061,96.8962904007375,89.00803561744151,86.61667579834867
2023-09-01,92.85253123953798,82.45062745308226,77.39628765525087,72.78899198695763,71.96178376548545,71.39299602113344,72.57140862900837,70.3198741309215,89.07226497756788,89.57528786946415,89.03188640226618,89.69591908307713,79.77665215117442,85.36081933708174,93.19079619546389,94.42827876214119,95.85969920438946,98.61491983050088,102.37964404402608,101.29752934988406,101.79238701228542,101.29908514504153,93.63381247578593,85.15041741044963
2023-09-02,93.92380841563482,79.35616854974923,74.77980944934491,70.99547215539407,72.50623121142537,72.36885529147982,70.6914899996615,67.57165949994396,86.20657744642972,87.58485096515209,83.11362937624645,78.4088874343963,65.63990367838845,70.60977752194886,76.19066226731667,77.05830585105092,77.44257212390978,93.67192188146599,99.12993846967859,99.34893729826993,99.11239021880526,98.76330548492871,82.27295101710472,78.35219711115393
2023-09-03,76.69422138854459,70.84848409218652,68.81026358458118,68.90102878491771,68.41956333588976,69.11858693041019,68.3364379917795,56.04710549971306,55.36236947615014,56.02135208146531,53.84753244212125,56.155488857438954,49.16966008159186,61.712283927812756,66.21192859497961,69.72771778395114,73.41591826195392,69.44210134936552,89.30224605473646,92.96935520553532,92.87309689379279,87.3218190674535,78.15096831976561,70.75824332799999
2023-09-04,84.24166041578339,75.2463200046064,70.89192128544292,68.45937841486433,66.84313290446211,66.79395194140204,63.027021173567924,64.80727486940992,73.54943856335872,83.35203215261168,84.14641693358425,80.98079950525471,67.80331737733526,83.00827805367798,86.41178520080732,85.81380598471593,88.48294548290104,88.08286420038007,88.4406539750053,93.44419193165906,95.07164486514172,88.22663370710055,84.25241899660098,81.14958622053103
2023-09-05,80.52631539688731,77.7362001136791,71.97874385414498,68.74620097343175,69.52115826361495,72.45419890116422,75.80359845426531,70.73813982557022,80.03179070605675,83.56823331675844,83.7159693732004,86.18495005578853,76.62650153312885,87.6078206114136,91.86638457556786,87.73478362689042,91.44705061926939,92.76162017264133,89.18485992648337,94.1860229005409,94.22875180679122,84.48766609434837,80.60229892684886,84.14978721235263
2023-09-06,84.64839097145125,75.3766797019497,70.1879213111642,68.2193112596784,66.6694806021712,67.44927993039414,67.48521519404474,62.25302352496357,72.42983080049002,79.6686319639462,78.23264332206159,81.60656727902588,64.24532442820632,75.53681647321694,77.87398598988494,86.1264065091488,86.24791846069837,91.78520413064858,91.84587962458167,93.57601702589584,93.46813001845251,93.6124627099423,81.33564034860575,77.94618921630291
2023-09-07,83.37221234179584,78.50875111805625,72.46169323153808,65.83462714582791,70.30319496775802,72.23228218012605,72.55304721070006,71.14282652977457,83.48182727616803,88.97475369241845,88.79094338150614,85.97014056366397,71.02587525236073,84.72280725280028,83.70692832076135,89.05388142844588,91.2790858929476,96.49744449581557,96.04879754645717,97.81699243410651,96.79534763235795,91.57787864847806,84.95012710195883,80.33112998915412
2023-09-08,79.46264297239694,75.88813064341561,69.99808457706035,66.62791894907505,65.4856370463206,65.99837022676296,65.46778488181255,62.999986554191516,76.54030621692134,78.6340086602777,80.8723143647894,79.47692104039763,70.1946169089665,74.18240394726566,80.22187153933831,83.10096448758915,85.61599843958868,88.95312903562693,88.11201042108621,89.81781156981462,90.54953413108099,83.16454340672604,77.44218315848084,76.9236238291984
2023-09-09,74.73722201532637,73.24912937190862,71.05148418397881,71.07870490699294,66.58856366974679,67.94357041378383,61.82292402916732,54.95624386778591,66.88939060293781,72.00169784513895,69.164004433022,68.13865044018728,58.21409615591312,62.762626367384954,69.27378621309384,72.93323473275218,74.79935935236871,80.54001398111592,81.2247821927429,83.03879244728846,82.76982521005695,80.88804089401816,74.31131518963798,70.41478318484556
2023-09-10,78.66952309346529,73.69241713479825,68.13897076471267,65.25793053082516,63.506027646729876,66.22601548135962,64.70722845752819,59.06382080910941,60.232283332738824,56.50457775200488,53.83335756725858,53.73584059087701,50.430028973097464,52.6082244986329,53.05193367915261,54.16015850626641,61.27504057126768,70.99045855099591,79.90529008352165,92.0430507724788,94.517027834516,78.55219450787696,74.07259575564645,70.44370583940426
2023-09-11,76.97703342747444,67.74983303638116,55.29189471287873,56.583769897023025,54.10814957091862,55.790236195756584,52.20064988393889,48.22418052865723,66.7937156885904,69.67103113893367,67.28939854294806,71.99154244057051,59.58258570049175,67.72560570130527,75.10296289553536,76.96110001572058,81.62039591371162,86.43294365859641,86.77928772647776,93.18459997036096,90.37668684758594,83.99920718581575,74.98224194472276,71.95412342795761
2023-09-12,79.25980502822371,69.59967642473752,60.39884580085201,58.96376174631443,56.57671016322353,56.58733902124261,51.94369832783861,53.162481462824765,77.78252220519849,78.95747274847719,77.97688178551857,77.27603055675814,60.318025321729166,73.69248531177396,75.22031958289294,80.2845210849135,80.8564483846224,83.75966680687404,84.06996176132806,90.29254096551371,88.61763351819663,83.99798843826703,78.32973664641888,75.48746367680319
2023-09-13,79.44678567917448,76.08740408746007,70.32633958391476,67.1642959463108,66.92847879865239,69.97118047264262,71.49506371272204,71.24363135317162,81.31384757468443,87.04037062907075,84.34538385102739,82.26059114740455,65.5334146532734,74.81097987879211,82.17665534089355,90.62253073377919,86.4391872327731,86.80286149754406,90.02647214756657,91.95619641420791,92.20654147149324,86.16745532924938,83.13046302585525,79.2205422396406
2023-09-14,75.5034267860864,72.94356166928678,67.63607305872013,64.71478332624372,67.42594091128329,70.2809074839551,69.00729853488114,69.06623497556497,78.99328060537854,80.80144028401156,73.0322451690695,69.06025083027663,63.227732442136336,71.22086204482913,78.17884356982479,78.81882319198216,81.0795299627771,88.20908064268075,94.09121156993336,94.09280024380348,90.10680764292522,82.54201181707487,78.07572263687574,73.51557203261655
2023-09-15,75.56923480151939,71.90718303360946,71.17483149820222,66.3317368570463,65.79817925802014,68.4588622864396,66.36248146702167,62.72392685646479,79.06096748460222,74.02673568574022,70.1193785241469,69.66802539941895,54.98296375220236,62.37968533196173,75.16284453043562,74.36148009779303,78.45383519482704,83.52904274049499,89.80849712804493,92.45721594171437,87.31186251167408,81.1715526022422,76.0409309947766,72.55711153752395
2023-09-16,78.77550185569554,75.43834209143807,72.17287510128385,70.10406228612007,69.39066959418864,74.12352580579103,73.35896726559865,70.19127743167346,74.5424589962589,68.10956935733451,66.89010209948461,65.16685832961666,51.391320632112624,56.54716483230775,60.771314503679406,69.6807038587276,76.3032917880056,83.40678431875727,93.69848459388797,95.56179907339404,93.80036434631732,84.35971347900214,75.84997390504269,72.39976343526176
2023-09-17,76.8357290599255,71.37486498466954,68.14276625617109,61.497599390774596,59.68774680789358,63.6535773828781,60.903478363608656,52.922943725609436,53.30787185257587,48.14578537579057,39.98220174034234,43.92193499934104,37.0469912145296,38.40088493873821,49.16523766105086,55.15330405415947,63.058559205913355,73.88797403148925,80.38373035311803,94.64010867836832,87.92610599871945,79.13485456411244,70.35224497068015,63.38187435367969
2023-09-18,70.90352029547851,66.03636492127697,61.6720888075842,63.223931391903456,60.773633080694104,62.59646545421766,56.259810778043246,56.81845833837582,69.64710192841567,71.37077788370941,63.50752921054961,67.95123804559529,50.54523816490144,61.286048307610436,68.30536681042216,72.69707629814084,75.47783159598468,82.0812799620175,82.73669170038634,93.67555504724453,87.89733175908972,79.63142272081717,75.3187915235582,69.34976104833625
2023-09-19,72.82531594771314,71.19452925175925,67.62225732975305,59.15174447712953,59.657916808968,65.28563986620168,66.39630646269534,68.15771757609201,79.91709041069076,82.16600365550558,73.75870102780735,66.8512408907234,55.49792032824437,65.47965314737336,71.91532478712287,73.79603726650417,76.15488071214592,81.90212430845011,85.85045372616132,94.99276792550613,88.95679603891328,80.81322744918108,76.24118605212412,72.7236375128776
2023-09-20,75.11744501117975,71.52192031477186,68.1400262273931,65.47325099060798,65.4998580619036,69.17134069106329,70.16828160734414,67.14192114637147,78.05099434134623,79.51374108700223,72.53862311841817,71.2608560102711,60.17522938515012,68.12664716706732,74.43870906619219,75.41371464343757,76.18642263071487,84.63891429396502,88.35123894878718,94.87661761386595,91.99739100780438,85.2688008092034,78.10611270398479,74.45444502028498
2023-09-21,79.65937126180361,74.15234786243663,71.03048920861313,69.46431031498501,68.27199109583876,69.87772630779435,70.76517181068883,69.70422959146204,81.70264139168819,78.83382718061371,73.49480700601849,74.53176448527196,59.91308169689321,68.8804329791284,73.31264255484658,74.85130241700647,77.81444055649057,90.16838929089536,92.45293394007923,95.83122346895364,92.11694716890081,88.38456440888989,80.35817154664488,74.48931390985894
2023-09-22,82.35146744018813,76.19894146893323,71.55113060409663,69.67044626537076,68.43596748380152,69.53169364742338,69.57168836396355,72.23782970800734,78.29275156547331,79.25949755791036,74.5260476320529,78.28679924320778,65.65029804598542,71.59899937887029,77.95624515937111,80.36562885740643,87.70622431153268,95.32126155231848,98.79080173543888,98.90202214063501,96.8019118749302,91.56793138121002,84.79007927680135,78.36093127582186
2023-09-23,84.48579628117061,76.97405722125723,74.8356019662792,70.7770673842789,70.62522284090339,74.67644053363216,74.67570677379594,71.48508023446719,79.07159738587355,75.6483630306902,72.50688803255466,74.15668077732609,63.91392910148623,69.08588994207031,77.53684483522073,77.41705018141485,80.1091684189057,89.85660503355514,98.35518654135309,98.86481755250233,98.4516034401512,84.81684477780502,79.23431051309073,74.11418786654566
2023-09-24,79.77606259961223,73.79694977232919,72.0406355625811,72.42826350108261,70.4580526987881,72.8447959123691,72.32305645474078,67.44764918216772,56.58461105890442,57.23915644566299,60.57207118854445,62.86485234512157,57.50749718595778,61.3621095403785,63.4632248189905,61.53278378595175,63.20108654641588,75.05976088520879,83.9490122990105,94.7516515266091,95.02881974335806,75.1915349534797,69.78139664487124,67.66828812456127
2023-09-25,82.84412501658676,75.56343746112918,68.72297521462075,67.59487666088793,65.77148732654334,65.41173423145102,70.9098940190577,72.30468754646593,76.9379882577204,79.12312067080559,76.61474522826843,73.85274960443049,64.86230247154296,69.9395373903991,74.58527528527081,75.48115845062911,81.46654699281979,85.54687423513803,85.9889393800629,90.2239663650433,88.39792632877321,80.89067916845242,73.39955079746288,71.82862546681415
2023-09-26,82.99224722851599,73.00904534614814,70.46653406365944,68.22240120436285,66.92975177805461,67.07471925813752,69.57304638024338,68.84588213478149,77.15536750096749,77.43536440248053,69.51752353057121,70.9422513350017,56.18391124875939,64.45122108843799,73.71960675182987,75.46959669078669,76.36230203237015,90.23295637548301,93.04098041814241,98.1494289822274,90.88552364602549,82.92633867465254,75.9053714025228,72.78521000825012
2023-09-27,75.73965188144079,70.996689688378,67.76742504286304,67.55699596303646,63.315413894449044,64.5292490116379,64.88287001916892,70.22427296485195,79.6811455417582,78.70543540791547,72.05510087588398,71.35593339720054,60.27337235693784,69.64879121011201,75.62352777767431,78.11069985351608,78.7608465415329,87.41439571371545,91.97315175204669,94.48603486832566,81.5832209638156,78.39436595806697,75.19215434055623,72.7686761633488
2023-09-28,82.03254417730034,72.83931081023178,68.16325140100044,61.65023575650369,63.61197651296469,65.93236060403413,67.87577871109104,70.33996026497734,78.59739242123204,80.95771799468012,76.67869627503849,74.9515063249001,66.96424450906926,72.2517443907938,78.48812297238175,80.04660449581523,82.62654313597587,91.31993289362246,94.04680814620487,96.34145668594712,98.36457564708702,87.80801301852827,80.15026375338961,76.2409258987861
2023-09-29,82.4665085360551,81.36538968716074,73.39038808412927,71.22740544746047,70.4882976243838,70.05586846491379,71.23564277529874,73.31222543057696,80.3670602524877,85.41911062311351,81.73693106744392,79.74256919383251,71.21861366373241,76.97804646030968,83.571023943313,87.85852695117998,89.55129003960681,95.62516015736746,95.94062771942538,96.78550678753486,96.30106489538078,93.24057857980564,84.51115363366755,77.18477426050795
2023-09-30,79.14679693592954,77.41676926448642,71.45362759656875,68.80322290910435,66.25863987667452,66.09752924217857,69.20914900237655,68.89054338460286,76.31930888881405,77.81280235980151,73.93559311728383,74.76357144478631,67.98440949256565,69.64606364613059,77.2229879132478,79.9687662461311,78.93535154826725,88.24135628349323,95.68481937599873,98.5751373904144,95.54341455614112,84.77321224892252,81.97331400550306,71.76453436520868
2023-10-01,78.62404786663892,76.34645924389346,71.44784373327155,71.56982621977562,70.10923546078187,70.16051214792616,72.00310296792325,70.9347124574476,66.11128908768279,54.18659879890948,54.78931461779508,54.26247988034277,36.031528094901006,52.488660364076026,50.440376862895135,53.77944160980799,67.19409078140811,75.39583971772684,81.68625796274864,90.89309180766215,87.7094802598346,78.75663663825476,71.19874306407073,65.75664428518003
2023-10-02,76.84184236920771,61.39567785101663,60.824047370349675,60.66262853759689,61.43362282519047,60.02252844565215,60.51774879778939,59.81319260110087,77.2672560042291,79.75022552803948,66.85514511268813,72.63961947437585,57.16482190207534,64.94180396581459,74.32958354237294,74.96499850308535,78.52024875456345,82.5991905941991,85.42713607358596,91.15192302905811,88.83197448035656,81.41882189324048,69.3510421747348,67.49550871301807
2023-10-03,79.61078686119966,67.40609493166075,64.83667252550433,64.50896156826228,62.255823115490514,60.440280908151,62.242675729609594,64.90359576658147,73.92783424795503,80.18010211811982,74.69552304521204,75.4333735978176,57.979048714420486,67.92138640037253,72.92939908322255,76.52752679172742,77.85217746941879,91.1386632701333,90.86328357009867,91.85813723271082,86.62216610381341,83.26772259026725,70.71931600166525,69.08600749144355
2023-10-04,75.55590487353284,71.1819231333714,66.41176224558869,66.27366055796816,65.69708728824678,66.44294470677576,68.6620386885709,72.5148376504622,82.67924347469182,88.35146256211334,81.7310017602961,76.73704481478909,67.36029384340337,77.77540212021161,83.63513183844186,83.98573454279004,90.72593186479894,97.57947339241385,98.11724499470662,98.60901737711431,91.49771837046113,84.36378434590523,80.36218824946101,80.78760314031824
2023-10-05,86.01883262767218,82.83133384149696,80.35040889412936,76.70570691442873,79.23196446337239,81.39560848624639,81.58124820164834,81.53096407873839,93.88605934181514,89.00359862424997,81.31248642339075,82.10572881119036,67.64571918132401,77.04683657129357,84.56026750143222,87.78032171662353,93.08528658442648,96.86375615926619,98.11985160458471,99.51683010388851,98.68924654273482,95.9842998897875,85.88116070463238,77.229453554048
2023-10-06,90.56899592115577,87.6715568673497,81.92168556542744,79.08236510927956,79.60026678647716,80.43654285813297,82.91814822589888,84.20040345393369,98.11247555129601,90.83626288312351,83.43179021888353,77.914372090023,62.99122963220496,68.92648491791695,84.55258113797129,87.29263772707223,93.06321913476448,97.9036844850564,98.58875804595424,98.87667167094519,98.33967868680922,95.81953814666014,85.86350100164071,81.02812993648782
2023-10-07,81.48364009949177,82.26522427555864,77.9658756933119,68.61501833275251,69.94245554097948,71.17424138192068,78.50417738685378,83.68202570494724,82.06981279615256,81.37098772730958,77.22411744082746,77.80503757545334,63.5911727088996,66.36259179644166,76.54546347506769,79.0662106110272,80.70252316196407,83.94218406621187,94.14248133532965,95.56254498293916,91.7358862614317,81.94920021557297,77.747956137642,74.88668901978048
2023-10-08,87.44883392256864,73.34528491764583,78.14114023594234,75.91489854794284,75.28250379132508,81.46300386136302,82.09902853401627,78.93193396817202,77.0926834228853,76.34416894297512,75.18169232068338,67.70711126982927,54.04330986503753,60.924643486597525,81.97216939382106,84.90821775110162,84.50349916425778,88.81084033471863,95.09537954840003,97.24482699634065,94.74715612957745,85.13375489235464,81.61422529677577,78.07265718081423
2023-10-09,82.20095522439146,77.69293274305669,70.95996323036044,69.99105227356097,65.43452274831084,69.15705384399848,70.88242961538134,75.99220654930393,83.88420602369695,86.14446364755283,82.47975345177352,76.55473018916207,58.35732566781108,69.3888908419931,78.75705899812326,79.19400871936999,82.4901514118474,87.81472321713122,91.51315836180662,96.73855082526586,93.50381479073536,85.73312289523712,79.9737038769412,77.33320415734437
2023-10-10,90.09363029823236,86.08609730987376,76.27380679404675,74.19586626570035,71.73527241427252,74.9962833062789,78.6673442037322,80.41466113912155,85.46069996147187,85.1071423160514,74.32517814120247,73.83830384922119,59.81215438441931,79.09328047567499,87.84142361368848,89.89726352898558,88.11343628949446,96.55694316612554,98.04874198440262,99.61109607305737,95.92712166166093,85.35955901574182,78.9699058575218,78.38221296319443
2023-10-11,78.17996297173018,74.57151382716579,64.90260230613023,55.17729971585316,62.14390442918175,67.32892680087444,70.80603331719895,74.64288713584192,87.86301569985892,86.95374779346498,77.26866823156497,72.10857901507896,57.52289579861244,70.17264351381884,76.62536506874518,81.09749881634833,83.84468961104903,92.52225979073819,92.32523427691599,93.27726766983135,89.82223238917325,82.8051612608543,78.05436751532744,72.05657305157006
2023-10-12,82.05051248052358,80.01204914646664,67.88802105933306,68.5185660729431,68.66392375692575,73.40053582845468,84.51498869762543,86.36297028088644,88.28946285832751,88.4686871054408,74.94394857757331,82.67010406529391,59.26462723827134,69.91422402805449,83.93755934394447,88.17533100220324,88.78207495147119,98.01671017769135,95.93456335214294,95.92414621202063,93.10035073060716,89.547798917616,86.70037345713621,83.35072403425497
2023-10-13,90.24459533148531,88.88231321478332,85.48190193233683,80.14325949555952,76.37005972654997,80.41156161324024,86.60529461415307,86.88285905480238,94.13360876077603,92.34130917198762,86.9266945969611,83.73876348134043,69.12391993427717,72.78503106247263,83.99457734628852,85.97608671201039,88.43078882607266,97.85981370361071,97.01337181986663,97.04818214038927,96.49224118260678,89.31703840942735,80.39207599867555,80.62598448371669
2023-10-14,83.5381372665021,79.66756240785013,80.79727481597725,80.39860944373955,76.76732482674929,76.78470693770464,81.6384308477897,81.3744839159249,85.65829644670356,82.35023638455108,77.11975403638498,67.06842079748748,55.308261272239044,63.57060558055467,75.4010527740034,83.09198153431615,88.01831868095815,95.51970276621628,97.52529907278299,97.51299646952226,98.37973075599147,93.20412146926044,88.7293514256813,78.89380040651689
2023-10-15,87.78400889354866,84.98983303236369,81.3644582899214,80.98044212013949,79.45751060039537,81.6116435805554,88.28813975004381,82.7186332575591,82.59570251364838,71.61456284755091,69.78372093267845,69.08367326811785,51.59782017537105,62.20111770679193,66.9868302063555,67.12887303246461,71.55316909832726,84.56462936432793,91.54788344211397,93.70182375950853,92.75821874935211,90.4383474004725,83.46017341043712,75.14158744867258
2023-10-16,76.42363119114846,77.42961149086294,79.2754350003867,77.30183144554512,72.09320119504824,76.33790007209583,77.41367578600845,72.15396926641817,79.31337302764783,76.9956624799072,72.28126905212812,75.61520905955813,66.60025260140885,73.33582934773942,78.0679981753425,78.44443825245312,83.92865382731648,85.66925953442792,86.5832867691516,92.28485149448818,91.8386804801047,87.22949356725253,79.42340784986402,78.98434709190342
2023-10-17,86.62734979782131,83.5405948174348,71.76277357122675,71.93373060227975,70.68961778615412,77.22902469335688,76.82664638397021,84.28013217747323,95.24653166264093,95.25438157175107,85.90088665996181,84.00505410461074,71.32586418488081,75.68604704442262,81.23613725966746,83.86758528409645,86.39946380745802,93.41056625563235,96.65881176024698,93.85857704749564,95.3649294383163,90.12615394674107,81.74766448305638,73.46607136652935
2023-10-18,82.36806585015788,78.28794998323973,75.16610845400297,75.13359036378192,72.98670901825253,72.24926126072732,77.54087134048875,82.35257187836866,88.94924104513348,87.9857804590791,81.92578935530163,79.093796355571,69.72082557938424,70.35821624385467,78.16068583973994,86.57326452055533,87.95398816247221,98.69125952313006,97.88139497629744,97.35363425165406,97.46990194196886,87.59658229901763,81.58684395102112,79.46372224743064
2023-10-19,82.57336495650965,83.99967517728506,81.89239285981243,81.1555077550484,75.4358125808302,81.79686226984924,84.2526770317503,82.93717263219028,89.98728259763885,90.65332944939345,82.79503963080273,80.30626251548294,75.61140023374864,79.40566925371199,88.92704293797331,92.14536893085368,91.16323248957796,94.3991650456592,94.14820004958843,93.62491572153307,92.50219579222254,88.5418021488043,85.49154100977181,82.59180549367532
2023-10-20,86.71132271120052,84.70131682190882,79.44753109503971,79.78364405730699,78.64429979629098,80.69959307521054,85.36700850454062,84.82780095226703,92.61033044417799,91.66157271570168,84.56763809744982,82.54170217833556,64.55572137088718,73.08833455481451,78.84200149956612,85.73047047396598,89.2851977791008,94.72511480599857,95.45307186526786,95.40562690490944,94.57101107015878,89.39709773797382,81.00558346161019,77.18052043737606
2023-10-21,82.36755171650634,81.29142855800627,76.15065295860289,76.8965444080278,75.57412108875049,78.12811659993338,82.52458758614839,80.41454528127632,88.90783281394454,83.33981717393554,76.56274147336315,79.60544557721991,57.282294366673504,66.77829644542479,77.33734653515407,78.88425024177486,83.75451000180504,92.57902009233796,92.7342275044695,92.91901639153535,92.03247772263629,87.70553089178183,84.52992200394708,78.37701956720477
2023-10-22,82.01326031784761,82.27761415752796,75.709490132583,72.04062769144448,73.5059401372578,73.61047688911997,79.21368474623603,72.40002271187767,78.6242765978308,77.4112409234553,70.17875235390683,62.14591159809516,48.875156164192504,55.30050701691551,68.26812351986406,73.64352557307441,81.50535242003893,91.49931037984588,93.52659751762462,94.14037147649712,93.19995537175154,93.59347146158441,80.366313545433,72.59090092705071
2023-10-23,87.38111290700978,81.47498206089678,76.14406290251257,71.51596536580868,70.10729839452526,70.64023335278299,80.5275967644139,85.84541098052584,87.19620953368694,86.40549679037436,80.81145403209626,78.38779875769585,57.79987107201636,66.92920007009157,76.5466269307592,79.09740330405995,87.38192898242048,96.14020613364559,97.37313526945715,96.3662958334257,95.9977363466942,86.42987562717218,80.74969859416898,79.0049316024336
2023-10-24,84.41994500784517,80.745036679223,75.14344725852474,75.69661478556753,74.0326910945732,78.08183829955937,86.09984959512913,88.65190891345489,91.88137266180624,90.22035556228501,83.394641009839,85.1762314925086,72.43201192558382,79.24376913427922,92.134127532899,91.380096007393,92.8008893613145,95.82355107922108,95.30841890867316,95.82146112268444,95.59941243477593,94.73545510506035,89.53588970921102,82.97870876489556
2023-10-25,88.28890068809191,85.52250015144509,76.38914902804189,75.15435488961221,75.05426598484587,76.26710109025073,85.9326659410983,87.07204205065506,94.92499462829824,89.43339145324873,80.57131281660202,81.97936848640748,71.61787369967622,79.97343191787323,93.92699466970708,91.43181174573911,87.0009455455173,95.96677267482393,95.00360728120607,95.17751856457673,95.2471070203678,91.21583430980799,78.2393874228321,74.82995892813969
2023-10-26,80.5036566540984,77.84638934179306,69.68765829755361,67.63901069331665,69.48274127157543,70.01417501199265,77.40204480585861,78.33879679144863,86.80418187276814,89.05698306387559,80.71852465441333,75.82556622947331,61.980526654870225,73.74525357884016,81.07109418647576,81.14046722448813,90.71182990773568,94.40016623202978,94.79746046701112,93.5547135718974,91.76735622800976,91.17602889397129,84.34024595210803,77.77318310605635
2023-10-27,79.56879329067476,81.83853319715647,78.40501015366094,73.78518235610734,65.3566704477669,68.42365078640287,82.36588885576579,84.9173341424306,92.21854231383121,89.99995523493351,78.2387488105494,79.47833605252842,52.81519741300128,60.32121936335826,73.77243217030103,75.58643962054421,84.59216768019789,92.26263141183362,91.06361463250344,89.30908506165858,85.67050292532608,83.70117698456622,77.21755315120927,74.84450552219903
2023-10-28,74.4626864447852,76.36770777219563,65.97462906160031,57.638885565707064,55.10447714129548,65.36775064154772,77.55988597313272,82.15182473737055,86.25112448116845,77.18293909378674,75.95100432305595,69.7876197920711,42.38628480153692,53.18389455326429,72.87803148212414,78.92029396419757,83.03214242439391,95.28817251266231,97.00409777469937,96.38067239515222,95.27212444265409,94.16813325040788,80.0622628190484,75.36740354891135
2023-10-29,79.5062869173455,75.91541506329936,75.48153741612654,67.75505039973545,66.89169059377996,69.20740301990449,83.50146630825628,79.22670529650631,78.7616361795554,66.27311343755885,60.344188474682184,48.21552077354619,37.65136266448115,42.36819449760974,54.61283665741806,63.17827024310429,75.43729974983465,87.80758904749261,88.69545573749701,89.66236164336047,87.48395378845858,86.30982082624024,78.84429891695758,70.48500943126331
2023-10-30,73.86656732747194,71.22960695575577,66.32866493692606,60.4579113112074,60.67893258051769,69.68414684615239,86.5926494618356,83.72592313744046,87.4061836272621,83.11037686852141,80.40148644171202,84.24895991583443,67.98763990918054,81.32981537767876,83.98227526027873,86.36814183661396,94.83953957044147,96.65279329785187,97.15943021138581,97.24993563487651,97.88062710935694,95.64589911620035,87.77147609959056,82.04071831059287
2023-10-31,90.24862806775172,88.24864647584805,77.75530223382107,74.26675771909417,74.70834567739634,78.4499069803102,86.43876951568913,89.70072843743954,95.71548140158303,93.81891844677702,88.06977375650675,87.11782026232504,75.42312543764933,82.30180571600792,96.29802767586716,96.94911770604432,96.88842607048949,97.00662047778034,96.57350450749107,95.94700350294495,96.81463510850625,96.28016424201635,93.30083781115238,86.48525065226734
2023-11-01,81.98349574831254,81.24184761436959,80.35738634885647,76.3375977055685,76.18566935743581,74.49493620165107,78.41122058866763,79.87033734055565,89.90840832686169,92.00388069013309,87.46940860469323,84.85185018920373,77.87132225819174,78.69410541548987,84.29259343222265,88.12963452328816,91.52631798431892,95.65491753923104,96.0786447696713,93.27942967908373,90.74551563297291,90.97472513712717,85.76097519370079,81.583118533047
2023-11-02,87.46220758356338,86.50705036542767,80.41721690426577,80.75241409711695,80.79872965840381,80.81473272178766,87.26909677230441,89.12308264227204,94.62456606632016,96.78159195074132,89.06012303876112,86.90696578397005,77.66313782189094,84.70183161575362,91.87632399785718,92.25174127379717,87.74861232337373,94.27301693572205,95.63957673731974,94.7563723296998,94.41163155385613,89.82875366235845,83.27414363511632,79.21428556763713
2023-11-03,86.47193490302979,82.41196938486648,78.95343744140733,73.3623964848613,72.67753833655479,73.81431478221593,82.22515095479065,86.8150468318241,90.71819988175977,89.66133359059017,89.34757414551943,82.03079849691514,62.97036700144176,71.19626038865069,79.46069023917246,81.38343702073843,84.75256691066537,92.29475466269632,92.0170867870423,92.88108583049275,91.4109283057997,85.96939291470618,78.96058190428352,72.15383286720864
2023-11-04,71.13221017797726,68.36831892563539,63.62131905170986,61.21672496350128,61.738360906611774,63.33085168179376,71.60572457988641,71.84731087753319,81.26857989285304,71.83297237323967,65.51371956481461,59.70787604646819,40.755637848398095,47.35407616556466,59.19880938805225,68.51879273067837,81.54819732101798,90.50072979845721,90.5463751622846,83.44771893745133,83.50448082195172,83.06995112308744,75.40232831431487,70.26609090342697
2023-11-05,66.07688109563081,55.27223117828873,57.79336321591067,57.568468574466095,63.94907658840217,68.37624512830199,71.3302297377711,69.07037408701534,61.55493322355709,61.94122912692311,50.124100039002705,35.89125862308362,34.66662090338037,37.90862264652824,43.41355366735386,45.79551025776638,62.91118303572616,76.49961242765276,80.19852142656633,69.71011803038063,68.24756463360241,69.27135493718828,61.011672048322936,59.29288766903624
2023-11-06,41.40169463272018,51.63189285868531,44.3592455533961,49.19029061190361,49.53179486553945,47.21131974082772,52.45128417077074,53.18593967115408,67.63858514402766,71.91023050895032,75.57215272017007,72.40497788736496,58.954605314393795,62.30925414053253,69.78983410172306,66.544775339003,78.16064003731499,73.87886539028388,75.05416738568634,77.83332235477097,76.21587574938575,74.50186691053617,70.44652803977124,68.9304123923614
2023-11-07,73.56219904282815,72.43435574282034,71.04047052213616,72.49124684471373,70.15932340923162,76.55034466895772,81.31893627526418,87.5040575937824,94.54296586052233,94.11880536137318,89.40240556513925,87.49456505287655,73.48634656273757,84.7929983242015,91.50070666662987,93.05766240218183,94.71226487668852,94.06696753223413,95.23254396394988,95.18107113027422,94.16639123604182,94.96869825911321,86.62260787987825,78.44632241961598
2023-11-08,88.855600061245,79.81817160038369,75.01504702248266,70.88705676557596,69.56010236046379,72.2089284334806,73.9358207839702,76.53448330405323,93.97690538814062,93.48113086032532,92.25426260230815,85.36881382428564,68.68854644596051,78.0233586586687,89.20746395259536,93.240272991997,93.15032468952128,94.37538281284935,93.91624589595305,93.77252454783527,93.19960386610157,92.15515979610211,87.29193453344786,81.13454068722793
2023-11-09,86.27097971426977,79.9046636411723,76.74053755067078,69.24270074615895,74.08823981459811,74.49591079017476,82.99695551647812,86.08733242805138,90.63208134902989,90.90055421261216,86.77419687721846,83.8548353158501,70.47623310507583,80.7841603630733,85.42466695092716,91.94314183313504,92.60747649317182,93.68183921787858,93.80525648079846,93.77830196863049,93.32060079143989,88.6622814691778,82.25956096411376,75.83678756308956
2023-11-10,83.11668413473845,80.04639111962138,73.61371684417409,73.12340655848013,73.10521592608383,73.58959153814642,79.75698715155767,86.37725658288366,93.80449928094662,93.60359285161579,85.9782380979844,81.92412798245631,66.46457798793551,73.14899290187988,82.45143015343542,89.12512317702539,93.28297394607164,93.51912202678763,93.69570644420367,84.14661641871277,84.98329009270839,75.7773705566219,71.17178627170438,66.04969343031898
2023-11-11,71.57786473516039,68.05107130258075,63.29275138178691,55.609097011795,59.88989140271325,54.162511589671126,58.0228584268715,55.77476395834261,68.11838487545569,66.18963492480832,56.88981504313119,49.22065443876218,29.57115260761031,42.38671251857107,53.263459626600756,60.99028174176552,69.82784021093123,84.12562237380125,85.04200326640373,77.17973475252245,66.81592329220918,74.32828022476387,59.1445298147625,50.92101610327935
2023-11-12,51.692209107775085,51.4137863417599,47.96692757054626,46.21125349975557,58.80903367610686,54.86593336806538,65.82269802959112,50.71112852775427,64.71558818554651,59.04140602462528,48.12463402191068,40.4732242868029,39.33900728120058,37.933733994833204,42.93112243312893,43.474277937314106,61.42871139956188,81.60709965590814,84.8753044753173,83.50965335145166,77.38546244426573,72.00738418210084,61.248625675591526,56.13332199273244
2023-11-13,55.17527295393855,57.178151000032926,43.9783049603858,44.39528792462601,46.6736876269499,46.944034965489585,56.77197155460915,63.06346958572361,81.70504278957631,80.52634006241618,78.02981873975448,72.10288325671273,52.87048590664871,70.755401475368,82.61256385196798,85.07509410763856,87.66005835283804,98.2622409657245,95.65936885566447,95.93141129622659,93.33845128528937,90.82456585928622,77.44741368913722,76.40326363729399
2023-11-14,73.99151405514047,72.79848051269535,71.16878720774162,72.88239493432673,74.12547025963185,74.31307594319539,86.57514613229318,89.01528398974024,92.14363914605008,93.20973629337624,88.90116868781516,83.03012971243302,68.12294512461112,76.99624407922802,86.82655042453611,93.14856969696191,92.84395200949679,95.1779689713181,95.51505780120982,91.37435777530231,91.05446665742929,89.31539446358939,86.89241333515297,79.22559064129399
2023-11-15,85.73654099051133,80.88993516493287,78.46651104665025,75.87225329642729,76.78885569283452,77.06709960017791,80.61360929448958,88.38437409649906,91.21138841413914,91.2556612460762,82.04336909744406,81.1743665426387,69.34529347712075,69.41029216320342,79.9186933640291,86.96164630568909,85.03121513544762,91.2801679274533,91.23594822977908,86.36314833201892,90.31372924074155,77.19355657498649,75.76886990275106,72.88128234043337
2023-11-16,76.7092720751932,77.65477071161499,73.57759835953821,64.73873306802356,69.86621769098178,77.1948157237578,73.04219217382686,72.32202543933288,93.47194507462949,92.69790113253764,87.6366547746132,82.91415262148976,67.39093550546536,73.40548137947846,83.6046351805071,90.74158505025265,94.8355937313069,95.10389517648265,94.7437437450727,89.00689997368157,86.2139811956394,81.35261363509707,78.67403857615541,75.44389136609084
2023-11-17,75.58836405841512,78.12177811964064,75.79206474254926,66.64031584452113,73.44145366142972,76.25939525866993,85.0674539168958,86.89603291426288,93.47953765753564,88.04028327367412,83.65715920007644,77.86046305470106,66.70459323754248,71.97853818758179,83.92066686648471,90.97483064962559,92.73664805053956,93.31509626980596,93.31311715227515,89.873556754681,89.678748649333,82.7521291677364,71.48612569915045,59.39645672526351
2023-11-18,61.13902086580497,43.19488854276085,41.808424072629144,41.10154267256772,43.190611720194106,40.499571039337226,53.96777903501801,53.28762113971783,73.4723994701318,76.47992578007731,75.06107329226792,68.08030153968781,39.42405598851606,37.01384839992504,61.844997464831394,77.84371710511323,70.93844869512121,87.7565301426684,91.3166285359045,83.23592486977202,83.56572741810669,83.17908098825723,74.29564241728372,63.70348976783767
2023-11-19,57.64699990283318,49.20490777838233,43.8190559120148,43.277637346623,41.70913264861932,42.34694816278845,48.984115226311786,50.26839027941809,35.75011121519931,60.59035828574794,48.297240945480425,40.05107375776358,35.741105159531315,35.33782116512017,53.08785352533132,52.39337044989929,77.3582127323875,91.9357492072003,92.90598480619391,85.43792263604584,84.79124447331631,81.00093164909156,72.53136164337397,63.12069897889789
2023-11-20,62.883747736253774,57.31959554930557,54.00142647867901,54.45186562738683,53.0877695017608,58.22641499794901,65.74091623755858,73.59077541504958,90.62114071235672,92.80153095889904,79.59038913511728,80.96690052382556,72.83960544415656,82.87942372165894,91.98065871884918,92.90826274941472,89.0911445397394,95.02625110673587,91.28796443868886,92.53074447340971,87.05904986779856,84.44186475230939,80.92069442886702,79.31216563648763
2023-11-21,81.7572252736948,77.57114059823962,72.84990631998693,68.47246445419788,71.84823765765948,73.80306905030773,77.90962531109142,86.95552006285303,90.81780980925859,89.21484790839055,85.34841073824145,83.35445395812673,72.48403117765852,75.87671718274404,82.56809223977457,85.06398700569261,88.14473753336098,91.71842353588703,89.84022274820788,84.11176108488968,85.16389590204687,77.64774216567415,70.88764045240103,66.96048942857547
2023-11-22,66.37908213926536,64.69523824861089,54.68784366975144,48.81878675770955,45.86123896142401,49.58186003156982,63.561032648819555,68.81020935686236,81.81082984011881,81.58724853324135,76.55589388866534,70.56895127715518,57.48946221407405,62.215577339012235,69.45071793848649,77.51597522256972,84.77751878151257,89.8328736112233,86.23248291505013,84.30926747719813,82.48352239745526,84.02576139716328,78.36827110978035,74.7355584153114
2023-11-23,72.26800773536137,72.33150926193515,70.34094915022176,63.55923104765788,64.95550015828232,66.48034825285308,81.88088143409063,77.84442814065767,92.67587270600319,88.96001615943852,77.65463044448003,78.05437577534585,66.06067435971207,76.3371116055977,84.98400123607236,88.55845907333567,91.69132179964697,90.84589564941726,88.88434594219238,89.14330851701125,89.49387188909637,86.6302073666134,82.12604460277367,77.73135554439077
2023-11-24,79.58323815153277,71.94447116866688,70.4598110882461,74.43380804214542,72.83334041803779,76.82422697900519,85.08844841836785,88.08635149005723,92.45666573951988,93.18462641774582,88.90305195339194,82.81731113576932,62.42753721248866,70.01895065814509,85.61027286556333,86.05393409751902,85.2061620805983,89.54398333407558,89.99460965697071,82.20947337939995,84.55813435026133,83.4920080516641,76.37807421982947,70.23037058889189
2023-11-25,60.66230851219753,60.99614995697999,48.92603883814857,37.16592310944836,35.455519930062906,39.38986169787724,49.435640423342036,44.02494144177511,55.03095414433962,67.07777077553011,66.84844754158651,60.26436541014024,46.16399901637709,58.31276274487794,70.4753303906634,81.78916071793716,82.28989851039321,89.21834642434277,86.6493047089024,82.8682655524618,77.93646938225103,73.7523867864102,64.22162011168253,47.190889374878864
2023-11-26,42.090225989168545,41.616127297418736,35.98395009377401,34.0084690188247,34.75958239577661,35.26807578538255,36.423505408631776,38.31418995712028,45.40607425423475,49.77213947824285,45.402328751971055,38.34316102268206,30.350250432410306,43.90015294190605,47.85860248660058,45.60724316862518,61.000047764332564,88.94964232030131,89.66883861870893,88.74937331802143,82.90540008489225,82.16791297418595,77.1371708793225,72.19827270164255
2023-11-27,72.0168926128693,57.33655564419226,52.44769335469688,45.947382512274004,45.69825696774089,48.421710070756845,49.8345688759689,68.99784436152959,89.07489391922283,86.05567058485182,87.5180420700439,85.81651860712506,76.17244119711857,79.92729341646879,82.59424114071984,83.1462385043693,85.86809945714718,87.53308157482596,86.4141132719705,84.02414482202647,85.25236971150296,81.9123914192471,76.51787893502427,69.19667812590592
2023-11-28,74.03383018616802,74.7188244456201,70.56891957697977,54.90631895273286,54.71885568260677,65.48398769930425,71.7157143628317,75.48509391117452,87.10000494238757,89.39318046936714,79.69241583791472,77.84312513101435,67.25433896185426,72.75632945304396,75.18176904908155,82.4934630904981,83.74385762059026,89.27392491812127,79.37099467899698,85.70488633194388,86.80034143938252,85.01342146535869,74.67269540095525,62.391170694201
2023-11-29,55.51279911268455,45.078744336778115,37.31442341907776,31.44817502577197,33.03416886435962,33.88198344023676,41.45781405863335,48.83235393512282,83.34059959631783,84.21993941216877,77.65084256553509,71.21671092034647,58.638493621157586,68.80812829965268,72.13257111751302,77.24937543205364,82.75680161982217,85.99961381377067,87.61438929351388,80.5399121066938,82.95758601018588,83.98438105503833,73.48017104206706,61.92027801170147
2023-11-30,68.3460693889332,61.5188620875337,52.3793287026126,40.788418476917776,53.30878033194655,73.07592146439234,80.64171427001527,82.94293733648519,89.43084037202595,93.4626484364726,87.4737995158685,81.61977150521625,71.32226603914208,77.99683742487169,84.62696658597962,86.8128738302126,92.33807795088909,90.82240079036725,87.88711036039614,85.97469698431637,85.54999326734189,85.89089726549841,80.57838866188521,72.75328318825088
2023-12-01,78.45440375518025,74.81458008098038,69.37653175137068,59.977209615824286,56.77066805833998,52.35695002508225,70.86956287442786,78.84838994034592,87.06129145817023,87.7710549670359,86.04468589677622,80.16414061038822,63.951183631864446,70.17330980791596,80.16977408811492,86.2732540348756,86.50415710337617,89.97847394596705,88.62480144208929,77.83012523202511,83.16934562611884,79.33298550711119,72.42201114937158,51.252211900066605
2023-12-02,57.81001823715121,46.30883376247012,39.20764936337974,38.15210516427635,35.75746379949387,35.29505199895112,38.21896332076659,48.74510283685865,76.35363461227583,81.09444535820764,73.45431782455928,70.42382095857484,47.72638122384534,54.13421974265124,65.07653261902226,77.87214070063209,80.06829336133005,89.75810640785446,91.58767147969445,82.56973570108526,77.41617968619641,74.0451845180059,63.938982960732275,45.82625901135875
2023-12-03,48.426509281614976,40.77511126246117,35.786843386081976,34.861883764365636,35.56195909046167,37.39476412627148,40.83909632972063,46.00580245033983,40.79454891234152,42.236238321433035,40.26713375535475,36.41253534419759,36.46744144048856,40.66492128145975,47.83097752719277,54.55127311047341,61.71968350477459,72.6912003233269,80.00645124361974,74.56556127465656,78.0032084731412,72.85113242573324,57.36233804545961,48.405304239015514
2023-12-04,48.28931836783214,45.09069183126763,42.9269521533955,39.96753812290618,42.574379422275705,46.72183993989869,52.16403408971737,71.8626687085064,86.4143016996443,84.9501678735063,84.33066976342855,80.23787209129965,74.53946935588498,77.03155204586152,80.79149899862897,83.30142808174537,87.60624708654134,88.45639135613423,87.62554893076405,88.57143190599494,80.37154951967962,77.5536473196113,68.97185961711702,67.72760784810427
2023-12-05,72.57050252730282,74.25761828015865,63.83454037322648,59.25267365588098,61.41179151514598,63.24291437458313,72.38250681571026,72.2081321134187,89.83337883999194,88.2637760941468,82.70546319930052,80.59733347249231,66.7807333605965,74.71156239749112,83.2692622711564,83.30908949971244,92.97567790639208,91.25009670727884,94.04951474874574,88.36623196752643,83.1853363706404,82.0364073026702,75.80648702398936,71.60372614910929
2023-12-06,77.27023299056538,71.57264715848858,70.19636618470038,68.14109031732316,67.23549864994759,66.58310661950519,75.658068826572,78.8969551423188,91.77540459603088,94.50639059386414,83.64458898126676,85.7591120003404,72.63883995154755,78.87308949511798,85.3489600848979,88.02746635065535,93.21203410167958,93.86261405505886,91.38922563239687,83.2380182294892,83.37783318767356,83.50763624106091,79.36026871722912,69.92498351292929
2023-12-07,72.99373356025916,70.83926222854436,71.24431847788634,74.2112964778406,77.08185163932004,79.52297613606885,81.26161672697768,84.48282820574964,92.54549406753051,92.88625900691554,91.34228024211485,92.80400264140562,82.24362504760494,87.24332522199407,93.60159227153645,93.30419058620404,92.60291599634184,93.82584750744338,90.74786260038022,87.97625074868334,89.95133919938203,86.87774637583107,81.02503393672146,76.56783005176199
2023-12-08,80.1919580145593,75.06396752286956,69.06758667705436,65.94558006984893,63.63044548258937,66.7024630640804,66.70572378954965,64.8991482113379,85.57167388076583,87.90412398771109,80.93416942958795,78.28489560610245,63.213868776279746,67.03810749728221,81.38947257885417,80.90229310119118,80.66029974802571,90.58638402420667,89.27153545253805,80.5016942737948,80.02038159530913,79.98137676346735,70.77918188352142,62.47683762636313
2023-12-09,67.15270539267937,46.44501344361334,44.93621240364187,42.01647047024,41.84163376741569,41.85759172085014,52.994473275958796,60.474275884052226,85.87593204746508,87.08104839174887,73.46216097392326,61.904863567361225,46.44041965652985,53.63107572786083,60.36474656468462,68.30748125175097,77.67501018852262,84.19299113743136,84.60246564460047,78.30559749352435,82.08899664332814,85.14643262214472,70.10108219296134,60.27952492602398
2023-12-10,65.2095842634135,62.88337763607111,57.91741567593114,46.95594081274396,48.11252943355838,60.798278511600536,63.76091127156263,63.19417516585389,66.31947125634215,67.53496269043292,72.1676096818819,70.8559000863299,65.33218724522852,67.43226750669088,73.51545812345898,74.82738844374398,82.21802227822862,84.13813901407529,84.48280238300552,83.02113248151268,81.25539586179379,78.40570604682425,70.44724071301503,67.77796799293873
2023-12-11,72.48498623265284,69.06605148661404,67.3469547312804,66.6706454421316,63.79177875038418,73.91903600754836,69.97296568758698,78.39652579660029,88.04277246563878,83.91917707571334,81.34993418452441,82.36960254268342,75.14293016023724,78.9306448620214,83.92618249693977,85.17904989134323,87.0349921454292,87.7691199627083,91.27830513405085,82.63167257782784,81.10690402450135,80.05966584956644,79.44752647883783,75.14371622546756
2023-12-12,82.96314043530863,78.80856505776437,72.71476074612553,70.84996596141787,73.92419407452523,79.47674741694411,84.74052567627146,85.76700768804332,94.42002518920695,94.89865061307034,91.76515859317803,89.07771010489927,83.06761760350531,85.43300176337664,85.47141786681095,93.25041716060231,91.69020505840577,92.52885246860947,93.11172611383263,92.09075741138413,92.97384426394422,90.94763558161841,81.53828221081012,74.81748161302046
2023-12-13,81.03061283535203,79.49580095392184,73.97856613257406,71.97839052395261,71.30918103871126,74.89297614779152,81.76030274029033,81.58440140004521,93.35077152515632,94.06246382843858,94.57966068596544,94.25380047164649,88.9046516833385,91.80260970580494,93.70233550623884,90.96629524485932,89.91611216428372,92.70635631834908,88.48886836222123,85.26058845006341,85.20312363546795,82.37580779868948,73.26260673071933,65.5403083848501
2023-12-14,62.06288457690835,57.27494435850891,52.26406626894414,50.742674889689106,50.54053743621452,56.43677374066769,67.60121215367768,72.17258280865485,86.9746068123923,87.78974478791287,87.2689776895674,86.3363386480304,68.50358060026257,75.11042003413192,75.01929739377219,71.97129985410281,76.57842645618416,88.03281501694624,83.61838920148809,80.45939850471467,79.62316464943753,77.0863619993174,64.68259435793797,49.48097136555471
2023-12-15,45.44254715071255,39.78242364226405,37.65142666276302,37.30153176975058,37.068354110803135,40.10741565559388,46.13810766609078,70.07484298739956,83.42905212429412,85.51565217083342,84.5853498382657,83.54892296800122,75.13451595174186,72.82056683712688,77.70012241704825,71.32853012599028,73.73159413482108,86.63400932452845,80.89598667956412,79.58550841573984,78.03812205807924,77.48351515795628,60.64041213706912,51.522496349491654
2023-12-16,50.75468099632506,42.68935873637476,39.99236012587849,35.294724898705255,36.998445298104286,44.06780193062255,51.01988293412442,63.15145526823773,80.52022303728813,81.0000040642099,76.13559605396651,75.0622660979471,64.09829301531298,67.29841521019257,74.39393139197544,77.35069737527257,72.15470021762575,86.34489088440338,88.3819592148612,78.00671655207155,78.65380842632086,77.43764690792075,68.35454063497964,53.80286811157342
2023-12-17,66.33275806540524,58.84867014510231,43.96466291067417,41.202519231778744,40.393982198488764,42.481282544790474,53.02585465158866,50.939712516396284,59.20724163266635,51.884352539822814,52.18476710685529,49.38908170186044,41.157028854920654,45.410884541248166,47.13860700559399,52.25158550376043,62.14748973558873,85.61244485050723,88.27243982201776,76.98441936597621,74.13259859645923,69.73604507372929,59.64987029152092,49.94293256263485
2023-12-18,58.37961104939337,53.19212459618483,40.65903156149632,40.608526229258736,42.38649180283166,46.19837102656025,55.10566631629713,66.0958747259801,83.53353029528787,90.4448001220988,87.82607096646966,87.28268948161026,84.06558410999274,88.05976013709405,88.78663794601704,87.4183189862433,89.49365163439654,90.0876319439082,89.44318434341425,84.5026219025538,84.69947765820518,81.06091947386064,74.55159157898862,67.62228994342219
2023-12-19,78.73145081068513,74.7765365284643,74.16590230159099,69.74217694734509,73.01642326815093,75.19120161963333,81.67270648940087,84.12613064915752,91.10541208149695,91.85314309041493,85.71009015064286,83.5330349312368,79.68384256390627,82.65855387669271,83.87618802256229,85.52120252473162,88.69181559128461,90.36314172967693,91.78378431386804,90.00146812267994,90.86928820224777,87.93380259722416,80.9837296887221,77.45476442566714
2023-12-20,79.63289303866864,80.38370001878738,75.82148579071574,72.65717852335071,71.22994886624167,72.34035466886108,78.66789182546104,80.18844496662653,92.78810935824555,92.61256232695612,80.96306901556578,81.61814076185036,72.55228443886638,77.92470381333247,73.6916239489821,76.24335447477135,86.31371473416092,91.78770241855146,90.35322637427875,80.17066415668677,81.40314734822752,81.42727962983932,76.39665357825558,61.77176544815058
2023-12-21,73.51220535939088,70.0208533513001,60.791970733307814,60.12293702065824,60.521429906835515,71.29379232873997,81.42005199754928,91.46563631093206,92.67308829143306,92.51881913897338,82.62587260860771,82.32012846867593,63.84702819159517,70.85282165414527,73.66757360413617,81.18687579014994,88.87065400702015,94.32282271456448,91.17383640095473,83.48181063982605,83.90830683674778,82.74566594871688,79.44644795300468,64.86646404490916
2023-12-22,76.17598006505041,73.65949965461895,68.52165115062051,65.2024100849742,66.04833563393716,69.91213614099435,74.77235551398753,72.45880715885694,76.22897457299416,83.44175298439144,82.86436687061261,82.41140035841504,68.26265114251694,72.58486057568787,80.6893007026051,80.82029809129791,84.11938067752246,91.06109263283285,91.60253359935851,85.88871872372634,86.96087547525674,85.60872599877577,80.22601791133476,68.85409373645203
2023-12-23,77.76344540601276,77.9566492923588,70.3364066144635,68.20549261705219,69.9042208060056,73.06409687093483,79.86165798160627,78.80720009291208,80.95808115407839,85.53932171509058,84.32697466479542,72.11717084601872,65.30786782627068,55.47473215464451,60.22502819172722,67.59402053515929,78.13907992376961,85.43939797517744,86.07903886511423,76.98682493626231,79.75003421494631,80.4867126548809,68.67993942815782,54.537336900236795
2023-12-24,56.48239546444906,51.216948645006326,48.303010424682576,44.17399428028341,41.71523947043986,42.332675503094435,55.096090252001595,54.20418124065472,65.63573705286615,65.18963807237554,69.85657380623542,70.14778541036962,66.41003779166348,72.93516307134688,73.86675478595276,78.04879539011705,71.9835761551575,74.31169227271333,85.17783177493726,81.57615379891314,81.86770667593476,80.36582337658018,63.99781578542793,62.67072830365764
2023-12-25,58.97429799002806,55.536415850686915,60.34094831260071,44.189928084089,49.72782534036071,54.1798625237692,70.29026708212055,83.4405394439256,85.64859129861019,88.2464480682371,71.7927371343846,72.59127504462325,65.07362187136783,66.54691718370061,72.37219326063382,79.39984959526367,83.78090578682239,85.25727634708886,91.11925175052629,87.19898019564694,81.56164082561615,81.20362221013339,76.41582651977896,65.7971668852949
2023-12-26,69.46925238742055,73.20333945692495,67.68303544371024,62.055436844386946,66.71915731806389,71.5301653848416,76.43904642809115,74.24304023110015,90.42042059805965,90.57960723194026,81.03626927936283,81.04829432684159,67.17906505722958,72.66083497432145,72.62059837227967,80.44536671128132,82.3774445869322,92.28434961286038,92.76489134467172,86.21100855666424,80.7612926492491,80.40989123001854,71.17559761031974,70.60209272627144
2023-12-27,74.02706745193248,77.28614889865834,69.70832818717092,67.79910315113175,68.50469077938419,73.42271414622888,83.12646796554337,85.13444798937229,91.17657841993976,91.59975471446771,82.63355180868639,81.78616313056538,60.4723607605329,68.85869203676424,72.1478389722695,81.05528594471285,90.65548400501734,92.91173186982084,93.01330366253751,82.03071899257105,82.75731168241602,82.56931480092263,78.60028530949567,70.47636106424727
2023-12-28,75.27380819750626,74.20611089978851,71.1092815509048,70.26014801681417,71.62787527784478,76.00287198060919,81.25569356122894,80.18442531737077,83.72668503010607,91.54438959365089,80.62960877411098,82.8530090379515,69.74466609341152,76.67142139361536,79.445043062894,79.22340641831434,83.88533762831601,91.66621196835636,91.66582423316605,90.1545119171986,88.71239995493914,82.31971133150248,79.52502830603784,78.63390199345734
2023-12-29,75.5780607145353,72.86086746909557,70.74534058260063,67.2816268759248,67.17522423149275,69.74424697102616,70.14076348113959,75.79744798941888,90.27866306407886,90.98092317433829,82.86293734942761,79.95501985186826,59.6508709098688,67.6332514139032,76.09254181760838,81.33467029690294,82.13323299988716,91.07999758443144,89.3865952169344,82.30489319925712,81.5994598154444,80.87616776426518,72.37280455816249,71.86889645755515
2023-12-30,77.26289055788675,74.81949421889884,71.44963335522858,69.38430469487756,69.46984309101538,73.37465211405117,82.64084904450831,81.65103602729648,86.15768258104714,86.07531341601543,71.7496277254208,76.29556988994408,52.34576863876633,57.40146127948689,59.29241064439077,67.83451679844208,77.33833505617308,91.03885685427367,91.30622740888802,90.79050834844723,81.38758746149873,84.18000920085383,71.49700892239439,68.31114515600724
2023-12-31,66.22434352844851,59.191907698126315,59.93272009941293,57.720190616550035,57.834901012375646,59.09797497801387,61.31972445721183,61.929084557486654,63.87545684916365,65.49353384390514,57.493948107936525,54.76358695586135,38.74243217570609,43.11696924757426,50.34759566872558,61.814888406089004,76.40504962386458,80.73816902900114,84.95845320686904,82.0047922437277,77.71508007389654,79.79295987392436,73.04399979590455,66.40540864132858
2024-01-01,70.18719117610071,62.145167268195884,64.33154417478481,57.73834831340236,57.13287543769433,61.34404020101433,66.8841493770726,77.92718330123681,83.79552567756141,81.73421924049019,75.71150415128342,75.5458859677861,56.9256078914255,61.74789255755178,70.24299439277587,76.05053000236109,80.70884766386877,90.39697956390113,91.55270826055768,85.85848761104046,80.01218754932603,81.73830160481728,71.65948871825896,67.51839093302873
2024-01-02,54.608852255293634,56.43401320961829,37.64523584509748,37.84667729185856,38.34052683457333,46.2563880336923,48.52149826138513,50.768694744914036,66.74373115380885,63.39534143589884,41.58658794699642,52.407426020399676,40.37471215324272,43.32934018651695,45.94508282627167,59.892794698191366,69.84946695255114,83.18132623093088,83.8525863920978,79.65488995644996,72.66814246444709,71.65867731282894,59.221433845267306,51.90254574163421
2024-01-03,75.1197467943629,69.94378272420623,67.24163362878664,61.85502967633985,60.628403516978736,68.91868543000933,74.67928298202699,75.87855560908913,89.90838788015625,90.96162307154916,79.6353130435331,79.98948318605377,61.80416706693473,66.89003149531602,69.97817565682068,74.65623816354092,79.97504203261492,91.24100797796389,92.17609506475459,87.15052212862626,83.04752421190209,79.90738648913445,76.55918868299813,69.96338965000338
2024-01-04,69.34373866576595,65.35930956640951,59.5972370214437,56.76714450622086,59.83569507476008,60.29942049677737,63.93725064180167,66.01545584236067,87.9203690491136,89.20391767360387,77.28444463388736,76.16247110206909,57.177589221737286,57.58932472322915,58.52592505637181,69.08194618655163,72.43732074622584,85.86000815462434,86.692197860107,82.45803676000139,81.47483281162997,80.83464783413967,68.35962462550162,57.35046093913273
2024-01-05,57.45808838893572,62.065236965796736,61.61329969342789,53.49220389590148,56.339033667777315,72.93418866579938,73.98051619583116,74.39652185144688,87.55713904483801,92.09771886497059,81.33724256105386,81.15185905272003,58.927244035149556,62.575982208445694,72.37708597519436,76.2978707177288,79.91058693793383,88.6905006146717,88.452128168467,86.53986948691683,85.10392958682019,82.44434239612329,76.00319957735884,71.16924117867967
2024-01-06,78.19910679769728,76.79578619181574,73.31447010420237,62.67319421338177,64.78358949505217,68.25044023727028,71.1402181009447,70.95531315781902,81.89038787310518,85.83132795188055,78.99023966188781,74.6896335915247,55.175382194496486,52.88716627981905,60.546527374295785,59.419544975607536,72.90591777620634,80.75227028157265,84.6967978572054,76.55454092878409,75.20456008369295,73.15856217149387,56.96729123681622,52.217565176711545
2024-01-07,49.290179359698655,45.46213386653877,46.14778325006656,45.285341292033195,45.02362691879925,44.56895645711558,49.036794956709514,52.909777247342134,44.70101774349727,46.657669133871224,41.55840796543865,41.62562038047973,35.86877594898382,38.47617087939736,37.708388496229226,41.35989986356856,43.935172245095195,69.03957779044542,76.41102131191249,65.98160024675767,65.48320903345162,63.522467303485705,40.36351643999837,39.26256661595013
2024-01-08,27.09418882307977,25.41408846428125,30.500103104582287,30.14293604011931,28.342189493225288,30.367374523229632,35.946438176668096,41.340173739258894,50.51980915804676,50.9259072171482,44.704711943736676,46.26861299534343,39.30146275213086,43.559324878895524,43.550623546420766,50.89882372493528,59.79390334024855,72.2532479813253,75.79247102098807,75.35852327719564,73.05004601048446,71.13071597203944,61.28460594374354,54.11279105190138
2024-01-09,69.83656254109248,68.84642082865659,62.95850651514342,53.861157661155275,52.77326176976711,53.45198946539567,52.3546929616493,69.62802498197054,73.08111125673497,74.75602459176213,69.11246233894849,69.54682693518512,54.378722101857434,59.73762636909432,63.20385437200191,65.99236371418338,70.48654360982093,84.58725561594946,84.07862630377862,76.90889641766665,73.40206502183662,73.29588768918214,58.55244754911031,51.47976107772606
2024-01-10,39.20829136393924,37.1532315203738,34.832894075712666,38.83328450377382,37.050920525885125,38.646303394545406,45.04641062027886,56.997798046928054,78.78184726193327,88.2304879090711,74.99386608066405,78.08595621517048,65.10021160314122,71.45988263430013,73.59904005836276,76.327763546898,75.86151726123747,85.41457447226269,83.14532750294917,82.42510240464152,80.41694093434181,79.16489387393977,60.86683600782074,50.904590441572225
2024-01-11,55.54572493935737,47.520604196687934,45.65252848474867,45.39049441147799,44.08871846079202,48.616702558381014,64.48700751406265,70.99853646849805,81.27739730574955,84.87477774355193,82.49768298388652,80.0021350951848,70.5629268622825,75.72575115477147,82.79868039296755,84.65214848030394,88.04563178075361,90.72350957418269,90.11250494659146,85.6412941151957,84.3773826755536,84.47314697199602,79.4049052683328,74.95121245702948
2024-01-12,73.92298239736944,73.4224805677563,74.90237915265294,73.90213155180363,74.90425913836518,75.91904797027964,77.75865869106306,79.64157730050461,88.21978505257512,90.35605805206454,86.1895246093881,87.81409665453346,73.34744506266269,80.771408159646,82.24537293103742,83.0855440758537,87.89032409331712,90.55414942321181,90.60758112555567,87.10362652638828,80.75387973815748,78.5685642708194,67.88568144555434,61.237948675833
2024-01-13,59.15204046468964,53.06310966498862,44.30079326589735,40.24694879758765,39.43934171138709,40.34114058055663,44.421669020474916,52.91912058160253,74.33411347732564,78.70898714092864,77.43069984462645,72.44028106560978,67.59934264129863,66.45644750075247,69.78601697553559,75.02613108419307,76.52275355696675,84.99619941073692,85.43356671004926,81.31264649464104,82.94830561908196,81.13031254898559,72.17369300358196,71.58292255128768
2024-01-14,66.92956406250975,63.15286652099407,65.96546838185708,64.2527569232398,68.36248448228633,74.27099706033474,75.4038429820293,73.30970023574626,70.87036837812131,68.30063927053527,59.583659315173065,58.14565307520154,53.97866982496511,60.82905846990036,58.70844701037305,61.49278040643678,71.18302174690959,82.17444051195342,83.73723266545727,81.87168045723372,81.06712859872884,80.99124543125016,64.6433077573104,60.88725224120178
2024-01-15,71.71504579453953,69.0289863926566,62.87886468068549,49.05005532418995,49.036105938133865,54.41263487946977,62.192876640471354,71.55501982759142,85.23717600107764,82.23239826120228,74.29716911421667,78.99893162353662,65.18997963468766,69.86768998431683,74.9717120616356,77.05452920798467,80.24660694368599,89.52240285625112,89.0443818877456,82.98021746545675,78.11129293768377,79.42563884933942,67.99547830766363,59.294640270826754
2024-01-16,50.26168587333963,35.32582237448823,32.36952624318349,29.636240737281454,30.01896024846338,37.91414812576896,43.52467637719078,62.45486770789021,81.60428910810523,87.21060105468659,82.90047103205698,81.74427154079721,72.3154865098483,75.72390726287992,78.56446728193065,81.79028341327466,83.58198520463691,88.9557519020913,88.65714138903641,85.9753517075649,85.20662428585463,79.76799724514855,72.71470699750674,67.63716920644092
2024-01-17,75.62522889752927,69.74055783103334,67.06974926627811,66.37801592596972,66.07112642875049,69.32572806323398,73.01858530447494,79.96604669093678,84.68536633485238,87.48268548439454,85.62903285822645,87.99159429884389,79.88842684475689,86.42381591399956,87.92073281572254,88.13908657114699,91.20191311486536,93.78661173492293,91.45188405056426,88.4033785341389,86.75375468205513,85.99924926484752,80.18918610135454,73.30087736565652
2024-01-18,75.03866518733801,66.315124306473,62.46137339800558,54.835511967728216,53.42927445344455,55.061769480416245,61.15837645408775,67.35948266377349,77.47878523502878,81.4329792256346,81.30176681915552,79.16268301072155,74.96240432684773,76.91319307889256,78.75120490858511,81.99239576893258,83.90925577779892,85.774399092059,85.94271580535123,83.23580201998516,75.32375526102751,76.14265585321206,64.98859200122418,56.70127783734531
2024-01-19,45.970908078919024,28.276586554284556,25.89423751140259,27.205652199403872,27.87539291969811,26.990226595126366,32.4599715524056,46.508954853395636,75.17157851483533,81.5047014935466,78.94578796403914,84.50818552423806,72.4658491803801,73.18066875045912,73.87409766093148,76.46350389634044,78.245745420001,84.2630385662805,81.49491952905919,82.12069789683342,81.07723803969841,80.46823110044406,71.7333670314464,68.2764299549282
2024-01-20,63.2781930223741,59.31183856416057,47.95363197049748,42.41025004342126,44.32475512696344,44.922354822659315,47.88012006390957,65.96210996838526,69.45125170022168,78.72004995245592,77.3789276042754,73.2024030315646,62.21165578746404,62.65227123790892,69.67229272368557,75.16946843006033,76.8814972734069,84.46305858619814,79.98837324282252,78.08235786802297,76.04842560762212,75.69784605227116,65.87959542579567,57.92648566379006
2024-01-21,52.15118038996059,42.872832098339074,39.776568380672,36.44390942392162,37.28712559583893,39.47419660277283,40.17825562238976,39.415541516422614,46.021071702303786,38.60376563043764,35.03834128925979,33.78353626920274,30.94468927936761,31.960264274400163,36.1813077080436,38.92144568066903,52.53181156275493,74.12378408492614,77.7460286154459,74.72167252224594,69.55414190654729,64.38478374744638,52.14628171899652,31.594383327017027
2024-01-22,32.63600211247664,33.69086947671469,34.938023723816535,32.52033435567311,31.892979567921582,33.8835005340024,38.61757243477201,36.87057309156524,71.52114171150136,74.33449891259998,79.43142565033769,75.29797500704065,70.05125386017241,74.90645773979067,75.2950706144726,74.88727870736695,77.92036450036663,78.99121663370714,77.95074113353282,79.15466338460543,73.81378879331092,68.54948648858752,59.70259931680329,59.70104147691561
2024-01-23,58.701652878344866,37.197904214790945,34.025242957422414,38.53969032255801,39.56489049460261,40.779032712087236,45.82847229928461,69.02206515240294,82.60964427856587,84.14786318492239,82.98661135079041,83.49258640301346,76.01053904746958,84.94648824929673,85.11143652220353,84.89322873818341,84.21244671849658,89.33324420432318,88.35687175092846,83.54135288652942,81.40526467479702,80.19423314657273,73.06569114224743,72.12868999194158
2024-01-24,71.28876345050216,69.81125054027166,66.12995250130311,49.79448087220218,64.85670734990454,64.31815658306394,62.66347735520283,71.21735860733587,79.27350884391234,83.13451177504797,79.69387942539989,78.74295117294969,67.98634566209228,73.53854281046063,76.02161844847039,76.56854849886453,80.2609000907503,87.92546820584226,88.26881203983389,83.41193993890437,82.91382872391188,82.86588844696364,76.3644616360912,72.90741676553027
2024-01-25,74.973399395462,73.16070565344957,71.06098750930842,70.01128769695988,72.98214369126073,72.8298976805746,76.38912356451738,81.02180928077654,89.57171565695168,88.40345602467967,86.46100627773568,82.74811044697968,74.63202489131828,76.92568418952678,80.35495843953174,81.66498932708235,85.37988675966444,92.02863393746739,91.60358764586555,87.50123630331643,84.73791582973831,84.69415660586313,78.56623588773432,76.12037420249625
2024-01-26,74.43339625557081,73.91338126087172,72.33347672216817,66.42428384080216,66.76825536584619,67.01695903350262,69.83873230939007,72.73509318568992,84.91194147977475,84.58313138931135,79.82192779173855,74.58722545468261,63.51859837810987,65.82234265403108,71.12726186512774,73.63011158298987,79.0810745643548,85.63624960634161,86.43169979377724,83.3483271645411,80.0057430426708,81.0613395792122,71.86146105155932,68.84974330483065
2024-01-27,75.87015559067167,73.43091350058907,69.1134392368412,66.2528984790171,65.98644239338425,69.74418628013932,71.65105684157962,73.7883486438071,75.59726327922823,79.63137408032937,77.98117093385378,79.40128689908624,69.05167902068156,69.60798136714133,71.75444137136088,74.31695201948807,79.99076068417028,84.74611016857861,87.14592939849037,81.24995701979616,79.77814802595964,80.62607011975601,75.05935752747793,68.36034982368042
2024-01-28,68.13647286816558,62.770357675115754,45.36126490234188,36.3193689796606,37.36694046885899,41.62546467312968,54.9057066948726,47.277657114010864,45.62501909020658,57.85469109211244,62.82272592226575,61.23990050012245,56.4040259843631,53.09703126302565,55.673693553073115,58.218397135318405,65.62988378341329,80.5402245567022,83.6608503006897,78.24055886070785,78.48921089733055,76.13078141369196,59.341987311092474,55.42298751415001
2024-01-29,61.38502303582827,55.67336275494425,39.84384627747193,39.021050171772494,40.533299541963615,41.03299020125302,50.106084601135585,58.32077681824121,77.72706013253737,81.39346284963595,79.51478261814663,74.36748851490891,57.763814126597815,67.72031978439729,73.59249557733943,72.44940083942178,76.6662359629798,80.73715985254628,82.68120896068918,78.89591069871379,77.60915378650044,76.72865506229599,67.5208368941264,62.6035841922197
2024-01-30,48.09112107118428,50.62911465985501,37.71478814955291,32.46694571737765,40.00858530977398,40.84099211420232,41.069778239394935,54.894720840772315,74.00670520112735,77.48564244515177,76.23003435276861,73.0626641273824,62.562280392900064,68.30384676832429,71.46498995845644,73.53965081799598,75.34374068732673,83.9311449379698,83.00460961083529,78.84028951132943,76.79652288704581,76.42719824332423,63.38483595995834,50.48027649363903
2024-01-31,54.939690135046355,52.76934669889002,42.81182408822462,41.18685320783328,41.650399190339925,40.82431481275749,48.26761674942117,57.19397336933455,75.15608985526087,77.60599896333825,77.44488575076707,78.38153938889428,61.90502023570242,66.7647914752921,72.54861997887684,77.33085554464029,79.52243437105786,85.78680588848594,86.48028336428959,78.63009941978072,75.73864075616234,77.29933170944621,69.97236035406075,65.2626457498447
2024-02-01,64.81862935462938,62.956648555002374,56.93564693327938,55.21677321602691,53.61181772365285,54.769084504584555,57.37246745885801,66.22119225399574,76.7585819429173,82.29642148907251,75.66674523158325,76.88753807544863,65.29982461111501,70.70339531409496,74.90161413234621,78.18505123773521,86.21113303057113,91.27869439246658,90.34289958606433,84.11066933644257,80.19111224008994,80.20044822061817,76.47893379237814,72.80093996952613
2024-02-02,80.60299201962756,78.64010371349387,75.28482462737543,70.4057424057101,70.27320334196622,71.02710170209237,73.86588697836807,78.7859452115694,84.20788437301698,87.54114874856457,82.09055941376339,82.1246640583112,63.7894338415424,66.61879806047821,74.6182391422142,78.12404916017664,85.10766679827019,88.76113737033748,86.97890077634946,81.47323144719827,80.28233328043103,80.34417308303446,75.62463062499229,67.25489369386203
2024-02-03,72.41008321444835,65.70120248574858,62.513314657733204,57.308240800996955,56.945643289175955,60.836885993081886,61.78375142672092,63.39679528157587,78.15716062640021,77.80960820710435,75.2165153219959,74.47869557258238,61.26850749891427,61.11703046444115,65.85929805751432,71.05044036240614,77.74117825646161,85.60841911321667,88.20702119525858,82.83069280000308,82.09822540033296,79.03868574015979,75.2226380651328,70.23064686295457
2024-02-04,75.03903533895773,69.66370481438692,67.4572614250804,66.44432884421487,66.25698703332466,67.93108506640503,67.05579884036212,67.37125538139665,60.967557529945,63.344051116457486,60.60099706507578,58.26971286888613,51.18561598323982,53.50881662786426,60.566953928349115,64.81209604533254,67.64328034733916,80.61389222178681,85.19957379893218,81.6303204374461,79.08190561209028,76.94437146288953,72.54712396260175,67.16493605760809
2024-02-05,73.24809705648762,72.15321628230994,66.54284153471157,65.01259627567508,65.50750038729039,67.2575513398538,69.14050111865973,72.85677179843096,81.94870247580117,81.76095053012773,77.68842023648071,78.94915428269393,68.31806846542013,71.39392740809423,75.12947079997349,76.77986210413026,79.14417350755843,81.9746631829972,83.42094950252574,82.68789270077359,82.94859984799506,79.27237931934101,76.63787842659019,66.79308683855045
2024-02-06,74.90509662341786,70.31626454338499,67.10341854641554,67.51638298170793,67.5144444140996,69.05523517222956,71.34069359357397,75.63120567708862,82.95198389719205,85.71863828013252,79.84926256806911,78.00585934868063,68.78956128292049,71.32400448780756,75.20382167613838,76.93224758224754,81.84102992637831,85.61547015236711,86.00324767951417,80.76590296753307,78.65606771203662,78.07218905998748,71.33518687162208,69.87843112572969
2024-02-07,73.18130176550859,65.25658821647369,60.46359038509694,61.44175162092283,57.86657926379709,58.403047601298866,69.86175540696489,66.94959398717087,81.88695231067621,80.56596733819926,74.41044104447744,69.96309686316819,57.08649662873725,61.92732474848026,69.94961024412356,73.02747675189647,72.82301027088234,85.07901069903191,86.38274458799121,79.82025903610777,75.4351168722316,76.22679200929905,69.39906604032198,65.63731704343041
2024-02-08,68.54153548970677,71.38108945707144,67.74538954258155,64.95414243770406,66.01701417256376,67.7697105138432,69.77225982904291,75.96167639967602,82.0181821777456,81.68844166711763,74.16731411348557,74.83104507565496,55.96230399238778,61.63945180844835,64.52816353929373,67.70855900703123,74.47764019757741,85.24490709350201,86.05440803598313,82.68588501840192,80.67661325719205,79.29167096091531,73.33332125759105,71.42710953400396
2024-02-09,63.22616217685581,64.77380578222153,60.886683970627466,60.54419545990982,53.643065495344516,54.040115459343085,66.10548138974515,65.39477321110024,82.83256759881031,82.23584860418129,76.15411544698259,73.62543855191898,59.62058421370291,58.404553571515365,65.03719381019538,69.1244220583426,74.92373119590006,81.34726293152589,80.18784213065665,75.19708066502174,72.34313835441438,68.10564760046053,62.47534730225038,59.62951694976899
2024-02-10,71.32968449849378,65.60905007975514,61.81832587732528,60.63399768155695,52.86352677340634,50.21654154451587,51.57168636055735,63.17324737872064,71.93813528946471,78.2881607720595,74.68662098652668,72.09622368396087,54.99973892530133,55.09913510433188,59.59869016647862,63.22828168222842,65.51626409713238,75.89470170149562,76.2494940176202,77.84829795372937,76.92840597267201,72.32054711712479,55.40205763953424,46.40788364756247
2024-02-11,31.76570598868104,29.486140857209207,28.03124452640445,26.601807337907417,26.868012764455713,24.81164167468326,27.449138503655096,29.65536441167355,29.922461438331442,30.34800477503074,23.359168446859407,20.974464479638886,21.112014605656324,19.734291522712144,21.654809447970926,23.390112953137365,36.41504945225392,57.379944330759685,59.68930181345986,63.25171274000433,55.890505159416975,54.35153473780049,38.71411096375564,27.23081558267077
2024-02-12,33.15986746379427,24.32510870615842,23.72410253896787,20.81072573173947,23.20333221610837,23.95347485146252,25.671161607590964,31.606280172685132,64.53629256016154,72.72069923010903,66.77538737231049,63.56785005480006,49.91979126511975,52.153643677143656,57.553186805481175,57.96287321564727,64.21774428821041,72.34633529537858,75.4310695283202,71.1058718212829,65.74840765890232,64.96158668929249,63.28987811595605,61.17104988660882
2024-02-13,65.51135077835426,38.112059168993326,38.276995352434,41.7072528911377,36.529147817912985,43.17344639873653,65.55408584115693,71.2881573853864,83.92203985630584,86.79944921759787,75.6249676349185,74.54582323355157,61.26317233146045,64.33084950145987,68.67384638752189,70.45496627884413,73.10032838846695,82.09053870677445,82.46483724911815,77.0332778507336,76.40295696471256,76.98351827560552,71.29674251265595,72.16396797139495
2024-02-14,73.52403995765368,72.78396355673156,70.52734492182627,69.04694275620002,67.5644469459454,68.51371871081706,71.09593223231492,72.24384732083921,84.88633106829057,85.30180283666745,75.75906143481454,71.79716733549698,57.417293280571386,57.34628261314061,56.53413642496484,59.68361188956284,64.71823082729212,77.07235434273704,79.65004784310358,76.85049744812854,74.43589923277729,69.02153648502842,53.553169083281546,51.47495953296615
2024-02-15,55.96308470907048,53.924424911538,38.14624487715562,38.52253263643974,42.80505894586224,43.00306358383476,49.92408218475884,64.47286234492141,74.74032222942424,82.67798790592813,77.17414869888911,77.40323887779881,70.15545254857484,70.02812770972521,72.48875526020687,74.8617537229813,72.71383160880966,72.5044519982651,73.7656143194004,72.87970549766536,71.58553017795528,70.44609752330405,69.08288686786207,56.166828967412414
2024-02-16,55.040387134844494,59.97515048579673,58.83648462544107,56.148409403890305,55.10323345695073,60.74481353279886,66.0712306682758,71.25335927917152,78.3586677045304,77.93714830381849,72.26887472091703,68.99529502824528,59.908283707479995,58.867703172803694,65.34731389915521,68.25086685107406,70.48767438314142,75.81121492854014,77.98282579023846,77.441219073388,76.09065036006957,76.20782385613529,70.53932719960174,67.09074225363824
2024-02-17,53.9865131526356,47.96687934093952,42.59706891926367,41.48059867079597,33.849206319507175,40.621926321866646,47.49995414233874,54.58912380393487,63.44249419194559,62.982428194363905,60.125993484938135,60.315900991555154,53.73274402445449,53.35326250815893,54.15646235579608,58.53297099591496,53.77907109110111,66.59231882789486,74.81614883268963,76.28880115905842,69.18324264326722,66.65438172128079,60.17003657180104,52.65558107413933
2024-02-18,37.994096437649716,34.79386165046828,37.176505147093664,37.20149332532744,36.41149258762112,36.213957916668456,37.527780972582676,38.720191354050556,29.67636540630061,31.178611762987174,30.104276256546733,34.53257398644422,37.76918579673718,36.74536554978026,27.920229989484735,29.55148148751105,33.27373333422212,63.842096985306796,74.08694394977299,76.69329136415683,71.60365187483258,70.13292207415967,54.36570985654044,49.41496308880707
2024-02-19,57.32425061777906,56.92596235332295,49.25473876355391,43.03334294924894,41.8671861892951,43.67796618903418,44.163321545380796,58.0607803821771,74.05415042587116,82.2680347257323,75.62315547842387,71.7824269910567,62.97813931080536,64.2192819591372,66.50824570258939,66.08167969682917,67.68856197483072,76.0791187786905,79.18409391566276,81.29603464990906,77.17221867813595,71.64136777732944,65.63469897357426,63.21517544483813
2024-02-20,60.09976555471398,60.87119588036176,57.08355454192973,51.63235953662463,53.34532063987282,62.451670350769305,70.82901978246043,71.59465883784642,76.02548249810037,79.68509554873903,73.0955442713782,73.81634749626708,67.78060426243904,67.89561179665114,67.41148519382891,68.69551217996654,69.85421209008975,78.26901348937199,82.05078486745681,82.51787403016293,76.92101296012302,76.86997564422477,68.84977067214443,63.92351437363939
2024-02-21,70.67886627291435,71.77397366664277,71.73291484126781,69.4768577153264,68.05145878756127,68.96256713632373,71.20355508870456,75.02153663963708,85.01255453008211,87.37877280986453,78.3396425427961,79.07298990703815,68.60433027241196,71.11867397810556,71.89521239301548,74.42140226887733,73.73908503848331,80.71334071309612,83.89251167118358,83.25007530365309,79.54263265988655,77.11864032300666,71.98269356728915,70.13193329801639
2024-02-22,71.4173054962724,68.76488884214723,67.28143484740409,66.58088014706814,65.48868302724382,66.81357900932589,66.88543003037115,72.26545657393466,84.32786608394645,76.72158060888526,65.31053819719746,64.35103972929508,55.56970107207739,59.52234072483353,63.124695298495524,65.11791600985671,68.35415840012936,80.91712322128504,83.40203776210572,81.77943771771028,75.48899130668,70.84483204373666,67.5197615452955,65.2521242171268
2024-02-23,74.83480185110099,73.29738203149975,67.10201789093766,64.37659341311897,59.48132617405505,63.936452090141316,66.61393824716214,69.70818972397721,78.89574301357077,78.34000090170663,73.39673209156993,75.24752162587903,55.06052695165695,55.400742736430736,57.86313672141512,61.623503213599086,64.57009684096403,76.5155257235625,83.49572046936778,83.58503604101624,79.0188623987021,77.77368496665544,70.03816427584825,66.26652330030787
2024-02-24,65.26589457501103,64.7246711850923,55.47062168827341,51.54751532308398,49.366948415223106,50.97665394084371,52.44322984591289,67.84937286873395,70.22439914827595,69.55430411074816,49.923403658894756,43.57096313061552,33.51603412000617,35.129712908911166,38.87633316098287,44.74860171952986,48.72333634075382,72.52200580718939,82.4489659499403,85.2051550998265,80.51501191785566,75.07778681364047,68.34174759271839,66.7350135310693
2024-02-25,74.08007294659005,68.49617973320208,61.080499220644604,58.38453943763722,51.89658355209948,48.43535166027561,50.02070978336679,59.747323413642654,53.4186585413489,42.43107464810972,36.1498401470852,34.14967909566897,29.619583447777988,30.479452116365586,31.33300328381137,33.155538489968464,39.792479235340195,61.62829116296918,79.96137469398745,86.76539718484455,80.69131269306042,76.64390290642787,69.57423373370365,66.46010665557982
2024-02-26,66.86053222567928,63.26160333865238,56.523080076852956,52.33621448228021,47.46412080501257,47.601608741548844,49.42249905792983,71.34547265136533,75.3944113096638,75.92033625449065,63.17623414658338,63.55876731438153,55.541463178078466,56.61960578660629,56.23228011534615,62.30310551212575,71.16876982044826,79.85320385579033,84.7427640575362,88.65477191145688,83.7264425236647,78.80005614250956,71.99715277614165,71.69856861192679
2024-02-27,72.17455797426227,71.74774832412479,69.989799256335,67.86801786514285,66.98801624889904,70.01980550852869,71.66730451684516,76.60619137072506,82.83483211309044,81.65330901418193,73.89533190548653,73.44746970965299,61.99551071011192,65.04910575619093,65.32657441658736,68.30025841688298,68.597012812075,78.90147384837299,82.27029674426493,83.58137909122215,82.89012329457174,76.91135003153366,72.37903182714788,69.94114186777338
2024-02-28,72.09379067761097,69.33270854652399,67.51053513595043,64.51063785109444,63.39758869352306,66.3732201242765,69.75879787632387,74.93315716565694,87.12722532299507,83.6542190451407,69.01605007318987,66.83824014356021,57.75954440035831,60.40611041126656,61.8327040554777,61.28067483795723,63.26905756301659,76.91007747928306,84.47403889792176,84.39181666624867,80.41670464850758,77.20035566967849,75.51032419519049,67.71033210555095
2024-02-29,72.2171642742831,73.18555265353908,68.17481353520522,65.58835974197447,65.9528593880726,67.03251277393142,74.09401317200513,79.2802942101634,85.78125276923055,81.05913701633503,68.79285797014536,70.0416297826188,56.12628206804273,62.672314426039456,62.27212650455017,67.15634673405033,70.27662549227391,77.79364794544465,83.2116306352831,84.22367903447237,84.60569028220527,78.80843315857372,73.17702357712741,72.46789509177557
2024-03-01,75.45074550360586,73.12666319147988,70.27812063985436,66.96732119928186,67.56831677960975,67.9154652090976,76.78794785887176,80.7353926628165,87.88798810373645,84.26843858143077,44.47632842195437,39.919482936508786,25.087431084854604,22.82810196391989,25.694160644282032,28.96448683079958,50.48132411903217,73.525317931204,83.59415903148725,85.26366950278295,84.3785223368469,78.80139144676396,75.90647255309942,72.59613529823524
2024-03-02,71.7916522345807,74.10390102840569,65.6885938173548,66.58410217269058,65.64352140870689,66.20892653406578,67.16224954944705,71.80288812059018,81.83817203577703,61.65478649496433,44.616908086066466,42.47586204174573,37.83888713505641,39.325268043991734,41.943876570349296,49.490747450575846,57.56877743588274,73.4693493819832,79.9249534016476,84.82146098518031,83.05217685226309,77.53125744698151,73.23030381517128,69.20576748270446
2024-03-03,68.34347627599257,66.74708555914873,65.0944264865219,60.34930511339589,58.96937895725494,60.14093428767108,66.72204016205727,58.939033050719324,47.322173310567734,44.18522603719027,27.74087595973599,25.10354858370349,27.523794627884207,30.17505407090674,30.360925331368623,35.51965983297165,57.800546494702395,71.26805751879247,77.86031330596742,84.6904149626783,79.96938708768491,74.38714871902144,67.2544631681881,65.3938717025896
2024-03-04,72.98275794094744,69.93026033531335,69.5036233092122,65.88018214553668,65.7120003067114,68.1750265410506,74.62691428743484,73.88929435107472,80.0342715699316,75.8578988896638,69.23807280581836,66.89195956114274,58.4034943334864,56.47920834989129,62.26638191197978,67.15616324987108,72.77670020357282,75.75838783986275,76.30384797507477,83.25079106700846,81.48909304827006,75.47614803860111,71.54237915054473,70.69135565296764
2024-03-05,73.19249481452933,71.85000870128145,70.41586396630352,71.64044726798565,69.9199209972406,71.09006149342737,73.49722234056513,73.17445956812485,82.2420118817708,76.55988369018264,61.305155787766594,62.33575453944738,53.78175515902931,54.686014386253035,53.9426333473449,55.26137451846407,66.65188410331405,78.18142676122099,82.1850453487739,86.49069642122416,86.20511888814913,80.83271978953142,75.08682762433652,72.49991622550938
2024-03-06,74.34788366015698,72.97902220376454,73.58462915490038,72.79779911279398,71.42492200932452,72.51647818695916,76.56058652776277,78.5267822133054,84.30736178677498,78.07841104607304,66.11162143073855,64.74312353876506,55.51525216374379,60.66876125947401,64.89430102097897,72.59582122116558,71.51207049829661,81.59436504881332,84.13292667649353,85.79393201917864,84.48763521319174,77.78226229891658,74.68458965955251,72.50300372912393
2024-03-07,75.75652168527745,74.89553030743944,73.9726635804568,74.20604213865204,72.95532952360477,74.41458134515261,79.21408242756398,79.5881835907811,85.49752583877776,87.21913955156636,79.64774304424452,79.03955200494671,68.52607879569028,68.54065136219386,69.36151842846073,73.18688855390702,71.60503872620237,78.3695659842683,82.35817498244775,86.30582195445416,84.12478643877976,80.32773754591362,78.14807412097932,73.48305653259095
2024-03-08,74.58042881132634,72.4618503150146,71.5505663127659,70.14077039021507,69.8895823480343,70.13284053465138,74.96178976301283,75.42535591338387,84.70001636179134,80.53403052455718,71.73454757357058,73.83189540956002,62.909748819519216,62.79478160698398,68.61598471644012,69.62863696978903,66.65636633426837,76.95733853135027,78.48644739702159,82.7126249634625,82.24217680957953,80.95713326127748,73.66121884239776,72.40432869953052
2024-03-09,72.57783500611103,71.67178362023863,69.65843480498344,69.6090085710662,72.4101477655631,72.97760637931106,74.75438517948191,74.61453334900168,79.51523805915342,79.19217637107387,71.04522940520532,72.92039866076573,53.796350604277194,52.44221505310805,63.568305964183025,69.11160065392149,72.5987830719032,78.59316997414525,78.62843872692646,85.24453734521094,83.1755680887925,80.43456114988825,75.09765410191594,72.93338516709773
2024-03-10,72.43433223372213,70.24086826298071,69.31109864010132,69.78708861406012,69.80706124266324,70.11547567355053,73.56020253065591,71.57452331769942,73.74681915812826,71.03367938375175,59.43302305037795,51.0880218476853,41.45492666907743,41.32989291853298,45.1772768434464,47.633132629216696,53.38775376007029,70.26256569295462,74.16030831098823,84.57289650541011,84.48465512324292,77.42346862481438,72.04667832941394,71.15839669696318
2024-03-11,72.8041201024525,70.72924484287599,71.72448896122107,70.80777324357676,68.80182363356585,71.05746118862075,75.28374336143142,75.02233343247592,84.38193911019029,84.01279945466763,79.657736876917,76.0545517740955,64.40280099323174,62.775281197160695,63.78572848337955,66.97162530164003,71.06549948937527,81.02415678644768,84.71373622627499,86.92173792809714,86.01578651094539,81.96983043691566,72.56757330072546,62.36834039548016
2024-03-12,65.62934074937412,65.03510007246756,58.53449639169264,54.97184560981642,50.260540921721436,53.50098867741504,70.08094876121135,68.66618399751485,73.68083305562544,73.3260003618548,61.300318341229165,59.93709067852774,49.32533161977755,52.82568202325701,50.216575367053075,55.82212027760459,55.02436959221805,72.09925846467777,74.0069105379013,76.6536865350178,77.80201311700624,77.13098243330248,64.99331694574457,61.33700082978229
2024-03-13,71.20767331328477,64.66311912575108,66.62797504587681,68.17736405684295,69.85418730052615,70.67026616533731,69.19612789868182,71.08279160930371,83.96367707818803,81.7577104310495,74.88421067244951,72.71302406094344,59.73274486140696,57.815726551026856,66.72838547351881,72.28881249830373,73.78806036848908,81.6510001263688,85.50934336652739,87.22019981606358,87.04169073047356,83.54746799352436,79.42691843974613,75.9510325107985
2024-03-14,75.24747734068868,73.88043835487497,72.82827638795709,73.91074367082541,76.56773468493812,76.25285576260228,78.59109761288956,77.91564747190489,87.42951822721862,84.28626057813966,76.6177003862663,75.22125222707358,65.25989496303454,69.58533813923343,71.74555922897157,75.92525156776912,77.4186825784575,83.72744874463399,84.34757769385922,84.22469968602373,84.77395708364114,83.56783289014385,77.1441739150374,74.58966191077012
2024-03-15,80.19848376986317,77.37369259652398,76.56512949051663,75.56725333032549,78.94299131189283,78.64919709901105,77.38579962249337,79.14668177338459,85.66058988608177,82.20215914375981,76.29182663640347,73.02993115136427,71.19601955638679,68.61699332749788,71.38062881884835,77.0216801158044,78.382131501339,83.85037899617659,79.45659306445435,81.5777718700887,81.6969322975898,80.04598290072123,78.85673317175943,76.74944583220949
2024-03-16,75.21832158245587,74.89393006603915,76.91312666775951,78.18900840925902,78.27852664735614,78.1905654662774,79.33728110128814,76.26917760531624,83.04739505252782,84.09905370131956,79.41458857879108,74.16693234639736,65.85041357046536,68.08847584787156,69.65756296934468,74.49440860498441,74.07334784240602,80.15187064090735,82.56893290447955,84.1097258445406,83.63585625352178,82.6720714915017,76.18671771157051,74.14420021642388
2024-03-17,75.06709969047193,72.23497938692068,71.16074123616691,71.84561276881767,75.35329337758145,75.26033739645095,75.44371696915421,72.04901615479996,68.71377157973174,56.288909927715444,39.73016055556806,32.73697700281032,27.398587713180728,26.955378822863302,29.35771406388391,30.091155129960143,51.51190639041847,75.86213436935601,82.05970831893976,82.36734601538197,83.7002456139321,81.32176655820771,73.33218464754623,68.97906219903027
2024-03-18,75.08014472277077,71.36492718044066,72.49702532153208,73.93130649208308,74.49341675802964,75.68382655013399,77.20921522165405,75.14770684310014,80.80099606434679,79.14118494910169,73.09267867934788,70.73668813354071,61.35573226196813,60.51900713449618,64.84115872482887,71.90555801907571,71.80820887836734,83.28039508843197,86.22771874884135,85.7391027222737,85.50930500846523,83.6746769984701,75.6487147896829,74.75745328294927
2024-03-19,73.95091426705775,74.13469260136878,75.88183884190994,77.8381629784385,80.02927285064035,79.03902174256525,79.02636449013828,76.91806803353694,83.54143019776393,76.55706993081557,71.20885997178335,65.43870432347983,58.93821880670705,62.333145332106234,62.60812183483364,67.29645692673772,72.59097713681271,78.2836401216922,81.68402283714079,81.48715022167391,81.99847559100529,79.78485594380506,70.33132321578415,66.3128223248244
2024-03-20,67.13590602063869,66.74693039847634,62.821224157529905,63.31405255749137,67.04205831736053,70.45308069839749,67.42643397903366,66.42062910162339,75.38904506758574,74.0483823474785,64.35847862721452,60.74024816364664,52.47814875934855,60.68820855570119,64.265670010666,68.50620675937918,75.54514062494525,79.04056928047633,78.98384859837822,79.02638877305597,80.38774509452901,81.10284753079283,73.67171894334086,72.1633225933866
2024-03-21,70.04974485897351,72.08050827289355,70.23162683119477,72.98342728065543,76.04867176613779,78.30001315296239,80.86593934808366,79.9217073291328,83.61148875290223,82.13670334523061,77.28442161799993,75.89808101483355,67.17025378415832,71.10940004332275,74.39478047845732,79.73272073288142,78.76692932987528,82.4872402906105,84.5940595558905,82.37599039316409,84.15736843570448,80.92432649229453,79.588516966053,77.10648227249415
2024-03-22,73.62784689663809,72.86195310281975,72.91310964653933,72.83094888038762,75.55727763615819,76.02401308440416,74.82242850868904,73.16547460326403,81.06913123048177,80.62885000549139,77.68113563785784,74.64489693756117,59.80429748657065,61.319575353387975,74.31074596952323,77.73671841822177,76.27126716455624,81.06853606083587,84.19686464961448,79.34547499961693,84.15424930180629,82.94692536660025,73.02890782760367,73.1209099922869
2024-03-23,78.83126428610211,76.02740251965325,74.01342234549026,73.88149407577482,77.01192055800347,76.76579760768539,73.84286353304208,72.46143859724653,73.09268925526308,71.73648802527109,68.72153213901748,67.3610971699209,52.65031767193014,52.85483859880037,62.205621266558204,62.34052868706363,65.7104747229091,79.77844389300704,83.87643549518978,83.42398497949955,84.30217977763932,83.6916589540034,74.89628737396076,74.01674118015809
2024-03-24,74.28584149299336,72.57356749206134,69.14055839414544,71.2736901116431,71.49077385773293,71.6213826773361,73.42530366511842,56.91053916960646,53.619075290481014,36.7299931157561,32.73743713062631,30.14630673432265,22.673222293332625,21.717491061074373,23.514967953862417,30.286122672789062,38.66947325008033,64.92082408893589,72.72611827106186,81.12057085082134,80.41324396613129,69.20906031040752,45.46542407730945,47.88738270149668
2024-03-25,65.57349651005376,56.02415097457308,50.87048934390232,54.11523922596575,55.76504882408876,55.66181681968387,55.97524412435485,55.39616219192124,69.14120445331558,47.500899410285626,58.705909546661964,50.20127397270804,40.937209561701785,51.635778910269366,57.714707984902645,67.13851121577389,72.21280524430463,81.39219909342539,80.8993432136834,84.4873115388529,84.66277509521811,83.13759282261739,75.62246417470978,73.67513667093345
2024-03-26,77.62084795581862,77.57189359746197,74.60555596151636,74.61766789305793,76.59946028641124,76.5275949574199,75.55059895120891,72.78767769308021,80.17031903886772,74.1919500888177,67.75961820428054,69.41470929641378,61.506824013453944,63.75652674463524,66.44368015116247,70.74359298272209,68.12003230016256,79.64664458998803,85.19344552870476,85.35510834373757,85.18473758340197,81.07655993828166,75.82571407433643,74.69577520457588
2024-03-27,77.21301832366304,72.79875236298366,71.12060713385446,71.08447121012792,69.44385682384346,70.4200270322388,71.92877330472324,69.8105119684619,79.96517174404596,75.64523320232446,64.3477081384948,54.69655300932685,40.76019026751212,45.550141267974794,52.166963233160736,64.67128018011337,62.15903965733125,76.14957044767296,83.2894062137398,79.75464053437626,84.10252705713698,80.65085065554443,69.52215242897327,64.44302828931458
2024-03-28,66.8755820324849,62.172716770003944,55.17364018290489,55.036480607650596,54.2962166208419,52.46643035359906,50.027195421904494,58.1529793966692,71.42995643161852,75.28822119013024,59.32145385111393,67.44456350605229,46.23363018119495,57.66401213372919,63.247338020691124,67.33885696814401,63.95566936990046,75.97579762210589,82.78769845843144,82.68428237613001,83.54094373982569,82.66667794057324,68.93685747491608,64.94404580252255
2024-03-29,71.20015793143426,70.49551888280781,66.77820455777345,68.99445007775431,69.81312889228678,70.01699671265631,70.95003157084268,68.38733709302896,72.7625460415768,69.33376457752375,62.68901063439277,59.205616734271985,42.67188032558546,43.87796392596211,55.271825688026915,58.96581090673596,63.830645952717774,78.46683709520666,79.5849898599325,79.54001959479729,82.37722193286088,79.30830624621495,66.59054528650897,66.44074745263546
2024-03-30,69.61532014124936,70.5334861310296,67.44086143304493,69.11058284149223,70.88651793772402,71.53095757720112,70.6317841034266,67.40354442850933,70.13467674085494,56.730782246469225,54.364701262652304,46.802481397939815,34.74263008508072,38.93209610409939,44.49026656728624,46.887018539037854,53.219289002135184,69.40460658366413,77.48772142592759,77.1522784716604,82.61984353972588,78.48608774404096,65.56526044807235,62.750531983699666
2024-03-31,74.47975418395184,69.70077246450558,65.68051139249707,67.59064921202518,70.73598427531407,68.09762570232428,70.54772118097598,49.25479586580513,32.75091551131611,30.18319887344247,18.125412685341715,16.75088150312568,16.082165123003293,18.85677705340764,20.324260399864293,20.383087256975045,27.119625404291806,61.153354387641016,76.44045369986476,78.32175448193783,81.92620237855097,75.54462374283423,65.06104689630372,65.53559355836762
2024-04-01,70.68671359097121,64.83960762009677,62.09342656360316,60.76686573814606,64.86661358512107,63.65464388805521,68.9039435924105,56.32040397595412,76.19982825421091,66.0743890252293,57.655530442546585,51.02948723985618,49.16318940159585,50.72907621110362,59.41348064591382,64.36122256156597,67.90096216592053,72.7259670071347,82.06446079652306,81.83212685556246,82.84777334792562,81.64723375960531,71.57234964776187,70.41823363334373
2024-04-02,74.47559094627964,72.10548735971697,66.09009146190007,66.60564653509793,68.62464858018254,69.01359619981682,70.44833589520852,63.6175132179174,73.47897008491923,69.0019786075427,53.59529336328808,52.94806107532143,41.421178844165944,36.956145390170704,42.95294092009469,51.067658796349086,46.59716976577877,70.48345073998574,76.02465272915717,73.27853553473518,74.40820863536538,72.31251134478872,61.33318583979451,57.83177832025598
2024-04-03,64.60346746749549,49.87102795430959,59.062185435496126,66.36254137256965,66.97712647304512,70.03085325055778,59.59706018575555,53.59728921750849,62.71074803417701,56.570158930426565,40.468213723075216,37.00314024480368,32.20997066898868,39.969278692953324,49.59964047013013,55.56870617981061,65.35270370153638,77.24541420008242,83.52434869725336,81.94358239435977,84.51486654093922,78.82576896915214,70.94504077883634,69.38004812869684
2024-04-04,73.4964381426819,72.48837390901191,68.54541434369119,68.31153639962844,71.69013921757417,73.14546487279561,71.39746756141581,68.76855413793764,67.47226212522189,52.290548115504386,54.37799609816836,51.16064178006329,44.76727811048522,46.54327786091055,49.70517302620152,54.65856282650595,55.977724903953295,68.49451853066914,78.54406135794187,77.66406863651143,84.1262896288251,78.57025330170971,69.38531643744415,67.8252186709924
2024-04-05,71.1457885659598,71.34296608068507,69.51406471409983,69.53944335322541,71.04493259878006,71.36406453590709,69.92491574302373,66.3662292538162,72.75579435887693,58.03294393021085,50.155701660450276,47.887949269014456,31.052377711780668,35.259485548528076,40.022027519949695,42.0946871109912,51.86999169504575,66.90666884770692,77.76422706122622,76.07589482443103,82.09175238813145,75.6155147179353,65.11238844437723,62.18182918921026
2024-04-06,71.13619715065369,67.24926382106925,58.27661069587673,61.34668080586649,69.0101191643452,63.178355255054925,57.5534604792511,55.43145110288723,54.223407380873205,38.175118583315616,27.49617800386913,21.826360872854327,16.377936998726803,18.40021669853128,19.68074408110951,25.281895268358433,42.616320582288026,66.87715484985591,75.79640335415056,79.5210400029506,81.55416108412923,78.48943068341457,70.37277450743133,69.850074407046
2024-04-07,71.39079633487785,68.19201041941429,61.89596960433669,60.923083177517235,61.86381535719748,65.46814758003141,44.684175760354876,38.986701835289786,25.935081856636362,31.58568069515702,28.245090747352748,22.33586426654435,18.512218621273743,16.044693205873205,17.34412042247109,20.614524208874148,22.863090569814386,43.62209056802927,48.50381783088948,51.93369984105924,53.91695745114518,58.4727710448284,39.70026005512798,36.2211648733874
2024-04-08,40.66700298659691,40.2668902877404,35.72818308372979,35.78977816169526,35.87156159895225,35.80636377842633,35.443922588977976,29.057233252647684,37.89423071340589,42.43752723659054,40.81602567567309,35.11269018518667,25.065740413607852,27.903776816326197,36.065954426157575,39.274757316389,56.79545052370487,69.3818379485564,70.3955194331865,74.02249830921593,73.996128668393,73.60367752036325,58.572705570386496,58.90300944005843
2024-04-09,52.4607272255196,39.451824077376614,39.52446584450522,39.673793499154534,46.86179161036246,56.423386457962934,44.69823533094033,37.08514002578174,47.39188469750485,39.08710029548391,28.315953362665443,23.20513462605526,18.863210982819854,20.859996327814198,24.728463482004894,30.72710042849467,38.73002268957688,53.88492511720827,66.1159408114181,70.29913422177117,69.62688227138887,65.9238897262495,62.7026549274445,60.78320357623005
2024-04-10,58.861221721146705,56.0889432404644,52.014086984455595,44.62710930356774,37.400183366690634,39.65631018556843,43.81695851320549,36.75046262464164,38.50057083198493,35.381608463828464,23.464647664373736,22.132414042270167,15.208589298852791,15.577164910336005,15.237308794223857,24.449639104860434,39.15066021378704,49.20383310350613,64.29044979576166,69.21954920595653,70.61058018054828,70.01992685982066,60.46850443530153,50.686976636962534
2024-04-11,44.41996118127632,41.8131788219046,37.13365261783897,36.836979720343955,33.76242243957887,35.47043237581487,33.498674717315,29.51447255669536,34.04303829675578,31.452997510889876,27.241361441442958,21.654767046258467,15.22390481768162,17.146785562184103,19.7301348454723,17.96908223506393,24.056592460806005,42.39520693630489,57.57480291968935,56.512106959188074,61.579428060142384,54.42864739787493,42.32652476987418,39.8858654093605
2024-04-12,48.74936194438753,36.635407185156645,28.945103871888882,26.973391967192686,25.57401156487921,22.209032558995567,19.675407347681094,14.185610220745547,8.972522191872095,2.3229828220281785,0.42865864818506766,2.2502296831111273,0.3560069914619803,0.4004726872277833,-0.6883288115844082,0.08832029639414511,7.249267006337149,26.90781865227249,40.29924533240178,52.83930962150098,55.840749509438304,52.960001154589975,43.52326276423244,40.85229418635549
2024-04-13,20.63780514284543,19.19560295725096,5.325170205016132,9.212924601516836,9.641552051356758,11.066736520313738,15.014229170881757,7.020789015838936,1.7901533361789117,5.908264852958918,6.203849657851401,5.8905778099269925,3.8547676999389475,3.993727196302115,4.557871696154337,2.6898316517048553,0.7119060438914077,27.191344876021333,31.334723974770295,46.12771638198584,53.01802213523706,53.82038184673348,39.11707931095011,37.79245572622415
2024-04-14,37.24415458074644,27.539114723175434,20.93550259584948,24.4361096375863,28.97436568721428,37.76633097875405,34.455506291728916,26.814728579695842,2.516089346524986,3.163661638128957,1.6539211013188047,1.1765546358023535,0.46038364194723663,-0.5679479036026621,-1.3692713299708044,-1.0090531891986527,7.753374086863116,22.93145964155448,39.78253848482879,54.16426999317104,51.929107378450176,47.65173622230557,37.47790096233883,39.59226958346286
2024-04-15,65.46069520431571,57.64014023821045,42.060167835311326,31.932622871285748,37.75736012000891,39.50999602847491,33.354297667323415,26.291061214424502,27.333955638760287,23.243832780505905,13.383938750389202,21.70521953355392,19.76410519083424,21.932226261402292,24.608406772050827,26.72013975940818,33.79107879959788,61.74949051046468,75.7644098744002,81.66220236659242,83.32263612173126,81.88451494793658,71.2279450973286,70.04210482419528
2024-04-16,73.80585068604483,66.50956836040179,61.13769046294091,51.50280267357189,53.53492218844739,57.16672252578284,50.03572820737858,29.224124393913613,17.51997578478917,27.18182370092147,22.545028222841776,10.658695175311028,4.43381549490629,4.2805820257103475,7.858167111363103,26.272774986026405,35.02926691148154,48.962213656940754,60.612367912410456,67.02497786591228,75.71350584271237,74.67419248355246,60.32623416998137,54.404534678007494
2024-04-17,50.10732527344426,41.07371053709977,38.609177815168174,33.679574808001,33.94581294591762,41.639687062543956,39.42515396723355,31.806037887859187,41.20170043298479,42.72553101377816,26.90241974844531,27.27200826856161,16.058083979043715,18.54029438292088,35.377034049470765,40.04864049241182,49.09992501779423,63.19763143048541,70.42726174780904,75.46832413874364,78.73854363606283,75.45925083335655,67.96770828869955,63.99149107003072
2024-04-18,54.09296190703287,41.47843121931738,25.47359159992354,23.83341692054457,27.979986252041215,37.86035267949407,41.78890432659489,40.403164261269225,47.66298089077892,54.834499361115725,36.53713593011246,31.007758731878585,17.526615015428817,24.02126046707548,36.79357134836466,41.87846538779226,42.07975893277699,62.83538785420705,71.82432510000739,77.54643664009754,82.42160629963416,79.5488814773296,66.84626640518964,67.61455631625533
2024-04-19,72.36109558677984,56.10940246390791,62.38220668909908,54.90280820948273,55.63458193089158,57.52593238429727,61.36788273755469,55.36095848215909,64.42914141993921,46.42239340421224,32.92945947572757,29.920986634763693,25.456537013599807,34.14100307047012,43.1623720699495,44.77811513196909,56.62265960691629,74.57059812019098,78.1387806988766,81.20402465299111,80.22069662248845,80.12542523346062,71.81562480945851,70.89894896979852
2024-04-20,71.09744803143752,68.42759158726611,59.41638858029034,42.81237515260812,39.69737783547095,61.20173679168944,61.622162522993015,37.88779451506797,47.16861631333853,52.64308648968174,40.68094973224146,40.44885857437621,28.968921719851018,31.780824446744965,41.4664353821728,43.043467228004175,51.898191795940484,70.43436873400336,78.70992593828029,83.46670382690064,83.49440411389831,81.30720889485082,69.79326572265921,66.73196987952676
2024-04-21,70.20221640261215,67.5362579327805,65.82059803692981,61.56978473318981,60.36690659876935,63.83521324652203,55.958293423817445,44.99011461468831,43.54443044470699,42.27805868184247,33.82575377225196,23.235307313818343,19.3017062077532,21.08593588186448,23.381407729876766,28.30621105655356,29.341053052462392,49.92741398104406,68.14544787944519,73.03027373816491,71.07120452567831,71.15766431013164,57.36945004327096,42.10035544200588
2024-04-22,42.39183019798078,35.53328023692641,33.43983155757178,33.015860662562886,38.505527149499464,40.8209953274617,47.421159871303786,44.320986765310586,27.388760783338874,46.73715138799614,54.16872918681819,49.248689836819736,32.95988381689884,40.63389895485023,57.46842115225262,60.30084178390162,70.77259477151676,78.10599894161412,79.23845284551795,82.96725672636593,84.04988083299925,83.02939900875056,77.0155493257558,76.59189387297027
2024-04-23,73.53954003462006,67.84908853427982,61.22163663451572,61.17415329773668,61.93540753299303,60.78138141610453,62.48511300828039,51.82322493909901,58.69945790369925,47.80312724668167,28.895628553909138,22.948742276551677,17.893831338410394,21.871212960442854,34.26087505906867,39.240239215340054,47.39766811954511,66.53923388952873,72.44703502769399,76.63092080664484,78.44428262258741,77.15611612012636,69.36808717545641,61.07199687764674
2024-04-24,58.938011364111155,52.58810218976082,39.57267207739148,41.90199175561048,46.25258294874973,44.882062773956335,44.44776221888317,32.244032616236446,35.98665996189302,48.293233004078566,35.71317710724513,37.12591323969776,31.485084510364743,34.75896468341296,28.397014109193126,38.90377278695305,50.540178398498036,68.10049150720133,77.20824865093964,82.57798792836051,82.01908781150712,81.55193775020479,68.66962306378316,62.44402511747471
2024-04-25,74.77209496879138,72.2232430240342,70.67071284964332,67.92685096440175,68.40674808952554,73.23789990160574,72.98061697056417,70.12449231172954,73.3970689710797,73.63316890796267,63.26798466415978,60.94901362171245,46.14402740120238,49.514987679046044,59.911799666944034,60.674496076239556,66.86823935431451,77.41605263401576,82.82911784695389,82.97607822984526,82.82494256374166,81.80077785982294,75.46582252009632,59.531602922993905
2024-04-26,76.03103859190733,71.80311220545825,68.71849059854426,64.46974896322617,67.79136811487115,69.16585173034886,70.68507538024703,68.91390471006547,76.63277438225316,76.24066823937818,72.42824642112927,74.97558608282154,63.82900190275027,65.62676621887668,69.82551476463547,73.3915786443062,78.63602599128666,81.87263802016825,82.8955716141981,82.68088757582984,82.7674792351833,82.68534377906842,79.02341569565594,77.3869182004715
2024-04-27,78.66548226503154,76.66054698365394,72.09036531746436,70.04325031160757,65.52901660282146,67.25774388558037,63.79039685044772,59.63787397590045,66.7899051310499,66.53618740419479,63.070629906713755,55.51107443583812,42.993436180246995,47.059993059560455,51.46992482207901,50.900244047251505,66.48814282216944,76.17956780425723,78.64426428531542,78.83729636410828,80.96802814766848,79.66816197277525,75.91071839219697,72.26440972554965
2024-04-28,62.918841667352176,63.0071983509384,45.96045103497895,44.137540683095416,45.30291927625871,43.86057883010285,40.60819454030402,35.96238192537882,28.81556240115487,22.4015184342485,15.893193210025554,15.964694688964904,7.976777820640048,14.17364864730704,15.057336265664906,20.15872577755562,22.691668933522692,48.30990601847652,65.7950652594134,71.78428039379645,78.11609743266962,70.07315680896915,57.900201663065424,46.65603682385017
2024-04-29,73.2223237533535,52.220625898941464,49.84971552919089,42.47440595397448,42.11424262419411,46.44292796669752,42.188357876032306,30.23984616196575,62.70875269311126,68.80982768579796,54.457706116858645,59.14855957135057,37.39686326979695,47.505168903407615,69.84350112787322,75.9367948235406,72.02706620192146,80.2043446950243,79.25131725132515,80.9634904225388,83.73596149556822,83.74562954908052,80.68140625610721,81.8970822879164
2024-04-30,80.7032200889987,81.21705596852141,74.65775052293722,55.577177243972926,56.68153155952813,61.947004995605134,57.000281149335365,50.233123782822325,72.80438725295738,65.26233505523632,56.07979679878162,52.39067071828024,36.35887738919973,43.60607692053122,58.9834794871697,71.00874755337476,74.22078219460683,81.00613424544537,78.33332971116047,82.82037095431063,82.8614932404081,82.72951545949942,70.63235127490219,70.22647997626483
2024-05-01,70.94681403525172,71.49119572477858,66.11565322691519,58.97644187142601,56.02299280157726,58.492015143180524,41.93031473276717,45.38083057922223,73.83456264432986,74.04595693433038,65.96237722545291,61.64192425502393,51.4231332599565,56.8102879097749,68.95519672722729,73.04997743297038,73.2860366940704,77.93966670506603,80.28369852285932,81.63398423911012,81.84926550222485,81.76696996945684,69.17979365277591,71.06681786258892
2024-05-02,76.399946933654,77.6060303183184,71.06881252013467,73.58394912929185,72.00521102354504,68.91520563112667,62.18356269028268,68.39684665449785,78.87420120884188,78.7877199407322,76.72196069079962,71.56871507341505,56.53067307500118,63.59846055098829,70.6071617248721,74.60684471842838,76.11525390252721,82.12172548106565,83.02587940706323,84.16590576665398,84.21467602411481,84.23908504361114,79.7090219640243,75.17082077923749
2024-05-03,79.53229781461724,75.48390317855245,74.0885695386892,70.5435169382477,71.68021518926658,71.95165845433858,66.56782002457825,70.04016237747126,76.47375209366456,76.85796051544989,71.57857116829727,73.01092635669974,50.80781179151933,49.70850073573461,64.50280355994495,66.30255769014441,75.07706715996552,81.63277554316095,81.00507562119824,83.8926634031317,83.83929958344318,83.93339084287338,81.75885104138095,78.13250300185108
2024-05-04,77.97514660370115,71.24776542995102,66.47140846249306,56.472687595435175,68.83039134737241,68.70897299735255,67.69221018365958,67.50783922277057,74.41726244370639,75.55835338561238,68.02103329080194,70.49975520730182,53.0458903849308,61.087202873282685,66.87469767106202,67.69154566632837,72.99882651992817,78.26156788187585,83.00381387191008,83.63241523754617,83.7268933728048,83.53967498247206,79.3523158732428,75.94499499386055
2024-05-05,76.53912676302738,73.81688881922791,58.978449237270645,51.048974867993635,48.94183361878068,51.04934064243144,46.482982012876654,33.86033483493592,20.079279720369872,12.319380566690612,13.006658104504705,14.203146202576162,10.305443212177407,7.123909368175443,12.159884373329067,11.137790108576684,19.766827003920994,51.12183132996646,75.40762198190119,76.98690541489482,82.18837459255452,80.03302105000577,69.7058559965816,71.62104892662106
2024-05-06,68.91592880540017,57.631797407567284,45.84288299043685,44.02254609779024,40.78660134349872,42.66738278585272,40.31440913228039,43.355828759334365,79.77280350612129,80.09335821245203,75.27796886088741,75.67289873646021,68.74249246642182,69.42359578510637,74.32675249622326,79.96003044199928,78.71141600470176,83.7059122842243,84.25019761147284,85.85847426127734,86.21859795570224,85.01498715193235,76.68974863871509,73.00781760880167
2024-05-07,75.99900512755877,73.95466254566328,71.50757264882361,68.6345545294021,67.43422156691412,68.01423308329875,61.08542302708505,70.78468466447502,71.22003868382501,74.17572417405802,62.6347924506694,54.38600704812605,42.2167409524754,47.019622749739966,53.336346611343714,57.03784550136471,66.22001956263466,77.41634953471943,81.75095686348706,82.31911359133119,84.41838374579072,84.50564919645304,77.39104886242006,72.19232490388022
2024-05-08,77.41389179230211,70.89126667813042,67.00718609862305,64.49789051776038,60.062301875110755,65.24706589551076,58.044015187244916,57.044971680992354,70.67891350807531,66.9299196358167,51.80641590241863,54.402945214318336,38.22009275632162,44.10699917038968,48.921392932826855,54.20775748547285,64.77665530116683,77.5839287561008,82.60827606971189,83.67819993995126,83.96448919165698,83.53666421489879,75.2868180539445,68.90304155204238
2024-05-09,77.02825058741693,74.83935397864194,73.5699366629854,71.32907929310346,71.70946561417502,72.3317051585049,68.231999956125,68.56071357824752,77.98377891449022,74.75471444136501,66.86751948582615,64.05452762562442,47.33501697097733,57.810927761848596,67.38306971506503,68.43489593956002,71.93571394001833,77.64233016014842,82.76463053508661,83.58132505857412,83.24774899693172,82.74961495973923,69.60354386186499,63.378967972718286
2024-05-10,68.46094950789296,56.98221916373903,49.1753652277915,45.64711060071063,44.82929652950203,43.7515641434733,37.29755036244344,39.524938901907696,64.20034513359133,75.16078090533841,70.94953413436254,64.36939594033109,48.209687353720085,48.15604103496959,54.801559728463886,61.122216002833824,66.6250907550895,76.342812373959,80.02181837186664,82.11932847050088,82.08478859686062,79.52614218779478,62.56974280620605,56.18370888875392
2024-05-11,60.181179265985364,57.791644587136126,54.25067833200878,46.615086460965834,49.1029273075538,47.406969195901084,40.60540920871908,38.806874398684464,43.65530121291676,35.84138478837507,42.43784765963061,42.56634747225887,24.530715432015118,35.18055018280756,46.277487420064496,45.88015884721759,47.426956664025255,69.77350234109622,70.96319132383734,75.45858257351955,76.19063569118633,73.19412138089143,62.39196308876187,60.47946930310047
2024-05-12,55.91123758788613,58.81410760552096,50.42329256116636,46.361881789105716,46.53523871501752,51.64046111827044,42.05199548207418,31.66229315123171,25.245907329715834,14.457350346305978,17.31660225348033,14.709216314715336,7.896165387295276,10.058002038019465,11.12744185155189,14.10013914997393,22.15931367301217,46.15635596388264,57.05533065329778,76.31945978903448,79.75369061066328,78.48625116375275,61.63969911571844,59.64877828978868
2024-05-13,62.25771194166767,60.461657948225046,56.59211706991182,56.061190835318854,53.46737547285989,57.206935402062,50.454567614247175,54.01583531372005,79.33763779773429,79.85640828849691,75.71589953708501,69.53999334693573,60.021240308684355,60.76025922640321,69.05594781790442,68.7952062524233,68.62694255739943,78.11273259532926,80.77363870408396,83.33260659471878,83.69226938160658,83.31889363441937,74.59131116224701,70.45207337600236
2024-05-14,65.09792927871324,68.80335447548379,67.39028919946675,62.47764623344107,60.86155553475931,61.90349880441489,60.4052432782559,64.62567748564231,77.32614539099349,78.59360451306652,59.50643484231405,60.848228131301994,50.25641174115253,55.68922816569674,65.81013497025215,63.54187175031437,62.50853143658141,75.91406154019559,78.79924080694295,82.11536809281945,84.46100285439728,82.14400787943929,76.41888058642343,73.1231843393313
2024-05-15,76.35953758697254,74.21374047963712,69.52144664941046,68.98519001983952,70.16147360563505,60.8830247725204,56.48738018828867,62.72922025824556,71.21928060819035,65.39175194307231,53.90782466585392,58.56677947523193,41.62419640814257,47.97315593784369,56.35633767492856,57.466078980173194,71.99130753556722,77.34061252563531,81.3298838165503,83.8300211135667,84.06572561989643,82.95808955973143,72.14353025439146,68.41609879961065
2024-05-16,73.33071485336684,71.66171002015501,69.5049502885299,68.32508305614915,68.9214681576315,68.05977131426808,59.32607281055434,64.71300978470168,76.84495430802642,79.71936271157395,71.43053707964755,64.9591035419128,47.69835958360821,53.80065928296947,70.56525065934085,72.90970561422071,73.18754146491179,79.27715571555976,79.49645301752284,83.76840697532404,83.78411253396577,79.92180339172633,72.38300563313652,67.17222005362277
2024-05-17,75.13159285135355,70.96297532107788,69.55343600924489,68.67195845703625,68.75240617223099,71.39015898765477,57.519465541650554,60.02369069365236,74.06460972684727,76.77443552112285,64.45405748010187,63.399990515669906,46.355977088462815,52.01778771475479,67.30635049259305,66.60283157803387,66.22338708977891,76.65437661036117,79.1704783470578,82.75209173857112,83.30934689154762,80.66093054734371,69.79636847685903,67.60252667296335
2024-05-18,69.42143369753903,71.03096236113319,67.64975778541626,66.31698170110795,66.35051273683351,69.12905284457098,58.53136781911664,61.32064602625646,67.39796423521142,76.74033072227141,70.4184793688199,63.670591340538216,50.744512739954445,58.93810818094776,68.47659789882277,65.21574392311159,69.00264359170463,73.23484948643149,75.1714048760406,82.10045089269131,83.63195202905096,83.37005051378716,71.64689622248214,67.64518853020053
2024-05-19,68.79558102058678,67.74240659177468,60.695413478337755,59.05879620839014,58.15580309824765,60.10254318886773,43.93542043525458,31.68194621216057,34.68781097859689,28.60741996108719,26.62613678830199,22.52939940380026,16.932140793525114,17.919708961698646,25.082106671294774,28.498809985286204,43.59162795986817,58.32938025294322,68.94404788010736,77.2483211095476,80.31495774792158,80.41447045110154,63.48868269644138,62.2402719792998
2024-05-20,74.91242237469889,61.85661850432145,54.16699754721675,53.89579517463312,58.08840050579195,45.500170076288065,41.90155845231375,33.81794193825405,76.92668523896192,77.14013747824802,57.46113000490602,58.427888736237975,45.93707507830681,52.53675719349552,55.90144026617738,59.373160790500386,65.42577876415645,75.61327932894244,76.79875331929357,82.83516124756885,82.97792149009886,82.52155538298145,73.26466839601707,71.26100278154712
2024-05-21,74.66861870357272,72.01154609049509,70.29269607457363,69.26127261200101,64.64429349987255,66.12739832561765,62.3424073060107,64.51962542559585,74.09198192649852,70.11854792677629,64.49847544269394,66.34769483605687,45.554661008576666,57.03154341072624,64.76809500164758,66.07863595056497,63.90306150565618,77.09845362565146,77.6530466325803,82.5028786404983,84.08192711816275,78.87545697643061,73.03967613573613,69.5416615870072
2024-05-22,75.55273011855049,74.17956883738928,72.70393192580397,71.68917932104374,71.91957017370294,72.0013511022206,67.93443932006521,67.61669247039457,77.17482732386263,78.27708977694058,73.53709300837791,72.69336904256008,52.651097830179516,60.611327062323454,73.86474818284299,74.36541810790273,74.8701316682264,79.09937122431937,82.26178745810329,84.27649457137225,84.28657312121524,83.89718589827181,78.94096619242231,71.95075155117492
2024-05-23,78.29839590619048,76.64296123322984,74.75721950310292,74.21400676563738,71.3722289518027,75.39219089024633,60.114340160557504,69.11778617840152,77.9583263561798,79.7544790126152,74.15438809535237,70.9618914050561,46.57133071789565,57.255369678270554,71.25030629885725,71.56863726754635,76.52362320543403,81.8189096715599,83.49401406417097,84.34522931707808,84.25996582811929,84.34344868187014,78.90318453480619,74.32792755081464
2024-05-24,76.81223203037709,77.4614104555247,76.2927420466893,74.86954927086286,74.31889263211856,73.92356509526326,59.87975144831216,50.481918549658836,78.65974253467164,78.59903187297846,73.46716694598791,77.0664324276236,59.87885779913234,58.99693067428201,71.5809419127027,69.2266842123522,72.42300904372209,78.98504037214991,80.41157396476231,82.46376379489175,83.25009890130103,83.19306366257635,73.74679132831685,71.30845732375506
2024-05-25,74.75784632077732,73.32270958777143,72.48153426480368,68.44753810398535,70.21414260478905,67.82908286101923,47.29402477366945,47.08806245007469,72.64167700144947,69.56219845424957,62.29122376931428,52.88612055379319,36.558154888154746,35.00785333765515,50.61366107770513,44.858876976596875,61.44652235408424,73.31132965823289,72.0125129425162,74.79779695381052,77.78700005204563,78.47945219118127,64.0853162597552,63.90231908509454
2024-05-26,69.27217071889773,63.29781538306111,48.89053188120206,44.968133537716184,57.435827794741826,39.369418556336164,36.927524379072175,27.856814930465404,10.348029485512592,2.325372980404154,0.4379614966775749,7.965755340828274,-0.37406044596148513,5.109066355358059,7.44765869672305,9.165809295210996,8.44638050052952,35.3606431492539,50.72093666830863,68.72199556596671,77.0773817881316,74.16403940919035,53.24746499367305,44.56335908940987
2024-05-27,54.8098111166683,41.03382845477507,41.00757760134734,37.99488527683733,37.347939699786906,35.54097513887541,30.40519602692259,29.399152665873178,69.35567212236863,72.19932793593858,63.049107846067486,60.78802467093631,44.17610771518404,56.62839671552743,66.24819259437035,68.77021804406888,72.34247361705172,75.97591066029051,75.93284531912636,78.54488316271782,80.32627509392789,79.09714900008777,74.37942105242857,68.48837787362366
2024-05-28,70.66609386799449,62.021194983191,53.274217417872386,53.78984621948569,54.16085770467185,48.51061368361407,39.25972120294584,42.37554103748187,62.490838244330945,68.61459317789019,58.084647906282996,64.97427061938576,49.130482970983685,54.965672596431034,72.17419140035123,71.56199900694523,64.38238327930281,77.5360244969109,78.16613792943376,80.97812554012411,83.55419480347172,82.85938742527316,80.91434062300283,74.1035138792386
2024-05-29,76.30719388894481,74.13323088991275,71.39324814017272,70.90248611967094,73.99269684574982,69.39827784614495,68.56162226733382,65.83549357901242,78.85128073340447,78.96925452187394,72.87173571898032,71.82069975328442,51.64448573795634,59.751778638498386,66.8273412746035,73.23809070089577,76.9787983470622,79.3939855595992,76.84759559816713,80.29753419946552,83.04439348708364,82.62664090588768,74.10492921815413,69.94100781677098
2024-05-30,74.00933928986082,74.68246842623574,71.18744349609379,70.72456551150745,70.40868224491481,70.66753891800398,63.91864778361449,62.22894794246291,77.19059253611478,76.3689382172238,69.24510081214714,64.94980908567128,49.16099494045138,57.31798387673468,66.95104215328473,71.17507527264283,69.97005420128498,74.85715089008897,77.59360175400867,77.8359224355851,82.17786724418895,79.58399698402728,71.69297594249382,69.29995746813147
2024-05-31,75.46397144549718,74.41236964044231,71.61182381297957,69.85240586495492,70.2673387836274,72.92134624596076,60.42189438707407,60.86547846614207,75.05129291686173,78.57904486130343,67.02758840429527,65.78051353311139,47.87462402856978,49.60486168154616,65.2428720206081,68.61469692705298,71.52539742257093,74.99243918914031,71.46386689834797,75.83987018488418,82.62202286470874,78.99728853062304,73.29641750691347,70.98679896923969
2024-06-01,73.83787140777113,74.3683806839916,70.97823030850316,69.03867017564296,72.39964389873721,63.618910307584095,54.50552906893806,48.708473547551435,56.77210043405916,51.78206337983416,44.431287628698065,40.7120938955498,32.189207408819115,35.012979291713286,42.14232194059227,45.97949668665331,50.07305379638332,63.23572067367133,74.00820526679274,75.21557367168353,83.49974432370607,81.35295627974696,70.75696021342671,67.95673449700783
2024-06-02,76.3242035936473,75.12636238972452,68.51242589411565,64.32731945612123,61.663073131611654,69.35843695188991,44.40115447024972,29.87455860516039,19.24455554027435,27.757224447159746,14.875544720216542,12.559414291022543,13.620544996685046,15.145382951355922,20.61051363624356,19.733617199036484,31.77313975132449,48.88192612288631,71.84380669142419,75.04084443654739,78.62099714548002,76.8911804275094,70.28704242028977,65.52569137201941
2024-06-03,74.94366370453835,73.5313205240654,70.267040056011,67.10212228463583,68.1972399814226,70.40862635605865,66.60800422735542,44.51379940518223,63.9858489424928,62.67935894220734,60.39900402402555,61.70353210076761,47.49307389513692,56.40280163270777,67.66093007561518,70.09426700270883,72.13859054907026,75.64618556844292,74.05450612463072,80.19394059031538,83.11453181754248,82.70911857977653,77.23754177853715,74.0320180326598
2024-06-04,75.71620690638157,74.44904099972908,72.96047559327363,71.73172723127223,71.01261989462317,71.03502840961212,65.4828547869211,56.929046988893965,70.24598815960891,72.11822491384386,65.98307961690278,65.97547606202933,50.67606751920526,56.24961487256482,62.53257073044933,61.664116304534474,63.61317284754232,73.72152818574341,76.24340479712674,80.6325533296955,83.38045560497439,82.34511453706759,71.28713128100864,70.2812947438239
2024-06-05,75.8923005045454,74.31025654593331,72.87690233228975,71.78794388817586,71.76247974057318,70.68927703557621,66.11458460656763,53.55608064842069,72.55769579356074,74.57733895291683,71.04578551006207,72.7838507326725,47.66369509902743,53.529222476506526,73.78701315726975,74.21299524488656,73.38058291931117,79.55154546971663,82.29248200016526,80.87370015294594,84.31196864133793,79.9014874412465,74.63837416610502,70.4373868011472
2024-06-06,81.17338740175992,79.11041520779852,74.76001656388466,72.55012930984782,74.70803000448933,72.76594900479549,66.81928451191187,58.954754991913916,78.4222257070818,81.87985742675518,79.793153447237,79.62573353044763,65.95435178705903,78.49350180828547,80.8226299189266,81.46428484262371,81.88049667471319,81.16476437980742,81.09370409138947,81.84701567114199,83.51440132809603,82.92938925273346,77.46730443818798,77.1224819639333
2024-06-07,81.09802841015721,78.64601111446562,75.55012262889429,72.24670393378267,71.4083436248656,70.72471093762151,60.28583452996862,48.182978772896185,69.16551619302963,77.2742193209944,76.83470831510446,77.47036927261966,57.82307872329368,65.39024985162241,76.93273352770639,79.88550631402731,78.65733615580388,80.65177702101792,83.22096670161794,83.466029720264,84.39359219459226,82.31315019342823,75.87161089383841,71.38508767437342
2024-06-08,76.98307120844864,71.29232891754046,73.35866197763967,69.41353202653342,73.1463129225793,70.21997292703678,58.804215872192515,43.00568654758393,46.27642266633876,65.59523893184517,63.28680265468263,60.49941337762955,44.866030547208084,47.420170499709144,57.491011056775136,51.75663814243751,58.67087881721041,71.43273904541485,71.48244312934514,75.23936215645892,79.66178465166342,78.67716637189616,69.64825633976216,64.13729386371286
2024-06-09,69.18820380006717,70.52855153557665,72.13720618548162,60.221466271730975,63.13822891760013,63.31764066571391,49.51652456865324,25.332735639304406,34.54798560299733,50.83601428794253,32.96624726614282,49.63494841317892,16.52790289104124,46.07799042037999,55.29843905772618,53.31678804108059,38.814072013203784,73.63754824451787,71.75124951782429,74.08534692201783,81.66920343310318,79.86804003124017,72.78606434028393,69.49094155762025
2024-06-10,79.4256384335818,75.60517547338766,74.15977163400864,72.11149954152823,72.27608984187898,73.53090943653734,62.1761682514013,52.45080232486901,70.4575598801606,73.78347223359604,76.31632558000206,77.56858124996211,64.79824472153851,71.70326046310053,78.03611389618807,77.88520796045002,72.41709606103488,78.27274169565278,81.66818350399191,81.68697765336438,83.62446561507412,83.24382761557227,75.95393537339389,73.74841457846954
2024-06-11,80.2110081217528,77.53478579313334,76.96072528436456,75.16610621040947,75.55866331784566,73.52047788634093,64.4517608463615,57.250894512704406,74.60789759001014,76.02802331570513,75.57431402326937,75.99736162764941,67.4385954621171,74.07781677057181,76.97514440660069,77.14156279525432,77.98832943133078,82.13228862403261,83.84746205091008,83.25340574244453,83.40011812538117,83.21368055719907,81.4979770833996,77.74451049875768
2024-06-12,83.59527937332064,79.64005068052097,77.95673409515292,75.6253756291234,77.90026882736048,74.39892678105612,66.71583500129073,67.73504706990583,77.73705266835053,81.21537017453437,79.46324884806806,81.49622156161927,73.79177411314615,79.37193466991678,81.22017021681924,82.38540393577193,82.1673288555605,82.95714682509713,84.25106407609229,83.284174096449,85.18290687794028,85.79642250632538,84.09182132971682,80.59815573673824
2024-06-13,83.65186632533057,82.20203657421237,81.05034350410179,80.48572089209553,80.47849831077333,77.21604441038284,73.59414785233388,73.8253457387368,77.63205566848441,82.8003160974739,82.48508689627695,82.4109823372574,79.52600301875147,82.19979631045568,83.1734149913895,83.18734300136579,83.35108600219488,83.36679896374888,84.23282636503033,84.67821067239709,84.64250285963247,84.60197659464092,83.74701987165011,81.07312258910451
2024-06-14,83.33930803838544,82.59706301630513,80.48485210898434,80.14347369578458,82.60650631456727,80.98176991668272,77.06865193855317,76.05512848760041,81.40392023047154,82.71286975806717,82.77069041986192,83.23393080111727,80.09908717698066,80.51151396177097,82.65043077095582,83.2952399662476,83.61775963417386,83.88721297624565,83.16142505448515,82.29594990147838,84.33402593005573,84.37889077795627,81.15924792050812,81.01479107515222
2024-06-15,83.40626293685037,80.34094554875153,79.12103391316263,74.39254212632274,74.07083790793419,73.21299912368686,63.09472997257338,55.810077760099254,80.95821065297542,81.70733682378857,79.28995803333554,78.25206653389154,68.09852715478377,75.53409328071855,79.71429929029979,79.20925012868473,76.140877803953,79.62668788628439,81.56552434056425,82.32678842562899,84.1395893105698,83.55893912671817,80.91752479558052,80.27692152118249
2024-06-16,68.42626474964506,64.8890175679455,62.94655283260226,61.23657557771452,63.39571500839407,59.53684308596763,41.5273950900458,19.174781767331304,14.17706327706912,-3.6906887907395967,-1.4297827180502298,-0.014047017547176154,-1.7258779484855635,-1.6480471479591614,21.592435403959406,9.475574584062453,32.35128493574574,45.76785315456654,63.82791318415845,71.61419284265055,78.54494401367496,78.23624149166552,72.36027341589097,65.26138324124973
2024-06-17,64.34999205723314,51.499350832573086,47.109470998972924,45.726911884422776,43.37479917878381,46.2200603750993,40.004136754296944,29.29050715676893,67.93799495439654,66.83620381436491,64.5955643504998,63.838836534690564,53.81352208474051,62.83767954893513,64.38162031442775,71.08728879259796,72.71094343433984,76.60450373099886,77.95950199911218,79.95825060045928,80.9201356770504,82.8697727095131,79.46462091978182,73.76861946522334
2024-06-18,72.26737990756226,70.72452465937455,66.69039023466037,64.51856269566306,62.67744457790252,61.9819966517299,48.07828523960606,29.79791415573643,28.293736247751298,28.505516657245344,32.332979707107505,33.507384261597,30.71292936234013,36.38890387686031,41.13465707693594,41.86831430995222,55.078814569872314,40.68736129215245,48.545589452171335,57.40654926062623,59.794059484820686,77.20119314537597,71.89332618787448,69.40375417057224
2024-06-19,68.52532310178981,63.22406733899521,51.225249747480994,46.89563712397967,43.422154649442575,35.06120358205336,36.50939546315535,18.84325820337851,10.777468737785124,16.26129834897794,9.452612233518359,10.15386268790543,10.492285523939126,9.985223908267255,17.660477526399625,21.28529932001882,25.17212663884233,27.089778854766305,34.757825651149005,57.41162127050656,74.51693211787267,78.10091622497421,61.86440671941458,58.06673455759445
2024-06-20,71.95070062407298,58.44380854800911,46.05048661449462,44.74288556970159,45.55006950356476,39.61425889808385,38.64711398443088,26.28513281616074,16.259323003869202,22.324787587622954,32.15408831710826,36.07612236054867,34.990205574161735,38.01985105193477,42.84198347279159,49.951811429733745,49.14413993262693,62.02011354765684,65.78089316952187,79.94746045841475,80.8506769937096,81.5373152978688,77.19797905201676,74.85508467004648
2024-06-21,73.00649561005959,73.40059839784034,68.86193559381982,69.11559112591908,68.54316401463893,63.18206551915607,58.46990209563221,58.67615739716263,72.58256901638629,73.6776966241512,74.02311112603721,69.71894051055212,55.80336959186516,56.12280323057043,66.58730693934235,69.82615116663189,78.31079252826393,82.6151925241272,79.50101942385886,82.53786835967107,83.00460338377164,82.55256555590448,78.40762232000328,72.9641464086081
2024-06-22,66.74314221307327,64.42226906169601,59.08921884023814,59.03725845015241,58.77346338567588,56.2696517230947,46.37400096661878,23.443508907208948,41.274214663365505,44.81925337167993,40.443231620049104,32.041359472219355,34.61472962042797,31.78811523435344,35.124621309352996,37.63512842174075,39.436707025769074,47.1383318055787,61.013398664938975,67.35255163161507,81.87164073199888,83.04032830429684,71.17830380396336,67.98017186954223
2024-06-23,77.82215773716428,73.39651723379917,69.61821446583419,62.26796425988048,65.43542194996004,62.66963380185509,59.58173963991101,34.84522737357126,19.214223773337995,31.064300878424113,34.15346832338662,33.90156752680389,25.140482837079063,28.009120019726286,29.57339698733059,32.241719650885464,37.888165802616356,58.48152724489105,73.81200200680082,80.72357713228469,81.81820459628841,81.27526239764111,80.09605015117376,78.03690341600208
2024-06-24,79.73534221901105,74.34012181492471,70.59565834567732,69.9578626142717,71.32957408929674,66.0701113347416,52.72086088748592,40.229388928651005,50.61928825776867,43.22673196331213,51.046363450922286,55.07634164177303,49.67150840437147,53.01383571762331,51.822622764599686,53.49585368148466,55.609050516401965,64.32262245736605,68.49904354749104,81.71282450087764,82.79816432399666,83.26091926025053,80.971552129876,79.2463031609249
2024-06-25,81.99396268879136,80.47157971920942,75.14807457442227,73.9824112213546,73.76436630657061,73.58059578850686,69.12288662686478,65.57477497748728,64.25969758903449,64.69706698491396,65.0787570881636,61.520859904009065,62.09321778166782,60.41549504334359,57.966655691321456,59.779874237580344,62.6316915214984,69.47705299716934,75.07510474770861,79.08963684855354,78.33202643974235,78.35331464870876,79.2496687248725,77.13726438924003
2024-06-26,82.78964792121917,80.38697205985376,78.8820801007711,74.20015241496127,75.20284085042873,65.93310762607669,61.076891473551846,57.57549916380313,66.2857123300318,71.02424588738349,66.86500448621237,66.05737194737765,64.25729211301527,62.061237630668344,68.30944144191743,67.07870307343869,70.21865324597876,70.82697573235697,80.41199714338369,81.50802358750126,82.75174842985778,82.91059555191035,82.40878006031566,81.85250761199666
2024-06-27,82.64129441415947,74.80018218217504,73.47073914172971,73.44281875888463,73.12858139091767,69.79168778622278,58.91749335508855,63.27819019953441,75.5113992228652,75.37969604306596,73.57531505311222,70.7119098120117,56.78886342265207,67.21690399315473,69.75115119103465,70.69849798484104,73.27922806155752,76.61767170641015,82.58513059247106,82.94852020522774,83.35489788014567,83.29688601430472,82.83727411681632,77.35585332578493
2024-06-28,76.22117350887675,76.29328183964363,75.12876151245295,73.65538715855955,73.24971069152268,72.00792845996324,63.05027696891146,57.164704725635275,74.4931739018601,74.98330451982899,73.17140968242082,72.1506657167182,62.97062311693278,69.98603362511663,68.79888351598517,69.32741777895033,69.7470149841236,73.58718807223796,78.40241275872178,81.3248855751736,81.68231214716872,81.7940815305827,79.4608471184817,75.31633363379262
2024-06-29,73.76288679420271,70.53536898231495,70.47734085581025,70.25685714787122,69.84421519024903,65.87411076529257,57.14652712113349,40.48934129390227,62.04458119910693,61.283514257510376,60.97198897170248,57.745598103715395,38.04925624387649,41.13778674264945,52.40500307246999,52.95643868164085,63.833776466249134,69.76571546821577,75.77090360495617,79.43864677345952,80.4740298364658,81.16852220794009,75.37917781745088,74.18085403598609
2024-06-30,72.20181475513947,71.63375794769463,61.17597806348201,69.28403311222557,68.13937731035035,57.82499960653384,40.63475928750289,23.79758821842716,13.3600596114692,8.365267409940223,10.562731456035781,8.384877331074913,11.422779674507082,12.147001586891104,21.26007131779569,22.402793320177718,34.49650963247312,58.89704087036131,65.31967704114372,78.13071614318791,79.32223752445127,80.46249649804429,79.02055297628378,70.32987039229614
2024-07-01,81.21887965837283,78.06118092809514,77.5866398194863,71.93419505308393,75.68551908276893,68.0648632437087,51.121000308056594,59.60182990288995,74.4849122059054,72.21517082682564,70.340292869348,68.764295059746,62.68609925759814,67.32412869252958,70.02152955768929,69.38881224896471,71.1273638407694,74.90973234764634,81.67183705287296,83.46433722020461,83.30215332952929,83.41990399606057,78.4219820117035,78.74119942593882
2024-07-02,81.40523520567412,80.89598423141162,78.63133147826287,76.90318032562679,78.85519694337886,75.70540163631563,70.45645221565931,60.30696653577226,80.18548355298304,80.59984007729861,78.98091944433467,78.33250387395324,66.80084490365252,75.30714782939451,80.93294420776293,80.63019398061776,78.83863711230458,79.97464299803688,81.91883672364105,84.88318828628924,84.97031677041588,84.9295588692498,84.00612567005614,81.73670321753008
2024-07-03,90.00167076087172,89.69577869769084,81.4883796422884,80.90526586421942,81.50190455944671,80.65072457635885,68.1333250334492,64.69051937435076,87.01350615463755,86.58463554405505,85.20732074346321,84.59959316905,82.02886281431037,84.01858301245676,82.85626020694362,85.61952720092484,85.7044649903651,86.8685315392211,87.94453553667448,88.28451251003139,88.2189182574269,88.22331120096054,88.22570739459165,88.17711216280252
2024-07-04,89.58210215677019,88.82816630693551,89.02394519608906,88.74371300545363,87.58140808719929,84.93593885354296,78.95395759698,67.71578219219082,89.15827517590736,87.81503398580524,86.75375467195325,82.79054686552249,76.0282721034602,76.61513566438684,82.9720600196661,89.11518663415728,87.77046475423018,89.01468642235407,90.2445482084791,90.83496623712544,90.78860830332624,90.65930855387685,90.66153931107168,90.44584890724408
2024-07-05,90.21539508117138,90.08989232025176,88.9323371538939,86.41184415693354,85.65835289941762,83.6449975184606,75.88105328380361,70.60927453241904,89.20538066445184,89.83958429279167,90.51275941989894,87.52151643013916,82.55315741671562,83.11171847060274,83.91157328501683,85.19338448145595,86.57480538146956,87.2745809347136,88.28931422710477,89.05816602293898,89.9884054516884,90.54033928607741,87.7547270425444,88.50683250129475
2024-07-06,83.67116101018235,82.5069719253847,77.42930937338839,76.21977762022857,78.24616750485157,73.4396686332477,66.20027695288876,52.40949794731765,69.57868297345836,67.37710503308591,64.83449008125339,61.520589550139974,44.547096514526515,47.04781738241172,63.46085985912304,60.95898666822953,55.72147029237853,66.35767681588209,72.2118717947441,86.41901712762524,86.35168482995573,86.60018998381717,71.95413747217479,72.23400207560361
2024-07-07,82.67992424583431,70.2306851911218,64.17790412540089,58.85918478964716,72.120664822911,69.12538562228924,52.24483864310625,29.47075036124159,35.52132228517418,22.365057177204818,22.570347748381412,19.102234199753557,19.173381382684703,21.668180645577653,23.9229931977811,23.825036890414452,40.486826623682866,50.44377556302372,70.50323147311553,83.31693108497932,85.86624916126115,86.09527287500161,67.13093557020295,61.964576319644785
2024-07-08,83.9086057819226,70.7275057156706,64.2786118656495,66.53894381097095,67.30219004197691,65.77289547969555,52.577532052185305,48.14054138332892,76.76534865209028,74.43816665098025,70.7494561770158,69.82215987200857,60.358910808753116,70.7587316618714,69.15207808922524,74.36700159556331,78.51168489747894,81.82168686297322,90.55754346978479,91.0386881465067,90.43787713397803,90.44854992215674,76.26472567120935,72.82243744392332
2024-07-09,87.81578109136679,73.19344101158642,73.76908080781907,69.54434835137747,70.17962238198652,67.66561170046899,62.37097465100243,59.05148025773049,71.4870302341106,70.42777200878224,67.45240635197361,68.68313071105335,63.7603689161061,66.87407258264271,75.92777307967644,86.15347323499955,86.57796632059001,90.27759166715194,90.57041693391564,90.40918596987561,90.32235434712075,90.36975980313716,87.39994844751627,78.74354398660876
2024-07-10,89.77255958521968,79.46654393063329,75.2696173538044,72.93402749678141,79.27067073272211,69.9810540573858,64.79198771979132,59.42612143836589,79.93074408583156,82.64027344484853,79.82693996948912,73.06262484038875,54.89981507778283,73.0946520643411,88.25356004566008,89.38334169330531,89.80287721085801,91.52553343350677,91.73700020080167,91.59064066303196,91.76019794189347,91.7708755503219,90.95328969569744,88.57645248726946
2024-07-11,90.77076575380929,91.15970744906477,82.37593528193021,77.06396324480299,81.23033313563104,81.88298983254566,75.57292940917176,73.25186505877329,86.27322404246915,90.78787670153916,86.42995644078363,90.3223795702603,76.82903044878545,91.08704324914552,90.883953388339,91.22286783272901,90.70467409058702,91.27074478911199,91.08129414616043,91.18090296555114,91.47910198040015,91.11601200684467,90.68520445965511,90.63148386077599
2024-07-12,91.0377395934019,91.71015237921796,87.39655215306698,76.81871231138574,76.97269669833743,75.79826028365592,70.6140089919582,64.59271745557,91.00303885833235,91.85150409911132,90.48638161857069,89.1025190895627,70.24432330099988,75.82597751842843,87.81162559891104,84.17438324302013,81.38563166351234,85.60454471278157,86.95042150115518,90.96172387206035,91.19791038429011,91.59094254421434,86.38940099275713,83.3010394430538
2024-07-13,87.91087804181356,82.11387643661345,79.27628576724845,73.82454101256002,74.94267189703137,70.88781659817137,68.75980883975988,53.17461788384487,76.25432737217079,69.844701620159,66.00321689036898,60.65067756919491,51.5432481153807,57.23001909331706,65.6396730038597,66.28608774542637,68.6380357987238,69.66082723952286,86.64491506631484,87.81601876052856,89.0791596566788,89.54275512697744,80.78430118744438,79.27056978728768
2024-07-14,89.24791101214409,83.83002273312574,79.04645162862127,71.88428893096749,72.9622471767979,72.1905868384343,60.68302410864897,41.352064206533164,48.30314843739979,46.841989220652465,33.20143335623753,32.094830402227586,30.856224513447785,36.06348063491119,54.510023346651096,65.78731339199916,43.45777950097094,61.68382369963959,87.893496088392,89.54353628261096,89.67434703424105,89.78998244046126,79.20163356084758,79.8814680365472
2024-07-15,82.55422133459402,75.98365801851902,65.83639683868861,64.58987770792584,66.0068075907963,74.2956705589531,61.731075463226475,42.987108314195744,56.39712877687942,62.032467788406336,56.76846585234009,62.711596776983136,53.57381572262162,58.79249763425516,67.72796812922854,70.24104540791649,67.21468447565309,72.54628469931038,72.21940706821519,78.50585754835237,87.17954406136622,86.82212636300818,84.07030804311694,71.06857521232695
2024-07-16,81.98721254572287,77.16012368573426,72.30375860740595,67.68955816312345,74.80204601627835,74.12729050801445,66.41048402280047,59.23126677518151,73.05922127403751,77.9479484277503,71.89101025622938,62.74702675438957,53.69322315730261,67.4465614593203,77.54924615021758,80.62327204698849,79.35723552501734,81.11048617827608,89.76059741533813,90.7809332028405,91.01115206848182,91.05372104312721,90.61026725127647,89.61283756322038
2024-07-17,84.95546324427214,81.25920780898706,75.26752109960265,75.19631400426624,74.59882010769991,74.11250696682298,67.98637444155344,65.63901483898084,83.51641748220837,88.97889317522986,88.13381392719859,88.67702928429075,75.79951390286152,89.52174230456173,92.12372287962074,91.98150636441473,91.93007010158617,91.06945989295554,90.4565088786674,90.74217069897401,91.00195791990909,91.16976817754868,90.9423134257024,90.7998302208231
2024-07-18,90.74247835464811,89.72089978123239,81.44729450113726,71.17510791708403,71.1499812083646,72.69477971503564,66.43395604700402,61.48622481132408,90.5794988059663,90.78859921975256,89.56722852099693,88.19272523567331,71.5894362925978,86.03039632695396,90.66906645144468,90.63335311554945,90.69602898964432,90.80167907131863,90.67222395399415,91.36618956674832,91.34540519548082,90.92920053794563,90.99128807645995,89.93298978219417
2024-07-19,87.36897909164972,80.58959049173467,75.8423382973923,70.97723283068044,70.96031735887433,71.21850460406095,64.57614897410043,60.250264106931205,87.78123190551307,88.00219979592241,87.62486798559826,87.26124968482218,65.74498399416841,81.17150579250418,87.71814687912581,88.78574337389547,88.69555235826805,90.0536351137948,88.96474376242644,90.07638318006069,90.85436461482655,91.01559473977989,87.75059046125176,88.34110218122099
2024-07-20,89.76125146146777,86.8689466805136,84.7486450707907,73.01013199723755,73.34600860508408,73.60824148076547,67.16555124697602,54.042980981411255,71.09089615684447,70.99972359452546,67.46617218039944,58.13313544103919,60.20936636719657,66.6224731532133,82.30016234849539,85.77590392532403,78.44193189361168,82.90558864097696,90.51941757340713,91.24989306081325,91.2960499195221,91.35405717168089,90.07556047037315,88.46904425888043
2024-07-21,88.93352972628044,85.94946513930644,82.71195789838893,75.37276064685116,77.54869250148842,75.74826707041797,65.4600658899903,48.8301145766756,51.87335241624914,49.00213305536076,46.02586126673889,46.926008562131166,43.3721186976266,45.18335712147218,53.99183104347077,58.96377140048822,70.17285892997319,80.48425364090042,81.42799543563542,85.28565095462517,86.73411791829388,87.12293179593371,86.80930600761184,86.15107914148867
2024-07-22,88.54258781601112,85.4875105251496,82.57606722648204,80.85316119920134,76.59371049333708,81.54376730461142,77.67193841038566,74.37433335190879,81.6649180197777,78.70331276426674,72.71801195406256,70.49692631444591,64.36766159168766,70.4698173054376,73.00933557440094,75.54859380112785,75.99401114980152,85.42559935955165,88.26218744594445,89.06213861578789,89.8664508409255,89.38246988614932,88.62190268122654,88.26921545242439
2024-07-23,91.12323653212873,91.91121717165385,90.45780305283058,90.00513259437254,89.1526123694796,88.2206308526358,84.9344212607177,78.40200689453205,92.39530030672917,91.96079537264562,92.31356711576089,92.80368549971452,81.71685820223814,92.0530853509317,89.19525402845814,89.75414019282309,90.09406050281886,90.09031333635947,90.50874923970973,90.4684860330097,90.60071134218826,90.85755387390252,89.7472749557752,90.14774395176941
2024-07-24,89.86380143781136,89.4016420674372,87.71565022147486,82.33852020608184,83.63276421656012,78.33499200625535,74.50413300059539,66.25914525759647,88.01450889678495,90.20929823238642,89.39753694578339,86.31020917830601,70.98644826515303,86.1174664147799,87.70345551167786,89.94167140277752,88.46325939379675,90.32300514986949,90.20552427005242,90.56303251698019,90.74577562896415,90.69332264160492,90.50415335412802,88.18247174467953
2024-07-25,90.65502755224799,88.11434194219547,81.52005481730298,75.33417848023794,75.27464684265547,73.41512559569159,66.90419471695493,66.5706958203265,86.52638242960938,89.07669700756345,86.00671952458114,85.57086363458617,72.72947200242807,86.22807240123527,90.39690255407115,90.88817007725092,91.58332665736253,91.05214010189107,91.24769596632278,91.26331203555436,91.26659253048025,91.32605769367372,91.35983545587257,90.96758534335672
2024-07-26,91.69847415358458,92.00042158752433,91.7998882137982,83.89529163458116,83.06989575193079,78.42992836251707,73.96202862904292,68.6465849291895,88.19390421399973,90.92473462739576,91.35335087461256,90.46506100651516,73.9469941199117,74.90710940161489,89.92092630753591,89.94873868348873,90.27111634203499,90.68945906121174,90.55373807226265,90.5645050807309,90.59492064817624,90.47245446742025,90.44004065298546,90.73793563049922
2024-07-27,89.10129713737824,88.19458519926256,86.24502813597574,77.7864435083177,78.23359582597483,73.13377991298351,71.68109311743645,61.64548032592245,83.87775952891644,76.65892830837947,73.45514995809219,70.89752925955828,58.25138981225706,61.574714670754695,76.02809206671131,84.16696342551842,83.64798081525198,89.44270490564574,89.49280383753305,89.67446749057291,90.41147317760317,90.44444799745514,90.40715973067338,85.16141041163193
2024-07-28,90.61912405797233,90.15598471672587,87.35488949826777,82.76426133332538,77.48664612608897,73.10371237115854,70.15249861645452,61.56464887879007,78.58627341659225,65.92977674819261,61.567456618811285,50.22103433886707,35.722820094139166,47.67103976195113,59.131065778345516,64.98997336099798,67.60211740364917,75.20061585317367,81.36160905099422,89.04113967956718,89.67551048043738,90.2441096467853,86.98397503606665,81.81791777709657
2024-07-29,84.69715435483326,79.25177916663274,79.60672834330629,78.02792697638125,77.78456284827674,77.93835461899339,78.08376310909723,71.80468971269339,80.34594310490519,82.64055525354604,82.39605378937851,79.09673642135407,71.50320706135788,78.32467432103633,83.10122815850251,84.18986937330058,83.14205681767622,84.51582205679352,86.29606785354822,87.7744503139653,87.40309583593212,87.1743590154481,82.38121313847861,82.11567005719168
2024-07-30,81.79252425559677,80.00436328200362,78.89907505421472,76.55777980059489,75.84798133249092,74.59975626260028,71.19288147174011,57.973160716098626,76.02888809549792,83.61468211309368,80.99941824451324,79.2912125792092,66.77033326916178,77.88788774171097,80.06538648304979,78.13991425603761,81.64595035397105,91.41667816321946,91.39017306263322,91.53288196324286,91.67072556174163,91.39761215487071,90.54813887068482,88.00884087935061
2024-07-31,89.09374406193629,88.50262479188267,83.31143318274013,76.695051261672,76.03894136266901,71.79312756330268,66.53416830093607,60.291128152991234,86.07097295239848,87.23880622829958,78.93774636163255,77.02932493592239,68.38142414848541,75.91690348840419,79.05795420341279,82.17614716729727,82.55975617602752,87.80280790505854,90.66365539878936,91.30586587232712,91.33312272225149,90.47493875366804,86.46022336164782,81.98742464550585
